dataset_a	dataset_b	similarity_metric	scale_variant	peer_cap_order	peer_cap_label	summary_level	metric	value_col	mean	ci_low	ci_high	ci_half_width	ci_method	ci_status	ci_level	n_bootstrap_iterations	n_bootstrap_valid	n_rows	n_finite_rows	n_compounds	cluster_col	inner_strata	outer_strata	uncertainty_scope
cigs_mce	cigs_tcm	cosine	raw	0	all	retrieval_peer_sensitivity_dataset_pair	delta_vs_source_peer_normalized_rank	delta_vs_source_peer_normalized_rank	-0.0361053158398814	-0.051992713346289	-0.0206485702987728	0.015672071523758	bca	ok	0.95	2000	2000	11042	11042	974	query_pubchem_cid	direction,cell_type,time_key	direction	95% BCa bootstrap CI clustered by PubChem compound; uncertainty is over the observed compound panel, not broader chemical space.
cigs_mce	cigs_tcm	cosine	raw	0	all	retrieval_peer_sensitivity_dataset_pair	delta_vs_target_peer_normalized_rank	delta_vs_target_peer_normalized_rank	0.0749061453181412	0.060362421366187	0.0887328809363955	0.0141852297851042	bca	ok	0.95	2000	2000	11042	11042	974	query_pubchem_cid	direction,cell_type,time_key	direction	95% BCa bootstrap CI clustered by PubChem compound; uncertainty is over the observed compound panel, not broader chemical space.
cigs_mce	cigs_tcm	cosine	raw	0	all	retrieval_peer_sensitivity_dataset_pair	source_individual_corrected_percentile	source_individual_corrected_percentile	0.4552755054758611	0.4435913493500759	0.4680392267152876	0.0122239386826058	bca	ok	0.95	2000	2000	11042	11042	974	query_pubchem_cid	direction,cell_type,time_key	direction	95% BCa bootstrap CI clustered by PubChem compound; uncertainty is over the observed compound panel, not broader chemical space.
cigs_mce	cigs_tcm	cosine	raw	0	all	retrieval_peer_sensitivity_dataset_pair	source_individual_fraction_below_observed	source_individual_fraction_below_observed	0.4549992569617093	0.4423162560799064	0.4671788773167865	0.01243131061844	bca	ok	0.95	2000	2000	11042	11042	974	query_pubchem_cid	direction,cell_type,time_key	direction	95% BCa bootstrap CI clustered by PubChem compound; uncertainty is over the observed compound panel, not broader chemical space.
cigs_mce	cigs_tcm	cosine	raw	0	all	retrieval_peer_sensitivity_dataset_pair	source_individual_mean_similarity	source_individual_mean_similarity	0.0366798310179603	0.0355047405619151	0.0379632492529926	0.0012292543455387	bca	ok	0.95	2000	2000	11042	11042	974	query_pubchem_cid	direction,cell_type,time_key	direction	95% BCa bootstrap CI clustered by PubChem compound; uncertainty is over the observed compound panel, not broader chemical space.
cigs_mce	cigs_tcm	cosine	raw	0	all	retrieval_peer_sensitivity_dataset_pair	source_individual_n_peers	source_individual_n_peers	2828.199519074629	2821.163197006153	2832.3605538575075	5.598678425677008	bca	ok	0.95	2000	2000	11042	11042	974	query_pubchem_cid	direction,cell_type,time_key	direction	95% BCa bootstrap CI clustered by PubChem compound; uncertainty is over the observed compound panel, not broader chemical space.
cigs_mce	cigs_tcm	cosine	raw	0	all	retrieval_peer_sensitivity_dataset_pair	source_individual_sd_similarity	source_individual_sd_similarity	0.0789693894464173	0.0781088549537178	0.0798235457285564	0.0008573453874193	bca	ok	0.95	2000	2000	11042	11042	974	query_pubchem_cid	direction,cell_type,time_key	direction	95% BCa bootstrap CI clustered by PubChem compound; uncertainty is over the observed compound panel, not broader chemical space.
cigs_mce	cigs_tcm	cosine	raw	0	all	retrieval_peer_sensitivity_dataset_pair	source_peer_normalized_rank	source_peer_normalized_rank	0.6123461574201169	0.6085432488539356	0.6157450026682348	0.0036008769071496	bca	ok	0.95	2000	2000	11042	11042	974	query_pubchem_cid	direction,cell_type,time_key	direction	95% BCa bootstrap CI clustered by PubChem compound; uncertainty is over the observed compound panel, not broader chemical space.
cigs_mce	cigs_tcm	cosine	raw	0	all	retrieval_peer_sensitivity_dataset_pair	target_individual_corrected_percentile	target_individual_corrected_percentile	0.5757892176601429	0.5618830691349557	0.5901644161158153	0.0141406734904298	bca	ok	0.95	2000	2000	11042	11042	974	query_pubchem_cid	direction,cell_type,time_key	direction	95% BCa bootstrap CI clustered by PubChem compound; uncertainty is over the observed compound panel, not broader chemical space.
cigs_mce	cigs_tcm	cosine	raw	0	all	retrieval_peer_sensitivity_dataset_pair	target_individual_fraction_below_observed	target_individual_fraction_below_observed	0.5755737966033808	0.5609696363233875	0.5897619328830055	0.014396148279809	bca	ok	0.95	2000	2000	11042	11042	974	query_pubchem_cid	direction,cell_type,time_key	direction	95% BCa bootstrap CI clustered by PubChem compound; uncertainty is over the observed compound panel, not broader chemical space.
cigs_mce	cigs_tcm	cosine	raw	0	all	retrieval_peer_sensitivity_dataset_pair	target_individual_mean_similarity	target_individual_mean_similarity	0.0024984334716644	0.0018583142012343	0.0034006392856701	0.0007711625422178	bca	ok	0.95	2000	2000	11042	11042	974	query_pubchem_cid	direction,cell_type,time_key	direction	95% BCa bootstrap CI clustered by PubChem compound; uncertainty is over the observed compound panel, not broader chemical space.
cigs_mce	cigs_tcm	cosine	raw	0	all	retrieval_peer_sensitivity_dataset_pair	target_individual_n_peers	target_individual_n_peers	2827.5971715623737	2820.886434986903	2832.146510113294	5.630037563195401	bca	ok	0.95	2000	2000	11042	11042	974	query_pubchem_cid	direction,cell_type,time_key	direction	95% BCa bootstrap CI clustered by PubChem compound; uncertainty is over the observed compound panel, not broader chemical space.
cigs_mce	cigs_tcm	cosine	raw	0	all	retrieval_peer_sensitivity_dataset_pair	target_individual_sd_similarity	target_individual_sd_similarity	0.0379548980136881	0.0374800876747893	0.0386130293573009	0.0005664708412558	bca	ok	0.95	2000	2000	11042	11042	974	query_pubchem_cid	direction,cell_type,time_key	direction	95% BCa bootstrap CI clustered by PubChem compound; uncertainty is over the observed compound panel, not broader chemical space.
cigs_mce	cigs_tcm	cosine	raw	0	all	retrieval_peer_sensitivity_dataset_pair	target_peer_normalized_rank	target_peer_normalized_rank	0.5013346962620946	0.5007347523474216	0.50216405335307	0.0007146505028242	bca	ok	0.95	2000	2000	11042	11042	974	query_pubchem_cid	direction,cell_type,time_key	direction	95% BCa bootstrap CI clustered by PubChem compound; uncertainty is over the observed compound panel, not broader chemical space.
cigs_mce	cigs_tcm	spearman	raw	0	all	retrieval_peer_sensitivity_dataset_pair	delta_vs_source_peer_normalized_rank	delta_vs_source_peer_normalized_rank	-0.036391100432245	-0.0522227844147679	-0.0203361881626437	0.0159432981260621	bca	ok	0.95	2000	2000	11042	11042	974	query_pubchem_cid	direction,cell_type,time_key	direction	95% BCa bootstrap CI clustered by PubChem compound; uncertainty is over the observed compound panel, not broader chemical space.
cigs_mce	cigs_tcm	spearman	raw	0	all	retrieval_peer_sensitivity_dataset_pair	delta_vs_target_peer_normalized_rank	delta_vs_target_peer_normalized_rank	0.0795541757713177	0.0651273677387423	0.0925555897924979	0.0137141110268777	bca	ok	0.95	2000	2000	11042	11042	974	query_pubchem_cid	direction,cell_type,time_key	direction	95% BCa bootstrap CI clustered by PubChem compound; uncertainty is over the observed compound panel, not broader chemical space.
cigs_mce	cigs_tcm	spearman	raw	0	all	retrieval_peer_sensitivity_dataset_pair	source_individual_corrected_percentile	source_individual_corrected_percentile	0.4534486565606865	0.4402648279865714	0.4658991313881905	0.0128171517008095	bca	ok	0.95	2000	2000	11042	11042	974	query_pubchem_cid	direction,cell_type,time_key	direction	95% BCa bootstrap CI clustered by PubChem compound; uncertainty is over the observed compound panel, not broader chemical space.
cigs_mce	cigs_tcm	spearman	raw	0	all	retrieval_peer_sensitivity_dataset_pair	source_individual_fraction_below_observed	source_individual_fraction_below_observed	0.4531731917875883	0.4408645426636288	0.4654552039840596	0.0122953306602154	bca	ok	0.95	2000	2000	11042	11042	974	query_pubchem_cid	direction,cell_type,time_key	direction	95% BCa bootstrap CI clustered by PubChem compound; uncertainty is over the observed compound panel, not broader chemical space.
cigs_mce	cigs_tcm	spearman	raw	0	all	retrieval_peer_sensitivity_dataset_pair	source_individual_mean_similarity	source_individual_mean_similarity	0.0346174610704724	0.033557300199962	0.0356833807089939	0.0010630402545159	bca	ok	0.95	2000	2000	11042	11042	974	query_pubchem_cid	direction,cell_type,time_key	direction	95% BCa bootstrap CI clustered by PubChem compound; uncertainty is over the observed compound panel, not broader chemical space.
cigs_mce	cigs_tcm	spearman	raw	0	all	retrieval_peer_sensitivity_dataset_pair	source_individual_n_peers	source_individual_n_peers	2828.199519074629	2821.4685489047856	2832.6981700348856	5.614810565049993	bca	ok	0.95	2000	2000	11042	11042	974	query_pubchem_cid	direction,cell_type,time_key	direction	95% BCa bootstrap CI clustered by PubChem compound; uncertainty is over the observed compound panel, not broader chemical space.
cigs_mce	cigs_tcm	spearman	raw	0	all	retrieval_peer_sensitivity_dataset_pair	source_individual_sd_similarity	source_individual_sd_similarity	0.0796668537223911	0.0787938167804282	0.0805657663860479	0.0008859748028098	bca	ok	0.95	2000	2000	11042	11042	974	query_pubchem_cid	direction,cell_type,time_key	direction	95% BCa bootstrap CI clustered by PubChem compound; uncertainty is over the observed compound panel, not broader chemical space.
cigs_mce	cigs_tcm	spearman	raw	0	all	retrieval_peer_sensitivity_dataset_pair	source_peer_normalized_rank	source_peer_normalized_rank	0.6173293277207308	0.6137329768547048	0.6208410925398696	0.0035540578425823	bca	ok	0.95	2000	2000	11042	11042	974	query_pubchem_cid	direction,cell_type,time_key	direction	95% BCa bootstrap CI clustered by PubChem compound; uncertainty is over the observed compound panel, not broader chemical space.
cigs_mce	cigs_tcm	spearman	raw	0	all	retrieval_peer_sensitivity_dataset_pair	target_individual_corrected_percentile	target_individual_corrected_percentile	0.5803125949565267	0.5660443735796187	0.5942322621352281	0.0140939442778046	bca	ok	0.95	2000	2000	11042	11042	974	query_pubchem_cid	direction,cell_type,time_key	direction	95% BCa bootstrap CI clustered by PubChem compound; uncertainty is over the observed compound panel, not broader chemical space.
cigs_mce	cigs_tcm	spearman	raw	0	all	retrieval_peer_sensitivity_dataset_pair	target_individual_fraction_below_observed	target_individual_fraction_below_observed	0.5801024377485292	0.5660465391300199	0.5941445288394822	0.0140489948547311	bca	ok	0.95	2000	2000	11042	11042	974	query_pubchem_cid	direction,cell_type,time_key	direction	95% BCa bootstrap CI clustered by PubChem compound; uncertainty is over the observed compound panel, not broader chemical space.
cigs_mce	cigs_tcm	spearman	raw	0	all	retrieval_peer_sensitivity_dataset_pair	target_individual_mean_similarity	target_individual_mean_similarity	0.0020565569466516	0.0014664339981692	0.0028010591500834	0.0006673125759571	bca	ok	0.95	2000	2000	11042	11042	974	query_pubchem_cid	direction,cell_type,time_key	direction	95% BCa bootstrap CI clustered by PubChem compound; uncertainty is over the observed compound panel, not broader chemical space.
cigs_mce	cigs_tcm	spearman	raw	0	all	retrieval_peer_sensitivity_dataset_pair	target_individual_n_peers	target_individual_n_peers	2827.5971715623737	2820.743669970478	2831.894112368991	5.575221199256475	bca	ok	0.95	2000	2000	11042	11042	974	query_pubchem_cid	direction,cell_type,time_key	direction	95% BCa bootstrap CI clustered by PubChem compound; uncertainty is over the observed compound panel, not broader chemical space.
cigs_mce	cigs_tcm	spearman	raw	0	all	retrieval_peer_sensitivity_dataset_pair	target_individual_sd_similarity	target_individual_sd_similarity	0.0357520675993848	0.0352793519657002	0.0363571265635881	0.0005388872989439	bca	ok	0.95	2000	2000	11042	11042	974	query_pubchem_cid	direction,cell_type,time_key	direction	95% BCa bootstrap CI clustered by PubChem compound; uncertainty is over the observed compound panel, not broader chemical space.
cigs_mce	cigs_tcm	spearman	raw	0	all	retrieval_peer_sensitivity_dataset_pair	target_peer_normalized_rank	target_peer_normalized_rank	0.5013840515171677	0.5008458686776358	0.5021216439390662	0.0006378876307152	bca	ok	0.95	2000	2000	11042	11042	974	query_pubchem_cid	direction,cell_type,time_key	direction	95% BCa bootstrap CI clustered by PubChem compound; uncertainty is over the observed compound panel, not broader chemical space.
l1000_phase1	cigs_mce	cosine	raw	0	all	retrieval_peer_sensitivity_dataset_pair	delta_vs_source_peer_normalized_rank	delta_vs_source_peer_normalized_rank	-0.106123229546666	-0.1868666808107195	-0.0166424358783438	0.0851121224661878	bca	ok	0.95	2000	2000	855	855	124	query_pubchem_cid	direction,cell_type,time_key	direction	95% BCa bootstrap CI clustered by PubChem compound; uncertainty is over the observed compound panel, not broader chemical space.
l1000_phase1	cigs_mce	cosine	raw	0	all	retrieval_peer_sensitivity_dataset_pair	delta_vs_target_peer_normalized_rank	delta_vs_target_peer_normalized_rank	0.092671690010062	0.0237385879472095	0.1742770757804802	0.0752692439166353	bca	ok	0.95	2000	2000	855	855	124	query_pubchem_cid	direction,cell_type,time_key	direction	95% BCa bootstrap CI clustered by PubChem compound; uncertainty is over the observed compound panel, not broader chemical space.
l1000_phase1	cigs_mce	cosine	raw	0	all	retrieval_peer_sensitivity_dataset_pair	source_individual_corrected_percentile	source_individual_corrected_percentile	0.3967078921884859	0.3506243317094339	0.5009922552695677	0.0751839617800668	bca	ok	0.95	2000	2000	855	855	124	query_pubchem_cid	direction,cell_type,time_key	direction	95% BCa bootstrap CI clustered by PubChem compound; uncertainty is over the observed compound panel, not broader chemical space.
l1000_phase1	cigs_mce	cosine	raw	0	all	retrieval_peer_sensitivity_dataset_pair	source_individual_fraction_below_observed	source_individual_fraction_below_observed	0.394353100816421	0.3511229026478172	0.4890713961721496	0.0689742467621662	bca	ok	0.95	2000	2000	855	855	124	query_pubchem_cid	direction,cell_type,time_key	direction	95% BCa bootstrap CI clustered by PubChem compound; uncertainty is over the observed compound panel, not broader chemical space.
l1000_phase1	cigs_mce	cosine	raw	0	all	retrieval_peer_sensitivity_dataset_pair	source_individual_mean_similarity	source_individual_mean_similarity	0.1674360254831745	0.1456510908462923	0.1824323384891412	0.0183906238214244	bca	ok	0.95	2000	2000	855	855	124	query_pubchem_cid	direction,cell_type,time_key	direction	95% BCa bootstrap CI clustered by PubChem compound; uncertainty is over the observed compound panel, not broader chemical space.
l1000_phase1	cigs_mce	cosine	raw	0	all	retrieval_peer_sensitivity_dataset_pair	source_individual_n_peers	source_individual_n_peers	1600.9619885103812	1599.7873078144223	1601.2768549135826	0.7447735495800316	bca	ok	0.95	2000	2000	855	855	124	query_pubchem_cid	direction,cell_type,time_key	direction	95% BCa bootstrap CI clustered by PubChem compound; uncertainty is over the observed compound panel, not broader chemical space.
l1000_phase1	cigs_mce	cosine	raw	0	all	retrieval_peer_sensitivity_dataset_pair	source_individual_sd_similarity	source_individual_sd_similarity	0.1310625659682239	0.1220088665980492	0.1405523376468228	0.0092717355243868	bca	ok	0.95	2000	2000	855	855	124	query_pubchem_cid	direction,cell_type,time_key	direction	95% BCa bootstrap CI clustered by PubChem compound; uncertainty is over the observed compound panel, not broader chemical space.
l1000_phase1	cigs_mce	cosine	raw	0	all	retrieval_peer_sensitivity_dataset_pair	source_peer_normalized_rank	source_peer_normalized_rank	0.731719715822476	0.7138850537194094	0.7508488906257238	0.0184819184531572	bca	ok	0.95	2000	2000	855	855	124	query_pubchem_cid	direction,cell_type,time_key	direction	95% BCa bootstrap CI clustered by PubChem compound; uncertainty is over the observed compound panel, not broader chemical space.
l1000_phase1	cigs_mce	cosine	raw	0	all	retrieval_peer_sensitivity_dataset_pair	target_individual_corrected_percentile	target_individual_corrected_percentile	0.6015172790225183	0.5346471330618667	0.6812775688525118	0.0733152178953225	bca	ok	0.95	2000	2000	855	855	124	query_pubchem_cid	direction,cell_type,time_key	direction	95% BCa bootstrap CI clustered by PubChem compound; uncertainty is over the observed compound panel, not broader chemical space.
l1000_phase1	cigs_mce	cosine	raw	0	all	retrieval_peer_sensitivity_dataset_pair	target_individual_fraction_below_observed	target_individual_fraction_below_observed	0.6001783223899292	0.5313371386097622	0.676872187939976	0.0727675246651069	bca	ok	0.95	2000	2000	855	855	124	query_pubchem_cid	direction,cell_type,time_key	direction	95% BCa bootstrap CI clustered by PubChem compound; uncertainty is over the observed compound panel, not broader chemical space.
l1000_phase1	cigs_mce	cosine	raw	0	all	retrieval_peer_sensitivity_dataset_pair	target_individual_mean_similarity	target_individual_mean_similarity	0.0333402944110443	0.0278169683466404	0.0386993786407168	0.0054412051470381	bca	ok	0.95	2000	2000	855	855	124	query_pubchem_cid	direction,cell_type,time_key	direction	95% BCa bootstrap CI clustered by PubChem compound; uncertainty is over the observed compound panel, not broader chemical space.
l1000_phase1	cigs_mce	cosine	raw	0	all	retrieval_peer_sensitivity_dataset_pair	target_individual_n_peers	target_individual_n_peers	1601.086844170242	1600.1481477382115	1601.373397557584	0.6126249096861329	bca	ok	0.95	2000	2000	855	855	124	query_pubchem_cid	direction,cell_type,time_key	direction	95% BCa bootstrap CI clustered by PubChem compound; uncertainty is over the observed compound panel, not broader chemical space.
l1000_phase1	cigs_mce	cosine	raw	0	all	retrieval_peer_sensitivity_dataset_pair	target_individual_sd_similarity	target_individual_sd_similarity	0.0532835224421406	0.0503972003684995	0.0563133769610561	0.0029580882962782	bca	ok	0.95	2000	2000	855	855	124	query_pubchem_cid	direction,cell_type,time_key	direction	95% BCa bootstrap CI clustered by PubChem compound; uncertainty is over the observed compound panel, not broader chemical space.
l1000_phase1	cigs_mce	cosine	raw	0	all	retrieval_peer_sensitivity_dataset_pair	target_peer_normalized_rank	target_peer_normalized_rank	0.5329247962657481	0.5292742494907774	0.5362413241232104	0.0034835373162164	bca	ok	0.95	2000	2000	855	855	124	query_pubchem_cid	direction,cell_type,time_key	direction	95% BCa bootstrap CI clustered by PubChem compound; uncertainty is over the observed compound panel, not broader chemical space.
l1000_phase1	cigs_mce	spearman	raw	0	all	retrieval_peer_sensitivity_dataset_pair	delta_vs_source_peer_normalized_rank	delta_vs_source_peer_normalized_rank	-0.1128786864885414	-0.1884444667402181	-0.0308027669518103	0.0788208498942038	bca	ok	0.95	2000	2000	855	855	124	query_pubchem_cid	direction,cell_type,time_key	direction	95% BCa bootstrap CI clustered by PubChem compound; uncertainty is over the observed compound panel, not broader chemical space.
l1000_phase1	cigs_mce	spearman	raw	0	all	retrieval_peer_sensitivity_dataset_pair	delta_vs_target_peer_normalized_rank	delta_vs_target_peer_normalized_rank	0.0866156577930483	0.0165910403104987	0.1591083384318526	0.0712586490606769	bca	ok	0.95	2000	2000	855	855	124	query_pubchem_cid	direction,cell_type,time_key	direction	95% BCa bootstrap CI clustered by PubChem compound; uncertainty is over the observed compound panel, not broader chemical space.
l1000_phase1	cigs_mce	spearman	raw	0	all	retrieval_peer_sensitivity_dataset_pair	source_individual_corrected_percentile	source_individual_corrected_percentile	0.3924763442029357	0.3411869675594275	0.472562611671805	0.0656878220561887	bca	ok	0.95	2000	2000	855	855	124	query_pubchem_cid	direction,cell_type,time_key	direction	95% BCa bootstrap CI clustered by PubChem compound; uncertainty is over the observed compound panel, not broader chemical space.
l1000_phase1	cigs_mce	spearman	raw	0	all	retrieval_peer_sensitivity_dataset_pair	source_individual_fraction_below_observed	source_individual_fraction_below_observed	0.3902012962204378	0.3372749041592061	0.4744448581569772	0.0685849769988855	bca	ok	0.95	2000	2000	855	855	124	query_pubchem_cid	direction,cell_type,time_key	direction	95% BCa bootstrap CI clustered by PubChem compound; uncertainty is over the observed compound panel, not broader chemical space.
l1000_phase1	cigs_mce	spearman	raw	0	all	retrieval_peer_sensitivity_dataset_pair	source_individual_mean_similarity	source_individual_mean_similarity	0.17094730827816	0.1451553158546384	0.1869997653998825	0.020922224772622	bca	ok	0.95	2000	2000	855	855	124	query_pubchem_cid	direction,cell_type,time_key	direction	95% BCa bootstrap CI clustered by PubChem compound; uncertainty is over the observed compound panel, not broader chemical space.
l1000_phase1	cigs_mce	spearman	raw	0	all	retrieval_peer_sensitivity_dataset_pair	source_individual_n_peers	source_individual_n_peers	1600.9619885103812	1600.0021930165813	1601.276738706474	0.6372728449464375	bca	ok	0.95	2000	2000	855	855	124	query_pubchem_cid	direction,cell_type,time_key	direction	95% BCa bootstrap CI clustered by PubChem compound; uncertainty is over the observed compound panel, not broader chemical space.
l1000_phase1	cigs_mce	spearman	raw	0	all	retrieval_peer_sensitivity_dataset_pair	source_individual_sd_similarity	source_individual_sd_similarity	0.1362504038828325	0.1242757200748651	0.1466304972785878	0.0111773886018613	bca	ok	0.95	2000	2000	855	855	124	query_pubchem_cid	direction,cell_type,time_key	direction	95% BCa bootstrap CI clustered by PubChem compound; uncertainty is over the observed compound panel, not broader chemical space.
l1000_phase1	cigs_mce	spearman	raw	0	all	retrieval_peer_sensitivity_dataset_pair	source_peer_normalized_rank	source_peer_normalized_rank	0.7305836213271364	0.7067364593513918	0.7515651194430153	0.0224143300458117	bca	ok	0.95	2000	2000	855	855	124	query_pubchem_cid	direction,cell_type,time_key	direction	95% BCa bootstrap CI clustered by PubChem compound; uncertainty is over the observed compound panel, not broader chemical space.
l1000_phase1	cigs_mce	spearman	raw	0	all	retrieval_peer_sensitivity_dataset_pair	target_individual_corrected_percentile	target_individual_corrected_percentile	0.5953576052783118	0.5287328680559584	0.6785353632795431	0.0749012476117923	bca	ok	0.95	2000	2000	855	855	124	query_pubchem_cid	direction,cell_type,time_key	direction	95% BCa bootstrap CI clustered by PubChem compound; uncertainty is over the observed compound panel, not broader chemical space.
l1000_phase1	cigs_mce	spearman	raw	0	all	retrieval_peer_sensitivity_dataset_pair	target_individual_fraction_below_observed	target_individual_fraction_below_observed	0.5939200729438188	0.5274987000053271	0.6737657719675367	0.0731335359811048	bca	ok	0.95	2000	2000	855	855	124	query_pubchem_cid	direction,cell_type,time_key	direction	95% BCa bootstrap CI clustered by PubChem compound; uncertainty is over the observed compound panel, not broader chemical space.
l1000_phase1	cigs_mce	spearman	raw	0	all	retrieval_peer_sensitivity_dataset_pair	target_individual_mean_similarity	target_individual_mean_similarity	0.0272997371783801	0.0222412410792295	0.0320358104099083	0.0048972846653394	bca	ok	0.95	2000	2000	855	855	124	query_pubchem_cid	direction,cell_type,time_key	direction	95% BCa bootstrap CI clustered by PubChem compound; uncertainty is over the observed compound panel, not broader chemical space.
l1000_phase1	cigs_mce	spearman	raw	0	all	retrieval_peer_sensitivity_dataset_pair	target_individual_n_peers	target_individual_n_peers	1601.086844170242	1600.0895976756078	1601.3638952613835	0.637148792887956	bca	ok	0.95	2000	2000	855	855	124	query_pubchem_cid	direction,cell_type,time_key	direction	95% BCa bootstrap CI clustered by PubChem compound; uncertainty is over the observed compound panel, not broader chemical space.
l1000_phase1	cigs_mce	spearman	raw	0	all	retrieval_peer_sensitivity_dataset_pair	target_individual_sd_similarity	target_individual_sd_similarity	0.0512962199125663	0.0486627890526854	0.0541460112446984	0.0027416110960065	bca	ok	0.95	2000	2000	855	855	124	query_pubchem_cid	direction,cell_type,time_key	direction	95% BCa bootstrap CI clustered by PubChem compound; uncertainty is over the observed compound panel, not broader chemical space.
l1000_phase1	cigs_mce	spearman	raw	0	all	retrieval_peer_sensitivity_dataset_pair	target_peer_normalized_rank	target_peer_normalized_rank	0.5310892770455465	0.5276560699579047	0.5341903118196079	0.0032671209308515	bca	ok	0.95	2000	2000	855	855	124	query_pubchem_cid	direction,cell_type,time_key	direction	95% BCa bootstrap CI clustered by PubChem compound; uncertainty is over the observed compound panel, not broader chemical space.
l1000_phase1	l1000_phase2	cosine	raw	0	all	retrieval_peer_sensitivity_dataset_pair	delta_vs_source_peer_normalized_rank	delta_vs_source_peer_normalized_rank	0.116802830662805	0.0673069772218338	0.1745061059200996	0.0535995643491328	bca	ok	0.95	2000	2000	21857	21576	257	query_pubchem_cid	direction,cell_type,time_key	direction	95% BCa bootstrap CI clustered by PubChem compound; uncertainty is over the observed compound panel, not broader chemical space.
l1000_phase1	l1000_phase2	cosine	raw	0	all	retrieval_peer_sensitivity_dataset_pair	delta_vs_target_peer_normalized_rank	delta_vs_target_peer_normalized_rank	0.2193925294681822	0.1784114673362223	0.2721982719515994	0.0468934023076885	bca	ok	0.95	2000	2000	21857	21442	257	query_pubchem_cid	direction,cell_type,time_key	direction	95% BCa bootstrap CI clustered by PubChem compound; uncertainty is over the observed compound panel, not broader chemical space.
l1000_phase1	l1000_phase2	cosine	raw	0	all	retrieval_peer_sensitivity_dataset_pair	source_individual_corrected_percentile	source_individual_corrected_percentile	0.638054832462064	0.5873811463396692	0.7072960269090877	0.0599574402847092	bca	ok	0.95	2000	2000	21857	21576	257	query_pubchem_cid	direction,cell_type,time_key	direction	95% BCa bootstrap CI clustered by PubChem compound; uncertainty is over the observed compound panel, not broader chemical space.
l1000_phase1	l1000_phase2	cosine	raw	0	all	retrieval_peer_sensitivity_dataset_pair	source_individual_fraction_below_observed	source_individual_fraction_below_observed	0.6298712428668467	0.5772052946698625	0.7019185388535669	0.0623566220918522	bca	ok	0.95	2000	2000	21857	21576	257	query_pubchem_cid	direction,cell_type,time_key	direction	95% BCa bootstrap CI clustered by PubChem compound; uncertainty is over the observed compound panel, not broader chemical space.
l1000_phase1	l1000_phase2	cosine	raw	0	all	retrieval_peer_sensitivity_dataset_pair	source_individual_mean_similarity	source_individual_mean_similarity	0.1320558248006401	0.1244378621974526	0.1410868797189351	0.0083245087607412	bca	ok	0.95	2000	2000	21857	21576	257	query_pubchem_cid	direction,cell_type,time_key	direction	95% BCa bootstrap CI clustered by PubChem compound; uncertainty is over the observed compound panel, not broader chemical space.
l1000_phase1	l1000_phase2	cosine	raw	0	all	retrieval_peer_sensitivity_dataset_pair	source_individual_n_peers	source_individual_n_peers	228.03093011686656	215.83497265420328	238.0734423118242	11.119234828810477	bca	ok	0.95	2000	2000	21857	21857	257	query_pubchem_cid	direction,cell_type,time_key	direction	95% BCa bootstrap CI clustered by PubChem compound; uncertainty is over the observed compound panel, not broader chemical space.
l1000_phase1	l1000_phase2	cosine	raw	0	all	retrieval_peer_sensitivity_dataset_pair	source_individual_sd_similarity	source_individual_sd_similarity	0.1397577921381512	0.134447181136444	0.1453200166712807	0.0054364177674183	bca	ok	0.95	2000	2000	21857	21573	257	query_pubchem_cid	direction,cell_type,time_key	direction	95% BCa bootstrap CI clustered by PubChem compound; uncertainty is over the observed compound panel, not broader chemical space.
l1000_phase1	l1000_phase2	cosine	raw	0	all	retrieval_peer_sensitivity_dataset_pair	source_peer_normalized_rank	source_peer_normalized_rank	0.6307438598461578	0.6198278375893285	0.6465086410815085	0.01334040174609	bca	ok	0.95	2000	2000	21857	21576	257	query_pubchem_cid	direction,cell_type,time_key	direction	95% BCa bootstrap CI clustered by PubChem compound; uncertainty is over the observed compound panel, not broader chemical space.
l1000_phase1	l1000_phase2	cosine	raw	0	all	retrieval_peer_sensitivity_dataset_pair	target_individual_corrected_percentile	target_individual_corrected_percentile	0.7459054891360608	0.7055627130280562	0.7923042495742103	0.043370768273077	bca	ok	0.95	2000	2000	21857	21442	257	query_pubchem_cid	direction,cell_type,time_key	direction	95% BCa bootstrap CI clustered by PubChem compound; uncertainty is over the observed compound panel, not broader chemical space.
l1000_phase1	l1000_phase2	cosine	raw	0	all	retrieval_peer_sensitivity_dataset_pair	target_individual_fraction_below_observed	target_individual_fraction_below_observed	0.7408832589415715	0.6994360097518239	0.7891417746033561	0.0448528824257661	bca	ok	0.95	2000	2000	21857	21442	257	query_pubchem_cid	direction,cell_type,time_key	direction	95% BCa bootstrap CI clustered by PubChem compound; uncertainty is over the observed compound panel, not broader chemical space.
l1000_phase1	l1000_phase2	cosine	raw	0	all	retrieval_peer_sensitivity_dataset_pair	target_individual_mean_similarity	target_individual_mean_similarity	0.0683609986301819	0.0589925448732863	0.079422444470877	0.0102149497987953	bca	ok	0.95	2000	2000	21857	21442	257	query_pubchem_cid	direction,cell_type,time_key	direction	95% BCa bootstrap CI clustered by PubChem compound; uncertainty is over the observed compound panel, not broader chemical space.
l1000_phase1	l1000_phase2	cosine	raw	0	all	retrieval_peer_sensitivity_dataset_pair	target_individual_n_peers	target_individual_n_peers	221.5625852702036	209.0662195719948	231.8051535215138	11.36946697475949	bca	ok	0.95	2000	2000	21857	21857	257	query_pubchem_cid	direction,cell_type,time_key	direction	95% BCa bootstrap CI clustered by PubChem compound; uncertainty is over the observed compound panel, not broader chemical space.
l1000_phase1	l1000_phase2	cosine	raw	0	all	retrieval_peer_sensitivity_dataset_pair	target_individual_sd_similarity	target_individual_sd_similarity	0.1125730160951459	0.1067237524587125	0.118721003882419	0.0059986257118532	bca	ok	0.95	2000	2000	21857	21438	257	query_pubchem_cid	direction,cell_type,time_key	direction	95% BCa bootstrap CI clustered by PubChem compound; uncertainty is over the observed compound panel, not broader chemical space.
l1000_phase1	l1000_phase2	cosine	raw	0	all	retrieval_peer_sensitivity_dataset_pair	target_peer_normalized_rank	target_peer_normalized_rank	0.5256603213110826	0.5172103930272296	0.5343540293967716	0.0085718181847709	bca	ok	0.95	2000	2000	21857	21442	257	query_pubchem_cid	direction,cell_type,time_key	direction	95% BCa bootstrap CI clustered by PubChem compound; uncertainty is over the observed compound panel, not broader chemical space.
l1000_phase1	l1000_phase2	spearman	raw	0	all	retrieval_peer_sensitivity_dataset_pair	delta_vs_source_peer_normalized_rank	delta_vs_source_peer_normalized_rank	0.1232794250203299	0.0748041064728543	0.1833435953914604	0.054269744459303	bca	ok	0.95	2000	2000	21857	21576	257	query_pubchem_cid	direction,cell_type,time_key	direction	95% BCa bootstrap CI clustered by PubChem compound; uncertainty is over the observed compound panel, not broader chemical space.
l1000_phase1	l1000_phase2	spearman	raw	0	all	retrieval_peer_sensitivity_dataset_pair	delta_vs_target_peer_normalized_rank	delta_vs_target_peer_normalized_rank	0.2315272696404864	0.1923956853988109	0.2738457179521217	0.0407250162766553	bca	ok	0.95	2000	2000	21857	21442	257	query_pubchem_cid	direction,cell_type,time_key	direction	95% BCa bootstrap CI clustered by PubChem compound; uncertainty is over the observed compound panel, not broader chemical space.
l1000_phase1	l1000_phase2	spearman	raw	0	all	retrieval_peer_sensitivity_dataset_pair	source_individual_corrected_percentile	source_individual_corrected_percentile	0.635889860920509	0.586492806100341	0.7092541274245252	0.061380660662092	bca	ok	0.95	2000	2000	21857	21576	257	query_pubchem_cid	direction,cell_type,time_key	direction	95% BCa bootstrap CI clustered by PubChem compound; uncertainty is over the observed compound panel, not broader chemical space.
l1000_phase1	l1000_phase2	spearman	raw	0	all	retrieval_peer_sensitivity_dataset_pair	source_individual_fraction_below_observed	source_individual_fraction_below_observed	0.6276154359842733	0.576961126862971	0.7037923116141687	0.0634155923755988	bca	ok	0.95	2000	2000	21857	21576	257	query_pubchem_cid	direction,cell_type,time_key	direction	95% BCa bootstrap CI clustered by PubChem compound; uncertainty is over the observed compound panel, not broader chemical space.
l1000_phase1	l1000_phase2	spearman	raw	0	all	retrieval_peer_sensitivity_dataset_pair	source_individual_mean_similarity	source_individual_mean_similarity	0.1352746853617652	0.1275359131727294	0.1419000815550195	0.007182084191145	bca	ok	0.95	2000	2000	21857	21576	257	query_pubchem_cid	direction,cell_type,time_key	direction	95% BCa bootstrap CI clustered by PubChem compound; uncertainty is over the observed compound panel, not broader chemical space.
l1000_phase1	l1000_phase2	spearman	raw	0	all	retrieval_peer_sensitivity_dataset_pair	source_individual_n_peers	source_individual_n_peers	228.03093011686656	216.4203804402321	237.64269791871263	10.61115873924028	bca	ok	0.95	2000	2000	21857	21857	257	query_pubchem_cid	direction,cell_type,time_key	direction	95% BCa bootstrap CI clustered by PubChem compound; uncertainty is over the observed compound panel, not broader chemical space.
l1000_phase1	l1000_phase2	spearman	raw	0	all	retrieval_peer_sensitivity_dataset_pair	source_individual_sd_similarity	source_individual_sd_similarity	0.1471290447056367	0.1420239755455868	0.1517623428797297	0.0048691836670714	bca	ok	0.95	2000	2000	21857	21573	257	query_pubchem_cid	direction,cell_type,time_key	direction	95% BCa bootstrap CI clustered by PubChem compound; uncertainty is over the observed compound panel, not broader chemical space.
l1000_phase1	l1000_phase2	spearman	raw	0	all	retrieval_peer_sensitivity_dataset_pair	source_peer_normalized_rank	source_peer_normalized_rank	0.6371849836373322	0.6225845162126193	0.6542338292208856	0.0158246565041331	bca	ok	0.95	2000	2000	21857	21576	257	query_pubchem_cid	direction,cell_type,time_key	direction	95% BCa bootstrap CI clustered by PubChem compound; uncertainty is over the observed compound panel, not broader chemical space.
l1000_phase1	l1000_phase2	spearman	raw	0	all	retrieval_peer_sensitivity_dataset_pair	target_individual_corrected_percentile	target_individual_corrected_percentile	0.7563814997782299	0.7156616247610231	0.8031834241667177	0.0437608997028473	bca	ok	0.95	2000	2000	21857	21442	257	query_pubchem_cid	direction,cell_type,time_key	direction	95% BCa bootstrap CI clustered by PubChem compound; uncertainty is over the observed compound panel, not broader chemical space.
l1000_phase1	l1000_phase2	spearman	raw	0	all	retrieval_peer_sensitivity_dataset_pair	target_individual_fraction_below_observed	target_individual_fraction_below_observed	0.751747195777965	0.7137898150089913	0.7964964068534421	0.0413532959222254	bca	ok	0.95	2000	2000	21857	21442	257	query_pubchem_cid	direction,cell_type,time_key	direction	95% BCa bootstrap CI clustered by PubChem compound; uncertainty is over the observed compound panel, not broader chemical space.
l1000_phase1	l1000_phase2	spearman	raw	0	all	retrieval_peer_sensitivity_dataset_pair	target_individual_mean_similarity	target_individual_mean_similarity	0.0689060725641958	0.0595159980623464	0.0792679976686182	0.0098759998031359	bca	ok	0.95	2000	2000	21857	21442	257	query_pubchem_cid	direction,cell_type,time_key	direction	95% BCa bootstrap CI clustered by PubChem compound; uncertainty is over the observed compound panel, not broader chemical space.
l1000_phase1	l1000_phase2	spearman	raw	0	all	retrieval_peer_sensitivity_dataset_pair	target_individual_n_peers	target_individual_n_peers	221.5625852702036	210.4404869312445	231.8535764428612	10.706544755808338	bca	ok	0.95	2000	2000	21857	21857	257	query_pubchem_cid	direction,cell_type,time_key	direction	95% BCa bootstrap CI clustered by PubChem compound; uncertainty is over the observed compound panel, not broader chemical space.
l1000_phase1	l1000_phase2	spearman	raw	0	all	retrieval_peer_sensitivity_dataset_pair	target_individual_sd_similarity	target_individual_sd_similarity	0.1202097379215152	0.1150784754907074	0.1258170427844572	0.0053692836468748	bca	ok	0.95	2000	2000	21857	21438	257	query_pubchem_cid	direction,cell_type,time_key	direction	95% BCa bootstrap CI clustered by PubChem compound; uncertainty is over the observed compound panel, not broader chemical space.
l1000_phase1	l1000_phase2	spearman	raw	0	all	retrieval_peer_sensitivity_dataset_pair	target_peer_normalized_rank	target_peer_normalized_rank	0.5263371464675703	0.5185487473528179	0.53294804259457	0.007199647620876	bca	ok	0.95	2000	2000	21857	21442	257	query_pubchem_cid	direction,cell_type,time_key	direction	95% BCa bootstrap CI clustered by PubChem compound; uncertainty is over the observed compound panel, not broader chemical space.
l1000_phase1	sciplex	cosine	raw	0	all	retrieval_peer_sensitivity_dataset_pair	delta_vs_source_peer_normalized_rank	delta_vs_source_peer_normalized_rank	-0.0185673861758496	-0.0640532484708557	0.0265305589297936	0.0452919037003246	bca	ok	0.95	2000	2000	1897	1876	90	query_pubchem_cid	direction,cell_type,time_key	direction	95% BCa bootstrap CI clustered by PubChem compound; uncertainty is over the observed compound panel, not broader chemical space.
l1000_phase1	sciplex	cosine	raw	0	all	retrieval_peer_sensitivity_dataset_pair	delta_vs_target_peer_normalized_rank	delta_vs_target_peer_normalized_rank	0.1231682400102096	0.069780494572623	0.1653082491678005	0.0477638772975887	bca	ok	0.95	2000	2000	1897	1887	90	query_pubchem_cid	direction,cell_type,time_key	direction	95% BCa bootstrap CI clustered by PubChem compound; uncertainty is over the observed compound panel, not broader chemical space.
l1000_phase1	sciplex	cosine	raw	0	all	retrieval_peer_sensitivity_dataset_pair	source_individual_corrected_percentile	source_individual_corrected_percentile	0.4682770324665241	0.4356018622764765	0.5179925001077967	0.04119531891566	bca	ok	0.95	2000	2000	1897	1876	90	query_pubchem_cid	direction,cell_type,time_key	direction	95% BCa bootstrap CI clustered by PubChem compound; uncertainty is over the observed compound panel, not broader chemical space.
l1000_phase1	sciplex	cosine	raw	0	all	retrieval_peer_sensitivity_dataset_pair	source_individual_fraction_below_observed	source_individual_fraction_below_observed	0.4621301531957683	0.4257113545090541	0.5104837964562018	0.0423862209735738	bca	ok	0.95	2000	2000	1897	1876	90	query_pubchem_cid	direction,cell_type,time_key	direction	95% BCa bootstrap CI clustered by PubChem compound; uncertainty is over the observed compound panel, not broader chemical space.
l1000_phase1	sciplex	cosine	raw	0	all	retrieval_peer_sensitivity_dataset_pair	source_individual_mean_similarity	source_individual_mean_similarity	0.1008397148343635	0.0893251105416216	0.1125149328566068	0.0115949111574926	bca	ok	0.95	2000	2000	1897	1876	90	query_pubchem_cid	direction,cell_type,time_key	direction	95% BCa bootstrap CI clustered by PubChem compound; uncertainty is over the observed compound panel, not broader chemical space.
l1000_phase1	sciplex	cosine	raw	0	all	retrieval_peer_sensitivity_dataset_pair	source_individual_n_peers	source_individual_n_peers	580.0352668113383	526.6552749268878	620.6091498756404	46.97693747437626	bca	ok	0.95	2000	2000	1897	1897	90	query_pubchem_cid	direction,cell_type,time_key	direction	95% BCa bootstrap CI clustered by PubChem compound; uncertainty is over the observed compound panel, not broader chemical space.
l1000_phase1	sciplex	cosine	raw	0	all	retrieval_peer_sensitivity_dataset_pair	source_individual_sd_similarity	source_individual_sd_similarity	0.1226453987488616	0.115027361717129	0.1331634513632967	0.0090680448230838	bca	ok	0.95	2000	2000	1897	1876	90	query_pubchem_cid	direction,cell_type,time_key	direction	95% BCa bootstrap CI clustered by PubChem compound; uncertainty is over the observed compound panel, not broader chemical space.
l1000_phase1	sciplex	cosine	raw	0	all	retrieval_peer_sensitivity_dataset_pair	source_peer_normalized_rank	source_peer_normalized_rank	0.6632987521817987	0.6462073076694788	0.6749331948901813	0.0143629436103512	bca	ok	0.95	2000	2000	1897	1876	90	query_pubchem_cid	direction,cell_type,time_key	direction	95% BCa bootstrap CI clustered by PubChem compound; uncertainty is over the observed compound panel, not broader chemical space.
l1000_phase1	sciplex	cosine	raw	0	all	retrieval_peer_sensitivity_dataset_pair	target_individual_corrected_percentile	target_individual_corrected_percentile	0.6401722633551045	0.5896663131262561	0.6874046834077706	0.0488691851407572	bca	ok	0.95	2000	2000	1897	1887	90	query_pubchem_cid	direction,cell_type,time_key	direction	95% BCa bootstrap CI clustered by PubChem compound; uncertainty is over the observed compound panel, not broader chemical space.
l1000_phase1	sciplex	cosine	raw	0	all	retrieval_peer_sensitivity_dataset_pair	target_individual_fraction_below_observed	target_individual_fraction_below_observed	0.6355248170642938	0.5846843145245536	0.6819945290835004	0.0486551072794734	bca	ok	0.95	2000	2000	1897	1887	90	query_pubchem_cid	direction,cell_type,time_key	direction	95% BCa bootstrap CI clustered by PubChem compound; uncertainty is over the observed compound panel, not broader chemical space.
l1000_phase1	sciplex	cosine	raw	0	all	retrieval_peer_sensitivity_dataset_pair	target_individual_mean_similarity	target_individual_mean_similarity	0.0377993193349468	0.0307524703699356	0.0449487977005778	0.007098163665321	bca	ok	0.95	2000	2000	1897	1887	90	query_pubchem_cid	direction,cell_type,time_key	direction	95% BCa bootstrap CI clustered by PubChem compound; uncertainty is over the observed compound panel, not broader chemical space.
l1000_phase1	sciplex	cosine	raw	0	all	retrieval_peer_sensitivity_dataset_pair	target_individual_n_peers	target_individual_n_peers	489.1751492803688	442.7444596506196	537.1491532660513	47.202346807715855	bca	ok	0.95	2000	2000	1897	1897	90	query_pubchem_cid	direction,cell_type,time_key	direction	95% BCa bootstrap CI clustered by PubChem compound; uncertainty is over the observed compound panel, not broader chemical space.
l1000_phase1	sciplex	cosine	raw	0	all	retrieval_peer_sensitivity_dataset_pair	target_individual_sd_similarity	target_individual_sd_similarity	0.0626179112559459	0.0561963168035094	0.0717372159543566	0.0077704495754236	bca	ok	0.95	2000	2000	1897	1887	90	query_pubchem_cid	direction,cell_type,time_key	direction	95% BCa bootstrap CI clustered by PubChem compound; uncertainty is over the observed compound panel, not broader chemical space.
l1000_phase1	sciplex	cosine	raw	0	all	retrieval_peer_sensitivity_dataset_pair	target_peer_normalized_rank	target_peer_normalized_rank	0.5220438468162494	0.5166578046059261	0.5268811099183179	0.0051116526561958	bca	ok	0.95	2000	2000	1897	1887	90	query_pubchem_cid	direction,cell_type,time_key	direction	95% BCa bootstrap CI clustered by PubChem compound; uncertainty is over the observed compound panel, not broader chemical space.
l1000_phase1	sciplex	spearman	raw	0	all	retrieval_peer_sensitivity_dataset_pair	delta_vs_source_peer_normalized_rank	delta_vs_source_peer_normalized_rank	-0.0243064124506296	-0.068258082117167	0.0215039732374474	0.0448810276773072	bca	ok	0.95	2000	2000	1897	1876	90	query_pubchem_cid	direction,cell_type,time_key	direction	95% BCa bootstrap CI clustered by PubChem compound; uncertainty is over the observed compound panel, not broader chemical space.
l1000_phase1	sciplex	spearman	raw	0	all	retrieval_peer_sensitivity_dataset_pair	delta_vs_target_peer_normalized_rank	delta_vs_target_peer_normalized_rank	0.1324486649865782	0.0760467380001274	0.174953483296864	0.0494533726483682	bca	ok	0.95	2000	2000	1897	1887	90	query_pubchem_cid	direction,cell_type,time_key	direction	95% BCa bootstrap CI clustered by PubChem compound; uncertainty is over the observed compound panel, not broader chemical space.
l1000_phase1	sciplex	spearman	raw	0	all	retrieval_peer_sensitivity_dataset_pair	source_individual_corrected_percentile	source_individual_corrected_percentile	0.4539296078400663	0.4145471019007024	0.5027251562641583	0.0440890271817279	bca	ok	0.95	2000	2000	1897	1876	90	query_pubchem_cid	direction,cell_type,time_key	direction	95% BCa bootstrap CI clustered by PubChem compound; uncertainty is over the observed compound panel, not broader chemical space.
l1000_phase1	sciplex	spearman	raw	0	all	retrieval_peer_sensitivity_dataset_pair	source_individual_fraction_below_observed	source_individual_fraction_below_observed	0.4478130131752822	0.4106793355527988	0.4989331381495278	0.0441269012983644	bca	ok	0.95	2000	2000	1897	1876	90	query_pubchem_cid	direction,cell_type,time_key	direction	95% BCa bootstrap CI clustered by PubChem compound; uncertainty is over the observed compound panel, not broader chemical space.
l1000_phase1	sciplex	spearman	raw	0	all	retrieval_peer_sensitivity_dataset_pair	source_individual_mean_similarity	source_individual_mean_similarity	0.1007260320813662	0.0885999174493734	0.112280699566535	0.0118403910585808	bca	ok	0.95	2000	2000	1897	1876	90	query_pubchem_cid	direction,cell_type,time_key	direction	95% BCa bootstrap CI clustered by PubChem compound; uncertainty is over the observed compound panel, not broader chemical space.
l1000_phase1	sciplex	spearman	raw	0	all	retrieval_peer_sensitivity_dataset_pair	source_individual_n_peers	source_individual_n_peers	580.0352668113383	529.5549468650771	621.6769228349549	46.06098798493889	bca	ok	0.95	2000	2000	1897	1897	90	query_pubchem_cid	direction,cell_type,time_key	direction	95% BCa bootstrap CI clustered by PubChem compound; uncertainty is over the observed compound panel, not broader chemical space.
l1000_phase1	sciplex	spearman	raw	0	all	retrieval_peer_sensitivity_dataset_pair	source_individual_sd_similarity	source_individual_sd_similarity	0.1193344513395795	0.1123516197697176	0.1301928089134818	0.008920594571882	bca	ok	0.95	2000	2000	1897	1876	90	query_pubchem_cid	direction,cell_type,time_key	direction	95% BCa bootstrap CI clustered by PubChem compound; uncertainty is over the observed compound panel, not broader chemical space.
l1000_phase1	sciplex	spearman	raw	0	all	retrieval_peer_sensitivity_dataset_pair	source_peer_normalized_rank	source_peer_normalized_rank	0.6745727808495667	0.6572285078613785	0.6878199527079091	0.0152957224232652	bca	ok	0.95	2000	2000	1897	1876	90	query_pubchem_cid	direction,cell_type,time_key	direction	95% BCa bootstrap CI clustered by PubChem compound; uncertainty is over the observed compound panel, not broader chemical space.
l1000_phase1	sciplex	spearman	raw	0	all	retrieval_peer_sensitivity_dataset_pair	target_individual_corrected_percentile	target_individual_corrected_percentile	0.6477741407177116	0.5972176568381277	0.6957568739999002	0.0492696085808862	bca	ok	0.95	2000	2000	1897	1887	90	query_pubchem_cid	direction,cell_type,time_key	direction	95% BCa bootstrap CI clustered by PubChem compound; uncertainty is over the observed compound panel, not broader chemical space.
l1000_phase1	sciplex	spearman	raw	0	all	retrieval_peer_sensitivity_dataset_pair	target_individual_fraction_below_observed	target_individual_fraction_below_observed	0.6429561015386129	0.5921967678071961	0.6925945893843689	0.0501989107885864	bca	ok	0.95	2000	2000	1897	1887	90	query_pubchem_cid	direction,cell_type,time_key	direction	95% BCa bootstrap CI clustered by PubChem compound; uncertainty is over the observed compound panel, not broader chemical space.
l1000_phase1	sciplex	spearman	raw	0	all	retrieval_peer_sensitivity_dataset_pair	target_individual_mean_similarity	target_individual_mean_similarity	0.0330154986879666	0.0272400037910615	0.0397281655814196	0.006244080895179	bca	ok	0.95	2000	2000	1897	1887	90	query_pubchem_cid	direction,cell_type,time_key	direction	95% BCa bootstrap CI clustered by PubChem compound; uncertainty is over the observed compound panel, not broader chemical space.
l1000_phase1	sciplex	spearman	raw	0	all	retrieval_peer_sensitivity_dataset_pair	target_individual_n_peers	target_individual_n_peers	489.1751492803688	440.6787602701624	540.3438538205941	49.83254677521586	bca	ok	0.95	2000	2000	1897	1897	90	query_pubchem_cid	direction,cell_type,time_key	direction	95% BCa bootstrap CI clustered by PubChem compound; uncertainty is over the observed compound panel, not broader chemical space.
l1000_phase1	sciplex	spearman	raw	0	all	retrieval_peer_sensitivity_dataset_pair	target_individual_sd_similarity	target_individual_sd_similarity	0.0588545532533197	0.0522765261443513	0.0684687514951233	0.0080961126753859	bca	ok	0.95	2000	2000	1897	1887	90	query_pubchem_cid	direction,cell_type,time_key	direction	95% BCa bootstrap CI clustered by PubChem compound; uncertainty is over the observed compound panel, not broader chemical space.
l1000_phase1	sciplex	spearman	raw	0	all	retrieval_peer_sensitivity_dataset_pair	target_peer_normalized_rank	target_peer_normalized_rank	0.5177262983668975	0.510873998994007	0.5236077309095423	0.0063668659577676	bca	ok	0.95	2000	2000	1897	1887	90	query_pubchem_cid	direction,cell_type,time_key	direction	95% BCa bootstrap CI clustered by PubChem compound; uncertainty is over the observed compound panel, not broader chemical space.
l1000_phase1	tahoe	cosine	raw	0	all	retrieval_peer_sensitivity_dataset_pair	delta_vs_source_peer_normalized_rank	delta_vs_source_peer_normalized_rank	-0.1295017831157225	-0.2037268543800552	-0.0589159483872109	0.0724054529964221	bca	ok	0.95	2000	2000	692	675	86	query_pubchem_cid	direction,cell_type,time_key	direction	95% BCa bootstrap CI clustered by PubChem compound; uncertainty is over the observed compound panel, not broader chemical space.
l1000_phase1	tahoe	cosine	raw	0	all	retrieval_peer_sensitivity_dataset_pair	delta_vs_target_peer_normalized_rank	delta_vs_target_peer_normalized_rank	0.1191982378838138	0.0417899919652247	0.1933998755728649	0.07580494180382	bca	ok	0.95	2000	2000	692	687	86	query_pubchem_cid	direction,cell_type,time_key	direction	95% BCa bootstrap CI clustered by PubChem compound; uncertainty is over the observed compound panel, not broader chemical space.
l1000_phase1	tahoe	cosine	raw	0	all	retrieval_peer_sensitivity_dataset_pair	source_individual_corrected_percentile	source_individual_corrected_percentile	0.3643982383711963	0.3018165197079398	0.4643854758439266	0.0812844780679933	bca	ok	0.95	2000	2000	692	675	86	query_pubchem_cid	direction,cell_type,time_key	direction	95% BCa bootstrap CI clustered by PubChem compound; uncertainty is over the observed compound panel, not broader chemical space.
l1000_phase1	tahoe	cosine	raw	0	all	retrieval_peer_sensitivity_dataset_pair	source_individual_fraction_below_observed	source_individual_fraction_below_observed	0.3499877239842583	0.2902521645536813	0.4471470441388641	0.0784474397925913	bca	ok	0.95	2000	2000	692	675	86	query_pubchem_cid	direction,cell_type,time_key	direction	95% BCa bootstrap CI clustered by PubChem compound; uncertainty is over the observed compound panel, not broader chemical space.
l1000_phase1	tahoe	cosine	raw	0	all	retrieval_peer_sensitivity_dataset_pair	source_individual_mean_similarity	source_individual_mean_similarity	0.1235365720056819	0.1116420035888882	0.1349861405601041	0.0116720684856079	bca	ok	0.95	2000	2000	692	675	86	query_pubchem_cid	direction,cell_type,time_key	direction	95% BCa bootstrap CI clustered by PubChem compound; uncertainty is over the observed compound panel, not broader chemical space.
l1000_phase1	tahoe	cosine	raw	0	all	retrieval_peer_sensitivity_dataset_pair	source_individual_n_peers	source_individual_n_peers	254.5253987074502	221.8062873682486	274.27276146905723	26.233237050404316	bca	ok	0.95	2000	2000	692	692	86	query_pubchem_cid	direction,cell_type,time_key	direction	95% BCa bootstrap CI clustered by PubChem compound; uncertainty is over the observed compound panel, not broader chemical space.
l1000_phase1	tahoe	cosine	raw	0	all	retrieval_peer_sensitivity_dataset_pair	source_individual_sd_similarity	source_individual_sd_similarity	0.1284698691534835	0.119334306437822	0.1379493299679588	0.0093075117650683	bca	ok	0.95	2000	2000	692	675	86	query_pubchem_cid	direction,cell_type,time_key	direction	95% BCa bootstrap CI clustered by PubChem compound; uncertainty is over the observed compound panel, not broader chemical space.
l1000_phase1	tahoe	cosine	raw	0	all	retrieval_peer_sensitivity_dataset_pair	source_peer_normalized_rank	source_peer_normalized_rank	0.7670363074969726	0.7355959519313364	0.7898451773993079	0.0271246127339857	bca	ok	0.95	2000	2000	692	675	86	query_pubchem_cid	direction,cell_type,time_key	direction	95% BCa bootstrap CI clustered by PubChem compound; uncertainty is over the observed compound panel, not broader chemical space.
l1000_phase1	tahoe	cosine	raw	0	all	retrieval_peer_sensitivity_dataset_pair	target_individual_corrected_percentile	target_individual_corrected_percentile	0.6406459787709213	0.5621037007262181	0.7244039584898443	0.0811501288818131	bca	ok	0.95	2000	2000	692	687	86	query_pubchem_cid	direction,cell_type,time_key	direction	95% BCa bootstrap CI clustered by PubChem compound; uncertainty is over the observed compound panel, not broader chemical space.
l1000_phase1	tahoe	cosine	raw	0	all	retrieval_peer_sensitivity_dataset_pair	target_individual_fraction_below_observed	target_individual_fraction_below_observed	0.6343817842253126	0.5588538750428275	0.7254445153179686	0.0832953201375705	bca	ok	0.95	2000	2000	692	687	86	query_pubchem_cid	direction,cell_type,time_key	direction	95% BCa bootstrap CI clustered by PubChem compound; uncertainty is over the observed compound panel, not broader chemical space.
l1000_phase1	tahoe	cosine	raw	0	all	retrieval_peer_sensitivity_dataset_pair	target_individual_mean_similarity	target_individual_mean_similarity	0.0065213592493481	0.0022042014171472	0.0105339143686238	0.0041648564757382	bca	ok	0.95	2000	2000	692	687	86	query_pubchem_cid	direction,cell_type,time_key	direction	95% BCa bootstrap CI clustered by PubChem compound; uncertainty is over the observed compound panel, not broader chemical space.
l1000_phase1	tahoe	cosine	raw	0	all	retrieval_peer_sensitivity_dataset_pair	target_individual_n_peers	target_individual_n_peers	252.84893210436925	223.6279788146589	275.4638557660507	25.917938475695905	bca	ok	0.95	2000	2000	692	692	86	query_pubchem_cid	direction,cell_type,time_key	direction	95% BCa bootstrap CI clustered by PubChem compound; uncertainty is over the observed compound panel, not broader chemical space.
l1000_phase1	tahoe	cosine	raw	0	all	retrieval_peer_sensitivity_dataset_pair	target_individual_sd_similarity	target_individual_sd_similarity	0.0519680567411555	0.0490675719675099	0.0552091848258426	0.0030708064291663	bca	ok	0.95	2000	2000	692	687	86	query_pubchem_cid	direction,cell_type,time_key	direction	95% BCa bootstrap CI clustered by PubChem compound; uncertainty is over the observed compound panel, not broader chemical space.
l1000_phase1	tahoe	cosine	raw	0	all	retrieval_peer_sensitivity_dataset_pair	target_peer_normalized_rank	target_peer_normalized_rank	0.5148569457895287	0.5045308324261468	0.5225598698536438	0.0090145187137484	bca	ok	0.95	2000	2000	692	687	86	query_pubchem_cid	direction,cell_type,time_key	direction	95% BCa bootstrap CI clustered by PubChem compound; uncertainty is over the observed compound panel, not broader chemical space.
l1000_phase1	tahoe	spearman	raw	0	all	retrieval_peer_sensitivity_dataset_pair	delta_vs_source_peer_normalized_rank	delta_vs_source_peer_normalized_rank	-0.1465675585175769	-0.2206252331793095	-0.0706975680172056	0.0749638325810519	bca	ok	0.95	2000	2000	692	675	86	query_pubchem_cid	direction,cell_type,time_key	direction	95% BCa bootstrap CI clustered by PubChem compound; uncertainty is over the observed compound panel, not broader chemical space.
l1000_phase1	tahoe	spearman	raw	0	all	retrieval_peer_sensitivity_dataset_pair	delta_vs_target_peer_normalized_rank	delta_vs_target_peer_normalized_rank	0.1200270705257253	0.0450993076818598	0.1987049143029103	0.0768028033105252	bca	ok	0.95	2000	2000	692	687	86	query_pubchem_cid	direction,cell_type,time_key	direction	95% BCa bootstrap CI clustered by PubChem compound; uncertainty is over the observed compound panel, not broader chemical space.
l1000_phase1	tahoe	spearman	raw	0	all	retrieval_peer_sensitivity_dataset_pair	source_individual_corrected_percentile	source_individual_corrected_percentile	0.336918494759297	0.2831972912880078	0.4312701137152742	0.0740364112136331	bca	ok	0.95	2000	2000	692	675	86	query_pubchem_cid	direction,cell_type,time_key	direction	95% BCa bootstrap CI clustered by PubChem compound; uncertainty is over the observed compound panel, not broader chemical space.
l1000_phase1	tahoe	spearman	raw	0	all	retrieval_peer_sensitivity_dataset_pair	source_individual_fraction_below_observed	source_individual_fraction_below_observed	0.3214602043825748	0.268325442079045	0.4255096538961372	0.0785921059085461	bca	ok	0.95	2000	2000	692	675	86	query_pubchem_cid	direction,cell_type,time_key	direction	95% BCa bootstrap CI clustered by PubChem compound; uncertainty is over the observed compound panel, not broader chemical space.
l1000_phase1	tahoe	spearman	raw	0	all	retrieval_peer_sensitivity_dataset_pair	source_individual_mean_similarity	source_individual_mean_similarity	0.1354797544544689	0.1224071995467455	0.1476484670923173	0.0126206337727858	bca	ok	0.95	2000	2000	692	675	86	query_pubchem_cid	direction,cell_type,time_key	direction	95% BCa bootstrap CI clustered by PubChem compound; uncertainty is over the observed compound panel, not broader chemical space.
l1000_phase1	tahoe	spearman	raw	0	all	retrieval_peer_sensitivity_dataset_pair	source_individual_n_peers	source_individual_n_peers	254.5253987074502	226.8305731612607	276.15315339302515	24.661290115882224	bca	ok	0.95	2000	2000	692	692	86	query_pubchem_cid	direction,cell_type,time_key	direction	95% BCa bootstrap CI clustered by PubChem compound; uncertainty is over the observed compound panel, not broader chemical space.
l1000_phase1	tahoe	spearman	raw	0	all	retrieval_peer_sensitivity_dataset_pair	source_individual_sd_similarity	source_individual_sd_similarity	0.13198816035771	0.1240473946504644	0.140793578698833	0.0083730920241842	bca	ok	0.95	2000	2000	692	675	86	query_pubchem_cid	direction,cell_type,time_key	direction	95% BCa bootstrap CI clustered by PubChem compound; uncertainty is over the observed compound panel, not broader chemical space.
l1000_phase1	tahoe	spearman	raw	0	all	retrieval_peer_sensitivity_dataset_pair	source_peer_normalized_rank	source_peer_normalized_rank	0.7811864677882496	0.7515145428297246	0.8047631757650155	0.0266243164676454	bca	ok	0.95	2000	2000	692	675	86	query_pubchem_cid	direction,cell_type,time_key	direction	95% BCa bootstrap CI clustered by PubChem compound; uncertainty is over the observed compound panel, not broader chemical space.
l1000_phase1	tahoe	spearman	raw	0	all	retrieval_peer_sensitivity_dataset_pair	target_individual_corrected_percentile	target_individual_corrected_percentile	0.6377980309205511	0.5650095789020096	0.7229043211064363	0.0789473711022133	bca	ok	0.95	2000	2000	692	687	86	query_pubchem_cid	direction,cell_type,time_key	direction	95% BCa bootstrap CI clustered by PubChem compound; uncertainty is over the observed compound panel, not broader chemical space.
l1000_phase1	tahoe	spearman	raw	0	all	retrieval_peer_sensitivity_dataset_pair	target_individual_fraction_below_observed	target_individual_fraction_below_observed	0.631469555031436	0.5604266129415113	0.7207391907279392	0.0801562888932139	bca	ok	0.95	2000	2000	692	687	86	query_pubchem_cid	direction,cell_type,time_key	direction	95% BCa bootstrap CI clustered by PubChem compound; uncertainty is over the observed compound panel, not broader chemical space.
l1000_phase1	tahoe	spearman	raw	0	all	retrieval_peer_sensitivity_dataset_pair	target_individual_mean_similarity	target_individual_mean_similarity	0.0051773762865627	0.0010721531646767	0.0090755780588069	0.004001712447065	bca	ok	0.95	2000	2000	692	687	86	query_pubchem_cid	direction,cell_type,time_key	direction	95% BCa bootstrap CI clustered by PubChem compound; uncertainty is over the observed compound panel, not broader chemical space.
l1000_phase1	tahoe	spearman	raw	0	all	retrieval_peer_sensitivity_dataset_pair	target_individual_n_peers	target_individual_n_peers	252.84893210436925	224.82622994316972	275.12604428107926	25.149907168954755	bca	ok	0.95	2000	2000	692	692	86	query_pubchem_cid	direction,cell_type,time_key	direction	95% BCa bootstrap CI clustered by PubChem compound; uncertainty is over the observed compound panel, not broader chemical space.
l1000_phase1	tahoe	spearman	raw	0	all	retrieval_peer_sensitivity_dataset_pair	target_individual_sd_similarity	target_individual_sd_similarity	0.0508257564552648	0.0482058969374165	0.0537479813718107	0.002771042217197	bca	ok	0.95	2000	2000	692	687	86	query_pubchem_cid	direction,cell_type,time_key	direction	95% BCa bootstrap CI clustered by PubChem compound; uncertainty is over the observed compound panel, not broader chemical space.
l1000_phase1	tahoe	spearman	raw	0	all	retrieval_peer_sensitivity_dataset_pair	target_peer_normalized_rank	target_peer_normalized_rank	0.5116420197039661	0.5018788725424546	0.519215932361501	0.0086685299095232	bca	ok	0.95	2000	2000	692	687	86	query_pubchem_cid	direction,cell_type,time_key	direction	95% BCa bootstrap CI clustered by PubChem compound; uncertainty is over the observed compound panel, not broader chemical space.
l1000_phase2	cigs_mce	cosine	raw	0	all	retrieval_peer_sensitivity_dataset_pair	delta_vs_source_peer_normalized_rank	delta_vs_source_peer_normalized_rank	0.1379866711243862	0.0587555569602006	0.1961608976074026	0.0687026703236009	bca	ok	0.95	2000	2000	372	372	68	query_pubchem_cid	direction,cell_type,time_key	direction	95% BCa bootstrap CI clustered by PubChem compound; uncertainty is over the observed compound panel, not broader chemical space.
l1000_phase2	cigs_mce	cosine	raw	0	all	retrieval_peer_sensitivity_dataset_pair	delta_vs_target_peer_normalized_rank	delta_vs_target_peer_normalized_rank	0.27392058541537	0.2039208909570103	0.3232666374966481	0.0596728732698188	bca	ok	0.95	2000	2000	372	372	68	query_pubchem_cid	direction,cell_type,time_key	direction	95% BCa bootstrap CI clustered by PubChem compound; uncertainty is over the observed compound panel, not broader chemical space.
l1000_phase2	cigs_mce	cosine	raw	0	all	retrieval_peer_sensitivity_dataset_pair	source_individual_corrected_percentile	source_individual_corrected_percentile	0.6156308435761363	0.5484748364456705	0.6797403777703074	0.0656327706623184	bca	ok	0.95	2000	2000	372	372	68	query_pubchem_cid	direction,cell_type,time_key	direction	95% BCa bootstrap CI clustered by PubChem compound; uncertainty is over the observed compound panel, not broader chemical space.
l1000_phase2	cigs_mce	cosine	raw	0	all	retrieval_peer_sensitivity_dataset_pair	source_individual_fraction_below_observed	source_individual_fraction_below_observed	0.6145772391543327	0.54550696237788	0.680356094968558	0.067424566295339	bca	ok	0.95	2000	2000	372	372	68	query_pubchem_cid	direction,cell_type,time_key	direction	95% BCa bootstrap CI clustered by PubChem compound; uncertainty is over the observed compound panel, not broader chemical space.
l1000_phase2	cigs_mce	cosine	raw	0	all	retrieval_peer_sensitivity_dataset_pair	source_individual_mean_similarity	source_individual_mean_similarity	0.190169304147095	0.1740045255388711	0.2054455029914759	0.0157204887263023	bca	ok	0.95	2000	2000	372	372	68	query_pubchem_cid	direction,cell_type,time_key	direction	95% BCa bootstrap CI clustered by PubChem compound; uncertainty is over the observed compound panel, not broader chemical space.
l1000_phase2	cigs_mce	cosine	raw	0	all	retrieval_peer_sensitivity_dataset_pair	source_individual_n_peers	source_individual_n_peers	1627.1673221515323	1626.9925122848	1627.411109267163	0.209298491181471	bca	ok	0.95	2000	2000	372	372	68	query_pubchem_cid	direction,cell_type,time_key	direction	95% BCa bootstrap CI clustered by PubChem compound; uncertainty is over the observed compound panel, not broader chemical space.
l1000_phase2	cigs_mce	cosine	raw	0	all	retrieval_peer_sensitivity_dataset_pair	source_individual_sd_similarity	source_individual_sd_similarity	0.1322324167144836	0.1255515408411647	0.138398406558442	0.0064234328586386	bca	ok	0.95	2000	2000	372	372	68	query_pubchem_cid	direction,cell_type,time_key	direction	95% BCa bootstrap CI clustered by PubChem compound; uncertainty is over the observed compound panel, not broader chemical space.
l1000_phase2	cigs_mce	cosine	raw	0	all	retrieval_peer_sensitivity_dataset_pair	source_peer_normalized_rank	source_peer_normalized_rank	0.7102925835812597	0.6921940131239127	0.7284089575704997	0.0181074722232935	bca	ok	0.95	2000	2000	372	372	68	query_pubchem_cid	direction,cell_type,time_key	direction	95% BCa bootstrap CI clustered by PubChem compound; uncertainty is over the observed compound panel, not broader chemical space.
l1000_phase2	cigs_mce	cosine	raw	0	all	retrieval_peer_sensitivity_dataset_pair	target_individual_corrected_percentile	target_individual_corrected_percentile	0.8210475818858581	0.7501790964733474	0.8771472828654981	0.0634840931960754	bca	ok	0.95	2000	2000	372	372	68	query_pubchem_cid	direction,cell_type,time_key	direction	95% BCa bootstrap CI clustered by PubChem compound; uncertainty is over the observed compound panel, not broader chemical space.
l1000_phase2	cigs_mce	cosine	raw	0	all	retrieval_peer_sensitivity_dataset_pair	target_individual_fraction_below_observed	target_individual_fraction_below_observed	0.8205893041220487	0.7510574022687577	0.8771720427006898	0.063057320215966	bca	ok	0.95	2000	2000	372	372	68	query_pubchem_cid	direction,cell_type,time_key	direction	95% BCa bootstrap CI clustered by PubChem compound; uncertainty is over the observed compound panel, not broader chemical space.
l1000_phase2	cigs_mce	cosine	raw	0	all	retrieval_peer_sensitivity_dataset_pair	target_individual_mean_similarity	target_individual_mean_similarity	0.092795320792337	0.0804213114087603	0.1049526864219396	0.0122656875065896	bca	ok	0.95	2000	2000	372	372	68	query_pubchem_cid	direction,cell_type,time_key	direction	95% BCa bootstrap CI clustered by PubChem compound; uncertainty is over the observed compound panel, not broader chemical space.
l1000_phase2	cigs_mce	cosine	raw	0	all	retrieval_peer_sensitivity_dataset_pair	target_individual_n_peers	target_individual_n_peers	1627.34997108155	1627.2017382507524	1627.637485785475	0.2178737673613113	bca	ok	0.95	2000	2000	372	372	68	query_pubchem_cid	direction,cell_type,time_key	direction	95% BCa bootstrap CI clustered by PubChem compound; uncertainty is over the observed compound panel, not broader chemical space.
l1000_phase2	cigs_mce	cosine	raw	0	all	retrieval_peer_sensitivity_dataset_pair	target_individual_sd_similarity	target_individual_sd_similarity	0.0767685529972193	0.0712529923175346	0.0824927042200989	0.0056198559512821	bca	ok	0.95	2000	2000	372	372	68	query_pubchem_cid	direction,cell_type,time_key	direction	95% BCa bootstrap CI clustered by PubChem compound; uncertainty is over the observed compound panel, not broader chemical space.
l1000_phase2	cigs_mce	cosine	raw	0	all	retrieval_peer_sensitivity_dataset_pair	target_peer_normalized_rank	target_peer_normalized_rank	0.5743586692902758	0.5675038124763444	0.5794060107104578	0.0059510991170567	bca	ok	0.95	2000	2000	372	372	68	query_pubchem_cid	direction,cell_type,time_key	direction	95% BCa bootstrap CI clustered by PubChem compound; uncertainty is over the observed compound panel, not broader chemical space.
l1000_phase2	cigs_mce	spearman	raw	0	all	retrieval_peer_sensitivity_dataset_pair	delta_vs_source_peer_normalized_rank	delta_vs_source_peer_normalized_rank	0.1145791946986548	0.0331413478954684	0.1798293044163338	0.0733439782604326	bca	ok	0.95	2000	2000	372	372	68	query_pubchem_cid	direction,cell_type,time_key	direction	95% BCa bootstrap CI clustered by PubChem compound; uncertainty is over the observed compound panel, not broader chemical space.
l1000_phase2	cigs_mce	spearman	raw	0	all	retrieval_peer_sensitivity_dataset_pair	delta_vs_target_peer_normalized_rank	delta_vs_target_peer_normalized_rank	0.2559854068363139	0.1920147595433175	0.3086928411317928	0.0583390407942376	bca	ok	0.95	2000	2000	372	372	68	query_pubchem_cid	direction,cell_type,time_key	direction	95% BCa bootstrap CI clustered by PubChem compound; uncertainty is over the observed compound panel, not broader chemical space.
l1000_phase2	cigs_mce	spearman	raw	0	all	retrieval_peer_sensitivity_dataset_pair	source_individual_corrected_percentile	source_individual_corrected_percentile	0.5850183855611173	0.5130022567984922	0.6512743323211895	0.0691360377613486	bca	ok	0.95	2000	2000	372	372	68	query_pubchem_cid	direction,cell_type,time_key	direction	95% BCa bootstrap CI clustered by PubChem compound; uncertainty is over the observed compound panel, not broader chemical space.
l1000_phase2	cigs_mce	spearman	raw	0	all	retrieval_peer_sensitivity_dataset_pair	source_individual_fraction_below_observed	source_individual_fraction_below_observed	0.5838698511881582	0.5115423339919347	0.6514083076586484	0.0699329868333568	bca	ok	0.95	2000	2000	372	372	68	query_pubchem_cid	direction,cell_type,time_key	direction	95% BCa bootstrap CI clustered by PubChem compound; uncertainty is over the observed compound panel, not broader chemical space.
l1000_phase2	cigs_mce	spearman	raw	0	all	retrieval_peer_sensitivity_dataset_pair	source_individual_mean_similarity	source_individual_mean_similarity	0.186115528216502	0.1697084227351638	0.2005168774147804	0.0154042273398083	bca	ok	0.95	2000	2000	372	372	68	query_pubchem_cid	direction,cell_type,time_key	direction	95% BCa bootstrap CI clustered by PubChem compound; uncertainty is over the observed compound panel, not broader chemical space.
l1000_phase2	cigs_mce	spearman	raw	0	all	retrieval_peer_sensitivity_dataset_pair	source_individual_n_peers	source_individual_n_peers	1627.1673221515323	1626.9985272026531	1627.4267521823208	0.2141124898337238	bca	ok	0.95	2000	2000	372	372	68	query_pubchem_cid	direction,cell_type,time_key	direction	95% BCa bootstrap CI clustered by PubChem compound; uncertainty is over the observed compound panel, not broader chemical space.
l1000_phase2	cigs_mce	spearman	raw	0	all	retrieval_peer_sensitivity_dataset_pair	source_individual_sd_similarity	source_individual_sd_similarity	0.1299231716158564	0.123171195003261	0.1359506024256758	0.0063897037112074	bca	ok	0.95	2000	2000	372	372	68	query_pubchem_cid	direction,cell_type,time_key	direction	95% BCa bootstrap CI clustered by PubChem compound; uncertainty is over the observed compound panel, not broader chemical space.
l1000_phase2	cigs_mce	spearman	raw	0	all	retrieval_peer_sensitivity_dataset_pair	source_peer_normalized_rank	source_peer_normalized_rank	0.7150559254389377	0.6941830111381321	0.7362938316457478	0.0210554102538078	bca	ok	0.95	2000	2000	372	372	68	query_pubchem_cid	direction,cell_type,time_key	direction	95% BCa bootstrap CI clustered by PubChem compound; uncertainty is over the observed compound panel, not broader chemical space.
l1000_phase2	cigs_mce	spearman	raw	0	all	retrieval_peer_sensitivity_dataset_pair	target_individual_corrected_percentile	target_individual_corrected_percentile	0.798474296881258	0.7262332729392202	0.8599639399584785	0.0668653335096291	bca	ok	0.95	2000	2000	372	372	68	query_pubchem_cid	direction,cell_type,time_key	direction	95% BCa bootstrap CI clustered by PubChem compound; uncertainty is over the observed compound panel, not broader chemical space.
l1000_phase2	cigs_mce	spearman	raw	0	all	retrieval_peer_sensitivity_dataset_pair	target_individual_fraction_below_observed	target_individual_fraction_below_observed	0.7979641073062076	0.7265849565187836	0.859647488584037	0.0665312660326266	bca	ok	0.95	2000	2000	372	372	68	query_pubchem_cid	direction,cell_type,time_key	direction	95% BCa bootstrap CI clustered by PubChem compound; uncertainty is over the observed compound panel, not broader chemical space.
l1000_phase2	cigs_mce	spearman	raw	0	all	retrieval_peer_sensitivity_dataset_pair	target_individual_mean_similarity	target_individual_mean_similarity	0.0830907076853268	0.071304986317341	0.0960274204491967	0.0123612170659278	bca	ok	0.95	2000	2000	372	372	68	query_pubchem_cid	direction,cell_type,time_key	direction	95% BCa bootstrap CI clustered by PubChem compound; uncertainty is over the observed compound panel, not broader chemical space.
l1000_phase2	cigs_mce	spearman	raw	0	all	retrieval_peer_sensitivity_dataset_pair	target_individual_n_peers	target_individual_n_peers	1627.34997108155	1627.205240743721	1627.6417273629838	0.2182433096313616	bca	ok	0.95	2000	2000	372	372	68	query_pubchem_cid	direction,cell_type,time_key	direction	95% BCa bootstrap CI clustered by PubChem compound; uncertainty is over the observed compound panel, not broader chemical space.
l1000_phase2	cigs_mce	spearman	raw	0	all	retrieval_peer_sensitivity_dataset_pair	target_individual_sd_similarity	target_individual_sd_similarity	0.076023113665833	0.0707990826248835	0.0814088811849395	0.005304899280028	bca	ok	0.95	2000	2000	372	372	68	query_pubchem_cid	direction,cell_type,time_key	direction	95% BCa bootstrap CI clustered by PubChem compound; uncertainty is over the observed compound panel, not broader chemical space.
l1000_phase2	cigs_mce	spearman	raw	0	all	retrieval_peer_sensitivity_dataset_pair	target_peer_normalized_rank	target_peer_normalized_rank	0.5736497133012786	0.5662038322177665	0.5785336310886365	0.006164899435435	bca	ok	0.95	2000	2000	372	372	68	query_pubchem_cid	direction,cell_type,time_key	direction	95% BCa bootstrap CI clustered by PubChem compound; uncertainty is over the observed compound panel, not broader chemical space.
l1000_phase2	sciplex	cosine	raw	0	all	retrieval_peer_sensitivity_dataset_pair	delta_vs_source_peer_normalized_rank	delta_vs_source_peer_normalized_rank	0.0859732762033188	0.0421040133053615	0.1325853782455586	0.0452406824700985	bca	ok	0.95	2000	2000	2323	2323	83	query_pubchem_cid	direction,cell_type,time_key	direction	95% BCa bootstrap CI clustered by PubChem compound; uncertainty is over the observed compound panel, not broader chemical space.
l1000_phase2	sciplex	cosine	raw	0	all	retrieval_peer_sensitivity_dataset_pair	delta_vs_target_peer_normalized_rank	delta_vs_target_peer_normalized_rank	0.1894220531656282	0.1434326783338417	0.2397789102055465	0.0481731159358524	bca	ok	0.95	2000	2000	2323	2323	83	query_pubchem_cid	direction,cell_type,time_key	direction	95% BCa bootstrap CI clustered by PubChem compound; uncertainty is over the observed compound panel, not broader chemical space.
l1000_phase2	sciplex	cosine	raw	0	all	retrieval_peer_sensitivity_dataset_pair	source_individual_corrected_percentile	source_individual_corrected_percentile	0.5635482596866017	0.5226504027075463	0.6099277954437226	0.0436386963680881	bca	ok	0.95	2000	2000	2323	2323	83	query_pubchem_cid	direction,cell_type,time_key	direction	95% BCa bootstrap CI clustered by PubChem compound; uncertainty is over the observed compound panel, not broader chemical space.
l1000_phase2	sciplex	cosine	raw	0	all	retrieval_peer_sensitivity_dataset_pair	source_individual_fraction_below_observed	source_individual_fraction_below_observed	0.561472916845887	0.5206199618476639	0.6049221730725203	0.0421511056124281	bca	ok	0.95	2000	2000	2323	2323	83	query_pubchem_cid	direction,cell_type,time_key	direction	95% BCa bootstrap CI clustered by PubChem compound; uncertainty is over the observed compound panel, not broader chemical space.
l1000_phase2	sciplex	cosine	raw	0	all	retrieval_peer_sensitivity_dataset_pair	source_individual_mean_similarity	source_individual_mean_similarity	0.0619495775876855	0.0550575537280193	0.0696723596324187	0.0073074029521996	bca	ok	0.95	2000	2000	2323	2323	83	query_pubchem_cid	direction,cell_type,time_key	direction	95% BCa bootstrap CI clustered by PubChem compound; uncertainty is over the observed compound panel, not broader chemical space.
l1000_phase2	sciplex	cosine	raw	0	all	retrieval_peer_sensitivity_dataset_pair	source_individual_n_peers	source_individual_n_peers	327.400734491121	320.9815623026419	332.6193624896033	5.818900093480693	bca	ok	0.95	2000	2000	2323	2323	83	query_pubchem_cid	direction,cell_type,time_key	direction	95% BCa bootstrap CI clustered by PubChem compound; uncertainty is over the observed compound panel, not broader chemical space.
l1000_phase2	sciplex	cosine	raw	0	all	retrieval_peer_sensitivity_dataset_pair	source_individual_sd_similarity	source_individual_sd_similarity	0.1056334014882402	0.1013541145563298	0.1105481361121931	0.0045970107779316	bca	ok	0.95	2000	2000	2323	2323	83	query_pubchem_cid	direction,cell_type,time_key	direction	95% BCa bootstrap CI clustered by PubChem compound; uncertainty is over the observed compound panel, not broader chemical space.
l1000_phase2	sciplex	cosine	raw	0	all	retrieval_peer_sensitivity_dataset_pair	source_peer_normalized_rank	source_peer_normalized_rank	0.6109343468544943	0.602742502021912	0.6181834052209346	0.0077204515995112	bca	ok	0.95	2000	2000	2323	2323	83	query_pubchem_cid	direction,cell_type,time_key	direction	95% BCa bootstrap CI clustered by PubChem compound; uncertainty is over the observed compound panel, not broader chemical space.
l1000_phase2	sciplex	cosine	raw	0	all	retrieval_peer_sensitivity_dataset_pair	target_individual_corrected_percentile	target_individual_corrected_percentile	0.6976117469273705	0.6509629536084987	0.74613576506894	0.0475864057302206	bca	ok	0.95	2000	2000	2323	2323	83	query_pubchem_cid	direction,cell_type,time_key	direction	95% BCa bootstrap CI clustered by PubChem compound; uncertainty is over the observed compound panel, not broader chemical space.
l1000_phase2	sciplex	cosine	raw	0	all	retrieval_peer_sensitivity_dataset_pair	target_individual_fraction_below_observed	target_individual_fraction_below_observed	0.6961368992375415	0.6518239169967155	0.7412232340880038	0.0446996585456441	bca	ok	0.95	2000	2000	2323	2323	83	query_pubchem_cid	direction,cell_type,time_key	direction	95% BCa bootstrap CI clustered by PubChem compound; uncertainty is over the observed compound panel, not broader chemical space.
l1000_phase2	sciplex	cosine	raw	0	all	retrieval_peer_sensitivity_dataset_pair	target_individual_mean_similarity	target_individual_mean_similarity	0.023543729951669	0.0189163381201954	0.0285623616855894	0.0048230117826969	bca	ok	0.95	2000	2000	2323	2323	83	query_pubchem_cid	direction,cell_type,time_key	direction	95% BCa bootstrap CI clustered by PubChem compound; uncertainty is over the observed compound panel, not broader chemical space.
l1000_phase2	sciplex	cosine	raw	0	all	retrieval_peer_sensitivity_dataset_pair	target_individual_n_peers	target_individual_n_peers	317.4165082021051	312.75315024563844	321.7397950074842	4.493322380922876	bca	ok	0.95	2000	2000	2323	2323	83	query_pubchem_cid	direction,cell_type,time_key	direction	95% BCa bootstrap CI clustered by PubChem compound; uncertainty is over the observed compound panel, not broader chemical space.
l1000_phase2	sciplex	cosine	raw	0	all	retrieval_peer_sensitivity_dataset_pair	target_individual_sd_similarity	target_individual_sd_similarity	0.0556738533820517	0.0517568060907706	0.060670342112573	0.0044567680109012	bca	ok	0.95	2000	2000	2323	2323	83	query_pubchem_cid	direction,cell_type,time_key	direction	95% BCa bootstrap CI clustered by PubChem compound; uncertainty is over the observed compound panel, not broader chemical space.
l1000_phase2	sciplex	cosine	raw	0	all	retrieval_peer_sensitivity_dataset_pair	target_peer_normalized_rank	target_peer_normalized_rank	0.507485569892185	0.5037759363316047	0.5113235347680481	0.0037737992182217	bca	ok	0.95	2000	2000	2323	2323	83	query_pubchem_cid	direction,cell_type,time_key	direction	95% BCa bootstrap CI clustered by PubChem compound; uncertainty is over the observed compound panel, not broader chemical space.
l1000_phase2	sciplex	spearman	raw	0	all	retrieval_peer_sensitivity_dataset_pair	delta_vs_source_peer_normalized_rank	delta_vs_source_peer_normalized_rank	0.075164245230911	0.0341078813492851	0.1241361752796453	0.04501414696518	bca	ok	0.95	2000	2000	2323	2323	83	query_pubchem_cid	direction,cell_type,time_key	direction	95% BCa bootstrap CI clustered by PubChem compound; uncertainty is over the observed compound panel, not broader chemical space.
l1000_phase2	sciplex	spearman	raw	0	all	retrieval_peer_sensitivity_dataset_pair	delta_vs_target_peer_normalized_rank	delta_vs_target_peer_normalized_rank	0.1935705366271401	0.1513585010122662	0.2408801895959025	0.0447608442918181	bca	ok	0.95	2000	2000	2323	2323	83	query_pubchem_cid	direction,cell_type,time_key	direction	95% BCa bootstrap CI clustered by PubChem compound; uncertainty is over the observed compound panel, not broader chemical space.
l1000_phase2	sciplex	spearman	raw	0	all	retrieval_peer_sensitivity_dataset_pair	source_individual_corrected_percentile	source_individual_corrected_percentile	0.550226937713666	0.5068875387806674	0.5968398717531633	0.0449761664862479	bca	ok	0.95	2000	2000	2323	2323	83	query_pubchem_cid	direction,cell_type,time_key	direction	95% BCa bootstrap CI clustered by PubChem compound; uncertainty is over the observed compound panel, not broader chemical space.
l1000_phase2	sciplex	spearman	raw	0	all	retrieval_peer_sensitivity_dataset_pair	source_individual_fraction_below_observed	source_individual_fraction_below_observed	0.5481087217313632	0.5064273901388979	0.59221337847988	0.042892994170491	bca	ok	0.95	2000	2000	2323	2323	83	query_pubchem_cid	direction,cell_type,time_key	direction	95% BCa bootstrap CI clustered by PubChem compound; uncertainty is over the observed compound panel, not broader chemical space.
l1000_phase2	sciplex	spearman	raw	0	all	retrieval_peer_sensitivity_dataset_pair	source_individual_mean_similarity	source_individual_mean_similarity	0.0646714913203607	0.0577392625948933	0.0713343303908517	0.0067975338979791	bca	ok	0.95	2000	2000	2323	2323	83	query_pubchem_cid	direction,cell_type,time_key	direction	95% BCa bootstrap CI clustered by PubChem compound; uncertainty is over the observed compound panel, not broader chemical space.
l1000_phase2	sciplex	spearman	raw	0	all	retrieval_peer_sensitivity_dataset_pair	source_individual_n_peers	source_individual_n_peers	327.400734491121	321.15133871237305	332.7902622982596	5.819461792943258	bca	ok	0.95	2000	2000	2323	2323	83	query_pubchem_cid	direction,cell_type,time_key	direction	95% BCa bootstrap CI clustered by PubChem compound; uncertainty is over the observed compound panel, not broader chemical space.
l1000_phase2	sciplex	spearman	raw	0	all	retrieval_peer_sensitivity_dataset_pair	source_individual_sd_similarity	source_individual_sd_similarity	0.1064588679478917	0.1021962936094691	0.11122561037468	0.0045146583826054	bca	ok	0.95	2000	2000	2323	2323	83	query_pubchem_cid	direction,cell_type,time_key	direction	95% BCa bootstrap CI clustered by PubChem compound; uncertainty is over the observed compound panel, not broader chemical space.
l1000_phase2	sciplex	spearman	raw	0	all	retrieval_peer_sensitivity_dataset_pair	source_peer_normalized_rank	source_peer_normalized_rank	0.6255534952521147	0.6183250191702343	0.6330935970079966	0.0073842889188811	bca	ok	0.95	2000	2000	2323	2323	83	query_pubchem_cid	direction,cell_type,time_key	direction	95% BCa bootstrap CI clustered by PubChem compound; uncertainty is over the observed compound panel, not broader chemical space.
l1000_phase2	sciplex	spearman	raw	0	all	retrieval_peer_sensitivity_dataset_pair	target_individual_corrected_percentile	target_individual_corrected_percentile	0.7006700850049462	0.6552649246756626	0.7426818947416307	0.043708485032984	bca	ok	0.95	2000	2000	2323	2323	83	query_pubchem_cid	direction,cell_type,time_key	direction	95% BCa bootstrap CI clustered by PubChem compound; uncertainty is over the observed compound panel, not broader chemical space.
l1000_phase2	sciplex	spearman	raw	0	all	retrieval_peer_sensitivity_dataset_pair	target_individual_fraction_below_observed	target_individual_fraction_below_observed	0.6992027567344967	0.6568138853771235	0.7465063456912838	0.0448462301570801	bca	ok	0.95	2000	2000	2323	2323	83	query_pubchem_cid	direction,cell_type,time_key	direction	95% BCa bootstrap CI clustered by PubChem compound; uncertainty is over the observed compound panel, not broader chemical space.
l1000_phase2	sciplex	spearman	raw	0	all	retrieval_peer_sensitivity_dataset_pair	target_individual_mean_similarity	target_individual_mean_similarity	0.0230564751747647	0.0188990820823054	0.0278446962755436	0.0044728070966191	bca	ok	0.95	2000	2000	2323	2323	83	query_pubchem_cid	direction,cell_type,time_key	direction	95% BCa bootstrap CI clustered by PubChem compound; uncertainty is over the observed compound panel, not broader chemical space.
l1000_phase2	sciplex	spearman	raw	0	all	retrieval_peer_sensitivity_dataset_pair	target_individual_n_peers	target_individual_n_peers	317.4165082021051	312.7139198727404	321.84471655592466	4.565398341592129	bca	ok	0.95	2000	2000	2323	2323	83	query_pubchem_cid	direction,cell_type,time_key	direction	95% BCa bootstrap CI clustered by PubChem compound; uncertainty is over the observed compound panel, not broader chemical space.
l1000_phase2	sciplex	spearman	raw	0	all	retrieval_peer_sensitivity_dataset_pair	target_individual_sd_similarity	target_individual_sd_similarity	0.0540635087360566	0.050284237237833	0.0588678996726879	0.0042918312174274	bca	ok	0.95	2000	2000	2323	2323	83	query_pubchem_cid	direction,cell_type,time_key	direction	95% BCa bootstrap CI clustered by PubChem compound; uncertainty is over the observed compound panel, not broader chemical space.
l1000_phase2	sciplex	spearman	raw	0	all	retrieval_peer_sensitivity_dataset_pair	target_peer_normalized_rank	target_peer_normalized_rank	0.5071472038558856	0.5037870786273282	0.5109484776464991	0.0035806995095854	bca	ok	0.95	2000	2000	2323	2323	83	query_pubchem_cid	direction,cell_type,time_key	direction	95% BCa bootstrap CI clustered by PubChem compound; uncertainty is over the observed compound panel, not broader chemical space.
l1000_phase2	tahoe	cosine	raw	0	all	retrieval_peer_sensitivity_dataset_pair	delta_vs_source_peer_normalized_rank	delta_vs_source_peer_normalized_rank	-0.1297408618612969	-0.1837786823554208	-0.0806040056356148	0.051587338359903	bca	ok	0.95	2000	2000	1755	1755	110	query_pubchem_cid	direction,cell_type,time_key	direction	95% BCa bootstrap CI clustered by PubChem compound; uncertainty is over the observed compound panel, not broader chemical space.
l1000_phase2	tahoe	cosine	raw	0	all	retrieval_peer_sensitivity_dataset_pair	delta_vs_target_peer_normalized_rank	delta_vs_target_peer_normalized_rank	0.1097716473694957	0.0603230726043052	0.1540937946891464	0.0468853610424205	bca	ok	0.95	2000	2000	1755	1755	110	query_pubchem_cid	direction,cell_type,time_key	direction	95% BCa bootstrap CI clustered by PubChem compound; uncertainty is over the observed compound panel, not broader chemical space.
l1000_phase2	tahoe	cosine	raw	0	all	retrieval_peer_sensitivity_dataset_pair	source_individual_corrected_percentile	source_individual_corrected_percentile	0.3536848861099372	0.3119146029734025	0.4103018909514958	0.0491936439890466	bca	ok	0.95	2000	2000	1755	1755	110	query_pubchem_cid	direction,cell_type,time_key	direction	95% BCa bootstrap CI clustered by PubChem compound; uncertainty is over the observed compound panel, not broader chemical space.
l1000_phase2	tahoe	cosine	raw	0	all	retrieval_peer_sensitivity_dataset_pair	source_individual_fraction_below_observed	source_individual_fraction_below_observed	0.3472789344176787	0.3056189216501228	0.4048894651054704	0.0496352717276738	bca	ok	0.95	2000	2000	1755	1755	110	query_pubchem_cid	direction,cell_type,time_key	direction	95% BCa bootstrap CI clustered by PubChem compound; uncertainty is over the observed compound panel, not broader chemical space.
l1000_phase2	tahoe	cosine	raw	0	all	retrieval_peer_sensitivity_dataset_pair	source_individual_mean_similarity	source_individual_mean_similarity	0.1013277374729719	0.0955355778966428	0.1055055344036559	0.0049849782535065	bca	ok	0.95	2000	2000	1755	1755	110	query_pubchem_cid	direction,cell_type,time_key	direction	95% BCa bootstrap CI clustered by PubChem compound; uncertainty is over the observed compound panel, not broader chemical space.
l1000_phase2	tahoe	cosine	raw	0	all	retrieval_peer_sensitivity_dataset_pair	source_individual_n_peers	source_individual_n_peers	163.82606481645578	159.28912812397218	166.63383306207285	3.672352469050338	bca	ok	0.95	2000	2000	1755	1755	110	query_pubchem_cid	direction,cell_type,time_key	direction	95% BCa bootstrap CI clustered by PubChem compound; uncertainty is over the observed compound panel, not broader chemical space.
l1000_phase2	tahoe	cosine	raw	0	all	retrieval_peer_sensitivity_dataset_pair	source_individual_sd_similarity	source_individual_sd_similarity	0.1033888550532793	0.0998271246927692	0.1077519921312161	0.0039624337192234	bca	ok	0.95	2000	2000	1755	1755	110	query_pubchem_cid	direction,cell_type,time_key	direction	95% BCa bootstrap CI clustered by PubChem compound; uncertainty is over the observed compound panel, not broader chemical space.
l1000_phase2	tahoe	cosine	raw	0	all	retrieval_peer_sensitivity_dataset_pair	source_peer_normalized_rank	source_peer_normalized_rank	0.7403759429967764	0.7249942468891297	0.7518593217951904	0.0134325374530303	bca	ok	0.95	2000	2000	1755	1755	110	query_pubchem_cid	direction,cell_type,time_key	direction	95% BCa bootstrap CI clustered by PubChem compound; uncertainty is over the observed compound panel, not broader chemical space.
l1000_phase2	tahoe	cosine	raw	0	all	retrieval_peer_sensitivity_dataset_pair	target_individual_corrected_percentile	target_individual_corrected_percentile	0.6159122976095631	0.5658979462452028	0.6582832182417753	0.0461926359982862	bca	ok	0.95	2000	2000	1755	1755	110	query_pubchem_cid	direction,cell_type,time_key	direction	95% BCa bootstrap CI clustered by PubChem compound; uncertainty is over the observed compound panel, not broader chemical space.
l1000_phase2	tahoe	cosine	raw	0	all	retrieval_peer_sensitivity_dataset_pair	target_individual_fraction_below_observed	target_individual_fraction_below_observed	0.6124617352688027	0.5604203006663646	0.6559047302047051	0.0477422147691702	bca	ok	0.95	2000	2000	1755	1755	110	query_pubchem_cid	direction,cell_type,time_key	direction	95% BCa bootstrap CI clustered by PubChem compound; uncertainty is over the observed compound panel, not broader chemical space.
l1000_phase2	tahoe	cosine	raw	0	all	retrieval_peer_sensitivity_dataset_pair	target_individual_mean_similarity	target_individual_mean_similarity	0.0020625081305165	-0.0001654174719346	0.004930459796686	0.0025479386343103	bca	ok	0.95	2000	2000	1755	1755	110	query_pubchem_cid	direction,cell_type,time_key	direction	95% BCa bootstrap CI clustered by PubChem compound; uncertainty is over the observed compound panel, not broader chemical space.
l1000_phase2	tahoe	cosine	raw	0	all	retrieval_peer_sensitivity_dataset_pair	target_individual_n_peers	target_individual_n_peers	163.81261855836652	158.39344023478435	166.8374172805377	4.221988522876671	bca	ok	0.95	2000	2000	1755	1755	110	query_pubchem_cid	direction,cell_type,time_key	direction	95% BCa bootstrap CI clustered by PubChem compound; uncertainty is over the observed compound panel, not broader chemical space.
l1000_phase2	tahoe	cosine	raw	0	all	retrieval_peer_sensitivity_dataset_pair	target_individual_sd_similarity	target_individual_sd_similarity	0.0468993863487859	0.0452113199529026	0.0492477960611367	0.002018238054117	bca	ok	0.95	2000	2000	1755	1755	110	query_pubchem_cid	direction,cell_type,time_key	direction	95% BCa bootstrap CI clustered by PubChem compound; uncertainty is over the observed compound panel, not broader chemical space.
l1000_phase2	tahoe	cosine	raw	0	all	retrieval_peer_sensitivity_dataset_pair	target_peer_normalized_rank	target_peer_normalized_rank	0.5008634337659835	0.4971161515137965	0.5052447976970892	0.0040643230916463	bca	ok	0.95	2000	2000	1755	1755	110	query_pubchem_cid	direction,cell_type,time_key	direction	95% BCa bootstrap CI clustered by PubChem compound; uncertainty is over the observed compound panel, not broader chemical space.
l1000_phase2	tahoe	spearman	raw	0	all	retrieval_peer_sensitivity_dataset_pair	delta_vs_source_peer_normalized_rank	delta_vs_source_peer_normalized_rank	-0.1570563108551283	-0.2074633341078282	-0.1048157539127628	0.0513237900975327	bca	ok	0.95	2000	2000	1755	1755	110	query_pubchem_cid	direction,cell_type,time_key	direction	95% BCa bootstrap CI clustered by PubChem compound; uncertainty is over the observed compound panel, not broader chemical space.
l1000_phase2	tahoe	spearman	raw	0	all	retrieval_peer_sensitivity_dataset_pair	delta_vs_target_peer_normalized_rank	delta_vs_target_peer_normalized_rank	0.1198054895701297	0.0768674896186673	0.1632373946264062	0.0431849525038694	bca	ok	0.95	2000	2000	1755	1755	110	query_pubchem_cid	direction,cell_type,time_key	direction	95% BCa bootstrap CI clustered by PubChem compound; uncertainty is over the observed compound panel, not broader chemical space.
l1000_phase2	tahoe	spearman	raw	0	all	retrieval_peer_sensitivity_dataset_pair	source_individual_corrected_percentile	source_individual_corrected_percentile	0.3047176417037337	0.269545442607806	0.3594514984639295	0.0449530279280617	bca	ok	0.95	2000	2000	1755	1755	110	query_pubchem_cid	direction,cell_type,time_key	direction	95% BCa bootstrap CI clustered by PubChem compound; uncertainty is over the observed compound panel, not broader chemical space.
l1000_phase2	tahoe	spearman	raw	0	all	retrieval_peer_sensitivity_dataset_pair	source_individual_fraction_below_observed	source_individual_fraction_below_observed	0.2980174406734031	0.2617202243251156	0.3578706366703736	0.048075206172629	bca	ok	0.95	2000	2000	1755	1755	110	query_pubchem_cid	direction,cell_type,time_key	direction	95% BCa bootstrap CI clustered by PubChem compound; uncertainty is over the observed compound panel, not broader chemical space.
l1000_phase2	tahoe	spearman	raw	0	all	retrieval_peer_sensitivity_dataset_pair	source_individual_mean_similarity	source_individual_mean_similarity	0.1227682181309464	0.1167343229814455	0.1277367960155725	0.0055012365170635	bca	ok	0.95	2000	2000	1755	1755	110	query_pubchem_cid	direction,cell_type,time_key	direction	95% BCa bootstrap CI clustered by PubChem compound; uncertainty is over the observed compound panel, not broader chemical space.
l1000_phase2	tahoe	spearman	raw	0	all	retrieval_peer_sensitivity_dataset_pair	source_individual_n_peers	source_individual_n_peers	163.82606481645578	159.39665452301332	166.66604856702526	3.634697022005966	bca	ok	0.95	2000	2000	1755	1755	110	query_pubchem_cid	direction,cell_type,time_key	direction	95% BCa bootstrap CI clustered by PubChem compound; uncertainty is over the observed compound panel, not broader chemical space.
l1000_phase2	tahoe	spearman	raw	0	all	retrieval_peer_sensitivity_dataset_pair	source_individual_sd_similarity	source_individual_sd_similarity	0.112074357570174	0.1084384362940287	0.1165747410099681	0.0040681523579697	bca	ok	0.95	2000	2000	1755	1755	110	query_pubchem_cid	direction,cell_type,time_key	direction	95% BCa bootstrap CI clustered by PubChem compound; uncertainty is over the observed compound panel, not broader chemical space.
l1000_phase2	tahoe	spearman	raw	0	all	retrieval_peer_sensitivity_dataset_pair	source_peer_normalized_rank	source_peer_normalized_rank	0.78033189910121	0.7624938191001245	0.7921235754742195	0.0148148781870475	bca	ok	0.95	2000	2000	1755	1755	110	query_pubchem_cid	direction,cell_type,time_key	direction	95% BCa bootstrap CI clustered by PubChem compound; uncertainty is over the observed compound panel, not broader chemical space.
l1000_phase2	tahoe	spearman	raw	0	all	retrieval_peer_sensitivity_dataset_pair	target_individual_corrected_percentile	target_individual_corrected_percentile	0.6245602873045026	0.577984500290481	0.6690587331023194	0.0455371164059192	bca	ok	0.95	2000	2000	1755	1755	110	query_pubchem_cid	direction,cell_type,time_key	direction	95% BCa bootstrap CI clustered by PubChem compound; uncertainty is over the observed compound panel, not broader chemical space.
l1000_phase2	tahoe	spearman	raw	0	all	retrieval_peer_sensitivity_dataset_pair	target_individual_fraction_below_observed	target_individual_fraction_below_observed	0.6211990754935413	0.5748813639880657	0.6679915846244193	0.0465551103181768	bca	ok	0.95	2000	2000	1755	1755	110	query_pubchem_cid	direction,cell_type,time_key	direction	95% BCa bootstrap CI clustered by PubChem compound; uncertainty is over the observed compound panel, not broader chemical space.
l1000_phase2	tahoe	spearman	raw	0	all	retrieval_peer_sensitivity_dataset_pair	target_individual_mean_similarity	target_individual_mean_similarity	-0.0007554402751041	-0.0029040226948165	0.0021858408709657	0.0025449317828911	bca	ok	0.95	2000	2000	1755	1755	110	query_pubchem_cid	direction,cell_type,time_key	direction	95% BCa bootstrap CI clustered by PubChem compound; uncertainty is over the observed compound panel, not broader chemical space.
l1000_phase2	tahoe	spearman	raw	0	all	retrieval_peer_sensitivity_dataset_pair	target_individual_n_peers	target_individual_n_peers	163.81261855836652	158.51328511489723	166.73762168278876	4.112168283945763	bca	ok	0.95	2000	2000	1755	1755	110	query_pubchem_cid	direction,cell_type,time_key	direction	95% BCa bootstrap CI clustered by PubChem compound; uncertainty is over the observed compound panel, not broader chemical space.
l1000_phase2	tahoe	spearman	raw	0	all	retrieval_peer_sensitivity_dataset_pair	target_individual_sd_similarity	target_individual_sd_similarity	0.0492085518655513	0.0472792400450862	0.0518271842471682	0.002273972101041	bca	ok	0.95	2000	2000	1755	1755	110	query_pubchem_cid	direction,cell_type,time_key	direction	95% BCa bootstrap CI clustered by PubChem compound; uncertainty is over the observed compound panel, not broader chemical space.
l1000_phase2	tahoe	spearman	raw	0	all	retrieval_peer_sensitivity_dataset_pair	target_peer_normalized_rank	target_peer_normalized_rank	0.5034700986759519	0.4994604501219188	0.5078604616403773	0.0042000057592292	bca	ok	0.95	2000	2000	1755	1755	110	query_pubchem_cid	direction,cell_type,time_key	direction	95% BCa bootstrap CI clustered by PubChem compound; uncertainty is over the observed compound panel, not broader chemical space.
tahoe	sciplex	cosine	raw	0	all	retrieval_peer_sensitivity_dataset_pair	delta_vs_source_peer_normalized_rank	delta_vs_source_peer_normalized_rank	-0.1092490197131591	-0.187472112472465	-0.0176786132780959	0.0848967495971845	bca	ok	0.95	2000	2000	223	223	23	query_pubchem_cid	direction,cell_type,time_key	direction	95% BCa bootstrap CI clustered by PubChem compound; uncertainty is over the observed compound panel, not broader chemical space.
tahoe	sciplex	cosine	raw	0	all	retrieval_peer_sensitivity_dataset_pair	delta_vs_target_peer_normalized_rank	delta_vs_target_peer_normalized_rank	0.1899532221101351	0.1229645951780825	0.2743888686204244	0.0757121367211709	bca	ok	0.95	2000	2000	223	223	23	query_pubchem_cid	direction,cell_type,time_key	direction	95% BCa bootstrap CI clustered by PubChem compound; uncertainty is over the observed compound panel, not broader chemical space.
tahoe	sciplex	cosine	raw	0	all	retrieval_peer_sensitivity_dataset_pair	source_individual_corrected_percentile	source_individual_corrected_percentile	0.3451498061910495	0.2703332802068309	0.4446987537780409	0.087182736785605	bca	ok	0.95	2000	2000	223	223	23	query_pubchem_cid	direction,cell_type,time_key	direction	95% BCa bootstrap CI clustered by PubChem compound; uncertainty is over the observed compound panel, not broader chemical space.
tahoe	sciplex	cosine	raw	0	all	retrieval_peer_sensitivity_dataset_pair	source_individual_fraction_below_observed	source_individual_fraction_below_observed	0.3367896712845828	0.2613044503324792	0.4519795530893205	0.0953375513784206	bca	ok	0.95	2000	2000	223	223	23	query_pubchem_cid	direction,cell_type,time_key	direction	95% BCa bootstrap CI clustered by PubChem compound; uncertainty is over the observed compound panel, not broader chemical space.
tahoe	sciplex	cosine	raw	0	all	retrieval_peer_sensitivity_dataset_pair	source_individual_mean_similarity	source_individual_mean_similarity	0.1346820655884391	0.1224688464992088	0.1440168069695226	0.0107739802351568	bca	ok	0.95	2000	2000	223	223	23	query_pubchem_cid	direction,cell_type,time_key	direction	95% BCa bootstrap CI clustered by PubChem compound; uncertainty is over the observed compound panel, not broader chemical space.
tahoe	sciplex	cosine	raw	0	all	retrieval_peer_sensitivity_dataset_pair	source_individual_n_peers	source_individual_n_peers	115.80392156862744	114.41508717413814	117.25659497440292	1.4207539001323966	bca	ok	0.95	2000	2000	223	223	23	query_pubchem_cid	direction,cell_type,time_key	direction	95% BCa bootstrap CI clustered by PubChem compound; uncertainty is over the observed compound panel, not broader chemical space.
tahoe	sciplex	cosine	raw	0	all	retrieval_peer_sensitivity_dataset_pair	source_individual_sd_similarity	source_individual_sd_similarity	0.1030572150264251	0.0989355890085039	0.1089109169548885	0.0049876639731923	bca	ok	0.95	2000	2000	223	223	23	query_pubchem_cid	direction,cell_type,time_key	direction	95% BCa bootstrap CI clustered by PubChem compound; uncertainty is over the observed compound panel, not broader chemical space.
tahoe	sciplex	cosine	raw	0	all	retrieval_peer_sensitivity_dataset_pair	source_peer_normalized_rank	source_peer_normalized_rank	0.7979037225817309	0.7686355221760262	0.8237838291138947	0.0275741534689342	bca	ok	0.95	2000	2000	223	223	23	query_pubchem_cid	direction,cell_type,time_key	direction	95% BCa bootstrap CI clustered by PubChem compound; uncertainty is over the observed compound panel, not broader chemical space.
tahoe	sciplex	cosine	raw	0	all	retrieval_peer_sensitivity_dataset_pair	target_individual_corrected_percentile	target_individual_corrected_percentile	0.6966702366456071	0.6255060983769649	0.78184755463962	0.0781707281313275	bca	ok	0.95	2000	2000	223	223	23	query_pubchem_cid	direction,cell_type,time_key	direction	95% BCa bootstrap CI clustered by PubChem compound; uncertainty is over the observed compound panel, not broader chemical space.
tahoe	sciplex	cosine	raw	0	all	retrieval_peer_sensitivity_dataset_pair	target_individual_fraction_below_observed	target_individual_fraction_below_observed	0.6929677308293265	0.6221574170051548	0.7764362027066546	0.0771393928507498	bca	ok	0.95	2000	2000	223	223	23	query_pubchem_cid	direction,cell_type,time_key	direction	95% BCa bootstrap CI clustered by PubChem compound; uncertainty is over the observed compound panel, not broader chemical space.
tahoe	sciplex	cosine	raw	0	all	retrieval_peer_sensitivity_dataset_pair	target_individual_mean_similarity	target_individual_mean_similarity	0.0059026748254886	0.0016328549310997	0.0112743641176362	0.0048207545932682	bca	ok	0.95	2000	2000	223	223	23	query_pubchem_cid	direction,cell_type,time_key	direction	95% BCa bootstrap CI clustered by PubChem compound; uncertainty is over the observed compound panel, not broader chemical space.
tahoe	sciplex	cosine	raw	0	all	retrieval_peer_sensitivity_dataset_pair	target_individual_n_peers	target_individual_n_peers	115.29386189258312	114.31392339544512	116.47574141822808	1.0809090113914763	bca	ok	0.95	2000	2000	223	223	23	query_pubchem_cid	direction,cell_type,time_key	direction	95% BCa bootstrap CI clustered by PubChem compound; uncertainty is over the observed compound panel, not broader chemical space.
tahoe	sciplex	cosine	raw	0	all	retrieval_peer_sensitivity_dataset_pair	target_individual_sd_similarity	target_individual_sd_similarity	0.0367284844796508	0.0323846705909357	0.0440580979288457	0.005836713668955	bca	ok	0.95	2000	2000	223	223	23	query_pubchem_cid	direction,cell_type,time_key	direction	95% BCa bootstrap CI clustered by PubChem compound; uncertainty is over the observed compound panel, not broader chemical space.
tahoe	sciplex	cosine	raw	0	all	retrieval_peer_sensitivity_dataset_pair	target_peer_normalized_rank	target_peer_normalized_rank	0.4987014807584367	0.4904163449831893	0.5068156261484982	0.0081996405826544	bca	ok	0.95	2000	2000	223	223	23	query_pubchem_cid	direction,cell_type,time_key	direction	95% BCa bootstrap CI clustered by PubChem compound; uncertainty is over the observed compound panel, not broader chemical space.
tahoe	sciplex	spearman	raw	0	all	retrieval_peer_sensitivity_dataset_pair	delta_vs_source_peer_normalized_rank	delta_vs_source_peer_normalized_rank	-0.1243487224607717	-0.2024711623044893	-0.0242769876983598	0.0890970873030647	bca	ok	0.95	2000	2000	223	223	23	query_pubchem_cid	direction,cell_type,time_key	direction	95% BCa bootstrap CI clustered by PubChem compound; uncertainty is over the observed compound panel, not broader chemical space.
tahoe	sciplex	spearman	raw	0	all	retrieval_peer_sensitivity_dataset_pair	delta_vs_target_peer_normalized_rank	delta_vs_target_peer_normalized_rank	0.1649763438269537	0.0941456131979888	0.2505107747594679	0.0781825807807395	bca	ok	0.95	2000	2000	223	223	23	query_pubchem_cid	direction,cell_type,time_key	direction	95% BCa bootstrap CI clustered by PubChem compound; uncertainty is over the observed compound panel, not broader chemical space.
tahoe	sciplex	spearman	raw	0	all	retrieval_peer_sensitivity_dataset_pair	source_individual_corrected_percentile	source_individual_corrected_percentile	0.3333405708583888	0.2670033411690025	0.4298492086830194	0.0814229337570084	bca	ok	0.95	2000	2000	223	223	23	query_pubchem_cid	direction,cell_type,time_key	direction	95% BCa bootstrap CI clustered by PubChem compound; uncertainty is over the observed compound panel, not broader chemical space.
tahoe	sciplex	spearman	raw	0	all	retrieval_peer_sensitivity_dataset_pair	source_individual_fraction_below_observed	source_individual_fraction_below_observed	0.3248708502423104	0.2553687129303797	0.4237279058040115	0.0841795964368158	bca	ok	0.95	2000	2000	223	223	23	query_pubchem_cid	direction,cell_type,time_key	direction	95% BCa bootstrap CI clustered by PubChem compound; uncertainty is over the observed compound panel, not broader chemical space.
tahoe	sciplex	spearman	raw	0	all	retrieval_peer_sensitivity_dataset_pair	source_individual_mean_similarity	source_individual_mean_similarity	0.1348578913616717	0.1230855507419377	0.1440776770379815	0.0104960631480218	bca	ok	0.95	2000	2000	223	223	23	query_pubchem_cid	direction,cell_type,time_key	direction	95% BCa bootstrap CI clustered by PubChem compound; uncertainty is over the observed compound panel, not broader chemical space.
tahoe	sciplex	spearman	raw	0	all	retrieval_peer_sensitivity_dataset_pair	source_individual_n_peers	source_individual_n_peers	115.80392156862744	114.3793103448276	117.29718875502007	1.458939205096243	bca	ok	0.95	2000	2000	223	223	23	query_pubchem_cid	direction,cell_type,time_key	direction	95% BCa bootstrap CI clustered by PubChem compound; uncertainty is over the observed compound panel, not broader chemical space.
tahoe	sciplex	spearman	raw	0	all	retrieval_peer_sensitivity_dataset_pair	source_individual_sd_similarity	source_individual_sd_similarity	0.1072879385905516	0.1021774779564028	0.1128229637900293	0.0053227429168132	bca	ok	0.95	2000	2000	223	223	23	query_pubchem_cid	direction,cell_type,time_key	direction	95% BCa bootstrap CI clustered by PubChem compound; uncertainty is over the observed compound panel, not broader chemical space.
tahoe	sciplex	spearman	raw	0	all	retrieval_peer_sensitivity_dataset_pair	source_peer_normalized_rank	source_peer_normalized_rank	0.7896155810723438	0.7595588063095984	0.8141133763884327	0.0272772850394171	bca	ok	0.95	2000	2000	223	223	23	query_pubchem_cid	direction,cell_type,time_key	direction	95% BCa bootstrap CI clustered by PubChem compound; uncertainty is over the observed compound panel, not broader chemical space.
tahoe	sciplex	spearman	raw	0	all	retrieval_peer_sensitivity_dataset_pair	target_individual_corrected_percentile	target_individual_corrected_percentile	0.6688246621083364	0.6032010180349847	0.7590445173973087	0.077921749681162	bca	ok	0.95	2000	2000	223	223	23	query_pubchem_cid	direction,cell_type,time_key	direction	95% BCa bootstrap CI clustered by PubChem compound; uncertainty is over the observed compound panel, not broader chemical space.
tahoe	sciplex	spearman	raw	0	all	retrieval_peer_sensitivity_dataset_pair	target_individual_fraction_below_observed	target_individual_fraction_below_observed	0.6647364208065183	0.5918999137322529	0.7609855467495423	0.0845428165086447	bca	ok	0.95	2000	2000	223	223	23	query_pubchem_cid	direction,cell_type,time_key	direction	95% BCa bootstrap CI clustered by PubChem compound; uncertainty is over the observed compound panel, not broader chemical space.
tahoe	sciplex	spearman	raw	0	all	retrieval_peer_sensitivity_dataset_pair	target_individual_mean_similarity	target_individual_mean_similarity	0.0037236478693101	-0.0011986530825882	0.0086767195969094	0.0049376863397488	bca	ok	0.95	2000	2000	223	223	23	query_pubchem_cid	direction,cell_type,time_key	direction	95% BCa bootstrap CI clustered by PubChem compound; uncertainty is over the observed compound panel, not broader chemical space.
tahoe	sciplex	spearman	raw	0	all	retrieval_peer_sensitivity_dataset_pair	target_individual_n_peers	target_individual_n_peers	115.29386189258312	114.26611694152923	116.45577211394304	1.0948275862068968	bca	ok	0.95	2000	2000	223	223	23	query_pubchem_cid	direction,cell_type,time_key	direction	95% BCa bootstrap CI clustered by PubChem compound; uncertainty is over the observed compound panel, not broader chemical space.
tahoe	sciplex	spearman	raw	0	all	retrieval_peer_sensitivity_dataset_pair	target_individual_sd_similarity	target_individual_sd_similarity	0.0367553461829956	0.0325677039776239	0.0432086748135327	0.0053204854179543	bca	ok	0.95	2000	2000	223	223	23	query_pubchem_cid	direction,cell_type,time_key	direction	95% BCa bootstrap CI clustered by PubChem compound; uncertainty is over the observed compound panel, not broader chemical space.
tahoe	sciplex	spearman	raw	0	all	retrieval_peer_sensitivity_dataset_pair	target_peer_normalized_rank	target_peer_normalized_rank	0.5002905147846183	0.4908169969601629	0.5084768650580658	0.0088299340489514	bca	ok	0.95	2000	2000	223	223	23	query_pubchem_cid	direction,cell_type,time_key	direction	95% BCa bootstrap CI clustered by PubChem compound; uncertainty is over the observed compound panel, not broader chemical space.
