dataset_a	dataset_b	representation	retrieval_variant	similarity_metric	scale_variant	summary_level	metric	value_col	mean	ci_low	ci_high	ci_half_width	ci_method	ci_status	ci_level	n_bootstrap_iterations	n_bootstrap_valid	n_rows	n_finite_rows	n_compounds	cluster_col	inner_strata	outer_strata	uncertainty_scope
l1000_phase1	l1000_phase2	logFC	strict_matched_condition	cosine	per_gene_population_zscore_dataset_cell_type	reviewer_dataset_cell_type_retrieval_dataset_pair	observed_normalized_best_positive_rank	observed_normalized_best_positive_rank	0.7963522094341038	0.765010075772811	0.83656085367759	0.03577538895238952	bca	ok	0.95	2000	2000	21857	21857	257	query_pubchem_cid	direction,cell_type,time_key	direction	95% BCa bootstrap CI clustered by PubChem compound; uncertainty is over the observed compound panel, not broader chemical space.
l1000_phase1	l1000_phase2	logFC	strict_matched_condition	cosine	per_gene_population_zscore_dataset_cell_type	reviewer_dataset_cell_type_retrieval_dataset_pair	observed_recall_at_1	observed_recall_at_1	0.2528953370214085	0.1891741015310201	0.3595524198396523	0.0851891591543161	bca	ok	0.95	2000	2000	21857	21857	257	query_pubchem_cid	direction,cell_type,time_key	direction	95% BCa bootstrap CI clustered by PubChem compound; uncertainty is over the observed compound panel, not broader chemical space.
l1000_phase1	l1000_phase2	logFC	strict_matched_condition	cosine	per_gene_population_zscore_dataset_cell_type	reviewer_dataset_cell_type_retrieval_dataset_pair	observed_auroc	observed_auroc	0.7941826412327802	0.7614482376720848	0.8349094370695745	0.03673059969874487	bca	ok	0.95	2000	2000	21857	21857	257	query_pubchem_cid	direction,cell_type,time_key	direction	95% BCa bootstrap CI clustered by PubChem compound; uncertainty is over the observed compound panel, not broader chemical space.
l1000_phase1	l1000_phase2	logFC	strict_matched_condition	cosine	per_gene_population_zscore_dataset_cell_type	reviewer_dataset_cell_type_retrieval_dataset_pair	observed_best_positive_similarity	observed_best_positive_similarity	0.24632606961798154	0.19195346056990462	0.3471455496709826	0.07759604455053899	bca	ok	0.95	2000	2000	21857	21857	257	query_pubchem_cid	direction,cell_type,time_key	direction	95% BCa bootstrap CI clustered by PubChem compound; uncertainty is over the observed compound panel, not broader chemical space.
l1000_phase1	l1000_phase2	logFC	strict_matched_condition	cosine	per_gene_population_zscore_dataset_cell_type	reviewer_dataset_cell_type_retrieval_dataset_pair	random_normalized_best_positive_rank	random_normalized_best_positive_rank					not_estimable	too_few_clusters_or_values	0.95	2000	0	21857	0	0	query_pubchem_cid	direction,cell_type,time_key	direction	95% BCa bootstrap CI clustered by PubChem compound; uncertainty is over the observed compound panel, not broader chemical space.
l1000_phase1	l1000_phase2	logFC	strict_matched_condition	cosine	per_gene_population_zscore_dataset_cell_type	reviewer_dataset_cell_type_retrieval_dataset_pair	random_recall_at_1	random_recall_at_1					not_estimable	too_few_clusters_or_values	0.95	2000	0	21857	0	0	query_pubchem_cid	direction,cell_type,time_key	direction	95% BCa bootstrap CI clustered by PubChem compound; uncertainty is over the observed compound panel, not broader chemical space.
l1000_phase1	l1000_phase2	logFC	strict_matched_condition	cosine	per_gene_population_zscore_dataset_cell_type	reviewer_dataset_cell_type_retrieval_dataset_pair	random_auroc	random_auroc					not_estimable	too_few_clusters_or_values	0.95	2000	0	21857	0	0	query_pubchem_cid	direction,cell_type,time_key	direction	95% BCa bootstrap CI clustered by PubChem compound; uncertainty is over the observed compound panel, not broader chemical space.
l1000_phase1	l1000_phase2	logFC	strict_matched_condition	cosine	per_gene_population_zscore_dataset_cell_type	reviewer_dataset_cell_type_retrieval_dataset_pair	delta_vs_random_normalized_best_positive_rank	delta_vs_random_normalized_best_positive_rank	0.014444196582913297	-0.012202302407660482	0.038531207518153816	0.025366754962907148	bca	ok	0.95	2000	2000	21857	21857	257	query_pubchem_cid	direction,cell_type,time_key	direction	95% BCa bootstrap CI clustered by PubChem compound; uncertainty is over the observed compound panel, not broader chemical space.
l1000_phase1	l1000_phase2	logFC	strict_matched_condition	cosine	per_gene_population_zscore_dataset_cell_type	reviewer_dataset_cell_type_retrieval_dataset_pair	source_individual_n_peers	source_individual_n_peers	228.03093011686659	216.4621314168267	238.09585183372135	10.816860208447324	bca	ok	0.95	2000	2000	21857	21857	257	query_pubchem_cid	direction,cell_type,time_key	direction	95% BCa bootstrap CI clustered by PubChem compound; uncertainty is over the observed compound panel, not broader chemical space.
l1000_phase1	l1000_phase2	logFC	strict_matched_condition	cosine	per_gene_population_zscore_dataset_cell_type	reviewer_dataset_cell_type_retrieval_dataset_pair	source_individual_mean_similarity	source_individual_mean_similarity	0.07926845125451007	0.07200121403173397	0.08592704519114289	0.006962915579704458	bca	ok	0.95	2000	2000	21857	21576	257	query_pubchem_cid	direction,cell_type,time_key	direction	95% BCa bootstrap CI clustered by PubChem compound; uncertainty is over the observed compound panel, not broader chemical space.
l1000_phase1	l1000_phase2	logFC	strict_matched_condition	cosine	per_gene_population_zscore_dataset_cell_type	reviewer_dataset_cell_type_retrieval_dataset_pair	source_individual_sd_similarity	source_individual_sd_similarity	0.1463290596873204	0.14076977853868405	0.15154387210313763	0.00538704678222679	bca	ok	0.95	2000	2000	21857	21573	257	query_pubchem_cid	direction,cell_type,time_key	direction	95% BCa bootstrap CI clustered by PubChem compound; uncertainty is over the observed compound panel, not broader chemical space.
l1000_phase1	l1000_phase2	logFC	strict_matched_condition	cosine	per_gene_population_zscore_dataset_cell_type	reviewer_dataset_cell_type_retrieval_dataset_pair	source_individual_n_below_observed	source_individual_n_below_observed	173.76537511977114	162.17506163220358	186.0425632100231	11.933750788909762	bca	ok	0.95	2000	2000	21857	21857	257	query_pubchem_cid	direction,cell_type,time_key	direction	95% BCa bootstrap CI clustered by PubChem compound; uncertainty is over the observed compound panel, not broader chemical space.
l1000_phase1	l1000_phase2	logFC	strict_matched_condition	cosine	per_gene_population_zscore_dataset_cell_type	reviewer_dataset_cell_type_retrieval_dataset_pair	source_individual_fraction_below_observed	source_individual_fraction_below_observed	0.6904989160521029	0.6438574133625018	0.7537838589262551	0.05496322278187665	bca	ok	0.95	2000	2000	21857	21576	257	query_pubchem_cid	direction,cell_type,time_key	direction	95% BCa bootstrap CI clustered by PubChem compound; uncertainty is over the observed compound panel, not broader chemical space.
l1000_phase1	l1000_phase2	logFC	strict_matched_condition	cosine	per_gene_population_zscore_dataset_cell_type	reviewer_dataset_cell_type_retrieval_dataset_pair	source_individual_corrected_percentile	source_individual_corrected_percentile	0.6982653486747646	0.6513356959012596	0.7535760912945122	0.05112019769662629	bca	ok	0.95	2000	2000	21857	21576	257	query_pubchem_cid	direction,cell_type,time_key	direction	95% BCa bootstrap CI clustered by PubChem compound; uncertainty is over the observed compound panel, not broader chemical space.
l1000_phase1	l1000_phase2	logFC	strict_matched_condition	cosine	per_gene_population_zscore_dataset_cell_type	reviewer_dataset_cell_type_retrieval_dataset_pair	target_individual_n_peers	target_individual_n_peers	221.5625852702036	209.9910042212104	231.4648321090943	10.736913943941943	bca	ok	0.95	2000	2000	21857	21857	257	query_pubchem_cid	direction,cell_type,time_key	direction	95% BCa bootstrap CI clustered by PubChem compound; uncertainty is over the observed compound panel, not broader chemical space.
l1000_phase1	l1000_phase2	logFC	strict_matched_condition	cosine	per_gene_population_zscore_dataset_cell_type	reviewer_dataset_cell_type_retrieval_dataset_pair	target_individual_mean_similarity	target_individual_mean_similarity	0.032588042271282876	0.026691617229078944	0.04030497451460971	0.006806678642765383	bca	ok	0.95	2000	2000	21857	21442	257	query_pubchem_cid	direction,cell_type,time_key	direction	95% BCa bootstrap CI clustered by PubChem compound; uncertainty is over the observed compound panel, not broader chemical space.
l1000_phase1	l1000_phase2	logFC	strict_matched_condition	cosine	per_gene_population_zscore_dataset_cell_type	reviewer_dataset_cell_type_retrieval_dataset_pair	target_individual_sd_similarity	target_individual_sd_similarity	0.11351384416875201	0.10739949226282422	0.11935779563002165	0.005979151683598714	bca	ok	0.95	2000	2000	21857	21438	257	query_pubchem_cid	direction,cell_type,time_key	direction	95% BCa bootstrap CI clustered by PubChem compound; uncertainty is over the observed compound panel, not broader chemical space.
l1000_phase1	l1000_phase2	logFC	strict_matched_condition	cosine	per_gene_population_zscore_dataset_cell_type	reviewer_dataset_cell_type_retrieval_dataset_pair	target_individual_n_below_observed	target_individual_n_below_observed	180.79554935699534	168.64303652475138	191.26219999218011	11.309581733714367	bca	ok	0.95	2000	2000	21857	21857	257	query_pubchem_cid	direction,cell_type,time_key	direction	95% BCa bootstrap CI clustered by PubChem compound; uncertainty is over the observed compound panel, not broader chemical space.
l1000_phase1	l1000_phase2	logFC	strict_matched_condition	cosine	per_gene_population_zscore_dataset_cell_type	reviewer_dataset_cell_type_retrieval_dataset_pair	target_individual_fraction_below_observed	target_individual_fraction_below_observed	0.7826205060958713	0.7449251004548323	0.8250291719718275	0.040052035758497584	bca	ok	0.95	2000	2000	21857	21442	257	query_pubchem_cid	direction,cell_type,time_key	direction	95% BCa bootstrap CI clustered by PubChem compound; uncertainty is over the observed compound panel, not broader chemical space.
l1000_phase1	l1000_phase2	logFC	strict_matched_condition	cosine	per_gene_population_zscore_dataset_cell_type	reviewer_dataset_cell_type_retrieval_dataset_pair	target_individual_corrected_percentile	target_individual_corrected_percentile	0.7870448024755912	0.7508400642524382	0.8261650158574347	0.03766247580249826	bca	ok	0.95	2000	2000	21857	21442	257	query_pubchem_cid	direction,cell_type,time_key	direction	95% BCa bootstrap CI clustered by PubChem compound; uncertainty is over the observed compound panel, not broader chemical space.
l1000_phase1	l1000_phase2	logFC	strict_matched_condition	cosine	per_gene_population_zscore_dataset_cell_type	reviewer_dataset_cell_type_retrieval_dataset_pair	source_centroid_similarity	source_centroid_similarity	0.1893722231137044	0.16981003228706662	0.21233124603701314	0.021260606874973262	bca	ok	0.95	2000	2000	21857	21576	257	query_pubchem_cid	direction,cell_type,time_key	direction	95% BCa bootstrap CI clustered by PubChem compound; uncertainty is over the observed compound panel, not broader chemical space.
l1000_phase1	l1000_phase2	logFC	strict_matched_condition	cosine	per_gene_population_zscore_dataset_cell_type	reviewer_dataset_cell_type_retrieval_dataset_pair	source_centroid_normalized_rank	source_centroid_normalized_rank	0.7384621441714333	0.7148695707590913	0.7618642844916665	0.023497356866287622	bca	ok	0.95	2000	2000	21857	21576	257	query_pubchem_cid	direction,cell_type,time_key	direction	95% BCa bootstrap CI clustered by PubChem compound; uncertainty is over the observed compound panel, not broader chemical space.
l1000_phase1	l1000_phase2	logFC	strict_matched_condition	cosine	per_gene_population_zscore_dataset_cell_type	reviewer_dataset_cell_type_retrieval_dataset_pair	source_centroid_recall_at_1	source_centroid_recall_at_1	0.1959431444542251	0.15169036229652835	0.23786238865681816	0.043086013180144905	bca	ok	0.95	2000	2000	21857	21576	257	query_pubchem_cid	direction,cell_type,time_key	direction	95% BCa bootstrap CI clustered by PubChem compound; uncertainty is over the observed compound panel, not broader chemical space.
l1000_phase1	l1000_phase2	logFC	strict_matched_condition	cosine	per_gene_population_zscore_dataset_cell_type	reviewer_dataset_cell_type_retrieval_dataset_pair	source_centroid_auroc	source_centroid_auroc	0.7384621441714333	0.7135406816583182	0.7627655620844219	0.024612440213051867	bca	ok	0.95	2000	2000	21857	21576	257	query_pubchem_cid	direction,cell_type,time_key	direction	95% BCa bootstrap CI clustered by PubChem compound; uncertainty is over the observed compound panel, not broader chemical space.
l1000_phase1	l1000_phase2	logFC	strict_matched_condition	cosine	per_gene_population_zscore_dataset_cell_type	reviewer_dataset_cell_type_retrieval_dataset_pair	target_centroid_similarity	target_centroid_similarity	0.09447633882685624	0.07442269328540045	0.12200988109267594	0.023793593903637743	bca	ok	0.95	2000	2000	21857	21442	257	query_pubchem_cid	direction,cell_type,time_key	direction	95% BCa bootstrap CI clustered by PubChem compound; uncertainty is over the observed compound panel, not broader chemical space.
l1000_phase1	l1000_phase2	logFC	strict_matched_condition	cosine	per_gene_population_zscore_dataset_cell_type	reviewer_dataset_cell_type_retrieval_dataset_pair	target_centroid_normalized_rank	target_centroid_normalized_rank	0.6022055765742316	0.5800577079274248	0.6342898154014259	0.027116053737000545	bca	ok	0.95	2000	2000	21857	21442	257	query_pubchem_cid	direction,cell_type,time_key	direction	95% BCa bootstrap CI clustered by PubChem compound; uncertainty is over the observed compound panel, not broader chemical space.
l1000_phase1	l1000_phase2	logFC	strict_matched_condition	cosine	per_gene_population_zscore_dataset_cell_type	reviewer_dataset_cell_type_retrieval_dataset_pair	target_centroid_recall_at_1	target_centroid_recall_at_1	0.010738683741832483	0.005445653600266685	0.02194100413572414	0.008247675267728728	bca	ok	0.95	2000	2000	21857	21442	257	query_pubchem_cid	direction,cell_type,time_key	direction	95% BCa bootstrap CI clustered by PubChem compound; uncertainty is over the observed compound panel, not broader chemical space.
l1000_phase1	l1000_phase2	logFC	strict_matched_condition	cosine	per_gene_population_zscore_dataset_cell_type	reviewer_dataset_cell_type_retrieval_dataset_pair	target_centroid_auroc	target_centroid_auroc	0.6022705704918158	0.5788737905218301	0.6327543585242951	0.026940284001232495	bca	ok	0.95	2000	2000	21857	21442	257	query_pubchem_cid	direction,cell_type,time_key	direction	95% BCa bootstrap CI clustered by PubChem compound; uncertainty is over the observed compound panel, not broader chemical space.
l1000_phase1	l1000_phase2	logFC	strict_matched_condition	cosine	per_gene_population_zscore_dataset_cell_type	reviewer_dataset_cell_type_retrieval_dataset_pair	source_peer_normalized_rank	source_peer_normalized_rank	0.6005444224341348	0.5860159549954121	0.6159504517930051	0.014967248398796484	bca	ok	0.95	2000	2000	21857	21576	257	query_pubchem_cid	direction,cell_type,time_key	direction	95% BCa bootstrap CI clustered by PubChem compound; uncertainty is over the observed compound panel, not broader chemical space.
l1000_phase1	l1000_phase2	logFC	strict_matched_condition	cosine	per_gene_population_zscore_dataset_cell_type	reviewer_dataset_cell_type_retrieval_dataset_pair	target_peer_normalized_rank	target_peer_normalized_rank	0.5334042906025245	0.5267831508020786	0.5427318338292139	0.007974341513567629	bca	ok	0.95	2000	2000	21857	21442	257	query_pubchem_cid	direction,cell_type,time_key	direction	95% BCa bootstrap CI clustered by PubChem compound; uncertainty is over the observed compound panel, not broader chemical space.
l1000_phase1	l1000_phase2	logFC	strict_matched_condition	cosine	per_gene_population_zscore_dataset_cell_type	reviewer_dataset_cell_type_retrieval_dataset_pair	delta_vs_source_peer_normalized_rank	delta_vs_source_peer_normalized_rank	0.19442442487329992	0.1491253274591082	0.2389818728505718	0.0449282726957318	bca	ok	0.95	2000	2000	21857	21576	257	query_pubchem_cid	direction,cell_type,time_key	direction	95% BCa bootstrap CI clustered by PubChem compound; uncertainty is over the observed compound panel, not broader chemical space.
l1000_phase1	l1000_phase2	logFC	strict_matched_condition	cosine	per_gene_population_zscore_dataset_cell_type	reviewer_dataset_cell_type_retrieval_dataset_pair	delta_vs_target_peer_normalized_rank	delta_vs_target_peer_normalized_rank	0.2580931825665052	0.21970465831909197	0.29861447157201015	0.03945490662645909	bca	ok	0.95	2000	2000	21857	21442	257	query_pubchem_cid	direction,cell_type,time_key	direction	95% BCa bootstrap CI clustered by PubChem compound; uncertainty is over the observed compound panel, not broader chemical space.
l1000_phase1	l1000_phase2	logFC	strict_matched_condition	cosine	per_gene_population_zscore_dataset_cell_type	reviewer_dataset_cell_type_retrieval_dataset_pair	target_decoy_null_normalized_best_positive_rank	target_decoy_null_normalized_best_positive_rank	0.7819080128511906	0.7692463317115895	0.8048566212685293	0.017805144778469895	bca	ok	0.95	2000	2000	21857	21857	257	query_pubchem_cid	direction,cell_type,time_key	direction	95% BCa bootstrap CI clustered by PubChem compound; uncertainty is over the observed compound panel, not broader chemical space.
l1000_phase1	l1000_phase2	logFC	strict_matched_condition	cosine	per_gene_population_zscore_dataset_cell_type	reviewer_dataset_cell_type_retrieval_dataset_pair	delta_vs_target_decoy_null_normalized_best_positive_rank	delta_vs_target_decoy_null_normalized_best_positive_rank	0.014444196582913297	-0.014095559797205122	0.038816254213264303	0.026455907005234713	bca	ok	0.95	2000	2000	21857	21857	257	query_pubchem_cid	direction,cell_type,time_key	direction	95% BCa bootstrap CI clustered by PubChem compound; uncertainty is over the observed compound panel, not broader chemical space.
l1000_phase1	l1000_phase2	logFC	strict_matched_condition	spearman	per_gene_population_zscore_dataset_cell_type	reviewer_dataset_cell_type_retrieval_dataset_pair	observed_normalized_best_positive_rank	observed_normalized_best_positive_rank	0.7949766784958466	0.7666909865250211	0.8349969160697507	0.03415296477236479	bca	ok	0.95	2000	2000	21857	21857	257	query_pubchem_cid	direction,cell_type,time_key	direction	95% BCa bootstrap CI clustered by PubChem compound; uncertainty is over the observed compound panel, not broader chemical space.
l1000_phase1	l1000_phase2	logFC	strict_matched_condition	spearman	per_gene_population_zscore_dataset_cell_type	reviewer_dataset_cell_type_retrieval_dataset_pair	observed_recall_at_1	observed_recall_at_1	0.24528212492658674	0.17804749685457374	0.35300667955982085	0.08747959135262355	bca	ok	0.95	2000	2000	21857	21857	257	query_pubchem_cid	direction,cell_type,time_key	direction	95% BCa bootstrap CI clustered by PubChem compound; uncertainty is over the observed compound panel, not broader chemical space.
l1000_phase1	l1000_phase2	logFC	strict_matched_condition	spearman	per_gene_population_zscore_dataset_cell_type	reviewer_dataset_cell_type_retrieval_dataset_pair	observed_auroc	observed_auroc	0.7927070171772221	0.7598815237911062	0.8337437297209369	0.03693110296491536	bca	ok	0.95	2000	2000	21857	21857	257	query_pubchem_cid	direction,cell_type,time_key	direction	95% BCa bootstrap CI clustered by PubChem compound; uncertainty is over the observed compound panel, not broader chemical space.
l1000_phase1	l1000_phase2	logFC	strict_matched_condition	spearman	per_gene_population_zscore_dataset_cell_type	reviewer_dataset_cell_type_retrieval_dataset_pair	observed_best_positive_similarity	observed_best_positive_similarity	0.24546833369009444	0.19496489893848648	0.3349621465445296	0.06999862380302156	bca	ok	0.95	2000	2000	21857	21857	257	query_pubchem_cid	direction,cell_type,time_key	direction	95% BCa bootstrap CI clustered by PubChem compound; uncertainty is over the observed compound panel, not broader chemical space.
l1000_phase1	l1000_phase2	logFC	strict_matched_condition	spearman	per_gene_population_zscore_dataset_cell_type	reviewer_dataset_cell_type_retrieval_dataset_pair	random_normalized_best_positive_rank	random_normalized_best_positive_rank					not_estimable	too_few_clusters_or_values	0.95	2000	0	21857	0	0	query_pubchem_cid	direction,cell_type,time_key	direction	95% BCa bootstrap CI clustered by PubChem compound; uncertainty is over the observed compound panel, not broader chemical space.
l1000_phase1	l1000_phase2	logFC	strict_matched_condition	spearman	per_gene_population_zscore_dataset_cell_type	reviewer_dataset_cell_type_retrieval_dataset_pair	random_recall_at_1	random_recall_at_1					not_estimable	too_few_clusters_or_values	0.95	2000	0	21857	0	0	query_pubchem_cid	direction,cell_type,time_key	direction	95% BCa bootstrap CI clustered by PubChem compound; uncertainty is over the observed compound panel, not broader chemical space.
l1000_phase1	l1000_phase2	logFC	strict_matched_condition	spearman	per_gene_population_zscore_dataset_cell_type	reviewer_dataset_cell_type_retrieval_dataset_pair	random_auroc	random_auroc					not_estimable	too_few_clusters_or_values	0.95	2000	0	21857	0	0	query_pubchem_cid	direction,cell_type,time_key	direction	95% BCa bootstrap CI clustered by PubChem compound; uncertainty is over the observed compound panel, not broader chemical space.
l1000_phase1	l1000_phase2	logFC	strict_matched_condition	spearman	per_gene_population_zscore_dataset_cell_type	reviewer_dataset_cell_type_retrieval_dataset_pair	delta_vs_random_normalized_best_positive_rank	delta_vs_random_normalized_best_positive_rank	0.013068665644656093	-0.011729006275206072	0.035809025318272264	0.02376901579673917	bca	ok	0.95	2000	2000	21857	21857	257	query_pubchem_cid	direction,cell_type,time_key	direction	95% BCa bootstrap CI clustered by PubChem compound; uncertainty is over the observed compound panel, not broader chemical space.
l1000_phase1	l1000_phase2	logFC	strict_matched_condition	spearman	per_gene_population_zscore_dataset_cell_type	reviewer_dataset_cell_type_retrieval_dataset_pair	source_individual_n_peers	source_individual_n_peers	228.03093011686659	216.2984148490111	238.11756172140863	10.90957343619877	bca	ok	0.95	2000	2000	21857	21857	257	query_pubchem_cid	direction,cell_type,time_key	direction	95% BCa bootstrap CI clustered by PubChem compound; uncertainty is over the observed compound panel, not broader chemical space.
l1000_phase1	l1000_phase2	logFC	strict_matched_condition	spearman	per_gene_population_zscore_dataset_cell_type	reviewer_dataset_cell_type_retrieval_dataset_pair	source_individual_mean_similarity	source_individual_mean_similarity	0.08350929853690921	0.07584976178746126	0.08963050121009944	0.006890369711319087	bca	ok	0.95	2000	2000	21857	21576	257	query_pubchem_cid	direction,cell_type,time_key	direction	95% BCa bootstrap CI clustered by PubChem compound; uncertainty is over the observed compound panel, not broader chemical space.
l1000_phase1	l1000_phase2	logFC	strict_matched_condition	spearman	per_gene_population_zscore_dataset_cell_type	reviewer_dataset_cell_type_retrieval_dataset_pair	source_individual_sd_similarity	source_individual_sd_similarity	0.15632493906867123	0.15148661785371612	0.16112909742845888	0.004821239787371381	bca	ok	0.95	2000	2000	21857	21573	257	query_pubchem_cid	direction,cell_type,time_key	direction	95% BCa bootstrap CI clustered by PubChem compound; uncertainty is over the observed compound panel, not broader chemical space.
l1000_phase1	l1000_phase2	logFC	strict_matched_condition	spearman	per_gene_population_zscore_dataset_cell_type	reviewer_dataset_cell_type_retrieval_dataset_pair	source_individual_n_below_observed	source_individual_n_below_observed	172.56961139336119	160.9115223529486	183.77996011311157	11.434218880081488	bca	ok	0.95	2000	2000	21857	21857	257	query_pubchem_cid	direction,cell_type,time_key	direction	95% BCa bootstrap CI clustered by PubChem compound; uncertainty is over the observed compound panel, not broader chemical space.
l1000_phase1	l1000_phase2	logFC	strict_matched_condition	spearman	per_gene_population_zscore_dataset_cell_type	reviewer_dataset_cell_type_retrieval_dataset_pair	source_individual_fraction_below_observed	source_individual_fraction_below_observed	0.6832659618336868	0.6376915900839043	0.7474610211076834	0.05488471551188956	bca	ok	0.95	2000	2000	21857	21576	257	query_pubchem_cid	direction,cell_type,time_key	direction	95% BCa bootstrap CI clustered by PubChem compound; uncertainty is over the observed compound panel, not broader chemical space.
l1000_phase1	l1000_phase2	logFC	strict_matched_condition	spearman	per_gene_population_zscore_dataset_cell_type	reviewer_dataset_cell_type_retrieval_dataset_pair	source_individual_corrected_percentile	source_individual_corrected_percentile	0.6912090699082125	0.6439747425811598	0.7488429040426803	0.052434080730760224	bca	ok	0.95	2000	2000	21857	21576	257	query_pubchem_cid	direction,cell_type,time_key	direction	95% BCa bootstrap CI clustered by PubChem compound; uncertainty is over the observed compound panel, not broader chemical space.
l1000_phase1	l1000_phase2	logFC	strict_matched_condition	spearman	per_gene_population_zscore_dataset_cell_type	reviewer_dataset_cell_type_retrieval_dataset_pair	target_individual_n_peers	target_individual_n_peers	221.5625852702036	210.37491301618172	231.8534615841762	10.739274283997233	bca	ok	0.95	2000	2000	21857	21857	257	query_pubchem_cid	direction,cell_type,time_key	direction	95% BCa bootstrap CI clustered by PubChem compound; uncertainty is over the observed compound panel, not broader chemical space.
l1000_phase1	l1000_phase2	logFC	strict_matched_condition	spearman	per_gene_population_zscore_dataset_cell_type	reviewer_dataset_cell_type_retrieval_dataset_pair	target_individual_mean_similarity	target_individual_mean_similarity	0.034747989006252866	0.029209643936364736	0.04187487425805992	0.006332615160847592	bca	ok	0.95	2000	2000	21857	21442	257	query_pubchem_cid	direction,cell_type,time_key	direction	95% BCa bootstrap CI clustered by PubChem compound; uncertainty is over the observed compound panel, not broader chemical space.
l1000_phase1	l1000_phase2	logFC	strict_matched_condition	spearman	per_gene_population_zscore_dataset_cell_type	reviewer_dataset_cell_type_retrieval_dataset_pair	target_individual_sd_similarity	target_individual_sd_similarity	0.12401413497118229	0.11885121358552708	0.1295747115183722	0.005361748966422553	bca	ok	0.95	2000	2000	21857	21438	257	query_pubchem_cid	direction,cell_type,time_key	direction	95% BCa bootstrap CI clustered by PubChem compound; uncertainty is over the observed compound panel, not broader chemical space.
l1000_phase1	l1000_phase2	logFC	strict_matched_condition	spearman	per_gene_population_zscore_dataset_cell_type	reviewer_dataset_cell_type_retrieval_dataset_pair	target_individual_n_below_observed	target_individual_n_below_observed	180.02639813688316	168.70421104282303	190.49537481854955	10.895581887863258	bca	ok	0.95	2000	2000	21857	21857	257	query_pubchem_cid	direction,cell_type,time_key	direction	95% BCa bootstrap CI clustered by PubChem compound; uncertainty is over the observed compound panel, not broader chemical space.
l1000_phase1	l1000_phase2	logFC	strict_matched_condition	spearman	per_gene_population_zscore_dataset_cell_type	reviewer_dataset_cell_type_retrieval_dataset_pair	target_individual_fraction_below_observed	target_individual_fraction_below_observed	0.7797069921259533	0.7464886850225779	0.8209128337038706	0.03721207434064633	bca	ok	0.95	2000	2000	21857	21442	257	query_pubchem_cid	direction,cell_type,time_key	direction	95% BCa bootstrap CI clustered by PubChem compound; uncertainty is over the observed compound panel, not broader chemical space.
l1000_phase1	l1000_phase2	logFC	strict_matched_condition	spearman	per_gene_population_zscore_dataset_cell_type	reviewer_dataset_cell_type_retrieval_dataset_pair	target_individual_corrected_percentile	target_individual_corrected_percentile	0.7841425304331029	0.7514798155539226	0.8240827239882007	0.03630145421713904	bca	ok	0.95	2000	2000	21857	21442	257	query_pubchem_cid	direction,cell_type,time_key	direction	95% BCa bootstrap CI clustered by PubChem compound; uncertainty is over the observed compound panel, not broader chemical space.
l1000_phase1	l1000_phase2	logFC	strict_matched_condition	spearman	per_gene_population_zscore_dataset_cell_type	reviewer_dataset_cell_type_retrieval_dataset_pair	source_centroid_similarity	source_centroid_similarity	0.18067147572958864	0.16040783433175743	0.20188976527787825	0.02074096547306041	bca	ok	0.95	2000	2000	21857	21576	257	query_pubchem_cid	direction,cell_type,time_key	direction	95% BCa bootstrap CI clustered by PubChem compound; uncertainty is over the observed compound panel, not broader chemical space.
l1000_phase1	l1000_phase2	logFC	strict_matched_condition	spearman	per_gene_population_zscore_dataset_cell_type	reviewer_dataset_cell_type_retrieval_dataset_pair	source_centroid_normalized_rank	source_centroid_normalized_rank	0.7196762529207456	0.6851377013937717	0.7471382787465365	0.03100028867638238	bca	ok	0.95	2000	2000	21857	21576	257	query_pubchem_cid	direction,cell_type,time_key	direction	95% BCa bootstrap CI clustered by PubChem compound; uncertainty is over the observed compound panel, not broader chemical space.
l1000_phase1	l1000_phase2	logFC	strict_matched_condition	spearman	per_gene_population_zscore_dataset_cell_type	reviewer_dataset_cell_type_retrieval_dataset_pair	source_centroid_recall_at_1	source_centroid_recall_at_1	0.17712578194692513	0.14201404610094132	0.21693245103016917	0.03745920246461393	bca	ok	0.95	2000	2000	21857	21576	257	query_pubchem_cid	direction,cell_type,time_key	direction	95% BCa bootstrap CI clustered by PubChem compound; uncertainty is over the observed compound panel, not broader chemical space.
l1000_phase1	l1000_phase2	logFC	strict_matched_condition	spearman	per_gene_population_zscore_dataset_cell_type	reviewer_dataset_cell_type_retrieval_dataset_pair	source_centroid_auroc	source_centroid_auroc	0.7196762529207456	0.6844300367951968	0.747169827432702	0.031369895318752616	bca	ok	0.95	2000	2000	21857	21576	257	query_pubchem_cid	direction,cell_type,time_key	direction	95% BCa bootstrap CI clustered by PubChem compound; uncertainty is over the observed compound panel, not broader chemical space.
l1000_phase1	l1000_phase2	logFC	strict_matched_condition	spearman	per_gene_population_zscore_dataset_cell_type	reviewer_dataset_cell_type_retrieval_dataset_pair	target_centroid_similarity	target_centroid_similarity	0.08704389371021672	0.06698116953617964	0.11507392223994298	0.02404637635188167	bca	ok	0.95	2000	2000	21857	21442	257	query_pubchem_cid	direction,cell_type,time_key	direction	95% BCa bootstrap CI clustered by PubChem compound; uncertainty is over the observed compound panel, not broader chemical space.
l1000_phase1	l1000_phase2	logFC	strict_matched_condition	spearman	per_gene_population_zscore_dataset_cell_type	reviewer_dataset_cell_type_retrieval_dataset_pair	target_centroid_normalized_rank	target_centroid_normalized_rank	0.5834803257318171	0.5588284057765508	0.618493850282255	0.029832722252852106	bca	ok	0.95	2000	2000	21857	21442	257	query_pubchem_cid	direction,cell_type,time_key	direction	95% BCa bootstrap CI clustered by PubChem compound; uncertainty is over the observed compound panel, not broader chemical space.
l1000_phase1	l1000_phase2	logFC	strict_matched_condition	spearman	per_gene_population_zscore_dataset_cell_type	reviewer_dataset_cell_type_retrieval_dataset_pair	target_centroid_recall_at_1	target_centroid_recall_at_1	0.0108163677930158	0.0068077594291374305	0.016620123183848808	0.004906181877355689	bca	ok	0.95	2000	2000	21857	21442	257	query_pubchem_cid	direction,cell_type,time_key	direction	95% BCa bootstrap CI clustered by PubChem compound; uncertainty is over the observed compound panel, not broader chemical space.
l1000_phase1	l1000_phase2	logFC	strict_matched_condition	spearman	per_gene_population_zscore_dataset_cell_type	reviewer_dataset_cell_type_retrieval_dataset_pair	target_centroid_auroc	target_centroid_auroc	0.5839901329717874	0.5585091900671404	0.6184343806109707	0.029962595271915138	bca	ok	0.95	2000	2000	21857	21442	257	query_pubchem_cid	direction,cell_type,time_key	direction	95% BCa bootstrap CI clustered by PubChem compound; uncertainty is over the observed compound panel, not broader chemical space.
l1000_phase1	l1000_phase2	logFC	strict_matched_condition	spearman	per_gene_population_zscore_dataset_cell_type	reviewer_dataset_cell_type_retrieval_dataset_pair	source_peer_normalized_rank	source_peer_normalized_rank	0.6022642660548636	0.5855290142896026	0.6184866466559452	0.01647881618317132	bca	ok	0.95	2000	2000	21857	21576	257	query_pubchem_cid	direction,cell_type,time_key	direction	95% BCa bootstrap CI clustered by PubChem compound; uncertainty is over the observed compound panel, not broader chemical space.
l1000_phase1	l1000_phase2	logFC	strict_matched_condition	spearman	per_gene_population_zscore_dataset_cell_type	reviewer_dataset_cell_type_retrieval_dataset_pair	target_peer_normalized_rank	target_peer_normalized_rank	0.5334951575877229	0.5261981013709586	0.5397151113875567	0.006758505008299054	bca	ok	0.95	2000	2000	21857	21442	257	query_pubchem_cid	direction,cell_type,time_key	direction	95% BCa bootstrap CI clustered by PubChem compound; uncertainty is over the observed compound panel, not broader chemical space.
l1000_phase1	l1000_phase2	logFC	strict_matched_condition	spearman	per_gene_population_zscore_dataset_cell_type	reviewer_dataset_cell_type_retrieval_dataset_pair	delta_vs_source_peer_normalized_rank	delta_vs_source_peer_normalized_rank	0.1918562199269606	0.1488778726839358	0.2363156652298993	0.043718896272981755	bca	ok	0.95	2000	2000	21857	21576	257	query_pubchem_cid	direction,cell_type,time_key	direction	95% BCa bootstrap CI clustered by PubChem compound; uncertainty is over the observed compound panel, not broader chemical space.
l1000_phase1	l1000_phase2	logFC	strict_matched_condition	spearman	per_gene_population_zscore_dataset_cell_type	reviewer_dataset_cell_type_retrieval_dataset_pair	delta_vs_target_peer_normalized_rank	delta_vs_target_peer_normalized_rank	0.2574354135775453	0.2241757285950278	0.29635161694190165	0.03608794417343693	bca	ok	0.95	2000	2000	21857	21442	257	query_pubchem_cid	direction,cell_type,time_key	direction	95% BCa bootstrap CI clustered by PubChem compound; uncertainty is over the observed compound panel, not broader chemical space.
l1000_phase1	l1000_phase2	logFC	strict_matched_condition	spearman	per_gene_population_zscore_dataset_cell_type	reviewer_dataset_cell_type_retrieval_dataset_pair	target_decoy_null_normalized_best_positive_rank	target_decoy_null_normalized_best_positive_rank	0.7819080128511906	0.7690321929429176	0.8050765729842037	0.018022190020643036	bca	ok	0.95	2000	2000	21857	21857	257	query_pubchem_cid	direction,cell_type,time_key	direction	95% BCa bootstrap CI clustered by PubChem compound; uncertainty is over the observed compound panel, not broader chemical space.
l1000_phase1	l1000_phase2	logFC	strict_matched_condition	spearman	per_gene_population_zscore_dataset_cell_type	reviewer_dataset_cell_type_retrieval_dataset_pair	delta_vs_target_decoy_null_normalized_best_positive_rank	delta_vs_target_decoy_null_normalized_best_positive_rank	0.013068665644656093	-0.010934644969590434	0.036399709035992336	0.023667177002791386	bca	ok	0.95	2000	2000	21857	21857	257	query_pubchem_cid	direction,cell_type,time_key	direction	95% BCa bootstrap CI clustered by PubChem compound; uncertainty is over the observed compound panel, not broader chemical space.
l1000_phase1	tahoe	logFC	strict_matched_condition	cosine	per_gene_population_zscore_dataset_cell_type	reviewer_dataset_cell_type_retrieval_dataset_pair	observed_normalized_best_positive_rank	observed_normalized_best_positive_rank	0.6661291978967945	0.597852864036008	0.7367707874278151	0.06945896169590354	bca	ok	0.95	2000	2000	692	692	86	query_pubchem_cid	direction,cell_type,time_key	direction	95% BCa bootstrap CI clustered by PubChem compound; uncertainty is over the observed compound panel, not broader chemical space.
l1000_phase1	tahoe	logFC	strict_matched_condition	cosine	per_gene_population_zscore_dataset_cell_type	reviewer_dataset_cell_type_retrieval_dataset_pair	observed_recall_at_1	observed_recall_at_1	0.09703059777305906	0.0436255487282586	0.16722257380540437	0.06179851253857288	bca	ok	0.95	2000	2000	692	692	86	query_pubchem_cid	direction,cell_type,time_key	direction	95% BCa bootstrap CI clustered by PubChem compound; uncertainty is over the observed compound panel, not broader chemical space.
l1000_phase1	tahoe	logFC	strict_matched_condition	cosine	per_gene_population_zscore_dataset_cell_type	reviewer_dataset_cell_type_retrieval_dataset_pair	observed_auroc	observed_auroc	0.6649039731497464	0.5859540788969393	0.7271106051454497	0.07057826312425519	bca	ok	0.95	2000	2000	692	692	86	query_pubchem_cid	direction,cell_type,time_key	direction	95% BCa bootstrap CI clustered by PubChem compound; uncertainty is over the observed compound panel, not broader chemical space.
l1000_phase1	tahoe	logFC	strict_matched_condition	cosine	per_gene_population_zscore_dataset_cell_type	reviewer_dataset_cell_type_retrieval_dataset_pair	observed_best_positive_similarity	observed_best_positive_similarity	0.07466061140908523	0.042333015456459594	0.11870230632028769	0.03818464543191405	bca	ok	0.95	2000	2000	692	692	86	query_pubchem_cid	direction,cell_type,time_key	direction	95% BCa bootstrap CI clustered by PubChem compound; uncertainty is over the observed compound panel, not broader chemical space.
l1000_phase1	tahoe	logFC	strict_matched_condition	cosine	per_gene_population_zscore_dataset_cell_type	reviewer_dataset_cell_type_retrieval_dataset_pair	random_normalized_best_positive_rank	random_normalized_best_positive_rank					not_estimable	too_few_clusters_or_values	0.95	2000	0	692	0	0	query_pubchem_cid	direction,cell_type,time_key	direction	95% BCa bootstrap CI clustered by PubChem compound; uncertainty is over the observed compound panel, not broader chemical space.
l1000_phase1	tahoe	logFC	strict_matched_condition	cosine	per_gene_population_zscore_dataset_cell_type	reviewer_dataset_cell_type_retrieval_dataset_pair	random_recall_at_1	random_recall_at_1					not_estimable	too_few_clusters_or_values	0.95	2000	0	692	0	0	query_pubchem_cid	direction,cell_type,time_key	direction	95% BCa bootstrap CI clustered by PubChem compound; uncertainty is over the observed compound panel, not broader chemical space.
l1000_phase1	tahoe	logFC	strict_matched_condition	cosine	per_gene_population_zscore_dataset_cell_type	reviewer_dataset_cell_type_retrieval_dataset_pair	random_auroc	random_auroc					not_estimable	too_few_clusters_or_values	0.95	2000	0	692	0	0	query_pubchem_cid	direction,cell_type,time_key	direction	95% BCa bootstrap CI clustered by PubChem compound; uncertainty is over the observed compound panel, not broader chemical space.
l1000_phase1	tahoe	logFC	strict_matched_condition	cosine	per_gene_population_zscore_dataset_cell_type	reviewer_dataset_cell_type_retrieval_dataset_pair	delta_vs_random_normalized_best_positive_rank	delta_vs_random_normalized_best_positive_rank	0.023378266530815914	-0.05195052285114715	0.09724863764364891	0.07459958024739803	bca	ok	0.95	2000	2000	692	692	86	query_pubchem_cid	direction,cell_type,time_key	direction	95% BCa bootstrap CI clustered by PubChem compound; uncertainty is over the observed compound panel, not broader chemical space.
l1000_phase1	tahoe	logFC	strict_matched_condition	cosine	per_gene_population_zscore_dataset_cell_type	reviewer_dataset_cell_type_retrieval_dataset_pair	source_individual_n_peers	source_individual_n_peers	254.5253987074502	223.54251992192363	275.84639201974244	26.151936048909405	bca	ok	0.95	2000	2000	692	692	86	query_pubchem_cid	direction,cell_type,time_key	direction	95% BCa bootstrap CI clustered by PubChem compound; uncertainty is over the observed compound panel, not broader chemical space.
l1000_phase1	tahoe	logFC	strict_matched_condition	cosine	per_gene_population_zscore_dataset_cell_type	reviewer_dataset_cell_type_retrieval_dataset_pair	source_individual_mean_similarity	source_individual_mean_similarity	0.039855184628278875	0.029049664077294132	0.05027621933939062	0.010613277631048242	bca	ok	0.95	2000	2000	692	675	86	query_pubchem_cid	direction,cell_type,time_key	direction	95% BCa bootstrap CI clustered by PubChem compound; uncertainty is over the observed compound panel, not broader chemical space.
l1000_phase1	tahoe	logFC	strict_matched_condition	cosine	per_gene_population_zscore_dataset_cell_type	reviewer_dataset_cell_type_retrieval_dataset_pair	source_individual_sd_similarity	source_individual_sd_similarity	0.14456711922977838	0.1348078865546465	0.15558818604273178	0.010390149744042634	bca	ok	0.95	2000	2000	692	675	86	query_pubchem_cid	direction,cell_type,time_key	direction	95% BCa bootstrap CI clustered by PubChem compound; uncertainty is over the observed compound panel, not broader chemical space.
l1000_phase1	tahoe	logFC	strict_matched_condition	cosine	per_gene_population_zscore_dataset_cell_type	reviewer_dataset_cell_type_retrieval_dataset_pair	source_individual_n_below_observed	source_individual_n_below_observed	146.50842271248388	129.717216319632	162.75614423818294	16.51946395927547	bca	ok	0.95	2000	2000	692	692	86	query_pubchem_cid	direction,cell_type,time_key	direction	95% BCa bootstrap CI clustered by PubChem compound; uncertainty is over the observed compound panel, not broader chemical space.
l1000_phase1	tahoe	logFC	strict_matched_condition	cosine	per_gene_population_zscore_dataset_cell_type	reviewer_dataset_cell_type_retrieval_dataset_pair	source_individual_fraction_below_observed	source_individual_fraction_below_observed	0.5666861672442118	0.5093010358285114	0.6435922175686654	0.06714559087007699	bca	ok	0.95	2000	2000	692	675	86	query_pubchem_cid	direction,cell_type,time_key	direction	95% BCa bootstrap CI clustered by PubChem compound; uncertainty is over the observed compound panel, not broader chemical space.
l1000_phase1	tahoe	logFC	strict_matched_condition	cosine	per_gene_population_zscore_dataset_cell_type	reviewer_dataset_cell_type_retrieval_dataset_pair	source_individual_corrected_percentile	source_individual_corrected_percentile	0.5750938009821571	0.5212487868701327	0.6456046684573012	0.062177940793584296	bca	ok	0.95	2000	2000	692	675	86	query_pubchem_cid	direction,cell_type,time_key	direction	95% BCa bootstrap CI clustered by PubChem compound; uncertainty is over the observed compound panel, not broader chemical space.
l1000_phase1	tahoe	logFC	strict_matched_condition	cosine	per_gene_population_zscore_dataset_cell_type	reviewer_dataset_cell_type_retrieval_dataset_pair	target_individual_n_peers	target_individual_n_peers	252.84893210436925	223.9594168948502	275.6738352095499	25.857209157349857	bca	ok	0.95	2000	2000	692	692	86	query_pubchem_cid	direction,cell_type,time_key	direction	95% BCa bootstrap CI clustered by PubChem compound; uncertainty is over the observed compound panel, not broader chemical space.
l1000_phase1	tahoe	logFC	strict_matched_condition	cosine	per_gene_population_zscore_dataset_cell_type	reviewer_dataset_cell_type_retrieval_dataset_pair	target_individual_mean_similarity	target_individual_mean_similarity	0.0039029681233796235	-0.0003903675078835475	0.007878445423583664	0.0041344064657336055	bca	ok	0.95	2000	2000	692	687	86	query_pubchem_cid	direction,cell_type,time_key	direction	95% BCa bootstrap CI clustered by PubChem compound; uncertainty is over the observed compound panel, not broader chemical space.
l1000_phase1	tahoe	logFC	strict_matched_condition	cosine	per_gene_population_zscore_dataset_cell_type	reviewer_dataset_cell_type_retrieval_dataset_pair	target_individual_sd_similarity	target_individual_sd_similarity	0.06091274133410003	0.05712052006265561	0.06509994474646609	0.00398971234190524	bca	ok	0.95	2000	2000	692	687	86	query_pubchem_cid	direction,cell_type,time_key	direction	95% BCa bootstrap CI clustered by PubChem compound; uncertainty is over the observed compound panel, not broader chemical space.
l1000_phase1	tahoe	logFC	strict_matched_condition	cosine	per_gene_population_zscore_dataset_cell_type	reviewer_dataset_cell_type_retrieval_dataset_pair	target_individual_n_below_observed	target_individual_n_below_observed	154.9931923745197	134.80758303174323	176.65111120907994	20.921764088668354	bca	ok	0.95	2000	2000	692	692	86	query_pubchem_cid	direction,cell_type,time_key	direction	95% BCa bootstrap CI clustered by PubChem compound; uncertainty is over the observed compound panel, not broader chemical space.
l1000_phase1	tahoe	logFC	strict_matched_condition	cosine	per_gene_population_zscore_dataset_cell_type	reviewer_dataset_cell_type_retrieval_dataset_pair	target_individual_fraction_below_observed	target_individual_fraction_below_observed	0.6651162596054037	0.5917141680269654	0.7367457194671102	0.0725157757200724	bca	ok	0.95	2000	2000	692	687	86	query_pubchem_cid	direction,cell_type,time_key	direction	95% BCa bootstrap CI clustered by PubChem compound; uncertainty is over the observed compound panel, not broader chemical space.
l1000_phase1	tahoe	logFC	strict_matched_condition	cosine	per_gene_population_zscore_dataset_cell_type	reviewer_dataset_cell_type_retrieval_dataset_pair	target_individual_corrected_percentile	target_individual_corrected_percentile	0.6709086582665289	0.5933101819911176	0.7414199072425175	0.07405486262569994	bca	ok	0.95	2000	2000	692	687	86	query_pubchem_cid	direction,cell_type,time_key	direction	95% BCa bootstrap CI clustered by PubChem compound; uncertainty is over the observed compound panel, not broader chemical space.
l1000_phase1	tahoe	logFC	strict_matched_condition	cosine	per_gene_population_zscore_dataset_cell_type	reviewer_dataset_cell_type_retrieval_dataset_pair	source_centroid_similarity	source_centroid_similarity	0.09673127416444485	0.06224030514226598	0.12723494162342713	0.03249731824058058	bca	ok	0.95	2000	2000	692	675	86	query_pubchem_cid	direction,cell_type,time_key	direction	95% BCa bootstrap CI clustered by PubChem compound; uncertainty is over the observed compound panel, not broader chemical space.
l1000_phase1	tahoe	logFC	strict_matched_condition	cosine	per_gene_population_zscore_dataset_cell_type	reviewer_dataset_cell_type_retrieval_dataset_pair	source_centroid_normalized_rank	source_centroid_normalized_rank	0.6878717191309041	0.6102939567450096	0.7487639913638184	0.0692350173094044	bca	ok	0.95	2000	2000	692	675	86	query_pubchem_cid	direction,cell_type,time_key	direction	95% BCa bootstrap CI clustered by PubChem compound; uncertainty is over the observed compound panel, not broader chemical space.
l1000_phase1	tahoe	logFC	strict_matched_condition	cosine	per_gene_population_zscore_dataset_cell_type	reviewer_dataset_cell_type_retrieval_dataset_pair	source_centroid_recall_at_1	source_centroid_recall_at_1	0.2892798590591601	0.21006028939977864	0.35971228825182905	0.0748259994260252	bca	ok	0.95	2000	2000	692	675	86	query_pubchem_cid	direction,cell_type,time_key	direction	95% BCa bootstrap CI clustered by PubChem compound; uncertainty is over the observed compound panel, not broader chemical space.
l1000_phase1	tahoe	logFC	strict_matched_condition	cosine	per_gene_population_zscore_dataset_cell_type	reviewer_dataset_cell_type_retrieval_dataset_pair	source_centroid_auroc	source_centroid_auroc	0.6878717191309041	0.6174590641696655	0.7492046585375742	0.06587279718395439	bca	ok	0.95	2000	2000	692	675	86	query_pubchem_cid	direction,cell_type,time_key	direction	95% BCa bootstrap CI clustered by PubChem compound; uncertainty is over the observed compound panel, not broader chemical space.
l1000_phase1	tahoe	logFC	strict_matched_condition	cosine	per_gene_population_zscore_dataset_cell_type	reviewer_dataset_cell_type_retrieval_dataset_pair	target_centroid_similarity	target_centroid_similarity	0.006687122979793446	-0.0035391108930125158	0.01863683491495133	0.011087972903981924	bca	ok	0.95	2000	2000	692	687	86	query_pubchem_cid	direction,cell_type,time_key	direction	95% BCa bootstrap CI clustered by PubChem compound; uncertainty is over the observed compound panel, not broader chemical space.
l1000_phase1	tahoe	logFC	strict_matched_condition	cosine	per_gene_population_zscore_dataset_cell_type	reviewer_dataset_cell_type_retrieval_dataset_pair	target_centroid_normalized_rank	target_centroid_normalized_rank	0.5169679443357239	0.48052225506500906	0.5574254894271388	0.03845161718106485	bca	ok	0.95	2000	2000	692	687	86	query_pubchem_cid	direction,cell_type,time_key	direction	95% BCa bootstrap CI clustered by PubChem compound; uncertainty is over the observed compound panel, not broader chemical space.
l1000_phase1	tahoe	logFC	strict_matched_condition	cosine	per_gene_population_zscore_dataset_cell_type	reviewer_dataset_cell_type_retrieval_dataset_pair	target_centroid_recall_at_1	target_centroid_recall_at_1	0.0	0.0	0.0	0.0	degenerate	zero_bootstrap_variance	0.95	2000	2000	692	687	86	query_pubchem_cid	direction,cell_type,time_key	direction	95% BCa bootstrap CI clustered by PubChem compound; uncertainty is over the observed compound panel, not broader chemical space.
l1000_phase1	tahoe	logFC	strict_matched_condition	cosine	per_gene_population_zscore_dataset_cell_type	reviewer_dataset_cell_type_retrieval_dataset_pair	target_centroid_auroc	target_centroid_auroc	0.5169706068134257	0.47886104690177855	0.5585997038704845	0.039869328484352984	bca	ok	0.95	2000	2000	692	687	86	query_pubchem_cid	direction,cell_type,time_key	direction	95% BCa bootstrap CI clustered by PubChem compound; uncertainty is over the observed compound panel, not broader chemical space.
l1000_phase1	tahoe	logFC	strict_matched_condition	cosine	per_gene_population_zscore_dataset_cell_type	reviewer_dataset_cell_type_retrieval_dataset_pair	source_peer_normalized_rank	source_peer_normalized_rank	0.5663520804066128	0.5377432508919726	0.5892080841669189	0.025732416637473166	bca	ok	0.95	2000	2000	692	675	86	query_pubchem_cid	direction,cell_type,time_key	direction	95% BCa bootstrap CI clustered by PubChem compound; uncertainty is over the observed compound panel, not broader chemical space.
l1000_phase1	tahoe	logFC	strict_matched_condition	cosine	per_gene_population_zscore_dataset_cell_type	reviewer_dataset_cell_type_retrieval_dataset_pair	target_peer_normalized_rank	target_peer_normalized_rank	0.511293733354015	0.5010503363191496	0.5193237533064378	0.009136708493644063	bca	ok	0.95	2000	2000	692	687	86	query_pubchem_cid	direction,cell_type,time_key	direction	95% BCa bootstrap CI clustered by PubChem compound; uncertainty is over the observed compound panel, not broader chemical space.
l1000_phase1	tahoe	logFC	strict_matched_condition	cosine	per_gene_population_zscore_dataset_cell_type	reviewer_dataset_cell_type_retrieval_dataset_pair	delta_vs_source_peer_normalized_rank	delta_vs_source_peer_normalized_rank	0.09466023517260594	0.03375284766040815	0.160172393372031	0.06320977285581143	bca	ok	0.95	2000	2000	692	675	86	query_pubchem_cid	direction,cell_type,time_key	direction	95% BCa bootstrap CI clustered by PubChem compound; uncertainty is over the observed compound panel, not broader chemical space.
l1000_phase1	tahoe	logFC	strict_matched_condition	cosine	per_gene_population_zscore_dataset_cell_type	reviewer_dataset_cell_type_retrieval_dataset_pair	delta_vs_target_peer_normalized_rank	delta_vs_target_peer_normalized_rank	0.14871293617396275	0.07484777514376029	0.22036455303241634	0.07275838894432803	bca	ok	0.95	2000	2000	692	687	86	query_pubchem_cid	direction,cell_type,time_key	direction	95% BCa bootstrap CI clustered by PubChem compound; uncertainty is over the observed compound panel, not broader chemical space.
l1000_phase1	tahoe	logFC	strict_matched_condition	cosine	per_gene_population_zscore_dataset_cell_type	reviewer_dataset_cell_type_retrieval_dataset_pair	target_decoy_null_normalized_best_positive_rank	target_decoy_null_normalized_best_positive_rank	0.6427509313659787	0.6337820058369347	0.6618081511436328	0.014013072653349057	bca	ok	0.95	2000	2000	692	692	86	query_pubchem_cid	direction,cell_type,time_key	direction	95% BCa bootstrap CI clustered by PubChem compound; uncertainty is over the observed compound panel, not broader chemical space.
l1000_phase1	tahoe	logFC	strict_matched_condition	cosine	per_gene_population_zscore_dataset_cell_type	reviewer_dataset_cell_type_retrieval_dataset_pair	delta_vs_target_decoy_null_normalized_best_positive_rank	delta_vs_target_decoy_null_normalized_best_positive_rank	0.023378266530815914	-0.05533488191380776	0.08661606110103495	0.07097547150742135	bca	ok	0.95	2000	2000	692	692	86	query_pubchem_cid	direction,cell_type,time_key	direction	95% BCa bootstrap CI clustered by PubChem compound; uncertainty is over the observed compound panel, not broader chemical space.
l1000_phase1	tahoe	logFC	strict_matched_condition	spearman	per_gene_population_zscore_dataset_cell_type	reviewer_dataset_cell_type_retrieval_dataset_pair	observed_normalized_best_positive_rank	observed_normalized_best_positive_rank	0.6581299784281294	0.5848142588126012	0.7316435309535788	0.07341463607048881	bca	ok	0.95	2000	2000	692	692	86	query_pubchem_cid	direction,cell_type,time_key	direction	95% BCa bootstrap CI clustered by PubChem compound; uncertainty is over the observed compound panel, not broader chemical space.
l1000_phase1	tahoe	logFC	strict_matched_condition	spearman	per_gene_population_zscore_dataset_cell_type	reviewer_dataset_cell_type_retrieval_dataset_pair	observed_recall_at_1	observed_recall_at_1	0.11693421699455174	0.05820558235891562	0.21062267292037593	0.07620854528073015	bca	ok	0.95	2000	2000	692	692	86	query_pubchem_cid	direction,cell_type,time_key	direction	95% BCa bootstrap CI clustered by PubChem compound; uncertainty is over the observed compound panel, not broader chemical space.
l1000_phase1	tahoe	logFC	strict_matched_condition	spearman	per_gene_population_zscore_dataset_cell_type	reviewer_dataset_cell_type_retrieval_dataset_pair	observed_auroc	observed_auroc	0.6569296719963579	0.5841705328863821	0.729664878332027	0.07274717272282244	bca	ok	0.95	2000	2000	692	692	86	query_pubchem_cid	direction,cell_type,time_key	direction	95% BCa bootstrap CI clustered by PubChem compound; uncertainty is over the observed compound panel, not broader chemical space.
l1000_phase1	tahoe	logFC	strict_matched_condition	spearman	per_gene_population_zscore_dataset_cell_type	reviewer_dataset_cell_type_retrieval_dataset_pair	observed_best_positive_similarity	observed_best_positive_similarity	0.06890389447917455	0.038923387587594935	0.11384738728088332	0.037461999846644195	bca	ok	0.95	2000	2000	692	692	86	query_pubchem_cid	direction,cell_type,time_key	direction	95% BCa bootstrap CI clustered by PubChem compound; uncertainty is over the observed compound panel, not broader chemical space.
l1000_phase1	tahoe	logFC	strict_matched_condition	spearman	per_gene_population_zscore_dataset_cell_type	reviewer_dataset_cell_type_retrieval_dataset_pair	random_normalized_best_positive_rank	random_normalized_best_positive_rank					not_estimable	too_few_clusters_or_values	0.95	2000	0	692	0	0	query_pubchem_cid	direction,cell_type,time_key	direction	95% BCa bootstrap CI clustered by PubChem compound; uncertainty is over the observed compound panel, not broader chemical space.
l1000_phase1	tahoe	logFC	strict_matched_condition	spearman	per_gene_population_zscore_dataset_cell_type	reviewer_dataset_cell_type_retrieval_dataset_pair	random_recall_at_1	random_recall_at_1					not_estimable	too_few_clusters_or_values	0.95	2000	0	692	0	0	query_pubchem_cid	direction,cell_type,time_key	direction	95% BCa bootstrap CI clustered by PubChem compound; uncertainty is over the observed compound panel, not broader chemical space.
l1000_phase1	tahoe	logFC	strict_matched_condition	spearman	per_gene_population_zscore_dataset_cell_type	reviewer_dataset_cell_type_retrieval_dataset_pair	random_auroc	random_auroc					not_estimable	too_few_clusters_or_values	0.95	2000	0	692	0	0	query_pubchem_cid	direction,cell_type,time_key	direction	95% BCa bootstrap CI clustered by PubChem compound; uncertainty is over the observed compound panel, not broader chemical space.
l1000_phase1	tahoe	logFC	strict_matched_condition	spearman	per_gene_population_zscore_dataset_cell_type	reviewer_dataset_cell_type_retrieval_dataset_pair	delta_vs_random_normalized_best_positive_rank	delta_vs_random_normalized_best_positive_rank	0.015379047062150743	-0.06193290746087066	0.08716295105627737	0.07454792925857402	bca	ok	0.95	2000	2000	692	692	86	query_pubchem_cid	direction,cell_type,time_key	direction	95% BCa bootstrap CI clustered by PubChem compound; uncertainty is over the observed compound panel, not broader chemical space.
l1000_phase1	tahoe	logFC	strict_matched_condition	spearman	per_gene_population_zscore_dataset_cell_type	reviewer_dataset_cell_type_retrieval_dataset_pair	source_individual_n_peers	source_individual_n_peers	254.5253987074502	227.4013570286289	276.3938423044996	24.49624263793534	bca	ok	0.95	2000	2000	692	692	86	query_pubchem_cid	direction,cell_type,time_key	direction	95% BCa bootstrap CI clustered by PubChem compound; uncertainty is over the observed compound panel, not broader chemical space.
l1000_phase1	tahoe	logFC	strict_matched_condition	spearman	per_gene_population_zscore_dataset_cell_type	reviewer_dataset_cell_type_retrieval_dataset_pair	source_individual_mean_similarity	source_individual_mean_similarity	0.040995139020801694	0.02826901848048487	0.05182069742483078	0.011775839472172955	bca	ok	0.95	2000	2000	692	675	86	query_pubchem_cid	direction,cell_type,time_key	direction	95% BCa bootstrap CI clustered by PubChem compound; uncertainty is over the observed compound panel, not broader chemical space.
l1000_phase1	tahoe	logFC	strict_matched_condition	spearman	per_gene_population_zscore_dataset_cell_type	reviewer_dataset_cell_type_retrieval_dataset_pair	source_individual_sd_similarity	source_individual_sd_similarity	0.1460278104682452	0.13570078639932542	0.15543088215891135	0.009865047879792962	bca	ok	0.95	2000	2000	692	675	86	query_pubchem_cid	direction,cell_type,time_key	direction	95% BCa bootstrap CI clustered by PubChem compound; uncertainty is over the observed compound panel, not broader chemical space.
l1000_phase1	tahoe	logFC	strict_matched_condition	spearman	per_gene_population_zscore_dataset_cell_type	reviewer_dataset_cell_type_retrieval_dataset_pair	source_individual_n_below_observed	source_individual_n_below_observed	142.68926306284692	124.46865587555348	157.2450599935674	16.388202059006957	bca	ok	0.95	2000	2000	692	692	86	query_pubchem_cid	direction,cell_type,time_key	direction	95% BCa bootstrap CI clustered by PubChem compound; uncertainty is over the observed compound panel, not broader chemical space.
l1000_phase1	tahoe	logFC	strict_matched_condition	spearman	per_gene_population_zscore_dataset_cell_type	reviewer_dataset_cell_type_retrieval_dataset_pair	source_individual_fraction_below_observed	source_individual_fraction_below_observed	0.5555093357680523	0.5050913668511745	0.6295933142766112	0.06225097371271837	bca	ok	0.95	2000	2000	692	675	86	query_pubchem_cid	direction,cell_type,time_key	direction	95% BCa bootstrap CI clustered by PubChem compound; uncertainty is over the observed compound panel, not broader chemical space.
l1000_phase1	tahoe	logFC	strict_matched_condition	spearman	per_gene_population_zscore_dataset_cell_type	reviewer_dataset_cell_type_retrieval_dataset_pair	source_individual_corrected_percentile	source_individual_corrected_percentile	0.5639230706060492	0.5112274521661677	0.6404785651146286	0.06462555647423046	bca	ok	0.95	2000	2000	692	675	86	query_pubchem_cid	direction,cell_type,time_key	direction	95% BCa bootstrap CI clustered by PubChem compound; uncertainty is over the observed compound panel, not broader chemical space.
l1000_phase1	tahoe	logFC	strict_matched_condition	spearman	per_gene_population_zscore_dataset_cell_type	reviewer_dataset_cell_type_retrieval_dataset_pair	target_individual_n_peers	target_individual_n_peers	252.84893210436925	222.23969836533135	275.3664332405084	26.563367437588525	bca	ok	0.95	2000	2000	692	692	86	query_pubchem_cid	direction,cell_type,time_key	direction	95% BCa bootstrap CI clustered by PubChem compound; uncertainty is over the observed compound panel, not broader chemical space.
l1000_phase1	tahoe	logFC	strict_matched_condition	spearman	per_gene_population_zscore_dataset_cell_type	reviewer_dataset_cell_type_retrieval_dataset_pair	target_individual_mean_similarity	target_individual_mean_similarity	0.003671962222538761	-0.0004356479287013392	0.0071656365003550495	0.003800642214528194	bca	ok	0.95	2000	2000	692	687	86	query_pubchem_cid	direction,cell_type,time_key	direction	95% BCa bootstrap CI clustered by PubChem compound; uncertainty is over the observed compound panel, not broader chemical space.
l1000_phase1	tahoe	logFC	strict_matched_condition	spearman	per_gene_population_zscore_dataset_cell_type	reviewer_dataset_cell_type_retrieval_dataset_pair	target_individual_sd_similarity	target_individual_sd_similarity	0.055873399894946565	0.05236665377253576	0.05984982730611048	0.003741586766787361	bca	ok	0.95	2000	2000	692	687	86	query_pubchem_cid	direction,cell_type,time_key	direction	95% BCa bootstrap CI clustered by PubChem compound; uncertainty is over the observed compound panel, not broader chemical space.
l1000_phase1	tahoe	logFC	strict_matched_condition	spearman	per_gene_population_zscore_dataset_cell_type	reviewer_dataset_cell_type_retrieval_dataset_pair	target_individual_n_below_observed	target_individual_n_below_observed	154.70157442945924	133.34234495134012	173.71932984355922	20.18849244610955	bca	ok	0.95	2000	2000	692	692	86	query_pubchem_cid	direction,cell_type,time_key	direction	95% BCa bootstrap CI clustered by PubChem compound; uncertainty is over the observed compound panel, not broader chemical space.
l1000_phase1	tahoe	logFC	strict_matched_condition	spearman	per_gene_population_zscore_dataset_cell_type	reviewer_dataset_cell_type_retrieval_dataset_pair	target_individual_fraction_below_observed	target_individual_fraction_below_observed	0.6520848320301786	0.5768915773708243	0.7364806492313346	0.07979453593025515	bca	ok	0.95	2000	2000	692	687	86	query_pubchem_cid	direction,cell_type,time_key	direction	95% BCa bootstrap CI clustered by PubChem compound; uncertainty is over the observed compound panel, not broader chemical space.
l1000_phase1	tahoe	logFC	strict_matched_condition	spearman	per_gene_population_zscore_dataset_cell_type	reviewer_dataset_cell_type_retrieval_dataset_pair	target_individual_corrected_percentile	target_individual_corrected_percentile	0.6581106329837214	0.581956162722402	0.7398446887141787	0.07894426299588836	bca	ok	0.95	2000	2000	692	687	86	query_pubchem_cid	direction,cell_type,time_key	direction	95% BCa bootstrap CI clustered by PubChem compound; uncertainty is over the observed compound panel, not broader chemical space.
l1000_phase1	tahoe	logFC	strict_matched_condition	spearman	per_gene_population_zscore_dataset_cell_type	reviewer_dataset_cell_type_retrieval_dataset_pair	source_centroid_similarity	source_centroid_similarity	0.09264852370979759	0.058377606224027975	0.1241760919975292	0.03289924288675061	bca	ok	0.95	2000	2000	692	675	86	query_pubchem_cid	direction,cell_type,time_key	direction	95% BCa bootstrap CI clustered by PubChem compound; uncertainty is over the observed compound panel, not broader chemical space.
l1000_phase1	tahoe	logFC	strict_matched_condition	spearman	per_gene_population_zscore_dataset_cell_type	reviewer_dataset_cell_type_retrieval_dataset_pair	source_centroid_normalized_rank	source_centroid_normalized_rank	0.696672673164308	0.6283630552037685	0.757566283251298	0.0646016140237648	bca	ok	0.95	2000	2000	692	675	86	query_pubchem_cid	direction,cell_type,time_key	direction	95% BCa bootstrap CI clustered by PubChem compound; uncertainty is over the observed compound panel, not broader chemical space.
l1000_phase1	tahoe	logFC	strict_matched_condition	spearman	per_gene_population_zscore_dataset_cell_type	reviewer_dataset_cell_type_retrieval_dataset_pair	source_centroid_recall_at_1	source_centroid_recall_at_1	0.3324836680453018	0.2426611606451538	0.4247954754751928	0.0910671574150195	bca	ok	0.95	2000	2000	692	675	86	query_pubchem_cid	direction,cell_type,time_key	direction	95% BCa bootstrap CI clustered by PubChem compound; uncertainty is over the observed compound panel, not broader chemical space.
l1000_phase1	tahoe	logFC	strict_matched_condition	spearman	per_gene_population_zscore_dataset_cell_type	reviewer_dataset_cell_type_retrieval_dataset_pair	source_centroid_auroc	source_centroid_auroc	0.696672673164308	0.6251345178565598	0.7584989168028511	0.06668219947314563	bca	ok	0.95	2000	2000	692	675	86	query_pubchem_cid	direction,cell_type,time_key	direction	95% BCa bootstrap CI clustered by PubChem compound; uncertainty is over the observed compound panel, not broader chemical space.
l1000_phase1	tahoe	logFC	strict_matched_condition	spearman	per_gene_population_zscore_dataset_cell_type	reviewer_dataset_cell_type_retrieval_dataset_pair	target_centroid_similarity	target_centroid_similarity	0.004400789289741771	-0.004997975266041386	0.01558993345754757	0.010293954361794477	bca	ok	0.95	2000	2000	692	687	86	query_pubchem_cid	direction,cell_type,time_key	direction	95% BCa bootstrap CI clustered by PubChem compound; uncertainty is over the observed compound panel, not broader chemical space.
l1000_phase1	tahoe	logFC	strict_matched_condition	spearman	per_gene_population_zscore_dataset_cell_type	reviewer_dataset_cell_type_retrieval_dataset_pair	target_centroid_normalized_rank	target_centroid_normalized_rank	0.4978739861950465	0.4603704734459045	0.539149381782952	0.03938945416852377	bca	ok	0.95	2000	2000	692	687	86	query_pubchem_cid	direction,cell_type,time_key	direction	95% BCa bootstrap CI clustered by PubChem compound; uncertainty is over the observed compound panel, not broader chemical space.
l1000_phase1	tahoe	logFC	strict_matched_condition	spearman	per_gene_population_zscore_dataset_cell_type	reviewer_dataset_cell_type_retrieval_dataset_pair	target_centroid_recall_at_1	target_centroid_recall_at_1	0.0	0.0	0.0	0.0	degenerate	zero_bootstrap_variance	0.95	2000	2000	692	687	86	query_pubchem_cid	direction,cell_type,time_key	direction	95% BCa bootstrap CI clustered by PubChem compound; uncertainty is over the observed compound panel, not broader chemical space.
l1000_phase1	tahoe	logFC	strict_matched_condition	spearman	per_gene_population_zscore_dataset_cell_type	reviewer_dataset_cell_type_retrieval_dataset_pair	target_centroid_auroc	target_centroid_auroc	0.4978766486727483	0.4576271976653916	0.5400315753422339	0.04120218883842114	bca	ok	0.95	2000	2000	692	687	86	query_pubchem_cid	direction,cell_type,time_key	direction	95% BCa bootstrap CI clustered by PubChem compound; uncertainty is over the observed compound panel, not broader chemical space.
l1000_phase1	tahoe	logFC	strict_matched_condition	spearman	per_gene_population_zscore_dataset_cell_type	reviewer_dataset_cell_type_retrieval_dataset_pair	source_peer_normalized_rank	source_peer_normalized_rank	0.5733654064617955	0.5366414442940686	0.5942246524400085	0.02879160407296999	bca	ok	0.95	2000	2000	692	675	86	query_pubchem_cid	direction,cell_type,time_key	direction	95% BCa bootstrap CI clustered by PubChem compound; uncertainty is over the observed compound panel, not broader chemical space.
l1000_phase1	tahoe	logFC	strict_matched_condition	spearman	per_gene_population_zscore_dataset_cell_type	reviewer_dataset_cell_type_retrieval_dataset_pair	target_peer_normalized_rank	target_peer_normalized_rank	0.5098052438060454	0.5000707804707847	0.5182882779706733	0.009108748749944329	bca	ok	0.95	2000	2000	692	687	86	query_pubchem_cid	direction,cell_type,time_key	direction	95% BCa bootstrap CI clustered by PubChem compound; uncertainty is over the observed compound panel, not broader chemical space.
l1000_phase1	tahoe	logFC	strict_matched_condition	spearman	per_gene_population_zscore_dataset_cell_type	reviewer_dataset_cell_type_retrieval_dataset_pair	delta_vs_source_peer_normalized_rank	delta_vs_source_peer_normalized_rank	0.07911020752829485	0.016392801500202323	0.14395368028347166	0.06378043939163466	bca	ok	0.95	2000	2000	692	675	86	query_pubchem_cid	direction,cell_type,time_key	direction	95% BCa bootstrap CI clustered by PubChem compound; uncertainty is over the observed compound panel, not broader chemical space.
l1000_phase1	tahoe	logFC	strict_matched_condition	spearman	per_gene_population_zscore_dataset_cell_type	reviewer_dataset_cell_type_retrieval_dataset_pair	delta_vs_target_peer_normalized_rank	delta_vs_target_peer_normalized_rank	0.14129086558277296	0.06549714749441451	0.212870923475463	0.07368688799052424	bca	ok	0.95	2000	2000	692	687	86	query_pubchem_cid	direction,cell_type,time_key	direction	95% BCa bootstrap CI clustered by PubChem compound; uncertainty is over the observed compound panel, not broader chemical space.
l1000_phase1	tahoe	logFC	strict_matched_condition	spearman	per_gene_population_zscore_dataset_cell_type	reviewer_dataset_cell_type_retrieval_dataset_pair	target_decoy_null_normalized_best_positive_rank	target_decoy_null_normalized_best_positive_rank	0.6427509313659787	0.6333065638046024	0.6614065647491576	0.014050000472277613	bca	ok	0.95	2000	2000	692	692	86	query_pubchem_cid	direction,cell_type,time_key	direction	95% BCa bootstrap CI clustered by PubChem compound; uncertainty is over the observed compound panel, not broader chemical space.
l1000_phase1	tahoe	logFC	strict_matched_condition	spearman	per_gene_population_zscore_dataset_cell_type	reviewer_dataset_cell_type_retrieval_dataset_pair	delta_vs_target_decoy_null_normalized_best_positive_rank	delta_vs_target_decoy_null_normalized_best_positive_rank	0.015379047062150743	-0.055794232515475606	0.08639598399414658	0.07109510825481109	bca	ok	0.95	2000	2000	692	692	86	query_pubchem_cid	direction,cell_type,time_key	direction	95% BCa bootstrap CI clustered by PubChem compound; uncertainty is over the observed compound panel, not broader chemical space.
l1000_phase1	cigs_mce	logFC	strict_matched_condition	cosine	per_gene_population_zscore_dataset_cell_type	reviewer_dataset_cell_type_retrieval_dataset_pair	observed_normalized_best_positive_rank	observed_normalized_best_positive_rank	0.606988860029549	0.5355905912196695	0.6887514086380877	0.07658040870920912	bca	ok	0.95	2000	2000	855	855	124	query_pubchem_cid	direction,cell_type,time_key	direction	95% BCa bootstrap CI clustered by PubChem compound; uncertainty is over the observed compound panel, not broader chemical space.
l1000_phase1	cigs_mce	logFC	strict_matched_condition	cosine	per_gene_population_zscore_dataset_cell_type	reviewer_dataset_cell_type_retrieval_dataset_pair	observed_recall_at_1	observed_recall_at_1	0.10021920983672647	0.047958040358293395	0.2260551679723744	0.0890485638070405	bca	ok	0.95	2000	2000	855	855	124	query_pubchem_cid	direction,cell_type,time_key	direction	95% BCa bootstrap CI clustered by PubChem compound; uncertainty is over the observed compound panel, not broader chemical space.
l1000_phase1	cigs_mce	logFC	strict_matched_condition	cosine	per_gene_population_zscore_dataset_cell_type	reviewer_dataset_cell_type_retrieval_dataset_pair	observed_auroc	observed_auroc	0.5978407574013692	0.5209381859487557	0.6827583349396967	0.0809100744954705	bca	ok	0.95	2000	2000	855	855	124	query_pubchem_cid	direction,cell_type,time_key	direction	95% BCa bootstrap CI clustered by PubChem compound; uncertainty is over the observed compound panel, not broader chemical space.
l1000_phase1	cigs_mce	logFC	strict_matched_condition	cosine	per_gene_population_zscore_dataset_cell_type	reviewer_dataset_cell_type_retrieval_dataset_pair	observed_best_positive_similarity	observed_best_positive_similarity	0.0798893775207584	0.049880020526684395	0.17423496374049077	0.06217747160690319	bca	ok	0.95	2000	2000	855	855	124	query_pubchem_cid	direction,cell_type,time_key	direction	95% BCa bootstrap CI clustered by PubChem compound; uncertainty is over the observed compound panel, not broader chemical space.
l1000_phase1	cigs_mce	logFC	strict_matched_condition	cosine	per_gene_population_zscore_dataset_cell_type	reviewer_dataset_cell_type_retrieval_dataset_pair	random_normalized_best_positive_rank	random_normalized_best_positive_rank					not_estimable	too_few_clusters_or_values	0.95	2000	0	855	0	0	query_pubchem_cid	direction,cell_type,time_key	direction	95% BCa bootstrap CI clustered by PubChem compound; uncertainty is over the observed compound panel, not broader chemical space.
l1000_phase1	cigs_mce	logFC	strict_matched_condition	cosine	per_gene_population_zscore_dataset_cell_type	reviewer_dataset_cell_type_retrieval_dataset_pair	random_recall_at_1	random_recall_at_1					not_estimable	too_few_clusters_or_values	0.95	2000	0	855	0	0	query_pubchem_cid	direction,cell_type,time_key	direction	95% BCa bootstrap CI clustered by PubChem compound; uncertainty is over the observed compound panel, not broader chemical space.
l1000_phase1	cigs_mce	logFC	strict_matched_condition	cosine	per_gene_population_zscore_dataset_cell_type	reviewer_dataset_cell_type_retrieval_dataset_pair	random_auroc	random_auroc					not_estimable	too_few_clusters_or_values	0.95	2000	0	855	0	0	query_pubchem_cid	direction,cell_type,time_key	direction	95% BCa bootstrap CI clustered by PubChem compound; uncertainty is over the observed compound panel, not broader chemical space.
l1000_phase1	cigs_mce	logFC	strict_matched_condition	cosine	per_gene_population_zscore_dataset_cell_type	reviewer_dataset_cell_type_retrieval_dataset_pair	delta_vs_random_normalized_best_positive_rank	delta_vs_random_normalized_best_positive_rank	-0.17781823291404647	-0.2487713281976216	-0.08786631557235858	0.08045250631263151	bca	ok	0.95	2000	2000	855	855	124	query_pubchem_cid	direction,cell_type,time_key	direction	95% BCa bootstrap CI clustered by PubChem compound; uncertainty is over the observed compound panel, not broader chemical space.
l1000_phase1	cigs_mce	logFC	strict_matched_condition	cosine	per_gene_population_zscore_dataset_cell_type	reviewer_dataset_cell_type_retrieval_dataset_pair	source_individual_n_peers	source_individual_n_peers	1600.9619885103812	1599.752369527565	1601.2852809898204	0.7664557311277349	bca	ok	0.95	2000	2000	855	855	124	query_pubchem_cid	direction,cell_type,time_key	direction	95% BCa bootstrap CI clustered by PubChem compound; uncertainty is over the observed compound panel, not broader chemical space.
l1000_phase1	cigs_mce	logFC	strict_matched_condition	cosine	per_gene_population_zscore_dataset_cell_type	reviewer_dataset_cell_type_retrieval_dataset_pair	source_individual_mean_similarity	source_individual_mean_similarity	0.04455950745412682	0.025545454710913133	0.05634490842624603	0.015399726857666449	bca	ok	0.95	2000	2000	855	855	124	query_pubchem_cid	direction,cell_type,time_key	direction	95% BCa bootstrap CI clustered by PubChem compound; uncertainty is over the observed compound panel, not broader chemical space.
l1000_phase1	cigs_mce	logFC	strict_matched_condition	cosine	per_gene_population_zscore_dataset_cell_type	reviewer_dataset_cell_type_retrieval_dataset_pair	source_individual_sd_similarity	source_individual_sd_similarity	0.13648125648248477	0.12273862300673186	0.14874215507048932	0.013001766031878734	bca	ok	0.95	2000	2000	855	855	124	query_pubchem_cid	direction,cell_type,time_key	direction	95% BCa bootstrap CI clustered by PubChem compound; uncertainty is over the observed compound panel, not broader chemical space.
l1000_phase1	cigs_mce	logFC	strict_matched_condition	cosine	per_gene_population_zscore_dataset_cell_type	reviewer_dataset_cell_type_retrieval_dataset_pair	source_individual_n_below_observed	source_individual_n_below_observed	913.8402467820429	834.3396761428719	1011.8414607164286	88.75089228677837	bca	ok	0.95	2000	2000	855	855	124	query_pubchem_cid	direction,cell_type,time_key	direction	95% BCa bootstrap CI clustered by PubChem compound; uncertainty is over the observed compound panel, not broader chemical space.
l1000_phase1	cigs_mce	logFC	strict_matched_condition	cosine	per_gene_population_zscore_dataset_cell_type	reviewer_dataset_cell_type_retrieval_dataset_pair	source_individual_fraction_below_observed	source_individual_fraction_below_observed	0.5159038997864593	0.46339151226940317	0.5998958928810454	0.06825219030582111	bca	ok	0.95	2000	2000	855	855	124	query_pubchem_cid	direction,cell_type,time_key	direction	95% BCa bootstrap CI clustered by PubChem compound; uncertainty is over the observed compound panel, not broader chemical space.
l1000_phase1	cigs_mce	logFC	strict_matched_condition	cosine	per_gene_population_zscore_dataset_cell_type	reviewer_dataset_cell_type_retrieval_dataset_pair	source_individual_corrected_percentile	source_individual_corrected_percentile	0.5176966756002642	0.46472691505789265	0.6011344763497449	0.06820378064592614	bca	ok	0.95	2000	2000	855	855	124	query_pubchem_cid	direction,cell_type,time_key	direction	95% BCa bootstrap CI clustered by PubChem compound; uncertainty is over the observed compound panel, not broader chemical space.
l1000_phase1	cigs_mce	logFC	strict_matched_condition	cosine	per_gene_population_zscore_dataset_cell_type	reviewer_dataset_cell_type_retrieval_dataset_pair	target_individual_n_peers	target_individual_n_peers	1601.086844170242	1600.2726988452491	1601.366411245239	0.546856199994977	bca	ok	0.95	2000	2000	855	855	124	query_pubchem_cid	direction,cell_type,time_key	direction	95% BCa bootstrap CI clustered by PubChem compound; uncertainty is over the observed compound panel, not broader chemical space.
l1000_phase1	cigs_mce	logFC	strict_matched_condition	cosine	per_gene_population_zscore_dataset_cell_type	reviewer_dataset_cell_type_retrieval_dataset_pair	target_individual_mean_similarity	target_individual_mean_similarity	0.0012528286116811988	-0.0024720589051379894	0.005321752349105811	0.0038969056271219004	bca	ok	0.95	2000	2000	855	855	124	query_pubchem_cid	direction,cell_type,time_key	direction	95% BCa bootstrap CI clustered by PubChem compound; uncertainty is over the observed compound panel, not broader chemical space.
l1000_phase1	cigs_mce	logFC	strict_matched_condition	cosine	per_gene_population_zscore_dataset_cell_type	reviewer_dataset_cell_type_retrieval_dataset_pair	target_individual_sd_similarity	target_individual_sd_similarity	0.054727200493441354	0.0517077915127092	0.058109879862680604	0.003201044174985703	bca	ok	0.95	2000	2000	855	855	124	query_pubchem_cid	direction,cell_type,time_key	direction	95% BCa bootstrap CI clustered by PubChem compound; uncertainty is over the observed compound panel, not broader chemical space.
l1000_phase1	cigs_mce	logFC	strict_matched_condition	cosine	per_gene_population_zscore_dataset_cell_type	reviewer_dataset_cell_type_retrieval_dataset_pair	target_individual_n_below_observed	target_individual_n_below_observed	986.3419223514843	869.4924306700377	1123.530398861499	127.01898409573062	bca	ok	0.95	2000	2000	855	855	124	query_pubchem_cid	direction,cell_type,time_key	direction	95% BCa bootstrap CI clustered by PubChem compound; uncertainty is over the observed compound panel, not broader chemical space.
l1000_phase1	cigs_mce	logFC	strict_matched_condition	cosine	per_gene_population_zscore_dataset_cell_type	reviewer_dataset_cell_type_retrieval_dataset_pair	target_individual_fraction_below_observed	target_individual_fraction_below_observed	0.594422430585681	0.5210732283171109	0.6773093302670063	0.07811805097494773	bca	ok	0.95	2000	2000	855	855	124	query_pubchem_cid	direction,cell_type,time_key	direction	95% BCa bootstrap CI clustered by PubChem compound; uncertainty is over the observed compound panel, not broader chemical space.
l1000_phase1	cigs_mce	logFC	strict_matched_condition	cosine	per_gene_population_zscore_dataset_cell_type	reviewer_dataset_cell_type_retrieval_dataset_pair	target_individual_corrected_percentile	target_individual_corrected_percentile	0.5958660658207788	0.519721978281815	0.6758649128815243	0.07807146729985465	bca	ok	0.95	2000	2000	855	855	124	query_pubchem_cid	direction,cell_type,time_key	direction	95% BCa bootstrap CI clustered by PubChem compound; uncertainty is over the observed compound panel, not broader chemical space.
l1000_phase1	cigs_mce	logFC	strict_matched_condition	cosine	per_gene_population_zscore_dataset_cell_type	reviewer_dataset_cell_type_retrieval_dataset_pair	source_centroid_similarity	source_centroid_similarity	0.11786268558452037	0.07227161478567011	0.1583708686596761	0.04304962693700299	bca	ok	0.95	2000	2000	855	855	124	query_pubchem_cid	direction,cell_type,time_key	direction	95% BCa bootstrap CI clustered by PubChem compound; uncertainty is over the observed compound panel, not broader chemical space.
l1000_phase1	cigs_mce	logFC	strict_matched_condition	cosine	per_gene_population_zscore_dataset_cell_type	reviewer_dataset_cell_type_retrieval_dataset_pair	source_centroid_normalized_rank	source_centroid_normalized_rank	0.6742343253417769	0.5646835444714189	0.744112240265265	0.08971434789692306	bca	ok	0.95	2000	2000	855	855	124	query_pubchem_cid	direction,cell_type,time_key	direction	95% BCa bootstrap CI clustered by PubChem compound; uncertainty is over the observed compound panel, not broader chemical space.
l1000_phase1	cigs_mce	logFC	strict_matched_condition	cosine	per_gene_population_zscore_dataset_cell_type	reviewer_dataset_cell_type_retrieval_dataset_pair	source_centroid_recall_at_1	source_centroid_recall_at_1	0.47830002591643395	0.3350184270984129	0.5783007314247995	0.12164115216319332	bca	ok	0.95	2000	2000	855	855	124	query_pubchem_cid	direction,cell_type,time_key	direction	95% BCa bootstrap CI clustered by PubChem compound; uncertainty is over the observed compound panel, not broader chemical space.
l1000_phase1	cigs_mce	logFC	strict_matched_condition	cosine	per_gene_population_zscore_dataset_cell_type	reviewer_dataset_cell_type_retrieval_dataset_pair	source_centroid_auroc	source_centroid_auroc	0.6742343253417769	0.5557722294349796	0.7430714600249284	0.0936496152949744	bca	ok	0.95	2000	2000	855	855	124	query_pubchem_cid	direction,cell_type,time_key	direction	95% BCa bootstrap CI clustered by PubChem compound; uncertainty is over the observed compound panel, not broader chemical space.
l1000_phase1	cigs_mce	logFC	strict_matched_condition	cosine	per_gene_population_zscore_dataset_cell_type	reviewer_dataset_cell_type_retrieval_dataset_pair	target_centroid_similarity	target_centroid_similarity	0.0002923166534968165	-0.012944553505246967	0.014317688626922846	0.013631121066084906	bca	ok	0.95	2000	2000	855	855	124	query_pubchem_cid	direction,cell_type,time_key	direction	95% BCa bootstrap CI clustered by PubChem compound; uncertainty is over the observed compound panel, not broader chemical space.
l1000_phase1	cigs_mce	logFC	strict_matched_condition	cosine	per_gene_population_zscore_dataset_cell_type	reviewer_dataset_cell_type_retrieval_dataset_pair	target_centroid_normalized_rank	target_centroid_normalized_rank	0.42409914253489456	0.36428365183477296	0.4981860608691537	0.06695120451719036	bca	ok	0.95	2000	2000	855	855	124	query_pubchem_cid	direction,cell_type,time_key	direction	95% BCa bootstrap CI clustered by PubChem compound; uncertainty is over the observed compound panel, not broader chemical space.
l1000_phase1	cigs_mce	logFC	strict_matched_condition	cosine	per_gene_population_zscore_dataset_cell_type	reviewer_dataset_cell_type_retrieval_dataset_pair	target_centroid_recall_at_1	target_centroid_recall_at_1	0.00487012987012987	0.0	0.017269736842105265	0.008634868421052632	bca	ok	0.95	2000	2000	855	855	124	query_pubchem_cid	direction,cell_type,time_key	direction	95% BCa bootstrap CI clustered by PubChem compound; uncertainty is over the observed compound panel, not broader chemical space.
l1000_phase1	cigs_mce	logFC	strict_matched_condition	cosine	per_gene_population_zscore_dataset_cell_type	reviewer_dataset_cell_type_retrieval_dataset_pair	target_centroid_auroc	target_centroid_auroc	0.42409914253489456	0.36892803834485716	0.5005500758655769	0.06581101876035986	bca	ok	0.95	2000	2000	855	855	124	query_pubchem_cid	direction,cell_type,time_key	direction	95% BCa bootstrap CI clustered by PubChem compound; uncertainty is over the observed compound panel, not broader chemical space.
l1000_phase1	cigs_mce	logFC	strict_matched_condition	cosine	per_gene_population_zscore_dataset_cell_type	reviewer_dataset_cell_type_retrieval_dataset_pair	source_peer_normalized_rank	source_peer_normalized_rank	0.5879323318596279	0.538386933484857	0.6208083012440369	0.04121068387958993	bca	ok	0.95	2000	2000	855	855	124	query_pubchem_cid	direction,cell_type,time_key	direction	95% BCa bootstrap CI clustered by PubChem compound; uncertainty is over the observed compound panel, not broader chemical space.
l1000_phase1	cigs_mce	logFC	strict_matched_condition	cosine	per_gene_population_zscore_dataset_cell_type	reviewer_dataset_cell_type_retrieval_dataset_pair	target_peer_normalized_rank	target_peer_normalized_rank	0.520710971285353	0.5152698219776801	0.5258872362943524	0.005308707158336146	bca	ok	0.95	2000	2000	855	855	124	query_pubchem_cid	direction,cell_type,time_key	direction	95% BCa bootstrap CI clustered by PubChem compound; uncertainty is over the observed compound panel, not broader chemical space.
l1000_phase1	cigs_mce	logFC	strict_matched_condition	cosine	per_gene_population_zscore_dataset_cell_type	reviewer_dataset_cell_type_retrieval_dataset_pair	delta_vs_source_peer_normalized_rank	delta_vs_source_peer_normalized_rank	0.01905652816992092	-0.06470214049145061	0.12996464206410543	0.09733339127777801	bca	ok	0.95	2000	2000	855	855	124	query_pubchem_cid	direction,cell_type,time_key	direction	95% BCa bootstrap CI clustered by PubChem compound; uncertainty is over the observed compound panel, not broader chemical space.
l1000_phase1	cigs_mce	logFC	strict_matched_condition	cosine	per_gene_population_zscore_dataset_cell_type	reviewer_dataset_cell_type_retrieval_dataset_pair	delta_vs_target_peer_normalized_rank	delta_vs_target_peer_normalized_rank	0.08627788874419587	0.009297430325777392	0.17023675916115397	0.08046966441768828	bca	ok	0.95	2000	2000	855	855	124	query_pubchem_cid	direction,cell_type,time_key	direction	95% BCa bootstrap CI clustered by PubChem compound; uncertainty is over the observed compound panel, not broader chemical space.
l1000_phase1	cigs_mce	logFC	strict_matched_condition	cosine	per_gene_population_zscore_dataset_cell_type	reviewer_dataset_cell_type_retrieval_dataset_pair	target_decoy_null_normalized_best_positive_rank	target_decoy_null_normalized_best_positive_rank	0.7848070929435949	0.7791781386227815	0.788273853489904	0.004547857433561231	bca	ok	0.95	2000	2000	855	855	124	query_pubchem_cid	direction,cell_type,time_key	direction	95% BCa bootstrap CI clustered by PubChem compound; uncertainty is over the observed compound panel, not broader chemical space.
l1000_phase1	cigs_mce	logFC	strict_matched_condition	cosine	per_gene_population_zscore_dataset_cell_type	reviewer_dataset_cell_type_retrieval_dataset_pair	delta_vs_target_decoy_null_normalized_best_positive_rank	delta_vs_target_decoy_null_normalized_best_positive_rank	-0.17781823291404647	-0.25019838583773757	-0.08844849249683427	0.08087494667045164	bca	ok	0.95	2000	2000	855	855	124	query_pubchem_cid	direction,cell_type,time_key	direction	95% BCa bootstrap CI clustered by PubChem compound; uncertainty is over the observed compound panel, not broader chemical space.
l1000_phase1	cigs_mce	logFC	strict_matched_condition	spearman	per_gene_population_zscore_dataset_cell_type	reviewer_dataset_cell_type_retrieval_dataset_pair	observed_normalized_best_positive_rank	observed_normalized_best_positive_rank	0.5973693246238779	0.5262576047853462	0.6891529332009433	0.08144766420779853	bca	ok	0.95	2000	2000	855	855	124	query_pubchem_cid	direction,cell_type,time_key	direction	95% BCa bootstrap CI clustered by PubChem compound; uncertainty is over the observed compound panel, not broader chemical space.
l1000_phase1	cigs_mce	logFC	strict_matched_condition	spearman	per_gene_population_zscore_dataset_cell_type	reviewer_dataset_cell_type_retrieval_dataset_pair	observed_recall_at_1	observed_recall_at_1	0.0979464825639992	0.048229661622414065	0.21094218215097993	0.08135626026428293	bca	ok	0.95	2000	2000	855	855	124	query_pubchem_cid	direction,cell_type,time_key	direction	95% BCa bootstrap CI clustered by PubChem compound; uncertainty is over the observed compound panel, not broader chemical space.
l1000_phase1	cigs_mce	logFC	strict_matched_condition	spearman	per_gene_population_zscore_dataset_cell_type	reviewer_dataset_cell_type_retrieval_dataset_pair	observed_auroc	observed_auroc	0.5876865274806954	0.5151503156962765	0.6804226400904799	0.08263616219710174	bca	ok	0.95	2000	2000	855	855	124	query_pubchem_cid	direction,cell_type,time_key	direction	95% BCa bootstrap CI clustered by PubChem compound; uncertainty is over the observed compound panel, not broader chemical space.
l1000_phase1	cigs_mce	logFC	strict_matched_condition	spearman	per_gene_population_zscore_dataset_cell_type	reviewer_dataset_cell_type_retrieval_dataset_pair	observed_best_positive_similarity	observed_best_positive_similarity	0.07769458585147485	0.047212713242217645	0.15197138654083667	0.05237933664930951	bca	ok	0.95	2000	2000	855	855	124	query_pubchem_cid	direction,cell_type,time_key	direction	95% BCa bootstrap CI clustered by PubChem compound; uncertainty is over the observed compound panel, not broader chemical space.
l1000_phase1	cigs_mce	logFC	strict_matched_condition	spearman	per_gene_population_zscore_dataset_cell_type	reviewer_dataset_cell_type_retrieval_dataset_pair	random_normalized_best_positive_rank	random_normalized_best_positive_rank					not_estimable	too_few_clusters_or_values	0.95	2000	0	855	0	0	query_pubchem_cid	direction,cell_type,time_key	direction	95% BCa bootstrap CI clustered by PubChem compound; uncertainty is over the observed compound panel, not broader chemical space.
l1000_phase1	cigs_mce	logFC	strict_matched_condition	spearman	per_gene_population_zscore_dataset_cell_type	reviewer_dataset_cell_type_retrieval_dataset_pair	random_recall_at_1	random_recall_at_1					not_estimable	too_few_clusters_or_values	0.95	2000	0	855	0	0	query_pubchem_cid	direction,cell_type,time_key	direction	95% BCa bootstrap CI clustered by PubChem compound; uncertainty is over the observed compound panel, not broader chemical space.
l1000_phase1	cigs_mce	logFC	strict_matched_condition	spearman	per_gene_population_zscore_dataset_cell_type	reviewer_dataset_cell_type_retrieval_dataset_pair	random_auroc	random_auroc					not_estimable	too_few_clusters_or_values	0.95	2000	0	855	0	0	query_pubchem_cid	direction,cell_type,time_key	direction	95% BCa bootstrap CI clustered by PubChem compound; uncertainty is over the observed compound panel, not broader chemical space.
l1000_phase1	cigs_mce	logFC	strict_matched_condition	spearman	per_gene_population_zscore_dataset_cell_type	reviewer_dataset_cell_type_retrieval_dataset_pair	delta_vs_random_normalized_best_positive_rank	delta_vs_random_normalized_best_positive_rank	-0.18743776831971737	-0.26314394085736653	-0.10434275202270867	0.07940059441732894	bca	ok	0.95	2000	2000	855	855	124	query_pubchem_cid	direction,cell_type,time_key	direction	95% BCa bootstrap CI clustered by PubChem compound; uncertainty is over the observed compound panel, not broader chemical space.
l1000_phase1	cigs_mce	logFC	strict_matched_condition	spearman	per_gene_population_zscore_dataset_cell_type	reviewer_dataset_cell_type_retrieval_dataset_pair	source_individual_n_peers	source_individual_n_peers	1600.9619885103812	1599.767360507283	1601.2865973237301	0.7596184082235595	bca	ok	0.95	2000	2000	855	855	124	query_pubchem_cid	direction,cell_type,time_key	direction	95% BCa bootstrap CI clustered by PubChem compound; uncertainty is over the observed compound panel, not broader chemical space.
l1000_phase1	cigs_mce	logFC	strict_matched_condition	spearman	per_gene_population_zscore_dataset_cell_type	reviewer_dataset_cell_type_retrieval_dataset_pair	source_individual_mean_similarity	source_individual_mean_similarity	0.0506836248060838	0.029390242103119857	0.06319089658658275	0.016900327241731447	bca	ok	0.95	2000	2000	855	855	124	query_pubchem_cid	direction,cell_type,time_key	direction	95% BCa bootstrap CI clustered by PubChem compound; uncertainty is over the observed compound panel, not broader chemical space.
l1000_phase1	cigs_mce	logFC	strict_matched_condition	spearman	per_gene_population_zscore_dataset_cell_type	reviewer_dataset_cell_type_retrieval_dataset_pair	source_individual_sd_similarity	source_individual_sd_similarity	0.14237492421019712	0.12749004498403646	0.1559106262469337	0.014210290631448616	bca	ok	0.95	2000	2000	855	855	124	query_pubchem_cid	direction,cell_type,time_key	direction	95% BCa bootstrap CI clustered by PubChem compound; uncertainty is over the observed compound panel, not broader chemical space.
l1000_phase1	cigs_mce	logFC	strict_matched_condition	spearman	per_gene_population_zscore_dataset_cell_type	reviewer_dataset_cell_type_retrieval_dataset_pair	source_individual_n_below_observed	source_individual_n_below_observed	914.2844195438706	836.570717104508	1009.3170882037456	86.37318554961877	bca	ok	0.95	2000	2000	855	855	124	query_pubchem_cid	direction,cell_type,time_key	direction	95% BCa bootstrap CI clustered by PubChem compound; uncertainty is over the observed compound panel, not broader chemical space.
l1000_phase1	cigs_mce	logFC	strict_matched_condition	spearman	per_gene_population_zscore_dataset_cell_type	reviewer_dataset_cell_type_retrieval_dataset_pair	source_individual_fraction_below_observed	source_individual_fraction_below_observed	0.509118940312508	0.45843612395937355	0.5919700354017124	0.06676695572116945	bca	ok	0.95	2000	2000	855	855	124	query_pubchem_cid	direction,cell_type,time_key	direction	95% BCa bootstrap CI clustered by PubChem compound; uncertainty is over the observed compound panel, not broader chemical space.
l1000_phase1	cigs_mce	logFC	strict_matched_condition	spearman	per_gene_population_zscore_dataset_cell_type	reviewer_dataset_cell_type_retrieval_dataset_pair	source_individual_corrected_percentile	source_individual_corrected_percentile	0.5109377000576641	0.4579550991619737	0.5927015635341745	0.06737323218610039	bca	ok	0.95	2000	2000	855	855	124	query_pubchem_cid	direction,cell_type,time_key	direction	95% BCa bootstrap CI clustered by PubChem compound; uncertainty is over the observed compound panel, not broader chemical space.
l1000_phase1	cigs_mce	logFC	strict_matched_condition	spearman	per_gene_population_zscore_dataset_cell_type	reviewer_dataset_cell_type_retrieval_dataset_pair	target_individual_n_peers	target_individual_n_peers	1601.086844170242	1600.0460344100557	1601.3679928715087	0.6609792307265252	bca	ok	0.95	2000	2000	855	855	124	query_pubchem_cid	direction,cell_type,time_key	direction	95% BCa bootstrap CI clustered by PubChem compound; uncertainty is over the observed compound panel, not broader chemical space.
l1000_phase1	cigs_mce	logFC	strict_matched_condition	spearman	per_gene_population_zscore_dataset_cell_type	reviewer_dataset_cell_type_retrieval_dataset_pair	target_individual_mean_similarity	target_individual_mean_similarity	0.0006642207544779182	-0.0032581601025183098	0.004506613179232997	0.0038823866408756536	bca	ok	0.95	2000	2000	855	855	124	query_pubchem_cid	direction,cell_type,time_key	direction	95% BCa bootstrap CI clustered by PubChem compound; uncertainty is over the observed compound panel, not broader chemical space.
l1000_phase1	cigs_mce	logFC	strict_matched_condition	spearman	per_gene_population_zscore_dataset_cell_type	reviewer_dataset_cell_type_retrieval_dataset_pair	target_individual_sd_similarity	target_individual_sd_similarity	0.053307599460688554	0.05040135514280373	0.05618256715379488	0.0028906060054955766	bca	ok	0.95	2000	2000	855	855	124	query_pubchem_cid	direction,cell_type,time_key	direction	95% BCa bootstrap CI clustered by PubChem compound; uncertainty is over the observed compound panel, not broader chemical space.
l1000_phase1	cigs_mce	logFC	strict_matched_condition	spearman	per_gene_population_zscore_dataset_cell_type	reviewer_dataset_cell_type_retrieval_dataset_pair	target_individual_n_below_observed	target_individual_n_below_observed	978.5938304489302	864.2401157012372	1117.256079274491	126.50798178662689	bca	ok	0.95	2000	2000	855	855	124	query_pubchem_cid	direction,cell_type,time_key	direction	95% BCa bootstrap CI clustered by PubChem compound; uncertainty is over the observed compound panel, not broader chemical space.
l1000_phase1	cigs_mce	logFC	strict_matched_condition	spearman	per_gene_population_zscore_dataset_cell_type	reviewer_dataset_cell_type_retrieval_dataset_pair	target_individual_fraction_below_observed	target_individual_fraction_below_observed	0.5841348840015705	0.5107101454267831	0.6714227862562019	0.08035632041470941	bca	ok	0.95	2000	2000	855	855	124	query_pubchem_cid	direction,cell_type,time_key	direction	95% BCa bootstrap CI clustered by PubChem compound; uncertainty is over the observed compound panel, not broader chemical space.
l1000_phase1	cigs_mce	logFC	strict_matched_condition	spearman	per_gene_population_zscore_dataset_cell_type	reviewer_dataset_cell_type_retrieval_dataset_pair	target_individual_corrected_percentile	target_individual_corrected_percentile	0.5856581157400829	0.5090768961778449	0.6722975258274062	0.08161031482478065	bca	ok	0.95	2000	2000	855	855	124	query_pubchem_cid	direction,cell_type,time_key	direction	95% BCa bootstrap CI clustered by PubChem compound; uncertainty is over the observed compound panel, not broader chemical space.
l1000_phase1	cigs_mce	logFC	strict_matched_condition	spearman	per_gene_population_zscore_dataset_cell_type	reviewer_dataset_cell_type_retrieval_dataset_pair	source_centroid_similarity	source_centroid_similarity	0.12254606158453549	0.07688359316441054	0.1625994975059068	0.04285795217074813	bca	ok	0.95	2000	2000	855	855	124	query_pubchem_cid	direction,cell_type,time_key	direction	95% BCa bootstrap CI clustered by PubChem compound; uncertainty is over the observed compound panel, not broader chemical space.
l1000_phase1	cigs_mce	logFC	strict_matched_condition	spearman	per_gene_population_zscore_dataset_cell_type	reviewer_dataset_cell_type_retrieval_dataset_pair	source_centroid_normalized_rank	source_centroid_normalized_rank	0.6811880506023029	0.5675634272436852	0.7533742641212501	0.09290541843878242	bca	ok	0.95	2000	2000	855	855	124	query_pubchem_cid	direction,cell_type,time_key	direction	95% BCa bootstrap CI clustered by PubChem compound; uncertainty is over the observed compound panel, not broader chemical space.
l1000_phase1	cigs_mce	logFC	strict_matched_condition	spearman	per_gene_population_zscore_dataset_cell_type	reviewer_dataset_cell_type_retrieval_dataset_pair	source_centroid_recall_at_1	source_centroid_recall_at_1	0.5045692112765283	0.3733886598106715	0.5992644361686498	0.11293788817898914	bca	ok	0.95	2000	2000	855	855	124	query_pubchem_cid	direction,cell_type,time_key	direction	95% BCa bootstrap CI clustered by PubChem compound; uncertainty is over the observed compound panel, not broader chemical space.
l1000_phase1	cigs_mce	logFC	strict_matched_condition	spearman	per_gene_population_zscore_dataset_cell_type	reviewer_dataset_cell_type_retrieval_dataset_pair	source_centroid_auroc	source_centroid_auroc	0.6811880506023029	0.5593150844246894	0.7517923746080852	0.09623864509169794	bca	ok	0.95	2000	2000	855	855	124	query_pubchem_cid	direction,cell_type,time_key	direction	95% BCa bootstrap CI clustered by PubChem compound; uncertainty is over the observed compound panel, not broader chemical space.
l1000_phase1	cigs_mce	logFC	strict_matched_condition	spearman	per_gene_population_zscore_dataset_cell_type	reviewer_dataset_cell_type_retrieval_dataset_pair	target_centroid_similarity	target_centroid_similarity	0.002119690379455596	-0.00895767440542447	0.016084889730052756	0.012521282067738613	bca	ok	0.95	2000	2000	855	855	124	query_pubchem_cid	direction,cell_type,time_key	direction	95% BCa bootstrap CI clustered by PubChem compound; uncertainty is over the observed compound panel, not broader chemical space.
l1000_phase1	cigs_mce	logFC	strict_matched_condition	spearman	per_gene_population_zscore_dataset_cell_type	reviewer_dataset_cell_type_retrieval_dataset_pair	target_centroid_normalized_rank	target_centroid_normalized_rank	0.4395974614707856	0.38616281500715843	0.5078922696809802	0.060864727336910895	bca	ok	0.95	2000	2000	855	855	124	query_pubchem_cid	direction,cell_type,time_key	direction	95% BCa bootstrap CI clustered by PubChem compound; uncertainty is over the observed compound panel, not broader chemical space.
l1000_phase1	cigs_mce	logFC	strict_matched_condition	spearman	per_gene_population_zscore_dataset_cell_type	reviewer_dataset_cell_type_retrieval_dataset_pair	target_centroid_recall_at_1	target_centroid_recall_at_1	0.004058441558441558	0.0	0.014404693085511806	0.007202346542755903	bca	ok	0.95	2000	2000	855	855	124	query_pubchem_cid	direction,cell_type,time_key	direction	95% BCa bootstrap CI clustered by PubChem compound; uncertainty is over the observed compound panel, not broader chemical space.
l1000_phase1	cigs_mce	logFC	strict_matched_condition	spearman	per_gene_population_zscore_dataset_cell_type	reviewer_dataset_cell_type_retrieval_dataset_pair	target_centroid_auroc	target_centroid_auroc	0.4395974614707856	0.3831830600118843	0.5095898658375126	0.06320340291281418	bca	ok	0.95	2000	2000	855	855	124	query_pubchem_cid	direction,cell_type,time_key	direction	95% BCa bootstrap CI clustered by PubChem compound; uncertainty is over the observed compound panel, not broader chemical space.
l1000_phase1	cigs_mce	logFC	strict_matched_condition	spearman	per_gene_population_zscore_dataset_cell_type	reviewer_dataset_cell_type_retrieval_dataset_pair	source_peer_normalized_rank	source_peer_normalized_rank	0.5979055808105425	0.5481387905534286	0.6306077863945135	0.04123449792054246	bca	ok	0.95	2000	2000	855	855	124	query_pubchem_cid	direction,cell_type,time_key	direction	95% BCa bootstrap CI clustered by PubChem compound; uncertainty is over the observed compound panel, not broader chemical space.
l1000_phase1	cigs_mce	logFC	strict_matched_condition	spearman	per_gene_population_zscore_dataset_cell_type	reviewer_dataset_cell_type_retrieval_dataset_pair	target_peer_normalized_rank	target_peer_normalized_rank	0.5213330312979043	0.515873268277432	0.5263555576496868	0.005241144686127408	bca	ok	0.95	2000	2000	855	855	124	query_pubchem_cid	direction,cell_type,time_key	direction	95% BCa bootstrap CI clustered by PubChem compound; uncertainty is over the observed compound panel, not broader chemical space.
l1000_phase1	cigs_mce	logFC	strict_matched_condition	spearman	per_gene_population_zscore_dataset_cell_type	reviewer_dataset_cell_type_retrieval_dataset_pair	delta_vs_source_peer_normalized_rank	delta_vs_source_peer_normalized_rank	-0.0005362561866644189	-0.08761287565870104	0.10768331396727493	0.09764809481298799	bca	ok	0.95	2000	2000	855	855	124	query_pubchem_cid	direction,cell_type,time_key	direction	95% BCa bootstrap CI clustered by PubChem compound; uncertainty is over the observed compound panel, not broader chemical space.
l1000_phase1	cigs_mce	logFC	strict_matched_condition	spearman	per_gene_population_zscore_dataset_cell_type	reviewer_dataset_cell_type_retrieval_dataset_pair	delta_vs_target_peer_normalized_rank	delta_vs_target_peer_normalized_rank	0.07603629332597366	-0.0011306024454331468	0.1619730436951039	0.08155182307026852	bca	ok	0.95	2000	2000	855	855	124	query_pubchem_cid	direction,cell_type,time_key	direction	95% BCa bootstrap CI clustered by PubChem compound; uncertainty is over the observed compound panel, not broader chemical space.
l1000_phase1	cigs_mce	logFC	strict_matched_condition	spearman	per_gene_population_zscore_dataset_cell_type	reviewer_dataset_cell_type_retrieval_dataset_pair	target_decoy_null_normalized_best_positive_rank	target_decoy_null_normalized_best_positive_rank	0.7848070929435949	0.7790652147903085	0.7880601813997185	0.004497483304704952	bca	ok	0.95	2000	2000	855	855	124	query_pubchem_cid	direction,cell_type,time_key	direction	95% BCa bootstrap CI clustered by PubChem compound; uncertainty is over the observed compound panel, not broader chemical space.
l1000_phase1	cigs_mce	logFC	strict_matched_condition	spearman	per_gene_population_zscore_dataset_cell_type	reviewer_dataset_cell_type_retrieval_dataset_pair	delta_vs_target_decoy_null_normalized_best_positive_rank	delta_vs_target_decoy_null_normalized_best_positive_rank	-0.18743776831971737	-0.2563385954987546	-0.09372192705054565	0.08130833422410447	bca	ok	0.95	2000	2000	855	855	124	query_pubchem_cid	direction,cell_type,time_key	direction	95% BCa bootstrap CI clustered by PubChem compound; uncertainty is over the observed compound panel, not broader chemical space.
l1000_phase1	sciplex	logFC	strict_matched_condition	cosine	per_gene_population_zscore_dataset_cell_type	reviewer_dataset_cell_type_retrieval_dataset_pair	observed_normalized_best_positive_rank	observed_normalized_best_positive_rank	0.6992049309917525	0.6593897858015246	0.7390362793497232	0.039823246774099264	bca	ok	0.95	2000	2000	1897	1897	90	query_pubchem_cid	direction,cell_type,time_key	direction	95% BCa bootstrap CI clustered by PubChem compound; uncertainty is over the observed compound panel, not broader chemical space.
l1000_phase1	sciplex	logFC	strict_matched_condition	cosine	per_gene_population_zscore_dataset_cell_type	reviewer_dataset_cell_type_retrieval_dataset_pair	observed_recall_at_1	observed_recall_at_1	0.052462941256634046	0.02859670397048437	0.09861037394681467	0.03500683498816515	bca	ok	0.95	2000	2000	1897	1897	90	query_pubchem_cid	direction,cell_type,time_key	direction	95% BCa bootstrap CI clustered by PubChem compound; uncertainty is over the observed compound panel, not broader chemical space.
l1000_phase1	sciplex	logFC	strict_matched_condition	cosine	per_gene_population_zscore_dataset_cell_type	reviewer_dataset_cell_type_retrieval_dataset_pair	observed_auroc	observed_auroc	0.6986793744156348	0.6564295056789883	0.7396213288387805	0.04159591157989612	bca	ok	0.95	2000	2000	1897	1897	90	query_pubchem_cid	direction,cell_type,time_key	direction	95% BCa bootstrap CI clustered by PubChem compound; uncertainty is over the observed compound panel, not broader chemical space.
l1000_phase1	sciplex	logFC	strict_matched_condition	cosine	per_gene_population_zscore_dataset_cell_type	reviewer_dataset_cell_type_retrieval_dataset_pair	observed_best_positive_similarity	observed_best_positive_similarity	0.08866495849355867	0.06323331026918892	0.1338525780667834	0.035309633898797245	bca	ok	0.95	2000	2000	1897	1897	90	query_pubchem_cid	direction,cell_type,time_key	direction	95% BCa bootstrap CI clustered by PubChem compound; uncertainty is over the observed compound panel, not broader chemical space.
l1000_phase1	sciplex	logFC	strict_matched_condition	cosine	per_gene_population_zscore_dataset_cell_type	reviewer_dataset_cell_type_retrieval_dataset_pair	random_normalized_best_positive_rank	random_normalized_best_positive_rank					not_estimable	too_few_clusters_or_values	0.95	2000	0	1897	0	0	query_pubchem_cid	direction,cell_type,time_key	direction	95% BCa bootstrap CI clustered by PubChem compound; uncertainty is over the observed compound panel, not broader chemical space.
l1000_phase1	sciplex	logFC	strict_matched_condition	cosine	per_gene_population_zscore_dataset_cell_type	reviewer_dataset_cell_type_retrieval_dataset_pair	random_recall_at_1	random_recall_at_1					not_estimable	too_few_clusters_or_values	0.95	2000	0	1897	0	0	query_pubchem_cid	direction,cell_type,time_key	direction	95% BCa bootstrap CI clustered by PubChem compound; uncertainty is over the observed compound panel, not broader chemical space.
l1000_phase1	sciplex	logFC	strict_matched_condition	cosine	per_gene_population_zscore_dataset_cell_type	reviewer_dataset_cell_type_retrieval_dataset_pair	random_auroc	random_auroc					not_estimable	too_few_clusters_or_values	0.95	2000	0	1897	0	0	query_pubchem_cid	direction,cell_type,time_key	direction	95% BCa bootstrap CI clustered by PubChem compound; uncertainty is over the observed compound panel, not broader chemical space.
l1000_phase1	sciplex	logFC	strict_matched_condition	cosine	per_gene_population_zscore_dataset_cell_type	reviewer_dataset_cell_type_retrieval_dataset_pair	delta_vs_random_normalized_best_positive_rank	delta_vs_random_normalized_best_positive_rank	-0.01970797822047711	-0.062000300327739365	0.022936586357885664	0.042468443342812516	bca	ok	0.95	2000	2000	1897	1897	90	query_pubchem_cid	direction,cell_type,time_key	direction	95% BCa bootstrap CI clustered by PubChem compound; uncertainty is over the observed compound panel, not broader chemical space.
l1000_phase1	sciplex	logFC	strict_matched_condition	cosine	per_gene_population_zscore_dataset_cell_type	reviewer_dataset_cell_type_retrieval_dataset_pair	source_individual_n_peers	source_individual_n_peers	580.0352668113383	518.5248153457105	617.1161730617042	49.29567885799685	bca	ok	0.95	2000	2000	1897	1897	90	query_pubchem_cid	direction,cell_type,time_key	direction	95% BCa bootstrap CI clustered by PubChem compound; uncertainty is over the observed compound panel, not broader chemical space.
l1000_phase1	sciplex	logFC	strict_matched_condition	cosine	per_gene_population_zscore_dataset_cell_type	reviewer_dataset_cell_type_retrieval_dataset_pair	source_individual_mean_similarity	source_individual_mean_similarity	0.04720222200968283	0.037753208477669775	0.05669813803760298	0.009472464779966602	bca	ok	0.95	2000	2000	1897	1876	90	query_pubchem_cid	direction,cell_type,time_key	direction	95% BCa bootstrap CI clustered by PubChem compound; uncertainty is over the observed compound panel, not broader chemical space.
l1000_phase1	sciplex	logFC	strict_matched_condition	cosine	per_gene_population_zscore_dataset_cell_type	reviewer_dataset_cell_type_retrieval_dataset_pair	source_individual_sd_similarity	source_individual_sd_similarity	0.12595636430785367	0.11752753896424441	0.13698002381415872	0.009726242424957156	bca	ok	0.95	2000	2000	1897	1876	90	query_pubchem_cid	direction,cell_type,time_key	direction	95% BCa bootstrap CI clustered by PubChem compound; uncertainty is over the observed compound panel, not broader chemical space.
l1000_phase1	sciplex	logFC	strict_matched_condition	cosine	per_gene_population_zscore_dataset_cell_type	reviewer_dataset_cell_type_retrieval_dataset_pair	source_individual_n_below_observed	source_individual_n_below_observed	320.4131297125563	284.1717069202224	354.8288289945666	35.32856103717211	bca	ok	0.95	2000	2000	1897	1897	90	query_pubchem_cid	direction,cell_type,time_key	direction	95% BCa bootstrap CI clustered by PubChem compound; uncertainty is over the observed compound panel, not broader chemical space.
l1000_phase1	sciplex	logFC	strict_matched_condition	cosine	per_gene_population_zscore_dataset_cell_type	reviewer_dataset_cell_type_retrieval_dataset_pair	source_individual_fraction_below_observed	source_individual_fraction_below_observed	0.578915987045024	0.5471845430513534	0.6160410680626087	0.03442826250562764	bca	ok	0.95	2000	2000	1897	1876	90	query_pubchem_cid	direction,cell_type,time_key	direction	95% BCa bootstrap CI clustered by PubChem compound; uncertainty is over the observed compound panel, not broader chemical space.
l1000_phase1	sciplex	logFC	strict_matched_condition	cosine	per_gene_population_zscore_dataset_cell_type	reviewer_dataset_cell_type_retrieval_dataset_pair	source_individual_corrected_percentile	source_individual_corrected_percentile	0.5840967238851418	0.5534453546765137	0.6231927432729135	0.03487369429819992	bca	ok	0.95	2000	2000	1897	1876	90	query_pubchem_cid	direction,cell_type,time_key	direction	95% BCa bootstrap CI clustered by PubChem compound; uncertainty is over the observed compound panel, not broader chemical space.
l1000_phase1	sciplex	logFC	strict_matched_condition	cosine	per_gene_population_zscore_dataset_cell_type	reviewer_dataset_cell_type_retrieval_dataset_pair	target_individual_n_peers	target_individual_n_peers	489.1751492803688	442.42130931055493	536.2252332151726	46.901961952308824	bca	ok	0.95	2000	2000	1897	1897	90	query_pubchem_cid	direction,cell_type,time_key	direction	95% BCa bootstrap CI clustered by PubChem compound; uncertainty is over the observed compound panel, not broader chemical space.
l1000_phase1	sciplex	logFC	strict_matched_condition	cosine	per_gene_population_zscore_dataset_cell_type	reviewer_dataset_cell_type_retrieval_dataset_pair	target_individual_mean_similarity	target_individual_mean_similarity	0.008618900823663667	0.004758153364193764	0.012523810663347375	0.0038828286495768056	bca	ok	0.95	2000	2000	1897	1887	90	query_pubchem_cid	direction,cell_type,time_key	direction	95% BCa bootstrap CI clustered by PubChem compound; uncertainty is over the observed compound panel, not broader chemical space.
l1000_phase1	sciplex	logFC	strict_matched_condition	cosine	per_gene_population_zscore_dataset_cell_type	reviewer_dataset_cell_type_retrieval_dataset_pair	target_individual_sd_similarity	target_individual_sd_similarity	0.0640767147533361	0.05746208429782834	0.07342740279846878	0.007982659250320219	bca	ok	0.95	2000	2000	1897	1887	90	query_pubchem_cid	direction,cell_type,time_key	direction	95% BCa bootstrap CI clustered by PubChem compound; uncertainty is over the observed compound panel, not broader chemical space.
l1000_phase1	sciplex	logFC	strict_matched_condition	cosine	per_gene_population_zscore_dataset_cell_type	reviewer_dataset_cell_type_retrieval_dataset_pair	target_individual_n_below_observed	target_individual_n_below_observed	362.2374885159187	325.2429593932609	401.75449962766083	38.25577011719997	bca	ok	0.95	2000	2000	1897	1897	90	query_pubchem_cid	direction,cell_type,time_key	direction	95% BCa bootstrap CI clustered by PubChem compound; uncertainty is over the observed compound panel, not broader chemical space.
l1000_phase1	sciplex	logFC	strict_matched_condition	cosine	per_gene_population_zscore_dataset_cell_type	reviewer_dataset_cell_type_retrieval_dataset_pair	target_individual_fraction_below_observed	target_individual_fraction_below_observed	0.6859376505572138	0.6393646375622787	0.7269893832246602	0.04381237283119077	bca	ok	0.95	2000	2000	1897	1887	90	query_pubchem_cid	direction,cell_type,time_key	direction	95% BCa bootstrap CI clustered by PubChem compound; uncertainty is over the observed compound panel, not broader chemical space.
l1000_phase1	sciplex	logFC	strict_matched_condition	cosine	per_gene_population_zscore_dataset_cell_type	reviewer_dataset_cell_type_retrieval_dataset_pair	target_individual_corrected_percentile	target_individual_corrected_percentile	0.6902055288488982	0.6471323783423484	0.7298795611644189	0.04137359141103525	bca	ok	0.95	2000	2000	1897	1887	90	query_pubchem_cid	direction,cell_type,time_key	direction	95% BCa bootstrap CI clustered by PubChem compound; uncertainty is over the observed compound panel, not broader chemical space.
l1000_phase1	sciplex	logFC	strict_matched_condition	cosine	per_gene_population_zscore_dataset_cell_type	reviewer_dataset_cell_type_retrieval_dataset_pair	source_centroid_similarity	source_centroid_similarity	0.14893877689113544	0.11329520731978644	0.18766615697034061	0.037185474825277086	bca	ok	0.95	2000	2000	1897	1876	90	query_pubchem_cid	direction,cell_type,time_key	direction	95% BCa bootstrap CI clustered by PubChem compound; uncertainty is over the observed compound panel, not broader chemical space.
l1000_phase1	sciplex	logFC	strict_matched_condition	cosine	per_gene_population_zscore_dataset_cell_type	reviewer_dataset_cell_type_retrieval_dataset_pair	source_centroid_normalized_rank	source_centroid_normalized_rank	0.6913325077717808	0.6369027774567292	0.7378817214167377	0.05048947198000425	bca	ok	0.95	2000	2000	1897	1876	90	query_pubchem_cid	direction,cell_type,time_key	direction	95% BCa bootstrap CI clustered by PubChem compound; uncertainty is over the observed compound panel, not broader chemical space.
l1000_phase1	sciplex	logFC	strict_matched_condition	cosine	per_gene_population_zscore_dataset_cell_type	reviewer_dataset_cell_type_retrieval_dataset_pair	source_centroid_recall_at_1	source_centroid_recall_at_1	0.31869788351401673	0.27091290907753285	0.37637451421576473	0.05273080256911594	bca	ok	0.95	2000	2000	1897	1876	90	query_pubchem_cid	direction,cell_type,time_key	direction	95% BCa bootstrap CI clustered by PubChem compound; uncertainty is over the observed compound panel, not broader chemical space.
l1000_phase1	sciplex	logFC	strict_matched_condition	cosine	per_gene_population_zscore_dataset_cell_type	reviewer_dataset_cell_type_retrieval_dataset_pair	source_centroid_auroc	source_centroid_auroc	0.6913325077717808	0.637126027023049	0.7365624968910395	0.04971823493399524	bca	ok	0.95	2000	2000	1897	1876	90	query_pubchem_cid	direction,cell_type,time_key	direction	95% BCa bootstrap CI clustered by PubChem compound; uncertainty is over the observed compound panel, not broader chemical space.
l1000_phase1	sciplex	logFC	strict_matched_condition	cosine	per_gene_population_zscore_dataset_cell_type	reviewer_dataset_cell_type_retrieval_dataset_pair	target_centroid_similarity	target_centroid_similarity	0.054444982928748366	0.03296772728124548	0.0789044427561259	0.02296835773744021	bca	ok	0.95	2000	2000	1897	1887	90	query_pubchem_cid	direction,cell_type,time_key	direction	95% BCa bootstrap CI clustered by PubChem compound; uncertainty is over the observed compound panel, not broader chemical space.
l1000_phase1	sciplex	logFC	strict_matched_condition	cosine	per_gene_population_zscore_dataset_cell_type	reviewer_dataset_cell_type_retrieval_dataset_pair	target_centroid_normalized_rank	target_centroid_normalized_rank	0.5899392206287868	0.543634855923055	0.6380540499853878	0.047209597031166395	bca	ok	0.95	2000	2000	1897	1887	90	query_pubchem_cid	direction,cell_type,time_key	direction	95% BCa bootstrap CI clustered by PubChem compound; uncertainty is over the observed compound panel, not broader chemical space.
l1000_phase1	sciplex	logFC	strict_matched_condition	cosine	per_gene_population_zscore_dataset_cell_type	reviewer_dataset_cell_type_retrieval_dataset_pair	target_centroid_recall_at_1	target_centroid_recall_at_1	0.005936149629151887	0.0017450575216088852	0.015479451326146688	0.006867196902268901	bca	ok	0.95	2000	2000	1897	1887	90	query_pubchem_cid	direction,cell_type,time_key	direction	95% BCa bootstrap CI clustered by PubChem compound; uncertainty is over the observed compound panel, not broader chemical space.
l1000_phase1	sciplex	logFC	strict_matched_condition	cosine	per_gene_population_zscore_dataset_cell_type	reviewer_dataset_cell_type_retrieval_dataset_pair	target_centroid_auroc	target_centroid_auroc	0.5899410691942999	0.5431809295516667	0.6374520248122714	0.04713554763030231	bca	ok	0.95	2000	2000	1897	1887	90	query_pubchem_cid	direction,cell_type,time_key	direction	95% BCa bootstrap CI clustered by PubChem compound; uncertainty is over the observed compound panel, not broader chemical space.
l1000_phase1	sciplex	logFC	strict_matched_condition	cosine	per_gene_population_zscore_dataset_cell_type	reviewer_dataset_cell_type_retrieval_dataset_pair	source_peer_normalized_rank	source_peer_normalized_rank	0.5702042053921076	0.5526207648131164	0.5873494717498394	0.017364353468361515	bca	ok	0.95	2000	2000	1897	1876	90	query_pubchem_cid	direction,cell_type,time_key	direction	95% BCa bootstrap CI clustered by PubChem compound; uncertainty is over the observed compound panel, not broader chemical space.
l1000_phase1	sciplex	logFC	strict_matched_condition	cosine	per_gene_population_zscore_dataset_cell_type	reviewer_dataset_cell_type_retrieval_dataset_pair	target_peer_normalized_rank	target_peer_normalized_rank	0.5219565422810477	0.5146628908426844	0.5294509576253585	0.007394033391337096	bca	ok	0.95	2000	2000	1897	1887	90	query_pubchem_cid	direction,cell_type,time_key	direction	95% BCa bootstrap CI clustered by PubChem compound; uncertainty is over the observed compound panel, not broader chemical space.
l1000_phase1	sciplex	logFC	strict_matched_condition	cosine	per_gene_population_zscore_dataset_cell_type	reviewer_dataset_cell_type_retrieval_dataset_pair	delta_vs_source_peer_normalized_rank	delta_vs_source_peer_normalized_rank	0.12974896869586577	0.08910524726714754	0.16931806762088963	0.04010641017687105	bca	ok	0.95	2000	2000	1897	1876	90	query_pubchem_cid	direction,cell_type,time_key	direction	95% BCa bootstrap CI clustered by PubChem compound; uncertainty is over the observed compound panel, not broader chemical space.
l1000_phase1	sciplex	logFC	strict_matched_condition	cosine	per_gene_population_zscore_dataset_cell_type	reviewer_dataset_cell_type_retrieval_dataset_pair	delta_vs_target_peer_normalized_rank	delta_vs_target_peer_normalized_rank	0.17722108641941753	0.13459344928446138	0.21830725016514438	0.0418569004403415	bca	ok	0.95	2000	2000	1897	1887	90	query_pubchem_cid	direction,cell_type,time_key	direction	95% BCa bootstrap CI clustered by PubChem compound; uncertainty is over the observed compound panel, not broader chemical space.
l1000_phase1	sciplex	logFC	strict_matched_condition	cosine	per_gene_population_zscore_dataset_cell_type	reviewer_dataset_cell_type_retrieval_dataset_pair	target_decoy_null_normalized_best_positive_rank	target_decoy_null_normalized_best_positive_rank	0.7189129092122296	0.7113761235379688	0.7262479709517818	0.007435923706906544	bca	ok	0.95	2000	2000	1897	1897	90	query_pubchem_cid	direction,cell_type,time_key	direction	95% BCa bootstrap CI clustered by PubChem compound; uncertainty is over the observed compound panel, not broader chemical space.
l1000_phase1	sciplex	logFC	strict_matched_condition	cosine	per_gene_population_zscore_dataset_cell_type	reviewer_dataset_cell_type_retrieval_dataset_pair	delta_vs_target_decoy_null_normalized_best_positive_rank	delta_vs_target_decoy_null_normalized_best_positive_rank	-0.01970797822047711	-0.06139339881473199	0.021036171455642447	0.04121478513518722	bca	ok	0.95	2000	2000	1897	1897	90	query_pubchem_cid	direction,cell_type,time_key	direction	95% BCa bootstrap CI clustered by PubChem compound; uncertainty is over the observed compound panel, not broader chemical space.
l1000_phase1	sciplex	logFC	strict_matched_condition	spearman	per_gene_population_zscore_dataset_cell_type	reviewer_dataset_cell_type_retrieval_dataset_pair	observed_normalized_best_positive_rank	observed_normalized_best_positive_rank	0.6985155279075244	0.650055863673067	0.7394444417013267	0.04469428901412986	bca	ok	0.95	2000	2000	1897	1897	90	query_pubchem_cid	direction,cell_type,time_key	direction	95% BCa bootstrap CI clustered by PubChem compound; uncertainty is over the observed compound panel, not broader chemical space.
l1000_phase1	sciplex	logFC	strict_matched_condition	spearman	per_gene_population_zscore_dataset_cell_type	reviewer_dataset_cell_type_retrieval_dataset_pair	observed_recall_at_1	observed_recall_at_1	0.06039704274815693	0.03698725756690298	0.0978361400265469	0.030424441229821964	bca	ok	0.95	2000	2000	1897	1897	90	query_pubchem_cid	direction,cell_type,time_key	direction	95% BCa bootstrap CI clustered by PubChem compound; uncertainty is over the observed compound panel, not broader chemical space.
l1000_phase1	sciplex	logFC	strict_matched_condition	spearman	per_gene_population_zscore_dataset_cell_type	reviewer_dataset_cell_type_retrieval_dataset_pair	observed_auroc	observed_auroc	0.6979818648960836	0.6506563938865807	0.7397857160757966	0.04456466109460794	bca	ok	0.95	2000	2000	1897	1897	90	query_pubchem_cid	direction,cell_type,time_key	direction	95% BCa bootstrap CI clustered by PubChem compound; uncertainty is over the observed compound panel, not broader chemical space.
l1000_phase1	sciplex	logFC	strict_matched_condition	spearman	per_gene_population_zscore_dataset_cell_type	reviewer_dataset_cell_type_retrieval_dataset_pair	observed_best_positive_similarity	observed_best_positive_similarity	0.08463808331742492	0.058696915575771696	0.12490052910374912	0.03310180676398871	bca	ok	0.95	2000	2000	1897	1897	90	query_pubchem_cid	direction,cell_type,time_key	direction	95% BCa bootstrap CI clustered by PubChem compound; uncertainty is over the observed compound panel, not broader chemical space.
l1000_phase1	sciplex	logFC	strict_matched_condition	spearman	per_gene_population_zscore_dataset_cell_type	reviewer_dataset_cell_type_retrieval_dataset_pair	random_normalized_best_positive_rank	random_normalized_best_positive_rank					not_estimable	too_few_clusters_or_values	0.95	2000	0	1897	0	0	query_pubchem_cid	direction,cell_type,time_key	direction	95% BCa bootstrap CI clustered by PubChem compound; uncertainty is over the observed compound panel, not broader chemical space.
l1000_phase1	sciplex	logFC	strict_matched_condition	spearman	per_gene_population_zscore_dataset_cell_type	reviewer_dataset_cell_type_retrieval_dataset_pair	random_recall_at_1	random_recall_at_1					not_estimable	too_few_clusters_or_values	0.95	2000	0	1897	0	0	query_pubchem_cid	direction,cell_type,time_key	direction	95% BCa bootstrap CI clustered by PubChem compound; uncertainty is over the observed compound panel, not broader chemical space.
l1000_phase1	sciplex	logFC	strict_matched_condition	spearman	per_gene_population_zscore_dataset_cell_type	reviewer_dataset_cell_type_retrieval_dataset_pair	random_auroc	random_auroc					not_estimable	too_few_clusters_or_values	0.95	2000	0	1897	0	0	query_pubchem_cid	direction,cell_type,time_key	direction	95% BCa bootstrap CI clustered by PubChem compound; uncertainty is over the observed compound panel, not broader chemical space.
l1000_phase1	sciplex	logFC	strict_matched_condition	spearman	per_gene_population_zscore_dataset_cell_type	reviewer_dataset_cell_type_retrieval_dataset_pair	delta_vs_random_normalized_best_positive_rank	delta_vs_random_normalized_best_positive_rank	-0.02039738130470547	-0.06688368776828724	0.022913135338622527	0.04489841155345488	bca	ok	0.95	2000	2000	1897	1897	90	query_pubchem_cid	direction,cell_type,time_key	direction	95% BCa bootstrap CI clustered by PubChem compound; uncertainty is over the observed compound panel, not broader chemical space.
l1000_phase1	sciplex	logFC	strict_matched_condition	spearman	per_gene_population_zscore_dataset_cell_type	reviewer_dataset_cell_type_retrieval_dataset_pair	source_individual_n_peers	source_individual_n_peers	580.0352668113383	531.6586847315749	617.8934621186412	43.117388693533144	bca	ok	0.95	2000	2000	1897	1897	90	query_pubchem_cid	direction,cell_type,time_key	direction	95% BCa bootstrap CI clustered by PubChem compound; uncertainty is over the observed compound panel, not broader chemical space.
l1000_phase1	sciplex	logFC	strict_matched_condition	spearman	per_gene_population_zscore_dataset_cell_type	reviewer_dataset_cell_type_retrieval_dataset_pair	source_individual_mean_similarity	source_individual_mean_similarity	0.04839898806266818	0.038471317894276845	0.05826156884659612	0.009895125476159637	bca	ok	0.95	2000	2000	1897	1876	90	query_pubchem_cid	direction,cell_type,time_key	direction	95% BCa bootstrap CI clustered by PubChem compound; uncertainty is over the observed compound panel, not broader chemical space.
l1000_phase1	sciplex	logFC	strict_matched_condition	spearman	per_gene_population_zscore_dataset_cell_type	reviewer_dataset_cell_type_retrieval_dataset_pair	source_individual_sd_similarity	source_individual_sd_similarity	0.12571780828954884	0.1177277329676624	0.13779055780074587	0.010031412416541735	bca	ok	0.95	2000	2000	1897	1876	90	query_pubchem_cid	direction,cell_type,time_key	direction	95% BCa bootstrap CI clustered by PubChem compound; uncertainty is over the observed compound panel, not broader chemical space.
l1000_phase1	sciplex	logFC	strict_matched_condition	spearman	per_gene_population_zscore_dataset_cell_type	reviewer_dataset_cell_type_retrieval_dataset_pair	source_individual_n_below_observed	source_individual_n_below_observed	315.54652780734517	279.31122975968094	351.6431434334297	36.165956836874386	bca	ok	0.95	2000	2000	1897	1897	90	query_pubchem_cid	direction,cell_type,time_key	direction	95% BCa bootstrap CI clustered by PubChem compound; uncertainty is over the observed compound panel, not broader chemical space.
l1000_phase1	sciplex	logFC	strict_matched_condition	spearman	per_gene_population_zscore_dataset_cell_type	reviewer_dataset_cell_type_retrieval_dataset_pair	source_individual_fraction_below_observed	source_individual_fraction_below_observed	0.57287615646049	0.540664931115879	0.6102435229515623	0.034789295917841634	bca	ok	0.95	2000	2000	1897	1876	90	query_pubchem_cid	direction,cell_type,time_key	direction	95% BCa bootstrap CI clustered by PubChem compound; uncertainty is over the observed compound panel, not broader chemical space.
l1000_phase1	sciplex	logFC	strict_matched_condition	spearman	per_gene_population_zscore_dataset_cell_type	reviewer_dataset_cell_type_retrieval_dataset_pair	source_individual_corrected_percentile	source_individual_corrected_percentile	0.5780865046802843	0.5457921800181641	0.6160530651838638	0.03513044258284986	bca	ok	0.95	2000	2000	1897	1876	90	query_pubchem_cid	direction,cell_type,time_key	direction	95% BCa bootstrap CI clustered by PubChem compound; uncertainty is over the observed compound panel, not broader chemical space.
l1000_phase1	sciplex	logFC	strict_matched_condition	spearman	per_gene_population_zscore_dataset_cell_type	reviewer_dataset_cell_type_retrieval_dataset_pair	target_individual_n_peers	target_individual_n_peers	489.1751492803688	443.38682255846095	541.3996201428951	49.006398792217055	bca	ok	0.95	2000	2000	1897	1897	90	query_pubchem_cid	direction,cell_type,time_key	direction	95% BCa bootstrap CI clustered by PubChem compound; uncertainty is over the observed compound panel, not broader chemical space.
l1000_phase1	sciplex	logFC	strict_matched_condition	spearman	per_gene_population_zscore_dataset_cell_type	reviewer_dataset_cell_type_retrieval_dataset_pair	target_individual_mean_similarity	target_individual_mean_similarity	0.007420031570576881	0.00415500518953413	0.010971881863618554	0.003408438337042212	bca	ok	0.95	2000	2000	1897	1887	90	query_pubchem_cid	direction,cell_type,time_key	direction	95% BCa bootstrap CI clustered by PubChem compound; uncertainty is over the observed compound panel, not broader chemical space.
l1000_phase1	sciplex	logFC	strict_matched_condition	spearman	per_gene_population_zscore_dataset_cell_type	reviewer_dataset_cell_type_retrieval_dataset_pair	target_individual_sd_similarity	target_individual_sd_similarity	0.06241751785270389	0.05585886595376621	0.07336769405477633	0.00875441405050506	bca	ok	0.95	2000	2000	1897	1887	90	query_pubchem_cid	direction,cell_type,time_key	direction	95% BCa bootstrap CI clustered by PubChem compound; uncertainty is over the observed compound panel, not broader chemical space.
l1000_phase1	sciplex	logFC	strict_matched_condition	spearman	per_gene_population_zscore_dataset_cell_type	reviewer_dataset_cell_type_retrieval_dataset_pair	target_individual_n_below_observed	target_individual_n_below_observed	358.47377524550166	320.6476835715435	398.1358270100716	38.74407171926404	bca	ok	0.95	2000	2000	1897	1897	90	query_pubchem_cid	direction,cell_type,time_key	direction	95% BCa bootstrap CI clustered by PubChem compound; uncertainty is over the observed compound panel, not broader chemical space.
l1000_phase1	sciplex	logFC	strict_matched_condition	spearman	per_gene_population_zscore_dataset_cell_type	reviewer_dataset_cell_type_retrieval_dataset_pair	target_individual_fraction_below_observed	target_individual_fraction_below_observed	0.6874648499078966	0.6411337123285925	0.7279377692402929	0.04340202845585017	bca	ok	0.95	2000	2000	1897	1887	90	query_pubchem_cid	direction,cell_type,time_key	direction	95% BCa bootstrap CI clustered by PubChem compound; uncertainty is over the observed compound panel, not broader chemical space.
l1000_phase1	sciplex	logFC	strict_matched_condition	spearman	per_gene_population_zscore_dataset_cell_type	reviewer_dataset_cell_type_retrieval_dataset_pair	target_individual_corrected_percentile	target_individual_corrected_percentile	0.6920834950561624	0.6454753493627519	0.7330159524708506	0.04377030155404937	bca	ok	0.95	2000	2000	1897	1887	90	query_pubchem_cid	direction,cell_type,time_key	direction	95% BCa bootstrap CI clustered by PubChem compound; uncertainty is over the observed compound panel, not broader chemical space.
l1000_phase1	sciplex	logFC	strict_matched_condition	spearman	per_gene_population_zscore_dataset_cell_type	reviewer_dataset_cell_type_retrieval_dataset_pair	source_centroid_similarity	source_centroid_similarity	0.14131331991278545	0.10543717496202795	0.17788998388053226	0.036226404459252154	bca	ok	0.95	2000	2000	1897	1876	90	query_pubchem_cid	direction,cell_type,time_key	direction	95% BCa bootstrap CI clustered by PubChem compound; uncertainty is over the observed compound panel, not broader chemical space.
l1000_phase1	sciplex	logFC	strict_matched_condition	spearman	per_gene_population_zscore_dataset_cell_type	reviewer_dataset_cell_type_retrieval_dataset_pair	source_centroid_normalized_rank	source_centroid_normalized_rank	0.6804602988025612	0.6284407997726854	0.7315599227331755	0.05155956148024504	bca	ok	0.95	2000	2000	1897	1876	90	query_pubchem_cid	direction,cell_type,time_key	direction	95% BCa bootstrap CI clustered by PubChem compound; uncertainty is over the observed compound panel, not broader chemical space.
l1000_phase1	sciplex	logFC	strict_matched_condition	spearman	per_gene_population_zscore_dataset_cell_type	reviewer_dataset_cell_type_retrieval_dataset_pair	source_centroid_recall_at_1	source_centroid_recall_at_1	0.3134129104347624	0.26350839180431207	0.36700415720130164	0.051747882698494785	bca	ok	0.95	2000	2000	1897	1876	90	query_pubchem_cid	direction,cell_type,time_key	direction	95% BCa bootstrap CI clustered by PubChem compound; uncertainty is over the observed compound panel, not broader chemical space.
l1000_phase1	sciplex	logFC	strict_matched_condition	spearman	per_gene_population_zscore_dataset_cell_type	reviewer_dataset_cell_type_retrieval_dataset_pair	source_centroid_auroc	source_centroid_auroc	0.6804602988025612	0.6267887708831957	0.7272673611413752	0.050239295129089756	bca	ok	0.95	2000	2000	1897	1876	90	query_pubchem_cid	direction,cell_type,time_key	direction	95% BCa bootstrap CI clustered by PubChem compound; uncertainty is over the observed compound panel, not broader chemical space.
l1000_phase1	sciplex	logFC	strict_matched_condition	spearman	per_gene_population_zscore_dataset_cell_type	reviewer_dataset_cell_type_retrieval_dataset_pair	target_centroid_similarity	target_centroid_similarity	0.04424975368104443	0.024240668649781402	0.07059709741255694	0.02317821438138777	bca	ok	0.95	2000	2000	1897	1887	90	query_pubchem_cid	direction,cell_type,time_key	direction	95% BCa bootstrap CI clustered by PubChem compound; uncertainty is over the observed compound panel, not broader chemical space.
l1000_phase1	sciplex	logFC	strict_matched_condition	spearman	per_gene_population_zscore_dataset_cell_type	reviewer_dataset_cell_type_retrieval_dataset_pair	target_centroid_normalized_rank	target_centroid_normalized_rank	0.5770478279937032	0.5274445591765994	0.6265754527670724	0.0495654467952365	bca	ok	0.95	2000	2000	1897	1887	90	query_pubchem_cid	direction,cell_type,time_key	direction	95% BCa bootstrap CI clustered by PubChem compound; uncertainty is over the observed compound panel, not broader chemical space.
l1000_phase1	sciplex	logFC	strict_matched_condition	spearman	per_gene_population_zscore_dataset_cell_type	reviewer_dataset_cell_type_retrieval_dataset_pair	target_centroid_recall_at_1	target_centroid_recall_at_1	0.001693002257336343	0.0	0.008822576773977209	0.0044112883869886045	bca	ok	0.95	2000	2000	1897	1887	90	query_pubchem_cid	direction,cell_type,time_key	direction	95% BCa bootstrap CI clustered by PubChem compound; uncertainty is over the observed compound panel, not broader chemical space.
l1000_phase1	sciplex	logFC	strict_matched_condition	spearman	per_gene_population_zscore_dataset_cell_type	reviewer_dataset_cell_type_retrieval_dataset_pair	target_centroid_auroc	target_centroid_auroc	0.577051261043942	0.5259773944393444	0.6279174021300445	0.050970003845350054	bca	ok	0.95	2000	2000	1897	1887	90	query_pubchem_cid	direction,cell_type,time_key	direction	95% BCa bootstrap CI clustered by PubChem compound; uncertainty is over the observed compound panel, not broader chemical space.
l1000_phase1	sciplex	logFC	strict_matched_condition	spearman	per_gene_population_zscore_dataset_cell_type	reviewer_dataset_cell_type_retrieval_dataset_pair	source_peer_normalized_rank	source_peer_normalized_rank	0.5730473322054488	0.5535745401409112	0.5886596513057019	0.017542555582395314	bca	ok	0.95	2000	2000	1897	1876	90	query_pubchem_cid	direction,cell_type,time_key	direction	95% BCa bootstrap CI clustered by PubChem compound; uncertainty is over the observed compound panel, not broader chemical space.
l1000_phase1	sciplex	logFC	strict_matched_condition	spearman	per_gene_population_zscore_dataset_cell_type	reviewer_dataset_cell_type_retrieval_dataset_pair	target_peer_normalized_rank	target_peer_normalized_rank	0.5184540618859338	0.5107986596871834	0.5263640113574026	0.007782675835109609	bca	ok	0.95	2000	2000	1897	1887	90	query_pubchem_cid	direction,cell_type,time_key	direction	95% BCa bootstrap CI clustered by PubChem compound; uncertainty is over the observed compound panel, not broader chemical space.
l1000_phase1	sciplex	logFC	strict_matched_condition	spearman	per_gene_population_zscore_dataset_cell_type	reviewer_dataset_cell_type_retrieval_dataset_pair	delta_vs_source_peer_normalized_rank	delta_vs_source_peer_normalized_rank	0.12629189001109298	0.08181953823530463	0.1664948011732958	0.04233763146899558	bca	ok	0.95	2000	2000	1897	1876	90	query_pubchem_cid	direction,cell_type,time_key	direction	95% BCa bootstrap CI clustered by PubChem compound; uncertainty is over the observed compound panel, not broader chemical space.
l1000_phase1	sciplex	logFC	strict_matched_condition	spearman	per_gene_population_zscore_dataset_cell_type	reviewer_dataset_cell_type_retrieval_dataset_pair	delta_vs_target_peer_normalized_rank	delta_vs_target_peer_normalized_rank	0.17989152843276762	0.13519006211801246	0.22178205589681269	0.04329599688940011	bca	ok	0.95	2000	2000	1897	1887	90	query_pubchem_cid	direction,cell_type,time_key	direction	95% BCa bootstrap CI clustered by PubChem compound; uncertainty is over the observed compound panel, not broader chemical space.
l1000_phase1	sciplex	logFC	strict_matched_condition	spearman	per_gene_population_zscore_dataset_cell_type	reviewer_dataset_cell_type_retrieval_dataset_pair	target_decoy_null_normalized_best_positive_rank	target_decoy_null_normalized_best_positive_rank	0.7189129092122296	0.7120758954566437	0.7269216576669976	0.007422881105176915	bca	ok	0.95	2000	2000	1897	1897	90	query_pubchem_cid	direction,cell_type,time_key	direction	95% BCa bootstrap CI clustered by PubChem compound; uncertainty is over the observed compound panel, not broader chemical space.
l1000_phase1	sciplex	logFC	strict_matched_condition	spearman	per_gene_population_zscore_dataset_cell_type	reviewer_dataset_cell_type_retrieval_dataset_pair	delta_vs_target_decoy_null_normalized_best_positive_rank	delta_vs_target_decoy_null_normalized_best_positive_rank	-0.02039738130470547	-0.06522051853622925	0.021615195992877992	0.04341785726455362	bca	ok	0.95	2000	2000	1897	1897	90	query_pubchem_cid	direction,cell_type,time_key	direction	95% BCa bootstrap CI clustered by PubChem compound; uncertainty is over the observed compound panel, not broader chemical space.
l1000_phase2	tahoe	logFC	strict_matched_condition	cosine	per_gene_population_zscore_dataset_cell_type	reviewer_dataset_cell_type_retrieval_dataset_pair	observed_normalized_best_positive_rank	observed_normalized_best_positive_rank	0.6282263119492006	0.5748865538967715	0.6733337928707956	0.049223619487012094	bca	ok	0.95	2000	2000	1755	1755	110	query_pubchem_cid	direction,cell_type,time_key	direction	95% BCa bootstrap CI clustered by PubChem compound; uncertainty is over the observed compound panel, not broader chemical space.
l1000_phase2	tahoe	logFC	strict_matched_condition	cosine	per_gene_population_zscore_dataset_cell_type	reviewer_dataset_cell_type_retrieval_dataset_pair	observed_recall_at_1	observed_recall_at_1	0.02802931391215292	0.014685353706875117	0.05037392122623412	0.0178442837596795	bca	ok	0.95	2000	2000	1755	1755	110	query_pubchem_cid	direction,cell_type,time_key	direction	95% BCa bootstrap CI clustered by PubChem compound; uncertainty is over the observed compound panel, not broader chemical space.
l1000_phase2	tahoe	logFC	strict_matched_condition	cosine	per_gene_population_zscore_dataset_cell_type	reviewer_dataset_cell_type_retrieval_dataset_pair	observed_auroc	observed_auroc	0.6275382724516877	0.575678236173307	0.6727381919412334	0.04852997788396318	bca	ok	0.95	2000	2000	1755	1755	110	query_pubchem_cid	direction,cell_type,time_key	direction	95% BCa bootstrap CI clustered by PubChem compound; uncertainty is over the observed compound panel, not broader chemical space.
l1000_phase2	tahoe	logFC	strict_matched_condition	cosine	per_gene_population_zscore_dataset_cell_type	reviewer_dataset_cell_type_retrieval_dataset_pair	observed_best_positive_similarity	observed_best_positive_similarity	0.04703509720562228	0.029868553929638976	0.07520383949150614	0.02266764278093358	bca	ok	0.95	2000	2000	1755	1755	110	query_pubchem_cid	direction,cell_type,time_key	direction	95% BCa bootstrap CI clustered by PubChem compound; uncertainty is over the observed compound panel, not broader chemical space.
l1000_phase2	tahoe	logFC	strict_matched_condition	cosine	per_gene_population_zscore_dataset_cell_type	reviewer_dataset_cell_type_retrieval_dataset_pair	random_normalized_best_positive_rank	random_normalized_best_positive_rank					not_estimable	too_few_clusters_or_values	0.95	2000	0	1755	0	0	query_pubchem_cid	direction,cell_type,time_key	direction	95% BCa bootstrap CI clustered by PubChem compound; uncertainty is over the observed compound panel, not broader chemical space.
l1000_phase2	tahoe	logFC	strict_matched_condition	cosine	per_gene_population_zscore_dataset_cell_type	reviewer_dataset_cell_type_retrieval_dataset_pair	random_recall_at_1	random_recall_at_1					not_estimable	too_few_clusters_or_values	0.95	2000	0	1755	0	0	query_pubchem_cid	direction,cell_type,time_key	direction	95% BCa bootstrap CI clustered by PubChem compound; uncertainty is over the observed compound panel, not broader chemical space.
l1000_phase2	tahoe	logFC	strict_matched_condition	cosine	per_gene_population_zscore_dataset_cell_type	reviewer_dataset_cell_type_retrieval_dataset_pair	random_auroc	random_auroc					not_estimable	too_few_clusters_or_values	0.95	2000	0	1755	0	0	query_pubchem_cid	direction,cell_type,time_key	direction	95% BCa bootstrap CI clustered by PubChem compound; uncertainty is over the observed compound panel, not broader chemical space.
l1000_phase2	tahoe	logFC	strict_matched_condition	cosine	per_gene_population_zscore_dataset_cell_type	reviewer_dataset_cell_type_retrieval_dataset_pair	delta_vs_random_normalized_best_positive_rank	delta_vs_random_normalized_best_positive_rank	-0.017608663392617234	-0.07153129720865595	0.03058125275754472	0.051056274983100336	bca	ok	0.95	2000	2000	1755	1755	110	query_pubchem_cid	direction,cell_type,time_key	direction	95% BCa bootstrap CI clustered by PubChem compound; uncertainty is over the observed compound panel, not broader chemical space.
l1000_phase2	tahoe	logFC	strict_matched_condition	cosine	per_gene_population_zscore_dataset_cell_type	reviewer_dataset_cell_type_retrieval_dataset_pair	source_individual_n_peers	source_individual_n_peers	163.82606481645578	159.79704771397556	166.57865091049837	3.3908015982614046	bca	ok	0.95	2000	2000	1755	1755	110	query_pubchem_cid	direction,cell_type,time_key	direction	95% BCa bootstrap CI clustered by PubChem compound; uncertainty is over the observed compound panel, not broader chemical space.
l1000_phase2	tahoe	logFC	strict_matched_condition	cosine	per_gene_population_zscore_dataset_cell_type	reviewer_dataset_cell_type_retrieval_dataset_pair	source_individual_mean_similarity	source_individual_mean_similarity	0.014957242004203071	0.010968518971153456	0.018309081502049764	0.003670281265448154	bca	ok	0.95	2000	2000	1755	1755	110	query_pubchem_cid	direction,cell_type,time_key	direction	95% BCa bootstrap CI clustered by PubChem compound; uncertainty is over the observed compound panel, not broader chemical space.
l1000_phase2	tahoe	logFC	strict_matched_condition	cosine	per_gene_population_zscore_dataset_cell_type	reviewer_dataset_cell_type_retrieval_dataset_pair	source_individual_sd_similarity	source_individual_sd_similarity	0.12296778311943084	0.1192065784792108	0.12754602297289855	0.0041697222468438724	bca	ok	0.95	2000	2000	1755	1755	110	query_pubchem_cid	direction,cell_type,time_key	direction	95% BCa bootstrap CI clustered by PubChem compound; uncertainty is over the observed compound panel, not broader chemical space.
l1000_phase2	tahoe	logFC	strict_matched_condition	cosine	per_gene_population_zscore_dataset_cell_type	reviewer_dataset_cell_type_retrieval_dataset_pair	source_individual_n_below_observed	source_individual_n_below_observed	91.05044572314026	85.0422429353263	97.05964031704164	6.0086986908576705	bca	ok	0.95	2000	2000	1755	1755	110	query_pubchem_cid	direction,cell_type,time_key	direction	95% BCa bootstrap CI clustered by PubChem compound; uncertainty is over the observed compound panel, not broader chemical space.
l1000_phase2	tahoe	logFC	strict_matched_condition	cosine	per_gene_population_zscore_dataset_cell_type	reviewer_dataset_cell_type_retrieval_dataset_pair	source_individual_fraction_below_observed	source_individual_fraction_below_observed	0.5565740056001142	0.5167771905064071	0.5991013220207014	0.04116206575714715	bca	ok	0.95	2000	2000	1755	1755	110	query_pubchem_cid	direction,cell_type,time_key	direction	95% BCa bootstrap CI clustered by PubChem compound; uncertainty is over the observed compound panel, not broader chemical space.
l1000_phase2	tahoe	logFC	strict_matched_condition	cosine	per_gene_population_zscore_dataset_cell_type	reviewer_dataset_cell_type_retrieval_dataset_pair	source_individual_corrected_percentile	source_individual_corrected_percentile	0.5605032771184992	0.5232127366394275	0.601295879275165	0.039041571317868784	bca	ok	0.95	2000	2000	1755	1755	110	query_pubchem_cid	direction,cell_type,time_key	direction	95% BCa bootstrap CI clustered by PubChem compound; uncertainty is over the observed compound panel, not broader chemical space.
l1000_phase2	tahoe	logFC	strict_matched_condition	cosine	per_gene_population_zscore_dataset_cell_type	reviewer_dataset_cell_type_retrieval_dataset_pair	target_individual_n_peers	target_individual_n_peers	163.81261855836652	158.47028961848397	166.68848886695253	4.109099624234275	bca	ok	0.95	2000	2000	1755	1755	110	query_pubchem_cid	direction,cell_type,time_key	direction	95% BCa bootstrap CI clustered by PubChem compound; uncertainty is over the observed compound panel, not broader chemical space.
l1000_phase2	tahoe	logFC	strict_matched_condition	cosine	per_gene_population_zscore_dataset_cell_type	reviewer_dataset_cell_type_retrieval_dataset_pair	target_individual_mean_similarity	target_individual_mean_similarity	0.0007985495958696185	-0.0004610693419770415	0.0019664189945054456	0.0012137441682412435	bca	ok	0.95	2000	2000	1755	1755	110	query_pubchem_cid	direction,cell_type,time_key	direction	95% BCa bootstrap CI clustered by PubChem compound; uncertainty is over the observed compound panel, not broader chemical space.
l1000_phase2	tahoe	logFC	strict_matched_condition	cosine	per_gene_population_zscore_dataset_cell_type	reviewer_dataset_cell_type_retrieval_dataset_pair	target_individual_sd_similarity	target_individual_sd_similarity	0.05308363325668422	0.05088331839964866	0.056047711654689074	0.002582196627520208	bca	ok	0.95	2000	2000	1755	1755	110	query_pubchem_cid	direction,cell_type,time_key	direction	95% BCa bootstrap CI clustered by PubChem compound; uncertainty is over the observed compound panel, not broader chemical space.
l1000_phase2	tahoe	logFC	strict_matched_condition	cosine	per_gene_population_zscore_dataset_cell_type	reviewer_dataset_cell_type_retrieval_dataset_pair	target_individual_n_below_observed	target_individual_n_below_observed	101.72047000875693	94.8609938828303	108.76470247674116	6.951854296955432	bca	ok	0.95	2000	2000	1755	1755	110	query_pubchem_cid	direction,cell_type,time_key	direction	95% BCa bootstrap CI clustered by PubChem compound; uncertainty is over the observed compound panel, not broader chemical space.
l1000_phase2	tahoe	logFC	strict_matched_condition	cosine	per_gene_population_zscore_dataset_cell_type	reviewer_dataset_cell_type_retrieval_dataset_pair	target_individual_fraction_below_observed	target_individual_fraction_below_observed	0.6282407745254215	0.5785612775396791	0.6726982067911148	0.04706846462571784	bca	ok	0.95	2000	2000	1755	1755	110	query_pubchem_cid	direction,cell_type,time_key	direction	95% BCa bootstrap CI clustered by PubChem compound; uncertainty is over the observed compound panel, not broader chemical space.
l1000_phase2	tahoe	logFC	strict_matched_condition	cosine	per_gene_population_zscore_dataset_cell_type	reviewer_dataset_cell_type_retrieval_dataset_pair	target_individual_corrected_percentile	target_individual_corrected_percentile	0.631486491130164	0.5846065102180434	0.6776027922626677	0.046498141022312145	bca	ok	0.95	2000	2000	1755	1755	110	query_pubchem_cid	direction,cell_type,time_key	direction	95% BCa bootstrap CI clustered by PubChem compound; uncertainty is over the observed compound panel, not broader chemical space.
l1000_phase2	tahoe	logFC	strict_matched_condition	cosine	per_gene_population_zscore_dataset_cell_type	reviewer_dataset_cell_type_retrieval_dataset_pair	source_centroid_similarity	source_centroid_similarity	0.04822225047975502	0.036763647872507965	0.06049233229023163	0.011864342208861834	bca	ok	0.95	2000	2000	1755	1755	110	query_pubchem_cid	direction,cell_type,time_key	direction	95% BCa bootstrap CI clustered by PubChem compound; uncertainty is over the observed compound panel, not broader chemical space.
l1000_phase2	tahoe	logFC	strict_matched_condition	cosine	per_gene_population_zscore_dataset_cell_type	reviewer_dataset_cell_type_retrieval_dataset_pair	source_centroid_normalized_rank	source_centroid_normalized_rank	0.6053644738869803	0.5743593027959158	0.6358854493923919	0.03076307329823802	bca	ok	0.95	2000	2000	1755	1755	110	query_pubchem_cid	direction,cell_type,time_key	direction	95% BCa bootstrap CI clustered by PubChem compound; uncertainty is over the observed compound panel, not broader chemical space.
l1000_phase2	tahoe	logFC	strict_matched_condition	cosine	per_gene_population_zscore_dataset_cell_type	reviewer_dataset_cell_type_retrieval_dataset_pair	source_centroid_recall_at_1	source_centroid_recall_at_1	0.19222287253059783	0.15693890264864874	0.2284800844443685	0.035770590897859875	bca	ok	0.95	2000	2000	1755	1755	110	query_pubchem_cid	direction,cell_type,time_key	direction	95% BCa bootstrap CI clustered by PubChem compound; uncertainty is over the observed compound panel, not broader chemical space.
l1000_phase2	tahoe	logFC	strict_matched_condition	cosine	per_gene_population_zscore_dataset_cell_type	reviewer_dataset_cell_type_retrieval_dataset_pair	source_centroid_auroc	source_centroid_auroc	0.6053644738869803	0.5726990778406421	0.6347816241619515	0.031041273160654692	bca	ok	0.95	2000	2000	1755	1755	110	query_pubchem_cid	direction,cell_type,time_key	direction	95% BCa bootstrap CI clustered by PubChem compound; uncertainty is over the observed compound panel, not broader chemical space.
l1000_phase2	tahoe	logFC	strict_matched_condition	cosine	per_gene_population_zscore_dataset_cell_type	reviewer_dataset_cell_type_retrieval_dataset_pair	target_centroid_similarity	target_centroid_similarity	0.005747100087606296	-0.0010007345250240447	0.011911833108371944	0.006456283816697994	bca	ok	0.95	2000	2000	1755	1755	110	query_pubchem_cid	direction,cell_type,time_key	direction	95% BCa bootstrap CI clustered by PubChem compound; uncertainty is over the observed compound panel, not broader chemical space.
l1000_phase2	tahoe	logFC	strict_matched_condition	cosine	per_gene_population_zscore_dataset_cell_type	reviewer_dataset_cell_type_retrieval_dataset_pair	target_centroid_normalized_rank	target_centroid_normalized_rank	0.530562741589305	0.5019215164314962	0.5608481940361312	0.029463338802317496	bca	ok	0.95	2000	2000	1755	1755	110	query_pubchem_cid	direction,cell_type,time_key	direction	95% BCa bootstrap CI clustered by PubChem compound; uncertainty is over the observed compound panel, not broader chemical space.
l1000_phase2	tahoe	logFC	strict_matched_condition	cosine	per_gene_population_zscore_dataset_cell_type	reviewer_dataset_cell_type_retrieval_dataset_pair	target_centroid_recall_at_1	target_centroid_recall_at_1	0.0006702412868632708	0.0	0.0034094487978616967	0.0017047243989308483	bca	ok	0.95	2000	2000	1755	1755	110	query_pubchem_cid	direction,cell_type,time_key	direction	95% BCa bootstrap CI clustered by PubChem compound; uncertainty is over the observed compound panel, not broader chemical space.
l1000_phase2	tahoe	logFC	strict_matched_condition	cosine	per_gene_population_zscore_dataset_cell_type	reviewer_dataset_cell_type_retrieval_dataset_pair	target_centroid_auroc	target_centroid_auroc	0.530562741589305	0.5009099884719369	0.5617375193693057	0.030413765448684404	bca	ok	0.95	2000	2000	1755	1755	110	query_pubchem_cid	direction,cell_type,time_key	direction	95% BCa bootstrap CI clustered by PubChem compound; uncertainty is over the observed compound panel, not broader chemical space.
l1000_phase2	tahoe	logFC	strict_matched_condition	cosine	per_gene_population_zscore_dataset_cell_type	reviewer_dataset_cell_type_retrieval_dataset_pair	source_peer_normalized_rank	source_peer_normalized_rank	0.5314736595497457	0.5167912690756777	0.5431007220313987	0.013154726477860479	bca	ok	0.95	2000	2000	1755	1755	110	query_pubchem_cid	direction,cell_type,time_key	direction	95% BCa bootstrap CI clustered by PubChem compound; uncertainty is over the observed compound panel, not broader chemical space.
l1000_phase2	tahoe	logFC	strict_matched_condition	cosine	per_gene_population_zscore_dataset_cell_type	reviewer_dataset_cell_type_retrieval_dataset_pair	target_peer_normalized_rank	target_peer_normalized_rank	0.5031465809904613	0.49875065986288875	0.5067799038116455	0.0040146219743783795	bca	ok	0.95	2000	2000	1755	1755	110	query_pubchem_cid	direction,cell_type,time_key	direction	95% BCa bootstrap CI clustered by PubChem compound; uncertainty is over the observed compound panel, not broader chemical space.
l1000_phase2	tahoe	logFC	strict_matched_condition	cosine	per_gene_population_zscore_dataset_cell_type	reviewer_dataset_cell_type_retrieval_dataset_pair	delta_vs_source_peer_normalized_rank	delta_vs_source_peer_normalized_rank	0.09675265239945499	0.039428329947007915	0.15061265260165838	0.05559216132732523	bca	ok	0.95	2000	2000	1755	1755	110	query_pubchem_cid	direction,cell_type,time_key	direction	95% BCa bootstrap CI clustered by PubChem compound; uncertainty is over the observed compound panel, not broader chemical space.
l1000_phase2	tahoe	logFC	strict_matched_condition	cosine	per_gene_population_zscore_dataset_cell_type	reviewer_dataset_cell_type_retrieval_dataset_pair	delta_vs_target_peer_normalized_rank	delta_vs_target_peer_normalized_rank	0.12507973095873934	0.07377639948524838	0.1728664212198292	0.049545010867290414	bca	ok	0.95	2000	2000	1755	1755	110	query_pubchem_cid	direction,cell_type,time_key	direction	95% BCa bootstrap CI clustered by PubChem compound; uncertainty is over the observed compound panel, not broader chemical space.
l1000_phase2	tahoe	logFC	strict_matched_condition	cosine	per_gene_population_zscore_dataset_cell_type	reviewer_dataset_cell_type_retrieval_dataset_pair	target_decoy_null_normalized_best_positive_rank	target_decoy_null_normalized_best_positive_rank	0.645834975341818	0.6367536595207116	0.6580948007951292	0.010670570637208776	bca	ok	0.95	2000	2000	1755	1755	110	query_pubchem_cid	direction,cell_type,time_key	direction	95% BCa bootstrap CI clustered by PubChem compound; uncertainty is over the observed compound panel, not broader chemical space.
l1000_phase2	tahoe	logFC	strict_matched_condition	cosine	per_gene_population_zscore_dataset_cell_type	reviewer_dataset_cell_type_retrieval_dataset_pair	delta_vs_target_decoy_null_normalized_best_positive_rank	delta_vs_target_decoy_null_normalized_best_positive_rank	-0.017608663392617234	-0.07302523835333785	0.03278551532546418	0.05290537683940101	bca	ok	0.95	2000	2000	1755	1755	110	query_pubchem_cid	direction,cell_type,time_key	direction	95% BCa bootstrap CI clustered by PubChem compound; uncertainty is over the observed compound panel, not broader chemical space.
l1000_phase2	tahoe	logFC	strict_matched_condition	spearman	per_gene_population_zscore_dataset_cell_type	reviewer_dataset_cell_type_retrieval_dataset_pair	observed_normalized_best_positive_rank	observed_normalized_best_positive_rank	0.6256414097489443	0.5771931140378278	0.6689509019923626	0.04587889397726741	bca	ok	0.95	2000	2000	1755	1755	110	query_pubchem_cid	direction,cell_type,time_key	direction	95% BCa bootstrap CI clustered by PubChem compound; uncertainty is over the observed compound panel, not broader chemical space.
l1000_phase2	tahoe	logFC	strict_matched_condition	spearman	per_gene_population_zscore_dataset_cell_type	reviewer_dataset_cell_type_retrieval_dataset_pair	observed_recall_at_1	observed_recall_at_1	0.035765679729404226	0.01922472322597016	0.06703538597880207	0.023905331376415956	bca	ok	0.95	2000	2000	1755	1755	110	query_pubchem_cid	direction,cell_type,time_key	direction	95% BCa bootstrap CI clustered by PubChem compound; uncertainty is over the observed compound panel, not broader chemical space.
l1000_phase2	tahoe	logFC	strict_matched_condition	spearman	per_gene_population_zscore_dataset_cell_type	reviewer_dataset_cell_type_retrieval_dataset_pair	observed_auroc	observed_auroc	0.6248510424628286	0.5761203270347968	0.6690164900789529	0.04644808152207808	bca	ok	0.95	2000	2000	1755	1755	110	query_pubchem_cid	direction,cell_type,time_key	direction	95% BCa bootstrap CI clustered by PubChem compound; uncertainty is over the observed compound panel, not broader chemical space.
l1000_phase2	tahoe	logFC	strict_matched_condition	spearman	per_gene_population_zscore_dataset_cell_type	reviewer_dataset_cell_type_retrieval_dataset_pair	observed_best_positive_similarity	observed_best_positive_similarity	0.043698649838256144	0.02759703834982014	0.06848341804734848	0.02044318984876417	bca	ok	0.95	2000	2000	1755	1755	110	query_pubchem_cid	direction,cell_type,time_key	direction	95% BCa bootstrap CI clustered by PubChem compound; uncertainty is over the observed compound panel, not broader chemical space.
l1000_phase2	tahoe	logFC	strict_matched_condition	spearman	per_gene_population_zscore_dataset_cell_type	reviewer_dataset_cell_type_retrieval_dataset_pair	random_normalized_best_positive_rank	random_normalized_best_positive_rank					not_estimable	too_few_clusters_or_values	0.95	2000	0	1755	0	0	query_pubchem_cid	direction,cell_type,time_key	direction	95% BCa bootstrap CI clustered by PubChem compound; uncertainty is over the observed compound panel, not broader chemical space.
l1000_phase2	tahoe	logFC	strict_matched_condition	spearman	per_gene_population_zscore_dataset_cell_type	reviewer_dataset_cell_type_retrieval_dataset_pair	random_recall_at_1	random_recall_at_1					not_estimable	too_few_clusters_or_values	0.95	2000	0	1755	0	0	query_pubchem_cid	direction,cell_type,time_key	direction	95% BCa bootstrap CI clustered by PubChem compound; uncertainty is over the observed compound panel, not broader chemical space.
l1000_phase2	tahoe	logFC	strict_matched_condition	spearman	per_gene_population_zscore_dataset_cell_type	reviewer_dataset_cell_type_retrieval_dataset_pair	random_auroc	random_auroc					not_estimable	too_few_clusters_or_values	0.95	2000	0	1755	0	0	query_pubchem_cid	direction,cell_type,time_key	direction	95% BCa bootstrap CI clustered by PubChem compound; uncertainty is over the observed compound panel, not broader chemical space.
l1000_phase2	tahoe	logFC	strict_matched_condition	spearman	per_gene_population_zscore_dataset_cell_type	reviewer_dataset_cell_type_retrieval_dataset_pair	delta_vs_random_normalized_best_positive_rank	delta_vs_random_normalized_best_positive_rank	-0.02019356559287353	-0.07414411765927359	0.029324488655299095	0.051734303157286346	bca	ok	0.95	2000	2000	1755	1755	110	query_pubchem_cid	direction,cell_type,time_key	direction	95% BCa bootstrap CI clustered by PubChem compound; uncertainty is over the observed compound panel, not broader chemical space.
l1000_phase2	tahoe	logFC	strict_matched_condition	spearman	per_gene_population_zscore_dataset_cell_type	reviewer_dataset_cell_type_retrieval_dataset_pair	source_individual_n_peers	source_individual_n_peers	163.82606481645578	159.56770291053812	166.5378961426051	3.4850966160334877	bca	ok	0.95	2000	2000	1755	1755	110	query_pubchem_cid	direction,cell_type,time_key	direction	95% BCa bootstrap CI clustered by PubChem compound; uncertainty is over the observed compound panel, not broader chemical space.
l1000_phase2	tahoe	logFC	strict_matched_condition	spearman	per_gene_population_zscore_dataset_cell_type	reviewer_dataset_cell_type_retrieval_dataset_pair	source_individual_mean_similarity	source_individual_mean_similarity	0.02235862771313407	0.016734852851439164	0.02670645623881003	0.0049858016936854335	bca	ok	0.95	2000	2000	1755	1755	110	query_pubchem_cid	direction,cell_type,time_key	direction	95% BCa bootstrap CI clustered by PubChem compound; uncertainty is over the observed compound panel, not broader chemical space.
l1000_phase2	tahoe	logFC	strict_matched_condition	spearman	per_gene_population_zscore_dataset_cell_type	reviewer_dataset_cell_type_retrieval_dataset_pair	source_individual_sd_similarity	source_individual_sd_similarity	0.13453846115489915	0.1301758903849886	0.1391050393123838	0.004464574463697593	bca	ok	0.95	2000	2000	1755	1755	110	query_pubchem_cid	direction,cell_type,time_key	direction	95% BCa bootstrap CI clustered by PubChem compound; uncertainty is over the observed compound panel, not broader chemical space.
l1000_phase2	tahoe	logFC	strict_matched_condition	spearman	per_gene_population_zscore_dataset_cell_type	reviewer_dataset_cell_type_retrieval_dataset_pair	source_individual_n_below_observed	source_individual_n_below_observed	84.17280645654041	77.97807704264049	90.36593061202088	6.193926784690191	bca	ok	0.95	2000	2000	1755	1755	110	query_pubchem_cid	direction,cell_type,time_key	direction	95% BCa bootstrap CI clustered by PubChem compound; uncertainty is over the observed compound panel, not broader chemical space.
l1000_phase2	tahoe	logFC	strict_matched_condition	spearman	per_gene_population_zscore_dataset_cell_type	reviewer_dataset_cell_type_retrieval_dataset_pair	source_individual_fraction_below_observed	source_individual_fraction_below_observed	0.5251713435779024	0.48305318943062486	0.5692448290257318	0.043095819797553475	bca	ok	0.95	2000	2000	1755	1755	110	query_pubchem_cid	direction,cell_type,time_key	direction	95% BCa bootstrap CI clustered by PubChem compound; uncertainty is over the observed compound panel, not broader chemical space.
l1000_phase2	tahoe	logFC	strict_matched_condition	spearman	per_gene_population_zscore_dataset_cell_type	reviewer_dataset_cell_type_retrieval_dataset_pair	source_individual_corrected_percentile	source_individual_corrected_percentile	0.5292982144637612	0.49112255387098624	0.573310678104474	0.04109406211674388	bca	ok	0.95	2000	2000	1755	1755	110	query_pubchem_cid	direction,cell_type,time_key	direction	95% BCa bootstrap CI clustered by PubChem compound; uncertainty is over the observed compound panel, not broader chemical space.
l1000_phase2	tahoe	logFC	strict_matched_condition	spearman	per_gene_population_zscore_dataset_cell_type	reviewer_dataset_cell_type_retrieval_dataset_pair	target_individual_n_peers	target_individual_n_peers	163.81261855836652	158.53815667350466	166.90065302818334	4.1812481773393415	bca	ok	0.95	2000	2000	1755	1755	110	query_pubchem_cid	direction,cell_type,time_key	direction	95% BCa bootstrap CI clustered by PubChem compound; uncertainty is over the observed compound panel, not broader chemical space.
l1000_phase2	tahoe	logFC	strict_matched_condition	spearman	per_gene_population_zscore_dataset_cell_type	reviewer_dataset_cell_type_retrieval_dataset_pair	target_individual_mean_similarity	target_individual_mean_similarity	-0.00013284616526075654	-0.0015458165332419354	0.001379869187746202	0.0014628428604940686	bca	ok	0.95	2000	2000	1755	1755	110	query_pubchem_cid	direction,cell_type,time_key	direction	95% BCa bootstrap CI clustered by PubChem compound; uncertainty is over the observed compound panel, not broader chemical space.
l1000_phase2	tahoe	logFC	strict_matched_condition	spearman	per_gene_population_zscore_dataset_cell_type	reviewer_dataset_cell_type_retrieval_dataset_pair	target_individual_sd_similarity	target_individual_sd_similarity	0.05687822043309236	0.054588236843012374	0.05997884309696305	0.0026953031269753396	bca	ok	0.95	2000	2000	1755	1755	110	query_pubchem_cid	direction,cell_type,time_key	direction	95% BCa bootstrap CI clustered by PubChem compound; uncertainty is over the observed compound panel, not broader chemical space.
l1000_phase2	tahoe	logFC	strict_matched_condition	spearman	per_gene_population_zscore_dataset_cell_type	reviewer_dataset_cell_type_retrieval_dataset_pair	target_individual_n_below_observed	target_individual_n_below_observed	101.69046763617675	94.68082048267401	107.8281787356502	6.573679126488095	bca	ok	0.95	2000	2000	1755	1755	110	query_pubchem_cid	direction,cell_type,time_key	direction	95% BCa bootstrap CI clustered by PubChem compound; uncertainty is over the observed compound panel, not broader chemical space.
l1000_phase2	tahoe	logFC	strict_matched_condition	spearman	per_gene_population_zscore_dataset_cell_type	reviewer_dataset_cell_type_retrieval_dataset_pair	target_individual_fraction_below_observed	target_individual_fraction_below_observed	0.6271260528447673	0.5833446781986704	0.6769518680808665	0.04680359494109804	bca	ok	0.95	2000	2000	1755	1755	110	query_pubchem_cid	direction,cell_type,time_key	direction	95% BCa bootstrap CI clustered by PubChem compound; uncertainty is over the observed compound panel, not broader chemical space.
l1000_phase2	tahoe	logFC	strict_matched_condition	spearman	per_gene_population_zscore_dataset_cell_type	reviewer_dataset_cell_type_retrieval_dataset_pair	target_individual_corrected_percentile	target_individual_corrected_percentile	0.6303960296621278	0.5856451338566708	0.6757974749947652	0.04507617056904717	bca	ok	0.95	2000	2000	1755	1755	110	query_pubchem_cid	direction,cell_type,time_key	direction	95% BCa bootstrap CI clustered by PubChem compound; uncertainty is over the observed compound panel, not broader chemical space.
l1000_phase2	tahoe	logFC	strict_matched_condition	spearman	per_gene_population_zscore_dataset_cell_type	reviewer_dataset_cell_type_retrieval_dataset_pair	source_centroid_similarity	source_centroid_similarity	0.0451072993821229	0.03344726745133224	0.056806934670410245	0.011679833609539003	bca	ok	0.95	2000	2000	1755	1755	110	query_pubchem_cid	direction,cell_type,time_key	direction	95% BCa bootstrap CI clustered by PubChem compound; uncertainty is over the observed compound panel, not broader chemical space.
l1000_phase2	tahoe	logFC	strict_matched_condition	spearman	per_gene_population_zscore_dataset_cell_type	reviewer_dataset_cell_type_retrieval_dataset_pair	source_centroid_normalized_rank	source_centroid_normalized_rank	0.6029880462988377	0.5712275435679531	0.6324063212065607	0.030589388819303787	bca	ok	0.95	2000	2000	1755	1755	110	query_pubchem_cid	direction,cell_type,time_key	direction	95% BCa bootstrap CI clustered by PubChem compound; uncertainty is over the observed compound panel, not broader chemical space.
l1000_phase2	tahoe	logFC	strict_matched_condition	spearman	per_gene_population_zscore_dataset_cell_type	reviewer_dataset_cell_type_retrieval_dataset_pair	source_centroid_recall_at_1	source_centroid_recall_at_1	0.196117207298672	0.1651148025443951	0.2300971460990561	0.032491171777330505	bca	ok	0.95	2000	2000	1755	1755	110	query_pubchem_cid	direction,cell_type,time_key	direction	95% BCa bootstrap CI clustered by PubChem compound; uncertainty is over the observed compound panel, not broader chemical space.
l1000_phase2	tahoe	logFC	strict_matched_condition	spearman	per_gene_population_zscore_dataset_cell_type	reviewer_dataset_cell_type_retrieval_dataset_pair	source_centroid_auroc	source_centroid_auroc	0.6029880462988377	0.5681053327284585	0.6330640659104797	0.03247936659101058	bca	ok	0.95	2000	2000	1755	1755	110	query_pubchem_cid	direction,cell_type,time_key	direction	95% BCa bootstrap CI clustered by PubChem compound; uncertainty is over the observed compound panel, not broader chemical space.
l1000_phase2	tahoe	logFC	strict_matched_condition	spearman	per_gene_population_zscore_dataset_cell_type	reviewer_dataset_cell_type_retrieval_dataset_pair	target_centroid_similarity	target_centroid_similarity	0.00656344804298257	-4.631413394338357e-05	0.012819715470699605	0.006433014802321494	bca	ok	0.95	2000	2000	1755	1755	110	query_pubchem_cid	direction,cell_type,time_key	direction	95% BCa bootstrap CI clustered by PubChem compound; uncertainty is over the observed compound panel, not broader chemical space.
l1000_phase2	tahoe	logFC	strict_matched_condition	spearman	per_gene_population_zscore_dataset_cell_type	reviewer_dataset_cell_type_retrieval_dataset_pair	target_centroid_normalized_rank	target_centroid_normalized_rank	0.5377641006607098	0.5067609370712974	0.5648347378314466	0.02903690038007456	bca	ok	0.95	2000	2000	1755	1755	110	query_pubchem_cid	direction,cell_type,time_key	direction	95% BCa bootstrap CI clustered by PubChem compound; uncertainty is over the observed compound panel, not broader chemical space.
l1000_phase2	tahoe	logFC	strict_matched_condition	spearman	per_gene_population_zscore_dataset_cell_type	reviewer_dataset_cell_type_retrieval_dataset_pair	target_centroid_recall_at_1	target_centroid_recall_at_1	0.0006702412868632708	0.0	0.0034887596643408893	0.0017443798321704446	bca	ok	0.95	2000	2000	1755	1755	110	query_pubchem_cid	direction,cell_type,time_key	direction	95% BCa bootstrap CI clustered by PubChem compound; uncertainty is over the observed compound panel, not broader chemical space.
l1000_phase2	tahoe	logFC	strict_matched_condition	spearman	per_gene_population_zscore_dataset_cell_type	reviewer_dataset_cell_type_retrieval_dataset_pair	target_centroid_auroc	target_centroid_auroc	0.5377641006607098	0.5100710423435955	0.5668915960125739	0.028410276834489212	bca	ok	0.95	2000	2000	1755	1755	110	query_pubchem_cid	direction,cell_type,time_key	direction	95% BCa bootstrap CI clustered by PubChem compound; uncertainty is over the observed compound panel, not broader chemical space.
l1000_phase2	tahoe	logFC	strict_matched_condition	spearman	per_gene_population_zscore_dataset_cell_type	reviewer_dataset_cell_type_retrieval_dataset_pair	source_peer_normalized_rank	source_peer_normalized_rank	0.5551662934973913	0.5364317144571781	0.5688283485037273	0.016198317023274622	bca	ok	0.95	2000	2000	1755	1755	110	query_pubchem_cid	direction,cell_type,time_key	direction	95% BCa bootstrap CI clustered by PubChem compound; uncertainty is over the observed compound panel, not broader chemical space.
l1000_phase2	tahoe	logFC	strict_matched_condition	spearman	per_gene_population_zscore_dataset_cell_type	reviewer_dataset_cell_type_retrieval_dataset_pair	target_peer_normalized_rank	target_peer_normalized_rank	0.5039462808564948	0.4993005169539609	0.5078797684306114	0.004289625738325281	bca	ok	0.95	2000	2000	1755	1755	110	query_pubchem_cid	direction,cell_type,time_key	direction	95% BCa bootstrap CI clustered by PubChem compound; uncertainty is over the observed compound panel, not broader chemical space.
l1000_phase2	tahoe	logFC	strict_matched_condition	spearman	per_gene_population_zscore_dataset_cell_type	reviewer_dataset_cell_type_retrieval_dataset_pair	delta_vs_source_peer_normalized_rank	delta_vs_source_peer_normalized_rank	0.070475116251553	0.012587623906707797	0.12324983830906851	0.055331107201180355	bca	ok	0.95	2000	2000	1755	1755	110	query_pubchem_cid	direction,cell_type,time_key	direction	95% BCa bootstrap CI clustered by PubChem compound; uncertainty is over the observed compound panel, not broader chemical space.
l1000_phase2	tahoe	logFC	strict_matched_condition	spearman	per_gene_population_zscore_dataset_cell_type	reviewer_dataset_cell_type_retrieval_dataset_pair	delta_vs_target_peer_normalized_rank	delta_vs_target_peer_normalized_rank	0.12169512889244938	0.07191969942179696	0.16591790614334465	0.04699910336077384	bca	ok	0.95	2000	2000	1755	1755	110	query_pubchem_cid	direction,cell_type,time_key	direction	95% BCa bootstrap CI clustered by PubChem compound; uncertainty is over the observed compound panel, not broader chemical space.
l1000_phase2	tahoe	logFC	strict_matched_condition	spearman	per_gene_population_zscore_dataset_cell_type	reviewer_dataset_cell_type_retrieval_dataset_pair	target_decoy_null_normalized_best_positive_rank	target_decoy_null_normalized_best_positive_rank	0.645834975341818	0.6370604840149853	0.6582710046835634	0.010605260334289046	bca	ok	0.95	2000	2000	1755	1755	110	query_pubchem_cid	direction,cell_type,time_key	direction	95% BCa bootstrap CI clustered by PubChem compound; uncertainty is over the observed compound panel, not broader chemical space.
l1000_phase2	tahoe	logFC	strict_matched_condition	spearman	per_gene_population_zscore_dataset_cell_type	reviewer_dataset_cell_type_retrieval_dataset_pair	delta_vs_target_decoy_null_normalized_best_positive_rank	delta_vs_target_decoy_null_normalized_best_positive_rank	-0.02019356559287353	-0.07512371138506385	0.028577682832596072	0.05185069710882996	bca	ok	0.95	2000	2000	1755	1755	110	query_pubchem_cid	direction,cell_type,time_key	direction	95% BCa bootstrap CI clustered by PubChem compound; uncertainty is over the observed compound panel, not broader chemical space.
l1000_phase2	cigs_mce	logFC	strict_matched_condition	cosine	per_gene_population_zscore_dataset_cell_type	reviewer_dataset_cell_type_retrieval_dataset_pair	observed_normalized_best_positive_rank	observed_normalized_best_positive_rank	0.8371498583241791	0.7647205993971022	0.8952770791057736	0.06527823985433567	bca	ok	0.95	2000	2000	372	372	68	query_pubchem_cid	direction,cell_type,time_key	direction	95% BCa bootstrap CI clustered by PubChem compound; uncertainty is over the observed compound panel, not broader chemical space.
l1000_phase2	cigs_mce	logFC	strict_matched_condition	cosine	per_gene_population_zscore_dataset_cell_type	reviewer_dataset_cell_type_retrieval_dataset_pair	observed_recall_at_1	observed_recall_at_1	0.218796992481203	0.13689381770648665	0.3168172209421935	0.08996170161785343	bca	ok	0.95	2000	2000	372	372	68	query_pubchem_cid	direction,cell_type,time_key	direction	95% BCa bootstrap CI clustered by PubChem compound; uncertainty is over the observed compound panel, not broader chemical space.
l1000_phase2	cigs_mce	logFC	strict_matched_condition	cosine	per_gene_population_zscore_dataset_cell_type	reviewer_dataset_cell_type_retrieval_dataset_pair	observed_auroc	observed_auroc	0.8369874879839594	0.7553593181039459	0.8912262791994431	0.06793348054774861	bca	ok	0.95	2000	2000	372	372	68	query_pubchem_cid	direction,cell_type,time_key	direction	95% BCa bootstrap CI clustered by PubChem compound; uncertainty is over the observed compound panel, not broader chemical space.
l1000_phase2	cigs_mce	logFC	strict_matched_condition	cosine	per_gene_population_zscore_dataset_cell_type	reviewer_dataset_cell_type_retrieval_dataset_pair	observed_best_positive_similarity	observed_best_positive_similarity	0.2298392908567689	0.18143433137422652	0.27687589832028947	0.04772078347303148	bca	ok	0.95	2000	2000	372	372	68	query_pubchem_cid	direction,cell_type,time_key	direction	95% BCa bootstrap CI clustered by PubChem compound; uncertainty is over the observed compound panel, not broader chemical space.
l1000_phase2	cigs_mce	logFC	strict_matched_condition	cosine	per_gene_population_zscore_dataset_cell_type	reviewer_dataset_cell_type_retrieval_dataset_pair	random_normalized_best_positive_rank	random_normalized_best_positive_rank					not_estimable	too_few_clusters_or_values	0.95	2000	0	372	0	0	query_pubchem_cid	direction,cell_type,time_key	direction	95% BCa bootstrap CI clustered by PubChem compound; uncertainty is over the observed compound panel, not broader chemical space.
l1000_phase2	cigs_mce	logFC	strict_matched_condition	cosine	per_gene_population_zscore_dataset_cell_type	reviewer_dataset_cell_type_retrieval_dataset_pair	random_recall_at_1	random_recall_at_1					not_estimable	too_few_clusters_or_values	0.95	2000	0	372	0	0	query_pubchem_cid	direction,cell_type,time_key	direction	95% BCa bootstrap CI clustered by PubChem compound; uncertainty is over the observed compound panel, not broader chemical space.
l1000_phase2	cigs_mce	logFC	strict_matched_condition	cosine	per_gene_population_zscore_dataset_cell_type	reviewer_dataset_cell_type_retrieval_dataset_pair	random_auroc	random_auroc					not_estimable	too_few_clusters_or_values	0.95	2000	0	372	0	0	query_pubchem_cid	direction,cell_type,time_key	direction	95% BCa bootstrap CI clustered by PubChem compound; uncertainty is over the observed compound panel, not broader chemical space.
l1000_phase2	cigs_mce	logFC	strict_matched_condition	cosine	per_gene_population_zscore_dataset_cell_type	reviewer_dataset_cell_type_retrieval_dataset_pair	delta_vs_random_normalized_best_positive_rank	delta_vs_random_normalized_best_positive_rank	0.11709959879405044	0.04419240586847499	0.16899638390737193	0.06240198901944847	bca	ok	0.95	2000	2000	372	372	68	query_pubchem_cid	direction,cell_type,time_key	direction	95% BCa bootstrap CI clustered by PubChem compound; uncertainty is over the observed compound panel, not broader chemical space.
l1000_phase2	cigs_mce	logFC	strict_matched_condition	cosine	per_gene_population_zscore_dataset_cell_type	reviewer_dataset_cell_type_retrieval_dataset_pair	source_individual_n_peers	source_individual_n_peers	1627.1673221515325	1626.9946791120708	1627.4330686191636	0.21919475354638962	bca	ok	0.95	2000	2000	372	372	68	query_pubchem_cid	direction,cell_type,time_key	direction	95% BCa bootstrap CI clustered by PubChem compound; uncertainty is over the observed compound panel, not broader chemical space.
l1000_phase2	cigs_mce	logFC	strict_matched_condition	cosine	per_gene_population_zscore_dataset_cell_type	reviewer_dataset_cell_type_retrieval_dataset_pair	source_individual_mean_similarity	source_individual_mean_similarity	0.05861577598088122	0.04564435796314541	0.07003127423898921	0.0121934581379219	bca	ok	0.95	2000	2000	372	372	68	query_pubchem_cid	direction,cell_type,time_key	direction	95% BCa bootstrap CI clustered by PubChem compound; uncertainty is over the observed compound panel, not broader chemical space.
l1000_phase2	cigs_mce	logFC	strict_matched_condition	cosine	per_gene_population_zscore_dataset_cell_type	reviewer_dataset_cell_type_retrieval_dataset_pair	source_individual_sd_similarity	source_individual_sd_similarity	0.1367518166010143	0.1284101150422513	0.1448604261382594	0.008225155548004043	bca	ok	0.95	2000	2000	372	372	68	query_pubchem_cid	direction,cell_type,time_key	direction	95% BCa bootstrap CI clustered by PubChem compound; uncertainty is over the observed compound panel, not broader chemical space.
l1000_phase2	cigs_mce	logFC	strict_matched_condition	cosine	per_gene_population_zscore_dataset_cell_type	reviewer_dataset_cell_type_retrieval_dataset_pair	source_individual_n_below_observed	source_individual_n_below_observed	1333.5089068825912	1212.566602814051	1419.9402479190205	103.68682255248473	bca	ok	0.95	2000	2000	372	372	68	query_pubchem_cid	direction,cell_type,time_key	direction	95% BCa bootstrap CI clustered by PubChem compound; uncertainty is over the observed compound panel, not broader chemical space.
l1000_phase2	cigs_mce	logFC	strict_matched_condition	cosine	per_gene_population_zscore_dataset_cell_type	reviewer_dataset_cell_type_retrieval_dataset_pair	source_individual_fraction_below_observed	source_individual_fraction_below_observed	0.7569991733280338	0.6854293379563778	0.8068089023004223	0.060689782172022255	bca	ok	0.95	2000	2000	372	372	68	query_pubchem_cid	direction,cell_type,time_key	direction	95% BCa bootstrap CI clustered by PubChem compound; uncertainty is over the observed compound panel, not broader chemical space.
l1000_phase2	cigs_mce	logFC	strict_matched_condition	cosine	per_gene_population_zscore_dataset_cell_type	reviewer_dataset_cell_type_retrieval_dataset_pair	source_individual_corrected_percentile	source_individual_corrected_percentile	0.7576388134192964	0.6902975647240984	0.8088245034225977	0.05926346934924964	bca	ok	0.95	2000	2000	372	372	68	query_pubchem_cid	direction,cell_type,time_key	direction	95% BCa bootstrap CI clustered by PubChem compound; uncertainty is over the observed compound panel, not broader chemical space.
l1000_phase2	cigs_mce	logFC	strict_matched_condition	cosine	per_gene_population_zscore_dataset_cell_type	reviewer_dataset_cell_type_retrieval_dataset_pair	target_individual_n_peers	target_individual_n_peers	1627.34997108155	1627.1904614135078	1627.6213593951284	0.21544899081027324	bca	ok	0.95	2000	2000	372	372	68	query_pubchem_cid	direction,cell_type,time_key	direction	95% BCa bootstrap CI clustered by PubChem compound; uncertainty is over the observed compound panel, not broader chemical space.
l1000_phase2	cigs_mce	logFC	strict_matched_condition	cosine	per_gene_population_zscore_dataset_cell_type	reviewer_dataset_cell_type_retrieval_dataset_pair	target_individual_mean_similarity	target_individual_mean_similarity	0.022851878971787247	0.015413842595267823	0.029869965430101137	0.007228061417416657	bca	ok	0.95	2000	2000	372	372	68	query_pubchem_cid	direction,cell_type,time_key	direction	95% BCa bootstrap CI clustered by PubChem compound; uncertainty is over the observed compound panel, not broader chemical space.
l1000_phase2	cigs_mce	logFC	strict_matched_condition	cosine	per_gene_population_zscore_dataset_cell_type	reviewer_dataset_cell_type_retrieval_dataset_pair	target_individual_sd_similarity	target_individual_sd_similarity	0.08057778121549355	0.0734491768518222	0.08785423628862636	0.00720252971840208	bca	ok	0.95	2000	2000	372	372	68	query_pubchem_cid	direction,cell_type,time_key	direction	95% BCa bootstrap CI clustered by PubChem compound; uncertainty is over the observed compound panel, not broader chemical space.
l1000_phase2	cigs_mce	logFC	strict_matched_condition	cosine	per_gene_population_zscore_dataset_cell_type	reviewer_dataset_cell_type_retrieval_dataset_pair	target_individual_n_below_observed	target_individual_n_below_observed	1384.8717177559283	1266.1275222815395	1468.4070671568907	101.13977243767556	bca	ok	0.95	2000	2000	372	372	68	query_pubchem_cid	direction,cell_type,time_key	direction	95% BCa bootstrap CI clustered by PubChem compound; uncertainty is over the observed compound panel, not broader chemical space.
l1000_phase2	cigs_mce	logFC	strict_matched_condition	cosine	per_gene_population_zscore_dataset_cell_type	reviewer_dataset_cell_type_retrieval_dataset_pair	target_individual_fraction_below_observed	target_individual_fraction_below_observed	0.8292751142652248	0.7537882063245432	0.8847185667934567	0.06546518023445674	bca	ok	0.95	2000	2000	372	372	68	query_pubchem_cid	direction,cell_type,time_key	direction	95% BCa bootstrap CI clustered by PubChem compound; uncertainty is over the observed compound panel, not broader chemical space.
l1000_phase2	cigs_mce	logFC	strict_matched_condition	cosine	per_gene_population_zscore_dataset_cell_type	reviewer_dataset_cell_type_retrieval_dataset_pair	target_individual_corrected_percentile	target_individual_corrected_percentile	0.8296770926129096	0.7602834583566567	0.8869635784480451	0.0633400600456942	bca	ok	0.95	2000	2000	372	372	68	query_pubchem_cid	direction,cell_type,time_key	direction	95% BCa bootstrap CI clustered by PubChem compound; uncertainty is over the observed compound panel, not broader chemical space.
l1000_phase2	cigs_mce	logFC	strict_matched_condition	cosine	per_gene_population_zscore_dataset_cell_type	reviewer_dataset_cell_type_retrieval_dataset_pair	source_centroid_similarity	source_centroid_similarity	0.13496616218230806	0.0981269915836369	0.1680264646261394	0.03494973652125125	bca	ok	0.95	2000	2000	372	372	68	query_pubchem_cid	direction,cell_type,time_key	direction	95% BCa bootstrap CI clustered by PubChem compound; uncertainty is over the observed compound panel, not broader chemical space.
l1000_phase2	cigs_mce	logFC	strict_matched_condition	cosine	per_gene_population_zscore_dataset_cell_type	reviewer_dataset_cell_type_retrieval_dataset_pair	source_centroid_normalized_rank	source_centroid_normalized_rank	0.5776834534032693	0.5140395295462366	0.6397018813625871	0.06283117590817527	bca	ok	0.95	2000	2000	372	372	68	query_pubchem_cid	direction,cell_type,time_key	direction	95% BCa bootstrap CI clustered by PubChem compound; uncertainty is over the observed compound panel, not broader chemical space.
l1000_phase2	cigs_mce	logFC	strict_matched_condition	cosine	per_gene_population_zscore_dataset_cell_type	reviewer_dataset_cell_type_retrieval_dataset_pair	source_centroid_recall_at_1	source_centroid_recall_at_1	0.32735685367264317	0.2687099584557185	0.3890734744488005	0.06018175799654102	bca	ok	0.95	2000	2000	372	372	68	query_pubchem_cid	direction,cell_type,time_key	direction	95% BCa bootstrap CI clustered by PubChem compound; uncertainty is over the observed compound panel, not broader chemical space.
l1000_phase2	cigs_mce	logFC	strict_matched_condition	cosine	per_gene_population_zscore_dataset_cell_type	reviewer_dataset_cell_type_retrieval_dataset_pair	source_centroid_auroc	source_centroid_auroc	0.5776834534032693	0.5158230153128913	0.6382178485094318	0.061197416598270216	bca	ok	0.95	2000	2000	372	372	68	query_pubchem_cid	direction,cell_type,time_key	direction	95% BCa bootstrap CI clustered by PubChem compound; uncertainty is over the observed compound panel, not broader chemical space.
l1000_phase2	cigs_mce	logFC	strict_matched_condition	cosine	per_gene_population_zscore_dataset_cell_type	reviewer_dataset_cell_type_retrieval_dataset_pair	target_centroid_similarity	target_centroid_similarity	0.030106441897279852	0.01163409162488685	0.04805466993429422	0.018210289154703685	bca	ok	0.95	2000	2000	372	372	68	query_pubchem_cid	direction,cell_type,time_key	direction	95% BCa bootstrap CI clustered by PubChem compound; uncertainty is over the observed compound panel, not broader chemical space.
l1000_phase2	cigs_mce	logFC	strict_matched_condition	cosine	per_gene_population_zscore_dataset_cell_type	reviewer_dataset_cell_type_retrieval_dataset_pair	target_centroid_normalized_rank	target_centroid_normalized_rank	0.46798984865271087	0.4220855874996586	0.5070385947256808	0.04247650361301111	bca	ok	0.95	2000	2000	372	372	68	query_pubchem_cid	direction,cell_type,time_key	direction	95% BCa bootstrap CI clustered by PubChem compound; uncertainty is over the observed compound panel, not broader chemical space.
l1000_phase2	cigs_mce	logFC	strict_matched_condition	cosine	per_gene_population_zscore_dataset_cell_type	reviewer_dataset_cell_type_retrieval_dataset_pair	target_centroid_recall_at_1	target_centroid_recall_at_1	0.013736263736263736	0.0	0.046339865524580956	0.023169932762290478	bca	ok	0.95	2000	2000	372	372	68	query_pubchem_cid	direction,cell_type,time_key	direction	95% BCa bootstrap CI clustered by PubChem compound; uncertainty is over the observed compound panel, not broader chemical space.
l1000_phase2	cigs_mce	logFC	strict_matched_condition	cosine	per_gene_population_zscore_dataset_cell_type	reviewer_dataset_cell_type_retrieval_dataset_pair	target_centroid_auroc	target_centroid_auroc	0.46798984865271087	0.4254521459627916	0.5085808042715604	0.041564329154384405	bca	ok	0.95	2000	2000	372	372	68	query_pubchem_cid	direction,cell_type,time_key	direction	95% BCa bootstrap CI clustered by PubChem compound; uncertainty is over the observed compound panel, not broader chemical space.
l1000_phase2	cigs_mce	logFC	strict_matched_condition	cosine	per_gene_population_zscore_dataset_cell_type	reviewer_dataset_cell_type_retrieval_dataset_pair	source_peer_normalized_rank	source_peer_normalized_rank	0.573783978131117	0.5454714576327788	0.5941300123876867	0.02432927737745394	bca	ok	0.95	2000	2000	372	372	68	query_pubchem_cid	direction,cell_type,time_key	direction	95% BCa bootstrap CI clustered by PubChem compound; uncertainty is over the observed compound panel, not broader chemical space.
l1000_phase2	cigs_mce	logFC	strict_matched_condition	cosine	per_gene_population_zscore_dataset_cell_type	reviewer_dataset_cell_type_retrieval_dataset_pair	target_peer_normalized_rank	target_peer_normalized_rank	0.5459180317942676	0.5304020529544646	0.5571310163604698	0.013364481703002584	bca	ok	0.95	2000	2000	372	372	68	query_pubchem_cid	direction,cell_type,time_key	direction	95% BCa bootstrap CI clustered by PubChem compound; uncertainty is over the observed compound panel, not broader chemical space.
l1000_phase2	cigs_mce	logFC	strict_matched_condition	cosine	per_gene_population_zscore_dataset_cell_type	reviewer_dataset_cell_type_retrieval_dataset_pair	delta_vs_source_peer_normalized_rank	delta_vs_source_peer_normalized_rank	0.263365880193062	0.1809251669126741	0.31779173589193155	0.06843328448962872	bca	ok	0.95	2000	2000	372	372	68	query_pubchem_cid	direction,cell_type,time_key	direction	95% BCa bootstrap CI clustered by PubChem compound; uncertainty is over the observed compound panel, not broader chemical space.
l1000_phase2	cigs_mce	logFC	strict_matched_condition	cosine	per_gene_population_zscore_dataset_cell_type	reviewer_dataset_cell_type_retrieval_dataset_pair	delta_vs_target_peer_normalized_rank	delta_vs_target_peer_normalized_rank	0.2912318265299111	0.22575529572745442	0.33841628806658497	0.05633049616956527	bca	ok	0.95	2000	2000	372	372	68	query_pubchem_cid	direction,cell_type,time_key	direction	95% BCa bootstrap CI clustered by PubChem compound; uncertainty is over the observed compound panel, not broader chemical space.
l1000_phase2	cigs_mce	logFC	strict_matched_condition	cosine	per_gene_population_zscore_dataset_cell_type	reviewer_dataset_cell_type_retrieval_dataset_pair	target_decoy_null_normalized_best_positive_rank	target_decoy_null_normalized_best_positive_rank	0.7200502595301284	0.7058757998024295	0.7306650334695556	0.012394616833563021	bca	ok	0.95	2000	2000	372	372	68	query_pubchem_cid	direction,cell_type,time_key	direction	95% BCa bootstrap CI clustered by PubChem compound; uncertainty is over the observed compound panel, not broader chemical space.
l1000_phase2	cigs_mce	logFC	strict_matched_condition	cosine	per_gene_population_zscore_dataset_cell_type	reviewer_dataset_cell_type_retrieval_dataset_pair	delta_vs_target_decoy_null_normalized_best_positive_rank	delta_vs_target_decoy_null_normalized_best_positive_rank	0.11709959879405044	0.046287262376318646	0.1698548807696752	0.06178380919667828	bca	ok	0.95	2000	2000	372	372	68	query_pubchem_cid	direction,cell_type,time_key	direction	95% BCa bootstrap CI clustered by PubChem compound; uncertainty is over the observed compound panel, not broader chemical space.
l1000_phase2	cigs_mce	logFC	strict_matched_condition	spearman	per_gene_population_zscore_dataset_cell_type	reviewer_dataset_cell_type_retrieval_dataset_pair	observed_normalized_best_positive_rank	observed_normalized_best_positive_rank	0.8261793335079839	0.7486080222692538	0.8801345364569589	0.06576325709385256	bca	ok	0.95	2000	2000	372	372	68	query_pubchem_cid	direction,cell_type,time_key	direction	95% BCa bootstrap CI clustered by PubChem compound; uncertainty is over the observed compound panel, not broader chemical space.
l1000_phase2	cigs_mce	logFC	strict_matched_condition	spearman	per_gene_population_zscore_dataset_cell_type	reviewer_dataset_cell_type_retrieval_dataset_pair	observed_recall_at_1	observed_recall_at_1	0.2280798149219202	0.14380767757144974	0.33464402661074416	0.09541817451964721	bca	ok	0.95	2000	2000	372	372	68	query_pubchem_cid	direction,cell_type,time_key	direction	95% BCa bootstrap CI clustered by PubChem compound; uncertainty is over the observed compound panel, not broader chemical space.
l1000_phase2	cigs_mce	logFC	strict_matched_condition	spearman	per_gene_population_zscore_dataset_cell_type	reviewer_dataset_cell_type_retrieval_dataset_pair	observed_auroc	observed_auroc	0.826007580814667	0.7533306669498455	0.8820933990112751	0.06438136603071482	bca	ok	0.95	2000	2000	372	372	68	query_pubchem_cid	direction,cell_type,time_key	direction	95% BCa bootstrap CI clustered by PubChem compound; uncertainty is over the observed compound panel, not broader chemical space.
l1000_phase2	cigs_mce	logFC	strict_matched_condition	spearman	per_gene_population_zscore_dataset_cell_type	reviewer_dataset_cell_type_retrieval_dataset_pair	observed_best_positive_similarity	observed_best_positive_similarity	0.21836937981877338	0.1715001664843206	0.2662398047998262	0.04736981915775279	bca	ok	0.95	2000	2000	372	372	68	query_pubchem_cid	direction,cell_type,time_key	direction	95% BCa bootstrap CI clustered by PubChem compound; uncertainty is over the observed compound panel, not broader chemical space.
l1000_phase2	cigs_mce	logFC	strict_matched_condition	spearman	per_gene_population_zscore_dataset_cell_type	reviewer_dataset_cell_type_retrieval_dataset_pair	random_normalized_best_positive_rank	random_normalized_best_positive_rank					not_estimable	too_few_clusters_or_values	0.95	2000	0	372	0	0	query_pubchem_cid	direction,cell_type,time_key	direction	95% BCa bootstrap CI clustered by PubChem compound; uncertainty is over the observed compound panel, not broader chemical space.
l1000_phase2	cigs_mce	logFC	strict_matched_condition	spearman	per_gene_population_zscore_dataset_cell_type	reviewer_dataset_cell_type_retrieval_dataset_pair	random_recall_at_1	random_recall_at_1					not_estimable	too_few_clusters_or_values	0.95	2000	0	372	0	0	query_pubchem_cid	direction,cell_type,time_key	direction	95% BCa bootstrap CI clustered by PubChem compound; uncertainty is over the observed compound panel, not broader chemical space.
l1000_phase2	cigs_mce	logFC	strict_matched_condition	spearman	per_gene_population_zscore_dataset_cell_type	reviewer_dataset_cell_type_retrieval_dataset_pair	random_auroc	random_auroc					not_estimable	too_few_clusters_or_values	0.95	2000	0	372	0	0	query_pubchem_cid	direction,cell_type,time_key	direction	95% BCa bootstrap CI clustered by PubChem compound; uncertainty is over the observed compound panel, not broader chemical space.
l1000_phase2	cigs_mce	logFC	strict_matched_condition	spearman	per_gene_population_zscore_dataset_cell_type	reviewer_dataset_cell_type_retrieval_dataset_pair	delta_vs_random_normalized_best_positive_rank	delta_vs_random_normalized_best_positive_rank	0.10612907397785554	0.03120105343515693	0.16097907962968747	0.06488901309726527	bca	ok	0.95	2000	2000	372	372	68	query_pubchem_cid	direction,cell_type,time_key	direction	95% BCa bootstrap CI clustered by PubChem compound; uncertainty is over the observed compound panel, not broader chemical space.
l1000_phase2	cigs_mce	logFC	strict_matched_condition	spearman	per_gene_population_zscore_dataset_cell_type	reviewer_dataset_cell_type_retrieval_dataset_pair	source_individual_n_peers	source_individual_n_peers	1627.1673221515325	1626.9931543142095	1627.416721534422	0.21178361010629487	bca	ok	0.95	2000	2000	372	372	68	query_pubchem_cid	direction,cell_type,time_key	direction	95% BCa bootstrap CI clustered by PubChem compound; uncertainty is over the observed compound panel, not broader chemical space.
l1000_phase2	cigs_mce	logFC	strict_matched_condition	spearman	per_gene_population_zscore_dataset_cell_type	reviewer_dataset_cell_type_retrieval_dataset_pair	source_individual_mean_similarity	source_individual_mean_similarity	0.0594176142314927	0.04403713876918149	0.07076492850222516	0.013363894866521831	bca	ok	0.95	2000	2000	372	372	68	query_pubchem_cid	direction,cell_type,time_key	direction	95% BCa bootstrap CI clustered by PubChem compound; uncertainty is over the observed compound panel, not broader chemical space.
l1000_phase2	cigs_mce	logFC	strict_matched_condition	spearman	per_gene_population_zscore_dataset_cell_type	reviewer_dataset_cell_type_retrieval_dataset_pair	source_individual_sd_similarity	source_individual_sd_similarity	0.1418265698192249	0.1333465023040054	0.15006566994936568	0.008359583822680136	bca	ok	0.95	2000	2000	372	372	68	query_pubchem_cid	direction,cell_type,time_key	direction	95% BCa bootstrap CI clustered by PubChem compound; uncertainty is over the observed compound panel, not broader chemical space.
l1000_phase2	cigs_mce	logFC	strict_matched_condition	spearman	per_gene_population_zscore_dataset_cell_type	reviewer_dataset_cell_type_retrieval_dataset_pair	source_individual_n_below_observed	source_individual_n_below_observed	1314.9793233082708	1197.9051979325145	1405.7051498214569	103.89997594447118	bca	ok	0.95	2000	2000	372	372	68	query_pubchem_cid	direction,cell_type,time_key	direction	95% BCa bootstrap CI clustered by PubChem compound; uncertainty is over the observed compound panel, not broader chemical space.
l1000_phase2	cigs_mce	logFC	strict_matched_condition	spearman	per_gene_population_zscore_dataset_cell_type	reviewer_dataset_cell_type_retrieval_dataset_pair	source_individual_fraction_below_observed	source_individual_fraction_below_observed	0.7352546922868439	0.6703419594577349	0.7869211399949948	0.058289590268629954	bca	ok	0.95	2000	2000	372	372	68	query_pubchem_cid	direction,cell_type,time_key	direction	95% BCa bootstrap CI clustered by PubChem compound; uncertainty is over the observed compound panel, not broader chemical space.
l1000_phase2	cigs_mce	logFC	strict_matched_condition	spearman	per_gene_population_zscore_dataset_cell_type	reviewer_dataset_cell_type_retrieval_dataset_pair	source_individual_corrected_percentile	source_individual_corrected_percentile	0.7359616871570842	0.6764634464107637	0.7871291340970961	0.05533284384316617	bca	ok	0.95	2000	2000	372	372	68	query_pubchem_cid	direction,cell_type,time_key	direction	95% BCa bootstrap CI clustered by PubChem compound; uncertainty is over the observed compound panel, not broader chemical space.
l1000_phase2	cigs_mce	logFC	strict_matched_condition	spearman	per_gene_population_zscore_dataset_cell_type	reviewer_dataset_cell_type_retrieval_dataset_pair	target_individual_n_peers	target_individual_n_peers	1627.34997108155	1627.2030129745024	1627.6333724611625	0.2151797433300544	bca	ok	0.95	2000	2000	372	372	68	query_pubchem_cid	direction,cell_type,time_key	direction	95% BCa bootstrap CI clustered by PubChem compound; uncertainty is over the observed compound panel, not broader chemical space.
l1000_phase2	cigs_mce	logFC	strict_matched_condition	spearman	per_gene_population_zscore_dataset_cell_type	reviewer_dataset_cell_type_retrieval_dataset_pair	target_individual_mean_similarity	target_individual_mean_similarity	0.02225990931256171	0.014859085103020083	0.0294410985842887	0.007291006740634308	bca	ok	0.95	2000	2000	372	372	68	query_pubchem_cid	direction,cell_type,time_key	direction	95% BCa bootstrap CI clustered by PubChem compound; uncertainty is over the observed compound panel, not broader chemical space.
l1000_phase2	cigs_mce	logFC	strict_matched_condition	spearman	per_gene_population_zscore_dataset_cell_type	reviewer_dataset_cell_type_retrieval_dataset_pair	target_individual_sd_similarity	target_individual_sd_similarity	0.08142143908592256	0.07480382181575583	0.08840227029883595	0.006799224241540058	bca	ok	0.95	2000	2000	372	372	68	query_pubchem_cid	direction,cell_type,time_key	direction	95% BCa bootstrap CI clustered by PubChem compound; uncertainty is over the observed compound panel, not broader chemical space.
l1000_phase2	cigs_mce	logFC	strict_matched_condition	spearman	per_gene_population_zscore_dataset_cell_type	reviewer_dataset_cell_type_retrieval_dataset_pair	target_individual_n_below_observed	target_individual_n_below_observed	1365.5244071717755	1233.6399315757164	1455.448030758115	110.90404959119928	bca	ok	0.95	2000	2000	372	372	68	query_pubchem_cid	direction,cell_type,time_key	direction	95% BCa bootstrap CI clustered by PubChem compound; uncertainty is over the observed compound panel, not broader chemical space.
l1000_phase2	cigs_mce	logFC	strict_matched_condition	spearman	per_gene_population_zscore_dataset_cell_type	reviewer_dataset_cell_type_retrieval_dataset_pair	target_individual_fraction_below_observed	target_individual_fraction_below_observed	0.8179553545705566	0.7404067331789411	0.8737357298845683	0.06666449835281357	bca	ok	0.95	2000	2000	372	372	68	query_pubchem_cid	direction,cell_type,time_key	direction	95% BCa bootstrap CI clustered by PubChem compound; uncertainty is over the observed compound panel, not broader chemical space.
l1000_phase2	cigs_mce	logFC	strict_matched_condition	spearman	per_gene_population_zscore_dataset_cell_type	reviewer_dataset_cell_type_retrieval_dataset_pair	target_individual_corrected_percentile	target_individual_corrected_percentile	0.818379873489771	0.7409071437195179	0.873550654565392	0.06632175542293706	bca	ok	0.95	2000	2000	372	372	68	query_pubchem_cid	direction,cell_type,time_key	direction	95% BCa bootstrap CI clustered by PubChem compound; uncertainty is over the observed compound panel, not broader chemical space.
l1000_phase2	cigs_mce	logFC	strict_matched_condition	spearman	per_gene_population_zscore_dataset_cell_type	reviewer_dataset_cell_type_retrieval_dataset_pair	source_centroid_similarity	source_centroid_similarity	0.13532857236810159	0.0988830167754711	0.17149848894981	0.03630773608716946	bca	ok	0.95	2000	2000	372	372	68	query_pubchem_cid	direction,cell_type,time_key	direction	95% BCa bootstrap CI clustered by PubChem compound; uncertainty is over the observed compound panel, not broader chemical space.
l1000_phase2	cigs_mce	logFC	strict_matched_condition	spearman	per_gene_population_zscore_dataset_cell_type	reviewer_dataset_cell_type_retrieval_dataset_pair	source_centroid_normalized_rank	source_centroid_normalized_rank	0.5935923222261952	0.5340454000900113	0.6552687973119531	0.06061169861097088	bca	ok	0.95	2000	2000	372	372	68	query_pubchem_cid	direction,cell_type,time_key	direction	95% BCa bootstrap CI clustered by PubChem compound; uncertainty is over the observed compound panel, not broader chemical space.
l1000_phase2	cigs_mce	logFC	strict_matched_condition	spearman	per_gene_population_zscore_dataset_cell_type	reviewer_dataset_cell_type_retrieval_dataset_pair	source_centroid_recall_at_1	source_centroid_recall_at_1	0.33525159051474845	0.27020821838241055	0.39220167716355836	0.060996729390573906	bca	ok	0.95	2000	2000	372	372	68	query_pubchem_cid	direction,cell_type,time_key	direction	95% BCa bootstrap CI clustered by PubChem compound; uncertainty is over the observed compound panel, not broader chemical space.
l1000_phase2	cigs_mce	logFC	strict_matched_condition	spearman	per_gene_population_zscore_dataset_cell_type	reviewer_dataset_cell_type_retrieval_dataset_pair	source_centroid_auroc	source_centroid_auroc	0.5935923222261952	0.5319762025700725	0.6527710196472103	0.0603974085385689	bca	ok	0.95	2000	2000	372	372	68	query_pubchem_cid	direction,cell_type,time_key	direction	95% BCa bootstrap CI clustered by PubChem compound; uncertainty is over the observed compound panel, not broader chemical space.
l1000_phase2	cigs_mce	logFC	strict_matched_condition	spearman	per_gene_population_zscore_dataset_cell_type	reviewer_dataset_cell_type_retrieval_dataset_pair	target_centroid_similarity	target_centroid_similarity	0.0350479497990617	0.017414280364748416	0.05165400351387132	0.01711986157456145	bca	ok	0.95	2000	2000	372	372	68	query_pubchem_cid	direction,cell_type,time_key	direction	95% BCa bootstrap CI clustered by PubChem compound; uncertainty is over the observed compound panel, not broader chemical space.
l1000_phase2	cigs_mce	logFC	strict_matched_condition	spearman	per_gene_population_zscore_dataset_cell_type	reviewer_dataset_cell_type_retrieval_dataset_pair	target_centroid_normalized_rank	target_centroid_normalized_rank	0.49295415405997467	0.4489948671194926	0.5384454093610621	0.044725271120784754	bca	ok	0.95	2000	2000	372	372	68	query_pubchem_cid	direction,cell_type,time_key	direction	95% BCa bootstrap CI clustered by PubChem compound; uncertainty is over the observed compound panel, not broader chemical space.
l1000_phase2	cigs_mce	logFC	strict_matched_condition	spearman	per_gene_population_zscore_dataset_cell_type	reviewer_dataset_cell_type_retrieval_dataset_pair	target_centroid_recall_at_1	target_centroid_recall_at_1	0.013736263736263736	0.0	0.04677979798423786	0.02338989899211893	bca	ok	0.95	2000	2000	372	372	68	query_pubchem_cid	direction,cell_type,time_key	direction	95% BCa bootstrap CI clustered by PubChem compound; uncertainty is over the observed compound panel, not broader chemical space.
l1000_phase2	cigs_mce	logFC	strict_matched_condition	spearman	per_gene_population_zscore_dataset_cell_type	reviewer_dataset_cell_type_retrieval_dataset_pair	target_centroid_auroc	target_centroid_auroc	0.49295415405997467	0.45105720045440884	0.5379194757719687	0.043431137658779956	bca	ok	0.95	2000	2000	372	372	68	query_pubchem_cid	direction,cell_type,time_key	direction	95% BCa bootstrap CI clustered by PubChem compound; uncertainty is over the observed compound panel, not broader chemical space.
l1000_phase2	cigs_mce	logFC	strict_matched_condition	spearman	per_gene_population_zscore_dataset_cell_type	reviewer_dataset_cell_type_retrieval_dataset_pair	source_peer_normalized_rank	source_peer_normalized_rank	0.5802491450984361	0.5518643200911794	0.6006284363190865	0.024382058113953553	bca	ok	0.95	2000	2000	372	372	68	query_pubchem_cid	direction,cell_type,time_key	direction	95% BCa bootstrap CI clustered by PubChem compound; uncertainty is over the observed compound panel, not broader chemical space.
l1000_phase2	cigs_mce	logFC	strict_matched_condition	spearman	per_gene_population_zscore_dataset_cell_type	reviewer_dataset_cell_type_retrieval_dataset_pair	target_peer_normalized_rank	target_peer_normalized_rank	0.547943200760526	0.533533517739865	0.5604082293014279	0.013437355780781424	bca	ok	0.95	2000	2000	372	372	68	query_pubchem_cid	direction,cell_type,time_key	direction	95% BCa bootstrap CI clustered by PubChem compound; uncertainty is over the observed compound panel, not broader chemical space.
l1000_phase2	cigs_mce	logFC	strict_matched_condition	spearman	per_gene_population_zscore_dataset_cell_type	reviewer_dataset_cell_type_retrieval_dataset_pair	delta_vs_source_peer_normalized_rank	delta_vs_source_peer_normalized_rank	0.24593018840954772	0.17015486618874845	0.30127348761841505	0.0655593107148333	bca	ok	0.95	2000	2000	372	372	68	query_pubchem_cid	direction,cell_type,time_key	direction	95% BCa bootstrap CI clustered by PubChem compound; uncertainty is over the observed compound panel, not broader chemical space.
l1000_phase2	cigs_mce	logFC	strict_matched_condition	spearman	per_gene_population_zscore_dataset_cell_type	reviewer_dataset_cell_type_retrieval_dataset_pair	delta_vs_target_peer_normalized_rank	delta_vs_target_peer_normalized_rank	0.278236132747458	0.20937561929343274	0.3296217523927589	0.060123066549663096	bca	ok	0.95	2000	2000	372	372	68	query_pubchem_cid	direction,cell_type,time_key	direction	95% BCa bootstrap CI clustered by PubChem compound; uncertainty is over the observed compound panel, not broader chemical space.
l1000_phase2	cigs_mce	logFC	strict_matched_condition	spearman	per_gene_population_zscore_dataset_cell_type	reviewer_dataset_cell_type_retrieval_dataset_pair	target_decoy_null_normalized_best_positive_rank	target_decoy_null_normalized_best_positive_rank	0.7200502595301284	0.7049940153348968	0.7313271190383881	0.013166551851745645	bca	ok	0.95	2000	2000	372	372	68	query_pubchem_cid	direction,cell_type,time_key	direction	95% BCa bootstrap CI clustered by PubChem compound; uncertainty is over the observed compound panel, not broader chemical space.
l1000_phase2	cigs_mce	logFC	strict_matched_condition	spearman	per_gene_population_zscore_dataset_cell_type	reviewer_dataset_cell_type_retrieval_dataset_pair	delta_vs_target_decoy_null_normalized_best_positive_rank	delta_vs_target_decoy_null_normalized_best_positive_rank	0.10612907397785554	0.03426151725080661	0.16037248052949063	0.063055481639342	bca	ok	0.95	2000	2000	372	372	68	query_pubchem_cid	direction,cell_type,time_key	direction	95% BCa bootstrap CI clustered by PubChem compound; uncertainty is over the observed compound panel, not broader chemical space.
l1000_phase2	sciplex	logFC	strict_matched_condition	cosine	per_gene_population_zscore_dataset_cell_type	reviewer_dataset_cell_type_retrieval_dataset_pair	observed_normalized_best_positive_rank	observed_normalized_best_positive_rank	0.7675171120630296	0.7325995400104763	0.8019966488921538	0.03469855444083875	bca	ok	0.95	2000	2000	2323	2323	83	query_pubchem_cid	direction,cell_type,time_key	direction	95% BCa bootstrap CI clustered by PubChem compound; uncertainty is over the observed compound panel, not broader chemical space.
l1000_phase2	sciplex	logFC	strict_matched_condition	cosine	per_gene_population_zscore_dataset_cell_type	reviewer_dataset_cell_type_retrieval_dataset_pair	observed_recall_at_1	observed_recall_at_1	0.06632081276272361	0.04454670292798656	0.09653635122516466	0.025994824148589047	bca	ok	0.95	2000	2000	2323	2323	83	query_pubchem_cid	direction,cell_type,time_key	direction	95% BCa bootstrap CI clustered by PubChem compound; uncertainty is over the observed compound panel, not broader chemical space.
l1000_phase2	sciplex	logFC	strict_matched_condition	cosine	per_gene_population_zscore_dataset_cell_type	reviewer_dataset_cell_type_retrieval_dataset_pair	observed_auroc	observed_auroc	0.7671377776629689	0.7322725083480713	0.8026786911289104	0.03520309139041955	bca	ok	0.95	2000	2000	2323	2323	83	query_pubchem_cid	direction,cell_type,time_key	direction	95% BCa bootstrap CI clustered by PubChem compound; uncertainty is over the observed compound panel, not broader chemical space.
l1000_phase2	sciplex	logFC	strict_matched_condition	cosine	per_gene_population_zscore_dataset_cell_type	reviewer_dataset_cell_type_retrieval_dataset_pair	observed_best_positive_similarity	observed_best_positive_similarity	0.09963037604187802	0.07642070837941162	0.12909839621346844	0.026338843917028412	bca	ok	0.95	2000	2000	2323	2323	83	query_pubchem_cid	direction,cell_type,time_key	direction	95% BCa bootstrap CI clustered by PubChem compound; uncertainty is over the observed compound panel, not broader chemical space.
l1000_phase2	sciplex	logFC	strict_matched_condition	cosine	per_gene_population_zscore_dataset_cell_type	reviewer_dataset_cell_type_retrieval_dataset_pair	random_normalized_best_positive_rank	random_normalized_best_positive_rank					not_estimable	too_few_clusters_or_values	0.95	2000	0	2323	0	0	query_pubchem_cid	direction,cell_type,time_key	direction	95% BCa bootstrap CI clustered by PubChem compound; uncertainty is over the observed compound panel, not broader chemical space.
l1000_phase2	sciplex	logFC	strict_matched_condition	cosine	per_gene_population_zscore_dataset_cell_type	reviewer_dataset_cell_type_retrieval_dataset_pair	random_recall_at_1	random_recall_at_1					not_estimable	too_few_clusters_or_values	0.95	2000	0	2323	0	0	query_pubchem_cid	direction,cell_type,time_key	direction	95% BCa bootstrap CI clustered by PubChem compound; uncertainty is over the observed compound panel, not broader chemical space.
l1000_phase2	sciplex	logFC	strict_matched_condition	cosine	per_gene_population_zscore_dataset_cell_type	reviewer_dataset_cell_type_retrieval_dataset_pair	random_auroc	random_auroc					not_estimable	too_few_clusters_or_values	0.95	2000	0	2323	0	0	query_pubchem_cid	direction,cell_type,time_key	direction	95% BCa bootstrap CI clustered by PubChem compound; uncertainty is over the observed compound panel, not broader chemical space.
l1000_phase2	sciplex	logFC	strict_matched_condition	cosine	per_gene_population_zscore_dataset_cell_type	reviewer_dataset_cell_type_retrieval_dataset_pair	delta_vs_random_normalized_best_positive_rank	delta_vs_random_normalized_best_positive_rank	0.03819460879359163	0.0037827875012539608	0.07172997649509426	0.03397359449692015	bca	ok	0.95	2000	2000	2323	2323	83	query_pubchem_cid	direction,cell_type,time_key	direction	95% BCa bootstrap CI clustered by PubChem compound; uncertainty is over the observed compound panel, not broader chemical space.
l1000_phase2	sciplex	logFC	strict_matched_condition	cosine	per_gene_population_zscore_dataset_cell_type	reviewer_dataset_cell_type_retrieval_dataset_pair	source_individual_n_peers	source_individual_n_peers	327.400734491121	321.3407609766811	332.9498260721247	5.804532547721806	bca	ok	0.95	2000	2000	2323	2323	83	query_pubchem_cid	direction,cell_type,time_key	direction	95% BCa bootstrap CI clustered by PubChem compound; uncertainty is over the observed compound panel, not broader chemical space.
l1000_phase2	sciplex	logFC	strict_matched_condition	cosine	per_gene_population_zscore_dataset_cell_type	reviewer_dataset_cell_type_retrieval_dataset_pair	source_individual_mean_similarity	source_individual_mean_similarity	0.016277150520169505	0.013340733399575148	0.019483217636978464	0.003071242118701658	bca	ok	0.95	2000	2000	2323	2323	83	query_pubchem_cid	direction,cell_type,time_key	direction	95% BCa bootstrap CI clustered by PubChem compound; uncertainty is over the observed compound panel, not broader chemical space.
l1000_phase2	sciplex	logFC	strict_matched_condition	cosine	per_gene_population_zscore_dataset_cell_type	reviewer_dataset_cell_type_retrieval_dataset_pair	source_individual_sd_similarity	source_individual_sd_similarity	0.11021038982992243	0.10599139059783269	0.11550769611075525	0.004758152756461277	bca	ok	0.95	2000	2000	2323	2323	83	query_pubchem_cid	direction,cell_type,time_key	direction	95% BCa bootstrap CI clustered by PubChem compound; uncertainty is over the observed compound panel, not broader chemical space.
l1000_phase2	sciplex	logFC	strict_matched_condition	cosine	per_gene_population_zscore_dataset_cell_type	reviewer_dataset_cell_type_retrieval_dataset_pair	source_individual_n_below_observed	source_individual_n_below_observed	228.27862288569418	217.23929633267278	239.38824698551292	11.074475326420071	bca	ok	0.95	2000	2000	2323	2323	83	query_pubchem_cid	direction,cell_type,time_key	direction	95% BCa bootstrap CI clustered by PubChem compound; uncertainty is over the observed compound panel, not broader chemical space.
l1000_phase2	sciplex	logFC	strict_matched_condition	cosine	per_gene_population_zscore_dataset_cell_type	reviewer_dataset_cell_type_retrieval_dataset_pair	source_individual_fraction_below_observed	source_individual_fraction_below_observed	0.6851645899543535	0.6541159638773525	0.719661218621676	0.032772627372161744	bca	ok	0.95	2000	2000	2323	2323	83	query_pubchem_cid	direction,cell_type,time_key	direction	95% BCa bootstrap CI clustered by PubChem compound; uncertainty is over the observed compound panel, not broader chemical space.
l1000_phase2	sciplex	logFC	strict_matched_condition	cosine	per_gene_population_zscore_dataset_cell_type	reviewer_dataset_cell_type_retrieval_dataset_pair	source_individual_corrected_percentile	source_individual_corrected_percentile	0.6866193023921503	0.6561414000409563	0.7208062281863526	0.03233241407269816	bca	ok	0.95	2000	2000	2323	2323	83	query_pubchem_cid	direction,cell_type,time_key	direction	95% BCa bootstrap CI clustered by PubChem compound; uncertainty is over the observed compound panel, not broader chemical space.
l1000_phase2	sciplex	logFC	strict_matched_condition	cosine	per_gene_population_zscore_dataset_cell_type	reviewer_dataset_cell_type_retrieval_dataset_pair	target_individual_n_peers	target_individual_n_peers	317.4165082021051	312.5140363133162	321.3739147127282	4.429939199706013	bca	ok	0.95	2000	2000	2323	2323	83	query_pubchem_cid	direction,cell_type,time_key	direction	95% BCa bootstrap CI clustered by PubChem compound; uncertainty is over the observed compound panel, not broader chemical space.
l1000_phase2	sciplex	logFC	strict_matched_condition	cosine	per_gene_population_zscore_dataset_cell_type	reviewer_dataset_cell_type_retrieval_dataset_pair	target_individual_mean_similarity	target_individual_mean_similarity	0.0030205528154658968	0.0013832534535073737	0.004911644167905698	0.001764195357199162	bca	ok	0.95	2000	2000	2323	2323	83	query_pubchem_cid	direction,cell_type,time_key	direction	95% BCa bootstrap CI clustered by PubChem compound; uncertainty is over the observed compound panel, not broader chemical space.
l1000_phase2	sciplex	logFC	strict_matched_condition	cosine	per_gene_population_zscore_dataset_cell_type	reviewer_dataset_cell_type_retrieval_dataset_pair	target_individual_sd_similarity	target_individual_sd_similarity	0.057070315502519946	0.053907240323735915	0.06154615578873409	0.0038194577324990875	bca	ok	0.95	2000	2000	2323	2323	83	query_pubchem_cid	direction,cell_type,time_key	direction	95% BCa bootstrap CI clustered by PubChem compound; uncertainty is over the observed compound panel, not broader chemical space.
l1000_phase2	sciplex	logFC	strict_matched_condition	cosine	per_gene_population_zscore_dataset_cell_type	reviewer_dataset_cell_type_retrieval_dataset_pair	target_individual_n_below_observed	target_individual_n_below_observed	250.61721720101104	238.1047548362417	261.94648567469557	11.920865419226928	bca	ok	0.95	2000	2000	2323	2323	83	query_pubchem_cid	direction,cell_type,time_key	direction	95% BCa bootstrap CI clustered by PubChem compound; uncertainty is over the observed compound panel, not broader chemical space.
l1000_phase2	sciplex	logFC	strict_matched_condition	cosine	per_gene_population_zscore_dataset_cell_type	reviewer_dataset_cell_type_retrieval_dataset_pair	target_individual_fraction_below_observed	target_individual_fraction_below_observed	0.7576522714257474	0.7193919268376757	0.7918575877666756	0.03623283046449993	bca	ok	0.95	2000	2000	2323	2323	83	query_pubchem_cid	direction,cell_type,time_key	direction	95% BCa bootstrap CI clustered by PubChem compound; uncertainty is over the observed compound panel, not broader chemical space.
l1000_phase2	sciplex	logFC	strict_matched_condition	cosine	per_gene_population_zscore_dataset_cell_type	reviewer_dataset_cell_type_retrieval_dataset_pair	target_individual_corrected_percentile	target_individual_corrected_percentile	0.7588479705579566	0.720865747448975	0.7931009070968117	0.03611757982391833	bca	ok	0.95	2000	2000	2323	2323	83	query_pubchem_cid	direction,cell_type,time_key	direction	95% BCa bootstrap CI clustered by PubChem compound; uncertainty is over the observed compound panel, not broader chemical space.
l1000_phase2	sciplex	logFC	strict_matched_condition	cosine	per_gene_population_zscore_dataset_cell_type	reviewer_dataset_cell_type_retrieval_dataset_pair	source_centroid_similarity	source_centroid_similarity	0.06791261496226733	0.045031156789833174	0.09143502963224319	0.023201936421205008	bca	ok	0.95	2000	2000	2323	2323	83	query_pubchem_cid	direction,cell_type,time_key	direction	95% BCa bootstrap CI clustered by PubChem compound; uncertainty is over the observed compound panel, not broader chemical space.
l1000_phase2	sciplex	logFC	strict_matched_condition	cosine	per_gene_population_zscore_dataset_cell_type	reviewer_dataset_cell_type_retrieval_dataset_pair	source_centroid_normalized_rank	source_centroid_normalized_rank	0.6079919107247449	0.5675221010301599	0.6464734289369819	0.03947566395341101	bca	ok	0.95	2000	2000	2323	2323	83	query_pubchem_cid	direction,cell_type,time_key	direction	95% BCa bootstrap CI clustered by PubChem compound; uncertainty is over the observed compound panel, not broader chemical space.
l1000_phase2	sciplex	logFC	strict_matched_condition	cosine	per_gene_population_zscore_dataset_cell_type	reviewer_dataset_cell_type_retrieval_dataset_pair	source_centroid_recall_at_1	source_centroid_recall_at_1	0.15778005766988554	0.12702289383514656	0.19837868063624942	0.03567789340055143	bca	ok	0.95	2000	2000	2323	2323	83	query_pubchem_cid	direction,cell_type,time_key	direction	95% BCa bootstrap CI clustered by PubChem compound; uncertainty is over the observed compound panel, not broader chemical space.
l1000_phase2	sciplex	logFC	strict_matched_condition	cosine	per_gene_population_zscore_dataset_cell_type	reviewer_dataset_cell_type_retrieval_dataset_pair	source_centroid_auroc	source_centroid_auroc	0.6079919107247449	0.5705812528652547	0.6476147509915908	0.03851674906316804	bca	ok	0.95	2000	2000	2323	2323	83	query_pubchem_cid	direction,cell_type,time_key	direction	95% BCa bootstrap CI clustered by PubChem compound; uncertainty is over the observed compound panel, not broader chemical space.
l1000_phase2	sciplex	logFC	strict_matched_condition	cosine	per_gene_population_zscore_dataset_cell_type	reviewer_dataset_cell_type_retrieval_dataset_pair	target_centroid_similarity	target_centroid_similarity	0.018790825532584328	0.005862981461998231	0.03542191745174441	0.01477946799487309	bca	ok	0.95	2000	2000	2323	2323	83	query_pubchem_cid	direction,cell_type,time_key	direction	95% BCa bootstrap CI clustered by PubChem compound; uncertainty is over the observed compound panel, not broader chemical space.
l1000_phase2	sciplex	logFC	strict_matched_condition	cosine	per_gene_population_zscore_dataset_cell_type	reviewer_dataset_cell_type_retrieval_dataset_pair	target_centroid_normalized_rank	target_centroid_normalized_rank	0.513698293759736	0.4723737726930754	0.5534924044891727	0.04055931589804865	bca	ok	0.95	2000	2000	2323	2323	83	query_pubchem_cid	direction,cell_type,time_key	direction	95% BCa bootstrap CI clustered by PubChem compound; uncertainty is over the observed compound panel, not broader chemical space.
l1000_phase2	sciplex	logFC	strict_matched_condition	cosine	per_gene_population_zscore_dataset_cell_type	reviewer_dataset_cell_type_retrieval_dataset_pair	target_centroid_recall_at_1	target_centroid_recall_at_1	0.007828793831094314	0.0011867088607594937	0.024586896411404924	0.011700093775322716	bca	ok	0.95	2000	2000	2323	2323	83	query_pubchem_cid	direction,cell_type,time_key	direction	95% BCa bootstrap CI clustered by PubChem compound; uncertainty is over the observed compound panel, not broader chemical space.
l1000_phase2	sciplex	logFC	strict_matched_condition	cosine	per_gene_population_zscore_dataset_cell_type	reviewer_dataset_cell_type_retrieval_dataset_pair	target_centroid_auroc	target_centroid_auroc	0.5136982937597359	0.4732111308533995	0.5518200414905785	0.039304455318589504	bca	ok	0.95	2000	2000	2323	2323	83	query_pubchem_cid	direction,cell_type,time_key	direction	95% BCa bootstrap CI clustered by PubChem compound; uncertainty is over the observed compound panel, not broader chemical space.
l1000_phase2	sciplex	logFC	strict_matched_condition	cosine	per_gene_population_zscore_dataset_cell_type	reviewer_dataset_cell_type_retrieval_dataset_pair	source_peer_normalized_rank	source_peer_normalized_rank	0.519267525983416	0.5135693926805561	0.5257485675799011	0.006089587449672473	bca	ok	0.95	2000	2000	2323	2323	83	query_pubchem_cid	direction,cell_type,time_key	direction	95% BCa bootstrap CI clustered by PubChem compound; uncertainty is over the observed compound panel, not broader chemical space.
l1000_phase2	sciplex	logFC	strict_matched_condition	cosine	per_gene_population_zscore_dataset_cell_type	reviewer_dataset_cell_type_retrieval_dataset_pair	target_peer_normalized_rank	target_peer_normalized_rank	0.5141948157074314	0.5102707126672343	0.5187266167865621	0.004227952059663864	bca	ok	0.95	2000	2000	2323	2323	83	query_pubchem_cid	direction,cell_type,time_key	direction	95% BCa bootstrap CI clustered by PubChem compound; uncertainty is over the observed compound panel, not broader chemical space.
l1000_phase2	sciplex	logFC	strict_matched_condition	cosine	per_gene_population_zscore_dataset_cell_type	reviewer_dataset_cell_type_retrieval_dataset_pair	delta_vs_source_peer_normalized_rank	delta_vs_source_peer_normalized_rank	0.24824958607961356	0.2112311409761427	0.28279021125643367	0.03577953514014548	bca	ok	0.95	2000	2000	2323	2323	83	query_pubchem_cid	direction,cell_type,time_key	direction	95% BCa bootstrap CI clustered by PubChem compound; uncertainty is over the observed compound panel, not broader chemical space.
l1000_phase2	sciplex	logFC	strict_matched_condition	cosine	per_gene_population_zscore_dataset_cell_type	reviewer_dataset_cell_type_retrieval_dataset_pair	delta_vs_target_peer_normalized_rank	delta_vs_target_peer_normalized_rank	0.2533222963555981	0.21736592823414794	0.2894270159495081	0.03603054385768008	bca	ok	0.95	2000	2000	2323	2323	83	query_pubchem_cid	direction,cell_type,time_key	direction	95% BCa bootstrap CI clustered by PubChem compound; uncertainty is over the observed compound panel, not broader chemical space.
l1000_phase2	sciplex	logFC	strict_matched_condition	cosine	per_gene_population_zscore_dataset_cell_type	reviewer_dataset_cell_type_retrieval_dataset_pair	target_decoy_null_normalized_best_positive_rank	target_decoy_null_normalized_best_positive_rank	0.7293225032694379	0.7250810548932044	0.7332933197475745	0.00410613242718505	bca	ok	0.95	2000	2000	2323	2323	83	query_pubchem_cid	direction,cell_type,time_key	direction	95% BCa bootstrap CI clustered by PubChem compound; uncertainty is over the observed compound panel, not broader chemical space.
l1000_phase2	sciplex	logFC	strict_matched_condition	cosine	per_gene_population_zscore_dataset_cell_type	reviewer_dataset_cell_type_retrieval_dataset_pair	delta_vs_target_decoy_null_normalized_best_positive_rank	delta_vs_target_decoy_null_normalized_best_positive_rank	0.03819460879359163	0.005017435473244696	0.07470202755849918	0.034842296042627244	bca	ok	0.95	2000	2000	2323	2323	83	query_pubchem_cid	direction,cell_type,time_key	direction	95% BCa bootstrap CI clustered by PubChem compound; uncertainty is over the observed compound panel, not broader chemical space.
l1000_phase2	sciplex	logFC	strict_matched_condition	spearman	per_gene_population_zscore_dataset_cell_type	reviewer_dataset_cell_type_retrieval_dataset_pair	observed_normalized_best_positive_rank	observed_normalized_best_positive_rank	0.7690619208138463	0.7329056194119307	0.8007693316499791	0.03393185611902422	bca	ok	0.95	2000	2000	2323	2323	83	query_pubchem_cid	direction,cell_type,time_key	direction	95% BCa bootstrap CI clustered by PubChem compound; uncertainty is over the observed compound panel, not broader chemical space.
l1000_phase2	sciplex	logFC	strict_matched_condition	spearman	per_gene_population_zscore_dataset_cell_type	reviewer_dataset_cell_type_retrieval_dataset_pair	observed_recall_at_1	observed_recall_at_1	0.06503759390656359	0.040700214129684074	0.09770788290091212	0.028503834385614022	bca	ok	0.95	2000	2000	2323	2323	83	query_pubchem_cid	direction,cell_type,time_key	direction	95% BCa bootstrap CI clustered by PubChem compound; uncertainty is over the observed compound panel, not broader chemical space.
l1000_phase2	sciplex	logFC	strict_matched_condition	spearman	per_gene_population_zscore_dataset_cell_type	reviewer_dataset_cell_type_retrieval_dataset_pair	observed_auroc	observed_auroc	0.7686817445131642	0.7362895324884798	0.8020207929558006	0.0328656302336604	bca	ok	0.95	2000	2000	2323	2323	83	query_pubchem_cid	direction,cell_type,time_key	direction	95% BCa bootstrap CI clustered by PubChem compound; uncertainty is over the observed compound panel, not broader chemical space.
l1000_phase2	sciplex	logFC	strict_matched_condition	spearman	per_gene_population_zscore_dataset_cell_type	reviewer_dataset_cell_type_retrieval_dataset_pair	observed_best_positive_similarity	observed_best_positive_similarity	0.09873388833688643	0.07602275518474746	0.12916937591626093	0.026573310365756733	bca	ok	0.95	2000	2000	2323	2323	83	query_pubchem_cid	direction,cell_type,time_key	direction	95% BCa bootstrap CI clustered by PubChem compound; uncertainty is over the observed compound panel, not broader chemical space.
l1000_phase2	sciplex	logFC	strict_matched_condition	spearman	per_gene_population_zscore_dataset_cell_type	reviewer_dataset_cell_type_retrieval_dataset_pair	random_normalized_best_positive_rank	random_normalized_best_positive_rank					not_estimable	too_few_clusters_or_values	0.95	2000	0	2323	0	0	query_pubchem_cid	direction,cell_type,time_key	direction	95% BCa bootstrap CI clustered by PubChem compound; uncertainty is over the observed compound panel, not broader chemical space.
l1000_phase2	sciplex	logFC	strict_matched_condition	spearman	per_gene_population_zscore_dataset_cell_type	reviewer_dataset_cell_type_retrieval_dataset_pair	random_recall_at_1	random_recall_at_1					not_estimable	too_few_clusters_or_values	0.95	2000	0	2323	0	0	query_pubchem_cid	direction,cell_type,time_key	direction	95% BCa bootstrap CI clustered by PubChem compound; uncertainty is over the observed compound panel, not broader chemical space.
l1000_phase2	sciplex	logFC	strict_matched_condition	spearman	per_gene_population_zscore_dataset_cell_type	reviewer_dataset_cell_type_retrieval_dataset_pair	random_auroc	random_auroc					not_estimable	too_few_clusters_or_values	0.95	2000	0	2323	0	0	query_pubchem_cid	direction,cell_type,time_key	direction	95% BCa bootstrap CI clustered by PubChem compound; uncertainty is over the observed compound panel, not broader chemical space.
l1000_phase2	sciplex	logFC	strict_matched_condition	spearman	per_gene_population_zscore_dataset_cell_type	reviewer_dataset_cell_type_retrieval_dataset_pair	delta_vs_random_normalized_best_positive_rank	delta_vs_random_normalized_best_positive_rank	0.03973941754440814	0.004473960812447472	0.07144683448592565	0.03348643683673909	bca	ok	0.95	2000	2000	2323	2323	83	query_pubchem_cid	direction,cell_type,time_key	direction	95% BCa bootstrap CI clustered by PubChem compound; uncertainty is over the observed compound panel, not broader chemical space.
l1000_phase2	sciplex	logFC	strict_matched_condition	spearman	per_gene_population_zscore_dataset_cell_type	reviewer_dataset_cell_type_retrieval_dataset_pair	source_individual_n_peers	source_individual_n_peers	327.400734491121	321.307270579395	333.02701127306796	5.859870346836487	bca	ok	0.95	2000	2000	2323	2323	83	query_pubchem_cid	direction,cell_type,time_key	direction	95% BCa bootstrap CI clustered by PubChem compound; uncertainty is over the observed compound panel, not broader chemical space.
l1000_phase2	sciplex	logFC	strict_matched_condition	spearman	per_gene_population_zscore_dataset_cell_type	reviewer_dataset_cell_type_retrieval_dataset_pair	source_individual_mean_similarity	source_individual_mean_similarity	0.019628581702853344	0.016634613052186747	0.02264190449497845	0.003003645721395852	bca	ok	0.95	2000	2000	2323	2323	83	query_pubchem_cid	direction,cell_type,time_key	direction	95% BCa bootstrap CI clustered by PubChem compound; uncertainty is over the observed compound panel, not broader chemical space.
l1000_phase2	sciplex	logFC	strict_matched_condition	spearman	per_gene_population_zscore_dataset_cell_type	reviewer_dataset_cell_type_retrieval_dataset_pair	source_individual_sd_similarity	source_individual_sd_similarity	0.11668159373507259	0.1121140049867509	0.12150196345652672	0.004693979234887909	bca	ok	0.95	2000	2000	2323	2323	83	query_pubchem_cid	direction,cell_type,time_key	direction	95% BCa bootstrap CI clustered by PubChem compound; uncertainty is over the observed compound panel, not broader chemical space.
l1000_phase2	sciplex	logFC	strict_matched_condition	spearman	per_gene_population_zscore_dataset_cell_type	reviewer_dataset_cell_type_retrieval_dataset_pair	source_individual_n_below_observed	source_individual_n_below_observed	222.28021217134346	211.34737707960375	234.95544925844987	11.804036089423064	bca	ok	0.95	2000	2000	2323	2323	83	query_pubchem_cid	direction,cell_type,time_key	direction	95% BCa bootstrap CI clustered by PubChem compound; uncertainty is over the observed compound panel, not broader chemical space.
l1000_phase2	sciplex	logFC	strict_matched_condition	spearman	per_gene_population_zscore_dataset_cell_type	reviewer_dataset_cell_type_retrieval_dataset_pair	source_individual_fraction_below_observed	source_individual_fraction_below_observed	0.6699628926840816	0.6403544839483962	0.7068998662460959	0.03327269114884984	bca	ok	0.95	2000	2000	2323	2323	83	query_pubchem_cid	direction,cell_type,time_key	direction	95% BCa bootstrap CI clustered by PubChem compound; uncertainty is over the observed compound panel, not broader chemical space.
l1000_phase2	sciplex	logFC	strict_matched_condition	spearman	per_gene_population_zscore_dataset_cell_type	reviewer_dataset_cell_type_retrieval_dataset_pair	source_individual_corrected_percentile	source_individual_corrected_percentile	0.6714719361268545	0.6417305260069005	0.7087227308554198	0.033496102424259655	bca	ok	0.95	2000	2000	2323	2323	83	query_pubchem_cid	direction,cell_type,time_key	direction	95% BCa bootstrap CI clustered by PubChem compound; uncertainty is over the observed compound panel, not broader chemical space.
l1000_phase2	sciplex	logFC	strict_matched_condition	spearman	per_gene_population_zscore_dataset_cell_type	reviewer_dataset_cell_type_retrieval_dataset_pair	target_individual_n_peers	target_individual_n_peers	317.4165082021051	312.7360706090373	321.51474068427785	4.38933503762027	bca	ok	0.95	2000	2000	2323	2323	83	query_pubchem_cid	direction,cell_type,time_key	direction	95% BCa bootstrap CI clustered by PubChem compound; uncertainty is over the observed compound panel, not broader chemical space.
l1000_phase2	sciplex	logFC	strict_matched_condition	spearman	per_gene_population_zscore_dataset_cell_type	reviewer_dataset_cell_type_retrieval_dataset_pair	target_individual_mean_similarity	target_individual_mean_similarity	0.003353990849805718	0.0017343773824771162	0.004980448578979008	0.0016230355982509458	bca	ok	0.95	2000	2000	2323	2323	83	query_pubchem_cid	direction,cell_type,time_key	direction	95% BCa bootstrap CI clustered by PubChem compound; uncertainty is over the observed compound panel, not broader chemical space.
l1000_phase2	sciplex	logFC	strict_matched_condition	spearman	per_gene_population_zscore_dataset_cell_type	reviewer_dataset_cell_type_retrieval_dataset_pair	target_individual_sd_similarity	target_individual_sd_similarity	0.058368148901425734	0.05522191803083417	0.063116177324372	0.003947129646768913	bca	ok	0.95	2000	2000	2323	2323	83	query_pubchem_cid	direction,cell_type,time_key	direction	95% BCa bootstrap CI clustered by PubChem compound; uncertainty is over the observed compound panel, not broader chemical space.
l1000_phase2	sciplex	logFC	strict_matched_condition	spearman	per_gene_population_zscore_dataset_cell_type	reviewer_dataset_cell_type_retrieval_dataset_pair	target_individual_n_below_observed	target_individual_n_below_observed	249.99815570820437	238.06028407360202	259.98445817354735	10.962087049972666	bca	ok	0.95	2000	2000	2323	2323	83	query_pubchem_cid	direction,cell_type,time_key	direction	95% BCa bootstrap CI clustered by PubChem compound; uncertainty is over the observed compound panel, not broader chemical space.
l1000_phase2	sciplex	logFC	strict_matched_condition	spearman	per_gene_population_zscore_dataset_cell_type	reviewer_dataset_cell_type_retrieval_dataset_pair	target_individual_fraction_below_observed	target_individual_fraction_below_observed	0.7582015591474554	0.7218794258003299	0.7910608410746767	0.03459070763717337	bca	ok	0.95	2000	2000	2323	2323	83	query_pubchem_cid	direction,cell_type,time_key	direction	95% BCa bootstrap CI clustered by PubChem compound; uncertainty is over the observed compound panel, not broader chemical space.
l1000_phase2	sciplex	logFC	strict_matched_condition	spearman	per_gene_population_zscore_dataset_cell_type	reviewer_dataset_cell_type_retrieval_dataset_pair	target_individual_corrected_percentile	target_individual_corrected_percentile	0.759386624972167	0.7232183634512531	0.7931963152005223	0.034988975874634565	bca	ok	0.95	2000	2000	2323	2323	83	query_pubchem_cid	direction,cell_type,time_key	direction	95% BCa bootstrap CI clustered by PubChem compound; uncertainty is over the observed compound panel, not broader chemical space.
l1000_phase2	sciplex	logFC	strict_matched_condition	spearman	per_gene_population_zscore_dataset_cell_type	reviewer_dataset_cell_type_retrieval_dataset_pair	source_centroid_similarity	source_centroid_similarity	0.06151901024684159	0.03975034016821439	0.08477536935773453	0.02251251459476007	bca	ok	0.95	2000	2000	2323	2323	83	query_pubchem_cid	direction,cell_type,time_key	direction	95% BCa bootstrap CI clustered by PubChem compound; uncertainty is over the observed compound panel, not broader chemical space.
l1000_phase2	sciplex	logFC	strict_matched_condition	spearman	per_gene_population_zscore_dataset_cell_type	reviewer_dataset_cell_type_retrieval_dataset_pair	source_centroid_normalized_rank	source_centroid_normalized_rank	0.5875551131804497	0.5467597869344788	0.6265422327793735	0.039891222922447345	bca	ok	0.95	2000	2000	2323	2323	83	query_pubchem_cid	direction,cell_type,time_key	direction	95% BCa bootstrap CI clustered by PubChem compound; uncertainty is over the observed compound panel, not broader chemical space.
l1000_phase2	sciplex	logFC	strict_matched_condition	spearman	per_gene_population_zscore_dataset_cell_type	reviewer_dataset_cell_type_retrieval_dataset_pair	source_centroid_recall_at_1	source_centroid_recall_at_1	0.16049951388301265	0.12757916459130378	0.19993277134708148	0.03617680337788885	bca	ok	0.95	2000	2000	2323	2323	83	query_pubchem_cid	direction,cell_type,time_key	direction	95% BCa bootstrap CI clustered by PubChem compound; uncertainty is over the observed compound panel, not broader chemical space.
l1000_phase2	sciplex	logFC	strict_matched_condition	spearman	per_gene_population_zscore_dataset_cell_type	reviewer_dataset_cell_type_retrieval_dataset_pair	source_centroid_auroc	source_centroid_auroc	0.5875551131804497	0.5483011312211258	0.629500754247606	0.0405998115132401	bca	ok	0.95	2000	2000	2323	2323	83	query_pubchem_cid	direction,cell_type,time_key	direction	95% BCa bootstrap CI clustered by PubChem compound; uncertainty is over the observed compound panel, not broader chemical space.
l1000_phase2	sciplex	logFC	strict_matched_condition	spearman	per_gene_population_zscore_dataset_cell_type	reviewer_dataset_cell_type_retrieval_dataset_pair	target_centroid_similarity	target_centroid_similarity	0.01604028744065047	0.0034394210986469836	0.030739926451062112	0.013650252676207564	bca	ok	0.95	2000	2000	2323	2323	83	query_pubchem_cid	direction,cell_type,time_key	direction	95% BCa bootstrap CI clustered by PubChem compound; uncertainty is over the observed compound panel, not broader chemical space.
l1000_phase2	sciplex	logFC	strict_matched_condition	spearman	per_gene_population_zscore_dataset_cell_type	reviewer_dataset_cell_type_retrieval_dataset_pair	target_centroid_normalized_rank	target_centroid_normalized_rank	0.5082381347251675	0.4663623611413859	0.5428235307151174	0.03823058478686572	bca	ok	0.95	2000	2000	2323	2323	83	query_pubchem_cid	direction,cell_type,time_key	direction	95% BCa bootstrap CI clustered by PubChem compound; uncertainty is over the observed compound panel, not broader chemical space.
l1000_phase2	sciplex	logFC	strict_matched_condition	spearman	per_gene_population_zscore_dataset_cell_type	reviewer_dataset_cell_type_retrieval_dataset_pair	target_centroid_recall_at_1	target_centroid_recall_at_1	0.008391223527382278	0.0015279441131654224	0.02421431682643398	0.01134318635663428	bca	ok	0.95	2000	2000	2323	2323	83	query_pubchem_cid	direction,cell_type,time_key	direction	95% BCa bootstrap CI clustered by PubChem compound; uncertainty is over the observed compound panel, not broader chemical space.
l1000_phase2	sciplex	logFC	strict_matched_condition	spearman	per_gene_population_zscore_dataset_cell_type	reviewer_dataset_cell_type_retrieval_dataset_pair	target_centroid_auroc	target_centroid_auroc	0.5082381347251674	0.468592120572405	0.5431984578776962	0.037303168652645574	bca	ok	0.95	2000	2000	2323	2323	83	query_pubchem_cid	direction,cell_type,time_key	direction	95% BCa bootstrap CI clustered by PubChem compound; uncertainty is over the observed compound panel, not broader chemical space.
l1000_phase2	sciplex	logFC	strict_matched_condition	spearman	per_gene_population_zscore_dataset_cell_type	reviewer_dataset_cell_type_retrieval_dataset_pair	source_peer_normalized_rank	source_peer_normalized_rank	0.527627579911048	0.5194046080067649	0.5345816500147906	0.00758852100401286	bca	ok	0.95	2000	2000	2323	2323	83	query_pubchem_cid	direction,cell_type,time_key	direction	95% BCa bootstrap CI clustered by PubChem compound; uncertainty is over the observed compound panel, not broader chemical space.
l1000_phase2	sciplex	logFC	strict_matched_condition	spearman	per_gene_population_zscore_dataset_cell_type	reviewer_dataset_cell_type_retrieval_dataset_pair	target_peer_normalized_rank	target_peer_normalized_rank	0.5154281154918624	0.5114624696377621	0.5198686302668943	0.004203080314566121	bca	ok	0.95	2000	2000	2323	2323	83	query_pubchem_cid	direction,cell_type,time_key	direction	95% BCa bootstrap CI clustered by PubChem compound; uncertainty is over the observed compound panel, not broader chemical space.
l1000_phase2	sciplex	logFC	strict_matched_condition	spearman	per_gene_population_zscore_dataset_cell_type	reviewer_dataset_cell_type_retrieval_dataset_pair	delta_vs_source_peer_normalized_rank	delta_vs_source_peer_normalized_rank	0.2414343409027981	0.20649884957119036	0.2798019500339553	0.036651550231382474	bca	ok	0.95	2000	2000	2323	2323	83	query_pubchem_cid	direction,cell_type,time_key	direction	95% BCa bootstrap CI clustered by PubChem compound; uncertainty is over the observed compound panel, not broader chemical space.
l1000_phase2	sciplex	logFC	strict_matched_condition	spearman	per_gene_population_zscore_dataset_cell_type	reviewer_dataset_cell_type_retrieval_dataset_pair	delta_vs_target_peer_normalized_rank	delta_vs_target_peer_normalized_rank	0.25363380532198376	0.21593619746020953	0.2867180393162794	0.03539092092803495	bca	ok	0.95	2000	2000	2323	2323	83	query_pubchem_cid	direction,cell_type,time_key	direction	95% BCa bootstrap CI clustered by PubChem compound; uncertainty is over the observed compound panel, not broader chemical space.
l1000_phase2	sciplex	logFC	strict_matched_condition	spearman	per_gene_population_zscore_dataset_cell_type	reviewer_dataset_cell_type_retrieval_dataset_pair	target_decoy_null_normalized_best_positive_rank	target_decoy_null_normalized_best_positive_rank	0.7293225032694379	0.7250804835686083	0.7331736902301739	0.004046603330782772	bca	ok	0.95	2000	2000	2323	2323	83	query_pubchem_cid	direction,cell_type,time_key	direction	95% BCa bootstrap CI clustered by PubChem compound; uncertainty is over the observed compound panel, not broader chemical space.
l1000_phase2	sciplex	logFC	strict_matched_condition	spearman	per_gene_population_zscore_dataset_cell_type	reviewer_dataset_cell_type_retrieval_dataset_pair	delta_vs_target_decoy_null_normalized_best_positive_rank	delta_vs_target_decoy_null_normalized_best_positive_rank	0.03973941754440814	0.0058431496934272615	0.07007779556601326	0.032117322936293	bca	ok	0.95	2000	2000	2323	2323	83	query_pubchem_cid	direction,cell_type,time_key	direction	95% BCa bootstrap CI clustered by PubChem compound; uncertainty is over the observed compound panel, not broader chemical space.
tahoe	sciplex	logFC	strict_matched_condition	cosine	per_gene_population_zscore_dataset_cell_type	reviewer_dataset_cell_type_retrieval_dataset_pair	observed_normalized_best_positive_rank	observed_normalized_best_positive_rank	0.6784235827783252	0.6040082943589896	0.7769378729349411	0.08646478928797574	bca	ok	0.95	2000	2000	223	223	23	query_pubchem_cid	direction,cell_type,time_key	direction	95% BCa bootstrap CI clustered by PubChem compound; uncertainty is over the observed compound panel, not broader chemical space.
tahoe	sciplex	logFC	strict_matched_condition	cosine	per_gene_population_zscore_dataset_cell_type	reviewer_dataset_cell_type_retrieval_dataset_pair	observed_recall_at_1	observed_recall_at_1	0.0701619778346121	0.02810129345410985	0.12941218903394977	0.05065544778991996	bca	ok	0.95	2000	2000	223	223	23	query_pubchem_cid	direction,cell_type,time_key	direction	95% BCa bootstrap CI clustered by PubChem compound; uncertainty is over the observed compound panel, not broader chemical space.
tahoe	sciplex	logFC	strict_matched_condition	cosine	per_gene_population_zscore_dataset_cell_type	reviewer_dataset_cell_type_retrieval_dataset_pair	observed_auroc	observed_auroc	0.6779278247477571	0.600578164909893	0.7715689100059678	0.08549537254803741	bca	ok	0.95	2000	2000	223	223	23	query_pubchem_cid	direction,cell_type,time_key	direction	95% BCa bootstrap CI clustered by PubChem compound; uncertainty is over the observed compound panel, not broader chemical space.
tahoe	sciplex	logFC	strict_matched_condition	cosine	per_gene_population_zscore_dataset_cell_type	reviewer_dataset_cell_type_retrieval_dataset_pair	observed_best_positive_similarity	observed_best_positive_similarity	0.06747409578338634	0.02953331008535054	0.12939907357960972	0.04993288174712959	bca	ok	0.95	2000	2000	223	223	23	query_pubchem_cid	direction,cell_type,time_key	direction	95% BCa bootstrap CI clustered by PubChem compound; uncertainty is over the observed compound panel, not broader chemical space.
tahoe	sciplex	logFC	strict_matched_condition	cosine	per_gene_population_zscore_dataset_cell_type	reviewer_dataset_cell_type_retrieval_dataset_pair	random_normalized_best_positive_rank	random_normalized_best_positive_rank					not_estimable	too_few_clusters_or_values	0.95	2000	0	223	0	0	query_pubchem_cid	direction,cell_type,time_key	direction	95% BCa bootstrap CI clustered by PubChem compound; uncertainty is over the observed compound panel, not broader chemical space.
tahoe	sciplex	logFC	strict_matched_condition	cosine	per_gene_population_zscore_dataset_cell_type	reviewer_dataset_cell_type_retrieval_dataset_pair	random_recall_at_1	random_recall_at_1					not_estimable	too_few_clusters_or_values	0.95	2000	0	223	0	0	query_pubchem_cid	direction,cell_type,time_key	direction	95% BCa bootstrap CI clustered by PubChem compound; uncertainty is over the observed compound panel, not broader chemical space.
tahoe	sciplex	logFC	strict_matched_condition	cosine	per_gene_population_zscore_dataset_cell_type	reviewer_dataset_cell_type_retrieval_dataset_pair	random_auroc	random_auroc					not_estimable	too_few_clusters_or_values	0.95	2000	0	223	0	0	query_pubchem_cid	direction,cell_type,time_key	direction	95% BCa bootstrap CI clustered by PubChem compound; uncertainty is over the observed compound panel, not broader chemical space.
tahoe	sciplex	logFC	strict_matched_condition	cosine	per_gene_population_zscore_dataset_cell_type	reviewer_dataset_cell_type_retrieval_dataset_pair	delta_vs_random_normalized_best_positive_rank	delta_vs_random_normalized_best_positive_rank	0.07707232082197209	-0.0003668314132491734	0.15808144145282324	0.0792241364330362	bca	ok	0.95	2000	2000	223	223	23	query_pubchem_cid	direction,cell_type,time_key	direction	95% BCa bootstrap CI clustered by PubChem compound; uncertainty is over the observed compound panel, not broader chemical space.
tahoe	sciplex	logFC	strict_matched_condition	cosine	per_gene_population_zscore_dataset_cell_type	reviewer_dataset_cell_type_retrieval_dataset_pair	source_individual_n_peers	source_individual_n_peers	115.80392156862744	114.37650943234873	117.29718875502007	1.4603396613356736	bca	ok	0.95	2000	2000	223	223	23	query_pubchem_cid	direction,cell_type,time_key	direction	95% BCa bootstrap CI clustered by PubChem compound; uncertainty is over the observed compound panel, not broader chemical space.
tahoe	sciplex	logFC	strict_matched_condition	cosine	per_gene_population_zscore_dataset_cell_type	reviewer_dataset_cell_type_retrieval_dataset_pair	source_individual_mean_similarity	source_individual_mean_similarity	0.017557864109520684	0.012834080641699048	0.02133242228189289	0.004249170820096922	bca	ok	0.95	2000	2000	223	223	23	query_pubchem_cid	direction,cell_type,time_key	direction	95% BCa bootstrap CI clustered by PubChem compound; uncertainty is over the observed compound panel, not broader chemical space.
tahoe	sciplex	logFC	strict_matched_condition	cosine	per_gene_population_zscore_dataset_cell_type	reviewer_dataset_cell_type_retrieval_dataset_pair	source_individual_sd_similarity	source_individual_sd_similarity	0.11961486276357824	0.11474824688864987	0.12572629317169645	0.005489023141523289	bca	ok	0.95	2000	2000	223	223	23	query_pubchem_cid	direction,cell_type,time_key	direction	95% BCa bootstrap CI clustered by PubChem compound; uncertainty is over the observed compound panel, not broader chemical space.
tahoe	sciplex	logFC	strict_matched_condition	cosine	per_gene_population_zscore_dataset_cell_type	reviewer_dataset_cell_type_retrieval_dataset_pair	source_individual_n_below_observed	source_individual_n_below_observed	76.706905370844	70.8404296117607	85.15899595900179	7.159283173620544	bca	ok	0.95	2000	2000	223	223	23	query_pubchem_cid	direction,cell_type,time_key	direction	95% BCa bootstrap CI clustered by PubChem compound; uncertainty is over the observed compound panel, not broader chemical space.
tahoe	sciplex	logFC	strict_matched_condition	cosine	per_gene_population_zscore_dataset_cell_type	reviewer_dataset_cell_type_retrieval_dataset_pair	source_individual_fraction_below_observed	source_individual_fraction_below_observed	0.6313150548215618	0.5715387710282555	0.7067531359631993	0.06760718246747194	bca	ok	0.95	2000	2000	223	223	23	query_pubchem_cid	direction,cell_type,time_key	direction	95% BCa bootstrap CI clustered by PubChem compound; uncertainty is over the observed compound panel, not broader chemical space.
tahoe	sciplex	logFC	strict_matched_condition	cosine	per_gene_population_zscore_dataset_cell_type	reviewer_dataset_cell_type_retrieval_dataset_pair	source_individual_corrected_percentile	source_individual_corrected_percentile	0.6359586600694469	0.5819475502582141	0.7163508240504542	0.06720163689612008	bca	ok	0.95	2000	2000	223	223	23	query_pubchem_cid	direction,cell_type,time_key	direction	95% BCa bootstrap CI clustered by PubChem compound; uncertainty is over the observed compound panel, not broader chemical space.
tahoe	sciplex	logFC	strict_matched_condition	cosine	per_gene_population_zscore_dataset_cell_type	reviewer_dataset_cell_type_retrieval_dataset_pair	target_individual_n_peers	target_individual_n_peers	115.29386189258312	114.26611694152923	116.36011783351441	1.0470004459925875	bca	ok	0.95	2000	2000	223	223	23	query_pubchem_cid	direction,cell_type,time_key	direction	95% BCa bootstrap CI clustered by PubChem compound; uncertainty is over the observed compound panel, not broader chemical space.
tahoe	sciplex	logFC	strict_matched_condition	cosine	per_gene_population_zscore_dataset_cell_type	reviewer_dataset_cell_type_retrieval_dataset_pair	target_individual_mean_similarity	target_individual_mean_similarity	0.0005499724078392509	-0.0012312461135020939	0.002645738632508407	0.0019384923730052504	bca	ok	0.95	2000	2000	223	223	23	query_pubchem_cid	direction,cell_type,time_key	direction	95% BCa bootstrap CI clustered by PubChem compound; uncertainty is over the observed compound panel, not broader chemical space.
tahoe	sciplex	logFC	strict_matched_condition	cosine	per_gene_population_zscore_dataset_cell_type	reviewer_dataset_cell_type_retrieval_dataset_pair	target_individual_sd_similarity	target_individual_sd_similarity	0.042052583552000644	0.03742566371254606	0.04924328982628039	0.005908813056867163	bca	ok	0.95	2000	2000	223	223	23	query_pubchem_cid	direction,cell_type,time_key	direction	95% BCa bootstrap CI clustered by PubChem compound; uncertainty is over the observed compound panel, not broader chemical space.
tahoe	sciplex	logFC	strict_matched_condition	cosine	per_gene_population_zscore_dataset_cell_type	reviewer_dataset_cell_type_retrieval_dataset_pair	target_individual_n_below_observed	target_individual_n_below_observed	79.4916453537937	69.41076138780366	90.39612780509233	10.492683208644337	bca	ok	0.95	2000	2000	223	223	23	query_pubchem_cid	direction,cell_type,time_key	direction	95% BCa bootstrap CI clustered by PubChem compound; uncertainty is over the observed compound panel, not broader chemical space.
tahoe	sciplex	logFC	strict_matched_condition	cosine	per_gene_population_zscore_dataset_cell_type	reviewer_dataset_cell_type_retrieval_dataset_pair	target_individual_fraction_below_observed	target_individual_fraction_below_observed	0.6769033498320731	0.5984639369025513	0.7755163444412592	0.08852620376935394	bca	ok	0.95	2000	2000	223	223	23	query_pubchem_cid	direction,cell_type,time_key	direction	95% BCa bootstrap CI clustered by PubChem compound; uncertainty is over the observed compound panel, not broader chemical space.
tahoe	sciplex	logFC	strict_matched_condition	cosine	per_gene_population_zscore_dataset_cell_type	reviewer_dataset_cell_type_retrieval_dataset_pair	target_individual_corrected_percentile	target_individual_corrected_percentile	0.6808627554578435	0.6023208212818466	0.7740342592245769	0.08585671897136515	bca	ok	0.95	2000	2000	223	223	23	query_pubchem_cid	direction,cell_type,time_key	direction	95% BCa bootstrap CI clustered by PubChem compound; uncertainty is over the observed compound panel, not broader chemical space.
tahoe	sciplex	logFC	strict_matched_condition	cosine	per_gene_population_zscore_dataset_cell_type	reviewer_dataset_cell_type_retrieval_dataset_pair	source_centroid_similarity	source_centroid_similarity	0.07666486245965919	0.05497555973079458	0.10091194439783997	0.022968192333522697	bca	ok	0.95	2000	2000	223	223	23	query_pubchem_cid	direction,cell_type,time_key	direction	95% BCa bootstrap CI clustered by PubChem compound; uncertainty is over the observed compound panel, not broader chemical space.
tahoe	sciplex	logFC	strict_matched_condition	cosine	per_gene_population_zscore_dataset_cell_type	reviewer_dataset_cell_type_retrieval_dataset_pair	source_centroid_normalized_rank	source_centroid_normalized_rank	0.7220355981548968	0.6616774282379078	0.7792493044049347	0.058785938083513456	bca	ok	0.95	2000	2000	223	223	23	query_pubchem_cid	direction,cell_type,time_key	direction	95% BCa bootstrap CI clustered by PubChem compound; uncertainty is over the observed compound panel, not broader chemical space.
tahoe	sciplex	logFC	strict_matched_condition	cosine	per_gene_population_zscore_dataset_cell_type	reviewer_dataset_cell_type_retrieval_dataset_pair	source_centroid_recall_at_1	source_centroid_recall_at_1	0.2548167092924126	0.18912436651235412	0.33189291220326483	0.07138427284545536	bca	ok	0.95	2000	2000	223	223	23	query_pubchem_cid	direction,cell_type,time_key	direction	95% BCa bootstrap CI clustered by PubChem compound; uncertainty is over the observed compound panel, not broader chemical space.
tahoe	sciplex	logFC	strict_matched_condition	cosine	per_gene_population_zscore_dataset_cell_type	reviewer_dataset_cell_type_retrieval_dataset_pair	source_centroid_auroc	source_centroid_auroc	0.7220355981548968	0.6554698967815921	0.7730655842101132	0.058797843714260556	bca	ok	0.95	2000	2000	223	223	23	query_pubchem_cid	direction,cell_type,time_key	direction	95% BCa bootstrap CI clustered by PubChem compound; uncertainty is over the observed compound panel, not broader chemical space.
tahoe	sciplex	logFC	strict_matched_condition	cosine	per_gene_population_zscore_dataset_cell_type	reviewer_dataset_cell_type_retrieval_dataset_pair	target_centroid_similarity	target_centroid_similarity	0.003983510693412339	-0.007962439767061453	0.015738103667381795	0.011850271717221625	bca	ok	0.95	2000	2000	223	223	23	query_pubchem_cid	direction,cell_type,time_key	direction	95% BCa bootstrap CI clustered by PubChem compound; uncertainty is over the observed compound panel, not broader chemical space.
tahoe	sciplex	logFC	strict_matched_condition	cosine	per_gene_population_zscore_dataset_cell_type	reviewer_dataset_cell_type_retrieval_dataset_pair	target_centroid_normalized_rank	target_centroid_normalized_rank	0.501283881061466	0.4377329633690211	0.5716109940160523	0.0669390153235156	bca	ok	0.95	2000	2000	223	223	23	query_pubchem_cid	direction,cell_type,time_key	direction	95% BCa bootstrap CI clustered by PubChem compound; uncertainty is over the observed compound panel, not broader chemical space.
tahoe	sciplex	logFC	strict_matched_condition	cosine	per_gene_population_zscore_dataset_cell_type	reviewer_dataset_cell_type_retrieval_dataset_pair	target_centroid_recall_at_1	target_centroid_recall_at_1	0.023529411764705882	0.0	0.0717460480616081	0.03587302403080405	bca	ok	0.95	2000	2000	223	223	23	query_pubchem_cid	direction,cell_type,time_key	direction	95% BCa bootstrap CI clustered by PubChem compound; uncertainty is over the observed compound panel, not broader chemical space.
tahoe	sciplex	logFC	strict_matched_condition	cosine	per_gene_population_zscore_dataset_cell_type	reviewer_dataset_cell_type_retrieval_dataset_pair	target_centroid_auroc	target_centroid_auroc	0.501283881061466	0.4405447037791778	0.5762121843292155	0.06783374027501884	bca	ok	0.95	2000	2000	223	223	23	query_pubchem_cid	direction,cell_type,time_key	direction	95% BCa bootstrap CI clustered by PubChem compound; uncertainty is over the observed compound panel, not broader chemical space.
tahoe	sciplex	logFC	strict_matched_condition	cosine	per_gene_population_zscore_dataset_cell_type	reviewer_dataset_cell_type_retrieval_dataset_pair	source_peer_normalized_rank	source_peer_normalized_rank	0.49466750995564346	0.48066051224788614	0.5056726970009945	0.012506092376554173	bca	ok	0.95	2000	2000	223	223	23	query_pubchem_cid	direction,cell_type,time_key	direction	95% BCa bootstrap CI clustered by PubChem compound; uncertainty is over the observed compound panel, not broader chemical space.
tahoe	sciplex	logFC	strict_matched_condition	cosine	per_gene_population_zscore_dataset_cell_type	reviewer_dataset_cell_type_retrieval_dataset_pair	target_peer_normalized_rank	target_peer_normalized_rank	0.5032567607155771	0.49322967727430705	0.5117043208094272	0.009237321767560064	bca	ok	0.95	2000	2000	223	223	23	query_pubchem_cid	direction,cell_type,time_key	direction	95% BCa bootstrap CI clustered by PubChem compound; uncertainty is over the observed compound panel, not broader chemical space.
tahoe	sciplex	logFC	strict_matched_condition	cosine	per_gene_population_zscore_dataset_cell_type	reviewer_dataset_cell_type_retrieval_dataset_pair	delta_vs_source_peer_normalized_rank	delta_vs_source_peer_normalized_rank	0.18375607282268158	0.10047315601774998	0.27827053950508057	0.0888986917436653	bca	ok	0.95	2000	2000	223	223	23	query_pubchem_cid	direction,cell_type,time_key	direction	95% BCa bootstrap CI clustered by PubChem compound; uncertainty is over the observed compound panel, not broader chemical space.
tahoe	sciplex	logFC	strict_matched_condition	cosine	per_gene_population_zscore_dataset_cell_type	reviewer_dataset_cell_type_retrieval_dataset_pair	delta_vs_target_peer_normalized_rank	delta_vs_target_peer_normalized_rank	0.1751668220627479	0.09779109215427953	0.2671543021073082	0.08468160497651432	bca	ok	0.95	2000	2000	223	223	23	query_pubchem_cid	direction,cell_type,time_key	direction	95% BCa bootstrap CI clustered by PubChem compound; uncertainty is over the observed compound panel, not broader chemical space.
tahoe	sciplex	logFC	strict_matched_condition	cosine	per_gene_population_zscore_dataset_cell_type	reviewer_dataset_cell_type_retrieval_dataset_pair	target_decoy_null_normalized_best_positive_rank	target_decoy_null_normalized_best_positive_rank	0.601351261956353	0.5922131319063337	0.6171906873763864	0.012488777735026324	bca	ok	0.95	2000	2000	223	223	23	query_pubchem_cid	direction,cell_type,time_key	direction	95% BCa bootstrap CI clustered by PubChem compound; uncertainty is over the observed compound panel, not broader chemical space.
tahoe	sciplex	logFC	strict_matched_condition	cosine	per_gene_population_zscore_dataset_cell_type	reviewer_dataset_cell_type_retrieval_dataset_pair	delta_vs_target_decoy_null_normalized_best_positive_rank	delta_vs_target_decoy_null_normalized_best_positive_rank	0.07707232082197209	0.0002685442064082324	0.1593621517802758	0.07954680378693378	bca	ok	0.95	2000	2000	223	223	23	query_pubchem_cid	direction,cell_type,time_key	direction	95% BCa bootstrap CI clustered by PubChem compound; uncertainty is over the observed compound panel, not broader chemical space.
tahoe	sciplex	logFC	strict_matched_condition	spearman	per_gene_population_zscore_dataset_cell_type	reviewer_dataset_cell_type_retrieval_dataset_pair	observed_normalized_best_positive_rank	observed_normalized_best_positive_rank	0.6634123102836647	0.5891739287664948	0.7548552782667876	0.08284067475014639	bca	ok	0.95	2000	2000	223	223	23	query_pubchem_cid	direction,cell_type,time_key	direction	95% BCa bootstrap CI clustered by PubChem compound; uncertainty is over the observed compound panel, not broader chemical space.
tahoe	sciplex	logFC	strict_matched_condition	spearman	per_gene_population_zscore_dataset_cell_type	reviewer_dataset_cell_type_retrieval_dataset_pair	observed_recall_at_1	observed_recall_at_1	0.08329070758738277	0.035635428477537236	0.16193234786273508	0.06314845969259893	bca	ok	0.95	2000	2000	223	223	23	query_pubchem_cid	direction,cell_type,time_key	direction	95% BCa bootstrap CI clustered by PubChem compound; uncertainty is over the observed compound panel, not broader chemical space.
tahoe	sciplex	logFC	strict_matched_condition	spearman	per_gene_population_zscore_dataset_cell_type	reviewer_dataset_cell_type_retrieval_dataset_pair	observed_auroc	observed_auroc	0.6629110516299215	0.5861612360022173	0.7599907629998865	0.08691476349883465	bca	ok	0.95	2000	2000	223	223	23	query_pubchem_cid	direction,cell_type,time_key	direction	95% BCa bootstrap CI clustered by PubChem compound; uncertainty is over the observed compound panel, not broader chemical space.
tahoe	sciplex	logFC	strict_matched_condition	spearman	per_gene_population_zscore_dataset_cell_type	reviewer_dataset_cell_type_retrieval_dataset_pair	observed_best_positive_similarity	observed_best_positive_similarity	0.059832135885707044	0.026754938444011278	0.12895242895360587	0.051098745254797295	bca	ok	0.95	2000	2000	223	223	23	query_pubchem_cid	direction,cell_type,time_key	direction	95% BCa bootstrap CI clustered by PubChem compound; uncertainty is over the observed compound panel, not broader chemical space.
tahoe	sciplex	logFC	strict_matched_condition	spearman	per_gene_population_zscore_dataset_cell_type	reviewer_dataset_cell_type_retrieval_dataset_pair	random_normalized_best_positive_rank	random_normalized_best_positive_rank					not_estimable	too_few_clusters_or_values	0.95	2000	0	223	0	0	query_pubchem_cid	direction,cell_type,time_key	direction	95% BCa bootstrap CI clustered by PubChem compound; uncertainty is over the observed compound panel, not broader chemical space.
tahoe	sciplex	logFC	strict_matched_condition	spearman	per_gene_population_zscore_dataset_cell_type	reviewer_dataset_cell_type_retrieval_dataset_pair	random_recall_at_1	random_recall_at_1					not_estimable	too_few_clusters_or_values	0.95	2000	0	223	0	0	query_pubchem_cid	direction,cell_type,time_key	direction	95% BCa bootstrap CI clustered by PubChem compound; uncertainty is over the observed compound panel, not broader chemical space.
tahoe	sciplex	logFC	strict_matched_condition	spearman	per_gene_population_zscore_dataset_cell_type	reviewer_dataset_cell_type_retrieval_dataset_pair	random_auroc	random_auroc					not_estimable	too_few_clusters_or_values	0.95	2000	0	223	0	0	query_pubchem_cid	direction,cell_type,time_key	direction	95% BCa bootstrap CI clustered by PubChem compound; uncertainty is over the observed compound panel, not broader chemical space.
tahoe	sciplex	logFC	strict_matched_condition	spearman	per_gene_population_zscore_dataset_cell_type	reviewer_dataset_cell_type_retrieval_dataset_pair	delta_vs_random_normalized_best_positive_rank	delta_vs_random_normalized_best_positive_rank	0.06206104832731169	-0.015903940014431982	0.14922320596019978	0.08256357298731588	bca	ok	0.95	2000	2000	223	223	23	query_pubchem_cid	direction,cell_type,time_key	direction	95% BCa bootstrap CI clustered by PubChem compound; uncertainty is over the observed compound panel, not broader chemical space.
tahoe	sciplex	logFC	strict_matched_condition	spearman	per_gene_population_zscore_dataset_cell_type	reviewer_dataset_cell_type_retrieval_dataset_pair	source_individual_n_peers	source_individual_n_peers	115.80392156862744	114.37783937944367	117.22222222222221	1.4221914213892717	bca	ok	0.95	2000	2000	223	223	23	query_pubchem_cid	direction,cell_type,time_key	direction	95% BCa bootstrap CI clustered by PubChem compound; uncertainty is over the observed compound panel, not broader chemical space.
tahoe	sciplex	logFC	strict_matched_condition	spearman	per_gene_population_zscore_dataset_cell_type	reviewer_dataset_cell_type_retrieval_dataset_pair	source_individual_mean_similarity	source_individual_mean_similarity	0.018124579645794094	0.013262635595187477	0.02170067653065391	0.004219020467733215	bca	ok	0.95	2000	2000	223	223	23	query_pubchem_cid	direction,cell_type,time_key	direction	95% BCa bootstrap CI clustered by PubChem compound; uncertainty is over the observed compound panel, not broader chemical space.
tahoe	sciplex	logFC	strict_matched_condition	spearman	per_gene_population_zscore_dataset_cell_type	reviewer_dataset_cell_type_retrieval_dataset_pair	source_individual_sd_similarity	source_individual_sd_similarity	0.12124453651174893	0.11623986204700527	0.1271615162071184	0.005460827080056567	bca	ok	0.95	2000	2000	223	223	23	query_pubchem_cid	direction,cell_type,time_key	direction	95% BCa bootstrap CI clustered by PubChem compound; uncertainty is over the observed compound panel, not broader chemical space.
tahoe	sciplex	logFC	strict_matched_condition	spearman	per_gene_population_zscore_dataset_cell_type	reviewer_dataset_cell_type_retrieval_dataset_pair	source_individual_n_below_observed	source_individual_n_below_observed	75.20571184995737	69.34190317140194	82.801704627336	6.729900727967028	bca	ok	0.95	2000	2000	223	223	23	query_pubchem_cid	direction,cell_type,time_key	direction	95% BCa bootstrap CI clustered by PubChem compound; uncertainty is over the observed compound panel, not broader chemical space.
tahoe	sciplex	logFC	strict_matched_condition	spearman	per_gene_population_zscore_dataset_cell_type	reviewer_dataset_cell_type_retrieval_dataset_pair	source_individual_fraction_below_observed	source_individual_fraction_below_observed	0.6169687708920543	0.5660480163799183	0.7046061477391231	0.0692790656796024	bca	ok	0.95	2000	2000	223	223	23	query_pubchem_cid	direction,cell_type,time_key	direction	95% BCa bootstrap CI clustered by PubChem compound; uncertainty is over the observed compound panel, not broader chemical space.
tahoe	sciplex	logFC	strict_matched_condition	spearman	per_gene_population_zscore_dataset_cell_type	reviewer_dataset_cell_type_retrieval_dataset_pair	source_individual_corrected_percentile	source_individual_corrected_percentile	0.6218055305408692	0.5732628607530726	0.7023088102007651	0.06452297472384622	bca	ok	0.95	2000	2000	223	223	23	query_pubchem_cid	direction,cell_type,time_key	direction	95% BCa bootstrap CI clustered by PubChem compound; uncertainty is over the observed compound panel, not broader chemical space.
tahoe	sciplex	logFC	strict_matched_condition	spearman	per_gene_population_zscore_dataset_cell_type	reviewer_dataset_cell_type_retrieval_dataset_pair	target_individual_n_peers	target_individual_n_peers	115.29386189258312	114.31392339544513	116.43570768788707	1.0608921462209722	bca	ok	0.95	2000	2000	223	223	23	query_pubchem_cid	direction,cell_type,time_key	direction	95% BCa bootstrap CI clustered by PubChem compound; uncertainty is over the observed compound panel, not broader chemical space.
tahoe	sciplex	logFC	strict_matched_condition	spearman	per_gene_population_zscore_dataset_cell_type	reviewer_dataset_cell_type_retrieval_dataset_pair	target_individual_mean_similarity	target_individual_mean_similarity	0.00046067904790153346	-0.001664976790479305	0.002328092687830816	0.0019965347391550604	bca	ok	0.95	2000	2000	223	223	23	query_pubchem_cid	direction,cell_type,time_key	direction	95% BCa bootstrap CI clustered by PubChem compound; uncertainty is over the observed compound panel, not broader chemical space.
tahoe	sciplex	logFC	strict_matched_condition	spearman	per_gene_population_zscore_dataset_cell_type	reviewer_dataset_cell_type_retrieval_dataset_pair	target_individual_sd_similarity	target_individual_sd_similarity	0.04086668863429936	0.035952594177664055	0.047549368872345184	0.005798387347340565	bca	ok	0.95	2000	2000	223	223	23	query_pubchem_cid	direction,cell_type,time_key	direction	95% BCa bootstrap CI clustered by PubChem compound; uncertainty is over the observed compound panel, not broader chemical space.
tahoe	sciplex	logFC	strict_matched_condition	spearman	per_gene_population_zscore_dataset_cell_type	reviewer_dataset_cell_type_retrieval_dataset_pair	target_individual_n_below_observed	target_individual_n_below_observed	77.54936061381075	67.94065787188077	88.25627501520087	10.157808571660048	bca	ok	0.95	2000	2000	223	223	23	query_pubchem_cid	direction,cell_type,time_key	direction	95% BCa bootstrap CI clustered by PubChem compound; uncertainty is over the observed compound panel, not broader chemical space.
tahoe	sciplex	logFC	strict_matched_condition	spearman	per_gene_population_zscore_dataset_cell_type	reviewer_dataset_cell_type_retrieval_dataset_pair	target_individual_fraction_below_observed	target_individual_fraction_below_observed	0.6600647683040702	0.5821363563209315	0.7563238075096974	0.08709372559438294	bca	ok	0.95	2000	2000	223	223	23	query_pubchem_cid	direction,cell_type,time_key	direction	95% BCa bootstrap CI clustered by PubChem compound; uncertainty is over the observed compound panel, not broader chemical space.
tahoe	sciplex	logFC	strict_matched_condition	spearman	per_gene_population_zscore_dataset_cell_type	reviewer_dataset_cell_type_retrieval_dataset_pair	target_individual_corrected_percentile	target_individual_corrected_percentile	0.6642217182180045	0.5833574954190514	0.764896703675183	0.09076960412806584	bca	ok	0.95	2000	2000	223	223	23	query_pubchem_cid	direction,cell_type,time_key	direction	95% BCa bootstrap CI clustered by PubChem compound; uncertainty is over the observed compound panel, not broader chemical space.
tahoe	sciplex	logFC	strict_matched_condition	spearman	per_gene_population_zscore_dataset_cell_type	reviewer_dataset_cell_type_retrieval_dataset_pair	source_centroid_similarity	source_centroid_similarity	0.0726814988402229	0.05098988526276296	0.09482607588189826	0.021918095309567648	bca	ok	0.95	2000	2000	223	223	23	query_pubchem_cid	direction,cell_type,time_key	direction	95% BCa bootstrap CI clustered by PubChem compound; uncertainty is over the observed compound panel, not broader chemical space.
tahoe	sciplex	logFC	strict_matched_condition	spearman	per_gene_population_zscore_dataset_cell_type	reviewer_dataset_cell_type_retrieval_dataset_pair	source_centroid_normalized_rank	source_centroid_normalized_rank	0.7160466295647681	0.6660035792083527	0.7725529141418506	0.053274667466748915	bca	ok	0.95	2000	2000	223	223	23	query_pubchem_cid	direction,cell_type,time_key	direction	95% BCa bootstrap CI clustered by PubChem compound; uncertainty is over the observed compound panel, not broader chemical space.
tahoe	sciplex	logFC	strict_matched_condition	spearman	per_gene_population_zscore_dataset_cell_type	reviewer_dataset_cell_type_retrieval_dataset_pair	source_centroid_recall_at_1	source_centroid_recall_at_1	0.27246376811594203	0.20500498569715375	0.3424670069595269	0.06873101063118658	bca	ok	0.95	2000	2000	223	223	23	query_pubchem_cid	direction,cell_type,time_key	direction	95% BCa bootstrap CI clustered by PubChem compound; uncertainty is over the observed compound panel, not broader chemical space.
tahoe	sciplex	logFC	strict_matched_condition	spearman	per_gene_population_zscore_dataset_cell_type	reviewer_dataset_cell_type_retrieval_dataset_pair	source_centroid_auroc	source_centroid_auroc	0.7160466295647681	0.6632922027441367	0.7718333760686166	0.05427058666223994	bca	ok	0.95	2000	2000	223	223	23	query_pubchem_cid	direction,cell_type,time_key	direction	95% BCa bootstrap CI clustered by PubChem compound; uncertainty is over the observed compound panel, not broader chemical space.
tahoe	sciplex	logFC	strict_matched_condition	spearman	per_gene_population_zscore_dataset_cell_type	reviewer_dataset_cell_type_retrieval_dataset_pair	target_centroid_similarity	target_centroid_similarity	0.0019125201016673703	-0.007882984270244059	0.013420525856121602	0.01065175506318283	bca	ok	0.95	2000	2000	223	223	23	query_pubchem_cid	direction,cell_type,time_key	direction	95% BCa bootstrap CI clustered by PubChem compound; uncertainty is over the observed compound panel, not broader chemical space.
tahoe	sciplex	logFC	strict_matched_condition	spearman	per_gene_population_zscore_dataset_cell_type	reviewer_dataset_cell_type_retrieval_dataset_pair	target_centroid_normalized_rank	target_centroid_normalized_rank	0.4957925321170076	0.4379684481521112	0.554257764475707	0.05814465816179787	bca	ok	0.95	2000	2000	223	223	23	query_pubchem_cid	direction,cell_type,time_key	direction	95% BCa bootstrap CI clustered by PubChem compound; uncertainty is over the observed compound panel, not broader chemical space.
tahoe	sciplex	logFC	strict_matched_condition	spearman	per_gene_population_zscore_dataset_cell_type	reviewer_dataset_cell_type_retrieval_dataset_pair	target_centroid_recall_at_1	target_centroid_recall_at_1	0.029411764705882353	0.006097560975609756	0.08235294117647059	0.03812769010043041	bca	ok	0.95	2000	2000	223	223	23	query_pubchem_cid	direction,cell_type,time_key	direction	95% BCa bootstrap CI clustered by PubChem compound; uncertainty is over the observed compound panel, not broader chemical space.
tahoe	sciplex	logFC	strict_matched_condition	spearman	per_gene_population_zscore_dataset_cell_type	reviewer_dataset_cell_type_retrieval_dataset_pair	target_centroid_auroc	target_centroid_auroc	0.4957925321170076	0.440255195412049	0.5571462299140367	0.05844551725099387	bca	ok	0.95	2000	2000	223	223	23	query_pubchem_cid	direction,cell_type,time_key	direction	95% BCa bootstrap CI clustered by PubChem compound; uncertainty is over the observed compound panel, not broader chemical space.
tahoe	sciplex	logFC	strict_matched_condition	spearman	per_gene_population_zscore_dataset_cell_type	reviewer_dataset_cell_type_retrieval_dataset_pair	source_peer_normalized_rank	source_peer_normalized_rank	0.49577814631662054	0.4826405165898627	0.5082229416929619	0.012791212551549608	bca	ok	0.95	2000	2000	223	223	23	query_pubchem_cid	direction,cell_type,time_key	direction	95% BCa bootstrap CI clustered by PubChem compound; uncertainty is over the observed compound panel, not broader chemical space.
tahoe	sciplex	logFC	strict_matched_condition	spearman	per_gene_population_zscore_dataset_cell_type	reviewer_dataset_cell_type_retrieval_dataset_pair	target_peer_normalized_rank	target_peer_normalized_rank	0.505038267419821	0.49515380456095215	0.5146893106760112	0.009767753057529527	bca	ok	0.95	2000	2000	223	223	23	query_pubchem_cid	direction,cell_type,time_key	direction	95% BCa bootstrap CI clustered by PubChem compound; uncertainty is over the observed compound panel, not broader chemical space.
tahoe	sciplex	logFC	strict_matched_condition	spearman	per_gene_population_zscore_dataset_cell_type	reviewer_dataset_cell_type_retrieval_dataset_pair	delta_vs_source_peer_normalized_rank	delta_vs_source_peer_normalized_rank	0.16763416396704406	0.08394898936847567	0.26234932251488596	0.08920016657320515	bca	ok	0.95	2000	2000	223	223	23	query_pubchem_cid	direction,cell_type,time_key	direction	95% BCa bootstrap CI clustered by PubChem compound; uncertainty is over the observed compound panel, not broader chemical space.
tahoe	sciplex	logFC	strict_matched_condition	spearman	per_gene_population_zscore_dataset_cell_type	reviewer_dataset_cell_type_retrieval_dataset_pair	delta_vs_target_peer_normalized_rank	delta_vs_target_peer_normalized_rank	0.15837404286384377	0.07935705449753078	0.2543636272777838	0.0875032863901265	bca	ok	0.95	2000	2000	223	223	23	query_pubchem_cid	direction,cell_type,time_key	direction	95% BCa bootstrap CI clustered by PubChem compound; uncertainty is over the observed compound panel, not broader chemical space.
tahoe	sciplex	logFC	strict_matched_condition	spearman	per_gene_population_zscore_dataset_cell_type	reviewer_dataset_cell_type_retrieval_dataset_pair	target_decoy_null_normalized_best_positive_rank	target_decoy_null_normalized_best_positive_rank	0.601351261956353	0.5922131319063337	0.618409104716389	0.013097986405027628	bca	ok	0.95	2000	2000	223	223	23	query_pubchem_cid	direction,cell_type,time_key	direction	95% BCa bootstrap CI clustered by PubChem compound; uncertainty is over the observed compound panel, not broader chemical space.
tahoe	sciplex	logFC	strict_matched_condition	spearman	per_gene_population_zscore_dataset_cell_type	reviewer_dataset_cell_type_retrieval_dataset_pair	delta_vs_target_decoy_null_normalized_best_positive_rank	delta_vs_target_decoy_null_normalized_best_positive_rank	0.06206104832731169	-0.010963108840871387	0.14374233094291394	0.07735271989189267	bca	ok	0.95	2000	2000	223	223	23	query_pubchem_cid	direction,cell_type,time_key	direction	95% BCa bootstrap CI clustered by PubChem compound; uncertainty is over the observed compound panel, not broader chemical space.
cigs_mce	cigs_tcm	logFC	strict_matched_condition	cosine	per_gene_population_zscore_dataset_cell_type	reviewer_dataset_cell_type_retrieval_dataset_pair	observed_normalized_best_positive_rank	observed_normalized_best_positive_rank	0.6073247711423568	0.5924581611331392	0.6206526073648424	0.014097223115851598	bca	ok	0.95	2000	2000	11042	11042	974	query_pubchem_cid	direction,cell_type,time_key	direction	95% BCa bootstrap CI clustered by PubChem compound; uncertainty is over the observed compound panel, not broader chemical space.
cigs_mce	cigs_tcm	logFC	strict_matched_condition	cosine	per_gene_population_zscore_dataset_cell_type	reviewer_dataset_cell_type_retrieval_dataset_pair	observed_recall_at_1	observed_recall_at_1	0.028689578192848304	0.022098675604372675	0.03814316110727244	0.008022242751449884	bca	ok	0.95	2000	2000	11042	11042	974	query_pubchem_cid	direction,cell_type,time_key	direction	95% BCa bootstrap CI clustered by PubChem compound; uncertainty is over the observed compound panel, not broader chemical space.
cigs_mce	cigs_tcm	logFC	strict_matched_condition	cosine	per_gene_population_zscore_dataset_cell_type	reviewer_dataset_cell_type_retrieval_dataset_pair	observed_auroc	observed_auroc	0.6070619199008871	0.5918165591465072	0.6212703227936645	0.01472688182357862	bca	ok	0.95	2000	2000	11042	11042	974	query_pubchem_cid	direction,cell_type,time_key	direction	95% BCa bootstrap CI clustered by PubChem compound; uncertainty is over the observed compound panel, not broader chemical space.
cigs_mce	cigs_tcm	logFC	strict_matched_condition	cosine	per_gene_population_zscore_dataset_cell_type	reviewer_dataset_cell_type_retrieval_dataset_pair	observed_best_positive_similarity	observed_best_positive_similarity	0.03769755486614914	0.03209039734878454	0.04465491532756993	0.006282258989392695	bca	ok	0.95	2000	2000	11042	11042	974	query_pubchem_cid	direction,cell_type,time_key	direction	95% BCa bootstrap CI clustered by PubChem compound; uncertainty is over the observed compound panel, not broader chemical space.
cigs_mce	cigs_tcm	logFC	strict_matched_condition	cosine	per_gene_population_zscore_dataset_cell_type	reviewer_dataset_cell_type_retrieval_dataset_pair	random_normalized_best_positive_rank	random_normalized_best_positive_rank					not_estimable	too_few_clusters_or_values	0.95	2000	0	11042	0	0	query_pubchem_cid	direction,cell_type,time_key	direction	95% BCa bootstrap CI clustered by PubChem compound; uncertainty is over the observed compound panel, not broader chemical space.
cigs_mce	cigs_tcm	logFC	strict_matched_condition	cosine	per_gene_population_zscore_dataset_cell_type	reviewer_dataset_cell_type_retrieval_dataset_pair	random_recall_at_1	random_recall_at_1					not_estimable	too_few_clusters_or_values	0.95	2000	0	11042	0	0	query_pubchem_cid	direction,cell_type,time_key	direction	95% BCa bootstrap CI clustered by PubChem compound; uncertainty is over the observed compound panel, not broader chemical space.
cigs_mce	cigs_tcm	logFC	strict_matched_condition	cosine	per_gene_population_zscore_dataset_cell_type	reviewer_dataset_cell_type_retrieval_dataset_pair	random_auroc	random_auroc					not_estimable	too_few_clusters_or_values	0.95	2000	0	11042	0	0	query_pubchem_cid	direction,cell_type,time_key	direction	95% BCa bootstrap CI clustered by PubChem compound; uncertainty is over the observed compound panel, not broader chemical space.
cigs_mce	cigs_tcm	logFC	strict_matched_condition	cosine	per_gene_population_zscore_dataset_cell_type	reviewer_dataset_cell_type_retrieval_dataset_pair	delta_vs_random_normalized_best_positive_rank	delta_vs_random_normalized_best_positive_rank	-0.132020854800302	-0.14719839649251662	-0.11787386186575755	0.014662267313379537	bca	ok	0.95	2000	2000	11042	11042	974	query_pubchem_cid	direction,cell_type,time_key	direction	95% BCa bootstrap CI clustered by PubChem compound; uncertainty is over the observed compound panel, not broader chemical space.
cigs_mce	cigs_tcm	logFC	strict_matched_condition	cosine	per_gene_population_zscore_dataset_cell_type	reviewer_dataset_cell_type_retrieval_dataset_pair	source_individual_n_peers	source_individual_n_peers	2828.199519074629	2821.1428735052564	2832.6412098727137	5.7491681837286706	bca	ok	0.95	2000	2000	11042	11042	974	query_pubchem_cid	direction,cell_type,time_key	direction	95% BCa bootstrap CI clustered by PubChem compound; uncertainty is over the observed compound panel, not broader chemical space.
cigs_mce	cigs_tcm	logFC	strict_matched_condition	cosine	per_gene_population_zscore_dataset_cell_type	reviewer_dataset_cell_type_retrieval_dataset_pair	source_individual_mean_similarity	source_individual_mean_similarity	0.011761500520392869	0.010992156574485316	0.012680543380352599	0.0008441934029336413	bca	ok	0.95	2000	2000	11042	11042	974	query_pubchem_cid	direction,cell_type,time_key	direction	95% BCa bootstrap CI clustered by PubChem compound; uncertainty is over the observed compound panel, not broader chemical space.
cigs_mce	cigs_tcm	logFC	strict_matched_condition	cosine	per_gene_population_zscore_dataset_cell_type	reviewer_dataset_cell_type_retrieval_dataset_pair	source_individual_sd_similarity	source_individual_sd_similarity	0.0866456434144322	0.08557431091042021	0.08768849243923328	0.0010570907644065347	bca	ok	0.95	2000	2000	11042	11042	974	query_pubchem_cid	direction,cell_type,time_key	direction	95% BCa bootstrap CI clustered by PubChem compound; uncertainty is over the observed compound panel, not broader chemical space.
cigs_mce	cigs_tcm	logFC	strict_matched_condition	cosine	per_gene_population_zscore_dataset_cell_type	reviewer_dataset_cell_type_retrieval_dataset_pair	source_individual_n_below_observed	source_individual_n_below_observed	1595.3853383200287	1563.112231883675	1628.3922319004478	32.64000000838644	bca	ok	0.95	2000	2000	11042	11042	974	query_pubchem_cid	direction,cell_type,time_key	direction	95% BCa bootstrap CI clustered by PubChem compound; uncertainty is over the observed compound panel, not broader chemical space.
cigs_mce	cigs_tcm	logFC	strict_matched_condition	cosine	per_gene_population_zscore_dataset_cell_type	reviewer_dataset_cell_type_retrieval_dataset_pair	source_individual_fraction_below_observed	source_individual_fraction_below_observed	0.5644764387519746	0.553623984650455	0.5759886839249534	0.011182349637249178	bca	ok	0.95	2000	2000	11042	11042	974	query_pubchem_cid	direction,cell_type,time_key	direction	95% BCa bootstrap CI clustered by PubChem compound; uncertainty is over the observed compound panel, not broader chemical space.
cigs_mce	cigs_tcm	logFC	strict_matched_condition	cosine	per_gene_population_zscore_dataset_cell_type	reviewer_dataset_cell_type_retrieval_dataset_pair	source_individual_corrected_percentile	source_individual_corrected_percentile	0.5647114745463272	0.5544003694428107	0.5770098483148792	0.011304739436034272	bca	ok	0.95	2000	2000	11042	11042	974	query_pubchem_cid	direction,cell_type,time_key	direction	95% BCa bootstrap CI clustered by PubChem compound; uncertainty is over the observed compound panel, not broader chemical space.
cigs_mce	cigs_tcm	logFC	strict_matched_condition	cosine	per_gene_population_zscore_dataset_cell_type	reviewer_dataset_cell_type_retrieval_dataset_pair	target_individual_n_peers	target_individual_n_peers	2827.5971715623737	2820.845402125654	2832.0889505526393	5.621774213492699	bca	ok	0.95	2000	2000	11042	11042	974	query_pubchem_cid	direction,cell_type,time_key	direction	95% BCa bootstrap CI clustered by PubChem compound; uncertainty is over the observed compound panel, not broader chemical space.
cigs_mce	cigs_tcm	logFC	strict_matched_condition	cosine	per_gene_population_zscore_dataset_cell_type	reviewer_dataset_cell_type_retrieval_dataset_pair	target_individual_mean_similarity	target_individual_mean_similarity	0.003195401822895239	0.002740529250494184	0.0038778589325047636	0.0005686648410052899	bca	ok	0.95	2000	2000	11042	11042	974	query_pubchem_cid	direction,cell_type,time_key	direction	95% BCa bootstrap CI clustered by PubChem compound; uncertainty is over the observed compound panel, not broader chemical space.
cigs_mce	cigs_tcm	logFC	strict_matched_condition	cosine	per_gene_population_zscore_dataset_cell_type	reviewer_dataset_cell_type_retrieval_dataset_pair	target_individual_sd_similarity	target_individual_sd_similarity	0.03905522878379309	0.038453910691304334	0.039711638222980704	0.0006288637658381849	bca	ok	0.95	2000	2000	11042	11042	974	query_pubchem_cid	direction,cell_type,time_key	direction	95% BCa bootstrap CI clustered by PubChem compound; uncertainty is over the observed compound panel, not broader chemical space.
cigs_mce	cigs_tcm	logFC	strict_matched_condition	cosine	per_gene_population_zscore_dataset_cell_type	reviewer_dataset_cell_type_retrieval_dataset_pair	target_individual_n_below_observed	target_individual_n_below_observed	1714.606558415439	1673.2839034885544	1754.4205380735896	40.56831729251758	bca	ok	0.95	2000	2000	11042	11042	974	query_pubchem_cid	direction,cell_type,time_key	direction	95% BCa bootstrap CI clustered by PubChem compound; uncertainty is over the observed compound panel, not broader chemical space.
cigs_mce	cigs_tcm	logFC	strict_matched_condition	cosine	per_gene_population_zscore_dataset_cell_type	reviewer_dataset_cell_type_retrieval_dataset_pair	target_individual_fraction_below_observed	target_individual_fraction_below_observed	0.6062089399268753	0.5922747914047911	0.6214091234104673	0.014567166002838083	bca	ok	0.95	2000	2000	11042	11042	974	query_pubchem_cid	direction,cell_type,time_key	direction	95% BCa bootstrap CI clustered by PubChem compound; uncertainty is over the observed compound panel, not broader chemical space.
cigs_mce	cigs_tcm	logFC	strict_matched_condition	cosine	per_gene_population_zscore_dataset_cell_type	reviewer_dataset_cell_type_retrieval_dataset_pair	target_individual_corrected_percentile	target_individual_corrected_percentile	0.6064149720868837	0.5920973153138728	0.6201928254572089	0.014047755071668055	bca	ok	0.95	2000	2000	11042	11042	974	query_pubchem_cid	direction,cell_type,time_key	direction	95% BCa bootstrap CI clustered by PubChem compound; uncertainty is over the observed compound panel, not broader chemical space.
cigs_mce	cigs_tcm	logFC	strict_matched_condition	cosine	per_gene_population_zscore_dataset_cell_type	reviewer_dataset_cell_type_retrieval_dataset_pair	source_centroid_similarity	source_centroid_similarity	0.09246044850347064	0.08759928787646788	0.09792718797015049	0.005163950046841302	bca	ok	0.95	2000	2000	11042	11042	974	query_pubchem_cid	direction,cell_type,time_key	direction	95% BCa bootstrap CI clustered by PubChem compound; uncertainty is over the observed compound panel, not broader chemical space.
cigs_mce	cigs_tcm	logFC	strict_matched_condition	cosine	per_gene_population_zscore_dataset_cell_type	reviewer_dataset_cell_type_retrieval_dataset_pair	source_centroid_normalized_rank	source_centroid_normalized_rank	0.7802564705143968	0.7682390165944297	0.792106137391834	0.011933560398702137	bca	ok	0.95	2000	2000	11042	11042	974	query_pubchem_cid	direction,cell_type,time_key	direction	95% BCa bootstrap CI clustered by PubChem compound; uncertainty is over the observed compound panel, not broader chemical space.
cigs_mce	cigs_tcm	logFC	strict_matched_condition	cosine	per_gene_population_zscore_dataset_cell_type	reviewer_dataset_cell_type_retrieval_dataset_pair	source_centroid_recall_at_1	source_centroid_recall_at_1	0.3892619999605613	0.37247769284405546	0.4069225356854651	0.01722242142070482	bca	ok	0.95	2000	2000	11042	11042	974	query_pubchem_cid	direction,cell_type,time_key	direction	95% BCa bootstrap CI clustered by PubChem compound; uncertainty is over the observed compound panel, not broader chemical space.
cigs_mce	cigs_tcm	logFC	strict_matched_condition	cosine	per_gene_population_zscore_dataset_cell_type	reviewer_dataset_cell_type_retrieval_dataset_pair	source_centroid_auroc	source_centroid_auroc	0.7802564705143968	0.7679541743918505	0.7923346060134356	0.012190215810792548	bca	ok	0.95	2000	2000	11042	11042	974	query_pubchem_cid	direction,cell_type,time_key	direction	95% BCa bootstrap CI clustered by PubChem compound; uncertainty is over the observed compound panel, not broader chemical space.
cigs_mce	cigs_tcm	logFC	strict_matched_condition	cosine	per_gene_population_zscore_dataset_cell_type	reviewer_dataset_cell_type_retrieval_dataset_pair	target_centroid_similarity	target_centroid_similarity	0.014136198342094146	0.012033249395996398	0.01623660717483815	0.0021016788894208764	bca	ok	0.95	2000	2000	11042	11042	974	query_pubchem_cid	direction,cell_type,time_key	direction	95% BCa bootstrap CI clustered by PubChem compound; uncertainty is over the observed compound panel, not broader chemical space.
cigs_mce	cigs_tcm	logFC	strict_matched_condition	cosine	per_gene_population_zscore_dataset_cell_type	reviewer_dataset_cell_type_retrieval_dataset_pair	target_centroid_normalized_rank	target_centroid_normalized_rank	0.5754384676359849	0.565666198204949	0.5855785297392693	0.00995616576716013	bca	ok	0.95	2000	2000	11042	11042	974	query_pubchem_cid	direction,cell_type,time_key	direction	95% BCa bootstrap CI clustered by PubChem compound; uncertainty is over the observed compound panel, not broader chemical space.
cigs_mce	cigs_tcm	logFC	strict_matched_condition	cosine	per_gene_population_zscore_dataset_cell_type	reviewer_dataset_cell_type_retrieval_dataset_pair	target_centroid_recall_at_1	target_centroid_recall_at_1	0.021598921614184904	0.01740748857548676	0.026837619716957792	0.004715065570735515	bca	ok	0.95	2000	2000	11042	11042	974	query_pubchem_cid	direction,cell_type,time_key	direction	95% BCa bootstrap CI clustered by PubChem compound; uncertainty is over the observed compound panel, not broader chemical space.
cigs_mce	cigs_tcm	logFC	strict_matched_condition	cosine	per_gene_population_zscore_dataset_cell_type	reviewer_dataset_cell_type_retrieval_dataset_pair	target_centroid_auroc	target_centroid_auroc	0.5754384676359849	0.5651178882133011	0.5852475168433474	0.010064814315023152	bca	ok	0.95	2000	2000	11042	11042	974	query_pubchem_cid	direction,cell_type,time_key	direction	95% BCa bootstrap CI clustered by PubChem compound; uncertainty is over the observed compound panel, not broader chemical space.
cigs_mce	cigs_tcm	logFC	strict_matched_condition	cosine	per_gene_population_zscore_dataset_cell_type	reviewer_dataset_cell_type_retrieval_dataset_pair	source_peer_normalized_rank	source_peer_normalized_rank	0.521994289987022	0.5195898995929906	0.5243327084385861	0.0023714044227977626	bca	ok	0.95	2000	2000	11042	11042	974	query_pubchem_cid	direction,cell_type,time_key	direction	95% BCa bootstrap CI clustered by PubChem compound; uncertainty is over the observed compound panel, not broader chemical space.
cigs_mce	cigs_tcm	logFC	strict_matched_condition	cosine	per_gene_population_zscore_dataset_cell_type	reviewer_dataset_cell_type_retrieval_dataset_pair	target_peer_normalized_rank	target_peer_normalized_rank	0.5016256664029697	0.5010669101994166	0.5023920553563157	0.0006625725784495384	bca	ok	0.95	2000	2000	11042	11042	974	query_pubchem_cid	direction,cell_type,time_key	direction	95% BCa bootstrap CI clustered by PubChem compound; uncertainty is over the observed compound panel, not broader chemical space.
cigs_mce	cigs_tcm	logFC	strict_matched_condition	cosine	per_gene_population_zscore_dataset_cell_type	reviewer_dataset_cell_type_retrieval_dataset_pair	delta_vs_source_peer_normalized_rank	delta_vs_source_peer_normalized_rank	0.08533048115533484	0.07139066572278938	0.10111003546242181	0.014859684869816217	bca	ok	0.95	2000	2000	11042	11042	974	query_pubchem_cid	direction,cell_type,time_key	direction	95% BCa bootstrap CI clustered by PubChem compound; uncertainty is over the observed compound panel, not broader chemical space.
cigs_mce	cigs_tcm	logFC	strict_matched_condition	cosine	per_gene_population_zscore_dataset_cell_type	reviewer_dataset_cell_type_retrieval_dataset_pair	delta_vs_target_peer_normalized_rank	delta_vs_target_peer_normalized_rank	0.10569910473938747	0.09167020544477016	0.12030365500815232	0.014316724781691083	bca	ok	0.95	2000	2000	11042	11042	974	query_pubchem_cid	direction,cell_type,time_key	direction	95% BCa bootstrap CI clustered by PubChem compound; uncertainty is over the observed compound panel, not broader chemical space.
cigs_mce	cigs_tcm	logFC	strict_matched_condition	cosine	per_gene_population_zscore_dataset_cell_type	reviewer_dataset_cell_type_retrieval_dataset_pair	target_decoy_null_normalized_best_positive_rank	target_decoy_null_normalized_best_positive_rank	0.7393456259426578	0.737976474901293	0.7405908256341616	0.0013071753664342656	bca	ok	0.95	2000	2000	11042	11042	974	query_pubchem_cid	direction,cell_type,time_key	direction	95% BCa bootstrap CI clustered by PubChem compound; uncertainty is over the observed compound panel, not broader chemical space.
cigs_mce	cigs_tcm	logFC	strict_matched_condition	cosine	per_gene_population_zscore_dataset_cell_type	reviewer_dataset_cell_type_retrieval_dataset_pair	delta_vs_target_decoy_null_normalized_best_positive_rank	delta_vs_target_decoy_null_normalized_best_positive_rank	-0.132020854800302	-0.14680349254773908	-0.11808871433491379	0.014357389106412648	bca	ok	0.95	2000	2000	11042	11042	974	query_pubchem_cid	direction,cell_type,time_key	direction	95% BCa bootstrap CI clustered by PubChem compound; uncertainty is over the observed compound panel, not broader chemical space.
cigs_mce	cigs_tcm	logFC	strict_matched_condition	spearman	per_gene_population_zscore_dataset_cell_type	reviewer_dataset_cell_type_retrieval_dataset_pair	observed_normalized_best_positive_rank	observed_normalized_best_positive_rank	0.611489362513701	0.5974971724187476	0.6256087438452662	0.014055785713259328	bca	ok	0.95	2000	2000	11042	11042	974	query_pubchem_cid	direction,cell_type,time_key	direction	95% BCa bootstrap CI clustered by PubChem compound; uncertainty is over the observed compound panel, not broader chemical space.
cigs_mce	cigs_tcm	logFC	strict_matched_condition	spearman	per_gene_population_zscore_dataset_cell_type	reviewer_dataset_cell_type_retrieval_dataset_pair	observed_recall_at_1	observed_recall_at_1	0.02633989019770756	0.01967934347008347	0.03386192897741655	0.00709129275366654	bca	ok	0.95	2000	2000	11042	11042	974	query_pubchem_cid	direction,cell_type,time_key	direction	95% BCa bootstrap CI clustered by PubChem compound; uncertainty is over the observed compound panel, not broader chemical space.
cigs_mce	cigs_tcm	logFC	strict_matched_condition	spearman	per_gene_population_zscore_dataset_cell_type	reviewer_dataset_cell_type_retrieval_dataset_pair	observed_auroc	observed_auroc	0.6112290149063224	0.5972263203627657	0.6248704463173347	0.0138220629772845	bca	ok	0.95	2000	2000	11042	11042	974	query_pubchem_cid	direction,cell_type,time_key	direction	95% BCa bootstrap CI clustered by PubChem compound; uncertainty is over the observed compound panel, not broader chemical space.
cigs_mce	cigs_tcm	logFC	strict_matched_condition	spearman	per_gene_population_zscore_dataset_cell_type	reviewer_dataset_cell_type_retrieval_dataset_pair	observed_best_positive_similarity	observed_best_positive_similarity	0.037059696864515296	0.03204081301369941	0.043294858024834355	0.005627022505567472	bca	ok	0.95	2000	2000	11042	11042	974	query_pubchem_cid	direction,cell_type,time_key	direction	95% BCa bootstrap CI clustered by PubChem compound; uncertainty is over the observed compound panel, not broader chemical space.
cigs_mce	cigs_tcm	logFC	strict_matched_condition	spearman	per_gene_population_zscore_dataset_cell_type	reviewer_dataset_cell_type_retrieval_dataset_pair	random_normalized_best_positive_rank	random_normalized_best_positive_rank					not_estimable	too_few_clusters_or_values	0.95	2000	0	11042	0	0	query_pubchem_cid	direction,cell_type,time_key	direction	95% BCa bootstrap CI clustered by PubChem compound; uncertainty is over the observed compound panel, not broader chemical space.
cigs_mce	cigs_tcm	logFC	strict_matched_condition	spearman	per_gene_population_zscore_dataset_cell_type	reviewer_dataset_cell_type_retrieval_dataset_pair	random_recall_at_1	random_recall_at_1					not_estimable	too_few_clusters_or_values	0.95	2000	0	11042	0	0	query_pubchem_cid	direction,cell_type,time_key	direction	95% BCa bootstrap CI clustered by PubChem compound; uncertainty is over the observed compound panel, not broader chemical space.
cigs_mce	cigs_tcm	logFC	strict_matched_condition	spearman	per_gene_population_zscore_dataset_cell_type	reviewer_dataset_cell_type_retrieval_dataset_pair	random_auroc	random_auroc					not_estimable	too_few_clusters_or_values	0.95	2000	0	11042	0	0	query_pubchem_cid	direction,cell_type,time_key	direction	95% BCa bootstrap CI clustered by PubChem compound; uncertainty is over the observed compound panel, not broader chemical space.
cigs_mce	cigs_tcm	logFC	strict_matched_condition	spearman	per_gene_population_zscore_dataset_cell_type	reviewer_dataset_cell_type_retrieval_dataset_pair	delta_vs_random_normalized_best_positive_rank	delta_vs_random_normalized_best_positive_rank	-0.12785626342895834	-0.14276779216592164	-0.11295929332807782	0.014904249418921912	bca	ok	0.95	2000	2000	11042	11042	974	query_pubchem_cid	direction,cell_type,time_key	direction	95% BCa bootstrap CI clustered by PubChem compound; uncertainty is over the observed compound panel, not broader chemical space.
cigs_mce	cigs_tcm	logFC	strict_matched_condition	spearman	per_gene_population_zscore_dataset_cell_type	reviewer_dataset_cell_type_retrieval_dataset_pair	source_individual_n_peers	source_individual_n_peers	2828.199519074629	2821.5545351116666	2832.6424527524828	5.543958820408079	bca	ok	0.95	2000	2000	11042	11042	974	query_pubchem_cid	direction,cell_type,time_key	direction	95% BCa bootstrap CI clustered by PubChem compound; uncertainty is over the observed compound panel, not broader chemical space.
cigs_mce	cigs_tcm	logFC	strict_matched_condition	spearman	per_gene_population_zscore_dataset_cell_type	reviewer_dataset_cell_type_retrieval_dataset_pair	source_individual_mean_similarity	source_individual_mean_similarity	0.012975999342607798	0.01219541335751443	0.013861516989095128	0.0008330518157903489	bca	ok	0.95	2000	2000	11042	11042	974	query_pubchem_cid	direction,cell_type,time_key	direction	95% BCa bootstrap CI clustered by PubChem compound; uncertainty is over the observed compound panel, not broader chemical space.
cigs_mce	cigs_tcm	logFC	strict_matched_condition	spearman	per_gene_population_zscore_dataset_cell_type	reviewer_dataset_cell_type_retrieval_dataset_pair	source_individual_sd_similarity	source_individual_sd_similarity	0.08935199493025478	0.08831311892821053	0.09041449847520333	0.0010506897734963994	bca	ok	0.95	2000	2000	11042	11042	974	query_pubchem_cid	direction,cell_type,time_key	direction	95% BCa bootstrap CI clustered by PubChem compound; uncertainty is over the observed compound panel, not broader chemical space.
cigs_mce	cigs_tcm	logFC	strict_matched_condition	spearman	per_gene_population_zscore_dataset_cell_type	reviewer_dataset_cell_type_retrieval_dataset_pair	source_individual_n_below_observed	source_individual_n_below_observed	1582.968176704067	1551.9893009705984	1614.8390794392858	31.42488923434371	bca	ok	0.95	2000	2000	11042	11042	974	query_pubchem_cid	direction,cell_type,time_key	direction	95% BCa bootstrap CI clustered by PubChem compound; uncertainty is over the observed compound panel, not broader chemical space.
cigs_mce	cigs_tcm	logFC	strict_matched_condition	spearman	per_gene_population_zscore_dataset_cell_type	reviewer_dataset_cell_type_retrieval_dataset_pair	source_individual_fraction_below_observed	source_individual_fraction_below_observed	0.559935167468042	0.5487472902607816	0.5710520399346517	0.011152374836935042	bca	ok	0.95	2000	2000	11042	11042	974	query_pubchem_cid	direction,cell_type,time_key	direction	95% BCa bootstrap CI clustered by PubChem compound; uncertainty is over the observed compound panel, not broader chemical space.
cigs_mce	cigs_tcm	logFC	strict_matched_condition	spearman	per_gene_population_zscore_dataset_cell_type	reviewer_dataset_cell_type_retrieval_dataset_pair	source_individual_corrected_percentile	source_individual_corrected_percentile	0.5601735732363164	0.5490448234977142	0.5720957674103299	0.01152547195630782	bca	ok	0.95	2000	2000	11042	11042	974	query_pubchem_cid	direction,cell_type,time_key	direction	95% BCa bootstrap CI clustered by PubChem compound; uncertainty is over the observed compound panel, not broader chemical space.
cigs_mce	cigs_tcm	logFC	strict_matched_condition	spearman	per_gene_population_zscore_dataset_cell_type	reviewer_dataset_cell_type_retrieval_dataset_pair	target_individual_n_peers	target_individual_n_peers	2827.5971715623737	2821.0056845107774	2832.329619196415	5.661967342818798	bca	ok	0.95	2000	2000	11042	11042	974	query_pubchem_cid	direction,cell_type,time_key	direction	95% BCa bootstrap CI clustered by PubChem compound; uncertainty is over the observed compound panel, not broader chemical space.
cigs_mce	cigs_tcm	logFC	strict_matched_condition	spearman	per_gene_population_zscore_dataset_cell_type	reviewer_dataset_cell_type_retrieval_dataset_pair	target_individual_mean_similarity	target_individual_mean_similarity	0.0038702816237560222	0.003398694761606475	0.004447770741167524	0.0005245379897805245	bca	ok	0.95	2000	2000	11042	11042	974	query_pubchem_cid	direction,cell_type,time_key	direction	95% BCa bootstrap CI clustered by PubChem compound; uncertainty is over the observed compound panel, not broader chemical space.
cigs_mce	cigs_tcm	logFC	strict_matched_condition	spearman	per_gene_population_zscore_dataset_cell_type	reviewer_dataset_cell_type_retrieval_dataset_pair	target_individual_sd_similarity	target_individual_sd_similarity	0.038956212797800545	0.038422867645286324	0.039731173890209505	0.0006541531224615905	bca	ok	0.95	2000	2000	11042	11042	974	query_pubchem_cid	direction,cell_type,time_key	direction	95% BCa bootstrap CI clustered by PubChem compound; uncertainty is over the observed compound panel, not broader chemical space.
cigs_mce	cigs_tcm	logFC	strict_matched_condition	spearman	per_gene_population_zscore_dataset_cell_type	reviewer_dataset_cell_type_retrieval_dataset_pair	target_individual_n_below_observed	target_individual_n_below_observed	1726.6850989785582	1684.2368264544082	1766.3033359651688	41.03325475538031	bca	ok	0.95	2000	2000	11042	11042	974	query_pubchem_cid	direction,cell_type,time_key	direction	95% BCa bootstrap CI clustered by PubChem compound; uncertainty is over the observed compound panel, not broader chemical space.
cigs_mce	cigs_tcm	logFC	strict_matched_condition	spearman	per_gene_population_zscore_dataset_cell_type	reviewer_dataset_cell_type_retrieval_dataset_pair	target_individual_fraction_below_observed	target_individual_fraction_below_observed	0.6104657512137729	0.5965913539302348	0.6239385407006258	0.013673593385195526	bca	ok	0.95	2000	2000	11042	11042	974	query_pubchem_cid	direction,cell_type,time_key	direction	95% BCa bootstrap CI clustered by PubChem compound; uncertainty is over the observed compound panel, not broader chemical space.
cigs_mce	cigs_tcm	logFC	strict_matched_condition	spearman	per_gene_population_zscore_dataset_cell_type	reviewer_dataset_cell_type_retrieval_dataset_pair	target_individual_corrected_percentile	target_individual_corrected_percentile	0.6106678209748895	0.5963112762010416	0.6249331790436558	0.014310951421307061	bca	ok	0.95	2000	2000	11042	11042	974	query_pubchem_cid	direction,cell_type,time_key	direction	95% BCa bootstrap CI clustered by PubChem compound; uncertainty is over the observed compound panel, not broader chemical space.
cigs_mce	cigs_tcm	logFC	strict_matched_condition	spearman	per_gene_population_zscore_dataset_cell_type	reviewer_dataset_cell_type_retrieval_dataset_pair	source_centroid_similarity	source_centroid_similarity	0.0930507291192706	0.08758451609422188	0.0980998050046174	0.00525764445519776	bca	ok	0.95	2000	2000	11042	11042	974	query_pubchem_cid	direction,cell_type,time_key	direction	95% BCa bootstrap CI clustered by PubChem compound; uncertainty is over the observed compound panel, not broader chemical space.
cigs_mce	cigs_tcm	logFC	strict_matched_condition	spearman	per_gene_population_zscore_dataset_cell_type	reviewer_dataset_cell_type_retrieval_dataset_pair	source_centroid_normalized_rank	source_centroid_normalized_rank	0.7824253569701698	0.7699287490869475	0.79380210633841	0.011936678625731223	bca	ok	0.95	2000	2000	11042	11042	974	query_pubchem_cid	direction,cell_type,time_key	direction	95% BCa bootstrap CI clustered by PubChem compound; uncertainty is over the observed compound panel, not broader chemical space.
cigs_mce	cigs_tcm	logFC	strict_matched_condition	spearman	per_gene_population_zscore_dataset_cell_type	reviewer_dataset_cell_type_retrieval_dataset_pair	source_centroid_recall_at_1	source_centroid_recall_at_1	0.40132233346504187	0.3842482505543561	0.41921477415697334	0.01748326180130863	bca	ok	0.95	2000	2000	11042	11042	974	query_pubchem_cid	direction,cell_type,time_key	direction	95% BCa bootstrap CI clustered by PubChem compound; uncertainty is over the observed compound panel, not broader chemical space.
cigs_mce	cigs_tcm	logFC	strict_matched_condition	spearman	per_gene_population_zscore_dataset_cell_type	reviewer_dataset_cell_type_retrieval_dataset_pair	source_centroid_auroc	source_centroid_auroc	0.7824253569701698	0.7699201324491486	0.7941247918664637	0.012102329708657544	bca	ok	0.95	2000	2000	11042	11042	974	query_pubchem_cid	direction,cell_type,time_key	direction	95% BCa bootstrap CI clustered by PubChem compound; uncertainty is over the observed compound panel, not broader chemical space.
cigs_mce	cigs_tcm	logFC	strict_matched_condition	spearman	per_gene_population_zscore_dataset_cell_type	reviewer_dataset_cell_type_retrieval_dataset_pair	target_centroid_similarity	target_centroid_similarity	0.015110836505566086	0.013097917754052038	0.017138334308817563	0.0020202082773827625	bca	ok	0.95	2000	2000	11042	11042	974	query_pubchem_cid	direction,cell_type,time_key	direction	95% BCa bootstrap CI clustered by PubChem compound; uncertainty is over the observed compound panel, not broader chemical space.
cigs_mce	cigs_tcm	logFC	strict_matched_condition	spearman	per_gene_population_zscore_dataset_cell_type	reviewer_dataset_cell_type_retrieval_dataset_pair	target_centroid_normalized_rank	target_centroid_normalized_rank	0.5729231525889442	0.5625882743330312	0.5824999388191532	0.009955832243061014	bca	ok	0.95	2000	2000	11042	11042	974	query_pubchem_cid	direction,cell_type,time_key	direction	95% BCa bootstrap CI clustered by PubChem compound; uncertainty is over the observed compound panel, not broader chemical space.
cigs_mce	cigs_tcm	logFC	strict_matched_condition	spearman	per_gene_population_zscore_dataset_cell_type	reviewer_dataset_cell_type_retrieval_dataset_pair	target_centroid_recall_at_1	target_centroid_recall_at_1	0.026274164339401114	0.02117689344279295	0.03171840866141037	0.005270757609308709	bca	ok	0.95	2000	2000	11042	11042	974	query_pubchem_cid	direction,cell_type,time_key	direction	95% BCa bootstrap CI clustered by PubChem compound; uncertainty is over the observed compound panel, not broader chemical space.
cigs_mce	cigs_tcm	logFC	strict_matched_condition	spearman	per_gene_population_zscore_dataset_cell_type	reviewer_dataset_cell_type_retrieval_dataset_pair	target_centroid_auroc	target_centroid_auroc	0.5729231525889442	0.5631719604889364	0.5828704601327331	0.009849249821898387	bca	ok	0.95	2000	2000	11042	11042	974	query_pubchem_cid	direction,cell_type,time_key	direction	95% BCa bootstrap CI clustered by PubChem compound; uncertainty is over the observed compound panel, not broader chemical space.
cigs_mce	cigs_tcm	logFC	strict_matched_condition	spearman	per_gene_population_zscore_dataset_cell_type	reviewer_dataset_cell_type_retrieval_dataset_pair	source_peer_normalized_rank	source_peer_normalized_rank	0.527686270254754	0.5253220667093592	0.5300394516951076	0.0023586924928741815	bca	ok	0.95	2000	2000	11042	11042	974	query_pubchem_cid	direction,cell_type,time_key	direction	95% BCa bootstrap CI clustered by PubChem compound; uncertainty is over the observed compound panel, not broader chemical space.
cigs_mce	cigs_tcm	logFC	strict_matched_condition	spearman	per_gene_population_zscore_dataset_cell_type	reviewer_dataset_cell_type_retrieval_dataset_pair	target_peer_normalized_rank	target_peer_normalized_rank	0.5016047213915487	0.501073830632908	0.5025043186564533	0.0007152440117726422	bca	ok	0.95	2000	2000	11042	11042	974	query_pubchem_cid	direction,cell_type,time_key	direction	95% BCa bootstrap CI clustered by PubChem compound; uncertainty is over the observed compound panel, not broader chemical space.
cigs_mce	cigs_tcm	logFC	strict_matched_condition	spearman	per_gene_population_zscore_dataset_cell_type	reviewer_dataset_cell_type_retrieval_dataset_pair	delta_vs_source_peer_normalized_rank	delta_vs_source_peer_normalized_rank	0.08380309225894676	0.069619445656039	0.09912382429543305	0.014752189319697025	bca	ok	0.95	2000	2000	11042	11042	974	query_pubchem_cid	direction,cell_type,time_key	direction	95% BCa bootstrap CI clustered by PubChem compound; uncertainty is over the observed compound panel, not broader chemical space.
cigs_mce	cigs_tcm	logFC	strict_matched_condition	spearman	per_gene_population_zscore_dataset_cell_type	reviewer_dataset_cell_type_retrieval_dataset_pair	delta_vs_target_peer_normalized_rank	delta_vs_target_peer_normalized_rank	0.10988464112215182	0.09611663610469187	0.12471056188593084	0.014296962890619484	bca	ok	0.95	2000	2000	11042	11042	974	query_pubchem_cid	direction,cell_type,time_key	direction	95% BCa bootstrap CI clustered by PubChem compound; uncertainty is over the observed compound panel, not broader chemical space.
cigs_mce	cigs_tcm	logFC	strict_matched_condition	spearman	per_gene_population_zscore_dataset_cell_type	reviewer_dataset_cell_type_retrieval_dataset_pair	target_decoy_null_normalized_best_positive_rank	target_decoy_null_normalized_best_positive_rank	0.7393456259426578	0.7380187152161259	0.740576336394751	0.0012788105893125068	bca	ok	0.95	2000	2000	11042	11042	974	query_pubchem_cid	direction,cell_type,time_key	direction	95% BCa bootstrap CI clustered by PubChem compound; uncertainty is over the observed compound panel, not broader chemical space.
cigs_mce	cigs_tcm	logFC	strict_matched_condition	spearman	per_gene_population_zscore_dataset_cell_type	reviewer_dataset_cell_type_retrieval_dataset_pair	delta_vs_target_decoy_null_normalized_best_positive_rank	delta_vs_target_decoy_null_normalized_best_positive_rank	-0.12785626342895834	-0.14196882374252656	-0.11409383253514484	0.013937495603690862	bca	ok	0.95	2000	2000	11042	11042	974	query_pubchem_cid	direction,cell_type,time_key	direction	95% BCa bootstrap CI clustered by PubChem compound; uncertainty is over the observed compound panel, not broader chemical space.
