dataset_a	dataset_b	representation	retrieval_variant	similarity_metric	scale_variant	summary_level	metric	value_col	mean	ci_low	ci_high	ci_half_width	ci_method	ci_status	ci_level	n_bootstrap_iterations	n_bootstrap_valid	n_rows	n_finite_rows	n_compounds	cluster_col	inner_strata	outer_strata	uncertainty_scope
l1000_phase1	l1000_phase2	logFC	strict_matched_condition	negative_l2	per_gene_population_zscore_dataset	reviewer_l2_retrieval_dataset_pair	observed_normalized_best_positive_rank	observed_normalized_best_positive_rank	0.7185298888720971	0.6830426928622139	0.7692894445244857	0.0431233758311359	bca	ok	0.95	2000	2000	21857	21857	257	query_pubchem_cid	direction,cell_type,time_key	direction	95% BCa bootstrap CI clustered by PubChem compound; uncertainty is over the observed compound panel, not broader chemical space.
l1000_phase1	l1000_phase2	logFC	strict_matched_condition	negative_l2	per_gene_population_zscore_dataset	reviewer_l2_retrieval_dataset_pair	observed_recall_at_1	observed_recall_at_1	0.20554780373030757	0.13570852673506287	0.3291126124960121	0.09670204288047461	bca	ok	0.95	2000	2000	21857	21857	257	query_pubchem_cid	direction,cell_type,time_key	direction	95% BCa bootstrap CI clustered by PubChem compound; uncertainty is over the observed compound panel, not broader chemical space.
l1000_phase1	l1000_phase2	logFC	strict_matched_condition	negative_l2	per_gene_population_zscore_dataset	reviewer_l2_retrieval_dataset_pair	observed_auroc	observed_auroc	0.7160692213383689	0.6817853214052035	0.7673390188545951	0.04277684872469578	bca	ok	0.95	2000	2000	21857	21857	257	query_pubchem_cid	direction,cell_type,time_key	direction	95% BCa bootstrap CI clustered by PubChem compound; uncertainty is over the observed compound panel, not broader chemical space.
l1000_phase1	l1000_phase2	logFC	strict_matched_condition	negative_l2	per_gene_population_zscore_dataset	reviewer_l2_retrieval_dataset_pair	observed_best_positive_similarity	observed_best_positive_similarity	-40.978807104685416	-42.52732956430618	-39.35017822209622	1.58857567110498	bca	ok	0.95	2000	2000	21857	21857	257	query_pubchem_cid	direction,cell_type,time_key	direction	95% BCa bootstrap CI clustered by PubChem compound; uncertainty is over the observed compound panel, not broader chemical space.
l1000_phase1	l1000_phase2	logFC	strict_matched_condition	negative_l2	per_gene_population_zscore_dataset	reviewer_l2_retrieval_dataset_pair	random_normalized_best_positive_rank	random_normalized_best_positive_rank					not_estimable	too_few_clusters_or_values	0.95	2000	0	21857	0	0	query_pubchem_cid	direction,cell_type,time_key	direction	95% BCa bootstrap CI clustered by PubChem compound; uncertainty is over the observed compound panel, not broader chemical space.
l1000_phase1	l1000_phase2	logFC	strict_matched_condition	negative_l2	per_gene_population_zscore_dataset	reviewer_l2_retrieval_dataset_pair	random_recall_at_1	random_recall_at_1					not_estimable	too_few_clusters_or_values	0.95	2000	0	21857	0	0	query_pubchem_cid	direction,cell_type,time_key	direction	95% BCa bootstrap CI clustered by PubChem compound; uncertainty is over the observed compound panel, not broader chemical space.
l1000_phase1	l1000_phase2	logFC	strict_matched_condition	negative_l2	per_gene_population_zscore_dataset	reviewer_l2_retrieval_dataset_pair	random_auroc	random_auroc					not_estimable	too_few_clusters_or_values	0.95	2000	0	21857	0	0	query_pubchem_cid	direction,cell_type,time_key	direction	95% BCa bootstrap CI clustered by PubChem compound; uncertainty is over the observed compound panel, not broader chemical space.
l1000_phase1	l1000_phase2	logFC	strict_matched_condition	negative_l2	per_gene_population_zscore_dataset	reviewer_l2_retrieval_dataset_pair	delta_vs_random_normalized_best_positive_rank	delta_vs_random_normalized_best_positive_rank	-0.06337812397909336	-0.08910555312344562	-0.03686263533103226	0.02612145889620668	bca	ok	0.95	2000	2000	21857	21857	257	query_pubchem_cid	direction,cell_type,time_key	direction	95% BCa bootstrap CI clustered by PubChem compound; uncertainty is over the observed compound panel, not broader chemical space.
l1000_phase1	l1000_phase2	logFC	strict_matched_condition	negative_l2	per_gene_population_zscore_dataset	reviewer_l2_retrieval_dataset_pair	source_individual_n_peers	source_individual_n_peers	228.03093011686659	214.11630978315554	237.70334803676218	11.793519126803318	bca	ok	0.95	2000	2000	21857	21857	257	query_pubchem_cid	direction,cell_type,time_key	direction	95% BCa bootstrap CI clustered by PubChem compound; uncertainty is over the observed compound panel, not broader chemical space.
l1000_phase1	l1000_phase2	logFC	strict_matched_condition	negative_l2	per_gene_population_zscore_dataset	reviewer_l2_retrieval_dataset_pair	source_individual_mean_similarity	source_individual_mean_similarity	-46.72625935382538	-49.20470156282746	-45.42581632494618	1.8894426189406381	bca	ok	0.95	2000	2000	21857	21576	257	query_pubchem_cid	direction,cell_type,time_key	direction	95% BCa bootstrap CI clustered by PubChem compound; uncertainty is over the observed compound panel, not broader chemical space.
l1000_phase1	l1000_phase2	logFC	strict_matched_condition	negative_l2	per_gene_population_zscore_dataset	reviewer_l2_retrieval_dataset_pair	source_individual_sd_similarity	source_individual_sd_similarity	10.29307654209358	9.478431102151081	10.780629688602437	0.6510992932256778	bca	ok	0.95	2000	2000	21857	21573	257	query_pubchem_cid	direction,cell_type,time_key	direction	95% BCa bootstrap CI clustered by PubChem compound; uncertainty is over the observed compound panel, not broader chemical space.
l1000_phase1	l1000_phase2	logFC	strict_matched_condition	negative_l2	per_gene_population_zscore_dataset	reviewer_l2_retrieval_dataset_pair	source_individual_n_below_observed	source_individual_n_below_observed	148.63375832292786	138.26348535909653	162.26248355472237	11.999499097812915	bca	ok	0.95	2000	2000	21857	21857	257	query_pubchem_cid	direction,cell_type,time_key	direction	95% BCa bootstrap CI clustered by PubChem compound; uncertainty is over the observed compound panel, not broader chemical space.
l1000_phase1	l1000_phase2	logFC	strict_matched_condition	negative_l2	per_gene_population_zscore_dataset	reviewer_l2_retrieval_dataset_pair	source_individual_fraction_below_observed	source_individual_fraction_below_observed	0.6169859443472979	0.5798468006895044	0.6775375233273594	0.04884536131892747	bca	ok	0.95	2000	2000	21857	21576	257	query_pubchem_cid	direction,cell_type,time_key	direction	95% BCa bootstrap CI clustered by PubChem compound; uncertainty is over the observed compound panel, not broader chemical space.
l1000_phase1	l1000_phase2	logFC	strict_matched_condition	negative_l2	per_gene_population_zscore_dataset	reviewer_l2_retrieval_dataset_pair	source_individual_corrected_percentile	source_individual_corrected_percentile	0.623934609629017	0.5885536511397271	0.6848495424717922	0.04814794566603253	bca	ok	0.95	2000	2000	21857	21576	257	query_pubchem_cid	direction,cell_type,time_key	direction	95% BCa bootstrap CI clustered by PubChem compound; uncertainty is over the observed compound panel, not broader chemical space.
l1000_phase1	l1000_phase2	logFC	strict_matched_condition	negative_l2	per_gene_population_zscore_dataset	reviewer_l2_retrieval_dataset_pair	target_individual_n_peers	target_individual_n_peers	221.5625852702036	210.46866578842065	231.3858784049455	10.458606308262418	bca	ok	0.95	2000	2000	21857	21857	257	query_pubchem_cid	direction,cell_type,time_key	direction	95% BCa bootstrap CI clustered by PubChem compound; uncertainty is over the observed compound panel, not broader chemical space.
l1000_phase1	l1000_phase2	logFC	strict_matched_condition	negative_l2	per_gene_population_zscore_dataset	reviewer_l2_retrieval_dataset_pair	target_individual_mean_similarity	target_individual_mean_similarity	-49.04064980320173	-51.44202118499459	-47.538235683468116	1.9518927507632355	bca	ok	0.95	2000	2000	21857	21442	257	query_pubchem_cid	direction,cell_type,time_key	direction	95% BCa bootstrap CI clustered by PubChem compound; uncertainty is over the observed compound panel, not broader chemical space.
l1000_phase1	l1000_phase2	logFC	strict_matched_condition	negative_l2	per_gene_population_zscore_dataset	reviewer_l2_retrieval_dataset_pair	target_individual_sd_similarity	target_individual_sd_similarity	10.03120750998864	9.302883906945537	10.469363114295206	0.5832396036748344	bca	ok	0.95	2000	2000	21857	21438	257	query_pubchem_cid	direction,cell_type,time_key	direction	95% BCa bootstrap CI clustered by PubChem compound; uncertainty is over the observed compound panel, not broader chemical space.
l1000_phase1	l1000_phase2	logFC	strict_matched_condition	negative_l2	per_gene_population_zscore_dataset	reviewer_l2_retrieval_dataset_pair	target_individual_n_below_observed	target_individual_n_below_observed	163.7179187220558	153.32041949637943	174.51193961383856	10.595760058729567	bca	ok	0.95	2000	2000	21857	21857	257	query_pubchem_cid	direction,cell_type,time_key	direction	95% BCa bootstrap CI clustered by PubChem compound; uncertainty is over the observed compound panel, not broader chemical space.
l1000_phase1	l1000_phase2	logFC	strict_matched_condition	negative_l2	per_gene_population_zscore_dataset	reviewer_l2_retrieval_dataset_pair	target_individual_fraction_below_observed	target_individual_fraction_below_observed	0.7057485841886282	0.6686286423168968	0.750508058303103	0.04093970799310309	bca	ok	0.95	2000	2000	21857	21442	257	query_pubchem_cid	direction,cell_type,time_key	direction	95% BCa bootstrap CI clustered by PubChem compound; uncertainty is over the observed compound panel, not broader chemical space.
l1000_phase1	l1000_phase2	logFC	strict_matched_condition	negative_l2	per_gene_population_zscore_dataset	reviewer_l2_retrieval_dataset_pair	target_individual_corrected_percentile	target_individual_corrected_percentile	0.711237996691543	0.6751307933994238	0.7535936849521835	0.039231445776379825	bca	ok	0.95	2000	2000	21857	21442	257	query_pubchem_cid	direction,cell_type,time_key	direction	95% BCa bootstrap CI clustered by PubChem compound; uncertainty is over the observed compound panel, not broader chemical space.
l1000_phase1	l1000_phase2	logFC	strict_matched_condition	negative_l2	per_gene_population_zscore_dataset	reviewer_l2_retrieval_dataset_pair	source_centroid_similarity	source_centroid_similarity	-34.085814495758896	-37.10396312479996	-32.19561078455327	2.454176170123347	bca	ok	0.95	2000	2000	21857	21576	257	query_pubchem_cid	direction,cell_type,time_key	direction	95% BCa bootstrap CI clustered by PubChem compound; uncertainty is over the observed compound panel, not broader chemical space.
l1000_phase1	l1000_phase2	logFC	strict_matched_condition	negative_l2	per_gene_population_zscore_dataset	reviewer_l2_retrieval_dataset_pair	source_centroid_normalized_rank	source_centroid_normalized_rank	0.9263515311345403	0.9085303265400896	0.939411810198196	0.015440741829053195	bca	ok	0.95	2000	2000	21857	21576	257	query_pubchem_cid	direction,cell_type,time_key	direction	95% BCa bootstrap CI clustered by PubChem compound; uncertainty is over the observed compound panel, not broader chemical space.
l1000_phase1	l1000_phase2	logFC	strict_matched_condition	negative_l2	per_gene_population_zscore_dataset	reviewer_l2_retrieval_dataset_pair	source_centroid_recall_at_1	source_centroid_recall_at_1	0.5687080359875615	0.4750952679761309	0.6197145923236538	0.07230966217376145	bca	ok	0.95	2000	2000	21857	21576	257	query_pubchem_cid	direction,cell_type,time_key	direction	95% BCa bootstrap CI clustered by PubChem compound; uncertainty is over the observed compound panel, not broader chemical space.
l1000_phase1	l1000_phase2	logFC	strict_matched_condition	negative_l2	per_gene_population_zscore_dataset	reviewer_l2_retrieval_dataset_pair	source_centroid_auroc	source_centroid_auroc	0.9263515311345403	0.9087879798889344	0.9398350169005311	0.015523518505798306	bca	ok	0.95	2000	2000	21857	21576	257	query_pubchem_cid	direction,cell_type,time_key	direction	95% BCa bootstrap CI clustered by PubChem compound; uncertainty is over the observed compound panel, not broader chemical space.
l1000_phase1	l1000_phase2	logFC	strict_matched_condition	negative_l2	per_gene_population_zscore_dataset	reviewer_l2_retrieval_dataset_pair	target_centroid_similarity	target_centroid_similarity	-36.72411926867292	-39.85985231443927	-34.87252113153973	2.4936655914497727	bca	ok	0.95	2000	2000	21857	21442	257	query_pubchem_cid	direction,cell_type,time_key	direction	95% BCa bootstrap CI clustered by PubChem compound; uncertainty is over the observed compound panel, not broader chemical space.
l1000_phase1	l1000_phase2	logFC	strict_matched_condition	negative_l2	per_gene_population_zscore_dataset	reviewer_l2_retrieval_dataset_pair	target_centroid_normalized_rank	target_centroid_normalized_rank	0.9237382565223948	0.9081645529729699	0.9339354173734115	0.012885432200220759	bca	ok	0.95	2000	2000	21857	21442	257	query_pubchem_cid	direction,cell_type,time_key	direction	95% BCa bootstrap CI clustered by PubChem compound; uncertainty is over the observed compound panel, not broader chemical space.
l1000_phase1	l1000_phase2	logFC	strict_matched_condition	negative_l2	per_gene_population_zscore_dataset	reviewer_l2_retrieval_dataset_pair	target_centroid_recall_at_1	target_centroid_recall_at_1	0.46194175166162543	0.35961546402105127	0.5145033356793258	0.07744393582913728	bca	ok	0.95	2000	2000	21857	21442	257	query_pubchem_cid	direction,cell_type,time_key	direction	95% BCa bootstrap CI clustered by PubChem compound; uncertainty is over the observed compound panel, not broader chemical space.
l1000_phase1	l1000_phase2	logFC	strict_matched_condition	negative_l2	per_gene_population_zscore_dataset	reviewer_l2_retrieval_dataset_pair	target_centroid_auroc	target_centroid_auroc	0.9232154248730713	0.9068008676741287	0.9337651953551107	0.013482163840491002	bca	ok	0.95	2000	2000	21857	21442	257	query_pubchem_cid	direction,cell_type,time_key	direction	95% BCa bootstrap CI clustered by PubChem compound; uncertainty is over the observed compound panel, not broader chemical space.
l1000_phase1	l1000_phase2	logFC	strict_matched_condition	negative_l2	per_gene_population_zscore_dataset	reviewer_l2_retrieval_dataset_pair	source_peer_normalized_rank	source_peer_normalized_rank	0.5557186991991834	0.5476251413069355	0.56291726805899	0.007646063376027246	bca	ok	0.95	2000	2000	21857	21576	257	query_pubchem_cid	direction,cell_type,time_key	direction	95% BCa bootstrap CI clustered by PubChem compound; uncertainty is over the observed compound panel, not broader chemical space.
l1000_phase1	l1000_phase2	logFC	strict_matched_condition	negative_l2	per_gene_population_zscore_dataset	reviewer_l2_retrieval_dataset_pair	target_peer_normalized_rank	target_peer_normalized_rank	0.5118491177418185	0.5043837363441684	0.5199028377487871	0.007759550702309326	bca	ok	0.95	2000	2000	21857	21442	257	query_pubchem_cid	direction,cell_type,time_key	direction	95% BCa bootstrap CI clustered by PubChem compound; uncertainty is over the observed compound panel, not broader chemical space.
l1000_phase1	l1000_phase2	logFC	strict_matched_condition	negative_l2	per_gene_population_zscore_dataset	reviewer_l2_retrieval_dataset_pair	delta_vs_source_peer_normalized_rank	delta_vs_source_peer_normalized_rank	0.16069568709769058	0.12288246490516855	0.2082152444385392	0.042666389766685325	bca	ok	0.95	2000	2000	21857	21576	257	query_pubchem_cid	direction,cell_type,time_key	direction	95% BCa bootstrap CI clustered by PubChem compound; uncertainty is over the observed compound panel, not broader chemical space.
l1000_phase1	l1000_phase2	logFC	strict_matched_condition	negative_l2	per_gene_population_zscore_dataset	reviewer_l2_retrieval_dataset_pair	delta_vs_target_peer_normalized_rank	delta_vs_target_peer_normalized_rank	0.19958406293480951	0.16015062299721416	0.2453014885898427	0.04257543279631426	bca	ok	0.95	2000	2000	21857	21442	257	query_pubchem_cid	direction,cell_type,time_key	direction	95% BCa bootstrap CI clustered by PubChem compound; uncertainty is over the observed compound panel, not broader chemical space.
l1000_phase1	l1000_phase2	logFC	strict_matched_condition	negative_l2	per_gene_population_zscore_dataset	reviewer_l2_retrieval_dataset_pair	target_decoy_null_normalized_best_positive_rank	target_decoy_null_normalized_best_positive_rank	0.7819080128511906	0.7687436323490009	0.8055977684475726	0.018427068049285844	bca	ok	0.95	2000	2000	21857	21857	257	query_pubchem_cid	direction,cell_type,time_key	direction	95% BCa bootstrap CI clustered by PubChem compound; uncertainty is over the observed compound panel, not broader chemical space.
l1000_phase1	l1000_phase2	logFC	strict_matched_condition	negative_l2	per_gene_population_zscore_dataset	reviewer_l2_retrieval_dataset_pair	delta_vs_target_decoy_null_normalized_best_positive_rank	delta_vs_target_decoy_null_normalized_best_positive_rank	-0.06337812397909336	-0.0886203924971331	-0.035767183057240526	0.02642660471994629	bca	ok	0.95	2000	2000	21857	21857	257	query_pubchem_cid	direction,cell_type,time_key	direction	95% BCa bootstrap CI clustered by PubChem compound; uncertainty is over the observed compound panel, not broader chemical space.
l1000_phase1	l1000_phase2	logFC	strict_matched_condition	negative_l2	per_gene_population_zscore_dataset_cell_type	reviewer_l2_retrieval_dataset_pair	observed_normalized_best_positive_rank	observed_normalized_best_positive_rank	0.7303075458553692	0.6968606141468798	0.7773465483377724	0.04024296709544628	bca	ok	0.95	2000	2000	21857	21857	257	query_pubchem_cid	direction,cell_type,time_key	direction	95% BCa bootstrap CI clustered by PubChem compound; uncertainty is over the observed compound panel, not broader chemical space.
l1000_phase1	l1000_phase2	logFC	strict_matched_condition	negative_l2	per_gene_population_zscore_dataset_cell_type	reviewer_l2_retrieval_dataset_pair	observed_recall_at_1	observed_recall_at_1	0.19342025131281987	0.12482917066501907	0.3110978808844427	0.0931343551097118	bca	ok	0.95	2000	2000	21857	21857	257	query_pubchem_cid	direction,cell_type,time_key	direction	95% BCa bootstrap CI clustered by PubChem compound; uncertainty is over the observed compound panel, not broader chemical space.
l1000_phase1	l1000_phase2	logFC	strict_matched_condition	negative_l2	per_gene_population_zscore_dataset_cell_type	reviewer_l2_retrieval_dataset_pair	observed_auroc	observed_auroc	0.7279460386130536	0.6937202373986998	0.7748252691047982	0.0405525158530492	bca	ok	0.95	2000	2000	21857	21857	257	query_pubchem_cid	direction,cell_type,time_key	direction	95% BCa bootstrap CI clustered by PubChem compound; uncertainty is over the observed compound panel, not broader chemical space.
l1000_phase1	l1000_phase2	logFC	strict_matched_condition	negative_l2	per_gene_population_zscore_dataset_cell_type	reviewer_l2_retrieval_dataset_pair	observed_best_positive_similarity	observed_best_positive_similarity	-39.790099746788435	-41.393056301241025	-38.42742463092852	1.4828158351562521	bca	ok	0.95	2000	2000	21857	21857	257	query_pubchem_cid	direction,cell_type,time_key	direction	95% BCa bootstrap CI clustered by PubChem compound; uncertainty is over the observed compound panel, not broader chemical space.
l1000_phase1	l1000_phase2	logFC	strict_matched_condition	negative_l2	per_gene_population_zscore_dataset_cell_type	reviewer_l2_retrieval_dataset_pair	random_normalized_best_positive_rank	random_normalized_best_positive_rank					not_estimable	too_few_clusters_or_values	0.95	2000	0	21857	0	0	query_pubchem_cid	direction,cell_type,time_key	direction	95% BCa bootstrap CI clustered by PubChem compound; uncertainty is over the observed compound panel, not broader chemical space.
l1000_phase1	l1000_phase2	logFC	strict_matched_condition	negative_l2	per_gene_population_zscore_dataset_cell_type	reviewer_l2_retrieval_dataset_pair	random_recall_at_1	random_recall_at_1					not_estimable	too_few_clusters_or_values	0.95	2000	0	21857	0	0	query_pubchem_cid	direction,cell_type,time_key	direction	95% BCa bootstrap CI clustered by PubChem compound; uncertainty is over the observed compound panel, not broader chemical space.
l1000_phase1	l1000_phase2	logFC	strict_matched_condition	negative_l2	per_gene_population_zscore_dataset_cell_type	reviewer_l2_retrieval_dataset_pair	random_auroc	random_auroc					not_estimable	too_few_clusters_or_values	0.95	2000	0	21857	0	0	query_pubchem_cid	direction,cell_type,time_key	direction	95% BCa bootstrap CI clustered by PubChem compound; uncertainty is over the observed compound panel, not broader chemical space.
l1000_phase1	l1000_phase2	logFC	strict_matched_condition	negative_l2	per_gene_population_zscore_dataset_cell_type	reviewer_l2_retrieval_dataset_pair	delta_vs_random_normalized_best_positive_rank	delta_vs_random_normalized_best_positive_rank	-0.051600466995821215	-0.07721941187731926	-0.02552264756912831	0.025848382154095476	bca	ok	0.95	2000	2000	21857	21857	257	query_pubchem_cid	direction,cell_type,time_key	direction	95% BCa bootstrap CI clustered by PubChem compound; uncertainty is over the observed compound panel, not broader chemical space.
l1000_phase1	l1000_phase2	logFC	strict_matched_condition	negative_l2	per_gene_population_zscore_dataset_cell_type	reviewer_l2_retrieval_dataset_pair	source_individual_n_peers	source_individual_n_peers	228.03093011686659	216.1511038825066	237.89171674415158	10.870306430822495	bca	ok	0.95	2000	2000	21857	21857	257	query_pubchem_cid	direction,cell_type,time_key	direction	95% BCa bootstrap CI clustered by PubChem compound; uncertainty is over the observed compound panel, not broader chemical space.
l1000_phase1	l1000_phase2	logFC	strict_matched_condition	negative_l2	per_gene_population_zscore_dataset_cell_type	reviewer_l2_retrieval_dataset_pair	source_individual_mean_similarity	source_individual_mean_similarity	-46.05395441249941	-48.34871793359785	-44.66129110926397	1.843713412166938	bca	ok	0.95	2000	2000	21857	21576	257	query_pubchem_cid	direction,cell_type,time_key	direction	95% BCa bootstrap CI clustered by PubChem compound; uncertainty is over the observed compound panel, not broader chemical space.
l1000_phase1	l1000_phase2	logFC	strict_matched_condition	negative_l2	per_gene_population_zscore_dataset_cell_type	reviewer_l2_retrieval_dataset_pair	source_individual_sd_similarity	source_individual_sd_similarity	9.979016866842807	9.193306225584102	10.479667477009942	0.6431806257129198	bca	ok	0.95	2000	2000	21857	21573	257	query_pubchem_cid	direction,cell_type,time_key	direction	95% BCa bootstrap CI clustered by PubChem compound; uncertainty is over the observed compound panel, not broader chemical space.
l1000_phase1	l1000_phase2	logFC	strict_matched_condition	negative_l2	per_gene_population_zscore_dataset_cell_type	reviewer_l2_retrieval_dataset_pair	source_individual_n_below_observed	source_individual_n_below_observed	156.14505463348183	145.13560408823133	169.44182969596318	12.153112803865923	bca	ok	0.95	2000	2000	21857	21857	257	query_pubchem_cid	direction,cell_type,time_key	direction	95% BCa bootstrap CI clustered by PubChem compound; uncertainty is over the observed compound panel, not broader chemical space.
l1000_phase1	l1000_phase2	logFC	strict_matched_condition	negative_l2	per_gene_population_zscore_dataset_cell_type	reviewer_l2_retrieval_dataset_pair	source_individual_fraction_below_observed	source_individual_fraction_below_observed	0.6541848426256194	0.6189213586172678	0.7041018100887346	0.0425902257357334	bca	ok	0.95	2000	2000	21857	21576	257	query_pubchem_cid	direction,cell_type,time_key	direction	95% BCa bootstrap CI clustered by PubChem compound; uncertainty is over the observed compound panel, not broader chemical space.
l1000_phase1	l1000_phase2	logFC	strict_matched_condition	negative_l2	per_gene_population_zscore_dataset_cell_type	reviewer_l2_retrieval_dataset_pair	source_individual_corrected_percentile	source_individual_corrected_percentile	0.6606187675616269	0.6275449286521452	0.7078804872567498	0.04016777930230231	bca	ok	0.95	2000	2000	21857	21576	257	query_pubchem_cid	direction,cell_type,time_key	direction	95% BCa bootstrap CI clustered by PubChem compound; uncertainty is over the observed compound panel, not broader chemical space.
l1000_phase1	l1000_phase2	logFC	strict_matched_condition	negative_l2	per_gene_population_zscore_dataset_cell_type	reviewer_l2_retrieval_dataset_pair	target_individual_n_peers	target_individual_n_peers	221.5625852702036	210.32684480859325	231.7321887270508	10.70267195922878	bca	ok	0.95	2000	2000	21857	21857	257	query_pubchem_cid	direction,cell_type,time_key	direction	95% BCa bootstrap CI clustered by PubChem compound; uncertainty is over the observed compound panel, not broader chemical space.
l1000_phase1	l1000_phase2	logFC	strict_matched_condition	negative_l2	per_gene_population_zscore_dataset_cell_type	reviewer_l2_retrieval_dataset_pair	target_individual_mean_similarity	target_individual_mean_similarity	-47.7121709944722	-49.878985360940455	-46.25693726183382	1.8110240495533176	bca	ok	0.95	2000	2000	21857	21442	257	query_pubchem_cid	direction,cell_type,time_key	direction	95% BCa bootstrap CI clustered by PubChem compound; uncertainty is over the observed compound panel, not broader chemical space.
l1000_phase1	l1000_phase2	logFC	strict_matched_condition	negative_l2	per_gene_population_zscore_dataset_cell_type	reviewer_l2_retrieval_dataset_pair	target_individual_sd_similarity	target_individual_sd_similarity	9.576339780540437	8.815828922091974	10.031685599815217	0.6079283388616217	bca	ok	0.95	2000	2000	21857	21438	257	query_pubchem_cid	direction,cell_type,time_key	direction	95% BCa bootstrap CI clustered by PubChem compound; uncertainty is over the observed compound panel, not broader chemical space.
l1000_phase1	l1000_phase2	logFC	strict_matched_condition	negative_l2	per_gene_population_zscore_dataset_cell_type	reviewer_l2_retrieval_dataset_pair	target_individual_n_below_observed	target_individual_n_below_observed	165.7262443807735	155.1636583134329	176.15382040194535	10.495081044256224	bca	ok	0.95	2000	2000	21857	21857	257	query_pubchem_cid	direction,cell_type,time_key	direction	95% BCa bootstrap CI clustered by PubChem compound; uncertainty is over the observed compound panel, not broader chemical space.
l1000_phase1	l1000_phase2	logFC	strict_matched_condition	negative_l2	per_gene_population_zscore_dataset_cell_type	reviewer_l2_retrieval_dataset_pair	target_individual_fraction_below_observed	target_individual_fraction_below_observed	0.7170964687368577	0.6810798601411835	0.7599680795687237	0.039444109713770104	bca	ok	0.95	2000	2000	21857	21442	257	query_pubchem_cid	direction,cell_type,time_key	direction	95% BCa bootstrap CI clustered by PubChem compound; uncertainty is over the observed compound panel, not broader chemical space.
l1000_phase1	l1000_phase2	logFC	strict_matched_condition	negative_l2	per_gene_population_zscore_dataset_cell_type	reviewer_l2_retrieval_dataset_pair	target_individual_corrected_percentile	target_individual_corrected_percentile	0.7223586864345035	0.6875829176279418	0.7622966902740819	0.03735688632307005	bca	ok	0.95	2000	2000	21857	21442	257	query_pubchem_cid	direction,cell_type,time_key	direction	95% BCa bootstrap CI clustered by PubChem compound; uncertainty is over the observed compound panel, not broader chemical space.
l1000_phase1	l1000_phase2	logFC	strict_matched_condition	negative_l2	per_gene_population_zscore_dataset_cell_type	reviewer_l2_retrieval_dataset_pair	source_centroid_similarity	source_centroid_similarity	-33.63570913080051	-36.71554448206087	-31.72821872375838	2.4936628791512447	bca	ok	0.95	2000	2000	21857	21576	257	query_pubchem_cid	direction,cell_type,time_key	direction	95% BCa bootstrap CI clustered by PubChem compound; uncertainty is over the observed compound panel, not broader chemical space.
l1000_phase1	l1000_phase2	logFC	strict_matched_condition	negative_l2	per_gene_population_zscore_dataset_cell_type	reviewer_l2_retrieval_dataset_pair	source_centroid_normalized_rank	source_centroid_normalized_rank	0.9309989066436983	0.9130886865360072	0.9440787299866396	0.015495021725316194	bca	ok	0.95	2000	2000	21857	21576	257	query_pubchem_cid	direction,cell_type,time_key	direction	95% BCa bootstrap CI clustered by PubChem compound; uncertainty is over the observed compound panel, not broader chemical space.
l1000_phase1	l1000_phase2	logFC	strict_matched_condition	negative_l2	per_gene_population_zscore_dataset_cell_type	reviewer_l2_retrieval_dataset_pair	source_centroid_recall_at_1	source_centroid_recall_at_1	0.5822443115290844	0.4863917503720999	0.6327421220086386	0.07317518581826932	bca	ok	0.95	2000	2000	21857	21576	257	query_pubchem_cid	direction,cell_type,time_key	direction	95% BCa bootstrap CI clustered by PubChem compound; uncertainty is over the observed compound panel, not broader chemical space.
l1000_phase1	l1000_phase2	logFC	strict_matched_condition	negative_l2	per_gene_population_zscore_dataset_cell_type	reviewer_l2_retrieval_dataset_pair	source_centroid_auroc	source_centroid_auroc	0.9309989066436983	0.9134904515996107	0.9441872872397808	0.015348417820085059	bca	ok	0.95	2000	2000	21857	21576	257	query_pubchem_cid	direction,cell_type,time_key	direction	95% BCa bootstrap CI clustered by PubChem compound; uncertainty is over the observed compound panel, not broader chemical space.
l1000_phase1	l1000_phase2	logFC	strict_matched_condition	negative_l2	per_gene_population_zscore_dataset_cell_type	reviewer_l2_retrieval_dataset_pair	target_centroid_similarity	target_centroid_similarity	-35.49634199053633	-38.410442584447495	-33.60394463500708	2.4032489747202064	bca	ok	0.95	2000	2000	21857	21442	257	query_pubchem_cid	direction,cell_type,time_key	direction	95% BCa bootstrap CI clustered by PubChem compound; uncertainty is over the observed compound panel, not broader chemical space.
l1000_phase1	l1000_phase2	logFC	strict_matched_condition	negative_l2	per_gene_population_zscore_dataset_cell_type	reviewer_l2_retrieval_dataset_pair	target_centroid_normalized_rank	target_centroid_normalized_rank	0.9337908076717555	0.9183217161867785	0.9430948373299799	0.012386560571600702	bca	ok	0.95	2000	2000	21857	21442	257	query_pubchem_cid	direction,cell_type,time_key	direction	95% BCa bootstrap CI clustered by PubChem compound; uncertainty is over the observed compound panel, not broader chemical space.
l1000_phase1	l1000_phase2	logFC	strict_matched_condition	negative_l2	per_gene_population_zscore_dataset_cell_type	reviewer_l2_retrieval_dataset_pair	target_centroid_recall_at_1	target_centroid_recall_at_1	0.49524741522945437	0.40045191499551286	0.5497011941233217	0.07462463956390444	bca	ok	0.95	2000	2000	21857	21442	257	query_pubchem_cid	direction,cell_type,time_key	direction	95% BCa bootstrap CI clustered by PubChem compound; uncertainty is over the observed compound panel, not broader chemical space.
l1000_phase1	l1000_phase2	logFC	strict_matched_condition	negative_l2	per_gene_population_zscore_dataset_cell_type	reviewer_l2_retrieval_dataset_pair	target_centroid_auroc	target_centroid_auroc	0.9332474236598698	0.9171354471009973	0.9428106594502534	0.012837606174628091	bca	ok	0.95	2000	2000	21857	21442	257	query_pubchem_cid	direction,cell_type,time_key	direction	95% BCa bootstrap CI clustered by PubChem compound; uncertainty is over the observed compound panel, not broader chemical space.
l1000_phase1	l1000_phase2	logFC	strict_matched_condition	negative_l2	per_gene_population_zscore_dataset_cell_type	reviewer_l2_retrieval_dataset_pair	source_peer_normalized_rank	source_peer_normalized_rank	0.5396629925741984	0.532593425676408	0.546986400055547	0.0071964871895695	bca	ok	0.95	2000	2000	21857	21576	257	query_pubchem_cid	direction,cell_type,time_key	direction	95% BCa bootstrap CI clustered by PubChem compound; uncertainty is over the observed compound panel, not broader chemical space.
l1000_phase1	l1000_phase2	logFC	strict_matched_condition	negative_l2	per_gene_population_zscore_dataset_cell_type	reviewer_l2_retrieval_dataset_pair	target_peer_normalized_rank	target_peer_normalized_rank	0.5125445939137421	0.5061590720502509	0.5210322743554044	0.007436601152576772	bca	ok	0.95	2000	2000	21857	21442	257	query_pubchem_cid	direction,cell_type,time_key	direction	95% BCa bootstrap CI clustered by PubChem compound; uncertainty is over the observed compound panel, not broader chemical space.
l1000_phase1	l1000_phase2	logFC	strict_matched_condition	negative_l2	per_gene_population_zscore_dataset_cell_type	reviewer_l2_retrieval_dataset_pair	delta_vs_source_peer_normalized_rank	delta_vs_source_peer_normalized_rank	0.1879845302834967	0.15180353200062463	0.23396486914968886	0.04108066857453212	bca	ok	0.95	2000	2000	21857	21576	257	query_pubchem_cid	direction,cell_type,time_key	direction	95% BCa bootstrap CI clustered by PubChem compound; uncertainty is over the observed compound panel, not broader chemical space.
l1000_phase1	l1000_phase2	logFC	strict_matched_condition	negative_l2	per_gene_population_zscore_dataset_cell_type	reviewer_l2_retrieval_dataset_pair	delta_vs_target_peer_normalized_rank	delta_vs_target_peer_normalized_rank	0.21081506248575452	0.17050612121258815	0.25612073130340984	0.042807305045410846	bca	ok	0.95	2000	2000	21857	21442	257	query_pubchem_cid	direction,cell_type,time_key	direction	95% BCa bootstrap CI clustered by PubChem compound; uncertainty is over the observed compound panel, not broader chemical space.
l1000_phase1	l1000_phase2	logFC	strict_matched_condition	negative_l2	per_gene_population_zscore_dataset_cell_type	reviewer_l2_retrieval_dataset_pair	target_decoy_null_normalized_best_positive_rank	target_decoy_null_normalized_best_positive_rank	0.7819080128511906	0.7689268491775969	0.8048276045755586	0.017950377698980835	bca	ok	0.95	2000	2000	21857	21857	257	query_pubchem_cid	direction,cell_type,time_key	direction	95% BCa bootstrap CI clustered by PubChem compound; uncertainty is over the observed compound panel, not broader chemical space.
l1000_phase1	l1000_phase2	logFC	strict_matched_condition	negative_l2	per_gene_population_zscore_dataset_cell_type	reviewer_l2_retrieval_dataset_pair	delta_vs_target_decoy_null_normalized_best_positive_rank	delta_vs_target_decoy_null_normalized_best_positive_rank	-0.051600466995821215	-0.07638711964430615	-0.024817358902221955	0.0257848803710421	bca	ok	0.95	2000	2000	21857	21857	257	query_pubchem_cid	direction,cell_type,time_key	direction	95% BCa bootstrap CI clustered by PubChem compound; uncertainty is over the observed compound panel, not broader chemical space.
l1000_phase1	l1000_phase2	logFC	strict_matched_condition	negative_l2	raw	reviewer_l2_retrieval_dataset_pair	observed_normalized_best_positive_rank	observed_normalized_best_positive_rank	0.7157465562946631	0.6820796197636627	0.7616211414400316	0.03977076083818443	bca	ok	0.95	2000	2000	21857	21857	257	query_pubchem_cid	direction,cell_type,time_key	direction	95% BCa bootstrap CI clustered by PubChem compound; uncertainty is over the observed compound panel, not broader chemical space.
l1000_phase1	l1000_phase2	logFC	strict_matched_condition	negative_l2	raw	reviewer_l2_retrieval_dataset_pair	observed_recall_at_1	observed_recall_at_1	0.18794171398066734	0.12085807750140173	0.32979767949147815	0.1044698009950382	bca	ok	0.95	2000	2000	21857	21857	257	query_pubchem_cid	direction,cell_type,time_key	direction	95% BCa bootstrap CI clustered by PubChem compound; uncertainty is over the observed compound panel, not broader chemical space.
l1000_phase1	l1000_phase2	logFC	strict_matched_condition	negative_l2	raw	reviewer_l2_retrieval_dataset_pair	observed_auroc	observed_auroc	0.7131927644114178	0.6800362664025174	0.7630052936419872	0.04148451361973493	bca	ok	0.95	2000	2000	21857	21857	257	query_pubchem_cid	direction,cell_type,time_key	direction	95% BCa bootstrap CI clustered by PubChem compound; uncertainty is over the observed compound panel, not broader chemical space.
l1000_phase1	l1000_phase2	logFC	strict_matched_condition	negative_l2	raw	reviewer_l2_retrieval_dataset_pair	observed_best_positive_similarity	observed_best_positive_similarity	-21.5314872919976	-22.349192085902494	-20.427186634018465	0.9610027259420146	bca	ok	0.95	2000	2000	21857	21857	257	query_pubchem_cid	direction,cell_type,time_key	direction	95% BCa bootstrap CI clustered by PubChem compound; uncertainty is over the observed compound panel, not broader chemical space.
l1000_phase1	l1000_phase2	logFC	strict_matched_condition	negative_l2	raw	reviewer_l2_retrieval_dataset_pair	random_normalized_best_positive_rank	random_normalized_best_positive_rank					not_estimable	too_few_clusters_or_values	0.95	2000	0	21857	0	0	query_pubchem_cid	direction,cell_type,time_key	direction	95% BCa bootstrap CI clustered by PubChem compound; uncertainty is over the observed compound panel, not broader chemical space.
l1000_phase1	l1000_phase2	logFC	strict_matched_condition	negative_l2	raw	reviewer_l2_retrieval_dataset_pair	random_recall_at_1	random_recall_at_1					not_estimable	too_few_clusters_or_values	0.95	2000	0	21857	0	0	query_pubchem_cid	direction,cell_type,time_key	direction	95% BCa bootstrap CI clustered by PubChem compound; uncertainty is over the observed compound panel, not broader chemical space.
l1000_phase1	l1000_phase2	logFC	strict_matched_condition	negative_l2	raw	reviewer_l2_retrieval_dataset_pair	random_auroc	random_auroc					not_estimable	too_few_clusters_or_values	0.95	2000	0	21857	0	0	query_pubchem_cid	direction,cell_type,time_key	direction	95% BCa bootstrap CI clustered by PubChem compound; uncertainty is over the observed compound panel, not broader chemical space.
l1000_phase1	l1000_phase2	logFC	strict_matched_condition	negative_l2	raw	reviewer_l2_retrieval_dataset_pair	delta_vs_random_normalized_best_positive_rank	delta_vs_random_normalized_best_positive_rank	-0.06616145655652736	-0.08950303021746157	-0.038145952129172656	0.02567853904414446	bca	ok	0.95	2000	2000	21857	21857	257	query_pubchem_cid	direction,cell_type,time_key	direction	95% BCa bootstrap CI clustered by PubChem compound; uncertainty is over the observed compound panel, not broader chemical space.
l1000_phase1	l1000_phase2	logFC	strict_matched_condition	negative_l2	raw	reviewer_l2_retrieval_dataset_pair	source_individual_n_peers	source_individual_n_peers	228.03093011686659	216.63946267334174	238.3587861599766	10.859661743317432	bca	ok	0.95	2000	2000	21857	21857	257	query_pubchem_cid	direction,cell_type,time_key	direction	95% BCa bootstrap CI clustered by PubChem compound; uncertainty is over the observed compound panel, not broader chemical space.
l1000_phase1	l1000_phase2	logFC	strict_matched_condition	negative_l2	raw	reviewer_l2_retrieval_dataset_pair	source_individual_mean_similarity	source_individual_mean_similarity	-24.4920776126707	-25.44897747898413	-23.810721427368776	0.819128025807677	bca	ok	0.95	2000	2000	21857	21576	257	query_pubchem_cid	direction,cell_type,time_key	direction	95% BCa bootstrap CI clustered by PubChem compound; uncertainty is over the observed compound panel, not broader chemical space.
l1000_phase1	l1000_phase2	logFC	strict_matched_condition	negative_l2	raw	reviewer_l2_retrieval_dataset_pair	source_individual_sd_similarity	source_individual_sd_similarity	5.124020910215577	4.745719326623999	5.3671090235654155	0.31069484847070816	bca	ok	0.95	2000	2000	21857	21573	257	query_pubchem_cid	direction,cell_type,time_key	direction	95% BCa bootstrap CI clustered by PubChem compound; uncertainty is over the observed compound panel, not broader chemical space.
l1000_phase1	l1000_phase2	logFC	strict_matched_condition	negative_l2	raw	reviewer_l2_retrieval_dataset_pair	source_individual_n_below_observed	source_individual_n_below_observed	152.80651717385643	141.24890911792545	163.30538445037348	11.028237666224015	bca	ok	0.95	2000	2000	21857	21857	257	query_pubchem_cid	direction,cell_type,time_key	direction	95% BCa bootstrap CI clustered by PubChem compound; uncertainty is over the observed compound panel, not broader chemical space.
l1000_phase1	l1000_phase2	logFC	strict_matched_condition	negative_l2	raw	reviewer_l2_retrieval_dataset_pair	source_individual_fraction_below_observed	source_individual_fraction_below_observed	0.6171507339916031	0.5788369657626914	0.6688232939197081	0.04499316407850834	bca	ok	0.95	2000	2000	21857	21576	257	query_pubchem_cid	direction,cell_type,time_key	direction	95% BCa bootstrap CI clustered by PubChem compound; uncertainty is over the observed compound panel, not broader chemical space.
l1000_phase1	l1000_phase2	logFC	strict_matched_condition	negative_l2	raw	reviewer_l2_retrieval_dataset_pair	source_individual_corrected_percentile	source_individual_corrected_percentile	0.6247483501009898	0.586171435389579	0.6798880434734753	0.04685830404194813	bca	ok	0.95	2000	2000	21857	21576	257	query_pubchem_cid	direction,cell_type,time_key	direction	95% BCa bootstrap CI clustered by PubChem compound; uncertainty is over the observed compound panel, not broader chemical space.
l1000_phase1	l1000_phase2	logFC	strict_matched_condition	negative_l2	raw	reviewer_l2_retrieval_dataset_pair	target_individual_n_peers	target_individual_n_peers	221.5625852702036	210.34397936195435	231.80942688727384	10.732723762659745	bca	ok	0.95	2000	2000	21857	21857	257	query_pubchem_cid	direction,cell_type,time_key	direction	95% BCa bootstrap CI clustered by PubChem compound; uncertainty is over the observed compound panel, not broader chemical space.
l1000_phase1	l1000_phase2	logFC	strict_matched_condition	negative_l2	raw	reviewer_l2_retrieval_dataset_pair	target_individual_mean_similarity	target_individual_mean_similarity	-25.627416715127403	-26.69060730292298	-24.888628770029154	0.9009892664469135	bca	ok	0.95	2000	2000	21857	21442	257	query_pubchem_cid	direction,cell_type,time_key	direction	95% BCa bootstrap CI clustered by PubChem compound; uncertainty is over the observed compound panel, not broader chemical space.
l1000_phase1	l1000_phase2	logFC	strict_matched_condition	negative_l2	raw	reviewer_l2_retrieval_dataset_pair	target_individual_sd_similarity	target_individual_sd_similarity	5.0038506687983055	4.686242127148054	5.212738459160133	0.2632481660060395	bca	ok	0.95	2000	2000	21857	21438	257	query_pubchem_cid	direction,cell_type,time_key	direction	95% BCa bootstrap CI clustered by PubChem compound; uncertainty is over the observed compound panel, not broader chemical space.
l1000_phase1	l1000_phase2	logFC	strict_matched_condition	negative_l2	raw	reviewer_l2_retrieval_dataset_pair	target_individual_n_below_observed	target_individual_n_below_observed	161.18383371606916	149.79380932270436	170.71618424213085	10.461187459713244	bca	ok	0.95	2000	2000	21857	21857	257	query_pubchem_cid	direction,cell_type,time_key	direction	95% BCa bootstrap CI clustered by PubChem compound; uncertainty is over the observed compound panel, not broader chemical space.
l1000_phase1	l1000_phase2	logFC	strict_matched_condition	negative_l2	raw	reviewer_l2_retrieval_dataset_pair	target_individual_fraction_below_observed	target_individual_fraction_below_observed	0.7041429968087439	0.6693977837224347	0.7496839289674337	0.0401430726224995	bca	ok	0.95	2000	2000	21857	21442	257	query_pubchem_cid	direction,cell_type,time_key	direction	95% BCa bootstrap CI clustered by PubChem compound; uncertainty is over the observed compound panel, not broader chemical space.
l1000_phase1	l1000_phase2	logFC	strict_matched_condition	negative_l2	raw	reviewer_l2_retrieval_dataset_pair	target_individual_corrected_percentile	target_individual_corrected_percentile	0.709787303489281	0.6743864545331203	0.7505755284379583	0.03809453695241899	bca	ok	0.95	2000	2000	21857	21442	257	query_pubchem_cid	direction,cell_type,time_key	direction	95% BCa bootstrap CI clustered by PubChem compound; uncertainty is over the observed compound panel, not broader chemical space.
l1000_phase1	l1000_phase2	logFC	strict_matched_condition	negative_l2	raw	reviewer_l2_retrieval_dataset_pair	source_centroid_similarity	source_centroid_similarity	-17.86529134568716	-19.293469241846054	-16.970719445833858	1.1613748980060983	bca	ok	0.95	2000	2000	21857	21576	257	query_pubchem_cid	direction,cell_type,time_key	direction	95% BCa bootstrap CI clustered by PubChem compound; uncertainty is over the observed compound panel, not broader chemical space.
l1000_phase1	l1000_phase2	logFC	strict_matched_condition	negative_l2	raw	reviewer_l2_retrieval_dataset_pair	source_centroid_normalized_rank	source_centroid_normalized_rank	0.9470501387869894	0.9340444726882614	0.9565228099539459	0.011239168632842245	bca	ok	0.95	2000	2000	21857	21576	257	query_pubchem_cid	direction,cell_type,time_key	direction	95% BCa bootstrap CI clustered by PubChem compound; uncertainty is over the observed compound panel, not broader chemical space.
l1000_phase1	l1000_phase2	logFC	strict_matched_condition	negative_l2	raw	reviewer_l2_retrieval_dataset_pair	source_centroid_recall_at_1	source_centroid_recall_at_1	0.6168508417455374	0.5191750576155406	0.6752337663237856	0.0780293543541225	bca	ok	0.95	2000	2000	21857	21576	257	query_pubchem_cid	direction,cell_type,time_key	direction	95% BCa bootstrap CI clustered by PubChem compound; uncertainty is over the observed compound panel, not broader chemical space.
l1000_phase1	l1000_phase2	logFC	strict_matched_condition	negative_l2	raw	reviewer_l2_retrieval_dataset_pair	source_centroid_auroc	source_centroid_auroc	0.9470501387869894	0.9337568641273939	0.9576850660309321	0.011964100951769086	bca	ok	0.95	2000	2000	21857	21576	257	query_pubchem_cid	direction,cell_type,time_key	direction	95% BCa bootstrap CI clustered by PubChem compound; uncertainty is over the observed compound panel, not broader chemical space.
l1000_phase1	l1000_phase2	logFC	strict_matched_condition	negative_l2	raw	reviewer_l2_retrieval_dataset_pair	target_centroid_similarity	target_centroid_similarity	-19.27698146285917	-20.629140345924963	-18.382235165406215	1.1234525902593742	bca	ok	0.95	2000	2000	21857	21442	257	query_pubchem_cid	direction,cell_type,time_key	direction	95% BCa bootstrap CI clustered by PubChem compound; uncertainty is over the observed compound panel, not broader chemical space.
l1000_phase1	l1000_phase2	logFC	strict_matched_condition	negative_l2	raw	reviewer_l2_retrieval_dataset_pair	target_centroid_normalized_rank	target_centroid_normalized_rank	0.9297918516512769	0.913744480917492	0.9409221229314259	0.0135888210069669	bca	ok	0.95	2000	2000	21857	21442	257	query_pubchem_cid	direction,cell_type,time_key	direction	95% BCa bootstrap CI clustered by PubChem compound; uncertainty is over the observed compound panel, not broader chemical space.
l1000_phase1	l1000_phase2	logFC	strict_matched_condition	negative_l2	raw	reviewer_l2_retrieval_dataset_pair	target_centroid_recall_at_1	target_centroid_recall_at_1	0.476311868231304	0.3838083927496851	0.5278627991339988	0.07202720319215686	bca	ok	0.95	2000	2000	21857	21442	257	query_pubchem_cid	direction,cell_type,time_key	direction	95% BCa bootstrap CI clustered by PubChem compound; uncertainty is over the observed compound panel, not broader chemical space.
l1000_phase1	l1000_phase2	logFC	strict_matched_condition	negative_l2	raw	reviewer_l2_retrieval_dataset_pair	target_centroid_auroc	target_centroid_auroc	0.9292484676393911	0.9128678568104207	0.940507166053512	0.013819654621545663	bca	ok	0.95	2000	2000	21857	21442	257	query_pubchem_cid	direction,cell_type,time_key	direction	95% BCa bootstrap CI clustered by PubChem compound; uncertainty is over the observed compound panel, not broader chemical space.
l1000_phase1	l1000_phase2	logFC	strict_matched_condition	negative_l2	raw	reviewer_l2_retrieval_dataset_pair	source_peer_normalized_rank	source_peer_normalized_rank	0.5658011833304357	0.5540911763240207	0.5768179886500575	0.011363406163018397	bca	ok	0.95	2000	2000	21857	21576	257	query_pubchem_cid	direction,cell_type,time_key	direction	95% BCa bootstrap CI clustered by PubChem compound; uncertainty is over the observed compound panel, not broader chemical space.
l1000_phase1	l1000_phase2	logFC	strict_matched_condition	negative_l2	raw	reviewer_l2_retrieval_dataset_pair	target_peer_normalized_rank	target_peer_normalized_rank	0.5114490640780907	0.5033600447357804	0.5198332291730331	0.008236592218626326	bca	ok	0.95	2000	2000	21857	21442	257	query_pubchem_cid	direction,cell_type,time_key	direction	95% BCa bootstrap CI clustered by PubChem compound; uncertainty is over the observed compound panel, not broader chemical space.
l1000_phase1	l1000_phase2	logFC	strict_matched_condition	negative_l2	raw	reviewer_l2_retrieval_dataset_pair	delta_vs_source_peer_normalized_rank	delta_vs_source_peer_normalized_rank	0.14777622105618754	0.11146513850264114	0.19039535714009387	0.03946510931872636	bca	ok	0.95	2000	2000	21857	21576	257	query_pubchem_cid	direction,cell_type,time_key	direction	95% BCa bootstrap CI clustered by PubChem compound; uncertainty is over the observed compound panel, not broader chemical space.
l1000_phase1	l1000_phase2	logFC	strict_matched_condition	negative_l2	raw	reviewer_l2_retrieval_dataset_pair	delta_vs_target_peer_normalized_rank	delta_vs_target_peer_normalized_rank	0.19895318393311975	0.16048464010673247	0.2495872638224223	0.044551311857844916	bca	ok	0.95	2000	2000	21857	21442	257	query_pubchem_cid	direction,cell_type,time_key	direction	95% BCa bootstrap CI clustered by PubChem compound; uncertainty is over the observed compound panel, not broader chemical space.
l1000_phase1	l1000_phase2	logFC	strict_matched_condition	negative_l2	raw	reviewer_l2_retrieval_dataset_pair	target_decoy_null_normalized_best_positive_rank	target_decoy_null_normalized_best_positive_rank	0.7819080128511906	0.769001004550421	0.8051762896157759	0.018087642532677473	bca	ok	0.95	2000	2000	21857	21857	257	query_pubchem_cid	direction,cell_type,time_key	direction	95% BCa bootstrap CI clustered by PubChem compound; uncertainty is over the observed compound panel, not broader chemical space.
l1000_phase1	l1000_phase2	logFC	strict_matched_condition	negative_l2	raw	reviewer_l2_retrieval_dataset_pair	delta_vs_target_decoy_null_normalized_best_positive_rank	delta_vs_target_decoy_null_normalized_best_positive_rank	-0.06616145655652736	-0.09084735141524108	-0.038301009190686935	0.026273171112277074	bca	ok	0.95	2000	2000	21857	21857	257	query_pubchem_cid	direction,cell_type,time_key	direction	95% BCa bootstrap CI clustered by PubChem compound; uncertainty is over the observed compound panel, not broader chemical space.
l1000_phase1	tahoe	logFC	strict_matched_condition	negative_l2	per_gene_population_zscore_dataset	reviewer_l2_retrieval_dataset_pair	observed_normalized_best_positive_rank	observed_normalized_best_positive_rank	0.5320778617969117	0.48334438094115745	0.578658308494135	0.04765696377648879	bca	ok	0.95	2000	2000	692	692	86	query_pubchem_cid	direction,cell_type,time_key	direction	95% BCa bootstrap CI clustered by PubChem compound; uncertainty is over the observed compound panel, not broader chemical space.
l1000_phase1	tahoe	logFC	strict_matched_condition	negative_l2	per_gene_population_zscore_dataset	reviewer_l2_retrieval_dataset_pair	observed_recall_at_1	observed_recall_at_1	0.012523178730561453	0.001572327044025157	0.04288897855373774	0.02065832575485629	bca	ok	0.95	2000	2000	692	692	86	query_pubchem_cid	direction,cell_type,time_key	direction	95% BCa bootstrap CI clustered by PubChem compound; uncertainty is over the observed compound panel, not broader chemical space.
l1000_phase1	tahoe	logFC	strict_matched_condition	negative_l2	per_gene_population_zscore_dataset	reviewer_l2_retrieval_dataset_pair	observed_auroc	observed_auroc	0.5286250190651558	0.47898629668132015	0.574487290929871	0.047750497124275454	bca	ok	0.95	2000	2000	692	692	86	query_pubchem_cid	direction,cell_type,time_key	direction	95% BCa bootstrap CI clustered by PubChem compound; uncertainty is over the observed compound panel, not broader chemical space.
l1000_phase1	tahoe	logFC	strict_matched_condition	negative_l2	per_gene_population_zscore_dataset	reviewer_l2_retrieval_dataset_pair	observed_best_positive_similarity	observed_best_positive_similarity	-41.56115553620637	-47.81861685853982	-38.355371096149746	4.731622881195037	bca	ok	0.95	2000	2000	692	692	86	query_pubchem_cid	direction,cell_type,time_key	direction	95% BCa bootstrap CI clustered by PubChem compound; uncertainty is over the observed compound panel, not broader chemical space.
l1000_phase1	tahoe	logFC	strict_matched_condition	negative_l2	per_gene_population_zscore_dataset	reviewer_l2_retrieval_dataset_pair	random_normalized_best_positive_rank	random_normalized_best_positive_rank					not_estimable	too_few_clusters_or_values	0.95	2000	0	692	0	0	query_pubchem_cid	direction,cell_type,time_key	direction	95% BCa bootstrap CI clustered by PubChem compound; uncertainty is over the observed compound panel, not broader chemical space.
l1000_phase1	tahoe	logFC	strict_matched_condition	negative_l2	per_gene_population_zscore_dataset	reviewer_l2_retrieval_dataset_pair	random_recall_at_1	random_recall_at_1					not_estimable	too_few_clusters_or_values	0.95	2000	0	692	0	0	query_pubchem_cid	direction,cell_type,time_key	direction	95% BCa bootstrap CI clustered by PubChem compound; uncertainty is over the observed compound panel, not broader chemical space.
l1000_phase1	tahoe	logFC	strict_matched_condition	negative_l2	per_gene_population_zscore_dataset	reviewer_l2_retrieval_dataset_pair	random_auroc	random_auroc					not_estimable	too_few_clusters_or_values	0.95	2000	0	692	0	0	query_pubchem_cid	direction,cell_type,time_key	direction	95% BCa bootstrap CI clustered by PubChem compound; uncertainty is over the observed compound panel, not broader chemical space.
l1000_phase1	tahoe	logFC	strict_matched_condition	negative_l2	per_gene_population_zscore_dataset	reviewer_l2_retrieval_dataset_pair	delta_vs_random_normalized_best_positive_rank	delta_vs_random_normalized_best_positive_rank	-0.11067306956906706	-0.16228592330350938	-0.0662270280659042	0.04802944761880259	bca	ok	0.95	2000	2000	692	692	86	query_pubchem_cid	direction,cell_type,time_key	direction	95% BCa bootstrap CI clustered by PubChem compound; uncertainty is over the observed compound panel, not broader chemical space.
l1000_phase1	tahoe	logFC	strict_matched_condition	negative_l2	per_gene_population_zscore_dataset	reviewer_l2_retrieval_dataset_pair	source_individual_n_peers	source_individual_n_peers	254.5253987074502	225.58568575788084	274.9438559121364	24.679085077127795	bca	ok	0.95	2000	2000	692	692	86	query_pubchem_cid	direction,cell_type,time_key	direction	95% BCa bootstrap CI clustered by PubChem compound; uncertainty is over the observed compound panel, not broader chemical space.
l1000_phase1	tahoe	logFC	strict_matched_condition	negative_l2	per_gene_population_zscore_dataset	reviewer_l2_retrieval_dataset_pair	source_individual_mean_similarity	source_individual_mean_similarity	-42.211598856858664	-46.195768287231125	-40.122093069477394	3.0368376088768656	bca	ok	0.95	2000	2000	692	675	86	query_pubchem_cid	direction,cell_type,time_key	direction	95% BCa bootstrap CI clustered by PubChem compound; uncertainty is over the observed compound panel, not broader chemical space.
l1000_phase1	tahoe	logFC	strict_matched_condition	negative_l2	per_gene_population_zscore_dataset	reviewer_l2_retrieval_dataset_pair	source_individual_sd_similarity	source_individual_sd_similarity	10.77576241318808	9.539411255810474	11.476672276049715	0.9686305101196204	bca	ok	0.95	2000	2000	692	675	86	query_pubchem_cid	direction,cell_type,time_key	direction	95% BCa bootstrap CI clustered by PubChem compound; uncertainty is over the observed compound panel, not broader chemical space.
l1000_phase1	tahoe	logFC	strict_matched_condition	negative_l2	per_gene_population_zscore_dataset	reviewer_l2_retrieval_dataset_pair	source_individual_n_below_observed	source_individual_n_below_observed	165.6615611222654	142.9788362502316	183.58817907454522	20.304671412156807	bca	ok	0.95	2000	2000	692	692	86	query_pubchem_cid	direction,cell_type,time_key	direction	95% BCa bootstrap CI clustered by PubChem compound; uncertainty is over the observed compound panel, not broader chemical space.
l1000_phase1	tahoe	logFC	strict_matched_condition	negative_l2	per_gene_population_zscore_dataset	reviewer_l2_retrieval_dataset_pair	source_individual_fraction_below_observed	source_individual_fraction_below_observed	0.47594774279009017	0.424597255154008	0.5240279877951012	0.0497153663205466	bca	ok	0.95	2000	2000	692	675	86	query_pubchem_cid	direction,cell_type,time_key	direction	95% BCa bootstrap CI clustered by PubChem compound; uncertainty is over the observed compound panel, not broader chemical space.
l1000_phase1	tahoe	logFC	strict_matched_condition	negative_l2	per_gene_population_zscore_dataset	reviewer_l2_retrieval_dataset_pair	source_individual_corrected_percentile	source_individual_corrected_percentile	0.48976345612113836	0.44235585091205337	0.5373679199228922	0.04750603450541943	bca	ok	0.95	2000	2000	692	675	86	query_pubchem_cid	direction,cell_type,time_key	direction	95% BCa bootstrap CI clustered by PubChem compound; uncertainty is over the observed compound panel, not broader chemical space.
l1000_phase1	tahoe	logFC	strict_matched_condition	negative_l2	per_gene_population_zscore_dataset	reviewer_l2_retrieval_dataset_pair	target_individual_n_peers	target_individual_n_peers	252.84893210436925	223.35273220780937	275.8752962487005	26.261282020445577	bca	ok	0.95	2000	2000	692	692	86	query_pubchem_cid	direction,cell_type,time_key	direction	95% BCa bootstrap CI clustered by PubChem compound; uncertainty is over the observed compound panel, not broader chemical space.
l1000_phase1	tahoe	logFC	strict_matched_condition	negative_l2	per_gene_population_zscore_dataset	reviewer_l2_retrieval_dataset_pair	target_individual_mean_similarity	target_individual_mean_similarity	-43.901728650906236	-48.22380435567409	-41.6946777527675	3.264563301453297	bca	ok	0.95	2000	2000	692	687	86	query_pubchem_cid	direction,cell_type,time_key	direction	95% BCa bootstrap CI clustered by PubChem compound; uncertainty is over the observed compound panel, not broader chemical space.
l1000_phase1	tahoe	logFC	strict_matched_condition	negative_l2	per_gene_population_zscore_dataset	reviewer_l2_retrieval_dataset_pair	target_individual_sd_similarity	target_individual_sd_similarity	10.598108919591285	9.483465986680786	11.153376600247597	0.8349553067834057	bca	ok	0.95	2000	2000	692	687	86	query_pubchem_cid	direction,cell_type,time_key	direction	95% BCa bootstrap CI clustered by PubChem compound; uncertainty is over the observed compound panel, not broader chemical space.
l1000_phase1	tahoe	logFC	strict_matched_condition	negative_l2	per_gene_population_zscore_dataset	reviewer_l2_retrieval_dataset_pair	target_individual_n_below_observed	target_individual_n_below_observed	138.06079488199146	118.03337348018785	156.76574160241427	19.36618406111321	bca	ok	0.95	2000	2000	692	692	86	query_pubchem_cid	direction,cell_type,time_key	direction	95% BCa bootstrap CI clustered by PubChem compound; uncertainty is over the observed compound panel, not broader chemical space.
l1000_phase1	tahoe	logFC	strict_matched_condition	negative_l2	per_gene_population_zscore_dataset	reviewer_l2_retrieval_dataset_pair	target_individual_fraction_below_observed	target_individual_fraction_below_observed	0.5389954739037149	0.48223209401445466	0.5909004893050293	0.0543341976452873	bca	ok	0.95	2000	2000	692	687	86	query_pubchem_cid	direction,cell_type,time_key	direction	95% BCa bootstrap CI clustered by PubChem compound; uncertainty is over the observed compound panel, not broader chemical space.
l1000_phase1	tahoe	logFC	strict_matched_condition	negative_l2	per_gene_population_zscore_dataset	reviewer_l2_retrieval_dataset_pair	target_individual_corrected_percentile	target_individual_corrected_percentile	0.5474105983228839	0.4919907158295954	0.6007688748028787	0.05438907948664162	bca	ok	0.95	2000	2000	692	687	86	query_pubchem_cid	direction,cell_type,time_key	direction	95% BCa bootstrap CI clustered by PubChem compound; uncertainty is over the observed compound panel, not broader chemical space.
l1000_phase1	tahoe	logFC	strict_matched_condition	negative_l2	per_gene_population_zscore_dataset	reviewer_l2_retrieval_dataset_pair	source_centroid_similarity	source_centroid_similarity	-30.795864106697458	-35.92930726820782	-28.04757684827939	3.9408652099642154	bca	ok	0.95	2000	2000	692	675	86	query_pubchem_cid	direction,cell_type,time_key	direction	95% BCa bootstrap CI clustered by PubChem compound; uncertainty is over the observed compound panel, not broader chemical space.
l1000_phase1	tahoe	logFC	strict_matched_condition	negative_l2	per_gene_population_zscore_dataset	reviewer_l2_retrieval_dataset_pair	source_centroid_normalized_rank	source_centroid_normalized_rank	0.9485729727676323	0.9212699001385886	0.969482738060521	0.024106418960966214	bca	ok	0.95	2000	2000	692	675	86	query_pubchem_cid	direction,cell_type,time_key	direction	95% BCa bootstrap CI clustered by PubChem compound; uncertainty is over the observed compound panel, not broader chemical space.
l1000_phase1	tahoe	logFC	strict_matched_condition	negative_l2	per_gene_population_zscore_dataset	reviewer_l2_retrieval_dataset_pair	source_centroid_recall_at_1	source_centroid_recall_at_1	0.8271028602658441	0.7807735728709182	0.8762546838553553	0.04774055549221856	bca	ok	0.95	2000	2000	692	675	86	query_pubchem_cid	direction,cell_type,time_key	direction	95% BCa bootstrap CI clustered by PubChem compound; uncertainty is over the observed compound panel, not broader chemical space.
l1000_phase1	tahoe	logFC	strict_matched_condition	negative_l2	per_gene_population_zscore_dataset	reviewer_l2_retrieval_dataset_pair	source_centroid_auroc	source_centroid_auroc	0.9485729727676323	0.9202784184079665	0.9694024411289368	0.024562011360485136	bca	ok	0.95	2000	2000	692	675	86	query_pubchem_cid	direction,cell_type,time_key	direction	95% BCa bootstrap CI clustered by PubChem compound; uncertainty is over the observed compound panel, not broader chemical space.
l1000_phase1	tahoe	logFC	strict_matched_condition	negative_l2	per_gene_population_zscore_dataset	reviewer_l2_retrieval_dataset_pair	target_centroid_similarity	target_centroid_similarity	-32.78492140139161	-37.86851156233574	-30.09053554855225	3.8889880068917453	bca	ok	0.95	2000	2000	692	687	86	query_pubchem_cid	direction,cell_type,time_key	direction	95% BCa bootstrap CI clustered by PubChem compound; uncertainty is over the observed compound panel, not broader chemical space.
l1000_phase1	tahoe	logFC	strict_matched_condition	negative_l2	per_gene_population_zscore_dataset	reviewer_l2_retrieval_dataset_pair	target_centroid_normalized_rank	target_centroid_normalized_rank	0.9391425385657114	0.9324220129327278	0.9499630082511593	0.008770497659215781	bca	ok	0.95	2000	2000	692	687	86	query_pubchem_cid	direction,cell_type,time_key	direction	95% BCa bootstrap CI clustered by PubChem compound; uncertainty is over the observed compound panel, not broader chemical space.
l1000_phase1	tahoe	logFC	strict_matched_condition	negative_l2	per_gene_population_zscore_dataset	reviewer_l2_retrieval_dataset_pair	target_centroid_recall_at_1	target_centroid_recall_at_1	0.6356482268053736	0.5867005046187386	0.67857532261512	0.04593740899819071	bca	ok	0.95	2000	2000	692	687	86	query_pubchem_cid	direction,cell_type,time_key	direction	95% BCa bootstrap CI clustered by PubChem compound; uncertainty is over the observed compound panel, not broader chemical space.
l1000_phase1	tahoe	logFC	strict_matched_condition	negative_l2	per_gene_population_zscore_dataset	reviewer_l2_retrieval_dataset_pair	target_centroid_auroc	target_centroid_auroc	0.9391398760880096	0.9327731262969134	0.9498837256500564	0.008555299676571482	bca	ok	0.95	2000	2000	692	687	86	query_pubchem_cid	direction,cell_type,time_key	direction	95% BCa bootstrap CI clustered by PubChem compound; uncertainty is over the observed compound panel, not broader chemical space.
l1000_phase1	tahoe	logFC	strict_matched_condition	negative_l2	per_gene_population_zscore_dataset	reviewer_l2_retrieval_dataset_pair	source_peer_normalized_rank	source_peer_normalized_rank	0.5661071930153323	0.546687705982137	0.5923628267339776	0.022837560375920274	bca	ok	0.95	2000	2000	692	675	86	query_pubchem_cid	direction,cell_type,time_key	direction	95% BCa bootstrap CI clustered by PubChem compound; uncertainty is over the observed compound panel, not broader chemical space.
l1000_phase1	tahoe	logFC	strict_matched_condition	negative_l2	per_gene_population_zscore_dataset	reviewer_l2_retrieval_dataset_pair	target_peer_normalized_rank	target_peer_normalized_rank	0.49810165375257637	0.48847535274588766	0.5135963531283735	0.012560500191242913	bca	ok	0.95	2000	2000	692	687	86	query_pubchem_cid	direction,cell_type,time_key	direction	95% BCa bootstrap CI clustered by PubChem compound; uncertainty is over the observed compound panel, not broader chemical space.
l1000_phase1	tahoe	logFC	strict_matched_condition	negative_l2	per_gene_population_zscore_dataset	reviewer_l2_retrieval_dataset_pair	delta_vs_source_peer_normalized_rank	delta_vs_source_peer_normalized_rank	-0.027827751310240324	-0.09761413877592995	0.03205811261896478	0.06483612569744737	bca	ok	0.95	2000	2000	692	675	86	query_pubchem_cid	direction,cell_type,time_key	direction	95% BCa bootstrap CI clustered by PubChem compound; uncertainty is over the observed compound panel, not broader chemical space.
l1000_phase1	tahoe	logFC	strict_matched_condition	negative_l2	per_gene_population_zscore_dataset	reviewer_l2_retrieval_dataset_pair	delta_vs_target_peer_normalized_rank	delta_vs_target_peer_normalized_rank	0.02937093372759083	-0.026341782192309746	0.0796263898633443	0.052984086027827025	bca	ok	0.95	2000	2000	692	687	86	query_pubchem_cid	direction,cell_type,time_key	direction	95% BCa bootstrap CI clustered by PubChem compound; uncertainty is over the observed compound panel, not broader chemical space.
l1000_phase1	tahoe	logFC	strict_matched_condition	negative_l2	per_gene_population_zscore_dataset	reviewer_l2_retrieval_dataset_pair	target_decoy_null_normalized_best_positive_rank	target_decoy_null_normalized_best_positive_rank	0.6427509313659787	0.6337500728476863	0.6604892521874423	0.013369589669878001	bca	ok	0.95	2000	2000	692	692	86	query_pubchem_cid	direction,cell_type,time_key	direction	95% BCa bootstrap CI clustered by PubChem compound; uncertainty is over the observed compound panel, not broader chemical space.
l1000_phase1	tahoe	logFC	strict_matched_condition	negative_l2	per_gene_population_zscore_dataset	reviewer_l2_retrieval_dataset_pair	delta_vs_target_decoy_null_normalized_best_positive_rank	delta_vs_target_decoy_null_normalized_best_positive_rank	-0.11067306956906706	-0.16432413214064145	-0.06516683373490836	0.049578649202866545	bca	ok	0.95	2000	2000	692	692	86	query_pubchem_cid	direction,cell_type,time_key	direction	95% BCa bootstrap CI clustered by PubChem compound; uncertainty is over the observed compound panel, not broader chemical space.
l1000_phase1	tahoe	logFC	strict_matched_condition	negative_l2	per_gene_population_zscore_dataset_cell_type	reviewer_l2_retrieval_dataset_pair	observed_normalized_best_positive_rank	observed_normalized_best_positive_rank	0.5428728561337448	0.49188161364268146	0.5912493360252956	0.04968386119130708	bca	ok	0.95	2000	2000	692	692	86	query_pubchem_cid	direction,cell_type,time_key	direction	95% BCa bootstrap CI clustered by PubChem compound; uncertainty is over the observed compound panel, not broader chemical space.
l1000_phase1	tahoe	logFC	strict_matched_condition	negative_l2	per_gene_population_zscore_dataset_cell_type	reviewer_l2_retrieval_dataset_pair	observed_recall_at_1	observed_recall_at_1	0.012523178730561453	0.0015624999999999999	0.04130727188561077	0.019872385942805385	bca	ok	0.95	2000	2000	692	692	86	query_pubchem_cid	direction,cell_type,time_key	direction	95% BCa bootstrap CI clustered by PubChem compound; uncertainty is over the observed compound panel, not broader chemical space.
l1000_phase1	tahoe	logFC	strict_matched_condition	negative_l2	per_gene_population_zscore_dataset_cell_type	reviewer_l2_retrieval_dataset_pair	observed_auroc	observed_auroc	0.5398595771408436	0.49023769787752275	0.5945974689842296	0.05217988555335343	bca	ok	0.95	2000	2000	692	692	86	query_pubchem_cid	direction,cell_type,time_key	direction	95% BCa bootstrap CI clustered by PubChem compound; uncertainty is over the observed compound panel, not broader chemical space.
l1000_phase1	tahoe	logFC	strict_matched_condition	negative_l2	per_gene_population_zscore_dataset_cell_type	reviewer_l2_retrieval_dataset_pair	observed_best_positive_similarity	observed_best_positive_similarity	-44.24121570186536	-50.62636293959644	-40.208570975005706	5.208895982295367	bca	ok	0.95	2000	2000	692	692	86	query_pubchem_cid	direction,cell_type,time_key	direction	95% BCa bootstrap CI clustered by PubChem compound; uncertainty is over the observed compound panel, not broader chemical space.
l1000_phase1	tahoe	logFC	strict_matched_condition	negative_l2	per_gene_population_zscore_dataset_cell_type	reviewer_l2_retrieval_dataset_pair	random_normalized_best_positive_rank	random_normalized_best_positive_rank					not_estimable	too_few_clusters_or_values	0.95	2000	0	692	0	0	query_pubchem_cid	direction,cell_type,time_key	direction	95% BCa bootstrap CI clustered by PubChem compound; uncertainty is over the observed compound panel, not broader chemical space.
l1000_phase1	tahoe	logFC	strict_matched_condition	negative_l2	per_gene_population_zscore_dataset_cell_type	reviewer_l2_retrieval_dataset_pair	random_recall_at_1	random_recall_at_1					not_estimable	too_few_clusters_or_values	0.95	2000	0	692	0	0	query_pubchem_cid	direction,cell_type,time_key	direction	95% BCa bootstrap CI clustered by PubChem compound; uncertainty is over the observed compound panel, not broader chemical space.
l1000_phase1	tahoe	logFC	strict_matched_condition	negative_l2	per_gene_population_zscore_dataset_cell_type	reviewer_l2_retrieval_dataset_pair	random_auroc	random_auroc					not_estimable	too_few_clusters_or_values	0.95	2000	0	692	0	0	query_pubchem_cid	direction,cell_type,time_key	direction	95% BCa bootstrap CI clustered by PubChem compound; uncertainty is over the observed compound panel, not broader chemical space.
l1000_phase1	tahoe	logFC	strict_matched_condition	negative_l2	per_gene_population_zscore_dataset_cell_type	reviewer_l2_retrieval_dataset_pair	delta_vs_random_normalized_best_positive_rank	delta_vs_random_normalized_best_positive_rank	-0.09987807523223369	-0.15495879797625448	-0.052370384113292756	0.05129420693148086	bca	ok	0.95	2000	2000	692	692	86	query_pubchem_cid	direction,cell_type,time_key	direction	95% BCa bootstrap CI clustered by PubChem compound; uncertainty is over the observed compound panel, not broader chemical space.
l1000_phase1	tahoe	logFC	strict_matched_condition	negative_l2	per_gene_population_zscore_dataset_cell_type	reviewer_l2_retrieval_dataset_pair	source_individual_n_peers	source_individual_n_peers	254.5253987074502	224.07618900390133	276.6595926697825	26.29170183294059	bca	ok	0.95	2000	2000	692	692	86	query_pubchem_cid	direction,cell_type,time_key	direction	95% BCa bootstrap CI clustered by PubChem compound; uncertainty is over the observed compound panel, not broader chemical space.
l1000_phase1	tahoe	logFC	strict_matched_condition	negative_l2	per_gene_population_zscore_dataset_cell_type	reviewer_l2_retrieval_dataset_pair	source_individual_mean_similarity	source_individual_mean_similarity	-45.891936099304345	-50.306234009083	-43.43341172900465	3.436411140039173	bca	ok	0.95	2000	2000	692	675	86	query_pubchem_cid	direction,cell_type,time_key	direction	95% BCa bootstrap CI clustered by PubChem compound; uncertainty is over the observed compound panel, not broader chemical space.
l1000_phase1	tahoe	logFC	strict_matched_condition	negative_l2	per_gene_population_zscore_dataset_cell_type	reviewer_l2_retrieval_dataset_pair	source_individual_sd_similarity	source_individual_sd_similarity	11.764718904784125	10.321208505951832	12.557068503821977	1.1179299989350726	bca	ok	0.95	2000	2000	692	675	86	query_pubchem_cid	direction,cell_type,time_key	direction	95% BCa bootstrap CI clustered by PubChem compound; uncertainty is over the observed compound panel, not broader chemical space.
l1000_phase1	tahoe	logFC	strict_matched_condition	negative_l2	per_gene_population_zscore_dataset_cell_type	reviewer_l2_retrieval_dataset_pair	source_individual_n_below_observed	source_individual_n_below_observed	154.5052735305805	134.68459332773568	172.38248280657893	18.848944739421626	bca	ok	0.95	2000	2000	692	692	86	query_pubchem_cid	direction,cell_type,time_key	direction	95% BCa bootstrap CI clustered by PubChem compound; uncertainty is over the observed compound panel, not broader chemical space.
l1000_phase1	tahoe	logFC	strict_matched_condition	negative_l2	per_gene_population_zscore_dataset_cell_type	reviewer_l2_retrieval_dataset_pair	source_individual_fraction_below_observed	source_individual_fraction_below_observed	0.5248354729655038	0.46784176723079807	0.5808296032280856	0.05649391799864378	bca	ok	0.95	2000	2000	692	675	86	query_pubchem_cid	direction,cell_type,time_key	direction	95% BCa bootstrap CI clustered by PubChem compound; uncertainty is over the observed compound panel, not broader chemical space.
l1000_phase1	tahoe	logFC	strict_matched_condition	negative_l2	per_gene_population_zscore_dataset_cell_type	reviewer_l2_retrieval_dataset_pair	source_individual_corrected_percentile	source_individual_corrected_percentile	0.5368747220045048	0.48104949680921405	0.5920213584695079	0.05548593083014691	bca	ok	0.95	2000	2000	692	675	86	query_pubchem_cid	direction,cell_type,time_key	direction	95% BCa bootstrap CI clustered by PubChem compound; uncertainty is over the observed compound panel, not broader chemical space.
l1000_phase1	tahoe	logFC	strict_matched_condition	negative_l2	per_gene_population_zscore_dataset_cell_type	reviewer_l2_retrieval_dataset_pair	target_individual_n_peers	target_individual_n_peers	252.84893210436925	221.74120004309424	274.7856296160374	26.52221478647158	bca	ok	0.95	2000	2000	692	692	86	query_pubchem_cid	direction,cell_type,time_key	direction	95% BCa bootstrap CI clustered by PubChem compound; uncertainty is over the observed compound panel, not broader chemical space.
l1000_phase1	tahoe	logFC	strict_matched_condition	negative_l2	per_gene_population_zscore_dataset_cell_type	reviewer_l2_retrieval_dataset_pair	target_individual_mean_similarity	target_individual_mean_similarity	-46.89814757016883	-51.63099709073275	-44.16731165041589	3.731842720158429	bca	ok	0.95	2000	2000	692	687	86	query_pubchem_cid	direction,cell_type,time_key	direction	95% BCa bootstrap CI clustered by PubChem compound; uncertainty is over the observed compound panel, not broader chemical space.
l1000_phase1	tahoe	logFC	strict_matched_condition	negative_l2	per_gene_population_zscore_dataset_cell_type	reviewer_l2_retrieval_dataset_pair	target_individual_sd_similarity	target_individual_sd_similarity	11.629328400134735	10.37429503874717	12.261910444356266	0.9438077028045475	bca	ok	0.95	2000	2000	692	687	86	query_pubchem_cid	direction,cell_type,time_key	direction	95% BCa bootstrap CI clustered by PubChem compound; uncertainty is over the observed compound panel, not broader chemical space.
l1000_phase1	tahoe	logFC	strict_matched_condition	negative_l2	per_gene_population_zscore_dataset_cell_type	reviewer_l2_retrieval_dataset_pair	target_individual_n_below_observed	target_individual_n_below_observed	142.54539579253225	120.81691638747377	162.80948004004154	20.996281826283884	bca	ok	0.95	2000	2000	692	692	86	query_pubchem_cid	direction,cell_type,time_key	direction	95% BCa bootstrap CI clustered by PubChem compound; uncertainty is over the observed compound panel, not broader chemical space.
l1000_phase1	tahoe	logFC	strict_matched_condition	negative_l2	per_gene_population_zscore_dataset_cell_type	reviewer_l2_retrieval_dataset_pair	target_individual_fraction_below_observed	target_individual_fraction_below_observed	0.5503927439041911	0.4861948725717876	0.6064626760266109	0.06013390172741162	bca	ok	0.95	2000	2000	692	687	86	query_pubchem_cid	direction,cell_type,time_key	direction	95% BCa bootstrap CI clustered by PubChem compound; uncertainty is over the observed compound panel, not broader chemical space.
l1000_phase1	tahoe	logFC	strict_matched_condition	negative_l2	per_gene_population_zscore_dataset_cell_type	reviewer_l2_retrieval_dataset_pair	target_individual_corrected_percentile	target_individual_corrected_percentile	0.5588629716806836	0.4963408688776376	0.6141497405369543	0.05890443582965832	bca	ok	0.95	2000	2000	692	687	86	query_pubchem_cid	direction,cell_type,time_key	direction	95% BCa bootstrap CI clustered by PubChem compound; uncertainty is over the observed compound panel, not broader chemical space.
l1000_phase1	tahoe	logFC	strict_matched_condition	negative_l2	per_gene_population_zscore_dataset_cell_type	reviewer_l2_retrieval_dataset_pair	source_centroid_similarity	source_centroid_similarity	-33.474935308746225	-39.471262509123186	-30.493291375229866	4.48898556694666	bca	ok	0.95	2000	2000	692	675	86	query_pubchem_cid	direction,cell_type,time_key	direction	95% BCa bootstrap CI clustered by PubChem compound; uncertainty is over the observed compound panel, not broader chemical space.
l1000_phase1	tahoe	logFC	strict_matched_condition	negative_l2	per_gene_population_zscore_dataset_cell_type	reviewer_l2_retrieval_dataset_pair	source_centroid_normalized_rank	source_centroid_normalized_rank	0.9547217077638019	0.9306181837998854	0.9743898031331297	0.02188580966662218	bca	ok	0.95	2000	2000	692	675	86	query_pubchem_cid	direction,cell_type,time_key	direction	95% BCa bootstrap CI clustered by PubChem compound; uncertainty is over the observed compound panel, not broader chemical space.
l1000_phase1	tahoe	logFC	strict_matched_condition	negative_l2	per_gene_population_zscore_dataset_cell_type	reviewer_l2_retrieval_dataset_pair	source_centroid_recall_at_1	source_centroid_recall_at_1	0.8150504670784817	0.7667574436734971	0.8640143312265354	0.04862844377651915	bca	ok	0.95	2000	2000	692	675	86	query_pubchem_cid	direction,cell_type,time_key	direction	95% BCa bootstrap CI clustered by PubChem compound; uncertainty is over the observed compound panel, not broader chemical space.
l1000_phase1	tahoe	logFC	strict_matched_condition	negative_l2	per_gene_population_zscore_dataset_cell_type	reviewer_l2_retrieval_dataset_pair	source_centroid_auroc	source_centroid_auroc	0.9547217077638019	0.930482351638267	0.974092704840986	0.0218051766013595	bca	ok	0.95	2000	2000	692	675	86	query_pubchem_cid	direction,cell_type,time_key	direction	95% BCa bootstrap CI clustered by PubChem compound; uncertainty is over the observed compound panel, not broader chemical space.
l1000_phase1	tahoe	logFC	strict_matched_condition	negative_l2	per_gene_population_zscore_dataset_cell_type	reviewer_l2_retrieval_dataset_pair	target_centroid_similarity	target_centroid_similarity	-34.51683736726585	-40.54437390971633	-31.43160513198453	4.556384388865899	bca	ok	0.95	2000	2000	692	687	86	query_pubchem_cid	direction,cell_type,time_key	direction	95% BCa bootstrap CI clustered by PubChem compound; uncertainty is over the observed compound panel, not broader chemical space.
l1000_phase1	tahoe	logFC	strict_matched_condition	negative_l2	per_gene_population_zscore_dataset_cell_type	reviewer_l2_retrieval_dataset_pair	target_centroid_normalized_rank	target_centroid_normalized_rank	0.9361808699046912	0.9295972805538619	0.9458771998101366	0.00813995962813735	bca	ok	0.95	2000	2000	692	687	86	query_pubchem_cid	direction,cell_type,time_key	direction	95% BCa bootstrap CI clustered by PubChem compound; uncertainty is over the observed compound panel, not broader chemical space.
l1000_phase1	tahoe	logFC	strict_matched_condition	negative_l2	per_gene_population_zscore_dataset_cell_type	reviewer_l2_retrieval_dataset_pair	target_centroid_recall_at_1	target_centroid_recall_at_1	0.6653523355396723	0.6171698122976581	0.7081905588507366	0.04551037327653923	bca	ok	0.95	2000	2000	692	687	86	query_pubchem_cid	direction,cell_type,time_key	direction	95% BCa bootstrap CI clustered by PubChem compound; uncertainty is over the observed compound panel, not broader chemical space.
l1000_phase1	tahoe	logFC	strict_matched_condition	negative_l2	per_gene_population_zscore_dataset_cell_type	reviewer_l2_retrieval_dataset_pair	target_centroid_auroc	target_centroid_auroc	0.9361835323823928	0.9295116665408856	0.9461458530145337	0.008317093236824058	bca	ok	0.95	2000	2000	692	687	86	query_pubchem_cid	direction,cell_type,time_key	direction	95% BCa bootstrap CI clustered by PubChem compound; uncertainty is over the observed compound panel, not broader chemical space.
l1000_phase1	tahoe	logFC	strict_matched_condition	negative_l2	per_gene_population_zscore_dataset_cell_type	reviewer_l2_retrieval_dataset_pair	source_peer_normalized_rank	source_peer_normalized_rank	0.5335753534596865	0.5169763779653744	0.5623222476853961	0.022672934860010818	bca	ok	0.95	2000	2000	692	675	86	query_pubchem_cid	direction,cell_type,time_key	direction	95% BCa bootstrap CI clustered by PubChem compound; uncertainty is over the observed compound panel, not broader chemical space.
l1000_phase1	tahoe	logFC	strict_matched_condition	negative_l2	per_gene_population_zscore_dataset_cell_type	reviewer_l2_retrieval_dataset_pair	target_peer_normalized_rank	target_peer_normalized_rank	0.4967728628100122	0.4869497272704299	0.5116153496966964	0.01233281121313326	bca	ok	0.95	2000	2000	692	687	86	query_pubchem_cid	direction,cell_type,time_key	direction	95% BCa bootstrap CI clustered by PubChem compound; uncertainty is over the observed compound panel, not broader chemical space.
l1000_phase1	tahoe	logFC	strict_matched_condition	negative_l2	per_gene_population_zscore_dataset_cell_type	reviewer_l2_retrieval_dataset_pair	delta_vs_source_peer_normalized_rank	delta_vs_source_peer_normalized_rank	0.01621428088958648	-0.057203596213563725	0.0740280801574554	0.06561583818550956	bca	ok	0.95	2000	2000	692	675	86	query_pubchem_cid	direction,cell_type,time_key	direction	95% BCa bootstrap CI clustered by PubChem compound; uncertainty is over the observed compound panel, not broader chemical space.
l1000_phase1	tahoe	logFC	strict_matched_condition	negative_l2	per_gene_population_zscore_dataset_cell_type	reviewer_l2_retrieval_dataset_pair	delta_vs_target_peer_normalized_rank	delta_vs_target_peer_normalized_rank	0.0415944079330944	-0.016998217359938842	0.09730070716452018	0.05714946226222951	bca	ok	0.95	2000	2000	692	687	86	query_pubchem_cid	direction,cell_type,time_key	direction	95% BCa bootstrap CI clustered by PubChem compound; uncertainty is over the observed compound panel, not broader chemical space.
l1000_phase1	tahoe	logFC	strict_matched_condition	negative_l2	per_gene_population_zscore_dataset_cell_type	reviewer_l2_retrieval_dataset_pair	target_decoy_null_normalized_best_positive_rank	target_decoy_null_normalized_best_positive_rank	0.6427509313659787	0.6334428404585243	0.6593140728929682	0.012935616217221946	bca	ok	0.95	2000	2000	692	692	86	query_pubchem_cid	direction,cell_type,time_key	direction	95% BCa bootstrap CI clustered by PubChem compound; uncertainty is over the observed compound panel, not broader chemical space.
l1000_phase1	tahoe	logFC	strict_matched_condition	negative_l2	per_gene_population_zscore_dataset_cell_type	reviewer_l2_retrieval_dataset_pair	delta_vs_target_decoy_null_normalized_best_positive_rank	delta_vs_target_decoy_null_normalized_best_positive_rank	-0.09987807523223369	-0.1503619601326992	-0.05106046568713512	0.04965074722278204	bca	ok	0.95	2000	2000	692	692	86	query_pubchem_cid	direction,cell_type,time_key	direction	95% BCa bootstrap CI clustered by PubChem compound; uncertainty is over the observed compound panel, not broader chemical space.
l1000_phase1	tahoe	logFC	strict_matched_condition	negative_l2	raw	reviewer_l2_retrieval_dataset_pair	observed_normalized_best_positive_rank	observed_normalized_best_positive_rank	0.5324138858874756	0.4786577741122116	0.5744388992963674	0.047890562592077884	bca	ok	0.95	2000	2000	692	692	86	query_pubchem_cid	direction,cell_type,time_key	direction	95% BCa bootstrap CI clustered by PubChem compound; uncertainty is over the observed compound panel, not broader chemical space.
l1000_phase1	tahoe	logFC	strict_matched_condition	negative_l2	raw	reviewer_l2_retrieval_dataset_pair	observed_recall_at_1	observed_recall_at_1	0.027018053630210617	0.010846462264466826	0.059605547646650554	0.024379542691091865	bca	ok	0.95	2000	2000	692	692	86	query_pubchem_cid	direction,cell_type,time_key	direction	95% BCa bootstrap CI clustered by PubChem compound; uncertainty is over the observed compound panel, not broader chemical space.
l1000_phase1	tahoe	logFC	strict_matched_condition	negative_l2	raw	reviewer_l2_retrieval_dataset_pair	observed_auroc	observed_auroc	0.5284783159642575	0.47430295560868135	0.5715532252511295	0.048625134821224075	bca	ok	0.95	2000	2000	692	692	86	query_pubchem_cid	direction,cell_type,time_key	direction	95% BCa bootstrap CI clustered by PubChem compound; uncertainty is over the observed compound panel, not broader chemical space.
l1000_phase1	tahoe	logFC	strict_matched_condition	negative_l2	raw	reviewer_l2_retrieval_dataset_pair	observed_best_positive_similarity	observed_best_positive_similarity	-22.81665992630457	-25.291282725041224	-21.208104182718724	2.04158927116125	bca	ok	0.95	2000	2000	692	692	86	query_pubchem_cid	direction,cell_type,time_key	direction	95% BCa bootstrap CI clustered by PubChem compound; uncertainty is over the observed compound panel, not broader chemical space.
l1000_phase1	tahoe	logFC	strict_matched_condition	negative_l2	raw	reviewer_l2_retrieval_dataset_pair	random_normalized_best_positive_rank	random_normalized_best_positive_rank					not_estimable	too_few_clusters_or_values	0.95	2000	0	692	0	0	query_pubchem_cid	direction,cell_type,time_key	direction	95% BCa bootstrap CI clustered by PubChem compound; uncertainty is over the observed compound panel, not broader chemical space.
l1000_phase1	tahoe	logFC	strict_matched_condition	negative_l2	raw	reviewer_l2_retrieval_dataset_pair	random_recall_at_1	random_recall_at_1					not_estimable	too_few_clusters_or_values	0.95	2000	0	692	0	0	query_pubchem_cid	direction,cell_type,time_key	direction	95% BCa bootstrap CI clustered by PubChem compound; uncertainty is over the observed compound panel, not broader chemical space.
l1000_phase1	tahoe	logFC	strict_matched_condition	negative_l2	raw	reviewer_l2_retrieval_dataset_pair	random_auroc	random_auroc					not_estimable	too_few_clusters_or_values	0.95	2000	0	692	0	0	query_pubchem_cid	direction,cell_type,time_key	direction	95% BCa bootstrap CI clustered by PubChem compound; uncertainty is over the observed compound panel, not broader chemical space.
l1000_phase1	tahoe	logFC	strict_matched_condition	negative_l2	raw	reviewer_l2_retrieval_dataset_pair	delta_vs_random_normalized_best_positive_rank	delta_vs_random_normalized_best_positive_rank	-0.11033704547850305	-0.15905031448807835	-0.06532802096094745	0.04686114676356545	bca	ok	0.95	2000	2000	692	692	86	query_pubchem_cid	direction,cell_type,time_key	direction	95% BCa bootstrap CI clustered by PubChem compound; uncertainty is over the observed compound panel, not broader chemical space.
l1000_phase1	tahoe	logFC	strict_matched_condition	negative_l2	raw	reviewer_l2_retrieval_dataset_pair	source_individual_n_peers	source_individual_n_peers	254.5253987074502	223.57174987296168	275.75580654829685	26.092028337667585	bca	ok	0.95	2000	2000	692	692	86	query_pubchem_cid	direction,cell_type,time_key	direction	95% BCa bootstrap CI clustered by PubChem compound; uncertainty is over the observed compound panel, not broader chemical space.
l1000_phase1	tahoe	logFC	strict_matched_condition	negative_l2	raw	reviewer_l2_retrieval_dataset_pair	source_individual_mean_similarity	source_individual_mean_similarity	-22.191156247567882	-23.769290830372128	-21.287761742834828	1.24076454376865	bca	ok	0.95	2000	2000	692	675	86	query_pubchem_cid	direction,cell_type,time_key	direction	95% BCa bootstrap CI clustered by PubChem compound; uncertainty is over the observed compound panel, not broader chemical space.
l1000_phase1	tahoe	logFC	strict_matched_condition	negative_l2	raw	reviewer_l2_retrieval_dataset_pair	source_individual_sd_similarity	source_individual_sd_similarity	4.8884248751228885	4.341905391103131	5.250440268176257	0.45426743853656326	bca	ok	0.95	2000	2000	692	675	86	query_pubchem_cid	direction,cell_type,time_key	direction	95% BCa bootstrap CI clustered by PubChem compound; uncertainty is over the observed compound panel, not broader chemical space.
l1000_phase1	tahoe	logFC	strict_matched_condition	negative_l2	raw	reviewer_l2_retrieval_dataset_pair	source_individual_n_below_observed	source_individual_n_below_observed	182.0551133038636	155.5732014972639	200.79707782153946	22.611938162137776	bca	ok	0.95	2000	2000	692	692	86	query_pubchem_cid	direction,cell_type,time_key	direction	95% BCa bootstrap CI clustered by PubChem compound; uncertainty is over the observed compound panel, not broader chemical space.
l1000_phase1	tahoe	logFC	strict_matched_condition	negative_l2	raw	reviewer_l2_retrieval_dataset_pair	source_individual_fraction_below_observed	source_individual_fraction_below_observed	0.4329369502275527	0.37223916535661117	0.47277367069913323	0.05026725267126103	bca	ok	0.95	2000	2000	692	675	86	query_pubchem_cid	direction,cell_type,time_key	direction	95% BCa bootstrap CI clustered by PubChem compound; uncertainty is over the observed compound panel, not broader chemical space.
l1000_phase1	tahoe	logFC	strict_matched_condition	negative_l2	raw	reviewer_l2_retrieval_dataset_pair	source_individual_corrected_percentile	source_individual_corrected_percentile	0.4497292166282969	0.39144145776726025	0.48838835814499004	0.0484734501888649	bca	ok	0.95	2000	2000	692	675	86	query_pubchem_cid	direction,cell_type,time_key	direction	95% BCa bootstrap CI clustered by PubChem compound; uncertainty is over the observed compound panel, not broader chemical space.
l1000_phase1	tahoe	logFC	strict_matched_condition	negative_l2	raw	reviewer_l2_retrieval_dataset_pair	target_individual_n_peers	target_individual_n_peers	252.84893210436925	224.6500724040628	276.57249551945705	25.961211557697126	bca	ok	0.95	2000	2000	692	692	86	query_pubchem_cid	direction,cell_type,time_key	direction	95% BCa bootstrap CI clustered by PubChem compound; uncertainty is over the observed compound panel, not broader chemical space.
l1000_phase1	tahoe	logFC	strict_matched_condition	negative_l2	raw	reviewer_l2_retrieval_dataset_pair	target_individual_mean_similarity	target_individual_mean_similarity	-23.912365278682604	-25.474805053211867	-22.815914107599884	1.3294454728059915	bca	ok	0.95	2000	2000	692	687	86	query_pubchem_cid	direction,cell_type,time_key	direction	95% BCa bootstrap CI clustered by PubChem compound; uncertainty is over the observed compound panel, not broader chemical space.
l1000_phase1	tahoe	logFC	strict_matched_condition	negative_l2	raw	reviewer_l2_retrieval_dataset_pair	target_individual_sd_similarity	target_individual_sd_similarity	4.920755198948377	4.276154661461962	5.171581697695291	0.4477135181166645	bca	ok	0.95	2000	2000	692	687	86	query_pubchem_cid	direction,cell_type,time_key	direction	95% BCa bootstrap CI clustered by PubChem compound; uncertainty is over the observed compound panel, not broader chemical space.
l1000_phase1	tahoe	logFC	strict_matched_condition	negative_l2	raw	reviewer_l2_retrieval_dataset_pair	target_individual_n_below_observed	target_individual_n_below_observed	136.39521289427347	115.6246300162106	155.09582790454564	19.73559894416752	bca	ok	0.95	2000	2000	692	692	86	query_pubchem_cid	direction,cell_type,time_key	direction	95% BCa bootstrap CI clustered by PubChem compound; uncertainty is over the observed compound panel, not broader chemical space.
l1000_phase1	tahoe	logFC	strict_matched_condition	negative_l2	raw	reviewer_l2_retrieval_dataset_pair	target_individual_fraction_below_observed	target_individual_fraction_below_observed	0.545754600657332	0.4845568014215189	0.5967107015540221	0.056076950066251574	bca	ok	0.95	2000	2000	692	687	86	query_pubchem_cid	direction,cell_type,time_key	direction	95% BCa bootstrap CI clustered by PubChem compound; uncertainty is over the observed compound panel, not broader chemical space.
l1000_phase1	tahoe	logFC	strict_matched_condition	negative_l2	raw	reviewer_l2_retrieval_dataset_pair	target_individual_corrected_percentile	target_individual_corrected_percentile	0.5530579115292985	0.48996629022858146	0.6027022549369943	0.0563679823542064	bca	ok	0.95	2000	2000	692	687	86	query_pubchem_cid	direction,cell_type,time_key	direction	95% BCa bootstrap CI clustered by PubChem compound; uncertainty is over the observed compound panel, not broader chemical space.
l1000_phase1	tahoe	logFC	strict_matched_condition	negative_l2	raw	reviewer_l2_retrieval_dataset_pair	source_centroid_similarity	source_centroid_similarity	-16.266808125572442	-18.467072089512587	-15.127639670721239	1.6697162093956743	bca	ok	0.95	2000	2000	692	675	86	query_pubchem_cid	direction,cell_type,time_key	direction	95% BCa bootstrap CI clustered by PubChem compound; uncertainty is over the observed compound panel, not broader chemical space.
l1000_phase1	tahoe	logFC	strict_matched_condition	negative_l2	raw	reviewer_l2_retrieval_dataset_pair	source_centroid_normalized_rank	source_centroid_normalized_rank	0.9148795678789725	0.874906124006317	0.9466493931622165	0.035871634577949785	bca	ok	0.95	2000	2000	692	675	86	query_pubchem_cid	direction,cell_type,time_key	direction	95% BCa bootstrap CI clustered by PubChem compound; uncertainty is over the observed compound panel, not broader chemical space.
l1000_phase1	tahoe	logFC	strict_matched_condition	negative_l2	raw	reviewer_l2_retrieval_dataset_pair	source_centroid_recall_at_1	source_centroid_recall_at_1	0.8342980906205838	0.7811344293890273	0.8803316944894718	0.04959863255022223	bca	ok	0.95	2000	2000	692	675	86	query_pubchem_cid	direction,cell_type,time_key	direction	95% BCa bootstrap CI clustered by PubChem compound; uncertainty is over the observed compound panel, not broader chemical space.
l1000_phase1	tahoe	logFC	strict_matched_condition	negative_l2	raw	reviewer_l2_retrieval_dataset_pair	source_centroid_auroc	source_centroid_auroc	0.9148795678789725	0.8728716661987945	0.9464091355152119	0.03676873465820868	bca	ok	0.95	2000	2000	692	675	86	query_pubchem_cid	direction,cell_type,time_key	direction	95% BCa bootstrap CI clustered by PubChem compound; uncertainty is over the observed compound panel, not broader chemical space.
l1000_phase1	tahoe	logFC	strict_matched_condition	negative_l2	raw	reviewer_l2_retrieval_dataset_pair	target_centroid_similarity	target_centroid_similarity	-18.149846332859603	-20.418226539306566	-16.888633262509824	1.764796638398371	bca	ok	0.95	2000	2000	692	687	86	query_pubchem_cid	direction,cell_type,time_key	direction	95% BCa bootstrap CI clustered by PubChem compound; uncertainty is over the observed compound panel, not broader chemical space.
l1000_phase1	tahoe	logFC	strict_matched_condition	negative_l2	raw	reviewer_l2_retrieval_dataset_pair	target_centroid_normalized_rank	target_centroid_normalized_rank	0.9339608974206319	0.9271749388953275	0.9432089629998768	0.008017012052274619	bca	ok	0.95	2000	2000	692	687	86	query_pubchem_cid	direction,cell_type,time_key	direction	95% BCa bootstrap CI clustered by PubChem compound; uncertainty is over the observed compound panel, not broader chemical space.
l1000_phase1	tahoe	logFC	strict_matched_condition	negative_l2	raw	reviewer_l2_retrieval_dataset_pair	target_centroid_recall_at_1	target_centroid_recall_at_1	0.5676946779922198	0.5264568802363929	0.6080233362250108	0.040783227994308946	bca	ok	0.95	2000	2000	692	687	86	query_pubchem_cid	direction,cell_type,time_key	direction	95% BCa bootstrap CI clustered by PubChem compound; uncertainty is over the observed compound panel, not broader chemical space.
l1000_phase1	tahoe	logFC	strict_matched_condition	negative_l2	raw	reviewer_l2_retrieval_dataset_pair	target_centroid_auroc	target_centroid_auroc	0.9339582349429301	0.9269880754386258	0.943094203864429	0.008053064212901584	bca	ok	0.95	2000	2000	692	687	86	query_pubchem_cid	direction,cell_type,time_key	direction	95% BCa bootstrap CI clustered by PubChem compound; uncertainty is over the observed compound panel, not broader chemical space.
l1000_phase1	tahoe	logFC	strict_matched_condition	negative_l2	raw	reviewer_l2_retrieval_dataset_pair	source_peer_normalized_rank	source_peer_normalized_rank	0.5855756914318828	0.5651801110391862	0.6164501970007454	0.02563504298077962	bca	ok	0.95	2000	2000	692	675	86	query_pubchem_cid	direction,cell_type,time_key	direction	95% BCa bootstrap CI clustered by PubChem compound; uncertainty is over the observed compound panel, not broader chemical space.
l1000_phase1	tahoe	logFC	strict_matched_condition	negative_l2	raw	reviewer_l2_retrieval_dataset_pair	target_peer_normalized_rank	target_peer_normalized_rank	0.499086204437832	0.4885918169910533	0.5142643939532041	0.012836288481075403	bca	ok	0.95	2000	2000	692	687	86	query_pubchem_cid	direction,cell_type,time_key	direction	95% BCa bootstrap CI clustered by PubChem compound; uncertainty is over the observed compound panel, not broader chemical space.
l1000_phase1	tahoe	logFC	strict_matched_condition	negative_l2	raw	reviewer_l2_retrieval_dataset_pair	delta_vs_source_peer_normalized_rank	delta_vs_source_peer_normalized_rank	-0.0544587114261105	-0.13578700381450193	-0.0001536713221523459	0.06781666624617479	bca	ok	0.95	2000	2000	692	675	86	query_pubchem_cid	direction,cell_type,time_key	direction	95% BCa bootstrap CI clustered by PubChem compound; uncertainty is over the observed compound panel, not broader chemical space.
l1000_phase1	tahoe	logFC	strict_matched_condition	negative_l2	raw	reviewer_l2_retrieval_dataset_pair	delta_vs_target_peer_normalized_rank	delta_vs_target_peer_normalized_rank	0.03202336604112303	-0.029646423239184184	0.08396819947914676	0.056807311359165474	bca	ok	0.95	2000	2000	692	687	86	query_pubchem_cid	direction,cell_type,time_key	direction	95% BCa bootstrap CI clustered by PubChem compound; uncertainty is over the observed compound panel, not broader chemical space.
l1000_phase1	tahoe	logFC	strict_matched_condition	negative_l2	raw	reviewer_l2_retrieval_dataset_pair	target_decoy_null_normalized_best_positive_rank	target_decoy_null_normalized_best_positive_rank	0.6427509313659787	0.6333346381576341	0.6600272630811781	0.01334631246177198	bca	ok	0.95	2000	2000	692	692	86	query_pubchem_cid	direction,cell_type,time_key	direction	95% BCa bootstrap CI clustered by PubChem compound; uncertainty is over the observed compound panel, not broader chemical space.
l1000_phase1	tahoe	logFC	strict_matched_condition	negative_l2	raw	reviewer_l2_retrieval_dataset_pair	delta_vs_target_decoy_null_normalized_best_positive_rank	delta_vs_target_decoy_null_normalized_best_positive_rank	-0.11033704547850305	-0.1641571428876803	-0.0699911278176773	0.0470830075350015	bca	ok	0.95	2000	2000	692	692	86	query_pubchem_cid	direction,cell_type,time_key	direction	95% BCa bootstrap CI clustered by PubChem compound; uncertainty is over the observed compound panel, not broader chemical space.
l1000_phase1	cigs_mce	logFC	strict_matched_condition	negative_l2	per_gene_population_zscore_dataset	reviewer_l2_retrieval_dataset_pair	observed_normalized_best_positive_rank	observed_normalized_best_positive_rank	0.557234890078012	0.49571722155145576	0.6154717839906101	0.059877281219577166	bca	ok	0.95	2000	2000	855	855	124	query_pubchem_cid	direction,cell_type,time_key	direction	95% BCa bootstrap CI clustered by PubChem compound; uncertainty is over the observed compound panel, not broader chemical space.
l1000_phase1	cigs_mce	logFC	strict_matched_condition	negative_l2	per_gene_population_zscore_dataset	reviewer_l2_retrieval_dataset_pair	observed_recall_at_1	observed_recall_at_1	0.04377717626054655	0.009035016694296205	0.19039860826360544	0.09068179578465461	bca	ok	0.95	2000	2000	855	855	124	query_pubchem_cid	direction,cell_type,time_key	direction	95% BCa bootstrap CI clustered by PubChem compound; uncertainty is over the observed compound panel, not broader chemical space.
l1000_phase1	cigs_mce	logFC	strict_matched_condition	negative_l2	per_gene_population_zscore_dataset	reviewer_l2_retrieval_dataset_pair	observed_auroc	observed_auroc	0.5500339982789304	0.4883811627932131	0.6126417252503356	0.062130281228561235	bca	ok	0.95	2000	2000	855	855	124	query_pubchem_cid	direction,cell_type,time_key	direction	95% BCa bootstrap CI clustered by PubChem compound; uncertainty is over the observed compound panel, not broader chemical space.
l1000_phase1	cigs_mce	logFC	strict_matched_condition	negative_l2	per_gene_population_zscore_dataset	reviewer_l2_retrieval_dataset_pair	observed_best_positive_similarity	observed_best_positive_similarity	-32.312206302225334	-34.176070301811684	-30.735326650662344	1.72037182557467	bca	ok	0.95	2000	2000	855	855	124	query_pubchem_cid	direction,cell_type,time_key	direction	95% BCa bootstrap CI clustered by PubChem compound; uncertainty is over the observed compound panel, not broader chemical space.
l1000_phase1	cigs_mce	logFC	strict_matched_condition	negative_l2	per_gene_population_zscore_dataset	reviewer_l2_retrieval_dataset_pair	random_normalized_best_positive_rank	random_normalized_best_positive_rank					not_estimable	too_few_clusters_or_values	0.95	2000	0	855	0	0	query_pubchem_cid	direction,cell_type,time_key	direction	95% BCa bootstrap CI clustered by PubChem compound; uncertainty is over the observed compound panel, not broader chemical space.
l1000_phase1	cigs_mce	logFC	strict_matched_condition	negative_l2	per_gene_population_zscore_dataset	reviewer_l2_retrieval_dataset_pair	random_recall_at_1	random_recall_at_1					not_estimable	too_few_clusters_or_values	0.95	2000	0	855	0	0	query_pubchem_cid	direction,cell_type,time_key	direction	95% BCa bootstrap CI clustered by PubChem compound; uncertainty is over the observed compound panel, not broader chemical space.
l1000_phase1	cigs_mce	logFC	strict_matched_condition	negative_l2	per_gene_population_zscore_dataset	reviewer_l2_retrieval_dataset_pair	random_auroc	random_auroc					not_estimable	too_few_clusters_or_values	0.95	2000	0	855	0	0	query_pubchem_cid	direction,cell_type,time_key	direction	95% BCa bootstrap CI clustered by PubChem compound; uncertainty is over the observed compound panel, not broader chemical space.
l1000_phase1	cigs_mce	logFC	strict_matched_condition	negative_l2	per_gene_population_zscore_dataset	reviewer_l2_retrieval_dataset_pair	delta_vs_random_normalized_best_positive_rank	delta_vs_random_normalized_best_positive_rank	-0.22757220286558336	-0.2912580852545089	-0.17123506385647896	0.060011510699014975	bca	ok	0.95	2000	2000	855	855	124	query_pubchem_cid	direction,cell_type,time_key	direction	95% BCa bootstrap CI clustered by PubChem compound; uncertainty is over the observed compound panel, not broader chemical space.
l1000_phase1	cigs_mce	logFC	strict_matched_condition	negative_l2	per_gene_population_zscore_dataset	reviewer_l2_retrieval_dataset_pair	source_individual_n_peers	source_individual_n_peers	1600.9619885103812	1599.7688415647103	1601.2832379473152	0.7571981913024501	bca	ok	0.95	2000	2000	855	855	124	query_pubchem_cid	direction,cell_type,time_key	direction	95% BCa bootstrap CI clustered by PubChem compound; uncertainty is over the observed compound panel, not broader chemical space.
l1000_phase1	cigs_mce	logFC	strict_matched_condition	negative_l2	per_gene_population_zscore_dataset	reviewer_l2_retrieval_dataset_pair	source_individual_mean_similarity	source_individual_mean_similarity	-32.21775410188152	-35.0177312712587	-30.92711154219455	2.045309864532074	bca	ok	0.95	2000	2000	855	855	124	query_pubchem_cid	direction,cell_type,time_key	direction	95% BCa bootstrap CI clustered by PubChem compound; uncertainty is over the observed compound panel, not broader chemical space.
l1000_phase1	cigs_mce	logFC	strict_matched_condition	negative_l2	per_gene_population_zscore_dataset	reviewer_l2_retrieval_dataset_pair	source_individual_sd_similarity	source_individual_sd_similarity	7.4250820654585565	6.836716214175038	7.663455111464679	0.4133694486448207	bca	ok	0.95	2000	2000	855	855	124	query_pubchem_cid	direction,cell_type,time_key	direction	95% BCa bootstrap CI clustered by PubChem compound; uncertainty is over the observed compound panel, not broader chemical space.
l1000_phase1	cigs_mce	logFC	strict_matched_condition	negative_l2	per_gene_population_zscore_dataset	reviewer_l2_retrieval_dataset_pair	source_individual_n_below_observed	source_individual_n_below_observed	1055.3581510784115	924.1414385183392	1163.387897847705	119.62322966468292	bca	ok	0.95	2000	2000	855	855	124	query_pubchem_cid	direction,cell_type,time_key	direction	95% BCa bootstrap CI clustered by PubChem compound; uncertainty is over the observed compound panel, not broader chemical space.
l1000_phase1	cigs_mce	logFC	strict_matched_condition	negative_l2	per_gene_population_zscore_dataset	reviewer_l2_retrieval_dataset_pair	source_individual_fraction_below_observed	source_individual_fraction_below_observed	0.49412203510974695	0.4342247535809421	0.5619923287973304	0.06388378760819416	bca	ok	0.95	2000	2000	855	855	124	query_pubchem_cid	direction,cell_type,time_key	direction	95% BCa bootstrap CI clustered by PubChem compound; uncertainty is over the observed compound panel, not broader chemical space.
l1000_phase1	cigs_mce	logFC	strict_matched_condition	negative_l2	per_gene_population_zscore_dataset	reviewer_l2_retrieval_dataset_pair	source_individual_corrected_percentile	source_individual_corrected_percentile	0.4961627229914525	0.43136342479949813	0.5638506266771525	0.06624360093882717	bca	ok	0.95	2000	2000	855	855	124	query_pubchem_cid	direction,cell_type,time_key	direction	95% BCa bootstrap CI clustered by PubChem compound; uncertainty is over the observed compound panel, not broader chemical space.
l1000_phase1	cigs_mce	logFC	strict_matched_condition	negative_l2	per_gene_population_zscore_dataset	reviewer_l2_retrieval_dataset_pair	target_individual_n_peers	target_individual_n_peers	1601.086844170242	1600.2096464504857	1601.3686079093802	0.5794807294472548	bca	ok	0.95	2000	2000	855	855	124	query_pubchem_cid	direction,cell_type,time_key	direction	95% BCa bootstrap CI clustered by PubChem compound; uncertainty is over the observed compound panel, not broader chemical space.
l1000_phase1	cigs_mce	logFC	strict_matched_condition	negative_l2	per_gene_population_zscore_dataset	reviewer_l2_retrieval_dataset_pair	target_individual_mean_similarity	target_individual_mean_similarity	-34.504856919046574	-37.63805518063196	-33.3604118494279	2.1388216656020305	bca	ok	0.95	2000	2000	855	855	124	query_pubchem_cid	direction,cell_type,time_key	direction	95% BCa bootstrap CI clustered by PubChem compound; uncertainty is over the observed compound panel, not broader chemical space.
l1000_phase1	cigs_mce	logFC	strict_matched_condition	negative_l2	per_gene_population_zscore_dataset	reviewer_l2_retrieval_dataset_pair	target_individual_sd_similarity	target_individual_sd_similarity	6.8470151852517755	6.433323811703062	7.024536605871495	0.29560639708421643	bca	ok	0.95	2000	2000	855	855	124	query_pubchem_cid	direction,cell_type,time_key	direction	95% BCa bootstrap CI clustered by PubChem compound; uncertainty is over the observed compound panel, not broader chemical space.
l1000_phase1	cigs_mce	logFC	strict_matched_condition	negative_l2	per_gene_population_zscore_dataset	reviewer_l2_retrieval_dataset_pair	target_individual_n_below_observed	target_individual_n_below_observed	896.1646384657471	775.1319145848448	1038.550393787235	131.70923960119507	bca	ok	0.95	2000	2000	855	855	124	query_pubchem_cid	direction,cell_type,time_key	direction	95% BCa bootstrap CI clustered by PubChem compound; uncertainty is over the observed compound panel, not broader chemical space.
l1000_phase1	cigs_mce	logFC	strict_matched_condition	negative_l2	per_gene_population_zscore_dataset	reviewer_l2_retrieval_dataset_pair	target_individual_fraction_below_observed	target_individual_fraction_below_observed	0.5777546307317207	0.5150098604158707	0.6435702329850121	0.06428018628457072	bca	ok	0.95	2000	2000	855	855	124	query_pubchem_cid	direction,cell_type,time_key	direction	95% BCa bootstrap CI clustered by PubChem compound; uncertainty is over the observed compound panel, not broader chemical space.
l1000_phase1	cigs_mce	logFC	strict_matched_condition	negative_l2	per_gene_population_zscore_dataset	reviewer_l2_retrieval_dataset_pair	target_individual_corrected_percentile	target_individual_corrected_percentile	0.5789834243897725	0.5135213003166635	0.6413401072829783	0.06390940348315738	bca	ok	0.95	2000	2000	855	855	124	query_pubchem_cid	direction,cell_type,time_key	direction	95% BCa bootstrap CI clustered by PubChem compound; uncertainty is over the observed compound panel, not broader chemical space.
l1000_phase1	cigs_mce	logFC	strict_matched_condition	negative_l2	per_gene_population_zscore_dataset	reviewer_l2_retrieval_dataset_pair	source_centroid_similarity	source_centroid_similarity	-22.80047888548215	-26.93433939645284	-21.23372975881903	2.8503048188169053	bca	ok	0.95	2000	2000	855	855	124	query_pubchem_cid	direction,cell_type,time_key	direction	95% BCa bootstrap CI clustered by PubChem compound; uncertainty is over the observed compound panel, not broader chemical space.
l1000_phase1	cigs_mce	logFC	strict_matched_condition	negative_l2	per_gene_population_zscore_dataset	reviewer_l2_retrieval_dataset_pair	source_centroid_normalized_rank	source_centroid_normalized_rank	0.9946801500022635	0.9909155405126031	0.9967483151917734	0.002916387339585158	bca	ok	0.95	2000	2000	855	855	124	query_pubchem_cid	direction,cell_type,time_key	direction	95% BCa bootstrap CI clustered by PubChem compound; uncertainty is over the observed compound panel, not broader chemical space.
l1000_phase1	cigs_mce	logFC	strict_matched_condition	negative_l2	per_gene_population_zscore_dataset	reviewer_l2_retrieval_dataset_pair	source_centroid_recall_at_1	source_centroid_recall_at_1	0.864738172027529	0.7288486535959123	0.9142115176861844	0.09268143204513601	bca	ok	0.95	2000	2000	855	855	124	query_pubchem_cid	direction,cell_type,time_key	direction	95% BCa bootstrap CI clustered by PubChem compound; uncertainty is over the observed compound panel, not broader chemical space.
l1000_phase1	cigs_mce	logFC	strict_matched_condition	negative_l2	per_gene_population_zscore_dataset	reviewer_l2_retrieval_dataset_pair	source_centroid_auroc	source_centroid_auroc	0.9946801500022635	0.9909581246172207	0.9968141216605081	0.0029279985216437154	bca	ok	0.95	2000	2000	855	855	124	query_pubchem_cid	direction,cell_type,time_key	direction	95% BCa bootstrap CI clustered by PubChem compound; uncertainty is over the observed compound panel, not broader chemical space.
l1000_phase1	cigs_mce	logFC	strict_matched_condition	negative_l2	per_gene_population_zscore_dataset	reviewer_l2_retrieval_dataset_pair	target_centroid_similarity	target_centroid_similarity	-25.58571188087174	-29.483291809577167	-24.19731492016466	2.642988444706253	bca	ok	0.95	2000	2000	855	855	124	query_pubchem_cid	direction,cell_type,time_key	direction	95% BCa bootstrap CI clustered by PubChem compound; uncertainty is over the observed compound panel, not broader chemical space.
l1000_phase1	cigs_mce	logFC	strict_matched_condition	negative_l2	per_gene_population_zscore_dataset	reviewer_l2_retrieval_dataset_pair	target_centroid_normalized_rank	target_centroid_normalized_rank	0.9338731918623486	0.9260242084250223	0.9431838098125679	0.008579800693772788	bca	ok	0.95	2000	2000	855	855	124	query_pubchem_cid	direction,cell_type,time_key	direction	95% BCa bootstrap CI clustered by PubChem compound; uncertainty is over the observed compound panel, not broader chemical space.
l1000_phase1	cigs_mce	logFC	strict_matched_condition	negative_l2	per_gene_population_zscore_dataset	reviewer_l2_retrieval_dataset_pair	target_centroid_recall_at_1	target_centroid_recall_at_1	0.5020956316410862	0.4255461617272873	0.546244709661817	0.06034927396726486	bca	ok	0.95	2000	2000	855	855	124	query_pubchem_cid	direction,cell_type,time_key	direction	95% BCa bootstrap CI clustered by PubChem compound; uncertainty is over the observed compound panel, not broader chemical space.
l1000_phase1	cigs_mce	logFC	strict_matched_condition	negative_l2	per_gene_population_zscore_dataset	reviewer_l2_retrieval_dataset_pair	target_centroid_auroc	target_centroid_auroc	0.9338731918623486	0.9262121649273379	0.9420734557477783	0.007930645410220205	bca	ok	0.95	2000	2000	855	855	124	query_pubchem_cid	direction,cell_type,time_key	direction	95% BCa bootstrap CI clustered by PubChem compound; uncertainty is over the observed compound panel, not broader chemical space.
l1000_phase1	cigs_mce	logFC	strict_matched_condition	negative_l2	per_gene_population_zscore_dataset	reviewer_l2_retrieval_dataset_pair	source_peer_normalized_rank	source_peer_normalized_rank	0.5572361702805735	0.540659340449906	0.5697912002416765	0.014565929895885232	bca	ok	0.95	2000	2000	855	855	124	query_pubchem_cid	direction,cell_type,time_key	direction	95% BCa bootstrap CI clustered by PubChem compound; uncertainty is over the observed compound panel, not broader chemical space.
l1000_phase1	cigs_mce	logFC	strict_matched_condition	negative_l2	per_gene_population_zscore_dataset	reviewer_l2_retrieval_dataset_pair	target_peer_normalized_rank	target_peer_normalized_rank	0.48158370933439953	0.478333003843598	0.4851580318592097	0.0034125140078058447	bca	ok	0.95	2000	2000	855	855	124	query_pubchem_cid	direction,cell_type,time_key	direction	95% BCa bootstrap CI clustered by PubChem compound; uncertainty is over the observed compound panel, not broader chemical space.
l1000_phase1	cigs_mce	logFC	strict_matched_condition	negative_l2	per_gene_population_zscore_dataset	reviewer_l2_retrieval_dataset_pair	delta_vs_source_peer_normalized_rank	delta_vs_source_peer_normalized_rank	-1.2802025614738755e-06	-0.06770535766323538	0.061154443409054994	0.06442990053614518	bca	ok	0.95	2000	2000	855	855	124	query_pubchem_cid	direction,cell_type,time_key	direction	95% BCa bootstrap CI clustered by PubChem compound; uncertainty is over the observed compound panel, not broader chemical space.
l1000_phase1	cigs_mce	logFC	strict_matched_condition	negative_l2	per_gene_population_zscore_dataset	reviewer_l2_retrieval_dataset_pair	delta_vs_target_peer_normalized_rank	delta_vs_target_peer_normalized_rank	0.07565118074361246	0.013012777120750125	0.14016077249535072	0.0635739976873003	bca	ok	0.95	2000	2000	855	855	124	query_pubchem_cid	direction,cell_type,time_key	direction	95% BCa bootstrap CI clustered by PubChem compound; uncertainty is over the observed compound panel, not broader chemical space.
l1000_phase1	cigs_mce	logFC	strict_matched_condition	negative_l2	per_gene_population_zscore_dataset	reviewer_l2_retrieval_dataset_pair	target_decoy_null_normalized_best_positive_rank	target_decoy_null_normalized_best_positive_rank	0.7848070929435949	0.7795205256905324	0.7881484246384031	0.004313949473935319	bca	ok	0.95	2000	2000	855	855	124	query_pubchem_cid	direction,cell_type,time_key	direction	95% BCa bootstrap CI clustered by PubChem compound; uncertainty is over the observed compound panel, not broader chemical space.
l1000_phase1	cigs_mce	logFC	strict_matched_condition	negative_l2	per_gene_population_zscore_dataset	reviewer_l2_retrieval_dataset_pair	delta_vs_target_decoy_null_normalized_best_positive_rank	delta_vs_target_decoy_null_normalized_best_positive_rank	-0.22757220286558336	-0.29018443812300454	-0.16294405628187866	0.06362019092056294	bca	ok	0.95	2000	2000	855	855	124	query_pubchem_cid	direction,cell_type,time_key	direction	95% BCa bootstrap CI clustered by PubChem compound; uncertainty is over the observed compound panel, not broader chemical space.
l1000_phase1	cigs_mce	logFC	strict_matched_condition	negative_l2	per_gene_population_zscore_dataset_cell_type	reviewer_l2_retrieval_dataset_pair	observed_normalized_best_positive_rank	observed_normalized_best_positive_rank	0.5595473054663826	0.49443554620223606	0.6257672735883425	0.06566586369305322	bca	ok	0.95	2000	2000	855	855	124	query_pubchem_cid	direction,cell_type,time_key	direction	95% BCa bootstrap CI clustered by PubChem compound; uncertainty is over the observed compound panel, not broader chemical space.
l1000_phase1	cigs_mce	logFC	strict_matched_condition	negative_l2	per_gene_population_zscore_dataset_cell_type	reviewer_l2_retrieval_dataset_pair	observed_recall_at_1	observed_recall_at_1	0.06677765139516803	0.01840431933705936	0.18523696639709905	0.08341632353001985	bca	ok	0.95	2000	2000	855	855	124	query_pubchem_cid	direction,cell_type,time_key	direction	95% BCa bootstrap CI clustered by PubChem compound; uncertainty is over the observed compound panel, not broader chemical space.
l1000_phase1	cigs_mce	logFC	strict_matched_condition	negative_l2	per_gene_population_zscore_dataset_cell_type	reviewer_l2_retrieval_dataset_pair	observed_auroc	observed_auroc	0.5522106817146061	0.489311294065348	0.6188974830376676	0.06479309448615977	bca	ok	0.95	2000	2000	855	855	124	query_pubchem_cid	direction,cell_type,time_key	direction	95% BCa bootstrap CI clustered by PubChem compound; uncertainty is over the observed compound panel, not broader chemical space.
l1000_phase1	cigs_mce	logFC	strict_matched_condition	negative_l2	per_gene_population_zscore_dataset_cell_type	reviewer_l2_retrieval_dataset_pair	observed_best_positive_similarity	observed_best_positive_similarity	-37.09408667872564	-41.01274792983308	-34.347518992546014	3.332614468643534	bca	ok	0.95	2000	2000	855	855	124	query_pubchem_cid	direction,cell_type,time_key	direction	95% BCa bootstrap CI clustered by PubChem compound; uncertainty is over the observed compound panel, not broader chemical space.
l1000_phase1	cigs_mce	logFC	strict_matched_condition	negative_l2	per_gene_population_zscore_dataset_cell_type	reviewer_l2_retrieval_dataset_pair	random_normalized_best_positive_rank	random_normalized_best_positive_rank					not_estimable	too_few_clusters_or_values	0.95	2000	0	855	0	0	query_pubchem_cid	direction,cell_type,time_key	direction	95% BCa bootstrap CI clustered by PubChem compound; uncertainty is over the observed compound panel, not broader chemical space.
l1000_phase1	cigs_mce	logFC	strict_matched_condition	negative_l2	per_gene_population_zscore_dataset_cell_type	reviewer_l2_retrieval_dataset_pair	random_recall_at_1	random_recall_at_1					not_estimable	too_few_clusters_or_values	0.95	2000	0	855	0	0	query_pubchem_cid	direction,cell_type,time_key	direction	95% BCa bootstrap CI clustered by PubChem compound; uncertainty is over the observed compound panel, not broader chemical space.
l1000_phase1	cigs_mce	logFC	strict_matched_condition	negative_l2	per_gene_population_zscore_dataset_cell_type	reviewer_l2_retrieval_dataset_pair	random_auroc	random_auroc					not_estimable	too_few_clusters_or_values	0.95	2000	0	855	0	0	query_pubchem_cid	direction,cell_type,time_key	direction	95% BCa bootstrap CI clustered by PubChem compound; uncertainty is over the observed compound panel, not broader chemical space.
l1000_phase1	cigs_mce	logFC	strict_matched_condition	negative_l2	per_gene_population_zscore_dataset_cell_type	reviewer_l2_retrieval_dataset_pair	delta_vs_random_normalized_best_positive_rank	delta_vs_random_normalized_best_positive_rank	-0.2252597874772126	-0.2929802798954882	-0.15862672750589535	0.06717677619479642	bca	ok	0.95	2000	2000	855	855	124	query_pubchem_cid	direction,cell_type,time_key	direction	95% BCa bootstrap CI clustered by PubChem compound; uncertainty is over the observed compound panel, not broader chemical space.
l1000_phase1	cigs_mce	logFC	strict_matched_condition	negative_l2	per_gene_population_zscore_dataset_cell_type	reviewer_l2_retrieval_dataset_pair	source_individual_n_peers	source_individual_n_peers	1600.9619885103812	1599.7865116769844	1601.2841875071028	0.7488379150591982	bca	ok	0.95	2000	2000	855	855	124	query_pubchem_cid	direction,cell_type,time_key	direction	95% BCa bootstrap CI clustered by PubChem compound; uncertainty is over the observed compound panel, not broader chemical space.
l1000_phase1	cigs_mce	logFC	strict_matched_condition	negative_l2	per_gene_population_zscore_dataset_cell_type	reviewer_l2_retrieval_dataset_pair	source_individual_mean_similarity	source_individual_mean_similarity	-38.98649902570669	-43.259332043427776	-37.17689585065867	3.0412180963845543	bca	ok	0.95	2000	2000	855	855	124	query_pubchem_cid	direction,cell_type,time_key	direction	95% BCa bootstrap CI clustered by PubChem compound; uncertainty is over the observed compound panel, not broader chemical space.
l1000_phase1	cigs_mce	logFC	strict_matched_condition	negative_l2	per_gene_population_zscore_dataset_cell_type	reviewer_l2_retrieval_dataset_pair	source_individual_sd_similarity	source_individual_sd_similarity	9.298586922887637	8.566259485525782	9.667265724868635	0.5505031196714265	bca	ok	0.95	2000	2000	855	855	124	query_pubchem_cid	direction,cell_type,time_key	direction	95% BCa bootstrap CI clustered by PubChem compound; uncertainty is over the observed compound panel, not broader chemical space.
l1000_phase1	cigs_mce	logFC	strict_matched_condition	negative_l2	per_gene_population_zscore_dataset_cell_type	reviewer_l2_retrieval_dataset_pair	source_individual_n_below_observed	source_individual_n_below_observed	806.7012972614968	684.8798407481065	931.9766448665015	123.54840205919749	bca	ok	0.95	2000	2000	855	855	124	query_pubchem_cid	direction,cell_type,time_key	direction	95% BCa bootstrap CI clustered by PubChem compound; uncertainty is over the observed compound panel, not broader chemical space.
l1000_phase1	cigs_mce	logFC	strict_matched_condition	negative_l2	per_gene_population_zscore_dataset_cell_type	reviewer_l2_retrieval_dataset_pair	source_individual_fraction_below_observed	source_individual_fraction_below_observed	0.5272820004624013	0.4677525573236047	0.5952682351357842	0.06375783890608974	bca	ok	0.95	2000	2000	855	855	124	query_pubchem_cid	direction,cell_type,time_key	direction	95% BCa bootstrap CI clustered by PubChem compound; uncertainty is over the observed compound panel, not broader chemical space.
l1000_phase1	cigs_mce	logFC	strict_matched_condition	negative_l2	per_gene_population_zscore_dataset_cell_type	reviewer_l2_retrieval_dataset_pair	source_individual_corrected_percentile	source_individual_corrected_percentile	0.528593318740923	0.4680124122882977	0.59212978220051	0.06205868495610617	bca	ok	0.95	2000	2000	855	855	124	query_pubchem_cid	direction,cell_type,time_key	direction	95% BCa bootstrap CI clustered by PubChem compound; uncertainty is over the observed compound panel, not broader chemical space.
l1000_phase1	cigs_mce	logFC	strict_matched_condition	negative_l2	per_gene_population_zscore_dataset_cell_type	reviewer_l2_retrieval_dataset_pair	target_individual_n_peers	target_individual_n_peers	1601.086844170242	1600.0711978833513	1601.3699004949967	0.6493513058227336	bca	ok	0.95	2000	2000	855	855	124	query_pubchem_cid	direction,cell_type,time_key	direction	95% BCa bootstrap CI clustered by PubChem compound; uncertainty is over the observed compound panel, not broader chemical space.
l1000_phase1	cigs_mce	logFC	strict_matched_condition	negative_l2	per_gene_population_zscore_dataset_cell_type	reviewer_l2_retrieval_dataset_pair	target_individual_mean_similarity	target_individual_mean_similarity	-40.00971331043125	-43.92905969131165	-38.20357732738663	2.862741181962509	bca	ok	0.95	2000	2000	855	855	124	query_pubchem_cid	direction,cell_type,time_key	direction	95% BCa bootstrap CI clustered by PubChem compound; uncertainty is over the observed compound panel, not broader chemical space.
l1000_phase1	cigs_mce	logFC	strict_matched_condition	negative_l2	per_gene_population_zscore_dataset_cell_type	reviewer_l2_retrieval_dataset_pair	target_individual_sd_similarity	target_individual_sd_similarity	8.89964539807102	8.263225110686637	9.175855899046985	0.45631539418017386	bca	ok	0.95	2000	2000	855	855	124	query_pubchem_cid	direction,cell_type,time_key	direction	95% BCa bootstrap CI clustered by PubChem compound; uncertainty is over the observed compound panel, not broader chemical space.
l1000_phase1	cigs_mce	logFC	strict_matched_condition	negative_l2	per_gene_population_zscore_dataset_cell_type	reviewer_l2_retrieval_dataset_pair	target_individual_n_below_observed	target_individual_n_below_observed	927.89859331356	807.4741975559878	1064.9349540353837	128.73037823969798	bca	ok	0.95	2000	2000	855	855	124	query_pubchem_cid	direction,cell_type,time_key	direction	95% BCa bootstrap CI clustered by PubChem compound; uncertainty is over the observed compound panel, not broader chemical space.
l1000_phase1	cigs_mce	logFC	strict_matched_condition	negative_l2	per_gene_population_zscore_dataset_cell_type	reviewer_l2_retrieval_dataset_pair	target_individual_fraction_below_observed	target_individual_fraction_below_observed	0.5810681591451723	0.5120234978469647	0.6462769066219896	0.06712670438751245	bca	ok	0.95	2000	2000	855	855	124	query_pubchem_cid	direction,cell_type,time_key	direction	95% BCa bootstrap CI clustered by PubChem compound; uncertainty is over the observed compound panel, not broader chemical space.
l1000_phase1	cigs_mce	logFC	strict_matched_condition	negative_l2	per_gene_population_zscore_dataset_cell_type	reviewer_l2_retrieval_dataset_pair	target_individual_corrected_percentile	target_individual_corrected_percentile	0.582329617276906	0.5172354490572704	0.6529157259128109	0.06784013842777026	bca	ok	0.95	2000	2000	855	855	124	query_pubchem_cid	direction,cell_type,time_key	direction	95% BCa bootstrap CI clustered by PubChem compound; uncertainty is over the observed compound panel, not broader chemical space.
l1000_phase1	cigs_mce	logFC	strict_matched_condition	negative_l2	per_gene_population_zscore_dataset_cell_type	reviewer_l2_retrieval_dataset_pair	source_centroid_similarity	source_centroid_similarity	-27.53655112892003	-32.66933295518289	-25.082706869304303	3.7933130429392925	bca	ok	0.95	2000	2000	855	855	124	query_pubchem_cid	direction,cell_type,time_key	direction	95% BCa bootstrap CI clustered by PubChem compound; uncertainty is over the observed compound panel, not broader chemical space.
l1000_phase1	cigs_mce	logFC	strict_matched_condition	negative_l2	per_gene_population_zscore_dataset_cell_type	reviewer_l2_retrieval_dataset_pair	source_centroid_normalized_rank	source_centroid_normalized_rank	0.9875552537252887	0.9623439131480448	0.9978071643055544	0.017731625578754795	bca	ok	0.95	2000	2000	855	855	124	query_pubchem_cid	direction,cell_type,time_key	direction	95% BCa bootstrap CI clustered by PubChem compound; uncertainty is over the observed compound panel, not broader chemical space.
l1000_phase1	cigs_mce	logFC	strict_matched_condition	negative_l2	per_gene_population_zscore_dataset_cell_type	reviewer_l2_retrieval_dataset_pair	source_centroid_recall_at_1	source_centroid_recall_at_1	0.840889293633196	0.7301462481680902	0.9034783443400956	0.0866660480860027	bca	ok	0.95	2000	2000	855	855	124	query_pubchem_cid	direction,cell_type,time_key	direction	95% BCa bootstrap CI clustered by PubChem compound; uncertainty is over the observed compound panel, not broader chemical space.
l1000_phase1	cigs_mce	logFC	strict_matched_condition	negative_l2	per_gene_population_zscore_dataset_cell_type	reviewer_l2_retrieval_dataset_pair	source_centroid_auroc	source_centroid_auroc	0.9875552537252887	0.9650777276391154	0.997810930828986	0.016366601594935304	bca	ok	0.95	2000	2000	855	855	124	query_pubchem_cid	direction,cell_type,time_key	direction	95% BCa bootstrap CI clustered by PubChem compound; uncertainty is over the observed compound panel, not broader chemical space.
l1000_phase1	cigs_mce	logFC	strict_matched_condition	negative_l2	per_gene_population_zscore_dataset_cell_type	reviewer_l2_retrieval_dataset_pair	target_centroid_similarity	target_centroid_similarity	-28.753548078621957	-33.281995157170904	-26.373531473872326	3.454231841649289	bca	ok	0.95	2000	2000	855	855	124	query_pubchem_cid	direction,cell_type,time_key	direction	95% BCa bootstrap CI clustered by PubChem compound; uncertainty is over the observed compound panel, not broader chemical space.
l1000_phase1	cigs_mce	logFC	strict_matched_condition	negative_l2	per_gene_population_zscore_dataset_cell_type	reviewer_l2_retrieval_dataset_pair	target_centroid_normalized_rank	target_centroid_normalized_rank	0.9959437829480748	0.9921537206997166	0.9974464830429572	0.0026463811716203045	bca	ok	0.95	2000	2000	855	855	124	query_pubchem_cid	direction,cell_type,time_key	direction	95% BCa bootstrap CI clustered by PubChem compound; uncertainty is over the observed compound panel, not broader chemical space.
l1000_phase1	cigs_mce	logFC	strict_matched_condition	negative_l2	per_gene_population_zscore_dataset_cell_type	reviewer_l2_retrieval_dataset_pair	target_centroid_recall_at_1	target_centroid_recall_at_1	0.7755262475883318	0.6721705376832271	0.838121833697115	0.08297564800694396	bca	ok	0.95	2000	2000	855	855	124	query_pubchem_cid	direction,cell_type,time_key	direction	95% BCa bootstrap CI clustered by PubChem compound; uncertainty is over the observed compound panel, not broader chemical space.
l1000_phase1	cigs_mce	logFC	strict_matched_condition	negative_l2	per_gene_population_zscore_dataset_cell_type	reviewer_l2_retrieval_dataset_pair	target_centroid_auroc	target_centroid_auroc	0.9959437829480748	0.9920091979096374	0.9973863547676929	0.002688578429027755	bca	ok	0.95	2000	2000	855	855	124	query_pubchem_cid	direction,cell_type,time_key	direction	95% BCa bootstrap CI clustered by PubChem compound; uncertainty is over the observed compound panel, not broader chemical space.
l1000_phase1	cigs_mce	logFC	strict_matched_condition	negative_l2	per_gene_population_zscore_dataset_cell_type	reviewer_l2_retrieval_dataset_pair	source_peer_normalized_rank	source_peer_normalized_rank	0.5233119569233838	0.4993063253256362	0.5424246232902068	0.02155914898228531	bca	ok	0.95	2000	2000	855	855	124	query_pubchem_cid	direction,cell_type,time_key	direction	95% BCa bootstrap CI clustered by PubChem compound; uncertainty is over the observed compound panel, not broader chemical space.
l1000_phase1	cigs_mce	logFC	strict_matched_condition	negative_l2	per_gene_population_zscore_dataset_cell_type	reviewer_l2_retrieval_dataset_pair	target_peer_normalized_rank	target_peer_normalized_rank	0.4813758977015664	0.478180464452418	0.484693673722763	0.003256604635172494	bca	ok	0.95	2000	2000	855	855	124	query_pubchem_cid	direction,cell_type,time_key	direction	95% BCa bootstrap CI clustered by PubChem compound; uncertainty is over the observed compound panel, not broader chemical space.
l1000_phase1	cigs_mce	logFC	strict_matched_condition	negative_l2	per_gene_population_zscore_dataset_cell_type	reviewer_l2_retrieval_dataset_pair	delta_vs_source_peer_normalized_rank	delta_vs_source_peer_normalized_rank	0.03623534854299895	-0.032729073157994684	0.10410750579461055	0.06841828947630262	bca	ok	0.95	2000	2000	855	855	124	query_pubchem_cid	direction,cell_type,time_key	direction	95% BCa bootstrap CI clustered by PubChem compound; uncertainty is over the observed compound panel, not broader chemical space.
l1000_phase1	cigs_mce	logFC	strict_matched_condition	negative_l2	per_gene_population_zscore_dataset_cell_type	reviewer_l2_retrieval_dataset_pair	delta_vs_target_peer_normalized_rank	delta_vs_target_peer_normalized_rank	0.07817140776481624	0.012232974626511026	0.1465694582919467	0.06716824183271784	bca	ok	0.95	2000	2000	855	855	124	query_pubchem_cid	direction,cell_type,time_key	direction	95% BCa bootstrap CI clustered by PubChem compound; uncertainty is over the observed compound panel, not broader chemical space.
l1000_phase1	cigs_mce	logFC	strict_matched_condition	negative_l2	per_gene_population_zscore_dataset_cell_type	reviewer_l2_retrieval_dataset_pair	target_decoy_null_normalized_best_positive_rank	target_decoy_null_normalized_best_positive_rank	0.7848070929435949	0.7792706978312453	0.7881992832806028	0.004464292724678798	bca	ok	0.95	2000	2000	855	855	124	query_pubchem_cid	direction,cell_type,time_key	direction	95% BCa bootstrap CI clustered by PubChem compound; uncertainty is over the observed compound panel, not broader chemical space.
l1000_phase1	cigs_mce	logFC	strict_matched_condition	negative_l2	per_gene_population_zscore_dataset_cell_type	reviewer_l2_retrieval_dataset_pair	delta_vs_target_decoy_null_normalized_best_positive_rank	delta_vs_target_decoy_null_normalized_best_positive_rank	-0.2252597874772126	-0.29084977196383377	-0.1539987359693694	0.06842551799723219	bca	ok	0.95	2000	2000	855	855	124	query_pubchem_cid	direction,cell_type,time_key	direction	95% BCa bootstrap CI clustered by PubChem compound; uncertainty is over the observed compound panel, not broader chemical space.
l1000_phase1	cigs_mce	logFC	strict_matched_condition	negative_l2	raw	reviewer_l2_retrieval_dataset_pair	observed_normalized_best_positive_rank	observed_normalized_best_positive_rank	0.5505900655773173	0.49196891736561643	0.6128491288247361	0.06044010572955982	bca	ok	0.95	2000	2000	855	855	124	query_pubchem_cid	direction,cell_type,time_key	direction	95% BCa bootstrap CI clustered by PubChem compound; uncertainty is over the observed compound panel, not broader chemical space.
l1000_phase1	cigs_mce	logFC	strict_matched_condition	negative_l2	raw	reviewer_l2_retrieval_dataset_pair	observed_recall_at_1	observed_recall_at_1	0.06612830074581738	0.01851408821964243	0.1876790645977974	0.08458248818907749	bca	ok	0.95	2000	2000	855	855	124	query_pubchem_cid	direction,cell_type,time_key	direction	95% BCa bootstrap CI clustered by PubChem compound; uncertainty is over the observed compound panel, not broader chemical space.
l1000_phase1	cigs_mce	logFC	strict_matched_condition	negative_l2	raw	reviewer_l2_retrieval_dataset_pair	observed_auroc	observed_auroc	0.543473023101574	0.47665497818424885	0.6031817761379721	0.06326339897686162	bca	ok	0.95	2000	2000	855	855	124	query_pubchem_cid	direction,cell_type,time_key	direction	95% BCa bootstrap CI clustered by PubChem compound; uncertainty is over the observed compound panel, not broader chemical space.
l1000_phase1	cigs_mce	logFC	strict_matched_condition	negative_l2	raw	reviewer_l2_retrieval_dataset_pair	observed_best_positive_similarity	observed_best_positive_similarity	-18.399446800541966	-19.562959358516974	-17.575975037306122	0.9934921606054257	bca	ok	0.95	2000	2000	855	855	124	query_pubchem_cid	direction,cell_type,time_key	direction	95% BCa bootstrap CI clustered by PubChem compound; uncertainty is over the observed compound panel, not broader chemical space.
l1000_phase1	cigs_mce	logFC	strict_matched_condition	negative_l2	raw	reviewer_l2_retrieval_dataset_pair	random_normalized_best_positive_rank	random_normalized_best_positive_rank					not_estimable	too_few_clusters_or_values	0.95	2000	0	855	0	0	query_pubchem_cid	direction,cell_type,time_key	direction	95% BCa bootstrap CI clustered by PubChem compound; uncertainty is over the observed compound panel, not broader chemical space.
l1000_phase1	cigs_mce	logFC	strict_matched_condition	negative_l2	raw	reviewer_l2_retrieval_dataset_pair	random_recall_at_1	random_recall_at_1					not_estimable	too_few_clusters_or_values	0.95	2000	0	855	0	0	query_pubchem_cid	direction,cell_type,time_key	direction	95% BCa bootstrap CI clustered by PubChem compound; uncertainty is over the observed compound panel, not broader chemical space.
l1000_phase1	cigs_mce	logFC	strict_matched_condition	negative_l2	raw	reviewer_l2_retrieval_dataset_pair	random_auroc	random_auroc					not_estimable	too_few_clusters_or_values	0.95	2000	0	855	0	0	query_pubchem_cid	direction,cell_type,time_key	direction	95% BCa bootstrap CI clustered by PubChem compound; uncertainty is over the observed compound panel, not broader chemical space.
l1000_phase1	cigs_mce	logFC	strict_matched_condition	negative_l2	raw	reviewer_l2_retrieval_dataset_pair	delta_vs_random_normalized_best_positive_rank	delta_vs_random_normalized_best_positive_rank	-0.23421702736627806	-0.29551813056664933	-0.1735350976028417	0.06099151648190382	bca	ok	0.95	2000	2000	855	855	124	query_pubchem_cid	direction,cell_type,time_key	direction	95% BCa bootstrap CI clustered by PubChem compound; uncertainty is over the observed compound panel, not broader chemical space.
l1000_phase1	cigs_mce	logFC	strict_matched_condition	negative_l2	raw	reviewer_l2_retrieval_dataset_pair	source_individual_n_peers	source_individual_n_peers	1600.9619885103812	1599.861828644452	1601.27838480965	0.7082780825990085	bca	ok	0.95	2000	2000	855	855	124	query_pubchem_cid	direction,cell_type,time_key	direction	95% BCa bootstrap CI clustered by PubChem compound; uncertainty is over the observed compound panel, not broader chemical space.
l1000_phase1	cigs_mce	logFC	strict_matched_condition	negative_l2	raw	reviewer_l2_retrieval_dataset_pair	source_individual_mean_similarity	source_individual_mean_similarity	-18.284854892526855	-20.08629546739273	-17.676920795908412	1.2046873357421592	bca	ok	0.95	2000	2000	855	855	124	query_pubchem_cid	direction,cell_type,time_key	direction	95% BCa bootstrap CI clustered by PubChem compound; uncertainty is over the observed compound panel, not broader chemical space.
l1000_phase1	cigs_mce	logFC	strict_matched_condition	negative_l2	raw	reviewer_l2_retrieval_dataset_pair	source_individual_sd_similarity	source_individual_sd_similarity	3.941889563632439	3.625324763625416	4.075395923309104	0.2250355798418442	bca	ok	0.95	2000	2000	855	855	124	query_pubchem_cid	direction,cell_type,time_key	direction	95% BCa bootstrap CI clustered by PubChem compound; uncertainty is over the observed compound panel, not broader chemical space.
l1000_phase1	cigs_mce	logFC	strict_matched_condition	negative_l2	raw	reviewer_l2_retrieval_dataset_pair	source_individual_n_below_observed	source_individual_n_below_observed	910.7838886169263	772.497106189513	1023.7441334542963	125.62351363239162	bca	ok	0.95	2000	2000	855	855	124	query_pubchem_cid	direction,cell_type,time_key	direction	95% BCa bootstrap CI clustered by PubChem compound; uncertainty is over the observed compound panel, not broader chemical space.
l1000_phase1	cigs_mce	logFC	strict_matched_condition	negative_l2	raw	reviewer_l2_retrieval_dataset_pair	source_individual_fraction_below_observed	source_individual_fraction_below_observed	0.472339407619966	0.4116071991071803	0.5381466030698078	0.06326970198131374	bca	ok	0.95	2000	2000	855	855	124	query_pubchem_cid	direction,cell_type,time_key	direction	95% BCa bootstrap CI clustered by PubChem compound; uncertainty is over the observed compound panel, not broader chemical space.
l1000_phase1	cigs_mce	logFC	strict_matched_condition	negative_l2	raw	reviewer_l2_retrieval_dataset_pair	source_individual_corrected_percentile	source_individual_corrected_percentile	0.4742629427392415	0.4150754429303825	0.5438951632834147	0.06440986017651609	bca	ok	0.95	2000	2000	855	855	124	query_pubchem_cid	direction,cell_type,time_key	direction	95% BCa bootstrap CI clustered by PubChem compound; uncertainty is over the observed compound panel, not broader chemical space.
l1000_phase1	cigs_mce	logFC	strict_matched_condition	negative_l2	raw	reviewer_l2_retrieval_dataset_pair	target_individual_n_peers	target_individual_n_peers	1601.086844170242	1600.2202041202127	1601.3728392503501	0.5763175650687344	bca	ok	0.95	2000	2000	855	855	124	query_pubchem_cid	direction,cell_type,time_key	direction	95% BCa bootstrap CI clustered by PubChem compound; uncertainty is over the observed compound panel, not broader chemical space.
l1000_phase1	cigs_mce	logFC	strict_matched_condition	negative_l2	raw	reviewer_l2_retrieval_dataset_pair	target_individual_mean_similarity	target_individual_mean_similarity	-19.612163580854336	-21.12420510956033	-19.00327004296853	1.060467533295899	bca	ok	0.95	2000	2000	855	855	124	query_pubchem_cid	direction,cell_type,time_key	direction	95% BCa bootstrap CI clustered by PubChem compound; uncertainty is over the observed compound panel, not broader chemical space.
l1000_phase1	cigs_mce	logFC	strict_matched_condition	negative_l2	raw	reviewer_l2_retrieval_dataset_pair	target_individual_sd_similarity	target_individual_sd_similarity	3.7115570245089504	3.463010656870834	3.806783891191716	0.17188661716044096	bca	ok	0.95	2000	2000	855	855	124	query_pubchem_cid	direction,cell_type,time_key	direction	95% BCa bootstrap CI clustered by PubChem compound; uncertainty is over the observed compound panel, not broader chemical space.
l1000_phase1	cigs_mce	logFC	strict_matched_condition	negative_l2	raw	reviewer_l2_retrieval_dataset_pair	target_individual_n_below_observed	target_individual_n_below_observed	894.2705801681689	762.5339842738719	1028.4432095864745	132.95461265630132	bca	ok	0.95	2000	2000	855	855	124	query_pubchem_cid	direction,cell_type,time_key	direction	95% BCa bootstrap CI clustered by PubChem compound; uncertainty is over the observed compound panel, not broader chemical space.
l1000_phase1	cigs_mce	logFC	strict_matched_condition	negative_l2	raw	reviewer_l2_retrieval_dataset_pair	target_individual_fraction_below_observed	target_individual_fraction_below_observed	0.5727901966843663	0.5039594702269133	0.6330371758320812	0.06453885280258392	bca	ok	0.95	2000	2000	855	855	124	query_pubchem_cid	direction,cell_type,time_key	direction	95% BCa bootstrap CI clustered by PubChem compound; uncertainty is over the observed compound panel, not broader chemical space.
l1000_phase1	cigs_mce	logFC	strict_matched_condition	negative_l2	raw	reviewer_l2_retrieval_dataset_pair	target_individual_corrected_percentile	target_individual_corrected_percentile	0.5740204715351709	0.5144052909656593	0.6372398709568609	0.061417289995600755	bca	ok	0.95	2000	2000	855	855	124	query_pubchem_cid	direction,cell_type,time_key	direction	95% BCa bootstrap CI clustered by PubChem compound; uncertainty is over the observed compound panel, not broader chemical space.
l1000_phase1	cigs_mce	logFC	strict_matched_condition	negative_l2	raw	reviewer_l2_retrieval_dataset_pair	source_centroid_similarity	source_centroid_similarity	-12.94032003856882	-14.938515299119329	-12.073736210359609	1.43238954437986	bca	ok	0.95	2000	2000	855	855	124	query_pubchem_cid	direction,cell_type,time_key	direction	95% BCa bootstrap CI clustered by PubChem compound; uncertainty is over the observed compound panel, not broader chemical space.
l1000_phase1	cigs_mce	logFC	strict_matched_condition	negative_l2	raw	reviewer_l2_retrieval_dataset_pair	source_centroid_normalized_rank	source_centroid_normalized_rank	0.9974244451143923	0.9940878922586786	0.9989865566696184	0.002449332205469945	bca	ok	0.95	2000	2000	855	855	124	query_pubchem_cid	direction,cell_type,time_key	direction	95% BCa bootstrap CI clustered by PubChem compound; uncertainty is over the observed compound panel, not broader chemical space.
l1000_phase1	cigs_mce	logFC	strict_matched_condition	negative_l2	raw	reviewer_l2_retrieval_dataset_pair	source_centroid_recall_at_1	source_centroid_recall_at_1	0.89314726293662	0.7767000777314603	0.9425201388688721	0.08291003056870588	bca	ok	0.95	2000	2000	855	855	124	query_pubchem_cid	direction,cell_type,time_key	direction	95% BCa bootstrap CI clustered by PubChem compound; uncertainty is over the observed compound panel, not broader chemical space.
l1000_phase1	cigs_mce	logFC	strict_matched_condition	negative_l2	raw	reviewer_l2_retrieval_dataset_pair	source_centroid_auroc	source_centroid_auroc	0.9974244451143923	0.9931239584262446	0.9988734860947492	0.0028747638342523363	bca	ok	0.95	2000	2000	855	855	124	query_pubchem_cid	direction,cell_type,time_key	direction	95% BCa bootstrap CI clustered by PubChem compound; uncertainty is over the observed compound panel, not broader chemical space.
l1000_phase1	cigs_mce	logFC	strict_matched_condition	negative_l2	raw	reviewer_l2_retrieval_dataset_pair	target_centroid_similarity	target_centroid_similarity	-14.66880661245015	-16.296377900724032	-13.912940542951123	1.1917186788864544	bca	ok	0.95	2000	2000	855	855	124	query_pubchem_cid	direction,cell_type,time_key	direction	95% BCa bootstrap CI clustered by PubChem compound; uncertainty is over the observed compound panel, not broader chemical space.
l1000_phase1	cigs_mce	logFC	strict_matched_condition	negative_l2	raw	reviewer_l2_retrieval_dataset_pair	target_centroid_normalized_rank	target_centroid_normalized_rank	0.9583234338022832	0.9486856334424755	0.9685842629772115	0.00994931476736799	bca	ok	0.95	2000	2000	855	855	124	query_pubchem_cid	direction,cell_type,time_key	direction	95% BCa bootstrap CI clustered by PubChem compound; uncertainty is over the observed compound panel, not broader chemical space.
l1000_phase1	cigs_mce	logFC	strict_matched_condition	negative_l2	raw	reviewer_l2_retrieval_dataset_pair	target_centroid_recall_at_1	target_centroid_recall_at_1	0.573967662049702	0.47378685694680145	0.6601557872881471	0.0931844651706728	bca	ok	0.95	2000	2000	855	855	124	query_pubchem_cid	direction,cell_type,time_key	direction	95% BCa bootstrap CI clustered by PubChem compound; uncertainty is over the observed compound panel, not broader chemical space.
l1000_phase1	cigs_mce	logFC	strict_matched_condition	negative_l2	raw	reviewer_l2_retrieval_dataset_pair	target_centroid_auroc	target_centroid_auroc	0.9583234338022832	0.948084262901386	0.968612879926045	0.010264308512329456	bca	ok	0.95	2000	2000	855	855	124	query_pubchem_cid	direction,cell_type,time_key	direction	95% BCa bootstrap CI clustered by PubChem compound; uncertainty is over the observed compound panel, not broader chemical space.
l1000_phase1	cigs_mce	logFC	strict_matched_condition	negative_l2	raw	reviewer_l2_retrieval_dataset_pair	source_peer_normalized_rank	source_peer_normalized_rank	0.5778772978356473	0.5645412042065069	0.5883999554385989	0.011929375616046012	bca	ok	0.95	2000	2000	855	855	124	query_pubchem_cid	direction,cell_type,time_key	direction	95% BCa bootstrap CI clustered by PubChem compound; uncertainty is over the observed compound panel, not broader chemical space.
l1000_phase1	cigs_mce	logFC	strict_matched_condition	negative_l2	raw	reviewer_l2_retrieval_dataset_pair	target_peer_normalized_rank	target_peer_normalized_rank	0.4801315796497174	0.47696325931368605	0.48342969919644047	0.003233219941377208	bca	ok	0.95	2000	2000	855	855	124	query_pubchem_cid	direction,cell_type,time_key	direction	95% BCa bootstrap CI clustered by PubChem compound; uncertainty is over the observed compound panel, not broader chemical space.
l1000_phase1	cigs_mce	logFC	strict_matched_condition	negative_l2	raw	reviewer_l2_retrieval_dataset_pair	delta_vs_source_peer_normalized_rank	delta_vs_source_peer_normalized_rank	-0.027287232258330046	-0.0953440188206849	0.03867375574865374	0.06700888728466932	bca	ok	0.95	2000	2000	855	855	124	query_pubchem_cid	direction,cell_type,time_key	direction	95% BCa bootstrap CI clustered by PubChem compound; uncertainty is over the observed compound panel, not broader chemical space.
l1000_phase1	cigs_mce	logFC	strict_matched_condition	negative_l2	raw	reviewer_l2_retrieval_dataset_pair	delta_vs_target_peer_normalized_rank	delta_vs_target_peer_normalized_rank	0.07045848592759989	0.010932754346648062	0.12928364976829107	0.059175447710821505	bca	ok	0.95	2000	2000	855	855	124	query_pubchem_cid	direction,cell_type,time_key	direction	95% BCa bootstrap CI clustered by PubChem compound; uncertainty is over the observed compound panel, not broader chemical space.
l1000_phase1	cigs_mce	logFC	strict_matched_condition	negative_l2	raw	reviewer_l2_retrieval_dataset_pair	target_decoy_null_normalized_best_positive_rank	target_decoy_null_normalized_best_positive_rank	0.7848070929435949	0.779319530474313	0.7883415132617142	0.004510991393700592	bca	ok	0.95	2000	2000	855	855	124	query_pubchem_cid	direction,cell_type,time_key	direction	95% BCa bootstrap CI clustered by PubChem compound; uncertainty is over the observed compound panel, not broader chemical space.
l1000_phase1	cigs_mce	logFC	strict_matched_condition	negative_l2	raw	reviewer_l2_retrieval_dataset_pair	delta_vs_target_decoy_null_normalized_best_positive_rank	delta_vs_target_decoy_null_normalized_best_positive_rank	-0.23421702736627806	-0.2957174798290775	-0.17149163929053945	0.06211292026926901	bca	ok	0.95	2000	2000	855	855	124	query_pubchem_cid	direction,cell_type,time_key	direction	95% BCa bootstrap CI clustered by PubChem compound; uncertainty is over the observed compound panel, not broader chemical space.
l1000_phase1	sciplex	logFC	strict_matched_condition	negative_l2	per_gene_population_zscore_dataset	reviewer_l2_retrieval_dataset_pair	observed_normalized_best_positive_rank	observed_normalized_best_positive_rank	0.5959995213436744	0.5615859303532793	0.6328269188449317	0.035620494245826195	bca	ok	0.95	2000	2000	1897	1897	90	query_pubchem_cid	direction,cell_type,time_key	direction	95% BCa bootstrap CI clustered by PubChem compound; uncertainty is over the observed compound panel, not broader chemical space.
l1000_phase1	sciplex	logFC	strict_matched_condition	negative_l2	per_gene_population_zscore_dataset	reviewer_l2_retrieval_dataset_pair	observed_recall_at_1	observed_recall_at_1	0.02751026185701439	0.01315950672896322	0.061027434878888176	0.02393396407496248	bca	ok	0.95	2000	2000	1897	1897	90	query_pubchem_cid	direction,cell_type,time_key	direction	95% BCa bootstrap CI clustered by PubChem compound; uncertainty is over the observed compound panel, not broader chemical space.
l1000_phase1	sciplex	logFC	strict_matched_condition	negative_l2	per_gene_population_zscore_dataset	reviewer_l2_retrieval_dataset_pair	observed_auroc	observed_auroc	0.5953659503960393	0.5621908469316343	0.632827008528578	0.03531808079847182	bca	ok	0.95	2000	2000	1897	1897	90	query_pubchem_cid	direction,cell_type,time_key	direction	95% BCa bootstrap CI clustered by PubChem compound; uncertainty is over the observed compound panel, not broader chemical space.
l1000_phase1	sciplex	logFC	strict_matched_condition	negative_l2	per_gene_population_zscore_dataset	reviewer_l2_retrieval_dataset_pair	observed_best_positive_similarity	observed_best_positive_similarity	-38.38222443878652	-40.20367252392501	-36.7807257354661	1.7114733942294542	bca	ok	0.95	2000	2000	1897	1897	90	query_pubchem_cid	direction,cell_type,time_key	direction	95% BCa bootstrap CI clustered by PubChem compound; uncertainty is over the observed compound panel, not broader chemical space.
l1000_phase1	sciplex	logFC	strict_matched_condition	negative_l2	per_gene_population_zscore_dataset	reviewer_l2_retrieval_dataset_pair	random_normalized_best_positive_rank	random_normalized_best_positive_rank					not_estimable	too_few_clusters_or_values	0.95	2000	0	1897	0	0	query_pubchem_cid	direction,cell_type,time_key	direction	95% BCa bootstrap CI clustered by PubChem compound; uncertainty is over the observed compound panel, not broader chemical space.
l1000_phase1	sciplex	logFC	strict_matched_condition	negative_l2	per_gene_population_zscore_dataset	reviewer_l2_retrieval_dataset_pair	random_recall_at_1	random_recall_at_1					not_estimable	too_few_clusters_or_values	0.95	2000	0	1897	0	0	query_pubchem_cid	direction,cell_type,time_key	direction	95% BCa bootstrap CI clustered by PubChem compound; uncertainty is over the observed compound panel, not broader chemical space.
l1000_phase1	sciplex	logFC	strict_matched_condition	negative_l2	per_gene_population_zscore_dataset	reviewer_l2_retrieval_dataset_pair	random_auroc	random_auroc					not_estimable	too_few_clusters_or_values	0.95	2000	0	1897	0	0	query_pubchem_cid	direction,cell_type,time_key	direction	95% BCa bootstrap CI clustered by PubChem compound; uncertainty is over the observed compound panel, not broader chemical space.
l1000_phase1	sciplex	logFC	strict_matched_condition	negative_l2	per_gene_population_zscore_dataset	reviewer_l2_retrieval_dataset_pair	delta_vs_random_normalized_best_positive_rank	delta_vs_random_normalized_best_positive_rank	-0.12291338786855564	-0.1526692540926036	-0.0902290749494797	0.03122008957156195	bca	ok	0.95	2000	2000	1897	1897	90	query_pubchem_cid	direction,cell_type,time_key	direction	95% BCa bootstrap CI clustered by PubChem compound; uncertainty is over the observed compound panel, not broader chemical space.
l1000_phase1	sciplex	logFC	strict_matched_condition	negative_l2	per_gene_population_zscore_dataset	reviewer_l2_retrieval_dataset_pair	source_individual_n_peers	source_individual_n_peers	580.0352668113383	528.0406950907006	617.412938333031	44.68612162116517	bca	ok	0.95	2000	2000	1897	1897	90	query_pubchem_cid	direction,cell_type,time_key	direction	95% BCa bootstrap CI clustered by PubChem compound; uncertainty is over the observed compound panel, not broader chemical space.
l1000_phase1	sciplex	logFC	strict_matched_condition	negative_l2	per_gene_population_zscore_dataset	reviewer_l2_retrieval_dataset_pair	source_individual_mean_similarity	source_individual_mean_similarity	-39.54667431289012	-41.066741115763	-38.43552047506523	1.3156103203488847	bca	ok	0.95	2000	2000	1897	1876	90	query_pubchem_cid	direction,cell_type,time_key	direction	95% BCa bootstrap CI clustered by PubChem compound; uncertainty is over the observed compound panel, not broader chemical space.
l1000_phase1	sciplex	logFC	strict_matched_condition	negative_l2	per_gene_population_zscore_dataset	reviewer_l2_retrieval_dataset_pair	source_individual_sd_similarity	source_individual_sd_similarity	8.261673844272513	7.947924235100031	8.57767609384892	0.3148759293744443	bca	ok	0.95	2000	2000	1897	1876	90	query_pubchem_cid	direction,cell_type,time_key	direction	95% BCa bootstrap CI clustered by PubChem compound; uncertainty is over the observed compound panel, not broader chemical space.
l1000_phase1	sciplex	logFC	strict_matched_condition	negative_l2	per_gene_population_zscore_dataset	reviewer_l2_retrieval_dataset_pair	source_individual_n_below_observed	source_individual_n_below_observed	289.57654309937743	264.05161371784266	317.564406369604	26.756396325880672	bca	ok	0.95	2000	2000	1897	1897	90	query_pubchem_cid	direction,cell_type,time_key	direction	95% BCa bootstrap CI clustered by PubChem compound; uncertainty is over the observed compound panel, not broader chemical space.
l1000_phase1	sciplex	logFC	strict_matched_condition	negative_l2	per_gene_population_zscore_dataset	reviewer_l2_retrieval_dataset_pair	source_individual_fraction_below_observed	source_individual_fraction_below_observed	0.5174691754510352	0.49002982322003186	0.5480561353946051	0.029013156087286607	bca	ok	0.95	2000	2000	1897	1876	90	query_pubchem_cid	direction,cell_type,time_key	direction	95% BCa bootstrap CI clustered by PubChem compound; uncertainty is over the observed compound panel, not broader chemical space.
l1000_phase1	sciplex	logFC	strict_matched_condition	negative_l2	per_gene_population_zscore_dataset	reviewer_l2_retrieval_dataset_pair	source_individual_corrected_percentile	source_individual_corrected_percentile	0.5226198534724877	0.49451538745347756	0.552465331879424	0.028974972212973238	bca	ok	0.95	2000	2000	1897	1876	90	query_pubchem_cid	direction,cell_type,time_key	direction	95% BCa bootstrap CI clustered by PubChem compound; uncertainty is over the observed compound panel, not broader chemical space.
l1000_phase1	sciplex	logFC	strict_matched_condition	negative_l2	per_gene_population_zscore_dataset	reviewer_l2_retrieval_dataset_pair	target_individual_n_peers	target_individual_n_peers	489.1751492803688	440.8288079549212	539.4959682649855	49.333580155032166	bca	ok	0.95	2000	2000	1897	1897	90	query_pubchem_cid	direction,cell_type,time_key	direction	95% BCa bootstrap CI clustered by PubChem compound; uncertainty is over the observed compound panel, not broader chemical space.
l1000_phase1	sciplex	logFC	strict_matched_condition	negative_l2	per_gene_population_zscore_dataset	reviewer_l2_retrieval_dataset_pair	target_individual_mean_similarity	target_individual_mean_similarity	-41.050552896452984	-42.73211005660456	-39.844179001669445	1.443965527467558	bca	ok	0.95	2000	2000	1897	1887	90	query_pubchem_cid	direction,cell_type,time_key	direction	95% BCa bootstrap CI clustered by PubChem compound; uncertainty is over the observed compound panel, not broader chemical space.
l1000_phase1	sciplex	logFC	strict_matched_condition	negative_l2	per_gene_population_zscore_dataset	reviewer_l2_retrieval_dataset_pair	target_individual_sd_similarity	target_individual_sd_similarity	7.648114191165208	7.22298870704001	7.988198080734046	0.3826046868470181	bca	ok	0.95	2000	2000	1897	1887	90	query_pubchem_cid	direction,cell_type,time_key	direction	95% BCa bootstrap CI clustered by PubChem compound; uncertainty is over the observed compound panel, not broader chemical space.
l1000_phase1	sciplex	logFC	strict_matched_condition	negative_l2	per_gene_population_zscore_dataset	reviewer_l2_retrieval_dataset_pair	target_individual_n_below_observed	target_individual_n_below_observed	289.2631563354837	257.41259828753107	324.005472109623	33.29643691104596	bca	ok	0.95	2000	2000	1897	1897	90	query_pubchem_cid	direction,cell_type,time_key	direction	95% BCa bootstrap CI clustered by PubChem compound; uncertainty is over the observed compound panel, not broader chemical space.
l1000_phase1	sciplex	logFC	strict_matched_condition	negative_l2	per_gene_population_zscore_dataset	reviewer_l2_retrieval_dataset_pair	target_individual_fraction_below_observed	target_individual_fraction_below_observed	0.597550034647811	0.5571840052380539	0.6322823192567093	0.037549157009327705	bca	ok	0.95	2000	2000	1897	1887	90	query_pubchem_cid	direction,cell_type,time_key	direction	95% BCa bootstrap CI clustered by PubChem compound; uncertainty is over the observed compound panel, not broader chemical space.
l1000_phase1	sciplex	logFC	strict_matched_condition	negative_l2	per_gene_population_zscore_dataset	reviewer_l2_retrieval_dataset_pair	target_individual_corrected_percentile	target_individual_corrected_percentile	0.602933631797914	0.5683319852099601	0.6384039664945258	0.035035990642282855	bca	ok	0.95	2000	2000	1897	1887	90	query_pubchem_cid	direction,cell_type,time_key	direction	95% BCa bootstrap CI clustered by PubChem compound; uncertainty is over the observed compound panel, not broader chemical space.
l1000_phase1	sciplex	logFC	strict_matched_condition	negative_l2	per_gene_population_zscore_dataset	reviewer_l2_retrieval_dataset_pair	source_centroid_similarity	source_centroid_similarity	-28.138603427566814	-30.040631819431226	-26.649391494504673	1.6956201624632765	bca	ok	0.95	2000	2000	1897	1876	90	query_pubchem_cid	direction,cell_type,time_key	direction	95% BCa bootstrap CI clustered by PubChem compound; uncertainty is over the observed compound panel, not broader chemical space.
l1000_phase1	sciplex	logFC	strict_matched_condition	negative_l2	per_gene_population_zscore_dataset	reviewer_l2_retrieval_dataset_pair	source_centroid_normalized_rank	source_centroid_normalized_rank	0.9918981234883958	0.9871037557430865	0.995004117975502	0.003950181116207763	bca	ok	0.95	2000	2000	1897	1876	90	query_pubchem_cid	direction,cell_type,time_key	direction	95% BCa bootstrap CI clustered by PubChem compound; uncertainty is over the observed compound panel, not broader chemical space.
l1000_phase1	sciplex	logFC	strict_matched_condition	negative_l2	per_gene_population_zscore_dataset	reviewer_l2_retrieval_dataset_pair	source_centroid_recall_at_1	source_centroid_recall_at_1	0.8286903051387671	0.7479354829762417	0.8776205791079718	0.06484254806586504	bca	ok	0.95	2000	2000	1897	1876	90	query_pubchem_cid	direction,cell_type,time_key	direction	95% BCa bootstrap CI clustered by PubChem compound; uncertainty is over the observed compound panel, not broader chemical space.
l1000_phase1	sciplex	logFC	strict_matched_condition	negative_l2	per_gene_population_zscore_dataset	reviewer_l2_retrieval_dataset_pair	source_centroid_auroc	source_centroid_auroc	0.9918981234883958	0.9875701299412241	0.9953218161853113	0.003875843122043643	bca	ok	0.95	2000	2000	1897	1876	90	query_pubchem_cid	direction,cell_type,time_key	direction	95% BCa bootstrap CI clustered by PubChem compound; uncertainty is over the observed compound panel, not broader chemical space.
l1000_phase1	sciplex	logFC	strict_matched_condition	negative_l2	per_gene_population_zscore_dataset	reviewer_l2_retrieval_dataset_pair	target_centroid_similarity	target_centroid_similarity	-29.667425430752346	-31.76648379487659	-27.979072254308708	1.8937057702839404	bca	ok	0.95	2000	2000	1897	1887	90	query_pubchem_cid	direction,cell_type,time_key	direction	95% BCa bootstrap CI clustered by PubChem compound; uncertainty is over the observed compound panel, not broader chemical space.
l1000_phase1	sciplex	logFC	strict_matched_condition	negative_l2	per_gene_population_zscore_dataset	reviewer_l2_retrieval_dataset_pair	target_centroid_normalized_rank	target_centroid_normalized_rank	0.961340525724208	0.9534363322259474	0.9681559492832867	0.007359808528669687	bca	ok	0.95	2000	2000	1897	1887	90	query_pubchem_cid	direction,cell_type,time_key	direction	95% BCa bootstrap CI clustered by PubChem compound; uncertainty is over the observed compound panel, not broader chemical space.
l1000_phase1	sciplex	logFC	strict_matched_condition	negative_l2	per_gene_population_zscore_dataset	reviewer_l2_retrieval_dataset_pair	target_centroid_recall_at_1	target_centroid_recall_at_1	0.5494913474615482	0.4917011470278478	0.5910290550758164	0.0496639540239843	bca	ok	0.95	2000	2000	1897	1887	90	query_pubchem_cid	direction,cell_type,time_key	direction	95% BCa bootstrap CI clustered by PubChem compound; uncertainty is over the observed compound panel, not broader chemical space.
l1000_phase1	sciplex	logFC	strict_matched_condition	negative_l2	per_gene_population_zscore_dataset	reviewer_l2_retrieval_dataset_pair	target_centroid_auroc	target_centroid_auroc	0.9613370926739693	0.95297931554054	0.9682019909922849	0.0076113377258724135	bca	ok	0.95	2000	2000	1897	1887	90	query_pubchem_cid	direction,cell_type,time_key	direction	95% BCa bootstrap CI clustered by PubChem compound; uncertainty is over the observed compound panel, not broader chemical space.
l1000_phase1	sciplex	logFC	strict_matched_condition	negative_l2	per_gene_population_zscore_dataset	reviewer_l2_retrieval_dataset_pair	source_peer_normalized_rank	source_peer_normalized_rank	0.5555992574775465	0.5452292693221742	0.567859851094945	0.011315290886385387	bca	ok	0.95	2000	2000	1897	1876	90	query_pubchem_cid	direction,cell_type,time_key	direction	95% BCa bootstrap CI clustered by PubChem compound; uncertainty is over the observed compound panel, not broader chemical space.
l1000_phase1	sciplex	logFC	strict_matched_condition	negative_l2	per_gene_population_zscore_dataset	reviewer_l2_retrieval_dataset_pair	target_peer_normalized_rank	target_peer_normalized_rank	0.4976864322725801	0.48716133970371517	0.5091335511830481	0.01098610573966649	bca	ok	0.95	2000	2000	1897	1887	90	query_pubchem_cid	direction,cell_type,time_key	direction	95% BCa bootstrap CI clustered by PubChem compound; uncertainty is over the observed compound panel, not broader chemical space.
l1000_phase1	sciplex	logFC	strict_matched_condition	negative_l2	per_gene_population_zscore_dataset	reviewer_l2_retrieval_dataset_pair	delta_vs_source_peer_normalized_rank	delta_vs_source_peer_normalized_rank	0.042278695186401545	0.009594776797374542	0.07825239103754121	0.034328807120083335	bca	ok	0.95	2000	2000	1897	1876	90	query_pubchem_cid	direction,cell_type,time_key	direction	95% BCa bootstrap CI clustered by PubChem compound; uncertainty is over the observed compound panel, not broader chemical space.
l1000_phase1	sciplex	logFC	strict_matched_condition	negative_l2	per_gene_population_zscore_dataset	reviewer_l2_retrieval_dataset_pair	delta_vs_target_peer_normalized_rank	delta_vs_target_peer_normalized_rank	0.09938527349078638	0.06592756990088103	0.13405754222106503	0.034064986160092	bca	ok	0.95	2000	2000	1897	1887	90	query_pubchem_cid	direction,cell_type,time_key	direction	95% BCa bootstrap CI clustered by PubChem compound; uncertainty is over the observed compound panel, not broader chemical space.
l1000_phase1	sciplex	logFC	strict_matched_condition	negative_l2	per_gene_population_zscore_dataset	reviewer_l2_retrieval_dataset_pair	target_decoy_null_normalized_best_positive_rank	target_decoy_null_normalized_best_positive_rank	0.7189129092122296	0.7111191675344354	0.7260668146597594	0.007473823562662019	bca	ok	0.95	2000	2000	1897	1897	90	query_pubchem_cid	direction,cell_type,time_key	direction	95% BCa bootstrap CI clustered by PubChem compound; uncertainty is over the observed compound panel, not broader chemical space.
l1000_phase1	sciplex	logFC	strict_matched_condition	negative_l2	per_gene_population_zscore_dataset	reviewer_l2_retrieval_dataset_pair	delta_vs_target_decoy_null_normalized_best_positive_rank	delta_vs_target_decoy_null_normalized_best_positive_rank	-0.12291338786855564	-0.15142888249149744	-0.08916904930621457	0.031129916592641436	bca	ok	0.95	2000	2000	1897	1897	90	query_pubchem_cid	direction,cell_type,time_key	direction	95% BCa bootstrap CI clustered by PubChem compound; uncertainty is over the observed compound panel, not broader chemical space.
l1000_phase1	sciplex	logFC	strict_matched_condition	negative_l2	per_gene_population_zscore_dataset_cell_type	reviewer_l2_retrieval_dataset_pair	observed_normalized_best_positive_rank	observed_normalized_best_positive_rank	0.5941254975700494	0.5565234105917238	0.6281904742966303	0.03583353185245325	bca	ok	0.95	2000	2000	1897	1897	90	query_pubchem_cid	direction,cell_type,time_key	direction	95% BCa bootstrap CI clustered by PubChem compound; uncertainty is over the observed compound panel, not broader chemical space.
l1000_phase1	sciplex	logFC	strict_matched_condition	negative_l2	per_gene_population_zscore_dataset_cell_type	reviewer_l2_retrieval_dataset_pair	observed_recall_at_1	observed_recall_at_1	0.022640978166200955	0.009844186429307393	0.046918100991997586	0.018536957281345096	bca	ok	0.95	2000	2000	1897	1897	90	query_pubchem_cid	direction,cell_type,time_key	direction	95% BCa bootstrap CI clustered by PubChem compound; uncertainty is over the observed compound panel, not broader chemical space.
l1000_phase1	sciplex	logFC	strict_matched_condition	negative_l2	per_gene_population_zscore_dataset_cell_type	reviewer_l2_retrieval_dataset_pair	observed_auroc	observed_auroc	0.593493304282434	0.5614507029782116	0.6292372027343829	0.03389324987808562	bca	ok	0.95	2000	2000	1897	1897	90	query_pubchem_cid	direction,cell_type,time_key	direction	95% BCa bootstrap CI clustered by PubChem compound; uncertainty is over the observed compound panel, not broader chemical space.
l1000_phase1	sciplex	logFC	strict_matched_condition	negative_l2	per_gene_population_zscore_dataset_cell_type	reviewer_l2_retrieval_dataset_pair	observed_best_positive_similarity	observed_best_positive_similarity	-38.52263425901717	-40.502147741752445	-36.79411946533045	1.8540141382109958	bca	ok	0.95	2000	2000	1897	1897	90	query_pubchem_cid	direction,cell_type,time_key	direction	95% BCa bootstrap CI clustered by PubChem compound; uncertainty is over the observed compound panel, not broader chemical space.
l1000_phase1	sciplex	logFC	strict_matched_condition	negative_l2	per_gene_population_zscore_dataset_cell_type	reviewer_l2_retrieval_dataset_pair	random_normalized_best_positive_rank	random_normalized_best_positive_rank					not_estimable	too_few_clusters_or_values	0.95	2000	0	1897	0	0	query_pubchem_cid	direction,cell_type,time_key	direction	95% BCa bootstrap CI clustered by PubChem compound; uncertainty is over the observed compound panel, not broader chemical space.
l1000_phase1	sciplex	logFC	strict_matched_condition	negative_l2	per_gene_population_zscore_dataset_cell_type	reviewer_l2_retrieval_dataset_pair	random_recall_at_1	random_recall_at_1					not_estimable	too_few_clusters_or_values	0.95	2000	0	1897	0	0	query_pubchem_cid	direction,cell_type,time_key	direction	95% BCa bootstrap CI clustered by PubChem compound; uncertainty is over the observed compound panel, not broader chemical space.
l1000_phase1	sciplex	logFC	strict_matched_condition	negative_l2	per_gene_population_zscore_dataset_cell_type	reviewer_l2_retrieval_dataset_pair	random_auroc	random_auroc					not_estimable	too_few_clusters_or_values	0.95	2000	0	1897	0	0	query_pubchem_cid	direction,cell_type,time_key	direction	95% BCa bootstrap CI clustered by PubChem compound; uncertainty is over the observed compound panel, not broader chemical space.
l1000_phase1	sciplex	logFC	strict_matched_condition	negative_l2	per_gene_population_zscore_dataset_cell_type	reviewer_l2_retrieval_dataset_pair	delta_vs_random_normalized_best_positive_rank	delta_vs_random_normalized_best_positive_rank	-0.12478741164218042	-0.15594911203106224	-0.09223952265704229	0.031854794687009975	bca	ok	0.95	2000	2000	1897	1897	90	query_pubchem_cid	direction,cell_type,time_key	direction	95% BCa bootstrap CI clustered by PubChem compound; uncertainty is over the observed compound panel, not broader chemical space.
l1000_phase1	sciplex	logFC	strict_matched_condition	negative_l2	per_gene_population_zscore_dataset_cell_type	reviewer_l2_retrieval_dataset_pair	source_individual_n_peers	source_individual_n_peers	580.0352668113383	530.9195372373192	622.2076179159014	45.64404033929111	bca	ok	0.95	2000	2000	1897	1897	90	query_pubchem_cid	direction,cell_type,time_key	direction	95% BCa bootstrap CI clustered by PubChem compound; uncertainty is over the observed compound panel, not broader chemical space.
l1000_phase1	sciplex	logFC	strict_matched_condition	negative_l2	per_gene_population_zscore_dataset_cell_type	reviewer_l2_retrieval_dataset_pair	source_individual_mean_similarity	source_individual_mean_similarity	-40.20386569215176	-41.85263828308577	-38.96636016507069	1.4431390590075388	bca	ok	0.95	2000	2000	1897	1876	90	query_pubchem_cid	direction,cell_type,time_key	direction	95% BCa bootstrap CI clustered by PubChem compound; uncertainty is over the observed compound panel, not broader chemical space.
l1000_phase1	sciplex	logFC	strict_matched_condition	negative_l2	per_gene_population_zscore_dataset_cell_type	reviewer_l2_retrieval_dataset_pair	source_individual_sd_similarity	source_individual_sd_similarity	8.742323721436698	8.415793527503766	9.067805907265985	0.3260061898811095	bca	ok	0.95	2000	2000	1897	1876	90	query_pubchem_cid	direction,cell_type,time_key	direction	95% BCa bootstrap CI clustered by PubChem compound; uncertainty is over the observed compound panel, not broader chemical space.
l1000_phase1	sciplex	logFC	strict_matched_condition	negative_l2	per_gene_population_zscore_dataset_cell_type	reviewer_l2_retrieval_dataset_pair	source_individual_n_below_observed	source_individual_n_below_observed	279.5718951589532	250.87419944196054	309.59533260984216	29.36056658394081	bca	ok	0.95	2000	2000	1897	1897	90	query_pubchem_cid	direction,cell_type,time_key	direction	95% BCa bootstrap CI clustered by PubChem compound; uncertainty is over the observed compound panel, not broader chemical space.
l1000_phase1	sciplex	logFC	strict_matched_condition	negative_l2	per_gene_population_zscore_dataset_cell_type	reviewer_l2_retrieval_dataset_pair	source_individual_fraction_below_observed	source_individual_fraction_below_observed	0.5374674226302665	0.5077822047085437	0.5702248822325195	0.031221338761987905	bca	ok	0.95	2000	2000	1897	1876	90	query_pubchem_cid	direction,cell_type,time_key	direction	95% BCa bootstrap CI clustered by PubChem compound; uncertainty is over the observed compound panel, not broader chemical space.
l1000_phase1	sciplex	logFC	strict_matched_condition	negative_l2	per_gene_population_zscore_dataset_cell_type	reviewer_l2_retrieval_dataset_pair	source_individual_corrected_percentile	source_individual_corrected_percentile	0.5423934737637	0.510067083209794	0.5737689648601707	0.031850940825188356	bca	ok	0.95	2000	2000	1897	1876	90	query_pubchem_cid	direction,cell_type,time_key	direction	95% BCa bootstrap CI clustered by PubChem compound; uncertainty is over the observed compound panel, not broader chemical space.
l1000_phase1	sciplex	logFC	strict_matched_condition	negative_l2	per_gene_population_zscore_dataset_cell_type	reviewer_l2_retrieval_dataset_pair	target_individual_n_peers	target_individual_n_peers	489.1751492803688	439.1224964002377	537.5119227629214	49.194713181341825	bca	ok	0.95	2000	2000	1897	1897	90	query_pubchem_cid	direction,cell_type,time_key	direction	95% BCa bootstrap CI clustered by PubChem compound; uncertainty is over the observed compound panel, not broader chemical space.
l1000_phase1	sciplex	logFC	strict_matched_condition	negative_l2	per_gene_population_zscore_dataset_cell_type	reviewer_l2_retrieval_dataset_pair	target_individual_mean_similarity	target_individual_mean_similarity	-41.484755117129325	-43.23896291194846	-40.11972779370149	1.5596175591234847	bca	ok	0.95	2000	2000	1897	1887	90	query_pubchem_cid	direction,cell_type,time_key	direction	95% BCa bootstrap CI clustered by PubChem compound; uncertainty is over the observed compound panel, not broader chemical space.
l1000_phase1	sciplex	logFC	strict_matched_condition	negative_l2	per_gene_population_zscore_dataset_cell_type	reviewer_l2_retrieval_dataset_pair	target_individual_sd_similarity	target_individual_sd_similarity	8.168956894818962	7.631817791823366	8.542182903153911	0.45518255566527266	bca	ok	0.95	2000	2000	1897	1887	90	query_pubchem_cid	direction,cell_type,time_key	direction	95% BCa bootstrap CI clustered by PubChem compound; uncertainty is over the observed compound panel, not broader chemical space.
l1000_phase1	sciplex	logFC	strict_matched_condition	negative_l2	per_gene_population_zscore_dataset_cell_type	reviewer_l2_retrieval_dataset_pair	target_individual_n_below_observed	target_individual_n_below_observed	293.3238240083581	260.57797803271325	327.5539063293674	33.48796414832708	bca	ok	0.95	2000	2000	1897	1897	90	query_pubchem_cid	direction,cell_type,time_key	direction	95% BCa bootstrap CI clustered by PubChem compound; uncertainty is over the observed compound panel, not broader chemical space.
l1000_phase1	sciplex	logFC	strict_matched_condition	negative_l2	per_gene_population_zscore_dataset_cell_type	reviewer_l2_retrieval_dataset_pair	target_individual_fraction_below_observed	target_individual_fraction_below_observed	0.5986196152224056	0.5614512075271822	0.6305959629874245	0.03457237773012112	bca	ok	0.95	2000	2000	1897	1887	90	query_pubchem_cid	direction,cell_type,time_key	direction	95% BCa bootstrap CI clustered by PubChem compound; uncertainty is over the observed compound panel, not broader chemical space.
l1000_phase1	sciplex	logFC	strict_matched_condition	negative_l2	per_gene_population_zscore_dataset_cell_type	reviewer_l2_retrieval_dataset_pair	target_individual_corrected_percentile	target_individual_corrected_percentile	0.6040837847253941	0.5654050769735323	0.6364088893962636	0.035501906211365675	bca	ok	0.95	2000	2000	1897	1887	90	query_pubchem_cid	direction,cell_type,time_key	direction	95% BCa bootstrap CI clustered by PubChem compound; uncertainty is over the observed compound panel, not broader chemical space.
l1000_phase1	sciplex	logFC	strict_matched_condition	negative_l2	per_gene_population_zscore_dataset_cell_type	reviewer_l2_retrieval_dataset_pair	source_centroid_similarity	source_centroid_similarity	-28.539742490088294	-30.742171813202823	-26.9717328277134	1.885219492744712	bca	ok	0.95	2000	2000	1897	1876	90	query_pubchem_cid	direction,cell_type,time_key	direction	95% BCa bootstrap CI clustered by PubChem compound; uncertainty is over the observed compound panel, not broader chemical space.
l1000_phase1	sciplex	logFC	strict_matched_condition	negative_l2	per_gene_population_zscore_dataset_cell_type	reviewer_l2_retrieval_dataset_pair	source_centroid_normalized_rank	source_centroid_normalized_rank	0.9930895002666227	0.9886059181827108	0.9956336334764024	0.0035138576468458083	bca	ok	0.95	2000	2000	1897	1876	90	query_pubchem_cid	direction,cell_type,time_key	direction	95% BCa bootstrap CI clustered by PubChem compound; uncertainty is over the observed compound panel, not broader chemical space.
l1000_phase1	sciplex	logFC	strict_matched_condition	negative_l2	per_gene_population_zscore_dataset_cell_type	reviewer_l2_retrieval_dataset_pair	source_centroid_recall_at_1	source_centroid_recall_at_1	0.8266820873552356	0.7625536981546196	0.8699361640810106	0.0536912329631955	bca	ok	0.95	2000	2000	1897	1876	90	query_pubchem_cid	direction,cell_type,time_key	direction	95% BCa bootstrap CI clustered by PubChem compound; uncertainty is over the observed compound panel, not broader chemical space.
l1000_phase1	sciplex	logFC	strict_matched_condition	negative_l2	per_gene_population_zscore_dataset_cell_type	reviewer_l2_retrieval_dataset_pair	source_centroid_auroc	source_centroid_auroc	0.9930895002666227	0.988793555987619	0.9956650574199437	0.003435750716162367	bca	ok	0.95	2000	2000	1897	1876	90	query_pubchem_cid	direction,cell_type,time_key	direction	95% BCa bootstrap CI clustered by PubChem compound; uncertainty is over the observed compound panel, not broader chemical space.
l1000_phase1	sciplex	logFC	strict_matched_condition	negative_l2	per_gene_population_zscore_dataset_cell_type	reviewer_l2_retrieval_dataset_pair	target_centroid_similarity	target_centroid_similarity	-29.63455167501069	-31.753557020469252	-27.969736090248922	1.8919104651101648	bca	ok	0.95	2000	2000	1897	1887	90	query_pubchem_cid	direction,cell_type,time_key	direction	95% BCa bootstrap CI clustered by PubChem compound; uncertainty is over the observed compound panel, not broader chemical space.
l1000_phase1	sciplex	logFC	strict_matched_condition	negative_l2	per_gene_population_zscore_dataset_cell_type	reviewer_l2_retrieval_dataset_pair	target_centroid_normalized_rank	target_centroid_normalized_rank	0.9612489747945783	0.9517901647464555	0.9681917767964926	0.008200806025018548	bca	ok	0.95	2000	2000	1897	1887	90	query_pubchem_cid	direction,cell_type,time_key	direction	95% BCa bootstrap CI clustered by PubChem compound; uncertainty is over the observed compound panel, not broader chemical space.
l1000_phase1	sciplex	logFC	strict_matched_condition	negative_l2	per_gene_population_zscore_dataset_cell_type	reviewer_l2_retrieval_dataset_pair	target_centroid_recall_at_1	target_centroid_recall_at_1	0.5368011470119504	0.47974737361825814	0.5831125361621952	0.05168258127196851	bca	ok	0.95	2000	2000	1897	1887	90	query_pubchem_cid	direction,cell_type,time_key	direction	95% BCa bootstrap CI clustered by PubChem compound; uncertainty is over the observed compound panel, not broader chemical space.
l1000_phase1	sciplex	logFC	strict_matched_condition	negative_l2	per_gene_population_zscore_dataset_cell_type	reviewer_l2_retrieval_dataset_pair	target_centroid_auroc	target_centroid_auroc	0.961247126229065	0.9523737034775064	0.968318398965318	0.007972347743905817	bca	ok	0.95	2000	2000	1897	1887	90	query_pubchem_cid	direction,cell_type,time_key	direction	95% BCa bootstrap CI clustered by PubChem compound; uncertainty is over the observed compound panel, not broader chemical space.
l1000_phase1	sciplex	logFC	strict_matched_condition	negative_l2	per_gene_population_zscore_dataset_cell_type	reviewer_l2_retrieval_dataset_pair	source_peer_normalized_rank	source_peer_normalized_rank	0.5409805171752053	0.5300332077632145	0.553724833400338	0.01184581281856173	bca	ok	0.95	2000	2000	1897	1876	90	query_pubchem_cid	direction,cell_type,time_key	direction	95% BCa bootstrap CI clustered by PubChem compound; uncertainty is over the observed compound panel, not broader chemical space.
l1000_phase1	sciplex	logFC	strict_matched_condition	negative_l2	per_gene_population_zscore_dataset_cell_type	reviewer_l2_retrieval_dataset_pair	target_peer_normalized_rank	target_peer_normalized_rank	0.4953524021070917	0.48432201086504517	0.506387486761028	0.011032737947991395	bca	ok	0.95	2000	2000	1897	1887	90	query_pubchem_cid	direction,cell_type,time_key	direction	95% BCa bootstrap CI clustered by PubChem compound; uncertainty is over the observed compound panel, not broader chemical space.
l1000_phase1	sciplex	logFC	strict_matched_condition	negative_l2	per_gene_population_zscore_dataset_cell_type	reviewer_l2_retrieval_dataset_pair	delta_vs_source_peer_normalized_rank	delta_vs_source_peer_normalized_rank	0.054904517378395974	0.020753588867909213	0.08861059577691795	0.03392850345450436	bca	ok	0.95	2000	2000	1897	1876	90	query_pubchem_cid	direction,cell_type,time_key	direction	95% BCa bootstrap CI clustered by PubChem compound; uncertainty is over the observed compound panel, not broader chemical space.
l1000_phase1	sciplex	logFC	strict_matched_condition	negative_l2	per_gene_population_zscore_dataset_cell_type	reviewer_l2_retrieval_dataset_pair	delta_vs_target_peer_normalized_rank	delta_vs_target_peer_normalized_rank	0.0999160790712113	0.06536389341527525	0.1327877036619202	0.03371190512332247	bca	ok	0.95	2000	2000	1897	1887	90	query_pubchem_cid	direction,cell_type,time_key	direction	95% BCa bootstrap CI clustered by PubChem compound; uncertainty is over the observed compound panel, not broader chemical space.
l1000_phase1	sciplex	logFC	strict_matched_condition	negative_l2	per_gene_population_zscore_dataset_cell_type	reviewer_l2_retrieval_dataset_pair	target_decoy_null_normalized_best_positive_rank	target_decoy_null_normalized_best_positive_rank	0.7189129092122296	0.7118172503124373	0.7262458874645609	0.007214318576061807	bca	ok	0.95	2000	2000	1897	1897	90	query_pubchem_cid	direction,cell_type,time_key	direction	95% BCa bootstrap CI clustered by PubChem compound; uncertainty is over the observed compound panel, not broader chemical space.
l1000_phase1	sciplex	logFC	strict_matched_condition	negative_l2	per_gene_population_zscore_dataset_cell_type	reviewer_l2_retrieval_dataset_pair	delta_vs_target_decoy_null_normalized_best_positive_rank	delta_vs_target_decoy_null_normalized_best_positive_rank	-0.12478741164218042	-0.15392784532643172	-0.09265516365006142	0.03063634083818515	bca	ok	0.95	2000	2000	1897	1897	90	query_pubchem_cid	direction,cell_type,time_key	direction	95% BCa bootstrap CI clustered by PubChem compound; uncertainty is over the observed compound panel, not broader chemical space.
l1000_phase1	sciplex	logFC	strict_matched_condition	negative_l2	raw	reviewer_l2_retrieval_dataset_pair	observed_normalized_best_positive_rank	observed_normalized_best_positive_rank	0.5910263692666851	0.5579559397676648	0.6287320093826535	0.03538803480749436	bca	ok	0.95	2000	2000	1897	1897	90	query_pubchem_cid	direction,cell_type,time_key	direction	95% BCa bootstrap CI clustered by PubChem compound; uncertainty is over the observed compound panel, not broader chemical space.
l1000_phase1	sciplex	logFC	strict_matched_condition	negative_l2	raw	reviewer_l2_retrieval_dataset_pair	observed_recall_at_1	observed_recall_at_1	0.01614554079929107	0.007017763570889127	0.03356163338665946	0.013271934907885167	bca	ok	0.95	2000	2000	1897	1897	90	query_pubchem_cid	direction,cell_type,time_key	direction	95% BCa bootstrap CI clustered by PubChem compound; uncertainty is over the observed compound panel, not broader chemical space.
l1000_phase1	sciplex	logFC	strict_matched_condition	negative_l2	raw	reviewer_l2_retrieval_dataset_pair	observed_auroc	observed_auroc	0.5903903618415225	0.5548135253787938	0.626648500014766	0.03591748731798611	bca	ok	0.95	2000	2000	1897	1897	90	query_pubchem_cid	direction,cell_type,time_key	direction	95% BCa bootstrap CI clustered by PubChem compound; uncertainty is over the observed compound panel, not broader chemical space.
l1000_phase1	sciplex	logFC	strict_matched_condition	negative_l2	raw	reviewer_l2_retrieval_dataset_pair	observed_best_positive_similarity	observed_best_positive_similarity	-24.345519631580082	-25.451713020552127	-23.409833726679164	1.0209396469364815	bca	ok	0.95	2000	2000	1897	1897	90	query_pubchem_cid	direction,cell_type,time_key	direction	95% BCa bootstrap CI clustered by PubChem compound; uncertainty is over the observed compound panel, not broader chemical space.
l1000_phase1	sciplex	logFC	strict_matched_condition	negative_l2	raw	reviewer_l2_retrieval_dataset_pair	random_normalized_best_positive_rank	random_normalized_best_positive_rank					not_estimable	too_few_clusters_or_values	0.95	2000	0	1897	0	0	query_pubchem_cid	direction,cell_type,time_key	direction	95% BCa bootstrap CI clustered by PubChem compound; uncertainty is over the observed compound panel, not broader chemical space.
l1000_phase1	sciplex	logFC	strict_matched_condition	negative_l2	raw	reviewer_l2_retrieval_dataset_pair	random_recall_at_1	random_recall_at_1					not_estimable	too_few_clusters_or_values	0.95	2000	0	1897	0	0	query_pubchem_cid	direction,cell_type,time_key	direction	95% BCa bootstrap CI clustered by PubChem compound; uncertainty is over the observed compound panel, not broader chemical space.
l1000_phase1	sciplex	logFC	strict_matched_condition	negative_l2	raw	reviewer_l2_retrieval_dataset_pair	random_auroc	random_auroc					not_estimable	too_few_clusters_or_values	0.95	2000	0	1897	0	0	query_pubchem_cid	direction,cell_type,time_key	direction	95% BCa bootstrap CI clustered by PubChem compound; uncertainty is over the observed compound panel, not broader chemical space.
l1000_phase1	sciplex	logFC	strict_matched_condition	negative_l2	raw	reviewer_l2_retrieval_dataset_pair	delta_vs_random_normalized_best_positive_rank	delta_vs_random_normalized_best_positive_rank	-0.12788653994554483	-0.16010937315427265	-0.09772673311377009	0.03119132002025128	bca	ok	0.95	2000	2000	1897	1897	90	query_pubchem_cid	direction,cell_type,time_key	direction	95% BCa bootstrap CI clustered by PubChem compound; uncertainty is over the observed compound panel, not broader chemical space.
l1000_phase1	sciplex	logFC	strict_matched_condition	negative_l2	raw	reviewer_l2_retrieval_dataset_pair	source_individual_n_peers	source_individual_n_peers	580.0352668113383	530.614434595486	621.1738922809978	45.2797288427559	bca	ok	0.95	2000	2000	1897	1897	90	query_pubchem_cid	direction,cell_type,time_key	direction	95% BCa bootstrap CI clustered by PubChem compound; uncertainty is over the observed compound panel, not broader chemical space.
l1000_phase1	sciplex	logFC	strict_matched_condition	negative_l2	raw	reviewer_l2_retrieval_dataset_pair	source_individual_mean_similarity	source_individual_mean_similarity	-24.816578525057295	-25.721139618566816	-24.116545125563622	0.8022972465015972	bca	ok	0.95	2000	2000	1897	1876	90	query_pubchem_cid	direction,cell_type,time_key	direction	95% BCa bootstrap CI clustered by PubChem compound; uncertainty is over the observed compound panel, not broader chemical space.
l1000_phase1	sciplex	logFC	strict_matched_condition	negative_l2	raw	reviewer_l2_retrieval_dataset_pair	source_individual_sd_similarity	source_individual_sd_similarity	4.98917634874536	4.795310865869566	5.1676406583280095	0.18616489622922172	bca	ok	0.95	2000	2000	1897	1876	90	query_pubchem_cid	direction,cell_type,time_key	direction	95% BCa bootstrap CI clustered by PubChem compound; uncertainty is over the observed compound panel, not broader chemical space.
l1000_phase1	sciplex	logFC	strict_matched_condition	negative_l2	raw	reviewer_l2_retrieval_dataset_pair	source_individual_n_below_observed	source_individual_n_below_observed	261.76757681510077	237.83266265934813	287.121280421898	24.644308881274938	bca	ok	0.95	2000	2000	1897	1897	90	query_pubchem_cid	direction,cell_type,time_key	direction	95% BCa bootstrap CI clustered by PubChem compound; uncertainty is over the observed compound panel, not broader chemical space.
l1000_phase1	sciplex	logFC	strict_matched_condition	negative_l2	raw	reviewer_l2_retrieval_dataset_pair	source_individual_fraction_below_observed	source_individual_fraction_below_observed	0.5097078958937107	0.4768667118980227	0.5382165073848403	0.030674897743408785	bca	ok	0.95	2000	2000	1897	1876	90	query_pubchem_cid	direction,cell_type,time_key	direction	95% BCa bootstrap CI clustered by PubChem compound; uncertainty is over the observed compound panel, not broader chemical space.
l1000_phase1	sciplex	logFC	strict_matched_condition	negative_l2	raw	reviewer_l2_retrieval_dataset_pair	source_individual_corrected_percentile	source_individual_corrected_percentile	0.5151417871750275	0.4840917976771315	0.5441018481809636	0.030005025251916062	bca	ok	0.95	2000	2000	1897	1876	90	query_pubchem_cid	direction,cell_type,time_key	direction	95% BCa bootstrap CI clustered by PubChem compound; uncertainty is over the observed compound panel, not broader chemical space.
l1000_phase1	sciplex	logFC	strict_matched_condition	negative_l2	raw	reviewer_l2_retrieval_dataset_pair	target_individual_n_peers	target_individual_n_peers	489.1751492803688	440.18986729182546	537.3935677615179	48.60185023484624	bca	ok	0.95	2000	2000	1897	1897	90	query_pubchem_cid	direction,cell_type,time_key	direction	95% BCa bootstrap CI clustered by PubChem compound; uncertainty is over the observed compound panel, not broader chemical space.
l1000_phase1	sciplex	logFC	strict_matched_condition	negative_l2	raw	reviewer_l2_retrieval_dataset_pair	target_individual_mean_similarity	target_individual_mean_similarity	-25.951479757305524	-26.897384120319735	-25.204411176193855	0.8464864720629404	bca	ok	0.95	2000	2000	1897	1887	90	query_pubchem_cid	direction,cell_type,time_key	direction	95% BCa bootstrap CI clustered by PubChem compound; uncertainty is over the observed compound panel, not broader chemical space.
l1000_phase1	sciplex	logFC	strict_matched_condition	negative_l2	raw	reviewer_l2_retrieval_dataset_pair	target_individual_sd_similarity	target_individual_sd_similarity	4.644809337981002	4.3874344062769275	4.851544995248292	0.2320552944856824	bca	ok	0.95	2000	2000	1897	1887	90	query_pubchem_cid	direction,cell_type,time_key	direction	95% BCa bootstrap CI clustered by PubChem compound; uncertainty is over the observed compound panel, not broader chemical space.
l1000_phase1	sciplex	logFC	strict_matched_condition	negative_l2	raw	reviewer_l2_retrieval_dataset_pair	target_individual_n_below_observed	target_individual_n_below_observed	288.20440393952293	259.4312982899564	324.35190559864543	32.46030365434453	bca	ok	0.95	2000	2000	1897	1897	90	query_pubchem_cid	direction,cell_type,time_key	direction	95% BCa bootstrap CI clustered by PubChem compound; uncertainty is over the observed compound panel, not broader chemical space.
l1000_phase1	sciplex	logFC	strict_matched_condition	negative_l2	raw	reviewer_l2_retrieval_dataset_pair	target_individual_fraction_below_observed	target_individual_fraction_below_observed	0.5956374948024108	0.5582926723119954	0.6331576698265304	0.03743249875726751	bca	ok	0.95	2000	2000	1897	1887	90	query_pubchem_cid	direction,cell_type,time_key	direction	95% BCa bootstrap CI clustered by PubChem compound; uncertainty is over the observed compound panel, not broader chemical space.
l1000_phase1	sciplex	logFC	strict_matched_condition	negative_l2	raw	reviewer_l2_retrieval_dataset_pair	target_individual_corrected_percentile	target_individual_corrected_percentile	0.6009742367480431	0.5625254840538111	0.6367309003805426	0.03710270816336575	bca	ok	0.95	2000	2000	1897	1887	90	query_pubchem_cid	direction,cell_type,time_key	direction	95% BCa bootstrap CI clustered by PubChem compound; uncertainty is over the observed compound panel, not broader chemical space.
l1000_phase1	sciplex	logFC	strict_matched_condition	negative_l2	raw	reviewer_l2_retrieval_dataset_pair	source_centroid_similarity	source_centroid_similarity	-17.671708777973272	-18.980525812213063	-16.79574175304603	1.0923920295835163	bca	ok	0.95	2000	2000	1897	1876	90	query_pubchem_cid	direction,cell_type,time_key	direction	95% BCa bootstrap CI clustered by PubChem compound; uncertainty is over the observed compound panel, not broader chemical space.
l1000_phase1	sciplex	logFC	strict_matched_condition	negative_l2	raw	reviewer_l2_retrieval_dataset_pair	source_centroid_normalized_rank	source_centroid_normalized_rank	0.9935649698007344	0.9897462058057994	0.9962855707575208	0.00326968247586068	bca	ok	0.95	2000	2000	1897	1876	90	query_pubchem_cid	direction,cell_type,time_key	direction	95% BCa bootstrap CI clustered by PubChem compound; uncertainty is over the observed compound panel, not broader chemical space.
l1000_phase1	sciplex	logFC	strict_matched_condition	negative_l2	raw	reviewer_l2_retrieval_dataset_pair	source_centroid_recall_at_1	source_centroid_recall_at_1	0.8742612359699141	0.8254372759654602	0.9097566327838676	0.042159678409203705	bca	ok	0.95	2000	2000	1897	1876	90	query_pubchem_cid	direction,cell_type,time_key	direction	95% BCa bootstrap CI clustered by PubChem compound; uncertainty is over the observed compound panel, not broader chemical space.
l1000_phase1	sciplex	logFC	strict_matched_condition	negative_l2	raw	reviewer_l2_retrieval_dataset_pair	source_centroid_auroc	source_centroid_auroc	0.9935649698007344	0.9896272668281713	0.9963633696843697	0.0033680514280992058	bca	ok	0.95	2000	2000	1897	1876	90	query_pubchem_cid	direction,cell_type,time_key	direction	95% BCa bootstrap CI clustered by PubChem compound; uncertainty is over the observed compound panel, not broader chemical space.
l1000_phase1	sciplex	logFC	strict_matched_condition	negative_l2	raw	reviewer_l2_retrieval_dataset_pair	target_centroid_similarity	target_centroid_similarity	-18.874892902712386	-20.074159572098633	-17.838507758578057	1.117825906760288	bca	ok	0.95	2000	2000	1897	1887	90	query_pubchem_cid	direction,cell_type,time_key	direction	95% BCa bootstrap CI clustered by PubChem compound; uncertainty is over the observed compound panel, not broader chemical space.
l1000_phase1	sciplex	logFC	strict_matched_condition	negative_l2	raw	reviewer_l2_retrieval_dataset_pair	target_centroid_normalized_rank	target_centroid_normalized_rank	0.9647549361668606	0.9560354300524303	0.9714837738935072	0.007724171920538425	bca	ok	0.95	2000	2000	1897	1887	90	query_pubchem_cid	direction,cell_type,time_key	direction	95% BCa bootstrap CI clustered by PubChem compound; uncertainty is over the observed compound panel, not broader chemical space.
l1000_phase1	sciplex	logFC	strict_matched_condition	negative_l2	raw	reviewer_l2_retrieval_dataset_pair	target_centroid_recall_at_1	target_centroid_recall_at_1	0.5702280248540676	0.5104578335385388	0.6211613758672724	0.05535177116436679	bca	ok	0.95	2000	2000	1897	1887	90	query_pubchem_cid	direction,cell_type,time_key	direction	95% BCa bootstrap CI clustered by PubChem compound; uncertainty is over the observed compound panel, not broader chemical space.
l1000_phase1	sciplex	logFC	strict_matched_condition	negative_l2	raw	reviewer_l2_retrieval_dataset_pair	target_centroid_auroc	target_centroid_auroc	0.9647515031166218	0.9563042515726298	0.9715220232687388	0.007608885848054525	bca	ok	0.95	2000	2000	1897	1887	90	query_pubchem_cid	direction,cell_type,time_key	direction	95% BCa bootstrap CI clustered by PubChem compound; uncertainty is over the observed compound panel, not broader chemical space.
l1000_phase1	sciplex	logFC	strict_matched_condition	negative_l2	raw	reviewer_l2_retrieval_dataset_pair	source_peer_normalized_rank	source_peer_normalized_rank	0.5618552469126676	0.5516483790705623	0.5729500900625082	0.010650855495972944	bca	ok	0.95	2000	2000	1897	1876	90	query_pubchem_cid	direction,cell_type,time_key	direction	95% BCa bootstrap CI clustered by PubChem compound; uncertainty is over the observed compound panel, not broader chemical space.
l1000_phase1	sciplex	logFC	strict_matched_condition	negative_l2	raw	reviewer_l2_retrieval_dataset_pair	target_peer_normalized_rank	target_peer_normalized_rank	0.49611348667241534	0.48426299482271173	0.5091850085376669	0.012461006857477586	bca	ok	0.95	2000	2000	1897	1887	90	query_pubchem_cid	direction,cell_type,time_key	direction	95% BCa bootstrap CI clustered by PubChem compound; uncertainty is over the observed compound panel, not broader chemical space.
l1000_phase1	sciplex	logFC	strict_matched_condition	negative_l2	raw	reviewer_l2_retrieval_dataset_pair	delta_vs_source_peer_normalized_rank	delta_vs_source_peer_normalized_rank	0.030891838800835875	-0.006113692577410485	0.06524084600594506	0.03567726929167777	bca	ok	0.95	2000	2000	1897	1876	90	query_pubchem_cid	direction,cell_type,time_key	direction	95% BCa bootstrap CI clustered by PubChem compound; uncertainty is over the observed compound panel, not broader chemical space.
l1000_phase1	sciplex	logFC	strict_matched_condition	negative_l2	raw	reviewer_l2_retrieval_dataset_pair	delta_vs_target_peer_normalized_rank	delta_vs_target_peer_normalized_rank	0.09632700908110953	0.06016903820617363	0.13039803596032348	0.03511449887707493	bca	ok	0.95	2000	2000	1897	1887	90	query_pubchem_cid	direction,cell_type,time_key	direction	95% BCa bootstrap CI clustered by PubChem compound; uncertainty is over the observed compound panel, not broader chemical space.
l1000_phase1	sciplex	logFC	strict_matched_condition	negative_l2	raw	reviewer_l2_retrieval_dataset_pair	target_decoy_null_normalized_best_positive_rank	target_decoy_null_normalized_best_positive_rank	0.7189129092122296	0.7115492230076134	0.7257989984200965	0.007124887706241589	bca	ok	0.95	2000	2000	1897	1897	90	query_pubchem_cid	direction,cell_type,time_key	direction	95% BCa bootstrap CI clustered by PubChem compound; uncertainty is over the observed compound panel, not broader chemical space.
l1000_phase1	sciplex	logFC	strict_matched_condition	negative_l2	raw	reviewer_l2_retrieval_dataset_pair	delta_vs_target_decoy_null_normalized_best_positive_rank	delta_vs_target_decoy_null_normalized_best_positive_rank	-0.12788653994554483	-0.15824309125921282	-0.09631366456852254	0.03096471334534514	bca	ok	0.95	2000	2000	1897	1897	90	query_pubchem_cid	direction,cell_type,time_key	direction	95% BCa bootstrap CI clustered by PubChem compound; uncertainty is over the observed compound panel, not broader chemical space.
l1000_phase2	tahoe	logFC	strict_matched_condition	negative_l2	per_gene_population_zscore_dataset	reviewer_l2_retrieval_dataset_pair	observed_normalized_best_positive_rank	observed_normalized_best_positive_rank	0.539157442965229	0.4970249136484728	0.585754032030159	0.04436455919084309	bca	ok	0.95	2000	2000	1755	1755	110	query_pubchem_cid	direction,cell_type,time_key	direction	95% BCa bootstrap CI clustered by PubChem compound; uncertainty is over the observed compound panel, not broader chemical space.
l1000_phase2	tahoe	logFC	strict_matched_condition	negative_l2	per_gene_population_zscore_dataset	reviewer_l2_retrieval_dataset_pair	observed_recall_at_1	observed_recall_at_1	0.010321400715319461	0.003132938442810864	0.02718779105533992	0.012027426306264528	bca	ok	0.95	2000	2000	1755	1755	110	query_pubchem_cid	direction,cell_type,time_key	direction	95% BCa bootstrap CI clustered by PubChem compound; uncertainty is over the observed compound panel, not broader chemical space.
l1000_phase2	tahoe	logFC	strict_matched_condition	negative_l2	per_gene_population_zscore_dataset	reviewer_l2_retrieval_dataset_pair	observed_auroc	observed_auroc	0.5379988598789092	0.4943684559684985	0.5855637060028795	0.04559762501719053	bca	ok	0.95	2000	2000	1755	1755	110	query_pubchem_cid	direction,cell_type,time_key	direction	95% BCa bootstrap CI clustered by PubChem compound; uncertainty is over the observed compound panel, not broader chemical space.
l1000_phase2	tahoe	logFC	strict_matched_condition	negative_l2	per_gene_population_zscore_dataset	reviewer_l2_retrieval_dataset_pair	observed_best_positive_similarity	observed_best_positive_similarity	-38.60950821194912	-46.10426230835823	-35.54024748275734	5.282007412800446	bca	ok	0.95	2000	2000	1755	1755	110	query_pubchem_cid	direction,cell_type,time_key	direction	95% BCa bootstrap CI clustered by PubChem compound; uncertainty is over the observed compound panel, not broader chemical space.
l1000_phase2	tahoe	logFC	strict_matched_condition	negative_l2	per_gene_population_zscore_dataset	reviewer_l2_retrieval_dataset_pair	random_normalized_best_positive_rank	random_normalized_best_positive_rank					not_estimable	too_few_clusters_or_values	0.95	2000	0	1755	0	0	query_pubchem_cid	direction,cell_type,time_key	direction	95% BCa bootstrap CI clustered by PubChem compound; uncertainty is over the observed compound panel, not broader chemical space.
l1000_phase2	tahoe	logFC	strict_matched_condition	negative_l2	per_gene_population_zscore_dataset	reviewer_l2_retrieval_dataset_pair	random_recall_at_1	random_recall_at_1					not_estimable	too_few_clusters_or_values	0.95	2000	0	1755	0	0	query_pubchem_cid	direction,cell_type,time_key	direction	95% BCa bootstrap CI clustered by PubChem compound; uncertainty is over the observed compound panel, not broader chemical space.
l1000_phase2	tahoe	logFC	strict_matched_condition	negative_l2	per_gene_population_zscore_dataset	reviewer_l2_retrieval_dataset_pair	random_auroc	random_auroc					not_estimable	too_few_clusters_or_values	0.95	2000	0	1755	0	0	query_pubchem_cid	direction,cell_type,time_key	direction	95% BCa bootstrap CI clustered by PubChem compound; uncertainty is over the observed compound panel, not broader chemical space.
l1000_phase2	tahoe	logFC	strict_matched_condition	negative_l2	per_gene_population_zscore_dataset	reviewer_l2_retrieval_dataset_pair	delta_vs_random_normalized_best_positive_rank	delta_vs_random_normalized_best_positive_rank	-0.10667753237658885	-0.14838069663491377	-0.07008110948936935	0.03914979357277221	bca	ok	0.95	2000	2000	1755	1755	110	query_pubchem_cid	direction,cell_type,time_key	direction	95% BCa bootstrap CI clustered by PubChem compound; uncertainty is over the observed compound panel, not broader chemical space.
l1000_phase2	tahoe	logFC	strict_matched_condition	negative_l2	per_gene_population_zscore_dataset	reviewer_l2_retrieval_dataset_pair	source_individual_n_peers	source_individual_n_peers	163.82606481645578	159.58083234801776	166.6213240245636	3.5202458382729134	bca	ok	0.95	2000	2000	1755	1755	110	query_pubchem_cid	direction,cell_type,time_key	direction	95% BCa bootstrap CI clustered by PubChem compound; uncertainty is over the observed compound panel, not broader chemical space.
l1000_phase2	tahoe	logFC	strict_matched_condition	negative_l2	per_gene_population_zscore_dataset	reviewer_l2_retrieval_dataset_pair	source_individual_mean_similarity	source_individual_mean_similarity	-38.9268632041672	-43.41768332224197	-37.04131847361139	3.18818242431529	bca	ok	0.95	2000	2000	1755	1755	110	query_pubchem_cid	direction,cell_type,time_key	direction	95% BCa bootstrap CI clustered by PubChem compound; uncertainty is over the observed compound panel, not broader chemical space.
l1000_phase2	tahoe	logFC	strict_matched_condition	negative_l2	per_gene_population_zscore_dataset	reviewer_l2_retrieval_dataset_pair	source_individual_sd_similarity	source_individual_sd_similarity	12.217810279288166	11.540739429936869	12.56679075940097	0.5130256647320506	bca	ok	0.95	2000	2000	1755	1755	110	query_pubchem_cid	direction,cell_type,time_key	direction	95% BCa bootstrap CI clustered by PubChem compound; uncertainty is over the observed compound panel, not broader chemical space.
l1000_phase2	tahoe	logFC	strict_matched_condition	negative_l2	per_gene_population_zscore_dataset	reviewer_l2_retrieval_dataset_pair	source_individual_n_below_observed	source_individual_n_below_observed	77.38011701848141	71.44136963597825	84.07411705183887	6.31637370793031	bca	ok	0.95	2000	2000	1755	1755	110	query_pubchem_cid	direction,cell_type,time_key	direction	95% BCa bootstrap CI clustered by PubChem compound; uncertainty is over the observed compound panel, not broader chemical space.
l1000_phase2	tahoe	logFC	strict_matched_condition	negative_l2	per_gene_population_zscore_dataset	reviewer_l2_retrieval_dataset_pair	source_individual_fraction_below_observed	source_individual_fraction_below_observed	0.44729010576487704	0.4097002855879903	0.48910784603576	0.03970378022388485	bca	ok	0.95	2000	2000	1755	1755	110	query_pubchem_cid	direction,cell_type,time_key	direction	95% BCa bootstrap CI clustered by PubChem compound; uncertainty is over the observed compound panel, not broader chemical space.
l1000_phase2	tahoe	logFC	strict_matched_condition	negative_l2	per_gene_population_zscore_dataset	reviewer_l2_retrieval_dataset_pair	source_individual_corrected_percentile	source_individual_corrected_percentile	0.45234309710174125	0.41200287130023716	0.48851501759545346	0.03825607314760815	bca	ok	0.95	2000	2000	1755	1755	110	query_pubchem_cid	direction,cell_type,time_key	direction	95% BCa bootstrap CI clustered by PubChem compound; uncertainty is over the observed compound panel, not broader chemical space.
l1000_phase2	tahoe	logFC	strict_matched_condition	negative_l2	per_gene_population_zscore_dataset	reviewer_l2_retrieval_dataset_pair	target_individual_n_peers	target_individual_n_peers	163.81261855836652	158.57965606368253	166.78110305949065	4.100723497904056	bca	ok	0.95	2000	2000	1755	1755	110	query_pubchem_cid	direction,cell_type,time_key	direction	95% BCa bootstrap CI clustered by PubChem compound; uncertainty is over the observed compound panel, not broader chemical space.
l1000_phase2	tahoe	logFC	strict_matched_condition	negative_l2	per_gene_population_zscore_dataset	reviewer_l2_retrieval_dataset_pair	target_individual_mean_similarity	target_individual_mean_similarity	-40.0496770487774	-45.26264973277265	-38.15901178937265	3.5518189717000013	bca	ok	0.95	2000	2000	1755	1755	110	query_pubchem_cid	direction,cell_type,time_key	direction	95% BCa bootstrap CI clustered by PubChem compound; uncertainty is over the observed compound panel, not broader chemical space.
l1000_phase2	tahoe	logFC	strict_matched_condition	negative_l2	per_gene_population_zscore_dataset	reviewer_l2_retrieval_dataset_pair	target_individual_sd_similarity	target_individual_sd_similarity	12.116401700297121	11.6089833820377	12.35274605875723	0.3718813383597652	bca	ok	0.95	2000	2000	1755	1755	110	query_pubchem_cid	direction,cell_type,time_key	direction	95% BCa bootstrap CI clustered by PubChem compound; uncertainty is over the observed compound panel, not broader chemical space.
l1000_phase2	tahoe	logFC	strict_matched_condition	negative_l2	per_gene_population_zscore_dataset	reviewer_l2_retrieval_dataset_pair	target_individual_n_below_observed	target_individual_n_below_observed	81.87068482691652	74.1243570009214	89.31816216943605	7.596902584257322	bca	ok	0.95	2000	2000	1755	1755	110	query_pubchem_cid	direction,cell_type,time_key	direction	95% BCa bootstrap CI clustered by PubChem compound; uncertainty is over the observed compound panel, not broader chemical space.
l1000_phase2	tahoe	logFC	strict_matched_condition	negative_l2	per_gene_population_zscore_dataset	reviewer_l2_retrieval_dataset_pair	target_individual_fraction_below_observed	target_individual_fraction_below_observed	0.5092144845771354	0.46640873637189334	0.5570746629429796	0.04533296328554312	bca	ok	0.95	2000	2000	1755	1755	110	query_pubchem_cid	direction,cell_type,time_key	direction	95% BCa bootstrap CI clustered by PubChem compound; uncertainty is over the observed compound panel, not broader chemical space.
l1000_phase2	tahoe	logFC	strict_matched_condition	negative_l2	per_gene_population_zscore_dataset	reviewer_l2_retrieval_dataset_pair	target_individual_corrected_percentile	target_individual_corrected_percentile	0.5133462739995014	0.47074076531010944	0.5604854879966851	0.044872361343287814	bca	ok	0.95	2000	2000	1755	1755	110	query_pubchem_cid	direction,cell_type,time_key	direction	95% BCa bootstrap CI clustered by PubChem compound; uncertainty is over the observed compound panel, not broader chemical space.
l1000_phase2	tahoe	logFC	strict_matched_condition	negative_l2	per_gene_population_zscore_dataset	reviewer_l2_retrieval_dataset_pair	source_centroid_similarity	source_centroid_similarity	-27.057489225925508	-32.23963035240914	-24.7446213440809	3.7475045041641177	bca	ok	0.95	2000	2000	1755	1755	110	query_pubchem_cid	direction,cell_type,time_key	direction	95% BCa bootstrap CI clustered by PubChem compound; uncertainty is over the observed compound panel, not broader chemical space.
l1000_phase2	tahoe	logFC	strict_matched_condition	negative_l2	per_gene_population_zscore_dataset	reviewer_l2_retrieval_dataset_pair	source_centroid_normalized_rank	source_centroid_normalized_rank	0.99841185771287	0.9968536109279897	0.999160611260185	0.0011535001660976096	bca	ok	0.95	2000	2000	1755	1755	110	query_pubchem_cid	direction,cell_type,time_key	direction	95% BCa bootstrap CI clustered by PubChem compound; uncertainty is over the observed compound panel, not broader chemical space.
l1000_phase2	tahoe	logFC	strict_matched_condition	negative_l2	per_gene_population_zscore_dataset	reviewer_l2_retrieval_dataset_pair	source_centroid_recall_at_1	source_centroid_recall_at_1	0.961237653361435	0.937703878697465	0.9778236686169914	0.020059894959763236	bca	ok	0.95	2000	2000	1755	1755	110	query_pubchem_cid	direction,cell_type,time_key	direction	95% BCa bootstrap CI clustered by PubChem compound; uncertainty is over the observed compound panel, not broader chemical space.
l1000_phase2	tahoe	logFC	strict_matched_condition	negative_l2	per_gene_population_zscore_dataset	reviewer_l2_retrieval_dataset_pair	source_centroid_auroc	source_centroid_auroc	0.99841185771287	0.9967751657825099	0.999153057144355	0.0011889456809225374	bca	ok	0.95	2000	2000	1755	1755	110	query_pubchem_cid	direction,cell_type,time_key	direction	95% BCa bootstrap CI clustered by PubChem compound; uncertainty is over the observed compound panel, not broader chemical space.
l1000_phase2	tahoe	logFC	strict_matched_condition	negative_l2	per_gene_population_zscore_dataset	reviewer_l2_retrieval_dataset_pair	target_centroid_similarity	target_centroid_similarity	-28.595488010669122	-34.00419302702727	-26.274873582287167	3.8646597223700514	bca	ok	0.95	2000	2000	1755	1755	110	query_pubchem_cid	direction,cell_type,time_key	direction	95% BCa bootstrap CI clustered by PubChem compound; uncertainty is over the observed compound panel, not broader chemical space.
l1000_phase2	tahoe	logFC	strict_matched_condition	negative_l2	per_gene_population_zscore_dataset	reviewer_l2_retrieval_dataset_pair	target_centroid_normalized_rank	target_centroid_normalized_rank	0.9926889817626834	0.9845026153362118	0.996569604402022	0.006033494532905137	bca	ok	0.95	2000	2000	1755	1755	110	query_pubchem_cid	direction,cell_type,time_key	direction	95% BCa bootstrap CI clustered by PubChem compound; uncertainty is over the observed compound panel, not broader chemical space.
l1000_phase2	tahoe	logFC	strict_matched_condition	negative_l2	per_gene_population_zscore_dataset	reviewer_l2_retrieval_dataset_pair	target_centroid_recall_at_1	target_centroid_recall_at_1	0.8952933493237702	0.8320933193790099	0.9287938395787247	0.048350260099857434	bca	ok	0.95	2000	2000	1755	1755	110	query_pubchem_cid	direction,cell_type,time_key	direction	95% BCa bootstrap CI clustered by PubChem compound; uncertainty is over the observed compound panel, not broader chemical space.
l1000_phase2	tahoe	logFC	strict_matched_condition	negative_l2	per_gene_population_zscore_dataset	reviewer_l2_retrieval_dataset_pair	target_centroid_auroc	target_centroid_auroc	0.9926889817626834	0.9843385906617174	0.9967056058022656	0.006183507570274138	bca	ok	0.95	2000	2000	1755	1755	110	query_pubchem_cid	direction,cell_type,time_key	direction	95% BCa bootstrap CI clustered by PubChem compound; uncertainty is over the observed compound panel, not broader chemical space.
l1000_phase2	tahoe	logFC	strict_matched_condition	negative_l2	per_gene_population_zscore_dataset	reviewer_l2_retrieval_dataset_pair	source_peer_normalized_rank	source_peer_normalized_rank	0.5879509274293546	0.5818435525106188	0.594933194110946	0.006544820800163609	bca	ok	0.95	2000	2000	1755	1755	110	query_pubchem_cid	direction,cell_type,time_key	direction	95% BCa bootstrap CI clustered by PubChem compound; uncertainty is over the observed compound panel, not broader chemical space.
l1000_phase2	tahoe	logFC	strict_matched_condition	negative_l2	per_gene_population_zscore_dataset	reviewer_l2_retrieval_dataset_pair	target_peer_normalized_rank	target_peer_normalized_rank	0.5272418978266309	0.5222242406434837	0.530573411006927	0.004174585181721646	bca	ok	0.95	2000	2000	1755	1755	110	query_pubchem_cid	direction,cell_type,time_key	direction	95% BCa bootstrap CI clustered by PubChem compound; uncertainty is over the observed compound panel, not broader chemical space.
l1000_phase2	tahoe	logFC	strict_matched_condition	negative_l2	per_gene_population_zscore_dataset	reviewer_l2_retrieval_dataset_pair	delta_vs_source_peer_normalized_rank	delta_vs_source_peer_normalized_rank	-0.04879348446412572	-0.09548995127427715	-0.0024776781663521617	0.04650613655396249	bca	ok	0.95	2000	2000	1755	1755	110	query_pubchem_cid	direction,cell_type,time_key	direction	95% BCa bootstrap CI clustered by PubChem compound; uncertainty is over the observed compound panel, not broader chemical space.
l1000_phase2	tahoe	logFC	strict_matched_condition	negative_l2	per_gene_population_zscore_dataset	reviewer_l2_retrieval_dataset_pair	delta_vs_target_peer_normalized_rank	delta_vs_target_peer_normalized_rank	0.011915545138598264	-0.0296668049716666	0.055893634539138384	0.04278021975540249	bca	ok	0.95	2000	2000	1755	1755	110	query_pubchem_cid	direction,cell_type,time_key	direction	95% BCa bootstrap CI clustered by PubChem compound; uncertainty is over the observed compound panel, not broader chemical space.
l1000_phase2	tahoe	logFC	strict_matched_condition	negative_l2	per_gene_population_zscore_dataset	reviewer_l2_retrieval_dataset_pair	target_decoy_null_normalized_best_positive_rank	target_decoy_null_normalized_best_positive_rank	0.645834975341818	0.6363989388877699	0.6580126460751761	0.010806853593703092	bca	ok	0.95	2000	2000	1755	1755	110	query_pubchem_cid	direction,cell_type,time_key	direction	95% BCa bootstrap CI clustered by PubChem compound; uncertainty is over the observed compound panel, not broader chemical space.
l1000_phase2	tahoe	logFC	strict_matched_condition	negative_l2	per_gene_population_zscore_dataset	reviewer_l2_retrieval_dataset_pair	delta_vs_target_decoy_null_normalized_best_positive_rank	delta_vs_target_decoy_null_normalized_best_positive_rank	-0.10667753237658885	-0.14717121991966675	-0.0697040159764615	0.038733601971602624	bca	ok	0.95	2000	2000	1755	1755	110	query_pubchem_cid	direction,cell_type,time_key	direction	95% BCa bootstrap CI clustered by PubChem compound; uncertainty is over the observed compound panel, not broader chemical space.
l1000_phase2	tahoe	logFC	strict_matched_condition	negative_l2	per_gene_population_zscore_dataset_cell_type	reviewer_l2_retrieval_dataset_pair	observed_normalized_best_positive_rank	observed_normalized_best_positive_rank	0.5463723143894744	0.5072713145351694	0.5877763295558567	0.04025250751034365	bca	ok	0.95	2000	2000	1755	1755	110	query_pubchem_cid	direction,cell_type,time_key	direction	95% BCa bootstrap CI clustered by PubChem compound; uncertainty is over the observed compound panel, not broader chemical space.
l1000_phase2	tahoe	logFC	strict_matched_condition	negative_l2	per_gene_population_zscore_dataset_cell_type	reviewer_l2_retrieval_dataset_pair	observed_recall_at_1	observed_recall_at_1	0.013315040095850435	0.0030959752321981426	0.04834460266946135	0.022624313718631602	bca	ok	0.95	2000	2000	1755	1755	110	query_pubchem_cid	direction,cell_type,time_key	direction	95% BCa bootstrap CI clustered by PubChem compound; uncertainty is over the observed compound panel, not broader chemical space.
l1000_phase2	tahoe	logFC	strict_matched_condition	negative_l2	per_gene_population_zscore_dataset_cell_type	reviewer_l2_retrieval_dataset_pair	observed_auroc	observed_auroc	0.5451273954410139	0.5039600405289596	0.5867971598783963	0.04141855967471836	bca	ok	0.95	2000	2000	1755	1755	110	query_pubchem_cid	direction,cell_type,time_key	direction	95% BCa bootstrap CI clustered by PubChem compound; uncertainty is over the observed compound panel, not broader chemical space.
l1000_phase2	tahoe	logFC	strict_matched_condition	negative_l2	per_gene_population_zscore_dataset_cell_type	reviewer_l2_retrieval_dataset_pair	observed_best_positive_similarity	observed_best_positive_similarity	-41.198237861999	-49.41459116404634	-37.94041235384209	5.737089405102125	bca	ok	0.95	2000	2000	1755	1755	110	query_pubchem_cid	direction,cell_type,time_key	direction	95% BCa bootstrap CI clustered by PubChem compound; uncertainty is over the observed compound panel, not broader chemical space.
l1000_phase2	tahoe	logFC	strict_matched_condition	negative_l2	per_gene_population_zscore_dataset_cell_type	reviewer_l2_retrieval_dataset_pair	random_normalized_best_positive_rank	random_normalized_best_positive_rank					not_estimable	too_few_clusters_or_values	0.95	2000	0	1755	0	0	query_pubchem_cid	direction,cell_type,time_key	direction	95% BCa bootstrap CI clustered by PubChem compound; uncertainty is over the observed compound panel, not broader chemical space.
l1000_phase2	tahoe	logFC	strict_matched_condition	negative_l2	per_gene_population_zscore_dataset_cell_type	reviewer_l2_retrieval_dataset_pair	random_recall_at_1	random_recall_at_1					not_estimable	too_few_clusters_or_values	0.95	2000	0	1755	0	0	query_pubchem_cid	direction,cell_type,time_key	direction	95% BCa bootstrap CI clustered by PubChem compound; uncertainty is over the observed compound panel, not broader chemical space.
l1000_phase2	tahoe	logFC	strict_matched_condition	negative_l2	per_gene_population_zscore_dataset_cell_type	reviewer_l2_retrieval_dataset_pair	random_auroc	random_auroc					not_estimable	too_few_clusters_or_values	0.95	2000	0	1755	0	0	query_pubchem_cid	direction,cell_type,time_key	direction	95% BCa bootstrap CI clustered by PubChem compound; uncertainty is over the observed compound panel, not broader chemical space.
l1000_phase2	tahoe	logFC	strict_matched_condition	negative_l2	per_gene_population_zscore_dataset_cell_type	reviewer_l2_retrieval_dataset_pair	delta_vs_random_normalized_best_positive_rank	delta_vs_random_normalized_best_positive_rank	-0.09946266095234339	-0.13740875105545247	-0.06530802282660456	0.03605036411442396	bca	ok	0.95	2000	2000	1755	1755	110	query_pubchem_cid	direction,cell_type,time_key	direction	95% BCa bootstrap CI clustered by PubChem compound; uncertainty is over the observed compound panel, not broader chemical space.
l1000_phase2	tahoe	logFC	strict_matched_condition	negative_l2	per_gene_population_zscore_dataset_cell_type	reviewer_l2_retrieval_dataset_pair	source_individual_n_peers	source_individual_n_peers	163.82606481645578	159.62739680642366	166.5954847604271	3.4840439770017184	bca	ok	0.95	2000	2000	1755	1755	110	query_pubchem_cid	direction,cell_type,time_key	direction	95% BCa bootstrap CI clustered by PubChem compound; uncertainty is over the observed compound panel, not broader chemical space.
l1000_phase2	tahoe	logFC	strict_matched_condition	negative_l2	per_gene_population_zscore_dataset_cell_type	reviewer_l2_retrieval_dataset_pair	source_individual_mean_similarity	source_individual_mean_similarity	-42.515993474251005	-47.503212186157846	-40.449758199842236	3.526726993157805	bca	ok	0.95	2000	2000	1755	1755	110	query_pubchem_cid	direction,cell_type,time_key	direction	95% BCa bootstrap CI clustered by PubChem compound; uncertainty is over the observed compound panel, not broader chemical space.
l1000_phase2	tahoe	logFC	strict_matched_condition	negative_l2	per_gene_population_zscore_dataset_cell_type	reviewer_l2_retrieval_dataset_pair	source_individual_sd_similarity	source_individual_sd_similarity	13.486036695189235	12.755616156215533	13.864651180903053	0.55451751234376	bca	ok	0.95	2000	2000	1755	1755	110	query_pubchem_cid	direction,cell_type,time_key	direction	95% BCa bootstrap CI clustered by PubChem compound; uncertainty is over the observed compound panel, not broader chemical space.
l1000_phase2	tahoe	logFC	strict_matched_condition	negative_l2	per_gene_population_zscore_dataset_cell_type	reviewer_l2_retrieval_dataset_pair	source_individual_n_below_observed	source_individual_n_below_observed	77.8231586513704	71.84690097417962	84.93535275731747	6.544225891568928	bca	ok	0.95	2000	2000	1755	1755	110	query_pubchem_cid	direction,cell_type,time_key	direction	95% BCa bootstrap CI clustered by PubChem compound; uncertainty is over the observed compound panel, not broader chemical space.
l1000_phase2	tahoe	logFC	strict_matched_condition	negative_l2	per_gene_population_zscore_dataset_cell_type	reviewer_l2_retrieval_dataset_pair	source_individual_fraction_below_observed	source_individual_fraction_below_observed	0.49480285967416315	0.45717996608897005	0.535288898774034	0.03905446634253196	bca	ok	0.95	2000	2000	1755	1755	110	query_pubchem_cid	direction,cell_type,time_key	direction	95% BCa bootstrap CI clustered by PubChem compound; uncertainty is over the observed compound panel, not broader chemical space.
l1000_phase2	tahoe	logFC	strict_matched_condition	negative_l2	per_gene_population_zscore_dataset_cell_type	reviewer_l2_retrieval_dataset_pair	source_individual_corrected_percentile	source_individual_corrected_percentile	0.4989182951119716	0.4650520914442984	0.5403923030431553	0.03767010579942848	bca	ok	0.95	2000	2000	1755	1755	110	query_pubchem_cid	direction,cell_type,time_key	direction	95% BCa bootstrap CI clustered by PubChem compound; uncertainty is over the observed compound panel, not broader chemical space.
l1000_phase2	tahoe	logFC	strict_matched_condition	negative_l2	per_gene_population_zscore_dataset_cell_type	reviewer_l2_retrieval_dataset_pair	target_individual_n_peers	target_individual_n_peers	163.81261855836652	158.70098528502078	166.83902649255293	4.069020603766077	bca	ok	0.95	2000	2000	1755	1755	110	query_pubchem_cid	direction,cell_type,time_key	direction	95% BCa bootstrap CI clustered by PubChem compound; uncertainty is over the observed compound panel, not broader chemical space.
l1000_phase2	tahoe	logFC	strict_matched_condition	negative_l2	per_gene_population_zscore_dataset_cell_type	reviewer_l2_retrieval_dataset_pair	target_individual_mean_similarity	target_individual_mean_similarity	-42.87731130464013	-48.61184343632863	-40.704080570316904	3.9538814330058614	bca	ok	0.95	2000	2000	1755	1755	110	query_pubchem_cid	direction,cell_type,time_key	direction	95% BCa bootstrap CI clustered by PubChem compound; uncertainty is over the observed compound panel, not broader chemical space.
l1000_phase2	tahoe	logFC	strict_matched_condition	negative_l2	per_gene_population_zscore_dataset_cell_type	reviewer_l2_retrieval_dataset_pair	target_individual_sd_similarity	target_individual_sd_similarity	13.114470945432188	12.635943512097672	13.363831635743553	0.3639440618229406	bca	ok	0.95	2000	2000	1755	1755	110	query_pubchem_cid	direction,cell_type,time_key	direction	95% BCa bootstrap CI clustered by PubChem compound; uncertainty is over the observed compound panel, not broader chemical space.
l1000_phase2	tahoe	logFC	strict_matched_condition	negative_l2	per_gene_population_zscore_dataset_cell_type	reviewer_l2_retrieval_dataset_pair	target_individual_n_below_observed	target_individual_n_below_observed	83.57563867291212	77.01244647145072	90.98679245438879	6.987172991469038	bca	ok	0.95	2000	2000	1755	1755	110	query_pubchem_cid	direction,cell_type,time_key	direction	95% BCa bootstrap CI clustered by PubChem compound; uncertainty is over the observed compound panel, not broader chemical space.
l1000_phase2	tahoe	logFC	strict_matched_condition	negative_l2	per_gene_population_zscore_dataset_cell_type	reviewer_l2_retrieval_dataset_pair	target_individual_fraction_below_observed	target_individual_fraction_below_observed	0.517893938938786	0.4758216505999051	0.560307991293191	0.04224317034664293	bca	ok	0.95	2000	2000	1755	1755	110	query_pubchem_cid	direction,cell_type,time_key	direction	95% BCa bootstrap CI clustered by PubChem compound; uncertainty is over the observed compound panel, not broader chemical space.
l1000_phase2	tahoe	logFC	strict_matched_condition	negative_l2	per_gene_population_zscore_dataset_cell_type	reviewer_l2_retrieval_dataset_pair	target_individual_corrected_percentile	target_individual_corrected_percentile	0.5219760043344502	0.4833570136410336	0.5654734941998463	0.04105824027940633	bca	ok	0.95	2000	2000	1755	1755	110	query_pubchem_cid	direction,cell_type,time_key	direction	95% BCa bootstrap CI clustered by PubChem compound; uncertainty is over the observed compound panel, not broader chemical space.
l1000_phase2	tahoe	logFC	strict_matched_condition	negative_l2	per_gene_population_zscore_dataset_cell_type	reviewer_l2_retrieval_dataset_pair	source_centroid_similarity	source_centroid_similarity	-29.52218587666792	-35.755119051218685	-27.053305736244717	4.350906657486984	bca	ok	0.95	2000	2000	1755	1755	110	query_pubchem_cid	direction,cell_type,time_key	direction	95% BCa bootstrap CI clustered by PubChem compound; uncertainty is over the observed compound panel, not broader chemical space.
l1000_phase2	tahoe	logFC	strict_matched_condition	negative_l2	per_gene_population_zscore_dataset_cell_type	reviewer_l2_retrieval_dataset_pair	source_centroid_normalized_rank	source_centroid_normalized_rank	0.99677658713482	0.9911334812177278	0.9985772333391563	0.0037218760607142243	bca	ok	0.95	2000	2000	1755	1755	110	query_pubchem_cid	direction,cell_type,time_key	direction	95% BCa bootstrap CI clustered by PubChem compound; uncertainty is over the observed compound panel, not broader chemical space.
l1000_phase2	tahoe	logFC	strict_matched_condition	negative_l2	per_gene_population_zscore_dataset_cell_type	reviewer_l2_retrieval_dataset_pair	source_centroid_recall_at_1	source_centroid_recall_at_1	0.9227883670735993	0.8593090765116835	0.9562012492885703	0.04844608638844339	bca	ok	0.95	2000	2000	1755	1755	110	query_pubchem_cid	direction,cell_type,time_key	direction	95% BCa bootstrap CI clustered by PubChem compound; uncertainty is over the observed compound panel, not broader chemical space.
l1000_phase2	tahoe	logFC	strict_matched_condition	negative_l2	per_gene_population_zscore_dataset_cell_type	reviewer_l2_retrieval_dataset_pair	source_centroid_auroc	source_centroid_auroc	0.99677658713482	0.9908518628873655	0.9985582216620662	0.0038531793873503584	bca	ok	0.95	2000	2000	1755	1755	110	query_pubchem_cid	direction,cell_type,time_key	direction	95% BCa bootstrap CI clustered by PubChem compound; uncertainty is over the observed compound panel, not broader chemical space.
l1000_phase2	tahoe	logFC	strict_matched_condition	negative_l2	per_gene_population_zscore_dataset_cell_type	reviewer_l2_retrieval_dataset_pair	target_centroid_similarity	target_centroid_similarity	-29.787734498043566	-36.25657014273461	-27.34658826407382	4.454990939330395	bca	ok	0.95	2000	2000	1755	1755	110	query_pubchem_cid	direction,cell_type,time_key	direction	95% BCa bootstrap CI clustered by PubChem compound; uncertainty is over the observed compound panel, not broader chemical space.
l1000_phase2	tahoe	logFC	strict_matched_condition	negative_l2	per_gene_population_zscore_dataset_cell_type	reviewer_l2_retrieval_dataset_pair	target_centroid_normalized_rank	target_centroid_normalized_rank	0.9950197687094708	0.9887775040252957	0.9977250649681787	0.00447378047144148	bca	ok	0.95	2000	2000	1755	1755	110	query_pubchem_cid	direction,cell_type,time_key	direction	95% BCa bootstrap CI clustered by PubChem compound; uncertainty is over the observed compound panel, not broader chemical space.
l1000_phase2	tahoe	logFC	strict_matched_condition	negative_l2	per_gene_population_zscore_dataset_cell_type	reviewer_l2_retrieval_dataset_pair	target_centroid_recall_at_1	target_centroid_recall_at_1	0.9107804364656662	0.8297250866747218	0.9549435030491936	0.06260920818723592	bca	ok	0.95	2000	2000	1755	1755	110	query_pubchem_cid	direction,cell_type,time_key	direction	95% BCa bootstrap CI clustered by PubChem compound; uncertainty is over the observed compound panel, not broader chemical space.
l1000_phase2	tahoe	logFC	strict_matched_condition	negative_l2	per_gene_population_zscore_dataset_cell_type	reviewer_l2_retrieval_dataset_pair	target_centroid_auroc	target_centroid_auroc	0.9950197687094708	0.9889045530756202	0.9976287878793566	0.004362117401868204	bca	ok	0.95	2000	2000	1755	1755	110	query_pubchem_cid	direction,cell_type,time_key	direction	95% BCa bootstrap CI clustered by PubChem compound; uncertainty is over the observed compound panel, not broader chemical space.
l1000_phase2	tahoe	logFC	strict_matched_condition	negative_l2	per_gene_population_zscore_dataset_cell_type	reviewer_l2_retrieval_dataset_pair	source_peer_normalized_rank	source_peer_normalized_rank	0.5479794205844242	0.5410343936280583	0.5533639071740339	0.006164756772987834	bca	ok	0.95	2000	2000	1755	1755	110	query_pubchem_cid	direction,cell_type,time_key	direction	95% BCa bootstrap CI clustered by PubChem compound; uncertainty is over the observed compound panel, not broader chemical space.
l1000_phase2	tahoe	logFC	strict_matched_condition	negative_l2	per_gene_population_zscore_dataset_cell_type	reviewer_l2_retrieval_dataset_pair	target_peer_normalized_rank	target_peer_normalized_rank	0.5267508950482214	0.5213547313958008	0.5302607856949761	0.004453027149587674	bca	ok	0.95	2000	2000	1755	1755	110	query_pubchem_cid	direction,cell_type,time_key	direction	95% BCa bootstrap CI clustered by PubChem compound; uncertainty is over the observed compound panel, not broader chemical space.
l1000_phase2	tahoe	logFC	strict_matched_condition	negative_l2	per_gene_population_zscore_dataset_cell_type	reviewer_l2_retrieval_dataset_pair	delta_vs_source_peer_normalized_rank	delta_vs_source_peer_normalized_rank	-0.0016071061949498033	-0.038086673689553215	0.03980014410618256	0.03894340889786789	bca	ok	0.95	2000	2000	1755	1755	110	query_pubchem_cid	direction,cell_type,time_key	direction	95% BCa bootstrap CI clustered by PubChem compound; uncertainty is over the observed compound panel, not broader chemical space.
l1000_phase2	tahoe	logFC	strict_matched_condition	negative_l2	per_gene_population_zscore_dataset_cell_type	reviewer_l2_retrieval_dataset_pair	delta_vs_target_peer_normalized_rank	delta_vs_target_peer_normalized_rank	0.019621419341253263	-0.020218380980109474	0.061984622192386096	0.041101501586247785	bca	ok	0.95	2000	2000	1755	1755	110	query_pubchem_cid	direction,cell_type,time_key	direction	95% BCa bootstrap CI clustered by PubChem compound; uncertainty is over the observed compound panel, not broader chemical space.
l1000_phase2	tahoe	logFC	strict_matched_condition	negative_l2	per_gene_population_zscore_dataset_cell_type	reviewer_l2_retrieval_dataset_pair	target_decoy_null_normalized_best_positive_rank	target_decoy_null_normalized_best_positive_rank	0.645834975341818	0.636438051304646	0.6580452703878118	0.010803609541582881	bca	ok	0.95	2000	2000	1755	1755	110	query_pubchem_cid	direction,cell_type,time_key	direction	95% BCa bootstrap CI clustered by PubChem compound; uncertainty is over the observed compound panel, not broader chemical space.
l1000_phase2	tahoe	logFC	strict_matched_condition	negative_l2	per_gene_population_zscore_dataset_cell_type	reviewer_l2_retrieval_dataset_pair	delta_vs_target_decoy_null_normalized_best_positive_rank	delta_vs_target_decoy_null_normalized_best_positive_rank	-0.09946266095234339	-0.13778898315130525	-0.06470752750163075	0.03654072782483725	bca	ok	0.95	2000	2000	1755	1755	110	query_pubchem_cid	direction,cell_type,time_key	direction	95% BCa bootstrap CI clustered by PubChem compound; uncertainty is over the observed compound panel, not broader chemical space.
l1000_phase2	tahoe	logFC	strict_matched_condition	negative_l2	raw	reviewer_l2_retrieval_dataset_pair	observed_normalized_best_positive_rank	observed_normalized_best_positive_rank	0.5227886244511213	0.48283799685671897	0.5700045188985162	0.04358326102089863	bca	ok	0.95	2000	2000	1755	1755	110	query_pubchem_cid	direction,cell_type,time_key	direction	95% BCa bootstrap CI clustered by PubChem compound; uncertainty is over the observed compound panel, not broader chemical space.
l1000_phase2	tahoe	logFC	strict_matched_condition	negative_l2	raw	reviewer_l2_retrieval_dataset_pair	observed_recall_at_1	observed_recall_at_1	0.0036842325737265415	0.0007869884575026233	0.009531404027130786	0.004372207784814081	bca	ok	0.95	2000	2000	1755	1755	110	query_pubchem_cid	direction,cell_type,time_key	direction	95% BCa bootstrap CI clustered by PubChem compound; uncertainty is over the observed compound panel, not broader chemical space.
l1000_phase2	tahoe	logFC	strict_matched_condition	negative_l2	raw	reviewer_l2_retrieval_dataset_pair	observed_auroc	observed_auroc	0.521864839949689	0.4800050511012274	0.5685368089337822	0.044265878916277424	bca	ok	0.95	2000	2000	1755	1755	110	query_pubchem_cid	direction,cell_type,time_key	direction	95% BCa bootstrap CI clustered by PubChem compound; uncertainty is over the observed compound panel, not broader chemical space.
l1000_phase2	tahoe	logFC	strict_matched_condition	negative_l2	raw	reviewer_l2_retrieval_dataset_pair	observed_best_positive_similarity	observed_best_positive_similarity	-18.644280986721636	-21.53001992435512	-17.41098308147332	2.0595184214409006	bca	ok	0.95	2000	2000	1755	1755	110	query_pubchem_cid	direction,cell_type,time_key	direction	95% BCa bootstrap CI clustered by PubChem compound; uncertainty is over the observed compound panel, not broader chemical space.
l1000_phase2	tahoe	logFC	strict_matched_condition	negative_l2	raw	reviewer_l2_retrieval_dataset_pair	random_normalized_best_positive_rank	random_normalized_best_positive_rank					not_estimable	too_few_clusters_or_values	0.95	2000	0	1755	0	0	query_pubchem_cid	direction,cell_type,time_key	direction	95% BCa bootstrap CI clustered by PubChem compound; uncertainty is over the observed compound panel, not broader chemical space.
l1000_phase2	tahoe	logFC	strict_matched_condition	negative_l2	raw	reviewer_l2_retrieval_dataset_pair	random_recall_at_1	random_recall_at_1					not_estimable	too_few_clusters_or_values	0.95	2000	0	1755	0	0	query_pubchem_cid	direction,cell_type,time_key	direction	95% BCa bootstrap CI clustered by PubChem compound; uncertainty is over the observed compound panel, not broader chemical space.
l1000_phase2	tahoe	logFC	strict_matched_condition	negative_l2	raw	reviewer_l2_retrieval_dataset_pair	random_auroc	random_auroc					not_estimable	too_few_clusters_or_values	0.95	2000	0	1755	0	0	query_pubchem_cid	direction,cell_type,time_key	direction	95% BCa bootstrap CI clustered by PubChem compound; uncertainty is over the observed compound panel, not broader chemical space.
l1000_phase2	tahoe	logFC	strict_matched_condition	negative_l2	raw	reviewer_l2_retrieval_dataset_pair	delta_vs_random_normalized_best_positive_rank	delta_vs_random_normalized_best_positive_rank	-0.12304635089069653	-0.1614955139711321	-0.08897272910727147	0.036261392431930314	bca	ok	0.95	2000	2000	1755	1755	110	query_pubchem_cid	direction,cell_type,time_key	direction	95% BCa bootstrap CI clustered by PubChem compound; uncertainty is over the observed compound panel, not broader chemical space.
l1000_phase2	tahoe	logFC	strict_matched_condition	negative_l2	raw	reviewer_l2_retrieval_dataset_pair	source_individual_n_peers	source_individual_n_peers	163.82606481645578	159.72428594989393	166.69806345888037	3.486888754493222	bca	ok	0.95	2000	2000	1755	1755	110	query_pubchem_cid	direction,cell_type,time_key	direction	95% BCa bootstrap CI clustered by PubChem compound; uncertainty is over the observed compound panel, not broader chemical space.
l1000_phase2	tahoe	logFC	strict_matched_condition	negative_l2	raw	reviewer_l2_retrieval_dataset_pair	source_individual_mean_similarity	source_individual_mean_similarity	-18.151637779648997	-20.034551775501843	-17.443100424428945	1.295725675536449	bca	ok	0.95	2000	2000	1755	1755	110	query_pubchem_cid	direction,cell_type,time_key	direction	95% BCa bootstrap CI clustered by PubChem compound; uncertainty is over the observed compound panel, not broader chemical space.
l1000_phase2	tahoe	logFC	strict_matched_condition	negative_l2	raw	reviewer_l2_retrieval_dataset_pair	source_individual_sd_similarity	source_individual_sd_similarity	4.674887115983429	4.401510624100798	4.816868477359111	0.20767892662915655	bca	ok	0.95	2000	2000	1755	1755	110	query_pubchem_cid	direction,cell_type,time_key	direction	95% BCa bootstrap CI clustered by PubChem compound; uncertainty is over the observed compound panel, not broader chemical space.
l1000_phase2	tahoe	logFC	strict_matched_condition	negative_l2	raw	reviewer_l2_retrieval_dataset_pair	source_individual_n_below_observed	source_individual_n_below_observed	76.57759907999278	70.64483884813663	83.49354730756535	6.4243542297143605	bca	ok	0.95	2000	2000	1755	1755	110	query_pubchem_cid	direction,cell_type,time_key	direction	95% BCa bootstrap CI clustered by PubChem compound; uncertainty is over the observed compound panel, not broader chemical space.
l1000_phase2	tahoe	logFC	strict_matched_condition	negative_l2	raw	reviewer_l2_retrieval_dataset_pair	source_individual_fraction_below_observed	source_individual_fraction_below_observed	0.40358213540142446	0.3666027054279298	0.44410092226192127	0.03874910841699575	bca	ok	0.95	2000	2000	1755	1755	110	query_pubchem_cid	direction,cell_type,time_key	direction	95% BCa bootstrap CI clustered by PubChem compound; uncertainty is over the observed compound panel, not broader chemical space.
l1000_phase2	tahoe	logFC	strict_matched_condition	negative_l2	raw	reviewer_l2_retrieval_dataset_pair	source_individual_corrected_percentile	source_individual_corrected_percentile	0.4092747201392329	0.3714296017526844	0.4472253294973081	0.03789786387231184	bca	ok	0.95	2000	2000	1755	1755	110	query_pubchem_cid	direction,cell_type,time_key	direction	95% BCa bootstrap CI clustered by PubChem compound; uncertainty is over the observed compound panel, not broader chemical space.
l1000_phase2	tahoe	logFC	strict_matched_condition	negative_l2	raw	reviewer_l2_retrieval_dataset_pair	target_individual_n_peers	target_individual_n_peers	163.81261855836652	158.48907588961683	166.60011779604596	4.055520953214568	bca	ok	0.95	2000	2000	1755	1755	110	query_pubchem_cid	direction,cell_type,time_key	direction	95% BCa bootstrap CI clustered by PubChem compound; uncertainty is over the observed compound panel, not broader chemical space.
l1000_phase2	tahoe	logFC	strict_matched_condition	negative_l2	raw	reviewer_l2_retrieval_dataset_pair	target_individual_mean_similarity	target_individual_mean_similarity	-19.059941386222558	-20.852002286348718	-18.300044336003864	1.2759789751724266	bca	ok	0.95	2000	2000	1755	1755	110	query_pubchem_cid	direction,cell_type,time_key	direction	95% BCa bootstrap CI clustered by PubChem compound; uncertainty is over the observed compound panel, not broader chemical space.
l1000_phase2	tahoe	logFC	strict_matched_condition	negative_l2	raw	reviewer_l2_retrieval_dataset_pair	target_individual_sd_similarity	target_individual_sd_similarity	4.707287728221233	4.527457754697079	4.802193612723801	0.13736792901336115	bca	ok	0.95	2000	2000	1755	1755	110	query_pubchem_cid	direction,cell_type,time_key	direction	95% BCa bootstrap CI clustered by PubChem compound; uncertainty is over the observed compound panel, not broader chemical space.
l1000_phase2	tahoe	logFC	strict_matched_condition	negative_l2	raw	reviewer_l2_retrieval_dataset_pair	target_individual_n_below_observed	target_individual_n_below_observed	80.09686107199862	72.11358875830817	88.02850563953906	7.957458440615447	bca	ok	0.95	2000	2000	1755	1755	110	query_pubchem_cid	direction,cell_type,time_key	direction	95% BCa bootstrap CI clustered by PubChem compound; uncertainty is over the observed compound panel, not broader chemical space.
l1000_phase2	tahoe	logFC	strict_matched_condition	negative_l2	raw	reviewer_l2_retrieval_dataset_pair	target_individual_fraction_below_observed	target_individual_fraction_below_observed	0.49629826444034864	0.4490179032256435	0.5409893082846485	0.045985702529502515	bca	ok	0.95	2000	2000	1755	1755	110	query_pubchem_cid	direction,cell_type,time_key	direction	95% BCa bootstrap CI clustered by PubChem compound; uncertainty is over the observed compound panel, not broader chemical space.
l1000_phase2	tahoe	logFC	strict_matched_condition	negative_l2	raw	reviewer_l2_retrieval_dataset_pair	target_individual_corrected_percentile	target_individual_corrected_percentile	0.5005678718433042	0.45594762120129045	0.5484577456879524	0.04625506224333095	bca	ok	0.95	2000	2000	1755	1755	110	query_pubchem_cid	direction,cell_type,time_key	direction	95% BCa bootstrap CI clustered by PubChem compound; uncertainty is over the observed compound panel, not broader chemical space.
l1000_phase2	tahoe	logFC	strict_matched_condition	negative_l2	raw	reviewer_l2_retrieval_dataset_pair	source_centroid_similarity	source_centroid_similarity	-12.704388084419902	-14.483898687196577	-11.839176416077013	1.322361135559782	bca	ok	0.95	2000	2000	1755	1755	110	query_pubchem_cid	direction,cell_type,time_key	direction	95% BCa bootstrap CI clustered by PubChem compound; uncertainty is over the observed compound panel, not broader chemical space.
l1000_phase2	tahoe	logFC	strict_matched_condition	negative_l2	raw	reviewer_l2_retrieval_dataset_pair	source_centroid_normalized_rank	source_centroid_normalized_rank	0.999446416269753	0.9982598911781334	0.9998285044333993	0.000784306627632958	bca	ok	0.95	2000	2000	1755	1755	110	query_pubchem_cid	direction,cell_type,time_key	direction	95% BCa bootstrap CI clustered by PubChem compound; uncertainty is over the observed compound panel, not broader chemical space.
l1000_phase2	tahoe	logFC	strict_matched_condition	negative_l2	raw	reviewer_l2_retrieval_dataset_pair	source_centroid_recall_at_1	source_centroid_recall_at_1	0.9869023681858803	0.9739528612711758	0.9932977455703528	0.009672442149588512	bca	ok	0.95	2000	2000	1755	1755	110	query_pubchem_cid	direction,cell_type,time_key	direction	95% BCa bootstrap CI clustered by PubChem compound; uncertainty is over the observed compound panel, not broader chemical space.
l1000_phase2	tahoe	logFC	strict_matched_condition	negative_l2	raw	reviewer_l2_retrieval_dataset_pair	source_centroid_auroc	source_centroid_auroc	0.999446416269753	0.9984131996565798	0.9998255863262443	0.0007061933348322391	bca	ok	0.95	2000	2000	1755	1755	110	query_pubchem_cid	direction,cell_type,time_key	direction	95% BCa bootstrap CI clustered by PubChem compound; uncertainty is over the observed compound panel, not broader chemical space.
l1000_phase2	tahoe	logFC	strict_matched_condition	negative_l2	raw	reviewer_l2_retrieval_dataset_pair	target_centroid_similarity	target_centroid_similarity	-13.951319522472186	-15.80451673584313	-13.031349904369913	1.3865834157366086	bca	ok	0.95	2000	2000	1755	1755	110	query_pubchem_cid	direction,cell_type,time_key	direction	95% BCa bootstrap CI clustered by PubChem compound; uncertainty is over the observed compound panel, not broader chemical space.
l1000_phase2	tahoe	logFC	strict_matched_condition	negative_l2	raw	reviewer_l2_retrieval_dataset_pair	target_centroid_normalized_rank	target_centroid_normalized_rank	0.9945714706255597	0.9888301199533202	0.9973317029169243	0.004250791481802074	bca	ok	0.95	2000	2000	1755	1755	110	query_pubchem_cid	direction,cell_type,time_key	direction	95% BCa bootstrap CI clustered by PubChem compound; uncertainty is over the observed compound panel, not broader chemical space.
l1000_phase2	tahoe	logFC	strict_matched_condition	negative_l2	raw	reviewer_l2_retrieval_dataset_pair	target_centroid_recall_at_1	target_centroid_recall_at_1	0.8714368341804191	0.8108265834298124	0.9090714144095825	0.04912241548988505	bca	ok	0.95	2000	2000	1755	1755	110	query_pubchem_cid	direction,cell_type,time_key	direction	95% BCa bootstrap CI clustered by PubChem compound; uncertainty is over the observed compound panel, not broader chemical space.
l1000_phase2	tahoe	logFC	strict_matched_condition	negative_l2	raw	reviewer_l2_retrieval_dataset_pair	target_centroid_auroc	target_centroid_auroc	0.9945714706255597	0.9880434267267805	0.9971729285521859	0.0045647509127026975	bca	ok	0.95	2000	2000	1755	1755	110	query_pubchem_cid	direction,cell_type,time_key	direction	95% BCa bootstrap CI clustered by PubChem compound; uncertainty is over the observed compound panel, not broader chemical space.
l1000_phase2	tahoe	logFC	strict_matched_condition	negative_l2	raw	reviewer_l2_retrieval_dataset_pair	source_peer_normalized_rank	source_peer_normalized_rank	0.6199521622725961	0.6121927354178391	0.6331253665939306	0.010466315588045727	bca	ok	0.95	2000	2000	1755	1755	110	query_pubchem_cid	direction,cell_type,time_key	direction	95% BCa bootstrap CI clustered by PubChem compound; uncertainty is over the observed compound panel, not broader chemical space.
l1000_phase2	tahoe	logFC	strict_matched_condition	negative_l2	raw	reviewer_l2_retrieval_dataset_pair	target_peer_normalized_rank	target_peer_normalized_rank	0.5226601366183699	0.5192160846241739	0.5256895133721986	0.0032367143740123505	bca	ok	0.95	2000	2000	1755	1755	110	query_pubchem_cid	direction,cell_type,time_key	direction	95% BCa bootstrap CI clustered by PubChem compound; uncertainty is over the observed compound panel, not broader chemical space.
l1000_phase2	tahoe	logFC	strict_matched_condition	negative_l2	raw	reviewer_l2_retrieval_dataset_pair	delta_vs_source_peer_normalized_rank	delta_vs_source_peer_normalized_rank	-0.09716353782147477	-0.14843737875662272	-0.04583289011741986	0.051302244319601426	bca	ok	0.95	2000	2000	1755	1755	110	query_pubchem_cid	direction,cell_type,time_key	direction	95% BCa bootstrap CI clustered by PubChem compound; uncertainty is over the observed compound panel, not broader chemical space.
l1000_phase2	tahoe	logFC	strict_matched_condition	negative_l2	raw	reviewer_l2_retrieval_dataset_pair	delta_vs_target_peer_normalized_rank	delta_vs_target_peer_normalized_rank	0.00012848783275143383	-0.04093343556388312	0.04861179497045725	0.044772615267170184	bca	ok	0.95	2000	2000	1755	1755	110	query_pubchem_cid	direction,cell_type,time_key	direction	95% BCa bootstrap CI clustered by PubChem compound; uncertainty is over the observed compound panel, not broader chemical space.
l1000_phase2	tahoe	logFC	strict_matched_condition	negative_l2	raw	reviewer_l2_retrieval_dataset_pair	target_decoy_null_normalized_best_positive_rank	target_decoy_null_normalized_best_positive_rank	0.645834975341818	0.6366986161182996	0.6586367932051377	0.010969088543419048	bca	ok	0.95	2000	2000	1755	1755	110	query_pubchem_cid	direction,cell_type,time_key	direction	95% BCa bootstrap CI clustered by PubChem compound; uncertainty is over the observed compound panel, not broader chemical space.
l1000_phase2	tahoe	logFC	strict_matched_condition	negative_l2	raw	reviewer_l2_retrieval_dataset_pair	delta_vs_target_decoy_null_normalized_best_positive_rank	delta_vs_target_decoy_null_normalized_best_positive_rank	-0.12304635089069653	-0.16250995267962454	-0.08575972053629843	0.03837511607166305	bca	ok	0.95	2000	2000	1755	1755	110	query_pubchem_cid	direction,cell_type,time_key	direction	95% BCa bootstrap CI clustered by PubChem compound; uncertainty is over the observed compound panel, not broader chemical space.
l1000_phase2	cigs_mce	logFC	strict_matched_condition	negative_l2	per_gene_population_zscore_dataset	reviewer_l2_retrieval_dataset_pair	observed_normalized_best_positive_rank	observed_normalized_best_positive_rank	0.558273173567524	0.5044849735882653	0.6063389340770446	0.050926980244389686	bca	ok	0.95	2000	2000	372	372	68	query_pubchem_cid	direction,cell_type,time_key	direction	95% BCa bootstrap CI clustered by PubChem compound; uncertainty is over the observed compound panel, not broader chemical space.
l1000_phase2	cigs_mce	logFC	strict_matched_condition	negative_l2	per_gene_population_zscore_dataset	reviewer_l2_retrieval_dataset_pair	observed_recall_at_1	observed_recall_at_1	0.08947368421052632	0.04918032786885246	0.14455604809228687	0.047687860111717204	bca	ok	0.95	2000	2000	372	372	68	query_pubchem_cid	direction,cell_type,time_key	direction	95% BCa bootstrap CI clustered by PubChem compound; uncertainty is over the observed compound panel, not broader chemical space.
l1000_phase2	cigs_mce	logFC	strict_matched_condition	negative_l2	per_gene_population_zscore_dataset	reviewer_l2_retrieval_dataset_pair	observed_auroc	observed_auroc	0.5577572671724226	0.5061507123215124	0.6042841534431719	0.049066720560829724	bca	ok	0.95	2000	2000	372	372	68	query_pubchem_cid	direction,cell_type,time_key	direction	95% BCa bootstrap CI clustered by PubChem compound; uncertainty is over the observed compound panel, not broader chemical space.
l1000_phase2	cigs_mce	logFC	strict_matched_condition	negative_l2	per_gene_population_zscore_dataset	reviewer_l2_retrieval_dataset_pair	observed_best_positive_similarity	observed_best_positive_similarity	-47.34620020987478	-51.163037574293085	-43.97527175658252	3.5938829088552815	bca	ok	0.95	2000	2000	372	372	68	query_pubchem_cid	direction,cell_type,time_key	direction	95% BCa bootstrap CI clustered by PubChem compound; uncertainty is over the observed compound panel, not broader chemical space.
l1000_phase2	cigs_mce	logFC	strict_matched_condition	negative_l2	per_gene_population_zscore_dataset	reviewer_l2_retrieval_dataset_pair	random_normalized_best_positive_rank	random_normalized_best_positive_rank					not_estimable	too_few_clusters_or_values	0.95	2000	0	372	0	0	query_pubchem_cid	direction,cell_type,time_key	direction	95% BCa bootstrap CI clustered by PubChem compound; uncertainty is over the observed compound panel, not broader chemical space.
l1000_phase2	cigs_mce	logFC	strict_matched_condition	negative_l2	per_gene_population_zscore_dataset	reviewer_l2_retrieval_dataset_pair	random_recall_at_1	random_recall_at_1					not_estimable	too_few_clusters_or_values	0.95	2000	0	372	0	0	query_pubchem_cid	direction,cell_type,time_key	direction	95% BCa bootstrap CI clustered by PubChem compound; uncertainty is over the observed compound panel, not broader chemical space.
l1000_phase2	cigs_mce	logFC	strict_matched_condition	negative_l2	per_gene_population_zscore_dataset	reviewer_l2_retrieval_dataset_pair	random_auroc	random_auroc					not_estimable	too_few_clusters_or_values	0.95	2000	0	372	0	0	query_pubchem_cid	direction,cell_type,time_key	direction	95% BCa bootstrap CI clustered by PubChem compound; uncertainty is over the observed compound panel, not broader chemical space.
l1000_phase2	cigs_mce	logFC	strict_matched_condition	negative_l2	per_gene_population_zscore_dataset	reviewer_l2_retrieval_dataset_pair	delta_vs_random_normalized_best_positive_rank	delta_vs_random_normalized_best_positive_rank	-0.16177708596260448	-0.20814640244460733	-0.11561126018370514	0.046267571130451095	bca	ok	0.95	2000	2000	372	372	68	query_pubchem_cid	direction,cell_type,time_key	direction	95% BCa bootstrap CI clustered by PubChem compound; uncertainty is over the observed compound panel, not broader chemical space.
l1000_phase2	cigs_mce	logFC	strict_matched_condition	negative_l2	per_gene_population_zscore_dataset	reviewer_l2_retrieval_dataset_pair	source_individual_n_peers	source_individual_n_peers	1627.1673221515325	1627.0044826165783	1627.4457560256149	0.220636704518256	bca	ok	0.95	2000	2000	372	372	68	query_pubchem_cid	direction,cell_type,time_key	direction	95% BCa bootstrap CI clustered by PubChem compound; uncertainty is over the observed compound panel, not broader chemical space.
l1000_phase2	cigs_mce	logFC	strict_matched_condition	negative_l2	per_gene_population_zscore_dataset	reviewer_l2_retrieval_dataset_pair	source_individual_mean_similarity	source_individual_mean_similarity	-48.45865074595463	-50.5996202645686	-46.960795661245285	1.8194123016616572	bca	ok	0.95	2000	2000	372	372	68	query_pubchem_cid	direction,cell_type,time_key	direction	95% BCa bootstrap CI clustered by PubChem compound; uncertainty is over the observed compound panel, not broader chemical space.
l1000_phase2	cigs_mce	logFC	strict_matched_condition	negative_l2	per_gene_population_zscore_dataset	reviewer_l2_retrieval_dataset_pair	source_individual_sd_similarity	source_individual_sd_similarity	8.991578851078483	8.67934917299746	9.274051508280838	0.2973511676416889	bca	ok	0.95	2000	2000	372	372	68	query_pubchem_cid	direction,cell_type,time_key	direction	95% BCa bootstrap CI clustered by PubChem compound; uncertainty is over the observed compound panel, not broader chemical space.
l1000_phase2	cigs_mce	logFC	strict_matched_condition	negative_l2	per_gene_population_zscore_dataset	reviewer_l2_retrieval_dataset_pair	source_individual_n_below_observed	source_individual_n_below_observed	629.5133892423366	507.2853135792177	766.7197253769881	129.7172058988852	bca	ok	0.95	2000	2000	372	372	68	query_pubchem_cid	direction,cell_type,time_key	direction	95% BCa bootstrap CI clustered by PubChem compound; uncertainty is over the observed compound panel, not broader chemical space.
l1000_phase2	cigs_mce	logFC	strict_matched_condition	negative_l2	per_gene_population_zscore_dataset	reviewer_l2_retrieval_dataset_pair	source_individual_fraction_below_observed	source_individual_fraction_below_observed	0.5333569791178603	0.47333121369008924	0.5920938784661549	0.05938133238803284	bca	ok	0.95	2000	2000	372	372	68	query_pubchem_cid	direction,cell_type,time_key	direction	95% BCa bootstrap CI clustered by PubChem compound; uncertainty is over the observed compound panel, not broader chemical space.
l1000_phase2	cigs_mce	logFC	strict_matched_condition	negative_l2	per_gene_population_zscore_dataset	reviewer_l2_retrieval_dataset_pair	source_individual_corrected_percentile	source_individual_corrected_percentile	0.534027688042534	0.4737530027607639	0.5911332319112682	0.05869011457525217	bca	ok	0.95	2000	2000	372	372	68	query_pubchem_cid	direction,cell_type,time_key	direction	95% BCa bootstrap CI clustered by PubChem compound; uncertainty is over the observed compound panel, not broader chemical space.
l1000_phase2	cigs_mce	logFC	strict_matched_condition	negative_l2	per_gene_population_zscore_dataset	reviewer_l2_retrieval_dataset_pair	target_individual_n_peers	target_individual_n_peers	1627.34997108155	1627.1912579304983	1627.6311046587386	0.2199233641201772	bca	ok	0.95	2000	2000	372	372	68	query_pubchem_cid	direction,cell_type,time_key	direction	95% BCa bootstrap CI clustered by PubChem compound; uncertainty is over the observed compound panel, not broader chemical space.
l1000_phase2	cigs_mce	logFC	strict_matched_condition	negative_l2	per_gene_population_zscore_dataset	reviewer_l2_retrieval_dataset_pair	target_individual_mean_similarity	target_individual_mean_similarity	-52.19739781998116	-54.70368593610232	-50.279517809838524	2.212084063131897	bca	ok	0.95	2000	2000	372	372	68	query_pubchem_cid	direction,cell_type,time_key	direction	95% BCa bootstrap CI clustered by PubChem compound; uncertainty is over the observed compound panel, not broader chemical space.
l1000_phase2	cigs_mce	logFC	strict_matched_condition	negative_l2	per_gene_population_zscore_dataset	reviewer_l2_retrieval_dataset_pair	target_individual_sd_similarity	target_individual_sd_similarity	8.850763059425562	8.519892440617319	9.112704985450572	0.2964062724166263	bca	ok	0.95	2000	2000	372	372	68	query_pubchem_cid	direction,cell_type,time_key	direction	95% BCa bootstrap CI clustered by PubChem compound; uncertainty is over the observed compound panel, not broader chemical space.
l1000_phase2	cigs_mce	logFC	strict_matched_condition	negative_l2	per_gene_population_zscore_dataset	reviewer_l2_retrieval_dataset_pair	target_individual_n_below_observed	target_individual_n_below_observed	1121.0267784846733	1002.4168797138827	1242.9331669831265	120.25814363462189	bca	ok	0.95	2000	2000	372	372	68	query_pubchem_cid	direction,cell_type,time_key	direction	95% BCa bootstrap CI clustered by PubChem compound; uncertainty is over the observed compound panel, not broader chemical space.
l1000_phase2	cigs_mce	logFC	strict_matched_condition	negative_l2	per_gene_population_zscore_dataset	reviewer_l2_retrieval_dataset_pair	target_individual_fraction_below_observed	target_individual_fraction_below_observed	0.6670711043679871	0.6155759384628693	0.7189305756914351	0.05167731861428293	bca	ok	0.95	2000	2000	372	372	68	query_pubchem_cid	direction,cell_type,time_key	direction	95% BCa bootstrap CI clustered by PubChem compound; uncertainty is over the observed compound panel, not broader chemical space.
l1000_phase2	cigs_mce	logFC	strict_matched_condition	negative_l2	per_gene_population_zscore_dataset	reviewer_l2_retrieval_dataset_pair	target_individual_corrected_percentile	target_individual_corrected_percentile	0.6678133694164394	0.6142363407969571	0.7199069309295384	0.052835295066290644	bca	ok	0.95	2000	2000	372	372	68	query_pubchem_cid	direction,cell_type,time_key	direction	95% BCa bootstrap CI clustered by PubChem compound; uncertainty is over the observed compound panel, not broader chemical space.
l1000_phase2	cigs_mce	logFC	strict_matched_condition	negative_l2	per_gene_population_zscore_dataset	reviewer_l2_retrieval_dataset_pair	source_centroid_similarity	source_centroid_similarity	-35.20804677403463	-37.74778626070014	-33.160480136998466	2.2936530618508364	bca	ok	0.95	2000	2000	372	372	68	query_pubchem_cid	direction,cell_type,time_key	direction	95% BCa bootstrap CI clustered by PubChem compound; uncertainty is over the observed compound panel, not broader chemical space.
l1000_phase2	cigs_mce	logFC	strict_matched_condition	negative_l2	per_gene_population_zscore_dataset	reviewer_l2_retrieval_dataset_pair	source_centroid_normalized_rank	source_centroid_normalized_rank	0.9619195753891392	0.9316537317481628	0.9809259139393071	0.024636091095572132	bca	ok	0.95	2000	2000	372	372	68	query_pubchem_cid	direction,cell_type,time_key	direction	95% BCa bootstrap CI clustered by PubChem compound; uncertainty is over the observed compound panel, not broader chemical space.
l1000_phase2	cigs_mce	logFC	strict_matched_condition	negative_l2	per_gene_population_zscore_dataset	reviewer_l2_retrieval_dataset_pair	source_centroid_recall_at_1	source_centroid_recall_at_1	0.8053499132446501	0.7350352533898385	0.8667858034110846	0.06587527501062301	bca	ok	0.95	2000	2000	372	372	68	query_pubchem_cid	direction,cell_type,time_key	direction	95% BCa bootstrap CI clustered by PubChem compound; uncertainty is over the observed compound panel, not broader chemical space.
l1000_phase2	cigs_mce	logFC	strict_matched_condition	negative_l2	per_gene_population_zscore_dataset	reviewer_l2_retrieval_dataset_pair	source_centroid_auroc	source_centroid_auroc	0.9619195753891392	0.9326170312782036	0.9797571641975408	0.02357006645966858	bca	ok	0.95	2000	2000	372	372	68	query_pubchem_cid	direction,cell_type,time_key	direction	95% BCa bootstrap CI clustered by PubChem compound; uncertainty is over the observed compound panel, not broader chemical space.
l1000_phase2	cigs_mce	logFC	strict_matched_condition	negative_l2	per_gene_population_zscore_dataset	reviewer_l2_retrieval_dataset_pair	target_centroid_similarity	target_centroid_similarity	-39.577611167345424	-42.55305025988673	-37.39087748257067	2.5810863886580293	bca	ok	0.95	2000	2000	372	372	68	query_pubchem_cid	direction,cell_type,time_key	direction	95% BCa bootstrap CI clustered by PubChem compound; uncertainty is over the observed compound panel, not broader chemical space.
l1000_phase2	cigs_mce	logFC	strict_matched_condition	negative_l2	per_gene_population_zscore_dataset	reviewer_l2_retrieval_dataset_pair	target_centroid_normalized_rank	target_centroid_normalized_rank	0.91166617964209	0.8867336712069323	0.9323652728815439	0.022815800837305833	bca	ok	0.95	2000	2000	372	372	68	query_pubchem_cid	direction,cell_type,time_key	direction	95% BCa bootstrap CI clustered by PubChem compound; uncertainty is over the observed compound panel, not broader chemical space.
l1000_phase2	cigs_mce	logFC	strict_matched_condition	negative_l2	per_gene_population_zscore_dataset	reviewer_l2_retrieval_dataset_pair	target_centroid_recall_at_1	target_centroid_recall_at_1	0.3506362058993638	0.2853259580634706	0.4046424569271436	0.05965824943183651	bca	ok	0.95	2000	2000	372	372	68	query_pubchem_cid	direction,cell_type,time_key	direction	95% BCa bootstrap CI clustered by PubChem compound; uncertainty is over the observed compound panel, not broader chemical space.
l1000_phase2	cigs_mce	logFC	strict_matched_condition	negative_l2	per_gene_population_zscore_dataset	reviewer_l2_retrieval_dataset_pair	target_centroid_auroc	target_centroid_auroc	0.91166617964209	0.8866990058694172	0.9330024212162853	0.023151707673434052	bca	ok	0.95	2000	2000	372	372	68	query_pubchem_cid	direction,cell_type,time_key	direction	95% BCa bootstrap CI clustered by PubChem compound; uncertainty is over the observed compound panel, not broader chemical space.
l1000_phase2	cigs_mce	logFC	strict_matched_condition	negative_l2	per_gene_population_zscore_dataset	reviewer_l2_retrieval_dataset_pair	source_peer_normalized_rank	source_peer_normalized_rank	0.49663613932200656	0.4724519201187627	0.5197288045389834	0.023638442210110355	bca	ok	0.95	2000	2000	372	372	68	query_pubchem_cid	direction,cell_type,time_key	direction	95% BCa bootstrap CI clustered by PubChem compound; uncertainty is over the observed compound panel, not broader chemical space.
l1000_phase2	cigs_mce	logFC	strict_matched_condition	negative_l2	per_gene_population_zscore_dataset	reviewer_l2_retrieval_dataset_pair	target_peer_normalized_rank	target_peer_normalized_rank	0.4022424029957057	0.39952701499599996	0.4074534649939885	0.003963224998994264	bca	ok	0.95	2000	2000	372	372	68	query_pubchem_cid	direction,cell_type,time_key	direction	95% BCa bootstrap CI clustered by PubChem compound; uncertainty is over the observed compound panel, not broader chemical space.
l1000_phase2	cigs_mce	logFC	strict_matched_condition	negative_l2	per_gene_population_zscore_dataset	reviewer_l2_retrieval_dataset_pair	delta_vs_source_peer_normalized_rank	delta_vs_source_peer_normalized_rank	0.061637034245517495	0.007463218179262272	0.11463905647267805	0.053587919146707894	bca	ok	0.95	2000	2000	372	372	68	query_pubchem_cid	direction,cell_type,time_key	direction	95% BCa bootstrap CI clustered by PubChem compound; uncertainty is over the observed compound panel, not broader chemical space.
l1000_phase2	cigs_mce	logFC	strict_matched_condition	negative_l2	per_gene_population_zscore_dataset	reviewer_l2_retrieval_dataset_pair	delta_vs_target_peer_normalized_rank	delta_vs_target_peer_normalized_rank	0.1560307705718182	0.10430334195202669	0.20410440021613097	0.04990052913205214	bca	ok	0.95	2000	2000	372	372	68	query_pubchem_cid	direction,cell_type,time_key	direction	95% BCa bootstrap CI clustered by PubChem compound; uncertainty is over the observed compound panel, not broader chemical space.
l1000_phase2	cigs_mce	logFC	strict_matched_condition	negative_l2	per_gene_population_zscore_dataset	reviewer_l2_retrieval_dataset_pair	target_decoy_null_normalized_best_positive_rank	target_decoy_null_normalized_best_positive_rank	0.7200502595301284	0.7048431581934254	0.7305163045299808	0.012836573168277743	bca	ok	0.95	2000	2000	372	372	68	query_pubchem_cid	direction,cell_type,time_key	direction	95% BCa bootstrap CI clustered by PubChem compound; uncertainty is over the observed compound panel, not broader chemical space.
l1000_phase2	cigs_mce	logFC	strict_matched_condition	negative_l2	per_gene_population_zscore_dataset	reviewer_l2_retrieval_dataset_pair	delta_vs_target_decoy_null_normalized_best_positive_rank	delta_vs_target_decoy_null_normalized_best_positive_rank	-0.16177708596260448	-0.2070557096104486	-0.11479407900385277	0.04613081530329792	bca	ok	0.95	2000	2000	372	372	68	query_pubchem_cid	direction,cell_type,time_key	direction	95% BCa bootstrap CI clustered by PubChem compound; uncertainty is over the observed compound panel, not broader chemical space.
l1000_phase2	cigs_mce	logFC	strict_matched_condition	negative_l2	per_gene_population_zscore_dataset_cell_type	reviewer_l2_retrieval_dataset_pair	observed_normalized_best_positive_rank	observed_normalized_best_positive_rank	0.5995644224733455	0.5360195550353212	0.6626430167261977	0.06331173084543829	bca	ok	0.95	2000	2000	372	372	68	query_pubchem_cid	direction,cell_type,time_key	direction	95% BCa bootstrap CI clustered by PubChem compound; uncertainty is over the observed compound panel, not broader chemical space.
l1000_phase2	cigs_mce	logFC	strict_matched_condition	negative_l2	per_gene_population_zscore_dataset_cell_type	reviewer_l2_retrieval_dataset_pair	observed_recall_at_1	observed_recall_at_1	0.10023134759976865	0.059439412777898805	0.1545376096199601	0.04754909842103065	bca	ok	0.95	2000	2000	372	372	68	query_pubchem_cid	direction,cell_type,time_key	direction	95% BCa bootstrap CI clustered by PubChem compound; uncertainty is over the observed compound panel, not broader chemical space.
l1000_phase2	cigs_mce	logFC	strict_matched_condition	negative_l2	per_gene_population_zscore_dataset_cell_type	reviewer_l2_retrieval_dataset_pair	observed_auroc	observed_auroc	0.5991579460050783	0.5336448540755122	0.6623277730231114	0.0643414594737996	bca	ok	0.95	2000	2000	372	372	68	query_pubchem_cid	direction,cell_type,time_key	direction	95% BCa bootstrap CI clustered by PubChem compound; uncertainty is over the observed compound panel, not broader chemical space.
l1000_phase2	cigs_mce	logFC	strict_matched_condition	negative_l2	per_gene_population_zscore_dataset_cell_type	reviewer_l2_retrieval_dataset_pair	observed_best_positive_similarity	observed_best_positive_similarity	-41.28444062503444	-44.73805970029719	-38.64971313610915	3.0441732820940217	bca	ok	0.95	2000	2000	372	372	68	query_pubchem_cid	direction,cell_type,time_key	direction	95% BCa bootstrap CI clustered by PubChem compound; uncertainty is over the observed compound panel, not broader chemical space.
l1000_phase2	cigs_mce	logFC	strict_matched_condition	negative_l2	per_gene_population_zscore_dataset_cell_type	reviewer_l2_retrieval_dataset_pair	random_normalized_best_positive_rank	random_normalized_best_positive_rank					not_estimable	too_few_clusters_or_values	0.95	2000	0	372	0	0	query_pubchem_cid	direction,cell_type,time_key	direction	95% BCa bootstrap CI clustered by PubChem compound; uncertainty is over the observed compound panel, not broader chemical space.
l1000_phase2	cigs_mce	logFC	strict_matched_condition	negative_l2	per_gene_population_zscore_dataset_cell_type	reviewer_l2_retrieval_dataset_pair	random_recall_at_1	random_recall_at_1					not_estimable	too_few_clusters_or_values	0.95	2000	0	372	0	0	query_pubchem_cid	direction,cell_type,time_key	direction	95% BCa bootstrap CI clustered by PubChem compound; uncertainty is over the observed compound panel, not broader chemical space.
l1000_phase2	cigs_mce	logFC	strict_matched_condition	negative_l2	per_gene_population_zscore_dataset_cell_type	reviewer_l2_retrieval_dataset_pair	random_auroc	random_auroc					not_estimable	too_few_clusters_or_values	0.95	2000	0	372	0	0	query_pubchem_cid	direction,cell_type,time_key	direction	95% BCa bootstrap CI clustered by PubChem compound; uncertainty is over the observed compound panel, not broader chemical space.
l1000_phase2	cigs_mce	logFC	strict_matched_condition	negative_l2	per_gene_population_zscore_dataset_cell_type	reviewer_l2_retrieval_dataset_pair	delta_vs_random_normalized_best_positive_rank	delta_vs_random_normalized_best_positive_rank	-0.12048583705678295	-0.17342481529802534	-0.060756368184132936	0.0563342235569462	bca	ok	0.95	2000	2000	372	372	68	query_pubchem_cid	direction,cell_type,time_key	direction	95% BCa bootstrap CI clustered by PubChem compound; uncertainty is over the observed compound panel, not broader chemical space.
l1000_phase2	cigs_mce	logFC	strict_matched_condition	negative_l2	per_gene_population_zscore_dataset_cell_type	reviewer_l2_retrieval_dataset_pair	source_individual_n_peers	source_individual_n_peers	1627.1673221515325	1626.9971766978565	1627.4152699525225	0.20904662733300938	bca	ok	0.95	2000	2000	372	372	68	query_pubchem_cid	direction,cell_type,time_key	direction	95% BCa bootstrap CI clustered by PubChem compound; uncertainty is over the observed compound panel, not broader chemical space.
l1000_phase2	cigs_mce	logFC	strict_matched_condition	negative_l2	per_gene_population_zscore_dataset_cell_type	reviewer_l2_retrieval_dataset_pair	source_individual_mean_similarity	source_individual_mean_similarity	-43.89464175800572	-45.8467135995967	-42.51508209524587	1.665815752175412	bca	ok	0.95	2000	2000	372	372	68	query_pubchem_cid	direction,cell_type,time_key	direction	95% BCa bootstrap CI clustered by PubChem compound; uncertainty is over the observed compound panel, not broader chemical space.
l1000_phase2	cigs_mce	logFC	strict_matched_condition	negative_l2	per_gene_population_zscore_dataset_cell_type	reviewer_l2_retrieval_dataset_pair	source_individual_sd_similarity	source_individual_sd_similarity	7.984653607522096	7.727579655552203	8.244421578817246	0.25842096163252126	bca	ok	0.95	2000	2000	372	372	68	query_pubchem_cid	direction,cell_type,time_key	direction	95% BCa bootstrap CI clustered by PubChem compound; uncertainty is over the observed compound panel, not broader chemical space.
l1000_phase2	cigs_mce	logFC	strict_matched_condition	negative_l2	per_gene_population_zscore_dataset_cell_type	reviewer_l2_retrieval_dataset_pair	source_individual_n_below_observed	source_individual_n_below_observed	898.1508386350492	750.7950338770058	1049.9699272888106	149.58744670590238	bca	ok	0.95	2000	2000	372	372	68	query_pubchem_cid	direction,cell_type,time_key	direction	95% BCa bootstrap CI clustered by PubChem compound; uncertainty is over the observed compound panel, not broader chemical space.
l1000_phase2	cigs_mce	logFC	strict_matched_condition	negative_l2	per_gene_population_zscore_dataset_cell_type	reviewer_l2_retrieval_dataset_pair	source_individual_fraction_below_observed	source_individual_fraction_below_observed	0.6294203417118766	0.5644580247438074	0.6931832947650706	0.06436263501063161	bca	ok	0.95	2000	2000	372	372	68	query_pubchem_cid	direction,cell_type,time_key	direction	95% BCa bootstrap CI clustered by PubChem compound; uncertainty is over the observed compound panel, not broader chemical space.
l1000_phase2	cigs_mce	logFC	strict_matched_condition	negative_l2	per_gene_population_zscore_dataset_cell_type	reviewer_l2_retrieval_dataset_pair	source_individual_corrected_percentile	source_individual_corrected_percentile	0.6300343402770548	0.5635961172457685	0.6908127885580325	0.063608335656132	bca	ok	0.95	2000	2000	372	372	68	query_pubchem_cid	direction,cell_type,time_key	direction	95% BCa bootstrap CI clustered by PubChem compound; uncertainty is over the observed compound panel, not broader chemical space.
l1000_phase2	cigs_mce	logFC	strict_matched_condition	negative_l2	per_gene_population_zscore_dataset_cell_type	reviewer_l2_retrieval_dataset_pair	target_individual_n_peers	target_individual_n_peers	1627.34997108155	1627.2093743919231	1627.6472064526129	0.21891603034487161	bca	ok	0.95	2000	2000	372	372	68	query_pubchem_cid	direction,cell_type,time_key	direction	95% BCa bootstrap CI clustered by PubChem compound; uncertainty is over the observed compound panel, not broader chemical space.
l1000_phase2	cigs_mce	logFC	strict_matched_condition	negative_l2	per_gene_population_zscore_dataset_cell_type	reviewer_l2_retrieval_dataset_pair	target_individual_mean_similarity	target_individual_mean_similarity	-45.54738272507947	-47.56328653063666	-43.85297103497975	1.8551577478284536	bca	ok	0.95	2000	2000	372	372	68	query_pubchem_cid	direction,cell_type,time_key	direction	95% BCa bootstrap CI clustered by PubChem compound; uncertainty is over the observed compound panel, not broader chemical space.
l1000_phase2	cigs_mce	logFC	strict_matched_condition	negative_l2	per_gene_population_zscore_dataset_cell_type	reviewer_l2_retrieval_dataset_pair	target_individual_sd_similarity	target_individual_sd_similarity	7.703132975469126	7.384673365451782	7.953726915230723	0.2845267748894704	bca	ok	0.95	2000	2000	372	372	68	query_pubchem_cid	direction,cell_type,time_key	direction	95% BCa bootstrap CI clustered by PubChem compound; uncertainty is over the observed compound panel, not broader chemical space.
l1000_phase2	cigs_mce	logFC	strict_matched_condition	negative_l2	per_gene_population_zscore_dataset_cell_type	reviewer_l2_retrieval_dataset_pair	target_individual_n_below_observed	target_individual_n_below_observed	1082.383024869867	943.2660237057005	1212.948138335541	134.84105731492025	bca	ok	0.95	2000	2000	372	372	68	query_pubchem_cid	direction,cell_type,time_key	direction	95% BCa bootstrap CI clustered by PubChem compound; uncertainty is over the observed compound panel, not broader chemical space.
l1000_phase2	cigs_mce	logFC	strict_matched_condition	negative_l2	per_gene_population_zscore_dataset_cell_type	reviewer_l2_retrieval_dataset_pair	target_individual_fraction_below_observed	target_individual_fraction_below_observed	0.6804217978257322	0.6155013755177222	0.7354630367499796	0.05998083061612869	bca	ok	0.95	2000	2000	372	372	68	query_pubchem_cid	direction,cell_type,time_key	direction	95% BCa bootstrap CI clustered by PubChem compound; uncertainty is over the observed compound panel, not broader chemical space.
l1000_phase2	cigs_mce	logFC	strict_matched_condition	negative_l2	per_gene_population_zscore_dataset_cell_type	reviewer_l2_retrieval_dataset_pair	target_individual_corrected_percentile	target_individual_corrected_percentile	0.6810581737183836	0.620315413974199	0.7406881583623529	0.060186372194076965	bca	ok	0.95	2000	2000	372	372	68	query_pubchem_cid	direction,cell_type,time_key	direction	95% BCa bootstrap CI clustered by PubChem compound; uncertainty is over the observed compound panel, not broader chemical space.
l1000_phase2	cigs_mce	logFC	strict_matched_condition	negative_l2	per_gene_population_zscore_dataset_cell_type	reviewer_l2_retrieval_dataset_pair	source_centroid_similarity	source_centroid_similarity	-31.89197235603259	-34.152257384921676	-29.948846146077106	2.101705619422285	bca	ok	0.95	2000	2000	372	372	68	query_pubchem_cid	direction,cell_type,time_key	direction	95% BCa bootstrap CI clustered by PubChem compound; uncertainty is over the observed compound panel, not broader chemical space.
l1000_phase2	cigs_mce	logFC	strict_matched_condition	negative_l2	per_gene_population_zscore_dataset_cell_type	reviewer_l2_retrieval_dataset_pair	source_centroid_normalized_rank	source_centroid_normalized_rank	0.9790266766033954	0.9617703033488407	0.9887127799930023	0.013471238322080803	bca	ok	0.95	2000	2000	372	372	68	query_pubchem_cid	direction,cell_type,time_key	direction	95% BCa bootstrap CI clustered by PubChem compound; uncertainty is over the observed compound panel, not broader chemical space.
l1000_phase2	cigs_mce	logFC	strict_matched_condition	negative_l2	per_gene_population_zscore_dataset_cell_type	reviewer_l2_retrieval_dataset_pair	source_centroid_recall_at_1	source_centroid_recall_at_1	0.7864661654135339	0.7059720255588726	0.8498648322592856	0.07194640335020647	bca	ok	0.95	2000	2000	372	372	68	query_pubchem_cid	direction,cell_type,time_key	direction	95% BCa bootstrap CI clustered by PubChem compound; uncertainty is over the observed compound panel, not broader chemical space.
l1000_phase2	cigs_mce	logFC	strict_matched_condition	negative_l2	per_gene_population_zscore_dataset_cell_type	reviewer_l2_retrieval_dataset_pair	source_centroid_auroc	source_centroid_auroc	0.9790266766033954	0.9620737911501354	0.9890082984977963	0.013467253673830448	bca	ok	0.95	2000	2000	372	372	68	query_pubchem_cid	direction,cell_type,time_key	direction	95% BCa bootstrap CI clustered by PubChem compound; uncertainty is over the observed compound panel, not broader chemical space.
l1000_phase2	cigs_mce	logFC	strict_matched_condition	negative_l2	per_gene_population_zscore_dataset_cell_type	reviewer_l2_retrieval_dataset_pair	target_centroid_similarity	target_centroid_similarity	-33.685194636028605	-36.48795903767708	-31.666169029635725	2.410895004020677	bca	ok	0.95	2000	2000	372	372	68	query_pubchem_cid	direction,cell_type,time_key	direction	95% BCa bootstrap CI clustered by PubChem compound; uncertainty is over the observed compound panel, not broader chemical space.
l1000_phase2	cigs_mce	logFC	strict_matched_condition	negative_l2	per_gene_population_zscore_dataset_cell_type	reviewer_l2_retrieval_dataset_pair	target_centroid_normalized_rank	target_centroid_normalized_rank	0.9706465447236734	0.9569298894758145	0.9810208638726214	0.012045487198403482	bca	ok	0.95	2000	2000	372	372	68	query_pubchem_cid	direction,cell_type,time_key	direction	95% BCa bootstrap CI clustered by PubChem compound; uncertainty is over the observed compound panel, not broader chemical space.
l1000_phase2	cigs_mce	logFC	strict_matched_condition	negative_l2	per_gene_population_zscore_dataset_cell_type	reviewer_l2_retrieval_dataset_pair	target_centroid_recall_at_1	target_centroid_recall_at_1	0.5668305378831695	0.48155519738585034	0.6512453125160036	0.08484505756507663	bca	ok	0.95	2000	2000	372	372	68	query_pubchem_cid	direction,cell_type,time_key	direction	95% BCa bootstrap CI clustered by PubChem compound; uncertainty is over the observed compound panel, not broader chemical space.
l1000_phase2	cigs_mce	logFC	strict_matched_condition	negative_l2	per_gene_population_zscore_dataset_cell_type	reviewer_l2_retrieval_dataset_pair	target_centroid_auroc	target_centroid_auroc	0.9706465447236734	0.9564084049358403	0.9813201096837592	0.012455852373959408	bca	ok	0.95	2000	2000	372	372	68	query_pubchem_cid	direction,cell_type,time_key	direction	95% BCa bootstrap CI clustered by PubChem compound; uncertainty is over the observed compound panel, not broader chemical space.
l1000_phase2	cigs_mce	logFC	strict_matched_condition	negative_l2	per_gene_population_zscore_dataset_cell_type	reviewer_l2_retrieval_dataset_pair	source_peer_normalized_rank	source_peer_normalized_rank	0.4474716349900515	0.4309468535709519	0.46461737405671194	0.016835260242880012	bca	ok	0.95	2000	2000	372	372	68	query_pubchem_cid	direction,cell_type,time_key	direction	95% BCa bootstrap CI clustered by PubChem compound; uncertainty is over the observed compound panel, not broader chemical space.
l1000_phase2	cigs_mce	logFC	strict_matched_condition	negative_l2	per_gene_population_zscore_dataset_cell_type	reviewer_l2_retrieval_dataset_pair	target_peer_normalized_rank	target_peer_normalized_rank	0.4097230219836141	0.4052500051124182	0.4159411174216311	0.00534555615460644	bca	ok	0.95	2000	2000	372	372	68	query_pubchem_cid	direction,cell_type,time_key	direction	95% BCa bootstrap CI clustered by PubChem compound; uncertainty is over the observed compound panel, not broader chemical space.
l1000_phase2	cigs_mce	logFC	strict_matched_condition	negative_l2	per_gene_population_zscore_dataset_cell_type	reviewer_l2_retrieval_dataset_pair	delta_vs_source_peer_normalized_rank	delta_vs_source_peer_normalized_rank	0.1520927874832939	0.09578324335600447	0.21507396377814342	0.059645360211069476	bca	ok	0.95	2000	2000	372	372	68	query_pubchem_cid	direction,cell_type,time_key	direction	95% BCa bootstrap CI clustered by PubChem compound; uncertainty is over the observed compound panel, not broader chemical space.
l1000_phase2	cigs_mce	logFC	strict_matched_condition	negative_l2	per_gene_population_zscore_dataset_cell_type	reviewer_l2_retrieval_dataset_pair	delta_vs_target_peer_normalized_rank	delta_vs_target_peer_normalized_rank	0.1898414004897313	0.12928845187492388	0.2470935569824051	0.058902552553740606	bca	ok	0.95	2000	2000	372	372	68	query_pubchem_cid	direction,cell_type,time_key	direction	95% BCa bootstrap CI clustered by PubChem compound; uncertainty is over the observed compound panel, not broader chemical space.
l1000_phase2	cigs_mce	logFC	strict_matched_condition	negative_l2	per_gene_population_zscore_dataset_cell_type	reviewer_l2_retrieval_dataset_pair	target_decoy_null_normalized_best_positive_rank	target_decoy_null_normalized_best_positive_rank	0.7200502595301284	0.706297696743506	0.7309811782961032	0.012341740776298626	bca	ok	0.95	2000	2000	372	372	68	query_pubchem_cid	direction,cell_type,time_key	direction	95% BCa bootstrap CI clustered by PubChem compound; uncertainty is over the observed compound panel, not broader chemical space.
l1000_phase2	cigs_mce	logFC	strict_matched_condition	negative_l2	per_gene_population_zscore_dataset_cell_type	reviewer_l2_retrieval_dataset_pair	delta_vs_target_decoy_null_normalized_best_positive_rank	delta_vs_target_decoy_null_normalized_best_positive_rank	-0.12048583705678295	-0.1755770488923682	-0.0650561356667221	0.05526045661282305	bca	ok	0.95	2000	2000	372	372	68	query_pubchem_cid	direction,cell_type,time_key	direction	95% BCa bootstrap CI clustered by PubChem compound; uncertainty is over the observed compound panel, not broader chemical space.
l1000_phase2	cigs_mce	logFC	strict_matched_condition	negative_l2	raw	reviewer_l2_retrieval_dataset_pair	observed_normalized_best_positive_rank	observed_normalized_best_positive_rank	0.5799476571294513	0.522844286359226	0.6352442656312882	0.05619998963603112	bca	ok	0.95	2000	2000	372	372	68	query_pubchem_cid	direction,cell_type,time_key	direction	95% BCa bootstrap CI clustered by PubChem compound; uncertainty is over the observed compound panel, not broader chemical space.
l1000_phase2	cigs_mce	logFC	strict_matched_condition	negative_l2	raw	reviewer_l2_retrieval_dataset_pair	observed_recall_at_1	observed_recall_at_1	0.06578947368421052	0.03261280917535337	0.11836222190760246	0.042874706366124546	bca	ok	0.95	2000	2000	372	372	68	query_pubchem_cid	direction,cell_type,time_key	direction	95% BCa bootstrap CI clustered by PubChem compound; uncertainty is over the observed compound panel, not broader chemical space.
l1000_phase2	cigs_mce	logFC	strict_matched_condition	negative_l2	raw	reviewer_l2_retrieval_dataset_pair	observed_auroc	observed_auroc	0.5794951400519202	0.5164176431769505	0.63303928666373	0.05831082174338975	bca	ok	0.95	2000	2000	372	372	68	query_pubchem_cid	direction,cell_type,time_key	direction	95% BCa bootstrap CI clustered by PubChem compound; uncertainty is over the observed compound panel, not broader chemical space.
l1000_phase2	cigs_mce	logFC	strict_matched_condition	negative_l2	raw	reviewer_l2_retrieval_dataset_pair	observed_best_positive_similarity	observed_best_positive_similarity	-22.919022096699116	-24.452243291694195	-21.6756233324487	1.388309979622747	bca	ok	0.95	2000	2000	372	372	68	query_pubchem_cid	direction,cell_type,time_key	direction	95% BCa bootstrap CI clustered by PubChem compound; uncertainty is over the observed compound panel, not broader chemical space.
l1000_phase2	cigs_mce	logFC	strict_matched_condition	negative_l2	raw	reviewer_l2_retrieval_dataset_pair	random_normalized_best_positive_rank	random_normalized_best_positive_rank					not_estimable	too_few_clusters_or_values	0.95	2000	0	372	0	0	query_pubchem_cid	direction,cell_type,time_key	direction	95% BCa bootstrap CI clustered by PubChem compound; uncertainty is over the observed compound panel, not broader chemical space.
l1000_phase2	cigs_mce	logFC	strict_matched_condition	negative_l2	raw	reviewer_l2_retrieval_dataset_pair	random_recall_at_1	random_recall_at_1					not_estimable	too_few_clusters_or_values	0.95	2000	0	372	0	0	query_pubchem_cid	direction,cell_type,time_key	direction	95% BCa bootstrap CI clustered by PubChem compound; uncertainty is over the observed compound panel, not broader chemical space.
l1000_phase2	cigs_mce	logFC	strict_matched_condition	negative_l2	raw	reviewer_l2_retrieval_dataset_pair	random_auroc	random_auroc					not_estimable	too_few_clusters_or_values	0.95	2000	0	372	0	0	query_pubchem_cid	direction,cell_type,time_key	direction	95% BCa bootstrap CI clustered by PubChem compound; uncertainty is over the observed compound panel, not broader chemical space.
l1000_phase2	cigs_mce	logFC	strict_matched_condition	negative_l2	raw	reviewer_l2_retrieval_dataset_pair	delta_vs_random_normalized_best_positive_rank	delta_vs_random_normalized_best_positive_rank	-0.14010260240067715	-0.19278784251011882	-0.09070730653452426	0.05104026798779728	bca	ok	0.95	2000	2000	372	372	68	query_pubchem_cid	direction,cell_type,time_key	direction	95% BCa bootstrap CI clustered by PubChem compound; uncertainty is over the observed compound panel, not broader chemical space.
l1000_phase2	cigs_mce	logFC	strict_matched_condition	negative_l2	raw	reviewer_l2_retrieval_dataset_pair	source_individual_n_peers	source_individual_n_peers	1627.1673221515325	1626.9881920568287	1627.4037616197818	0.20778478147656188	bca	ok	0.95	2000	2000	372	372	68	query_pubchem_cid	direction,cell_type,time_key	direction	95% BCa bootstrap CI clustered by PubChem compound; uncertainty is over the observed compound panel, not broader chemical space.
l1000_phase2	cigs_mce	logFC	strict_matched_condition	negative_l2	raw	reviewer_l2_retrieval_dataset_pair	source_individual_mean_similarity	source_individual_mean_similarity	-23.24550657873896	-24.100572466538118	-22.5515698048796	0.7745013308292599	bca	ok	0.95	2000	2000	372	372	68	query_pubchem_cid	direction,cell_type,time_key	direction	95% BCa bootstrap CI clustered by PubChem compound; uncertainty is over the observed compound panel, not broader chemical space.
l1000_phase2	cigs_mce	logFC	strict_matched_condition	negative_l2	raw	reviewer_l2_retrieval_dataset_pair	source_individual_sd_similarity	source_individual_sd_similarity	3.8735855287554006	3.7484796345310447	4.0118585440940535	0.1316894547815044	bca	ok	0.95	2000	2000	372	372	68	query_pubchem_cid	direction,cell_type,time_key	direction	95% BCa bootstrap CI clustered by PubChem compound; uncertainty is over the observed compound panel, not broader chemical space.
l1000_phase2	cigs_mce	logFC	strict_matched_condition	negative_l2	raw	reviewer_l2_retrieval_dataset_pair	source_individual_n_below_observed	source_individual_n_below_observed	777.2137073452864	632.4231438762072	922.0434364352803	144.81014627953658	bca	ok	0.95	2000	2000	372	372	68	query_pubchem_cid	direction,cell_type,time_key	direction	95% BCa bootstrap CI clustered by PubChem compound; uncertainty is over the observed compound panel, not broader chemical space.
l1000_phase2	cigs_mce	logFC	strict_matched_condition	negative_l2	raw	reviewer_l2_retrieval_dataset_pair	source_individual_fraction_below_observed	source_individual_fraction_below_observed	0.5437101543109035	0.47746850789021195	0.6117792824122358	0.06715538726101192	bca	ok	0.95	2000	2000	372	372	68	query_pubchem_cid	direction,cell_type,time_key	direction	95% BCa bootstrap CI clustered by PubChem compound; uncertainty is over the observed compound panel, not broader chemical space.
l1000_phase2	cigs_mce	logFC	strict_matched_condition	negative_l2	raw	reviewer_l2_retrieval_dataset_pair	source_individual_corrected_percentile	source_individual_corrected_percentile	0.5445277263890955	0.4794929728762024	0.612750738056244	0.06662888259002081	bca	ok	0.95	2000	2000	372	372	68	query_pubchem_cid	direction,cell_type,time_key	direction	95% BCa bootstrap CI clustered by PubChem compound; uncertainty is over the observed compound panel, not broader chemical space.
l1000_phase2	cigs_mce	logFC	strict_matched_condition	negative_l2	raw	reviewer_l2_retrieval_dataset_pair	target_individual_n_peers	target_individual_n_peers	1627.34997108155	1627.1896464948002	1627.6087278111095	0.20954065815465128	bca	ok	0.95	2000	2000	372	372	68	query_pubchem_cid	direction,cell_type,time_key	direction	95% BCa bootstrap CI clustered by PubChem compound; uncertainty is over the observed compound panel, not broader chemical space.
l1000_phase2	cigs_mce	logFC	strict_matched_condition	negative_l2	raw	reviewer_l2_retrieval_dataset_pair	target_individual_mean_similarity	target_individual_mean_similarity	-25.061839450602633	-26.1844522823746	-24.273232614370293	0.9556098340021535	bca	ok	0.95	2000	2000	372	372	68	query_pubchem_cid	direction,cell_type,time_key	direction	95% BCa bootstrap CI clustered by PubChem compound; uncertainty is over the observed compound panel, not broader chemical space.
l1000_phase2	cigs_mce	logFC	strict_matched_condition	negative_l2	raw	reviewer_l2_retrieval_dataset_pair	target_individual_sd_similarity	target_individual_sd_similarity	3.7570128782916288	3.6154475204341523	3.884350312488826	0.1344513960273368	bca	ok	0.95	2000	2000	372	372	68	query_pubchem_cid	direction,cell_type,time_key	direction	95% BCa bootstrap CI clustered by PubChem compound; uncertainty is over the observed compound panel, not broader chemical space.
l1000_phase2	cigs_mce	logFC	strict_matched_condition	negative_l2	raw	reviewer_l2_retrieval_dataset_pair	target_individual_n_below_observed	target_individual_n_below_observed	1080.2799016772701	954.5803971218617	1199.7326634659237	122.576133172031	bca	ok	0.95	2000	2000	372	372	68	query_pubchem_cid	direction,cell_type,time_key	direction	95% BCa bootstrap CI clustered by PubChem compound; uncertainty is over the observed compound panel, not broader chemical space.
l1000_phase2	cigs_mce	logFC	strict_matched_condition	negative_l2	raw	reviewer_l2_retrieval_dataset_pair	target_individual_fraction_below_observed	target_individual_fraction_below_observed	0.665251753464069	0.611288511623137	0.719355053921673	0.05403327114926798	bca	ok	0.95	2000	2000	372	372	68	query_pubchem_cid	direction,cell_type,time_key	direction	95% BCa bootstrap CI clustered by PubChem compound; uncertainty is over the observed compound panel, not broader chemical space.
l1000_phase2	cigs_mce	logFC	strict_matched_condition	negative_l2	raw	reviewer_l2_retrieval_dataset_pair	target_individual_corrected_percentile	target_individual_corrected_percentile	0.6659491511075912	0.6124954153105443	0.7171481110956253	0.05232634789254048	bca	ok	0.95	2000	2000	372	372	68	query_pubchem_cid	direction,cell_type,time_key	direction	95% BCa bootstrap CI clustered by PubChem compound; uncertainty is over the observed compound panel, not broader chemical space.
l1000_phase2	cigs_mce	logFC	strict_matched_condition	negative_l2	raw	reviewer_l2_retrieval_dataset_pair	source_centroid_similarity	source_centroid_similarity	-16.92307827767395	-18.04485690912645	-16.036141663037796	1.0043576230443279	bca	ok	0.95	2000	2000	372	372	68	query_pubchem_cid	direction,cell_type,time_key	direction	95% BCa bootstrap CI clustered by PubChem compound; uncertainty is over the observed compound panel, not broader chemical space.
l1000_phase2	cigs_mce	logFC	strict_matched_condition	negative_l2	raw	reviewer_l2_retrieval_dataset_pair	source_centroid_normalized_rank	source_centroid_normalized_rank	0.9859703437650543	0.9690088359658035	0.9935171367371934	0.012254150385694995	bca	ok	0.95	2000	2000	372	372	68	query_pubchem_cid	direction,cell_type,time_key	direction	95% BCa bootstrap CI clustered by PubChem compound; uncertainty is over the observed compound panel, not broader chemical space.
l1000_phase2	cigs_mce	logFC	strict_matched_condition	negative_l2	raw	reviewer_l2_retrieval_dataset_pair	source_centroid_recall_at_1	source_centroid_recall_at_1	0.8404858299595142	0.7702151679137361	0.8944593535089216	0.06212209279759273	bca	ok	0.95	2000	2000	372	372	68	query_pubchem_cid	direction,cell_type,time_key	direction	95% BCa bootstrap CI clustered by PubChem compound; uncertainty is over the observed compound panel, not broader chemical space.
l1000_phase2	cigs_mce	logFC	strict_matched_condition	negative_l2	raw	reviewer_l2_retrieval_dataset_pair	source_centroid_auroc	source_centroid_auroc	0.9859703437650543	0.9699162315336909	0.9934460316001518	0.011764900033230441	bca	ok	0.95	2000	2000	372	372	68	query_pubchem_cid	direction,cell_type,time_key	direction	95% BCa bootstrap CI clustered by PubChem compound; uncertainty is over the observed compound panel, not broader chemical space.
l1000_phase2	cigs_mce	logFC	strict_matched_condition	negative_l2	raw	reviewer_l2_retrieval_dataset_pair	target_centroid_similarity	target_centroid_similarity	-19.19363491923087	-20.438153223272252	-18.207988267722655	1.1150824777747985	bca	ok	0.95	2000	2000	372	372	68	query_pubchem_cid	direction,cell_type,time_key	direction	95% BCa bootstrap CI clustered by PubChem compound; uncertainty is over the observed compound panel, not broader chemical space.
l1000_phase2	cigs_mce	logFC	strict_matched_condition	negative_l2	raw	reviewer_l2_retrieval_dataset_pair	target_centroid_normalized_rank	target_centroid_normalized_rank	0.9288666478796045	0.9063331743681954	0.9481195709048557	0.020893198268330138	bca	ok	0.95	2000	2000	372	372	68	query_pubchem_cid	direction,cell_type,time_key	direction	95% BCa bootstrap CI clustered by PubChem compound; uncertainty is over the observed compound panel, not broader chemical space.
l1000_phase2	cigs_mce	logFC	strict_matched_condition	negative_l2	raw	reviewer_l2_retrieval_dataset_pair	target_centroid_recall_at_1	target_centroid_recall_at_1	0.4520242914979757	0.3817863813284001	0.5164872956610717	0.06735045716633578	bca	ok	0.95	2000	2000	372	372	68	query_pubchem_cid	direction,cell_type,time_key	direction	95% BCa bootstrap CI clustered by PubChem compound; uncertainty is over the observed compound panel, not broader chemical space.
l1000_phase2	cigs_mce	logFC	strict_matched_condition	negative_l2	raw	reviewer_l2_retrieval_dataset_pair	target_centroid_auroc	target_centroid_auroc	0.9288666478796045	0.9071562719095126	0.9490112342135673	0.020927481152027305	bca	ok	0.95	2000	2000	372	372	68	query_pubchem_cid	direction,cell_type,time_key	direction	95% BCa bootstrap CI clustered by PubChem compound; uncertainty is over the observed compound panel, not broader chemical space.
l1000_phase2	cigs_mce	logFC	strict_matched_condition	negative_l2	raw	reviewer_l2_retrieval_dataset_pair	source_peer_normalized_rank	source_peer_normalized_rank	0.528136970225902	0.5022559528492547	0.5510629721625397	0.024403509656642508	bca	ok	0.95	2000	2000	372	372	68	query_pubchem_cid	direction,cell_type,time_key	direction	95% BCa bootstrap CI clustered by PubChem compound; uncertainty is over the observed compound panel, not broader chemical space.
l1000_phase2	cigs_mce	logFC	strict_matched_condition	negative_l2	raw	reviewer_l2_retrieval_dataset_pair	target_peer_normalized_rank	target_peer_normalized_rank	0.40699879819909357	0.40315345670525293	0.41288206557309226	0.004864304433919664	bca	ok	0.95	2000	2000	372	372	68	query_pubchem_cid	direction,cell_type,time_key	direction	95% BCa bootstrap CI clustered by PubChem compound; uncertainty is over the observed compound panel, not broader chemical space.
l1000_phase2	cigs_mce	logFC	strict_matched_condition	negative_l2	raw	reviewer_l2_retrieval_dataset_pair	delta_vs_source_peer_normalized_rank	delta_vs_source_peer_normalized_rank	0.051810686903549126	-0.00922247520603313	0.11440327582804923	0.06181287551704118	bca	ok	0.95	2000	2000	372	372	68	query_pubchem_cid	direction,cell_type,time_key	direction	95% BCa bootstrap CI clustered by PubChem compound; uncertainty is over the observed compound panel, not broader chemical space.
l1000_phase2	cigs_mce	logFC	strict_matched_condition	negative_l2	raw	reviewer_l2_retrieval_dataset_pair	delta_vs_target_peer_normalized_rank	delta_vs_target_peer_normalized_rank	0.1729488589303576	0.11719437249205314	0.22612432135814214	0.0544649744330445	bca	ok	0.95	2000	2000	372	372	68	query_pubchem_cid	direction,cell_type,time_key	direction	95% BCa bootstrap CI clustered by PubChem compound; uncertainty is over the observed compound panel, not broader chemical space.
l1000_phase2	cigs_mce	logFC	strict_matched_condition	negative_l2	raw	reviewer_l2_retrieval_dataset_pair	target_decoy_null_normalized_best_positive_rank	target_decoy_null_normalized_best_positive_rank	0.7200502595301284	0.7053485925711815	0.7310507177717276	0.012851062600273022	bca	ok	0.95	2000	2000	372	372	68	query_pubchem_cid	direction,cell_type,time_key	direction	95% BCa bootstrap CI clustered by PubChem compound; uncertainty is over the observed compound panel, not broader chemical space.
l1000_phase2	cigs_mce	logFC	strict_matched_condition	negative_l2	raw	reviewer_l2_retrieval_dataset_pair	delta_vs_target_decoy_null_normalized_best_positive_rank	delta_vs_target_decoy_null_normalized_best_positive_rank	-0.14010260240067715	-0.19027017953078207	-0.08892307543020754	0.050673552050287264	bca	ok	0.95	2000	2000	372	372	68	query_pubchem_cid	direction,cell_type,time_key	direction	95% BCa bootstrap CI clustered by PubChem compound; uncertainty is over the observed compound panel, not broader chemical space.
l1000_phase2	sciplex	logFC	strict_matched_condition	negative_l2	per_gene_population_zscore_dataset	reviewer_l2_retrieval_dataset_pair	observed_normalized_best_positive_rank	observed_normalized_best_positive_rank	0.6462523459627321	0.6181689482629138	0.6732289856730249	0.02753001870505556	bca	ok	0.95	2000	2000	2323	2323	83	query_pubchem_cid	direction,cell_type,time_key	direction	95% BCa bootstrap CI clustered by PubChem compound; uncertainty is over the observed compound panel, not broader chemical space.
l1000_phase2	sciplex	logFC	strict_matched_condition	negative_l2	per_gene_population_zscore_dataset	reviewer_l2_retrieval_dataset_pair	observed_recall_at_1	observed_recall_at_1	0.03518612126509179	0.019912628916104638	0.05919071485967596	0.01963904297178566	bca	ok	0.95	2000	2000	2323	2323	83	query_pubchem_cid	direction,cell_type,time_key	direction	95% BCa bootstrap CI clustered by PubChem compound; uncertainty is over the observed compound panel, not broader chemical space.
l1000_phase2	sciplex	logFC	strict_matched_condition	negative_l2	per_gene_population_zscore_dataset	reviewer_l2_retrieval_dataset_pair	observed_auroc	observed_auroc	0.6456863898171417	0.6164695335250286	0.673195840991868	0.028363153733419688	bca	ok	0.95	2000	2000	2323	2323	83	query_pubchem_cid	direction,cell_type,time_key	direction	95% BCa bootstrap CI clustered by PubChem compound; uncertainty is over the observed compound panel, not broader chemical space.
l1000_phase2	sciplex	logFC	strict_matched_condition	negative_l2	per_gene_population_zscore_dataset	reviewer_l2_retrieval_dataset_pair	observed_best_positive_similarity	observed_best_positive_similarity	-36.49894717891725	-37.8609475093817	-35.260058805318025	1.300444352031839	bca	ok	0.95	2000	2000	2323	2323	83	query_pubchem_cid	direction,cell_type,time_key	direction	95% BCa bootstrap CI clustered by PubChem compound; uncertainty is over the observed compound panel, not broader chemical space.
l1000_phase2	sciplex	logFC	strict_matched_condition	negative_l2	per_gene_population_zscore_dataset	reviewer_l2_retrieval_dataset_pair	random_normalized_best_positive_rank	random_normalized_best_positive_rank					not_estimable	too_few_clusters_or_values	0.95	2000	0	2323	0	0	query_pubchem_cid	direction,cell_type,time_key	direction	95% BCa bootstrap CI clustered by PubChem compound; uncertainty is over the observed compound panel, not broader chemical space.
l1000_phase2	sciplex	logFC	strict_matched_condition	negative_l2	per_gene_population_zscore_dataset	reviewer_l2_retrieval_dataset_pair	random_recall_at_1	random_recall_at_1					not_estimable	too_few_clusters_or_values	0.95	2000	0	2323	0	0	query_pubchem_cid	direction,cell_type,time_key	direction	95% BCa bootstrap CI clustered by PubChem compound; uncertainty is over the observed compound panel, not broader chemical space.
l1000_phase2	sciplex	logFC	strict_matched_condition	negative_l2	per_gene_population_zscore_dataset	reviewer_l2_retrieval_dataset_pair	random_auroc	random_auroc					not_estimable	too_few_clusters_or_values	0.95	2000	0	2323	0	0	query_pubchem_cid	direction,cell_type,time_key	direction	95% BCa bootstrap CI clustered by PubChem compound; uncertainty is over the observed compound panel, not broader chemical space.
l1000_phase2	sciplex	logFC	strict_matched_condition	negative_l2	per_gene_population_zscore_dataset	reviewer_l2_retrieval_dataset_pair	delta_vs_random_normalized_best_positive_rank	delta_vs_random_normalized_best_positive_rank	-0.08307015730670612	-0.1091912961319002	-0.056757793378172605	0.0262167513768638	bca	ok	0.95	2000	2000	2323	2323	83	query_pubchem_cid	direction,cell_type,time_key	direction	95% BCa bootstrap CI clustered by PubChem compound; uncertainty is over the observed compound panel, not broader chemical space.
l1000_phase2	sciplex	logFC	strict_matched_condition	negative_l2	per_gene_population_zscore_dataset	reviewer_l2_retrieval_dataset_pair	source_individual_n_peers	source_individual_n_peers	327.400734491121	321.24720987490747	332.5702775471722	5.661533836132378	bca	ok	0.95	2000	2000	2323	2323	83	query_pubchem_cid	direction,cell_type,time_key	direction	95% BCa bootstrap CI clustered by PubChem compound; uncertainty is over the observed compound panel, not broader chemical space.
l1000_phase2	sciplex	logFC	strict_matched_condition	negative_l2	per_gene_population_zscore_dataset	reviewer_l2_retrieval_dataset_pair	source_individual_mean_similarity	source_individual_mean_similarity	-38.58108345373771	-39.818323477163794	-37.63577335946755	1.0912750588481224	bca	ok	0.95	2000	2000	2323	2323	83	query_pubchem_cid	direction,cell_type,time_key	direction	95% BCa bootstrap CI clustered by PubChem compound; uncertainty is over the observed compound panel, not broader chemical space.
l1000_phase2	sciplex	logFC	strict_matched_condition	negative_l2	per_gene_population_zscore_dataset	reviewer_l2_retrieval_dataset_pair	source_individual_sd_similarity	source_individual_sd_similarity	7.778735769964953	7.543322675287659	7.996682483746557	0.22667990422944895	bca	ok	0.95	2000	2000	2323	2323	83	query_pubchem_cid	direction,cell_type,time_key	direction	95% BCa bootstrap CI clustered by PubChem compound; uncertainty is over the observed compound panel, not broader chemical space.
l1000_phase2	sciplex	logFC	strict_matched_condition	negative_l2	per_gene_population_zscore_dataset	reviewer_l2_retrieval_dataset_pair	source_individual_n_below_observed	source_individual_n_below_observed	187.38975848987243	178.9985424731488	197.44300437145816	9.222230949154678	bca	ok	0.95	2000	2000	2323	2323	83	query_pubchem_cid	direction,cell_type,time_key	direction	95% BCa bootstrap CI clustered by PubChem compound; uncertainty is over the observed compound panel, not broader chemical space.
l1000_phase2	sciplex	logFC	strict_matched_condition	negative_l2	per_gene_population_zscore_dataset	reviewer_l2_retrieval_dataset_pair	source_individual_fraction_below_observed	source_individual_fraction_below_observed	0.5610234436695597	0.5421113852053469	0.5801779361186777	0.019033275456665444	bca	ok	0.95	2000	2000	2323	2323	83	query_pubchem_cid	direction,cell_type,time_key	direction	95% BCa bootstrap CI clustered by PubChem compound; uncertainty is over the observed compound panel, not broader chemical space.
l1000_phase2	sciplex	logFC	strict_matched_condition	negative_l2	per_gene_population_zscore_dataset	reviewer_l2_retrieval_dataset_pair	source_individual_corrected_percentile	source_individual_corrected_percentile	0.5628476006787801	0.5441795505936652	0.5826098431830178	0.0192151462946763	bca	ok	0.95	2000	2000	2323	2323	83	query_pubchem_cid	direction,cell_type,time_key	direction	95% BCa bootstrap CI clustered by PubChem compound; uncertainty is over the observed compound panel, not broader chemical space.
l1000_phase2	sciplex	logFC	strict_matched_condition	negative_l2	per_gene_population_zscore_dataset	reviewer_l2_retrieval_dataset_pair	target_individual_n_peers	target_individual_n_peers	317.4165082021051	312.7055545177943	321.67753647110595	4.485990976655813	bca	ok	0.95	2000	2000	2323	2323	83	query_pubchem_cid	direction,cell_type,time_key	direction	95% BCa bootstrap CI clustered by PubChem compound; uncertainty is over the observed compound panel, not broader chemical space.
l1000_phase2	sciplex	logFC	strict_matched_condition	negative_l2	per_gene_population_zscore_dataset	reviewer_l2_retrieval_dataset_pair	target_individual_mean_similarity	target_individual_mean_similarity	-39.61330527683957	-40.915428500508966	-38.605898188031155	1.1547651562389056	bca	ok	0.95	2000	2000	2323	2323	83	query_pubchem_cid	direction,cell_type,time_key	direction	95% BCa bootstrap CI clustered by PubChem compound; uncertainty is over the observed compound panel, not broader chemical space.
l1000_phase2	sciplex	logFC	strict_matched_condition	negative_l2	per_gene_population_zscore_dataset	reviewer_l2_retrieval_dataset_pair	target_individual_sd_similarity	target_individual_sd_similarity	7.513212688158834	7.2856273042292985	7.694780642937965	0.20457666935433316	bca	ok	0.95	2000	2000	2323	2323	83	query_pubchem_cid	direction,cell_type,time_key	direction	95% BCa bootstrap CI clustered by PubChem compound; uncertainty is over the observed compound panel, not broader chemical space.
l1000_phase2	sciplex	logFC	strict_matched_condition	negative_l2	per_gene_population_zscore_dataset	reviewer_l2_retrieval_dataset_pair	target_individual_n_below_observed	target_individual_n_below_observed	197.49261686292198	187.7841975004632	207.2991499249206	9.75747621222871	bca	ok	0.95	2000	2000	2323	2323	83	query_pubchem_cid	direction,cell_type,time_key	direction	95% BCa bootstrap CI clustered by PubChem compound; uncertainty is over the observed compound panel, not broader chemical space.
l1000_phase2	sciplex	logFC	strict_matched_condition	negative_l2	per_gene_population_zscore_dataset	reviewer_l2_retrieval_dataset_pair	target_individual_fraction_below_observed	target_individual_fraction_below_observed	0.6223033788089924	0.5941063333331643	0.6487637657696208	0.027328716218228244	bca	ok	0.95	2000	2000	2323	2323	83	query_pubchem_cid	direction,cell_type,time_key	direction	95% BCa bootstrap CI clustered by PubChem compound; uncertainty is over the observed compound panel, not broader chemical space.
l1000_phase2	sciplex	logFC	strict_matched_condition	negative_l2	per_gene_population_zscore_dataset	reviewer_l2_retrieval_dataset_pair	target_individual_corrected_percentile	target_individual_corrected_percentile	0.6240646135204511	0.5966594611795033	0.6488066029355647	0.026073570878030694	bca	ok	0.95	2000	2000	2323	2323	83	query_pubchem_cid	direction,cell_type,time_key	direction	95% BCa bootstrap CI clustered by PubChem compound; uncertainty is over the observed compound panel, not broader chemical space.
l1000_phase2	sciplex	logFC	strict_matched_condition	negative_l2	per_gene_population_zscore_dataset	reviewer_l2_retrieval_dataset_pair	source_centroid_similarity	source_centroid_similarity	-26.88709551129307	-28.399344930605764	-25.69563776637309	1.3518535821163375	bca	ok	0.95	2000	2000	2323	2323	83	query_pubchem_cid	direction,cell_type,time_key	direction	95% BCa bootstrap CI clustered by PubChem compound; uncertainty is over the observed compound panel, not broader chemical space.
l1000_phase2	sciplex	logFC	strict_matched_condition	negative_l2	per_gene_population_zscore_dataset	reviewer_l2_retrieval_dataset_pair	source_centroid_normalized_rank	source_centroid_normalized_rank	0.9981855672917853	0.9962319478449967	0.9991333395230546	0.0014506958390289593	bca	ok	0.95	2000	2000	2323	2323	83	query_pubchem_cid	direction,cell_type,time_key	direction	95% BCa bootstrap CI clustered by PubChem compound; uncertainty is over the observed compound panel, not broader chemical space.
l1000_phase2	sciplex	logFC	strict_matched_condition	negative_l2	per_gene_population_zscore_dataset	reviewer_l2_retrieval_dataset_pair	source_centroid_recall_at_1	source_centroid_recall_at_1	0.9397318817155924	0.9125525110917695	0.9604965991585097	0.02397204403337011	bca	ok	0.95	2000	2000	2323	2323	83	query_pubchem_cid	direction,cell_type,time_key	direction	95% BCa bootstrap CI clustered by PubChem compound; uncertainty is over the observed compound panel, not broader chemical space.
l1000_phase2	sciplex	logFC	strict_matched_condition	negative_l2	per_gene_population_zscore_dataset	reviewer_l2_retrieval_dataset_pair	source_centroid_auroc	source_centroid_auroc	0.9981855672917853	0.9959721132426447	0.999101836152857	0.001564861455106148	bca	ok	0.95	2000	2000	2323	2323	83	query_pubchem_cid	direction,cell_type,time_key	direction	95% BCa bootstrap CI clustered by PubChem compound; uncertainty is over the observed compound panel, not broader chemical space.
l1000_phase2	sciplex	logFC	strict_matched_condition	negative_l2	per_gene_population_zscore_dataset	reviewer_l2_retrieval_dataset_pair	target_centroid_similarity	target_centroid_similarity	-27.691014192765763	-29.27231307950851	-26.410299545536887	1.4310067669858118	bca	ok	0.95	2000	2000	2323	2323	83	query_pubchem_cid	direction,cell_type,time_key	direction	95% BCa bootstrap CI clustered by PubChem compound; uncertainty is over the observed compound panel, not broader chemical space.
l1000_phase2	sciplex	logFC	strict_matched_condition	negative_l2	per_gene_population_zscore_dataset	reviewer_l2_retrieval_dataset_pair	target_centroid_normalized_rank	target_centroid_normalized_rank	0.9941212370305749	0.9915828637563485	0.9958177659141936	0.0021174510789225276	bca	ok	0.95	2000	2000	2323	2323	83	query_pubchem_cid	direction,cell_type,time_key	direction	95% BCa bootstrap CI clustered by PubChem compound; uncertainty is over the observed compound panel, not broader chemical space.
l1000_phase2	sciplex	logFC	strict_matched_condition	negative_l2	per_gene_population_zscore_dataset	reviewer_l2_retrieval_dataset_pair	target_centroid_recall_at_1	target_centroid_recall_at_1	0.875055039887558	0.8372324839061771	0.9013516011870862	0.032059558640454566	bca	ok	0.95	2000	2000	2323	2323	83	query_pubchem_cid	direction,cell_type,time_key	direction	95% BCa bootstrap CI clustered by PubChem compound; uncertainty is over the observed compound panel, not broader chemical space.
l1000_phase2	sciplex	logFC	strict_matched_condition	negative_l2	per_gene_population_zscore_dataset	reviewer_l2_retrieval_dataset_pair	target_centroid_auroc	target_centroid_auroc	0.9941212370305749	0.991580332933719	0.9957376767010254	0.0020786718836531826	bca	ok	0.95	2000	2000	2323	2323	83	query_pubchem_cid	direction,cell_type,time_key	direction	95% BCa bootstrap CI clustered by PubChem compound; uncertainty is over the observed compound panel, not broader chemical space.
l1000_phase2	sciplex	logFC	strict_matched_condition	negative_l2	per_gene_population_zscore_dataset	reviewer_l2_retrieval_dataset_pair	source_peer_normalized_rank	source_peer_normalized_rank	0.5569352284624419	0.5502942182537199	0.5618284031835399	0.005767092464909973	bca	ok	0.95	2000	2000	2323	2323	83	query_pubchem_cid	direction,cell_type,time_key	direction	95% BCa bootstrap CI clustered by PubChem compound; uncertainty is over the observed compound panel, not broader chemical space.
l1000_phase2	sciplex	logFC	strict_matched_condition	negative_l2	per_gene_population_zscore_dataset	reviewer_l2_retrieval_dataset_pair	target_peer_normalized_rank	target_peer_normalized_rank	0.5266737832208894	0.5234782224895301	0.5302258045576026	0.003373791034036233	bca	ok	0.95	2000	2000	2323	2323	83	query_pubchem_cid	direction,cell_type,time_key	direction	95% BCa bootstrap CI clustered by PubChem compound; uncertainty is over the observed compound panel, not broader chemical space.
l1000_phase2	sciplex	logFC	strict_matched_condition	negative_l2	per_gene_population_zscore_dataset	reviewer_l2_retrieval_dataset_pair	delta_vs_source_peer_normalized_rank	delta_vs_source_peer_normalized_rank	0.0893171175002899	0.06161310881553713	0.1134382628450734	0.025912577014768134	bca	ok	0.95	2000	2000	2323	2323	83	query_pubchem_cid	direction,cell_type,time_key	direction	95% BCa bootstrap CI clustered by PubChem compound; uncertainty is over the observed compound panel, not broader chemical space.
l1000_phase2	sciplex	logFC	strict_matched_condition	negative_l2	per_gene_population_zscore_dataset	reviewer_l2_retrieval_dataset_pair	delta_vs_target_peer_normalized_rank	delta_vs_target_peer_normalized_rank	0.11957856274184248	0.09311997020010057	0.14472037534974666	0.025800202574823045	bca	ok	0.95	2000	2000	2323	2323	83	query_pubchem_cid	direction,cell_type,time_key	direction	95% BCa bootstrap CI clustered by PubChem compound; uncertainty is over the observed compound panel, not broader chemical space.
l1000_phase2	sciplex	logFC	strict_matched_condition	negative_l2	per_gene_population_zscore_dataset	reviewer_l2_retrieval_dataset_pair	target_decoy_null_normalized_best_positive_rank	target_decoy_null_normalized_best_positive_rank	0.7293225032694379	0.7253238828402581	0.7336468986639678	0.004161507911854878	bca	ok	0.95	2000	2000	2323	2323	83	query_pubchem_cid	direction,cell_type,time_key	direction	95% BCa bootstrap CI clustered by PubChem compound; uncertainty is over the observed compound panel, not broader chemical space.
l1000_phase2	sciplex	logFC	strict_matched_condition	negative_l2	per_gene_population_zscore_dataset	reviewer_l2_retrieval_dataset_pair	delta_vs_target_decoy_null_normalized_best_positive_rank	delta_vs_target_decoy_null_normalized_best_positive_rank	-0.08307015730670612	-0.10965451478883756	-0.05513447111009866	0.02726002183936945	bca	ok	0.95	2000	2000	2323	2323	83	query_pubchem_cid	direction,cell_type,time_key	direction	95% BCa bootstrap CI clustered by PubChem compound; uncertainty is over the observed compound panel, not broader chemical space.
l1000_phase2	sciplex	logFC	strict_matched_condition	negative_l2	per_gene_population_zscore_dataset_cell_type	reviewer_l2_retrieval_dataset_pair	observed_normalized_best_positive_rank	observed_normalized_best_positive_rank	0.647907340153103	0.6194283160386052	0.6730829633918868	0.026827323676640813	bca	ok	0.95	2000	2000	2323	2323	83	query_pubchem_cid	direction,cell_type,time_key	direction	95% BCa bootstrap CI clustered by PubChem compound; uncertainty is over the observed compound panel, not broader chemical space.
l1000_phase2	sciplex	logFC	strict_matched_condition	negative_l2	per_gene_population_zscore_dataset_cell_type	reviewer_l2_retrieval_dataset_pair	observed_recall_at_1	observed_recall_at_1	0.029391893304306565	0.01721909296880039	0.0529110123987053	0.017845959714952453	bca	ok	0.95	2000	2000	2323	2323	83	query_pubchem_cid	direction,cell_type,time_key	direction	95% BCa bootstrap CI clustered by PubChem compound; uncertainty is over the observed compound panel, not broader chemical space.
l1000_phase2	sciplex	logFC	strict_matched_condition	negative_l2	per_gene_population_zscore_dataset_cell_type	reviewer_l2_retrieval_dataset_pair	observed_auroc	observed_auroc	0.6473360034374094	0.6217348629478463	0.6748908854360803	0.026578011244117017	bca	ok	0.95	2000	2000	2323	2323	83	query_pubchem_cid	direction,cell_type,time_key	direction	95% BCa bootstrap CI clustered by PubChem compound; uncertainty is over the observed compound panel, not broader chemical space.
l1000_phase2	sciplex	logFC	strict_matched_condition	negative_l2	per_gene_population_zscore_dataset_cell_type	reviewer_l2_retrieval_dataset_pair	observed_best_positive_similarity	observed_best_positive_similarity	-36.91395941576657	-38.29501843033336	-35.629844827705476	1.3325868013139406	bca	ok	0.95	2000	2000	2323	2323	83	query_pubchem_cid	direction,cell_type,time_key	direction	95% BCa bootstrap CI clustered by PubChem compound; uncertainty is over the observed compound panel, not broader chemical space.
l1000_phase2	sciplex	logFC	strict_matched_condition	negative_l2	per_gene_population_zscore_dataset_cell_type	reviewer_l2_retrieval_dataset_pair	random_normalized_best_positive_rank	random_normalized_best_positive_rank					not_estimable	too_few_clusters_or_values	0.95	2000	0	2323	0	0	query_pubchem_cid	direction,cell_type,time_key	direction	95% BCa bootstrap CI clustered by PubChem compound; uncertainty is over the observed compound panel, not broader chemical space.
l1000_phase2	sciplex	logFC	strict_matched_condition	negative_l2	per_gene_population_zscore_dataset_cell_type	reviewer_l2_retrieval_dataset_pair	random_recall_at_1	random_recall_at_1					not_estimable	too_few_clusters_or_values	0.95	2000	0	2323	0	0	query_pubchem_cid	direction,cell_type,time_key	direction	95% BCa bootstrap CI clustered by PubChem compound; uncertainty is over the observed compound panel, not broader chemical space.
l1000_phase2	sciplex	logFC	strict_matched_condition	negative_l2	per_gene_population_zscore_dataset_cell_type	reviewer_l2_retrieval_dataset_pair	random_auroc	random_auroc					not_estimable	too_few_clusters_or_values	0.95	2000	0	2323	0	0	query_pubchem_cid	direction,cell_type,time_key	direction	95% BCa bootstrap CI clustered by PubChem compound; uncertainty is over the observed compound panel, not broader chemical space.
l1000_phase2	sciplex	logFC	strict_matched_condition	negative_l2	per_gene_population_zscore_dataset_cell_type	reviewer_l2_retrieval_dataset_pair	delta_vs_random_normalized_best_positive_rank	delta_vs_random_normalized_best_positive_rank	-0.08141516311633494	-0.10857818906650898	-0.05444126759309654	0.027068460736706223	bca	ok	0.95	2000	2000	2323	2323	83	query_pubchem_cid	direction,cell_type,time_key	direction	95% BCa bootstrap CI clustered by PubChem compound; uncertainty is over the observed compound panel, not broader chemical space.
l1000_phase2	sciplex	logFC	strict_matched_condition	negative_l2	per_gene_population_zscore_dataset_cell_type	reviewer_l2_retrieval_dataset_pair	source_individual_n_peers	source_individual_n_peers	327.400734491121	321.37599775565326	332.91781795338835	5.770910098867546	bca	ok	0.95	2000	2000	2323	2323	83	query_pubchem_cid	direction,cell_type,time_key	direction	95% BCa bootstrap CI clustered by PubChem compound; uncertainty is over the observed compound panel, not broader chemical space.
l1000_phase2	sciplex	logFC	strict_matched_condition	negative_l2	per_gene_population_zscore_dataset_cell_type	reviewer_l2_retrieval_dataset_pair	source_individual_mean_similarity	source_individual_mean_similarity	-39.97331251970077	-41.41799187451843	-38.88682038339501	1.265585745561708	bca	ok	0.95	2000	2000	2323	2323	83	query_pubchem_cid	direction,cell_type,time_key	direction	95% BCa bootstrap CI clustered by PubChem compound; uncertainty is over the observed compound panel, not broader chemical space.
l1000_phase2	sciplex	logFC	strict_matched_condition	negative_l2	per_gene_population_zscore_dataset_cell_type	reviewer_l2_retrieval_dataset_pair	source_individual_sd_similarity	source_individual_sd_similarity	8.422806374379297	8.164540597181473	8.652067352026483	0.2437633774225052	bca	ok	0.95	2000	2000	2323	2323	83	query_pubchem_cid	direction,cell_type,time_key	direction	95% BCa bootstrap CI clustered by PubChem compound; uncertainty is over the observed compound panel, not broader chemical space.
l1000_phase2	sciplex	logFC	strict_matched_condition	negative_l2	per_gene_population_zscore_dataset_cell_type	reviewer_l2_retrieval_dataset_pair	source_individual_n_below_observed	source_individual_n_below_observed	192.7687027656432	183.8873980842719	203.31743055352226	9.715016234625182	bca	ok	0.95	2000	2000	2323	2323	83	query_pubchem_cid	direction,cell_type,time_key	direction	95% BCa bootstrap CI clustered by PubChem compound; uncertainty is over the observed compound panel, not broader chemical space.
l1000_phase2	sciplex	logFC	strict_matched_condition	negative_l2	per_gene_population_zscore_dataset_cell_type	reviewer_l2_retrieval_dataset_pair	source_individual_fraction_below_observed	source_individual_fraction_below_observed	0.5948527807205484	0.5737582470119666	0.6152831912402583	0.020762472114145836	bca	ok	0.95	2000	2000	2323	2323	83	query_pubchem_cid	direction,cell_type,time_key	direction	95% BCa bootstrap CI clustered by PubChem compound; uncertainty is over the observed compound panel, not broader chemical space.
l1000_phase2	sciplex	logFC	strict_matched_condition	negative_l2	per_gene_population_zscore_dataset_cell_type	reviewer_l2_retrieval_dataset_pair	source_individual_corrected_percentile	source_individual_corrected_percentile	0.5965344241336454	0.5746114142245647	0.6175677173927588	0.02147815158409705	bca	ok	0.95	2000	2000	2323	2323	83	query_pubchem_cid	direction,cell_type,time_key	direction	95% BCa bootstrap CI clustered by PubChem compound; uncertainty is over the observed compound panel, not broader chemical space.
l1000_phase2	sciplex	logFC	strict_matched_condition	negative_l2	per_gene_population_zscore_dataset_cell_type	reviewer_l2_retrieval_dataset_pair	target_individual_n_peers	target_individual_n_peers	317.4165082021051	312.73395137707695	321.7197742560005	4.492911439461778	bca	ok	0.95	2000	2000	2323	2323	83	query_pubchem_cid	direction,cell_type,time_key	direction	95% BCa bootstrap CI clustered by PubChem compound; uncertainty is over the observed compound panel, not broader chemical space.
l1000_phase2	sciplex	logFC	strict_matched_condition	negative_l2	per_gene_population_zscore_dataset_cell_type	reviewer_l2_retrieval_dataset_pair	target_individual_mean_similarity	target_individual_mean_similarity	-40.406436782274056	-41.848233430326836	-39.29056573487756	1.2788338477246377	bca	ok	0.95	2000	2000	2323	2323	83	query_pubchem_cid	direction,cell_type,time_key	direction	95% BCa bootstrap CI clustered by PubChem compound; uncertainty is over the observed compound panel, not broader chemical space.
l1000_phase2	sciplex	logFC	strict_matched_condition	negative_l2	per_gene_population_zscore_dataset_cell_type	reviewer_l2_retrieval_dataset_pair	target_individual_sd_similarity	target_individual_sd_similarity	8.057603105801515	7.796287586033622	8.265848053173563	0.2347802335699707	bca	ok	0.95	2000	2000	2323	2323	83	query_pubchem_cid	direction,cell_type,time_key	direction	95% BCa bootstrap CI clustered by PubChem compound; uncertainty is over the observed compound panel, not broader chemical space.
l1000_phase2	sciplex	logFC	strict_matched_condition	negative_l2	per_gene_population_zscore_dataset_cell_type	reviewer_l2_retrieval_dataset_pair	target_individual_n_below_observed	target_individual_n_below_observed	198.79796388232097	189.65429338115675	208.74342994668817	9.54456828276571	bca	ok	0.95	2000	2000	2323	2323	83	query_pubchem_cid	direction,cell_type,time_key	direction	95% BCa bootstrap CI clustered by PubChem compound; uncertainty is over the observed compound panel, not broader chemical space.
l1000_phase2	sciplex	logFC	strict_matched_condition	negative_l2	per_gene_population_zscore_dataset_cell_type	reviewer_l2_retrieval_dataset_pair	target_individual_fraction_below_observed	target_individual_fraction_below_observed	0.6250874916928058	0.5975929243763006	0.6515547741277584	0.026980924875728896	bca	ok	0.95	2000	2000	2323	2323	83	query_pubchem_cid	direction,cell_type,time_key	direction	95% BCa bootstrap CI clustered by PubChem compound; uncertainty is over the observed compound panel, not broader chemical space.
l1000_phase2	sciplex	logFC	strict_matched_condition	negative_l2	per_gene_population_zscore_dataset_cell_type	reviewer_l2_retrieval_dataset_pair	target_individual_corrected_percentile	target_individual_corrected_percentile	0.6268273598510142	0.5985455673853538	0.6545265762473946	0.027990504431020413	bca	ok	0.95	2000	2000	2323	2323	83	query_pubchem_cid	direction,cell_type,time_key	direction	95% BCa bootstrap CI clustered by PubChem compound; uncertainty is over the observed compound panel, not broader chemical space.
l1000_phase2	sciplex	logFC	strict_matched_condition	negative_l2	per_gene_population_zscore_dataset_cell_type	reviewer_l2_retrieval_dataset_pair	source_centroid_similarity	source_centroid_similarity	-27.81307228652911	-29.712579104274322	-26.495822986416425	1.608378058928949	bca	ok	0.95	2000	2000	2323	2323	83	query_pubchem_cid	direction,cell_type,time_key	direction	95% BCa bootstrap CI clustered by PubChem compound; uncertainty is over the observed compound panel, not broader chemical space.
l1000_phase2	sciplex	logFC	strict_matched_condition	negative_l2	per_gene_population_zscore_dataset_cell_type	reviewer_l2_retrieval_dataset_pair	source_centroid_normalized_rank	source_centroid_normalized_rank	0.9986932093763156	0.997371015365392	0.9993793739116554	0.0010041792731317334	bca	ok	0.95	2000	2000	2323	2323	83	query_pubchem_cid	direction,cell_type,time_key	direction	95% BCa bootstrap CI clustered by PubChem compound; uncertainty is over the observed compound panel, not broader chemical space.
l1000_phase2	sciplex	logFC	strict_matched_condition	negative_l2	per_gene_population_zscore_dataset_cell_type	reviewer_l2_retrieval_dataset_pair	source_centroid_recall_at_1	source_centroid_recall_at_1	0.932286675599431	0.8902571937754747	0.9589053430887229	0.03432407465662407	bca	ok	0.95	2000	2000	2323	2323	83	query_pubchem_cid	direction,cell_type,time_key	direction	95% BCa bootstrap CI clustered by PubChem compound; uncertainty is over the observed compound panel, not broader chemical space.
l1000_phase2	sciplex	logFC	strict_matched_condition	negative_l2	per_gene_population_zscore_dataset_cell_type	reviewer_l2_retrieval_dataset_pair	source_centroid_auroc	source_centroid_auroc	0.9986932093763156	0.997348183555921	0.999364598493383	0.0010082074687309817	bca	ok	0.95	2000	2000	2323	2323	83	query_pubchem_cid	direction,cell_type,time_key	direction	95% BCa bootstrap CI clustered by PubChem compound; uncertainty is over the observed compound panel, not broader chemical space.
l1000_phase2	sciplex	logFC	strict_matched_condition	negative_l2	per_gene_population_zscore_dataset_cell_type	reviewer_l2_retrieval_dataset_pair	target_centroid_similarity	target_centroid_similarity	-28.14090052399593	-29.956552076172922	-26.765979712984254	1.595286181594334	bca	ok	0.95	2000	2000	2323	2323	83	query_pubchem_cid	direction,cell_type,time_key	direction	95% BCa bootstrap CI clustered by PubChem compound; uncertainty is over the observed compound panel, not broader chemical space.
l1000_phase2	sciplex	logFC	strict_matched_condition	negative_l2	per_gene_population_zscore_dataset_cell_type	reviewer_l2_retrieval_dataset_pair	target_centroid_normalized_rank	target_centroid_normalized_rank	0.9979408014723616	0.9965055980628862	0.9987727416876602	0.001133571812386991	bca	ok	0.95	2000	2000	2323	2323	83	query_pubchem_cid	direction,cell_type,time_key	direction	95% BCa bootstrap CI clustered by PubChem compound; uncertainty is over the observed compound panel, not broader chemical space.
l1000_phase2	sciplex	logFC	strict_matched_condition	negative_l2	per_gene_population_zscore_dataset_cell_type	reviewer_l2_retrieval_dataset_pair	target_centroid_recall_at_1	target_centroid_recall_at_1	0.8868044285177938	0.8491824267351493	0.9161116635424542	0.033464618403652446	bca	ok	0.95	2000	2000	2323	2323	83	query_pubchem_cid	direction,cell_type,time_key	direction	95% BCa bootstrap CI clustered by PubChem compound; uncertainty is over the observed compound panel, not broader chemical space.
l1000_phase2	sciplex	logFC	strict_matched_condition	negative_l2	per_gene_population_zscore_dataset_cell_type	reviewer_l2_retrieval_dataset_pair	target_centroid_auroc	target_centroid_auroc	0.9979408014723616	0.9964411505042658	0.9987797583893682	0.0011693039425511587	bca	ok	0.95	2000	2000	2323	2323	83	query_pubchem_cid	direction,cell_type,time_key	direction	95% BCa bootstrap CI clustered by PubChem compound; uncertainty is over the observed compound panel, not broader chemical space.
l1000_phase2	sciplex	logFC	strict_matched_condition	negative_l2	per_gene_population_zscore_dataset_cell_type	reviewer_l2_retrieval_dataset_pair	source_peer_normalized_rank	source_peer_normalized_rank	0.5445233270461285	0.538806342346809	0.5493694639644703	0.005281560808830632	bca	ok	0.95	2000	2000	2323	2323	83	query_pubchem_cid	direction,cell_type,time_key	direction	95% BCa bootstrap CI clustered by PubChem compound; uncertainty is over the observed compound panel, not broader chemical space.
l1000_phase2	sciplex	logFC	strict_matched_condition	negative_l2	per_gene_population_zscore_dataset_cell_type	reviewer_l2_retrieval_dataset_pair	target_peer_normalized_rank	target_peer_normalized_rank	0.5259034608776045	0.522284137726292	0.5296613293215627	0.0036885957976353634	bca	ok	0.95	2000	2000	2323	2323	83	query_pubchem_cid	direction,cell_type,time_key	direction	95% BCa bootstrap CI clustered by PubChem compound; uncertainty is over the observed compound panel, not broader chemical space.
l1000_phase2	sciplex	logFC	strict_matched_condition	negative_l2	per_gene_population_zscore_dataset_cell_type	reviewer_l2_retrieval_dataset_pair	delta_vs_source_peer_normalized_rank	delta_vs_source_peer_normalized_rank	0.10338401310697451	0.07647624703415142	0.12822443593494473	0.025874094450396658	bca	ok	0.95	2000	2000	2323	2323	83	query_pubchem_cid	direction,cell_type,time_key	direction	95% BCa bootstrap CI clustered by PubChem compound; uncertainty is over the observed compound panel, not broader chemical space.
l1000_phase2	sciplex	logFC	strict_matched_condition	negative_l2	per_gene_population_zscore_dataset_cell_type	reviewer_l2_retrieval_dataset_pair	delta_vs_target_peer_normalized_rank	delta_vs_target_peer_normalized_rank	0.12200387927549841	0.09582036648702841	0.14774231709850819	0.02596097530573989	bca	ok	0.95	2000	2000	2323	2323	83	query_pubchem_cid	direction,cell_type,time_key	direction	95% BCa bootstrap CI clustered by PubChem compound; uncertainty is over the observed compound panel, not broader chemical space.
l1000_phase2	sciplex	logFC	strict_matched_condition	negative_l2	per_gene_population_zscore_dataset_cell_type	reviewer_l2_retrieval_dataset_pair	target_decoy_null_normalized_best_positive_rank	target_decoy_null_normalized_best_positive_rank	0.7293225032694379	0.725247218653972	0.7331386632516261	0.003945722298827059	bca	ok	0.95	2000	2000	2323	2323	83	query_pubchem_cid	direction,cell_type,time_key	direction	95% BCa bootstrap CI clustered by PubChem compound; uncertainty is over the observed compound panel, not broader chemical space.
l1000_phase2	sciplex	logFC	strict_matched_condition	negative_l2	per_gene_population_zscore_dataset_cell_type	reviewer_l2_retrieval_dataset_pair	delta_vs_target_decoy_null_normalized_best_positive_rank	delta_vs_target_decoy_null_normalized_best_positive_rank	-0.08141516311633494	-0.10874859503843423	-0.05601853580504035	0.02636502961669694	bca	ok	0.95	2000	2000	2323	2323	83	query_pubchem_cid	direction,cell_type,time_key	direction	95% BCa bootstrap CI clustered by PubChem compound; uncertainty is over the observed compound panel, not broader chemical space.
l1000_phase2	sciplex	logFC	strict_matched_condition	negative_l2	raw	reviewer_l2_retrieval_dataset_pair	observed_normalized_best_positive_rank	observed_normalized_best_positive_rank	0.6531623381209388	0.6214260759698031	0.6843489052343212	0.031461414632259044	bca	ok	0.95	2000	2000	2323	2323	83	query_pubchem_cid	direction,cell_type,time_key	direction	95% BCa bootstrap CI clustered by PubChem compound; uncertainty is over the observed compound panel, not broader chemical space.
l1000_phase2	sciplex	logFC	strict_matched_condition	negative_l2	raw	reviewer_l2_retrieval_dataset_pair	observed_recall_at_1	observed_recall_at_1	0.018584112522205504	0.009196269330205294	0.03241695549492433	0.011610343082359517	bca	ok	0.95	2000	2000	2323	2323	83	query_pubchem_cid	direction,cell_type,time_key	direction	95% BCa bootstrap CI clustered by PubChem compound; uncertainty is over the observed compound panel, not broader chemical space.
l1000_phase2	sciplex	logFC	strict_matched_condition	negative_l2	raw	reviewer_l2_retrieval_dataset_pair	observed_auroc	observed_auroc	0.6526253112906162	0.6214237337980107	0.6846472877492297	0.03161177697560946	bca	ok	0.95	2000	2000	2323	2323	83	query_pubchem_cid	direction,cell_type,time_key	direction	95% BCa bootstrap CI clustered by PubChem compound; uncertainty is over the observed compound panel, not broader chemical space.
l1000_phase2	sciplex	logFC	strict_matched_condition	negative_l2	raw	reviewer_l2_retrieval_dataset_pair	observed_best_positive_similarity	observed_best_positive_similarity	-20.95613252066274	-21.60145056309212	-20.407107838829145	0.5971713621314869	bca	ok	0.95	2000	2000	2323	2323	83	query_pubchem_cid	direction,cell_type,time_key	direction	95% BCa bootstrap CI clustered by PubChem compound; uncertainty is over the observed compound panel, not broader chemical space.
l1000_phase2	sciplex	logFC	strict_matched_condition	negative_l2	raw	reviewer_l2_retrieval_dataset_pair	random_normalized_best_positive_rank	random_normalized_best_positive_rank					not_estimable	too_few_clusters_or_values	0.95	2000	0	2323	0	0	query_pubchem_cid	direction,cell_type,time_key	direction	95% BCa bootstrap CI clustered by PubChem compound; uncertainty is over the observed compound panel, not broader chemical space.
l1000_phase2	sciplex	logFC	strict_matched_condition	negative_l2	raw	reviewer_l2_retrieval_dataset_pair	random_recall_at_1	random_recall_at_1					not_estimable	too_few_clusters_or_values	0.95	2000	0	2323	0	0	query_pubchem_cid	direction,cell_type,time_key	direction	95% BCa bootstrap CI clustered by PubChem compound; uncertainty is over the observed compound panel, not broader chemical space.
l1000_phase2	sciplex	logFC	strict_matched_condition	negative_l2	raw	reviewer_l2_retrieval_dataset_pair	random_auroc	random_auroc					not_estimable	too_few_clusters_or_values	0.95	2000	0	2323	0	0	query_pubchem_cid	direction,cell_type,time_key	direction	95% BCa bootstrap CI clustered by PubChem compound; uncertainty is over the observed compound panel, not broader chemical space.
l1000_phase2	sciplex	logFC	strict_matched_condition	negative_l2	raw	reviewer_l2_retrieval_dataset_pair	delta_vs_random_normalized_best_positive_rank	delta_vs_random_normalized_best_positive_rank	-0.07616016514849919	-0.10498887791347407	-0.04465687213514273	0.03016600288916567	bca	ok	0.95	2000	2000	2323	2323	83	query_pubchem_cid	direction,cell_type,time_key	direction	95% BCa bootstrap CI clustered by PubChem compound; uncertainty is over the observed compound panel, not broader chemical space.
l1000_phase2	sciplex	logFC	strict_matched_condition	negative_l2	raw	reviewer_l2_retrieval_dataset_pair	source_individual_n_peers	source_individual_n_peers	327.400734491121	321.47015267231063	332.76401903874915	5.646933183219261	bca	ok	0.95	2000	2000	2323	2323	83	query_pubchem_cid	direction,cell_type,time_key	direction	95% BCa bootstrap CI clustered by PubChem compound; uncertainty is over the observed compound panel, not broader chemical space.
l1000_phase2	sciplex	logFC	strict_matched_condition	negative_l2	raw	reviewer_l2_retrieval_dataset_pair	source_individual_mean_similarity	source_individual_mean_similarity	-21.532669328274896	-22.173334934547743	-21.083657810816423	0.5448385618656602	bca	ok	0.95	2000	2000	2323	2323	83	query_pubchem_cid	direction,cell_type,time_key	direction	95% BCa bootstrap CI clustered by PubChem compound; uncertainty is over the observed compound panel, not broader chemical space.
l1000_phase2	sciplex	logFC	strict_matched_condition	negative_l2	raw	reviewer_l2_retrieval_dataset_pair	source_individual_sd_similarity	source_individual_sd_similarity	3.927612997279734	3.8101448604815875	4.036926019582966	0.1133905795506891	bca	ok	0.95	2000	2000	2323	2323	83	query_pubchem_cid	direction,cell_type,time_key	direction	95% BCa bootstrap CI clustered by PubChem compound; uncertainty is over the observed compound panel, not broader chemical space.
l1000_phase2	sciplex	logFC	strict_matched_condition	negative_l2	raw	reviewer_l2_retrieval_dataset_pair	source_individual_n_below_observed	source_individual_n_below_observed	143.0364857941595	135.4074295901632	153.5356426023793	9.064106506108061	bca	ok	0.95	2000	2000	2323	2323	83	query_pubchem_cid	direction,cell_type,time_key	direction	95% BCa bootstrap CI clustered by PubChem compound; uncertainty is over the observed compound panel, not broader chemical space.
l1000_phase2	sciplex	logFC	strict_matched_condition	negative_l2	raw	reviewer_l2_retrieval_dataset_pair	source_individual_fraction_below_observed	source_individual_fraction_below_observed	0.5486822807148055	0.5311126477838475	0.5650095653477804	0.016948458781966436	bca	ok	0.95	2000	2000	2323	2323	83	query_pubchem_cid	direction,cell_type,time_key	direction	95% BCa bootstrap CI clustered by PubChem compound; uncertainty is over the observed compound panel, not broader chemical space.
l1000_phase2	sciplex	logFC	strict_matched_condition	negative_l2	raw	reviewer_l2_retrieval_dataset_pair	source_individual_corrected_percentile	source_individual_corrected_percentile	0.5502956097633054	0.5327133463151086	0.5672722167269657	0.01727943520592856	bca	ok	0.95	2000	2000	2323	2323	83	query_pubchem_cid	direction,cell_type,time_key	direction	95% BCa bootstrap CI clustered by PubChem compound; uncertainty is over the observed compound panel, not broader chemical space.
l1000_phase2	sciplex	logFC	strict_matched_condition	negative_l2	raw	reviewer_l2_retrieval_dataset_pair	target_individual_n_peers	target_individual_n_peers	317.4165082021051	312.80648933474384	321.70577434255904	4.449642503907597	bca	ok	0.95	2000	2000	2323	2323	83	query_pubchem_cid	direction,cell_type,time_key	direction	95% BCa bootstrap CI clustered by PubChem compound; uncertainty is over the observed compound panel, not broader chemical space.
l1000_phase2	sciplex	logFC	strict_matched_condition	negative_l2	raw	reviewer_l2_retrieval_dataset_pair	target_individual_mean_similarity	target_individual_mean_similarity	-22.586350420698594	-23.22695205838517	-22.11517137744488	0.5558903404701443	bca	ok	0.95	2000	2000	2323	2323	83	query_pubchem_cid	direction,cell_type,time_key	direction	95% BCa bootstrap CI clustered by PubChem compound; uncertainty is over the observed compound panel, not broader chemical space.
l1000_phase2	sciplex	logFC	strict_matched_condition	negative_l2	raw	reviewer_l2_retrieval_dataset_pair	target_individual_sd_similarity	target_individual_sd_similarity	3.7580898228824395	3.6306171570132575	3.864819211192809	0.11710102708977566	bca	ok	0.95	2000	2000	2323	2323	83	query_pubchem_cid	direction,cell_type,time_key	direction	95% BCa bootstrap CI clustered by PubChem compound; uncertainty is over the observed compound panel, not broader chemical space.
l1000_phase2	sciplex	logFC	strict_matched_condition	negative_l2	raw	reviewer_l2_retrieval_dataset_pair	target_individual_n_below_observed	target_individual_n_below_observed	208.62050525542628	196.7253980704949	219.82650764436096	11.550554786933034	bca	ok	0.95	2000	2000	2323	2323	83	query_pubchem_cid	direction,cell_type,time_key	direction	95% BCa bootstrap CI clustered by PubChem compound; uncertainty is over the observed compound panel, not broader chemical space.
l1000_phase2	sciplex	logFC	strict_matched_condition	negative_l2	raw	reviewer_l2_retrieval_dataset_pair	target_individual_fraction_below_observed	target_individual_fraction_below_observed	0.6318166539752252	0.6011918413506375	0.665443193116242	0.03212567588280224	bca	ok	0.95	2000	2000	2323	2323	83	query_pubchem_cid	direction,cell_type,time_key	direction	95% BCa bootstrap CI clustered by PubChem compound; uncertainty is over the observed compound panel, not broader chemical space.
l1000_phase2	sciplex	logFC	strict_matched_condition	negative_l2	raw	reviewer_l2_retrieval_dataset_pair	target_individual_corrected_percentile	target_individual_corrected_percentile	0.6335856268251457	0.602253538012801	0.6670935238244864	0.03241999290584269	bca	ok	0.95	2000	2000	2323	2323	83	query_pubchem_cid	direction,cell_type,time_key	direction	95% BCa bootstrap CI clustered by PubChem compound; uncertainty is over the observed compound panel, not broader chemical space.
l1000_phase2	sciplex	logFC	strict_matched_condition	negative_l2	raw	reviewer_l2_retrieval_dataset_pair	source_centroid_similarity	source_centroid_similarity	-15.056476651957045	-15.819632225483534	-14.453174632300774	0.6832287965913801	bca	ok	0.95	2000	2000	2323	2323	83	query_pubchem_cid	direction,cell_type,time_key	direction	95% BCa bootstrap CI clustered by PubChem compound; uncertainty is over the observed compound panel, not broader chemical space.
l1000_phase2	sciplex	logFC	strict_matched_condition	negative_l2	raw	reviewer_l2_retrieval_dataset_pair	source_centroid_normalized_rank	source_centroid_normalized_rank	0.9991175905488754	0.9982147760154555	0.9995597943252708	0.0006725091549076301	bca	ok	0.95	2000	2000	2323	2323	83	query_pubchem_cid	direction,cell_type,time_key	direction	95% BCa bootstrap CI clustered by PubChem compound; uncertainty is over the observed compound panel, not broader chemical space.
l1000_phase2	sciplex	logFC	strict_matched_condition	negative_l2	raw	reviewer_l2_retrieval_dataset_pair	source_centroid_recall_at_1	source_centroid_recall_at_1	0.9403201977856994	0.8948819538686177	0.9653660794035457	0.035242062767464	bca	ok	0.95	2000	2000	2323	2323	83	query_pubchem_cid	direction,cell_type,time_key	direction	95% BCa bootstrap CI clustered by PubChem compound; uncertainty is over the observed compound panel, not broader chemical space.
l1000_phase2	sciplex	logFC	strict_matched_condition	negative_l2	raw	reviewer_l2_retrieval_dataset_pair	source_centroid_auroc	source_centroid_auroc	0.9991175905488754	0.9983244720966273	0.9995808624367124	0.0006281951700425337	bca	ok	0.95	2000	2000	2323	2323	83	query_pubchem_cid	direction,cell_type,time_key	direction	95% BCa bootstrap CI clustered by PubChem compound; uncertainty is over the observed compound panel, not broader chemical space.
l1000_phase2	sciplex	logFC	strict_matched_condition	negative_l2	raw	reviewer_l2_retrieval_dataset_pair	target_centroid_similarity	target_centroid_similarity	-15.819203321882192	-16.61551168806133	-15.215046402133225	0.7002326429640515	bca	ok	0.95	2000	2000	2323	2323	83	query_pubchem_cid	direction,cell_type,time_key	direction	95% BCa bootstrap CI clustered by PubChem compound; uncertainty is over the observed compound panel, not broader chemical space.
l1000_phase2	sciplex	logFC	strict_matched_condition	negative_l2	raw	reviewer_l2_retrieval_dataset_pair	target_centroid_normalized_rank	target_centroid_normalized_rank	0.9938897726539788	0.9908117857951352	0.9956133674147414	0.0024007908098030994	bca	ok	0.95	2000	2000	2323	2323	83	query_pubchem_cid	direction,cell_type,time_key	direction	95% BCa bootstrap CI clustered by PubChem compound; uncertainty is over the observed compound panel, not broader chemical space.
l1000_phase2	sciplex	logFC	strict_matched_condition	negative_l2	raw	reviewer_l2_retrieval_dataset_pair	target_centroid_recall_at_1	target_centroid_recall_at_1	0.8587329699214487	0.8143094611425746	0.8883507996373483	0.03702066924738684	bca	ok	0.95	2000	2000	2323	2323	83	query_pubchem_cid	direction,cell_type,time_key	direction	95% BCa bootstrap CI clustered by PubChem compound; uncertainty is over the observed compound panel, not broader chemical space.
l1000_phase2	sciplex	logFC	strict_matched_condition	negative_l2	raw	reviewer_l2_retrieval_dataset_pair	target_centroid_auroc	target_centroid_auroc	0.9938897726539788	0.9909309740663179	0.9956780906477293	0.0023735582907056796	bca	ok	0.95	2000	2000	2323	2323	83	query_pubchem_cid	direction,cell_type,time_key	direction	95% BCa bootstrap CI clustered by PubChem compound; uncertainty is over the observed compound panel, not broader chemical space.
l1000_phase2	sciplex	logFC	strict_matched_condition	negative_l2	raw	reviewer_l2_retrieval_dataset_pair	source_peer_normalized_rank	source_peer_normalized_rank	0.543964517715523	0.5407376112889714	0.5475663721926323	0.0034143804518304566	bca	ok	0.95	2000	2000	2323	2323	83	query_pubchem_cid	direction,cell_type,time_key	direction	95% BCa bootstrap CI clustered by PubChem compound; uncertainty is over the observed compound panel, not broader chemical space.
l1000_phase2	sciplex	logFC	strict_matched_condition	negative_l2	raw	reviewer_l2_retrieval_dataset_pair	target_peer_normalized_rank	target_peer_normalized_rank	0.5241759917150037	0.5218803030201022	0.5268623561810823	0.002491026580490052	bca	ok	0.95	2000	2000	2323	2323	83	query_pubchem_cid	direction,cell_type,time_key	direction	95% BCa bootstrap CI clustered by PubChem compound; uncertainty is over the observed compound panel, not broader chemical space.
l1000_phase2	sciplex	logFC	strict_matched_condition	negative_l2	raw	reviewer_l2_retrieval_dataset_pair	delta_vs_source_peer_normalized_rank	delta_vs_source_peer_normalized_rank	0.10919782040541587	0.07953760840827974	0.13858746788703213	0.029524929739376198	bca	ok	0.95	2000	2000	2323	2323	83	query_pubchem_cid	direction,cell_type,time_key	direction	95% BCa bootstrap CI clustered by PubChem compound; uncertainty is over the observed compound panel, not broader chemical space.
l1000_phase2	sciplex	logFC	strict_matched_condition	negative_l2	raw	reviewer_l2_retrieval_dataset_pair	delta_vs_target_peer_normalized_rank	delta_vs_target_peer_normalized_rank	0.12898634640593518	0.09779820553547729	0.15832119408604464	0.030261494275283678	bca	ok	0.95	2000	2000	2323	2323	83	query_pubchem_cid	direction,cell_type,time_key	direction	95% BCa bootstrap CI clustered by PubChem compound; uncertainty is over the observed compound panel, not broader chemical space.
l1000_phase2	sciplex	logFC	strict_matched_condition	negative_l2	raw	reviewer_l2_retrieval_dataset_pair	target_decoy_null_normalized_best_positive_rank	target_decoy_null_normalized_best_positive_rank	0.7293225032694379	0.7250680446245977	0.7331181614736091	0.004025058424505679	bca	ok	0.95	2000	2000	2323	2323	83	query_pubchem_cid	direction,cell_type,time_key	direction	95% BCa bootstrap CI clustered by PubChem compound; uncertainty is over the observed compound panel, not broader chemical space.
l1000_phase2	sciplex	logFC	strict_matched_condition	negative_l2	raw	reviewer_l2_retrieval_dataset_pair	delta_vs_target_decoy_null_normalized_best_positive_rank	delta_vs_target_decoy_null_normalized_best_positive_rank	-0.07616016514849919	-0.1064508130099857	-0.04609086897079912	0.030179972019593288	bca	ok	0.95	2000	2000	2323	2323	83	query_pubchem_cid	direction,cell_type,time_key	direction	95% BCa bootstrap CI clustered by PubChem compound; uncertainty is over the observed compound panel, not broader chemical space.
tahoe	sciplex	logFC	strict_matched_condition	negative_l2	per_gene_population_zscore_dataset	reviewer_l2_retrieval_dataset_pair	observed_normalized_best_positive_rank	observed_normalized_best_positive_rank	0.552604122169716	0.49102726316635037	0.6214205565477523	0.06519664669070097	bca	ok	0.95	2000	2000	223	223	23	query_pubchem_cid	direction,cell_type,time_key	direction	95% BCa bootstrap CI clustered by PubChem compound; uncertainty is over the observed compound panel, not broader chemical space.
tahoe	sciplex	logFC	strict_matched_condition	negative_l2	per_gene_population_zscore_dataset	reviewer_l2_retrieval_dataset_pair	observed_recall_at_1	observed_recall_at_1	0.007246376811594203	0.0	0.021739130434782608	0.010869565217391304	bca	ok	0.95	2000	2000	223	223	23	query_pubchem_cid	direction,cell_type,time_key	direction	95% BCa bootstrap CI clustered by PubChem compound; uncertainty is over the observed compound panel, not broader chemical space.
tahoe	sciplex	logFC	strict_matched_condition	negative_l2	per_gene_population_zscore_dataset	reviewer_l2_retrieval_dataset_pair	observed_auroc	observed_auroc	0.5491002642012025	0.4895706692131203	0.6177858417737033	0.0641075862802915	bca	ok	0.95	2000	2000	223	223	23	query_pubchem_cid	direction,cell_type,time_key	direction	95% BCa bootstrap CI clustered by PubChem compound; uncertainty is over the observed compound panel, not broader chemical space.
tahoe	sciplex	logFC	strict_matched_condition	negative_l2	per_gene_population_zscore_dataset	reviewer_l2_retrieval_dataset_pair	observed_best_positive_similarity	observed_best_positive_similarity	-126.87604937464667	-140.57904040423583	-118.01981514358383	11.279612630326	bca	ok	0.95	2000	2000	223	223	23	query_pubchem_cid	direction,cell_type,time_key	direction	95% BCa bootstrap CI clustered by PubChem compound; uncertainty is over the observed compound panel, not broader chemical space.
tahoe	sciplex	logFC	strict_matched_condition	negative_l2	per_gene_population_zscore_dataset	reviewer_l2_retrieval_dataset_pair	random_normalized_best_positive_rank	random_normalized_best_positive_rank					not_estimable	too_few_clusters_or_values	0.95	2000	0	223	0	0	query_pubchem_cid	direction,cell_type,time_key	direction	95% BCa bootstrap CI clustered by PubChem compound; uncertainty is over the observed compound panel, not broader chemical space.
tahoe	sciplex	logFC	strict_matched_condition	negative_l2	per_gene_population_zscore_dataset	reviewer_l2_retrieval_dataset_pair	random_recall_at_1	random_recall_at_1					not_estimable	too_few_clusters_or_values	0.95	2000	0	223	0	0	query_pubchem_cid	direction,cell_type,time_key	direction	95% BCa bootstrap CI clustered by PubChem compound; uncertainty is over the observed compound panel, not broader chemical space.
tahoe	sciplex	logFC	strict_matched_condition	negative_l2	per_gene_population_zscore_dataset	reviewer_l2_retrieval_dataset_pair	random_auroc	random_auroc					not_estimable	too_few_clusters_or_values	0.95	2000	0	223	0	0	query_pubchem_cid	direction,cell_type,time_key	direction	95% BCa bootstrap CI clustered by PubChem compound; uncertainty is over the observed compound panel, not broader chemical space.
tahoe	sciplex	logFC	strict_matched_condition	negative_l2	per_gene_population_zscore_dataset	reviewer_l2_retrieval_dataset_pair	delta_vs_random_normalized_best_positive_rank	delta_vs_random_normalized_best_positive_rank	-0.04874713978663702	-0.10922126558015512	0.015588526650114563	0.06240489611513484	bca	ok	0.95	2000	2000	223	223	23	query_pubchem_cid	direction,cell_type,time_key	direction	95% BCa bootstrap CI clustered by PubChem compound; uncertainty is over the observed compound panel, not broader chemical space.
tahoe	sciplex	logFC	strict_matched_condition	negative_l2	per_gene_population_zscore_dataset	reviewer_l2_retrieval_dataset_pair	source_individual_n_peers	source_individual_n_peers	115.80392156862744	114.42094673195069	117.22222222222221	1.4006377451357608	bca	ok	0.95	2000	2000	223	223	23	query_pubchem_cid	direction,cell_type,time_key	direction	95% BCa bootstrap CI clustered by PubChem compound; uncertainty is over the observed compound panel, not broader chemical space.
tahoe	sciplex	logFC	strict_matched_condition	negative_l2	per_gene_population_zscore_dataset	reviewer_l2_retrieval_dataset_pair	source_individual_mean_similarity	source_individual_mean_similarity	-126.89372568530891	-138.28847502210698	-120.50167656688676	8.89339922761011	bca	ok	0.95	2000	2000	223	223	23	query_pubchem_cid	direction,cell_type,time_key	direction	95% BCa bootstrap CI clustered by PubChem compound; uncertainty is over the observed compound panel, not broader chemical space.
tahoe	sciplex	logFC	strict_matched_condition	negative_l2	per_gene_population_zscore_dataset	reviewer_l2_retrieval_dataset_pair	source_individual_sd_similarity	source_individual_sd_similarity	32.01451922256394	30.13266289048497	33.350434036740694	1.6088855731278624	bca	ok	0.95	2000	2000	223	223	23	query_pubchem_cid	direction,cell_type,time_key	direction	95% BCa bootstrap CI clustered by PubChem compound; uncertainty is over the observed compound panel, not broader chemical space.
tahoe	sciplex	logFC	strict_matched_condition	negative_l2	per_gene_population_zscore_dataset	reviewer_l2_retrieval_dataset_pair	source_individual_n_below_observed	source_individual_n_below_observed	74.19045183290707	66.86562516213186	77.45227297368669	5.293323905777413	bca	ok	0.95	2000	2000	223	223	23	query_pubchem_cid	direction,cell_type,time_key	direction	95% BCa bootstrap CI clustered by PubChem compound; uncertainty is over the observed compound panel, not broader chemical space.
tahoe	sciplex	logFC	strict_matched_condition	negative_l2	per_gene_population_zscore_dataset	reviewer_l2_retrieval_dataset_pair	source_individual_fraction_below_observed	source_individual_fraction_below_observed	0.5192021708207859	0.48732753097744624	0.5367661567560009	0.02471931288927734	bca	ok	0.95	2000	2000	223	223	23	query_pubchem_cid	direction,cell_type,time_key	direction	95% BCa bootstrap CI clustered by PubChem compound; uncertainty is over the observed compound panel, not broader chemical space.
tahoe	sciplex	logFC	strict_matched_condition	negative_l2	per_gene_population_zscore_dataset	reviewer_l2_retrieval_dataset_pair	source_individual_corrected_percentile	source_individual_corrected_percentile	0.5264968091582064	0.49577452453174703	0.5440934747043247	0.024159475086288823	bca	ok	0.95	2000	2000	223	223	23	query_pubchem_cid	direction,cell_type,time_key	direction	95% BCa bootstrap CI clustered by PubChem compound; uncertainty is over the observed compound panel, not broader chemical space.
tahoe	sciplex	logFC	strict_matched_condition	negative_l2	per_gene_population_zscore_dataset	reviewer_l2_retrieval_dataset_pair	target_individual_n_peers	target_individual_n_peers	115.29386189258312	114.27150357180011	116.45577211394303	1.0921342710714583	bca	ok	0.95	2000	2000	223	223	23	query_pubchem_cid	direction,cell_type,time_key	direction	95% BCa bootstrap CI clustered by PubChem compound; uncertainty is over the observed compound panel, not broader chemical space.
tahoe	sciplex	logFC	strict_matched_condition	negative_l2	per_gene_population_zscore_dataset	reviewer_l2_retrieval_dataset_pair	target_individual_mean_similarity	target_individual_mean_similarity	-133.32344813743595	-145.25337454744775	-127.84805916288553	8.702657692281107	bca	ok	0.95	2000	2000	223	223	23	query_pubchem_cid	direction,cell_type,time_key	direction	95% BCa bootstrap CI clustered by PubChem compound; uncertainty is over the observed compound panel, not broader chemical space.
tahoe	sciplex	logFC	strict_matched_condition	negative_l2	per_gene_population_zscore_dataset	reviewer_l2_retrieval_dataset_pair	target_individual_sd_similarity	target_individual_sd_similarity	29.996173711598182	28.881115152453187	30.764040224857396	0.9414625362021045	bca	ok	0.95	2000	2000	223	223	23	query_pubchem_cid	direction,cell_type,time_key	direction	95% BCa bootstrap CI clustered by PubChem compound; uncertainty is over the observed compound panel, not broader chemical space.
tahoe	sciplex	logFC	strict_matched_condition	negative_l2	per_gene_population_zscore_dataset	reviewer_l2_retrieval_dataset_pair	target_individual_n_below_observed	target_individual_n_below_observed	65.88022165387895	58.954389429535205	73.64576068184654	7.345685626155667	bca	ok	0.95	2000	2000	223	223	23	query_pubchem_cid	direction,cell_type,time_key	direction	95% BCa bootstrap CI clustered by PubChem compound; uncertainty is over the observed compound panel, not broader chemical space.
tahoe	sciplex	logFC	strict_matched_condition	negative_l2	per_gene_population_zscore_dataset	reviewer_l2_retrieval_dataset_pair	target_individual_fraction_below_observed	target_individual_fraction_below_observed	0.5564540915453697	0.4871767352635166	0.6219643392441575	0.06739380199032044	bca	ok	0.95	2000	2000	223	223	23	query_pubchem_cid	direction,cell_type,time_key	direction	95% BCa bootstrap CI clustered by PubChem compound; uncertainty is over the observed compound panel, not broader chemical space.
tahoe	sciplex	logFC	strict_matched_condition	negative_l2	per_gene_population_zscore_dataset	reviewer_l2_retrieval_dataset_pair	target_individual_corrected_percentile	target_individual_corrected_percentile	0.5618221565033774	0.5022042032372939	0.6284849192448455	0.06314035800377582	bca	ok	0.95	2000	2000	223	223	23	query_pubchem_cid	direction,cell_type,time_key	direction	95% BCa bootstrap CI clustered by PubChem compound; uncertainty is over the observed compound panel, not broader chemical space.
tahoe	sciplex	logFC	strict_matched_condition	negative_l2	per_gene_population_zscore_dataset	reviewer_l2_retrieval_dataset_pair	source_centroid_similarity	source_centroid_similarity	-88.62422307470726	-102.46470704721703	-81.50083518450583	10.4819359313556	bca	ok	0.95	2000	2000	223	223	23	query_pubchem_cid	direction,cell_type,time_key	direction	95% BCa bootstrap CI clustered by PubChem compound; uncertainty is over the observed compound panel, not broader chemical space.
tahoe	sciplex	logFC	strict_matched_condition	negative_l2	per_gene_population_zscore_dataset	reviewer_l2_retrieval_dataset_pair	source_centroid_normalized_rank	source_centroid_normalized_rank	0.9987765954878408	0.9951425618467922	0.9997735291219073	0.0023154836375575694	bca	ok	0.95	2000	2000	223	223	23	query_pubchem_cid	direction,cell_type,time_key	direction	95% BCa bootstrap CI clustered by PubChem compound; uncertainty is over the observed compound panel, not broader chemical space.
tahoe	sciplex	logFC	strict_matched_condition	negative_l2	per_gene_population_zscore_dataset	reviewer_l2_retrieval_dataset_pair	source_centroid_recall_at_1	source_centroid_recall_at_1	0.9547314578005115	0.8593162675274818	0.9880952380952381	0.06438948528387817	bca	ok	0.95	2000	2000	223	223	23	query_pubchem_cid	direction,cell_type,time_key	direction	95% BCa bootstrap CI clustered by PubChem compound; uncertainty is over the observed compound panel, not broader chemical space.
tahoe	sciplex	logFC	strict_matched_condition	negative_l2	per_gene_population_zscore_dataset	reviewer_l2_retrieval_dataset_pair	source_centroid_auroc	source_centroid_auroc	0.9987765954878408	0.995635614261036	0.9997192112268374	0.002041798482900703	bca	ok	0.95	2000	2000	223	223	23	query_pubchem_cid	direction,cell_type,time_key	direction	95% BCa bootstrap CI clustered by PubChem compound; uncertainty is over the observed compound panel, not broader chemical space.
tahoe	sciplex	logFC	strict_matched_condition	negative_l2	per_gene_population_zscore_dataset	reviewer_l2_retrieval_dataset_pair	target_centroid_similarity	target_centroid_similarity	-93.66376235526297	-108.71677998773512	-85.64408202636636	11.53634898068438	bca	ok	0.95	2000	2000	223	223	23	query_pubchem_cid	direction,cell_type,time_key	direction	95% BCa bootstrap CI clustered by PubChem compound; uncertainty is over the observed compound panel, not broader chemical space.
tahoe	sciplex	logFC	strict_matched_condition	negative_l2	per_gene_population_zscore_dataset	reviewer_l2_retrieval_dataset_pair	target_centroid_normalized_rank	target_centroid_normalized_rank	0.9937472750403495	0.9891196042529393	0.9964662052192411	0.0036733004831508986	bca	ok	0.95	2000	2000	223	223	23	query_pubchem_cid	direction,cell_type,time_key	direction	95% BCa bootstrap CI clustered by PubChem compound; uncertainty is over the observed compound panel, not broader chemical space.
tahoe	sciplex	logFC	strict_matched_condition	negative_l2	per_gene_population_zscore_dataset	reviewer_l2_retrieval_dataset_pair	target_centroid_recall_at_1	target_centroid_recall_at_1	0.8387894288150042	0.7474545587546413	0.9000564652738565	0.07630095325960762	bca	ok	0.95	2000	2000	223	223	23	query_pubchem_cid	direction,cell_type,time_key	direction	95% BCa bootstrap CI clustered by PubChem compound; uncertainty is over the observed compound panel, not broader chemical space.
tahoe	sciplex	logFC	strict_matched_condition	negative_l2	per_gene_population_zscore_dataset	reviewer_l2_retrieval_dataset_pair	target_centroid_auroc	target_centroid_auroc	0.9937472750403495	0.9890946406853794	0.9962564435265687	0.00358090142059464	bca	ok	0.95	2000	2000	223	223	23	query_pubchem_cid	direction,cell_type,time_key	direction	95% BCa bootstrap CI clustered by PubChem compound; uncertainty is over the observed compound panel, not broader chemical space.
tahoe	sciplex	logFC	strict_matched_condition	negative_l2	per_gene_population_zscore_dataset	reviewer_l2_retrieval_dataset_pair	source_peer_normalized_rank	source_peer_normalized_rank	0.5158536078136285	0.5121476132894723	0.5195682585665193	0.0037103226385235	bca	ok	0.95	2000	2000	223	223	23	query_pubchem_cid	direction,cell_type,time_key	direction	95% BCa bootstrap CI clustered by PubChem compound; uncertainty is over the observed compound panel, not broader chemical space.
tahoe	sciplex	logFC	strict_matched_condition	negative_l2	per_gene_population_zscore_dataset	reviewer_l2_retrieval_dataset_pair	target_peer_normalized_rank	target_peer_normalized_rank	0.49577021310210345	0.493805903447987	0.4979781945466329	0.002086145549322932	bca	ok	0.95	2000	2000	223	223	23	query_pubchem_cid	direction,cell_type,time_key	direction	95% BCa bootstrap CI clustered by PubChem compound; uncertainty is over the observed compound panel, not broader chemical space.
tahoe	sciplex	logFC	strict_matched_condition	negative_l2	per_gene_population_zscore_dataset	reviewer_l2_retrieval_dataset_pair	delta_vs_source_peer_normalized_rank	delta_vs_source_peer_normalized_rank	0.03675051435608728	-0.023941690336668632	0.10489193656767913	0.06441681345217388	bca	ok	0.95	2000	2000	223	223	23	query_pubchem_cid	direction,cell_type,time_key	direction	95% BCa bootstrap CI clustered by PubChem compound; uncertainty is over the observed compound panel, not broader chemical space.
tahoe	sciplex	logFC	strict_matched_condition	negative_l2	per_gene_population_zscore_dataset	reviewer_l2_retrieval_dataset_pair	delta_vs_target_peer_normalized_rank	delta_vs_target_peer_normalized_rank	0.05683390906761253	-0.0069366474398835035	0.1276390301456177	0.0672878387927506	bca	ok	0.95	2000	2000	223	223	23	query_pubchem_cid	direction,cell_type,time_key	direction	95% BCa bootstrap CI clustered by PubChem compound; uncertainty is over the observed compound panel, not broader chemical space.
tahoe	sciplex	logFC	strict_matched_condition	negative_l2	per_gene_population_zscore_dataset	reviewer_l2_retrieval_dataset_pair	target_decoy_null_normalized_best_positive_rank	target_decoy_null_normalized_best_positive_rank	0.601351261956353	0.5909947145663312	0.6177998960463877	0.013402590740028253	bca	ok	0.95	2000	2000	223	223	23	query_pubchem_cid	direction,cell_type,time_key	direction	95% BCa bootstrap CI clustered by PubChem compound; uncertainty is over the observed compound panel, not broader chemical space.
tahoe	sciplex	logFC	strict_matched_condition	negative_l2	per_gene_population_zscore_dataset	reviewer_l2_retrieval_dataset_pair	delta_vs_target_decoy_null_normalized_best_positive_rank	delta_vs_target_decoy_null_normalized_best_positive_rank	-0.04874713978663702	-0.11108332334332567	0.01808547578540029	0.06458439956436299	bca	ok	0.95	2000	2000	223	223	23	query_pubchem_cid	direction,cell_type,time_key	direction	95% BCa bootstrap CI clustered by PubChem compound; uncertainty is over the observed compound panel, not broader chemical space.
tahoe	sciplex	logFC	strict_matched_condition	negative_l2	per_gene_population_zscore_dataset_cell_type	reviewer_l2_retrieval_dataset_pair	observed_normalized_best_positive_rank	observed_normalized_best_positive_rank	0.564798451893262	0.4993376226500284	0.6326560943319005	0.06665923584093605	bca	ok	0.95	2000	2000	223	223	23	query_pubchem_cid	direction,cell_type,time_key	direction	95% BCa bootstrap CI clustered by PubChem compound; uncertainty is over the observed compound panel, not broader chemical space.
tahoe	sciplex	logFC	strict_matched_condition	negative_l2	per_gene_population_zscore_dataset_cell_type	reviewer_l2_retrieval_dataset_pair	observed_recall_at_1	observed_recall_at_1	0.013128729752770674	0.0	0.03689064558629776	0.01844532279314888	bca	ok	0.95	2000	2000	223	223	23	query_pubchem_cid	direction,cell_type,time_key	direction	95% BCa bootstrap CI clustered by PubChem compound; uncertainty is over the observed compound panel, not broader chemical space.
tahoe	sciplex	logFC	strict_matched_condition	negative_l2	per_gene_population_zscore_dataset_cell_type	reviewer_l2_retrieval_dataset_pair	observed_auroc	observed_auroc	0.5620478485003357	0.4982024145399262	0.6254795336797128	0.06363855956989328	bca	ok	0.95	2000	2000	223	223	23	query_pubchem_cid	direction,cell_type,time_key	direction	95% BCa bootstrap CI clustered by PubChem compound; uncertainty is over the observed compound panel, not broader chemical space.
tahoe	sciplex	logFC	strict_matched_condition	negative_l2	per_gene_population_zscore_dataset_cell_type	reviewer_l2_retrieval_dataset_pair	observed_best_positive_similarity	observed_best_positive_similarity	-119.95615541022244	-140.5953247039277	-109.67186730697402	15.46172869847684	bca	ok	0.95	2000	2000	223	223	23	query_pubchem_cid	direction,cell_type,time_key	direction	95% BCa bootstrap CI clustered by PubChem compound; uncertainty is over the observed compound panel, not broader chemical space.
tahoe	sciplex	logFC	strict_matched_condition	negative_l2	per_gene_population_zscore_dataset_cell_type	reviewer_l2_retrieval_dataset_pair	random_normalized_best_positive_rank	random_normalized_best_positive_rank					not_estimable	too_few_clusters_or_values	0.95	2000	0	223	0	0	query_pubchem_cid	direction,cell_type,time_key	direction	95% BCa bootstrap CI clustered by PubChem compound; uncertainty is over the observed compound panel, not broader chemical space.
tahoe	sciplex	logFC	strict_matched_condition	negative_l2	per_gene_population_zscore_dataset_cell_type	reviewer_l2_retrieval_dataset_pair	random_recall_at_1	random_recall_at_1					not_estimable	too_few_clusters_or_values	0.95	2000	0	223	0	0	query_pubchem_cid	direction,cell_type,time_key	direction	95% BCa bootstrap CI clustered by PubChem compound; uncertainty is over the observed compound panel, not broader chemical space.
tahoe	sciplex	logFC	strict_matched_condition	negative_l2	per_gene_population_zscore_dataset_cell_type	reviewer_l2_retrieval_dataset_pair	random_auroc	random_auroc					not_estimable	too_few_clusters_or_values	0.95	2000	0	223	0	0	query_pubchem_cid	direction,cell_type,time_key	direction	95% BCa bootstrap CI clustered by PubChem compound; uncertainty is over the observed compound panel, not broader chemical space.
tahoe	sciplex	logFC	strict_matched_condition	negative_l2	per_gene_population_zscore_dataset_cell_type	reviewer_l2_retrieval_dataset_pair	delta_vs_random_normalized_best_positive_rank	delta_vs_random_normalized_best_positive_rank	-0.036552810063090885	-0.09572926020072094	0.02628856114272604	0.06100891067172349	bca	ok	0.95	2000	2000	223	223	23	query_pubchem_cid	direction,cell_type,time_key	direction	95% BCa bootstrap CI clustered by PubChem compound; uncertainty is over the observed compound panel, not broader chemical space.
tahoe	sciplex	logFC	strict_matched_condition	negative_l2	per_gene_population_zscore_dataset_cell_type	reviewer_l2_retrieval_dataset_pair	source_individual_n_peers	source_individual_n_peers	115.80392156862744	114.37931034482759	117.37931034482759	1.5	bca	ok	0.95	2000	2000	223	223	23	query_pubchem_cid	direction,cell_type,time_key	direction	95% BCa bootstrap CI clustered by PubChem compound; uncertainty is over the observed compound panel, not broader chemical space.
tahoe	sciplex	logFC	strict_matched_condition	negative_l2	per_gene_population_zscore_dataset_cell_type	reviewer_l2_retrieval_dataset_pair	source_individual_mean_similarity	source_individual_mean_similarity	-124.98376769272325	-138.7212176862162	-118.19699113866453	10.262113273775832	bca	ok	0.95	2000	2000	223	223	23	query_pubchem_cid	direction,cell_type,time_key	direction	95% BCa bootstrap CI clustered by PubChem compound; uncertainty is over the observed compound panel, not broader chemical space.
tahoe	sciplex	logFC	strict_matched_condition	negative_l2	per_gene_population_zscore_dataset_cell_type	reviewer_l2_retrieval_dataset_pair	source_individual_sd_similarity	source_individual_sd_similarity	34.797001754451045	32.60043195801779	36.12230431042187	1.760936176202037	bca	ok	0.95	2000	2000	223	223	23	query_pubchem_cid	direction,cell_type,time_key	direction	95% BCa bootstrap CI clustered by PubChem compound; uncertainty is over the observed compound panel, not broader chemical space.
tahoe	sciplex	logFC	strict_matched_condition	negative_l2	per_gene_population_zscore_dataset_cell_type	reviewer_l2_retrieval_dataset_pair	source_individual_n_below_observed	source_individual_n_below_observed	70.54714407502132	61.58964582326185	77.17741583529175	7.793885006014953	bca	ok	0.95	2000	2000	223	223	23	query_pubchem_cid	direction,cell_type,time_key	direction	95% BCa bootstrap CI clustered by PubChem compound; uncertainty is over the observed compound panel, not broader chemical space.
tahoe	sciplex	logFC	strict_matched_condition	negative_l2	per_gene_population_zscore_dataset_cell_type	reviewer_l2_retrieval_dataset_pair	source_individual_fraction_below_observed	source_individual_fraction_below_observed	0.5438828867063302	0.48909969360298666	0.5903928285579346	0.05064656747747398	bca	ok	0.95	2000	2000	223	223	23	query_pubchem_cid	direction,cell_type,time_key	direction	95% BCa bootstrap CI clustered by PubChem compound; uncertainty is over the observed compound panel, not broader chemical space.
tahoe	sciplex	logFC	strict_matched_condition	negative_l2	per_gene_population_zscore_dataset_cell_type	reviewer_l2_retrieval_dataset_pair	source_individual_corrected_percentile	source_individual_corrected_percentile	0.549991123353398	0.49660698601737113	0.5999873932455937	0.05169020361411128	bca	ok	0.95	2000	2000	223	223	23	query_pubchem_cid	direction,cell_type,time_key	direction	95% BCa bootstrap CI clustered by PubChem compound; uncertainty is over the observed compound panel, not broader chemical space.
tahoe	sciplex	logFC	strict_matched_condition	negative_l2	per_gene_population_zscore_dataset_cell_type	reviewer_l2_retrieval_dataset_pair	target_individual_n_peers	target_individual_n_peers	115.29386189258312	114.26611694152923	116.45577211394303	1.0948275862068968	bca	ok	0.95	2000	2000	223	223	23	query_pubchem_cid	direction,cell_type,time_key	direction	95% BCa bootstrap CI clustered by PubChem compound; uncertainty is over the observed compound panel, not broader chemical space.
tahoe	sciplex	logFC	strict_matched_condition	negative_l2	per_gene_population_zscore_dataset_cell_type	reviewer_l2_retrieval_dataset_pair	target_individual_mean_similarity	target_individual_mean_similarity	-126.55680458901028	-139.83853964508782	-119.66731957685893	10.085610034114445	bca	ok	0.95	2000	2000	223	223	23	query_pubchem_cid	direction,cell_type,time_key	direction	95% BCa bootstrap CI clustered by PubChem compound; uncertainty is over the observed compound panel, not broader chemical space.
tahoe	sciplex	logFC	strict_matched_condition	negative_l2	per_gene_population_zscore_dataset_cell_type	reviewer_l2_retrieval_dataset_pair	target_individual_sd_similarity	target_individual_sd_similarity	33.761844547253965	32.59715814831386	34.513473546816755	0.9581576992514478	bca	ok	0.95	2000	2000	223	223	23	query_pubchem_cid	direction,cell_type,time_key	direction	95% BCa bootstrap CI clustered by PubChem compound; uncertainty is over the observed compound panel, not broader chemical space.
tahoe	sciplex	logFC	strict_matched_condition	negative_l2	per_gene_population_zscore_dataset_cell_type	reviewer_l2_retrieval_dataset_pair	target_individual_n_below_observed	target_individual_n_below_observed	67.8774083546462	59.29939075674423	75.39803139720001	8.049320320227892	bca	ok	0.95	2000	2000	223	223	23	query_pubchem_cid	direction,cell_type,time_key	direction	95% BCa bootstrap CI clustered by PubChem compound; uncertainty is over the observed compound panel, not broader chemical space.
tahoe	sciplex	logFC	strict_matched_condition	negative_l2	per_gene_population_zscore_dataset_cell_type	reviewer_l2_retrieval_dataset_pair	target_individual_fraction_below_observed	target_individual_fraction_below_observed	0.5686265613802844	0.5016403631790433	0.6393077394236757	0.06883368812231622	bca	ok	0.95	2000	2000	223	223	23	query_pubchem_cid	direction,cell_type,time_key	direction	95% BCa bootstrap CI clustered by PubChem compound; uncertainty is over the observed compound panel, not broader chemical space.
tahoe	sciplex	logFC	strict_matched_condition	negative_l2	per_gene_population_zscore_dataset_cell_type	reviewer_l2_retrieval_dataset_pair	target_individual_corrected_percentile	target_individual_corrected_percentile	0.573930347135711	0.509642808005873	0.6427114745765844	0.06653433328535568	bca	ok	0.95	2000	2000	223	223	23	query_pubchem_cid	direction,cell_type,time_key	direction	95% BCa bootstrap CI clustered by PubChem compound; uncertainty is over the observed compound panel, not broader chemical space.
tahoe	sciplex	logFC	strict_matched_condition	negative_l2	per_gene_population_zscore_dataset_cell_type	reviewer_l2_retrieval_dataset_pair	source_centroid_similarity	source_centroid_similarity	-86.97309335737721	-102.41492095076838	-78.57799733002891	11.918461810369735	bca	ok	0.95	2000	2000	223	223	23	query_pubchem_cid	direction,cell_type,time_key	direction	95% BCa bootstrap CI clustered by PubChem compound; uncertainty is over the observed compound panel, not broader chemical space.
tahoe	sciplex	logFC	strict_matched_condition	negative_l2	per_gene_population_zscore_dataset_cell_type	reviewer_l2_retrieval_dataset_pair	source_centroid_normalized_rank	source_centroid_normalized_rank	0.9985088326485094	0.9948774940581622	0.9996936274509804	0.002408066696409139	bca	ok	0.95	2000	2000	223	223	23	query_pubchem_cid	direction,cell_type,time_key	direction	95% BCa bootstrap CI clustered by PubChem compound; uncertainty is over the observed compound panel, not broader chemical space.
tahoe	sciplex	logFC	strict_matched_condition	negative_l2	per_gene_population_zscore_dataset_cell_type	reviewer_l2_retrieval_dataset_pair	source_centroid_recall_at_1	source_centroid_recall_at_1	0.9619778346121057	0.8582966133204751	0.9940476190476191	0.06787550286357197	bca	ok	0.95	2000	2000	223	223	23	query_pubchem_cid	direction,cell_type,time_key	direction	95% BCa bootstrap CI clustered by PubChem compound; uncertainty is over the observed compound panel, not broader chemical space.
tahoe	sciplex	logFC	strict_matched_condition	negative_l2	per_gene_population_zscore_dataset_cell_type	reviewer_l2_retrieval_dataset_pair	source_centroid_auroc	source_centroid_auroc	0.9985088326485094	0.9949330750301927	0.9996962640477878	0.0023815945087975465	bca	ok	0.95	2000	2000	223	223	23	query_pubchem_cid	direction,cell_type,time_key	direction	95% BCa bootstrap CI clustered by PubChem compound; uncertainty is over the observed compound panel, not broader chemical space.
tahoe	sciplex	logFC	strict_matched_condition	negative_l2	per_gene_population_zscore_dataset_cell_type	reviewer_l2_retrieval_dataset_pair	target_centroid_similarity	target_centroid_similarity	-88.31892718378921	-103.19581522220624	-80.04267974569242	11.576567738256905	bca	ok	0.95	2000	2000	223	223	23	query_pubchem_cid	direction,cell_type,time_key	direction	95% BCa bootstrap CI clustered by PubChem compound; uncertainty is over the observed compound panel, not broader chemical space.
tahoe	sciplex	logFC	strict_matched_condition	negative_l2	per_gene_population_zscore_dataset_cell_type	reviewer_l2_retrieval_dataset_pair	target_centroid_normalized_rank	target_centroid_normalized_rank	0.9982246273454456	0.9944174185080562	0.9992710904060516	0.0024268359489976743	bca	ok	0.95	2000	2000	223	223	23	query_pubchem_cid	direction,cell_type,time_key	direction	95% BCa bootstrap CI clustered by PubChem compound; uncertainty is over the observed compound panel, not broader chemical space.
tahoe	sciplex	logFC	strict_matched_condition	negative_l2	per_gene_population_zscore_dataset_cell_type	reviewer_l2_retrieval_dataset_pair	target_centroid_recall_at_1	target_centroid_recall_at_1	0.9198635976129582	0.8077448971625594	0.9648416532474503	0.07854837804244547	bca	ok	0.95	2000	2000	223	223	23	query_pubchem_cid	direction,cell_type,time_key	direction	95% BCa bootstrap CI clustered by PubChem compound; uncertainty is over the observed compound panel, not broader chemical space.
tahoe	sciplex	logFC	strict_matched_condition	negative_l2	per_gene_population_zscore_dataset_cell_type	reviewer_l2_retrieval_dataset_pair	target_centroid_auroc	target_centroid_auroc	0.9982246273454456	0.9952001736219593	0.9993203284447452	0.0020600774113929132	bca	ok	0.95	2000	2000	223	223	23	query_pubchem_cid	direction,cell_type,time_key	direction	95% BCa bootstrap CI clustered by PubChem compound; uncertainty is over the observed compound panel, not broader chemical space.
tahoe	sciplex	logFC	strict_matched_condition	negative_l2	per_gene_population_zscore_dataset_cell_type	reviewer_l2_retrieval_dataset_pair	source_peer_normalized_rank	source_peer_normalized_rank	0.5078984409640935	0.5028735641092269	0.5123554255383878	0.004740930714580427	bca	ok	0.95	2000	2000	223	223	23	query_pubchem_cid	direction,cell_type,time_key	direction	95% BCa bootstrap CI clustered by PubChem compound; uncertainty is over the observed compound panel, not broader chemical space.
tahoe	sciplex	logFC	strict_matched_condition	negative_l2	per_gene_population_zscore_dataset_cell_type	reviewer_l2_retrieval_dataset_pair	target_peer_normalized_rank	target_peer_normalized_rank	0.4961218665577002	0.4945381200700807	0.4982432787111384	0.0018525793205288466	bca	ok	0.95	2000	2000	223	223	23	query_pubchem_cid	direction,cell_type,time_key	direction	95% BCa bootstrap CI clustered by PubChem compound; uncertainty is over the observed compound panel, not broader chemical space.
tahoe	sciplex	logFC	strict_matched_condition	negative_l2	per_gene_population_zscore_dataset_cell_type	reviewer_l2_retrieval_dataset_pair	delta_vs_source_peer_normalized_rank	delta_vs_source_peer_normalized_rank	0.05690001092916855	-0.00381740424767242	0.12097430046011703	0.06239585235389473	bca	ok	0.95	2000	2000	223	223	23	query_pubchem_cid	direction,cell_type,time_key	direction	95% BCa bootstrap CI clustered by PubChem compound; uncertainty is over the observed compound panel, not broader chemical space.
tahoe	sciplex	logFC	strict_matched_condition	negative_l2	per_gene_population_zscore_dataset_cell_type	reviewer_l2_retrieval_dataset_pair	delta_vs_target_peer_normalized_rank	delta_vs_target_peer_normalized_rank	0.06867658533556188	0.006110867341570397	0.13757752070763785	0.06573332668303372	bca	ok	0.95	2000	2000	223	223	23	query_pubchem_cid	direction,cell_type,time_key	direction	95% BCa bootstrap CI clustered by PubChem compound; uncertainty is over the observed compound panel, not broader chemical space.
tahoe	sciplex	logFC	strict_matched_condition	negative_l2	per_gene_population_zscore_dataset_cell_type	reviewer_l2_retrieval_dataset_pair	target_decoy_null_normalized_best_positive_rank	target_decoy_null_normalized_best_positive_rank	0.601351261956353	0.5922131319063337	0.6184091047163889	0.013097986405027573	bca	ok	0.95	2000	2000	223	223	23	query_pubchem_cid	direction,cell_type,time_key	direction	95% BCa bootstrap CI clustered by PubChem compound; uncertainty is over the observed compound panel, not broader chemical space.
tahoe	sciplex	logFC	strict_matched_condition	negative_l2	per_gene_population_zscore_dataset_cell_type	reviewer_l2_retrieval_dataset_pair	delta_vs_target_decoy_null_normalized_best_positive_rank	delta_vs_target_decoy_null_normalized_best_positive_rank	-0.036552810063090885	-0.1003943342393704	0.024983846590917527	0.06268909041514396	bca	ok	0.95	2000	2000	223	223	23	query_pubchem_cid	direction,cell_type,time_key	direction	95% BCa bootstrap CI clustered by PubChem compound; uncertainty is over the observed compound panel, not broader chemical space.
tahoe	sciplex	logFC	strict_matched_condition	negative_l2	raw	reviewer_l2_retrieval_dataset_pair	observed_normalized_best_positive_rank	observed_normalized_best_positive_rank	0.5628074606769056	0.5005225379832274	0.6296356311739407	0.06455654659535665	bca	ok	0.95	2000	2000	223	223	23	query_pubchem_cid	direction,cell_type,time_key	direction	95% BCa bootstrap CI clustered by PubChem compound; uncertainty is over the observed compound panel, not broader chemical space.
tahoe	sciplex	logFC	strict_matched_condition	negative_l2	raw	reviewer_l2_retrieval_dataset_pair	observed_recall_at_1	observed_recall_at_1	0.03486786018755328	0.007246376811594203	0.09040176368968969	0.04157769343904774	bca	ok	0.95	2000	2000	223	223	23	query_pubchem_cid	direction,cell_type,time_key	direction	95% BCa bootstrap CI clustered by PubChem compound; uncertainty is over the observed compound panel, not broader chemical space.
tahoe	sciplex	logFC	strict_matched_condition	negative_l2	raw	reviewer_l2_retrieval_dataset_pair	observed_auroc	observed_auroc	0.5605925387113656	0.49638725379622	0.631871980403479	0.06774236330362951	bca	ok	0.95	2000	2000	223	223	23	query_pubchem_cid	direction,cell_type,time_key	direction	95% BCa bootstrap CI clustered by PubChem compound; uncertainty is over the observed compound panel, not broader chemical space.
tahoe	sciplex	logFC	strict_matched_condition	negative_l2	raw	reviewer_l2_retrieval_dataset_pair	observed_best_positive_similarity	observed_best_positive_similarity	-73.22958424119435	-77.58970892097625	-69.5366921121226	4.026508404426828	bca	ok	0.95	2000	2000	223	223	23	query_pubchem_cid	direction,cell_type,time_key	direction	95% BCa bootstrap CI clustered by PubChem compound; uncertainty is over the observed compound panel, not broader chemical space.
tahoe	sciplex	logFC	strict_matched_condition	negative_l2	raw	reviewer_l2_retrieval_dataset_pair	random_normalized_best_positive_rank	random_normalized_best_positive_rank					not_estimable	too_few_clusters_or_values	0.95	2000	0	223	0	0	query_pubchem_cid	direction,cell_type,time_key	direction	95% BCa bootstrap CI clustered by PubChem compound; uncertainty is over the observed compound panel, not broader chemical space.
tahoe	sciplex	logFC	strict_matched_condition	negative_l2	raw	reviewer_l2_retrieval_dataset_pair	random_recall_at_1	random_recall_at_1					not_estimable	too_few_clusters_or_values	0.95	2000	0	223	0	0	query_pubchem_cid	direction,cell_type,time_key	direction	95% BCa bootstrap CI clustered by PubChem compound; uncertainty is over the observed compound panel, not broader chemical space.
tahoe	sciplex	logFC	strict_matched_condition	negative_l2	raw	reviewer_l2_retrieval_dataset_pair	random_auroc	random_auroc					not_estimable	too_few_clusters_or_values	0.95	2000	0	223	0	0	query_pubchem_cid	direction,cell_type,time_key	direction	95% BCa bootstrap CI clustered by PubChem compound; uncertainty is over the observed compound panel, not broader chemical space.
tahoe	sciplex	logFC	strict_matched_condition	negative_l2	raw	reviewer_l2_retrieval_dataset_pair	delta_vs_random_normalized_best_positive_rank	delta_vs_random_normalized_best_positive_rank	-0.038543801279447405	-0.09632173562033171	0.03312359889695114	0.06472266725864143	bca	ok	0.95	2000	2000	223	223	23	query_pubchem_cid	direction,cell_type,time_key	direction	95% BCa bootstrap CI clustered by PubChem compound; uncertainty is over the observed compound panel, not broader chemical space.
tahoe	sciplex	logFC	strict_matched_condition	negative_l2	raw	reviewer_l2_retrieval_dataset_pair	source_individual_n_peers	source_individual_n_peers	115.80392156862744	114.37931034482759	117.27541033289273	1.4480499940325728	bca	ok	0.95	2000	2000	223	223	23	query_pubchem_cid	direction,cell_type,time_key	direction	95% BCa bootstrap CI clustered by PubChem compound; uncertainty is over the observed compound panel, not broader chemical space.
tahoe	sciplex	logFC	strict_matched_condition	negative_l2	raw	reviewer_l2_retrieval_dataset_pair	source_individual_mean_similarity	source_individual_mean_similarity	-68.15912009394904	-73.47176348387151	-65.64560969436849	3.913076894751512	bca	ok	0.95	2000	2000	223	223	23	query_pubchem_cid	direction,cell_type,time_key	direction	95% BCa bootstrap CI clustered by PubChem compound; uncertainty is over the observed compound panel, not broader chemical space.
tahoe	sciplex	logFC	strict_matched_condition	negative_l2	raw	reviewer_l2_retrieval_dataset_pair	source_individual_sd_similarity	source_individual_sd_similarity	12.941930806038606	12.138654960027647	13.53631970066648	0.6988323703194164	bca	ok	0.95	2000	2000	223	223	23	query_pubchem_cid	direction,cell_type,time_key	direction	95% BCa bootstrap CI clustered by PubChem compound; uncertainty is over the observed compound panel, not broader chemical space.
tahoe	sciplex	logFC	strict_matched_condition	negative_l2	raw	reviewer_l2_retrieval_dataset_pair	source_individual_n_below_observed	source_individual_n_below_observed	77.6846547314578	72.46898099337041	79.77678761811559	3.6539033123725915	bca	ok	0.95	2000	2000	223	223	23	query_pubchem_cid	direction,cell_type,time_key	direction	95% BCa bootstrap CI clustered by PubChem compound; uncertainty is over the observed compound panel, not broader chemical space.
tahoe	sciplex	logFC	strict_matched_condition	negative_l2	raw	reviewer_l2_retrieval_dataset_pair	source_individual_fraction_below_observed	source_individual_fraction_below_observed	0.5260256589455923	0.5022564111765018	0.5425421313597454	0.020142860091621806	bca	ok	0.95	2000	2000	223	223	23	query_pubchem_cid	direction,cell_type,time_key	direction	95% BCa bootstrap CI clustered by PubChem compound; uncertainty is over the observed compound panel, not broader chemical space.
tahoe	sciplex	logFC	strict_matched_condition	negative_l2	raw	reviewer_l2_retrieval_dataset_pair	source_individual_corrected_percentile	source_individual_corrected_percentile	0.5335820814687243	0.5107707040390871	0.5510929309109659	0.020161113435939404	bca	ok	0.95	2000	2000	223	223	23	query_pubchem_cid	direction,cell_type,time_key	direction	95% BCa bootstrap CI clustered by PubChem compound; uncertainty is over the observed compound panel, not broader chemical space.
tahoe	sciplex	logFC	strict_matched_condition	negative_l2	raw	reviewer_l2_retrieval_dataset_pair	target_individual_n_peers	target_individual_n_peers	115.29386189258312	114.29311650741181	116.37043827483849	1.0386608837133409	bca	ok	0.95	2000	2000	223	223	23	query_pubchem_cid	direction,cell_type,time_key	direction	95% BCa bootstrap CI clustered by PubChem compound; uncertainty is over the observed compound panel, not broader chemical space.
tahoe	sciplex	logFC	strict_matched_condition	negative_l2	raw	reviewer_l2_retrieval_dataset_pair	target_individual_mean_similarity	target_individual_mean_similarity	-76.33462813028073	-81.1545714020471	-73.89654686446094	3.629012268793076	bca	ok	0.95	2000	2000	223	223	23	query_pubchem_cid	direction,cell_type,time_key	direction	95% BCa bootstrap CI clustered by PubChem compound; uncertainty is over the observed compound panel, not broader chemical space.
tahoe	sciplex	logFC	strict_matched_condition	negative_l2	raw	reviewer_l2_retrieval_dataset_pair	target_individual_sd_similarity	target_individual_sd_similarity	11.608230365428565	10.95660392111937	11.963708035971232	0.5035520574259307	bca	ok	0.95	2000	2000	223	223	23	query_pubchem_cid	direction,cell_type,time_key	direction	95% BCa bootstrap CI clustered by PubChem compound; uncertainty is over the observed compound panel, not broader chemical space.
tahoe	sciplex	logFC	strict_matched_condition	negative_l2	raw	reviewer_l2_retrieval_dataset_pair	target_individual_n_below_observed	target_individual_n_below_observed	65.91432225063939	58.50469104541918	73.23183310627068	7.363571030425753	bca	ok	0.95	2000	2000	223	223	23	query_pubchem_cid	direction,cell_type,time_key	direction	95% BCa bootstrap CI clustered by PubChem compound; uncertainty is over the observed compound panel, not broader chemical space.
tahoe	sciplex	logFC	strict_matched_condition	negative_l2	raw	reviewer_l2_retrieval_dataset_pair	target_individual_fraction_below_observed	target_individual_fraction_below_observed	0.5746600309403309	0.5064544939667959	0.6413326963529962	0.06743910119310015	bca	ok	0.95	2000	2000	223	223	23	query_pubchem_cid	direction,cell_type,time_key	direction	95% BCa bootstrap CI clustered by PubChem compound; uncertainty is over the observed compound panel, not broader chemical space.
tahoe	sciplex	logFC	strict_matched_condition	negative_l2	raw	reviewer_l2_retrieval_dataset_pair	target_individual_corrected_percentile	target_individual_corrected_percentile	0.5795727094938912	0.5169573238057679	0.6541956998915354	0.06861918804288375	bca	ok	0.95	2000	2000	223	223	23	query_pubchem_cid	direction,cell_type,time_key	direction	95% BCa bootstrap CI clustered by PubChem compound; uncertainty is over the observed compound panel, not broader chemical space.
tahoe	sciplex	logFC	strict_matched_condition	negative_l2	raw	reviewer_l2_retrieval_dataset_pair	source_centroid_similarity	source_centroid_similarity	-48.08981764573547	-54.70015131358985	-44.7976499489395	4.951250682325174	bca	ok	0.95	2000	2000	223	223	23	query_pubchem_cid	direction,cell_type,time_key	direction	95% BCa bootstrap CI clustered by PubChem compound; uncertainty is over the observed compound panel, not broader chemical space.
tahoe	sciplex	logFC	strict_matched_condition	negative_l2	raw	reviewer_l2_retrieval_dataset_pair	source_centroid_normalized_rank	source_centroid_normalized_rank	0.9991885423232014	0.9973705346833225	0.9999361552703825	0.0012828102935300012	bca	ok	0.95	2000	2000	223	223	23	query_pubchem_cid	direction,cell_type,time_key	direction	95% BCa bootstrap CI clustered by PubChem compound; uncertainty is over the observed compound panel, not broader chemical space.
tahoe	sciplex	logFC	strict_matched_condition	negative_l2	raw	reviewer_l2_retrieval_dataset_pair	source_centroid_recall_at_1	source_centroid_recall_at_1	0.952003410059676	0.8274868440642013	0.9927536231884058	0.08263338956210226	bca	ok	0.95	2000	2000	223	223	23	query_pubchem_cid	direction,cell_type,time_key	direction	95% BCa bootstrap CI clustered by PubChem compound; uncertainty is over the observed compound panel, not broader chemical space.
tahoe	sciplex	logFC	strict_matched_condition	negative_l2	raw	reviewer_l2_retrieval_dataset_pair	source_centroid_auroc	source_centroid_auroc	0.9991885423232014	0.9974019845804679	0.9999361552703825	0.001267085344957286	bca	ok	0.95	2000	2000	223	223	23	query_pubchem_cid	direction,cell_type,time_key	direction	95% BCa bootstrap CI clustered by PubChem compound; uncertainty is over the observed compound panel, not broader chemical space.
tahoe	sciplex	logFC	strict_matched_condition	negative_l2	raw	reviewer_l2_retrieval_dataset_pair	target_centroid_similarity	target_centroid_similarity	-53.507577843614015	-59.529431503963075	-50.21302683580692	4.6582023340780765	bca	ok	0.95	2000	2000	223	223	23	query_pubchem_cid	direction,cell_type,time_key	direction	95% BCa bootstrap CI clustered by PubChem compound; uncertainty is over the observed compound panel, not broader chemical space.
tahoe	sciplex	logFC	strict_matched_condition	negative_l2	raw	reviewer_l2_retrieval_dataset_pair	target_centroid_normalized_rank	target_centroid_normalized_rank	0.9883359529239325	0.9797353684550657	0.9936381567983459	0.006951394171640091	bca	ok	0.95	2000	2000	223	223	23	query_pubchem_cid	direction,cell_type,time_key	direction	95% BCa bootstrap CI clustered by PubChem compound; uncertainty is over the observed compound panel, not broader chemical space.
tahoe	sciplex	logFC	strict_matched_condition	negative_l2	raw	reviewer_l2_retrieval_dataset_pair	target_centroid_recall_at_1	target_centroid_recall_at_1	0.8070758738277919	0.7126391922239429	0.8768115942028986	0.08208620098947783	bca	ok	0.95	2000	2000	223	223	23	query_pubchem_cid	direction,cell_type,time_key	direction	95% BCa bootstrap CI clustered by PubChem compound; uncertainty is over the observed compound panel, not broader chemical space.
tahoe	sciplex	logFC	strict_matched_condition	negative_l2	raw	reviewer_l2_retrieval_dataset_pair	target_centroid_auroc	target_centroid_auroc	0.9883359529239325	0.9806390836774632	0.9931366919121128	0.006248804117324813	bca	ok	0.95	2000	2000	223	223	23	query_pubchem_cid	direction,cell_type,time_key	direction	95% BCa bootstrap CI clustered by PubChem compound; uncertainty is over the observed compound panel, not broader chemical space.
tahoe	sciplex	logFC	strict_matched_condition	negative_l2	raw	reviewer_l2_retrieval_dataset_pair	source_peer_normalized_rank	source_peer_normalized_rank	0.5082670722754746	0.5059109708573389	0.5124695610913084	0.003279295116984715	bca	ok	0.95	2000	2000	223	223	23	query_pubchem_cid	direction,cell_type,time_key	direction	95% BCa bootstrap CI clustered by PubChem compound; uncertainty is over the observed compound panel, not broader chemical space.
tahoe	sciplex	logFC	strict_matched_condition	negative_l2	raw	reviewer_l2_retrieval_dataset_pair	target_peer_normalized_rank	target_peer_normalized_rank	0.49225572636099335	0.48969536210619435	0.4950320389083503	0.0026683384010779687	bca	ok	0.95	2000	2000	223	223	23	query_pubchem_cid	direction,cell_type,time_key	direction	95% BCa bootstrap CI clustered by PubChem compound; uncertainty is over the observed compound panel, not broader chemical space.
tahoe	sciplex	logFC	strict_matched_condition	negative_l2	raw	reviewer_l2_retrieval_dataset_pair	delta_vs_source_peer_normalized_rank	delta_vs_source_peer_normalized_rank	0.05454038840143097	-0.011429090529281991	0.1202142874931137	0.06582168901119785	bca	ok	0.95	2000	2000	223	223	23	query_pubchem_cid	direction,cell_type,time_key	direction	95% BCa bootstrap CI clustered by PubChem compound; uncertainty is over the observed compound panel, not broader chemical space.
tahoe	sciplex	logFC	strict_matched_condition	negative_l2	raw	reviewer_l2_retrieval_dataset_pair	delta_vs_target_peer_normalized_rank	delta_vs_target_peer_normalized_rank	0.07055173431591219	0.0017968310611828826	0.13209646011519677	0.06514981452700694	bca	ok	0.95	2000	2000	223	223	23	query_pubchem_cid	direction,cell_type,time_key	direction	95% BCa bootstrap CI clustered by PubChem compound; uncertainty is over the observed compound panel, not broader chemical space.
tahoe	sciplex	logFC	strict_matched_condition	negative_l2	raw	reviewer_l2_retrieval_dataset_pair	target_decoy_null_normalized_best_positive_rank	target_decoy_null_normalized_best_positive_rank	0.601351261956353	0.5922131319063337	0.6190183133863902	0.013402590740028253	bca	ok	0.95	2000	2000	223	223	23	query_pubchem_cid	direction,cell_type,time_key	direction	95% BCa bootstrap CI clustered by PubChem compound; uncertainty is over the observed compound panel, not broader chemical space.
tahoe	sciplex	logFC	strict_matched_condition	negative_l2	raw	reviewer_l2_retrieval_dataset_pair	delta_vs_target_decoy_null_normalized_best_positive_rank	delta_vs_target_decoy_null_normalized_best_positive_rank	-0.038543801279447405	-0.09927826835825743	0.029783206730874034	0.06453073754456573	bca	ok	0.95	2000	2000	223	223	23	query_pubchem_cid	direction,cell_type,time_key	direction	95% BCa bootstrap CI clustered by PubChem compound; uncertainty is over the observed compound panel, not broader chemical space.
cigs_mce	cigs_tcm	logFC	strict_matched_condition	negative_l2	per_gene_population_zscore_dataset	reviewer_l2_retrieval_dataset_pair	observed_normalized_best_positive_rank	observed_normalized_best_positive_rank	0.5416692935017616	0.5315693414642898	0.5511966018654745	0.009813630200592338	bca	ok	0.95	2000	2000	11042	11042	974	query_pubchem_cid	direction,cell_type,time_key	direction	95% BCa bootstrap CI clustered by PubChem compound; uncertainty is over the observed compound panel, not broader chemical space.
cigs_mce	cigs_tcm	logFC	strict_matched_condition	negative_l2	per_gene_population_zscore_dataset	reviewer_l2_retrieval_dataset_pair	observed_recall_at_1	observed_recall_at_1	0.011290437921712032	0.008254693880167818	0.015423134867738898	0.00358422049378554	bca	ok	0.95	2000	2000	11042	11042	974	query_pubchem_cid	direction,cell_type,time_key	direction	95% BCa bootstrap CI clustered by PubChem compound; uncertainty is over the observed compound panel, not broader chemical space.
cigs_mce	cigs_tcm	logFC	strict_matched_condition	negative_l2	per_gene_population_zscore_dataset	reviewer_l2_retrieval_dataset_pair	observed_auroc	observed_auroc	0.5413768840915063	0.5312537512044415	0.5507162944559154	0.009731271625736948	bca	ok	0.95	2000	2000	11042	11042	974	query_pubchem_cid	direction,cell_type,time_key	direction	95% BCa bootstrap CI clustered by PubChem compound; uncertainty is over the observed compound panel, not broader chemical space.
cigs_mce	cigs_tcm	logFC	strict_matched_condition	negative_l2	per_gene_population_zscore_dataset	reviewer_l2_retrieval_dataset_pair	observed_best_positive_similarity	observed_best_positive_similarity	-50.67481690065998	-51.25982171943905	-50.19964282045214	0.530089449493456	bca	ok	0.95	2000	2000	11042	11042	974	query_pubchem_cid	direction,cell_type,time_key	direction	95% BCa bootstrap CI clustered by PubChem compound; uncertainty is over the observed compound panel, not broader chemical space.
cigs_mce	cigs_tcm	logFC	strict_matched_condition	negative_l2	per_gene_population_zscore_dataset	reviewer_l2_retrieval_dataset_pair	random_normalized_best_positive_rank	random_normalized_best_positive_rank					not_estimable	too_few_clusters_or_values	0.95	2000	0	11042	0	0	query_pubchem_cid	direction,cell_type,time_key	direction	95% BCa bootstrap CI clustered by PubChem compound; uncertainty is over the observed compound panel, not broader chemical space.
cigs_mce	cigs_tcm	logFC	strict_matched_condition	negative_l2	per_gene_population_zscore_dataset	reviewer_l2_retrieval_dataset_pair	random_recall_at_1	random_recall_at_1					not_estimable	too_few_clusters_or_values	0.95	2000	0	11042	0	0	query_pubchem_cid	direction,cell_type,time_key	direction	95% BCa bootstrap CI clustered by PubChem compound; uncertainty is over the observed compound panel, not broader chemical space.
cigs_mce	cigs_tcm	logFC	strict_matched_condition	negative_l2	per_gene_population_zscore_dataset	reviewer_l2_retrieval_dataset_pair	random_auroc	random_auroc					not_estimable	too_few_clusters_or_values	0.95	2000	0	11042	0	0	query_pubchem_cid	direction,cell_type,time_key	direction	95% BCa bootstrap CI clustered by PubChem compound; uncertainty is over the observed compound panel, not broader chemical space.
cigs_mce	cigs_tcm	logFC	strict_matched_condition	negative_l2	per_gene_population_zscore_dataset	reviewer_l2_retrieval_dataset_pair	delta_vs_random_normalized_best_positive_rank	delta_vs_random_normalized_best_positive_rank	-0.19767633244089722	-0.20692770787443962	-0.1883730714624408	0.009277318205999405	bca	ok	0.95	2000	2000	11042	11042	974	query_pubchem_cid	direction,cell_type,time_key	direction	95% BCa bootstrap CI clustered by PubChem compound; uncertainty is over the observed compound panel, not broader chemical space.
cigs_mce	cigs_tcm	logFC	strict_matched_condition	negative_l2	per_gene_population_zscore_dataset	reviewer_l2_retrieval_dataset_pair	source_individual_n_peers	source_individual_n_peers	2828.199519074629	2821.5147020663435	2832.6205309951397	5.5529144643981	bca	ok	0.95	2000	2000	11042	11042	974	query_pubchem_cid	direction,cell_type,time_key	direction	95% BCa bootstrap CI clustered by PubChem compound; uncertainty is over the observed compound panel, not broader chemical space.
cigs_mce	cigs_tcm	logFC	strict_matched_condition	negative_l2	per_gene_population_zscore_dataset	reviewer_l2_retrieval_dataset_pair	source_individual_mean_similarity	source_individual_mean_similarity	-51.56694945573433	-52.02275835706021	-51.1935427723331	0.4146077923635545	bca	ok	0.95	2000	2000	11042	11042	974	query_pubchem_cid	direction,cell_type,time_key	direction	95% BCa bootstrap CI clustered by PubChem compound; uncertainty is over the observed compound panel, not broader chemical space.
cigs_mce	cigs_tcm	logFC	strict_matched_condition	negative_l2	per_gene_population_zscore_dataset	reviewer_l2_retrieval_dataset_pair	source_individual_sd_similarity	source_individual_sd_similarity	9.35992102036014	9.301104144367951	9.419231651852623	0.05906375374233619	bca	ok	0.95	2000	2000	11042	11042	974	query_pubchem_cid	direction,cell_type,time_key	direction	95% BCa bootstrap CI clustered by PubChem compound; uncertainty is over the observed compound panel, not broader chemical space.
cigs_mce	cigs_tcm	logFC	strict_matched_condition	negative_l2	per_gene_population_zscore_dataset	reviewer_l2_retrieval_dataset_pair	source_individual_n_below_observed	source_individual_n_below_observed	1459.26829270284	1435.943271578934	1484.4078183986087	24.232273409837376	bca	ok	0.95	2000	2000	11042	11042	974	query_pubchem_cid	direction,cell_type,time_key	direction	95% BCa bootstrap CI clustered by PubChem compound; uncertainty is over the observed compound panel, not broader chemical space.
cigs_mce	cigs_tcm	logFC	strict_matched_condition	negative_l2	per_gene_population_zscore_dataset	reviewer_l2_retrieval_dataset_pair	source_individual_fraction_below_observed	source_individual_fraction_below_observed	0.5201530876227862	0.5119763247747547	0.528684874702591	0.008354274963918107	bca	ok	0.95	2000	2000	11042	11042	974	query_pubchem_cid	direction,cell_type,time_key	direction	95% BCa bootstrap CI clustered by PubChem compound; uncertainty is over the observed compound panel, not broader chemical space.
cigs_mce	cigs_tcm	logFC	strict_matched_condition	negative_l2	per_gene_population_zscore_dataset	reviewer_l2_retrieval_dataset_pair	source_individual_corrected_percentile	source_individual_corrected_percentile	0.5203750818946611	0.5120257178945953	0.5280671958723805	0.008020738988892606	bca	ok	0.95	2000	2000	11042	11042	974	query_pubchem_cid	direction,cell_type,time_key	direction	95% BCa bootstrap CI clustered by PubChem compound; uncertainty is over the observed compound panel, not broader chemical space.
cigs_mce	cigs_tcm	logFC	strict_matched_condition	negative_l2	per_gene_population_zscore_dataset	reviewer_l2_retrieval_dataset_pair	target_individual_n_peers	target_individual_n_peers	2827.5971715623737	2820.3776442792546	2832.3551111914408	5.988733456093087	bca	ok	0.95	2000	2000	11042	11042	974	query_pubchem_cid	direction,cell_type,time_key	direction	95% BCa bootstrap CI clustered by PubChem compound; uncertainty is over the observed compound panel, not broader chemical space.
cigs_mce	cigs_tcm	logFC	strict_matched_condition	negative_l2	per_gene_population_zscore_dataset	reviewer_l2_retrieval_dataset_pair	target_individual_mean_similarity	target_individual_mean_similarity	-52.12986398554763	-52.60668523340427	-51.75379270964657	0.4264462618788514	bca	ok	0.95	2000	2000	11042	11042	974	query_pubchem_cid	direction,cell_type,time_key	direction	95% BCa bootstrap CI clustered by PubChem compound; uncertainty is over the observed compound panel, not broader chemical space.
cigs_mce	cigs_tcm	logFC	strict_matched_condition	negative_l2	per_gene_population_zscore_dataset	reviewer_l2_retrieval_dataset_pair	target_individual_sd_similarity	target_individual_sd_similarity	9.029956699319502	8.973644184099982	9.090825664297038	0.05859074009852794	bca	ok	0.95	2000	2000	11042	11042	974	query_pubchem_cid	direction,cell_type,time_key	direction	95% BCa bootstrap CI clustered by PubChem compound; uncertainty is over the observed compound panel, not broader chemical space.
cigs_mce	cigs_tcm	logFC	strict_matched_condition	negative_l2	per_gene_population_zscore_dataset	reviewer_l2_retrieval_dataset_pair	target_individual_n_below_observed	target_individual_n_below_observed	1528.6269852889143	1500.3660167014325	1557.321648126077	28.47781571232224	bca	ok	0.95	2000	2000	11042	11042	974	query_pubchem_cid	direction,cell_type,time_key	direction	95% BCa bootstrap CI clustered by PubChem compound; uncertainty is over the observed compound panel, not broader chemical space.
cigs_mce	cigs_tcm	logFC	strict_matched_condition	negative_l2	per_gene_population_zscore_dataset	reviewer_l2_retrieval_dataset_pair	target_individual_fraction_below_observed	target_individual_fraction_below_observed	0.5405863283967579	0.5306477004879814	0.5509454262913446	0.010148862901681599	bca	ok	0.95	2000	2000	11042	11042	974	query_pubchem_cid	direction,cell_type,time_key	direction	95% BCa bootstrap CI clustered by PubChem compound; uncertainty is over the observed compound panel, not broader chemical space.
cigs_mce	cigs_tcm	logFC	strict_matched_condition	negative_l2	per_gene_population_zscore_dataset	reviewer_l2_retrieval_dataset_pair	target_individual_corrected_percentile	target_individual_corrected_percentile	0.5408131840656696	0.5311702044196787	0.5500790687600052	0.009454432170163285	bca	ok	0.95	2000	2000	11042	11042	974	query_pubchem_cid	direction,cell_type,time_key	direction	95% BCa bootstrap CI clustered by PubChem compound; uncertainty is over the observed compound panel, not broader chemical space.
cigs_mce	cigs_tcm	logFC	strict_matched_condition	negative_l2	per_gene_population_zscore_dataset	reviewer_l2_retrieval_dataset_pair	source_centroid_similarity	source_centroid_similarity	-35.916886863439714	-36.452368767939	-35.466616870332345	0.4928759488033272	bca	ok	0.95	2000	2000	11042	11042	974	query_pubchem_cid	direction,cell_type,time_key	direction	95% BCa bootstrap CI clustered by PubChem compound; uncertainty is over the observed compound panel, not broader chemical space.
cigs_mce	cigs_tcm	logFC	strict_matched_condition	negative_l2	per_gene_population_zscore_dataset	reviewer_l2_retrieval_dataset_pair	source_centroid_normalized_rank	source_centroid_normalized_rank	0.9986294956712991	0.9970350431479611	0.9993466262797964	0.0011557915659176632	bca	ok	0.95	2000	2000	11042	11042	974	query_pubchem_cid	direction,cell_type,time_key	direction	95% BCa bootstrap CI clustered by PubChem compound; uncertainty is over the observed compound panel, not broader chemical space.
cigs_mce	cigs_tcm	logFC	strict_matched_condition	negative_l2	per_gene_population_zscore_dataset	reviewer_l2_retrieval_dataset_pair	source_centroid_recall_at_1	source_centroid_recall_at_1	0.9695836533549411	0.961239226452131	0.9762934974712874	0.0075271355095781756	bca	ok	0.95	2000	2000	11042	11042	974	query_pubchem_cid	direction,cell_type,time_key	direction	95% BCa bootstrap CI clustered by PubChem compound; uncertainty is over the observed compound panel, not broader chemical space.
cigs_mce	cigs_tcm	logFC	strict_matched_condition	negative_l2	per_gene_population_zscore_dataset	reviewer_l2_retrieval_dataset_pair	source_centroid_auroc	source_centroid_auroc	0.9986294956712991	0.9971157208085668	0.9993787100441626	0.001131494617797879	bca	ok	0.95	2000	2000	11042	11042	974	query_pubchem_cid	direction,cell_type,time_key	direction	95% BCa bootstrap CI clustered by PubChem compound; uncertainty is over the observed compound panel, not broader chemical space.
cigs_mce	cigs_tcm	logFC	strict_matched_condition	negative_l2	per_gene_population_zscore_dataset	reviewer_l2_retrieval_dataset_pair	target_centroid_similarity	target_centroid_similarity	-36.494332188953514	-37.03115380876387	-36.04790519195043	0.49162430840672044	bca	ok	0.95	2000	2000	11042	11042	974	query_pubchem_cid	direction,cell_type,time_key	direction	95% BCa bootstrap CI clustered by PubChem compound; uncertainty is over the observed compound panel, not broader chemical space.
cigs_mce	cigs_tcm	logFC	strict_matched_condition	negative_l2	per_gene_population_zscore_dataset	reviewer_l2_retrieval_dataset_pair	target_centroid_normalized_rank	target_centroid_normalized_rank	0.9982423707233513	0.9967299921623937	0.99911259721528	0.001191302526443172	bca	ok	0.95	2000	2000	11042	11042	974	query_pubchem_cid	direction,cell_type,time_key	direction	95% BCa bootstrap CI clustered by PubChem compound; uncertainty is over the observed compound panel, not broader chemical space.
cigs_mce	cigs_tcm	logFC	strict_matched_condition	negative_l2	per_gene_population_zscore_dataset	reviewer_l2_retrieval_dataset_pair	target_centroid_recall_at_1	target_centroid_recall_at_1	0.9674464891678104	0.9586001287539556	0.9743909876492893	0.007895429447666857	bca	ok	0.95	2000	2000	11042	11042	974	query_pubchem_cid	direction,cell_type,time_key	direction	95% BCa bootstrap CI clustered by PubChem compound; uncertainty is over the observed compound panel, not broader chemical space.
cigs_mce	cigs_tcm	logFC	strict_matched_condition	negative_l2	per_gene_population_zscore_dataset	reviewer_l2_retrieval_dataset_pair	target_centroid_auroc	target_centroid_auroc	0.9982423707233513	0.9967401004404205	0.9991560409597915	0.001207970259685498	bca	ok	0.95	2000	2000	11042	11042	974	query_pubchem_cid	direction,cell_type,time_key	direction	95% BCa bootstrap CI clustered by PubChem compound; uncertainty is over the observed compound panel, not broader chemical space.
cigs_mce	cigs_tcm	logFC	strict_matched_condition	negative_l2	per_gene_population_zscore_dataset	reviewer_l2_retrieval_dataset_pair	source_peer_normalized_rank	source_peer_normalized_rank	0.5175773082186768	0.5166601847475254	0.5186692858681822	0.0010045505603283877	bca	ok	0.95	2000	2000	11042	11042	974	query_pubchem_cid	direction,cell_type,time_key	direction	95% BCa bootstrap CI clustered by PubChem compound; uncertainty is over the observed compound panel, not broader chemical space.
cigs_mce	cigs_tcm	logFC	strict_matched_condition	negative_l2	per_gene_population_zscore_dataset	reviewer_l2_retrieval_dataset_pair	target_peer_normalized_rank	target_peer_normalized_rank	0.5014132327930315	0.5008177377849442	0.5019745587972636	0.0005784105061596989	bca	ok	0.95	2000	2000	11042	11042	974	query_pubchem_cid	direction,cell_type,time_key	direction	95% BCa bootstrap CI clustered by PubChem compound; uncertainty is over the observed compound panel, not broader chemical space.
cigs_mce	cigs_tcm	logFC	strict_matched_condition	negative_l2	per_gene_population_zscore_dataset	reviewer_l2_retrieval_dataset_pair	delta_vs_source_peer_normalized_rank	delta_vs_source_peer_normalized_rank	0.024091985283085024	0.014873857135240124	0.033605860088872785	0.009366001476816332	bca	ok	0.95	2000	2000	11042	11042	974	query_pubchem_cid	direction,cell_type,time_key	direction	95% BCa bootstrap CI clustered by PubChem compound; uncertainty is over the observed compound panel, not broader chemical space.
cigs_mce	cigs_tcm	logFC	strict_matched_condition	negative_l2	per_gene_population_zscore_dataset	reviewer_l2_retrieval_dataset_pair	delta_vs_target_peer_normalized_rank	delta_vs_target_peer_normalized_rank	0.040256060708730126	0.030586057128561345	0.049828269916091614	0.009621106393765134	bca	ok	0.95	2000	2000	11042	11042	974	query_pubchem_cid	direction,cell_type,time_key	direction	95% BCa bootstrap CI clustered by PubChem compound; uncertainty is over the observed compound panel, not broader chemical space.
cigs_mce	cigs_tcm	logFC	strict_matched_condition	negative_l2	per_gene_population_zscore_dataset	reviewer_l2_retrieval_dataset_pair	target_decoy_null_normalized_best_positive_rank	target_decoy_null_normalized_best_positive_rank	0.7393456259426578	0.7380061161055054	0.7405998803272046	0.0012968821108496065	bca	ok	0.95	2000	2000	11042	11042	974	query_pubchem_cid	direction,cell_type,time_key	direction	95% BCa bootstrap CI clustered by PubChem compound; uncertainty is over the observed compound panel, not broader chemical space.
cigs_mce	cigs_tcm	logFC	strict_matched_condition	negative_l2	per_gene_population_zscore_dataset	reviewer_l2_retrieval_dataset_pair	delta_vs_target_decoy_null_normalized_best_positive_rank	delta_vs_target_decoy_null_normalized_best_positive_rank	-0.19767633244089722	-0.20653888060238948	-0.18764414267945534	0.00944736896146707	bca	ok	0.95	2000	2000	11042	11042	974	query_pubchem_cid	direction,cell_type,time_key	direction	95% BCa bootstrap CI clustered by PubChem compound; uncertainty is over the observed compound panel, not broader chemical space.
cigs_mce	cigs_tcm	logFC	strict_matched_condition	negative_l2	per_gene_population_zscore_dataset_cell_type	reviewer_l2_retrieval_dataset_pair	observed_normalized_best_positive_rank	observed_normalized_best_positive_rank	0.5428710675071043	0.5332500189668179	0.5533651274408059	0.010057554236994004	bca	ok	0.95	2000	2000	11042	11042	974	query_pubchem_cid	direction,cell_type,time_key	direction	95% BCa bootstrap CI clustered by PubChem compound; uncertainty is over the observed compound panel, not broader chemical space.
cigs_mce	cigs_tcm	logFC	strict_matched_condition	negative_l2	per_gene_population_zscore_dataset_cell_type	reviewer_l2_retrieval_dataset_pair	observed_recall_at_1	observed_recall_at_1	0.011370907082196352	0.00832010922273876	0.0156315903609102	0.003655740569085719	bca	ok	0.95	2000	2000	11042	11042	974	query_pubchem_cid	direction,cell_type,time_key	direction	95% BCa bootstrap CI clustered by PubChem compound; uncertainty is over the observed compound panel, not broader chemical space.
cigs_mce	cigs_tcm	logFC	strict_matched_condition	negative_l2	per_gene_population_zscore_dataset_cell_type	reviewer_l2_retrieval_dataset_pair	observed_auroc	observed_auroc	0.54257909259851	0.5325842926834823	0.5520042795853584	0.009709993450938037	bca	ok	0.95	2000	2000	11042	11042	974	query_pubchem_cid	direction,cell_type,time_key	direction	95% BCa bootstrap CI clustered by PubChem compound; uncertainty is over the observed compound panel, not broader chemical space.
cigs_mce	cigs_tcm	logFC	strict_matched_condition	negative_l2	per_gene_population_zscore_dataset_cell_type	reviewer_l2_retrieval_dataset_pair	observed_best_positive_similarity	observed_best_positive_similarity	-50.953492922148925	-51.557213546475424	-50.45962021561922	0.5487966654281031	bca	ok	0.95	2000	2000	11042	11042	974	query_pubchem_cid	direction,cell_type,time_key	direction	95% BCa bootstrap CI clustered by PubChem compound; uncertainty is over the observed compound panel, not broader chemical space.
cigs_mce	cigs_tcm	logFC	strict_matched_condition	negative_l2	per_gene_population_zscore_dataset_cell_type	reviewer_l2_retrieval_dataset_pair	random_normalized_best_positive_rank	random_normalized_best_positive_rank					not_estimable	too_few_clusters_or_values	0.95	2000	0	11042	0	0	query_pubchem_cid	direction,cell_type,time_key	direction	95% BCa bootstrap CI clustered by PubChem compound; uncertainty is over the observed compound panel, not broader chemical space.
cigs_mce	cigs_tcm	logFC	strict_matched_condition	negative_l2	per_gene_population_zscore_dataset_cell_type	reviewer_l2_retrieval_dataset_pair	random_recall_at_1	random_recall_at_1					not_estimable	too_few_clusters_or_values	0.95	2000	0	11042	0	0	query_pubchem_cid	direction,cell_type,time_key	direction	95% BCa bootstrap CI clustered by PubChem compound; uncertainty is over the observed compound panel, not broader chemical space.
cigs_mce	cigs_tcm	logFC	strict_matched_condition	negative_l2	per_gene_population_zscore_dataset_cell_type	reviewer_l2_retrieval_dataset_pair	random_auroc	random_auroc					not_estimable	too_few_clusters_or_values	0.95	2000	0	11042	0	0	query_pubchem_cid	direction,cell_type,time_key	direction	95% BCa bootstrap CI clustered by PubChem compound; uncertainty is over the observed compound panel, not broader chemical space.
cigs_mce	cigs_tcm	logFC	strict_matched_condition	negative_l2	per_gene_population_zscore_dataset_cell_type	reviewer_l2_retrieval_dataset_pair	delta_vs_random_normalized_best_positive_rank	delta_vs_random_normalized_best_positive_rank	-0.19647455843555484	-0.20687429013966088	-0.18720208650935008	0.009836101815155401	bca	ok	0.95	2000	2000	11042	11042	974	query_pubchem_cid	direction,cell_type,time_key	direction	95% BCa bootstrap CI clustered by PubChem compound; uncertainty is over the observed compound panel, not broader chemical space.
cigs_mce	cigs_tcm	logFC	strict_matched_condition	negative_l2	per_gene_population_zscore_dataset_cell_type	reviewer_l2_retrieval_dataset_pair	source_individual_n_peers	source_individual_n_peers	2828.199519074629	2821.4544324277886	2832.6248291222855	5.585198347248479	bca	ok	0.95	2000	2000	11042	11042	974	query_pubchem_cid	direction,cell_type,time_key	direction	95% BCa bootstrap CI clustered by PubChem compound; uncertainty is over the observed compound panel, not broader chemical space.
cigs_mce	cigs_tcm	logFC	strict_matched_condition	negative_l2	per_gene_population_zscore_dataset_cell_type	reviewer_l2_retrieval_dataset_pair	source_individual_mean_similarity	source_individual_mean_similarity	-52.146752395821856	-52.63513990916933	-51.77572695407103	0.4297064775491499	bca	ok	0.95	2000	2000	11042	11042	974	query_pubchem_cid	direction,cell_type,time_key	direction	95% BCa bootstrap CI clustered by PubChem compound; uncertainty is over the observed compound panel, not broader chemical space.
cigs_mce	cigs_tcm	logFC	strict_matched_condition	negative_l2	per_gene_population_zscore_dataset_cell_type	reviewer_l2_retrieval_dataset_pair	source_individual_sd_similarity	source_individual_sd_similarity	9.714587417723378	9.650242344836341	9.776238671009903	0.06299816308678086	bca	ok	0.95	2000	2000	11042	11042	974	query_pubchem_cid	direction,cell_type,time_key	direction	95% BCa bootstrap CI clustered by PubChem compound; uncertainty is over the observed compound panel, not broader chemical space.
cigs_mce	cigs_tcm	logFC	strict_matched_condition	negative_l2	per_gene_population_zscore_dataset_cell_type	reviewer_l2_retrieval_dataset_pair	source_individual_n_below_observed	source_individual_n_below_observed	1478.512944398754	1454.2419388866547	1503.2887834774292	24.523422295387263	bca	ok	0.95	2000	2000	11042	11042	974	query_pubchem_cid	direction,cell_type,time_key	direction	95% BCa bootstrap CI clustered by PubChem compound; uncertainty is over the observed compound panel, not broader chemical space.
cigs_mce	cigs_tcm	logFC	strict_matched_condition	negative_l2	per_gene_population_zscore_dataset_cell_type	reviewer_l2_retrieval_dataset_pair	source_individual_fraction_below_observed	source_individual_fraction_below_observed	0.5273631287122911	0.5182397359554117	0.5359052037374762	0.00883273389103223	bca	ok	0.95	2000	2000	11042	11042	974	query_pubchem_cid	direction,cell_type,time_key	direction	95% BCa bootstrap CI clustered by PubChem compound; uncertainty is over the observed compound panel, not broader chemical space.
cigs_mce	cigs_tcm	logFC	strict_matched_condition	negative_l2	per_gene_population_zscore_dataset_cell_type	reviewer_l2_retrieval_dataset_pair	source_individual_corrected_percentile	source_individual_corrected_percentile	0.5275858619952465	0.5184028749218085	0.5363844217289722	0.008990773403581842	bca	ok	0.95	2000	2000	11042	11042	974	query_pubchem_cid	direction,cell_type,time_key	direction	95% BCa bootstrap CI clustered by PubChem compound; uncertainty is over the observed compound panel, not broader chemical space.
cigs_mce	cigs_tcm	logFC	strict_matched_condition	negative_l2	per_gene_population_zscore_dataset_cell_type	reviewer_l2_retrieval_dataset_pair	target_individual_n_peers	target_individual_n_peers	2827.5971715623737	2820.5550881972345	2832.3061159803015	5.875513891533501	bca	ok	0.95	2000	2000	11042	11042	974	query_pubchem_cid	direction,cell_type,time_key	direction	95% BCa bootstrap CI clustered by PubChem compound; uncertainty is over the observed compound panel, not broader chemical space.
cigs_mce	cigs_tcm	logFC	strict_matched_condition	negative_l2	per_gene_population_zscore_dataset_cell_type	reviewer_l2_retrieval_dataset_pair	target_individual_mean_similarity	target_individual_mean_similarity	-52.49701876004163	-52.9669876105835	-52.09922886683253	0.4338793718754843	bca	ok	0.95	2000	2000	11042	11042	974	query_pubchem_cid	direction,cell_type,time_key	direction	95% BCa bootstrap CI clustered by PubChem compound; uncertainty is over the observed compound panel, not broader chemical space.
cigs_mce	cigs_tcm	logFC	strict_matched_condition	negative_l2	per_gene_population_zscore_dataset_cell_type	reviewer_l2_retrieval_dataset_pair	target_individual_sd_similarity	target_individual_sd_similarity	9.389011512552415	9.332490994628081	9.455184457247302	0.06134673130961055	bca	ok	0.95	2000	2000	11042	11042	974	query_pubchem_cid	direction,cell_type,time_key	direction	95% BCa bootstrap CI clustered by PubChem compound; uncertainty is over the observed compound panel, not broader chemical space.
cigs_mce	cigs_tcm	logFC	strict_matched_condition	negative_l2	per_gene_population_zscore_dataset_cell_type	reviewer_l2_retrieval_dataset_pair	target_individual_n_below_observed	target_individual_n_below_observed	1531.4180325606308	1503.0681353412895	1559.955970528251	28.44391759348082	bca	ok	0.95	2000	2000	11042	11042	974	query_pubchem_cid	direction,cell_type,time_key	direction	95% BCa bootstrap CI clustered by PubChem compound; uncertainty is over the observed compound panel, not broader chemical space.
cigs_mce	cigs_tcm	logFC	strict_matched_condition	negative_l2	per_gene_population_zscore_dataset_cell_type	reviewer_l2_retrieval_dataset_pair	target_individual_fraction_below_observed	target_individual_fraction_below_observed	0.541827400270492	0.5319244920006282	0.5510920178157782	0.00958376290757501	bca	ok	0.95	2000	2000	11042	11042	974	query_pubchem_cid	direction,cell_type,time_key	direction	95% BCa bootstrap CI clustered by PubChem compound; uncertainty is over the observed compound panel, not broader chemical space.
cigs_mce	cigs_tcm	logFC	strict_matched_condition	negative_l2	per_gene_population_zscore_dataset_cell_type	reviewer_l2_retrieval_dataset_pair	target_individual_corrected_percentile	target_individual_corrected_percentile	0.5420432421551609	0.5323713891394976	0.551960210626087	0.009794410743294735	bca	ok	0.95	2000	2000	11042	11042	974	query_pubchem_cid	direction,cell_type,time_key	direction	95% BCa bootstrap CI clustered by PubChem compound; uncertainty is over the observed compound panel, not broader chemical space.
cigs_mce	cigs_tcm	logFC	strict_matched_condition	negative_l2	per_gene_population_zscore_dataset_cell_type	reviewer_l2_retrieval_dataset_pair	source_centroid_similarity	source_centroid_similarity	-36.30535094717377	-36.864168185829385	-35.867776155502675	0.4981960151633551	bca	ok	0.95	2000	2000	11042	11042	974	query_pubchem_cid	direction,cell_type,time_key	direction	95% BCa bootstrap CI clustered by PubChem compound; uncertainty is over the observed compound panel, not broader chemical space.
cigs_mce	cigs_tcm	logFC	strict_matched_condition	negative_l2	per_gene_population_zscore_dataset_cell_type	reviewer_l2_retrieval_dataset_pair	source_centroid_normalized_rank	source_centroid_normalized_rank	0.998656608920018	0.9971578846840069	0.9994217460111258	0.0011319306635594328	bca	ok	0.95	2000	2000	11042	11042	974	query_pubchem_cid	direction,cell_type,time_key	direction	95% BCa bootstrap CI clustered by PubChem compound; uncertainty is over the observed compound panel, not broader chemical space.
cigs_mce	cigs_tcm	logFC	strict_matched_condition	negative_l2	per_gene_population_zscore_dataset_cell_type	reviewer_l2_retrieval_dataset_pair	source_centroid_recall_at_1	source_centroid_recall_at_1	0.9674464250512738	0.9589749933018166	0.974023183208718	0.0075240949534506885	bca	ok	0.95	2000	2000	11042	11042	974	query_pubchem_cid	direction,cell_type,time_key	direction	95% BCa bootstrap CI clustered by PubChem compound; uncertainty is over the observed compound panel, not broader chemical space.
cigs_mce	cigs_tcm	logFC	strict_matched_condition	negative_l2	per_gene_population_zscore_dataset_cell_type	reviewer_l2_retrieval_dataset_pair	source_centroid_auroc	source_centroid_auroc	0.998656608920018	0.997181737935301	0.9993895885587999	0.0011039253117494652	bca	ok	0.95	2000	2000	11042	11042	974	query_pubchem_cid	direction,cell_type,time_key	direction	95% BCa bootstrap CI clustered by PubChem compound; uncertainty is over the observed compound panel, not broader chemical space.
cigs_mce	cigs_tcm	logFC	strict_matched_condition	negative_l2	per_gene_population_zscore_dataset_cell_type	reviewer_l2_retrieval_dataset_pair	target_centroid_similarity	target_centroid_similarity	-36.59257007566693	-37.153777591796356	-36.12017649367545	0.5168005490604521	bca	ok	0.95	2000	2000	11042	11042	974	query_pubchem_cid	direction,cell_type,time_key	direction	95% BCa bootstrap CI clustered by PubChem compound; uncertainty is over the observed compound panel, not broader chemical space.
cigs_mce	cigs_tcm	logFC	strict_matched_condition	negative_l2	per_gene_population_zscore_dataset_cell_type	reviewer_l2_retrieval_dataset_pair	target_centroid_normalized_rank	target_centroid_normalized_rank	0.998231282453026	0.9967303752807057	0.999127816794867	0.0011987207570806069	bca	ok	0.95	2000	2000	11042	11042	974	query_pubchem_cid	direction,cell_type,time_key	direction	95% BCa bootstrap CI clustered by PubChem compound; uncertainty is over the observed compound panel, not broader chemical space.
cigs_mce	cigs_tcm	logFC	strict_matched_condition	negative_l2	per_gene_population_zscore_dataset_cell_type	reviewer_l2_retrieval_dataset_pair	target_centroid_recall_at_1	target_centroid_recall_at_1	0.9670096122745748	0.9584801096470225	0.9740722198842903	0.0077960551186339044	bca	ok	0.95	2000	2000	11042	11042	974	query_pubchem_cid	direction,cell_type,time_key	direction	95% BCa bootstrap CI clustered by PubChem compound; uncertainty is over the observed compound panel, not broader chemical space.
cigs_mce	cigs_tcm	logFC	strict_matched_condition	negative_l2	per_gene_population_zscore_dataset_cell_type	reviewer_l2_retrieval_dataset_pair	target_centroid_auroc	target_centroid_auroc	0.998231282453026	0.9965967750063552	0.999127004830151	0.0012651149118979022	bca	ok	0.95	2000	2000	11042	11042	974	query_pubchem_cid	direction,cell_type,time_key	direction	95% BCa bootstrap CI clustered by PubChem compound; uncertainty is over the observed compound panel, not broader chemical space.
cigs_mce	cigs_tcm	logFC	strict_matched_condition	negative_l2	per_gene_population_zscore_dataset_cell_type	reviewer_l2_retrieval_dataset_pair	source_peer_normalized_rank	source_peer_normalized_rank	0.5107900005467937	0.5096732268772376	0.5120574780375248	0.0011921255801435882	bca	ok	0.95	2000	2000	11042	11042	974	query_pubchem_cid	direction,cell_type,time_key	direction	95% BCa bootstrap CI clustered by PubChem compound; uncertainty is over the observed compound panel, not broader chemical space.
cigs_mce	cigs_tcm	logFC	strict_matched_condition	negative_l2	per_gene_population_zscore_dataset_cell_type	reviewer_l2_retrieval_dataset_pair	target_peer_normalized_rank	target_peer_normalized_rank	0.501422362804862	0.5008336732168281	0.5019913089568191	0.0005788178699954738	bca	ok	0.95	2000	2000	11042	11042	974	query_pubchem_cid	direction,cell_type,time_key	direction	95% BCa bootstrap CI clustered by PubChem compound; uncertainty is over the observed compound panel, not broader chemical space.
cigs_mce	cigs_tcm	logFC	strict_matched_condition	negative_l2	per_gene_population_zscore_dataset_cell_type	reviewer_l2_retrieval_dataset_pair	delta_vs_source_peer_normalized_rank	delta_vs_source_peer_normalized_rank	0.0320810669603107	0.022493947920082843	0.04165783585096836	0.00958194396544276	bca	ok	0.95	2000	2000	11042	11042	974	query_pubchem_cid	direction,cell_type,time_key	direction	95% BCa bootstrap CI clustered by PubChem compound; uncertainty is over the observed compound panel, not broader chemical space.
cigs_mce	cigs_tcm	logFC	strict_matched_condition	negative_l2	per_gene_population_zscore_dataset_cell_type	reviewer_l2_retrieval_dataset_pair	delta_vs_target_peer_normalized_rank	delta_vs_target_peer_normalized_rank	0.04144870470224214	0.03145431876548943	0.05087564362073672	0.009710662427623643	bca	ok	0.95	2000	2000	11042	11042	974	query_pubchem_cid	direction,cell_type,time_key	direction	95% BCa bootstrap CI clustered by PubChem compound; uncertainty is over the observed compound panel, not broader chemical space.
cigs_mce	cigs_tcm	logFC	strict_matched_condition	negative_l2	per_gene_population_zscore_dataset_cell_type	reviewer_l2_retrieval_dataset_pair	target_decoy_null_normalized_best_positive_rank	target_decoy_null_normalized_best_positive_rank	0.7393456259426578	0.7379992797611579	0.7406779185329049	0.0013393193858735053	bca	ok	0.95	2000	2000	11042	11042	974	query_pubchem_cid	direction,cell_type,time_key	direction	95% BCa bootstrap CI clustered by PubChem compound; uncertainty is over the observed compound panel, not broader chemical space.
cigs_mce	cigs_tcm	logFC	strict_matched_condition	negative_l2	per_gene_population_zscore_dataset_cell_type	reviewer_l2_retrieval_dataset_pair	delta_vs_target_decoy_null_normalized_best_positive_rank	delta_vs_target_decoy_null_normalized_best_positive_rank	-0.19647455843555484	-0.20557179744462084	-0.1863952486748553	0.009588274384882772	bca	ok	0.95	2000	2000	11042	11042	974	query_pubchem_cid	direction,cell_type,time_key	direction	95% BCa bootstrap CI clustered by PubChem compound; uncertainty is over the observed compound panel, not broader chemical space.
cigs_mce	cigs_tcm	logFC	strict_matched_condition	negative_l2	raw	reviewer_l2_retrieval_dataset_pair	observed_normalized_best_positive_rank	observed_normalized_best_positive_rank	0.5468820576547977	0.5372764050414716	0.5571775727818896	0.009950583870209029	bca	ok	0.95	2000	2000	11042	11042	974	query_pubchem_cid	direction,cell_type,time_key	direction	95% BCa bootstrap CI clustered by PubChem compound; uncertainty is over the observed compound panel, not broader chemical space.
cigs_mce	cigs_tcm	logFC	strict_matched_condition	negative_l2	raw	reviewer_l2_retrieval_dataset_pair	observed_recall_at_1	observed_recall_at_1	0.014177166700489567	0.010134749032436302	0.020098429774749793	0.0049818403711567455	bca	ok	0.95	2000	2000	11042	11042	974	query_pubchem_cid	direction,cell_type,time_key	direction	95% BCa bootstrap CI clustered by PubChem compound; uncertainty is over the observed compound panel, not broader chemical space.
cigs_mce	cigs_tcm	logFC	strict_matched_condition	negative_l2	raw	reviewer_l2_retrieval_dataset_pair	observed_auroc	observed_auroc	0.5465926720248673	0.5364296363361528	0.5573380447954795	0.010454204229663366	bca	ok	0.95	2000	2000	11042	11042	974	query_pubchem_cid	direction,cell_type,time_key	direction	95% BCa bootstrap CI clustered by PubChem compound; uncertainty is over the observed compound panel, not broader chemical space.
cigs_mce	cigs_tcm	logFC	strict_matched_condition	negative_l2	raw	reviewer_l2_retrieval_dataset_pair	observed_best_positive_similarity	observed_best_positive_similarity	-23.45655709410414	-23.661534997302656	-23.276833688428788	0.19235065443693422	bca	ok	0.95	2000	2000	11042	11042	974	query_pubchem_cid	direction,cell_type,time_key	direction	95% BCa bootstrap CI clustered by PubChem compound; uncertainty is over the observed compound panel, not broader chemical space.
cigs_mce	cigs_tcm	logFC	strict_matched_condition	negative_l2	raw	reviewer_l2_retrieval_dataset_pair	random_normalized_best_positive_rank	random_normalized_best_positive_rank					not_estimable	too_few_clusters_or_values	0.95	2000	0	11042	0	0	query_pubchem_cid	direction,cell_type,time_key	direction	95% BCa bootstrap CI clustered by PubChem compound; uncertainty is over the observed compound panel, not broader chemical space.
cigs_mce	cigs_tcm	logFC	strict_matched_condition	negative_l2	raw	reviewer_l2_retrieval_dataset_pair	random_recall_at_1	random_recall_at_1					not_estimable	too_few_clusters_or_values	0.95	2000	0	11042	0	0	query_pubchem_cid	direction,cell_type,time_key	direction	95% BCa bootstrap CI clustered by PubChem compound; uncertainty is over the observed compound panel, not broader chemical space.
cigs_mce	cigs_tcm	logFC	strict_matched_condition	negative_l2	raw	reviewer_l2_retrieval_dataset_pair	random_auroc	random_auroc					not_estimable	too_few_clusters_or_values	0.95	2000	0	11042	0	0	query_pubchem_cid	direction,cell_type,time_key	direction	95% BCa bootstrap CI clustered by PubChem compound; uncertainty is over the observed compound panel, not broader chemical space.
cigs_mce	cigs_tcm	logFC	strict_matched_condition	negative_l2	raw	reviewer_l2_retrieval_dataset_pair	delta_vs_random_normalized_best_positive_rank	delta_vs_random_normalized_best_positive_rank	-0.19246356828786104	-0.2023066730373896	-0.18286201956514428	0.009722326736122666	bca	ok	0.95	2000	2000	11042	11042	974	query_pubchem_cid	direction,cell_type,time_key	direction	95% BCa bootstrap CI clustered by PubChem compound; uncertainty is over the observed compound panel, not broader chemical space.
cigs_mce	cigs_tcm	logFC	strict_matched_condition	negative_l2	raw	reviewer_l2_retrieval_dataset_pair	source_individual_n_peers	source_individual_n_peers	2828.199519074629	2821.3275740697013	2832.376867172137	5.5246465512177565	bca	ok	0.95	2000	2000	11042	11042	974	query_pubchem_cid	direction,cell_type,time_key	direction	95% BCa bootstrap CI clustered by PubChem compound; uncertainty is over the observed compound panel, not broader chemical space.
cigs_mce	cigs_tcm	logFC	strict_matched_condition	negative_l2	raw	reviewer_l2_retrieval_dataset_pair	source_individual_mean_similarity	source_individual_mean_similarity	-23.401434692173027	-23.553108884415316	-23.269581110892815	0.1417638867612503	bca	ok	0.95	2000	2000	11042	11042	974	query_pubchem_cid	direction,cell_type,time_key	direction	95% BCa bootstrap CI clustered by PubChem compound; uncertainty is over the observed compound panel, not broader chemical space.
cigs_mce	cigs_tcm	logFC	strict_matched_condition	negative_l2	raw	reviewer_l2_retrieval_dataset_pair	source_individual_sd_similarity	source_individual_sd_similarity	3.488798161005195	3.4685258133784185	3.508560352364539	0.020017269493060263	bca	ok	0.95	2000	2000	11042	11042	974	query_pubchem_cid	direction,cell_type,time_key	direction	95% BCa bootstrap CI clustered by PubChem compound; uncertainty is over the observed compound panel, not broader chemical space.
cigs_mce	cigs_tcm	logFC	strict_matched_condition	negative_l2	raw	reviewer_l2_retrieval_dataset_pair	source_individual_n_below_observed	source_individual_n_below_observed	1375.4630223295906	1351.1839977246077	1400.4919241249793	24.653963200185785	bca	ok	0.95	2000	2000	11042	11042	974	query_pubchem_cid	direction,cell_type,time_key	direction	95% BCa bootstrap CI clustered by PubChem compound; uncertainty is over the observed compound panel, not broader chemical space.
cigs_mce	cigs_tcm	logFC	strict_matched_condition	negative_l2	raw	reviewer_l2_retrieval_dataset_pair	source_individual_fraction_below_observed	source_individual_fraction_below_observed	0.47841642480709007	0.4696380596531761	0.48744215529963664	0.008902047823230258	bca	ok	0.95	2000	2000	11042	11042	974	query_pubchem_cid	direction,cell_type,time_key	direction	95% BCa bootstrap CI clustered by PubChem compound; uncertainty is over the observed compound panel, not broader chemical space.
cigs_mce	cigs_tcm	logFC	strict_matched_condition	negative_l2	raw	reviewer_l2_retrieval_dataset_pair	source_individual_corrected_percentile	source_individual_corrected_percentile	0.4787200878214882	0.47039204664108875	0.4875477189033814	0.008577836131146321	bca	ok	0.95	2000	2000	11042	11042	974	query_pubchem_cid	direction,cell_type,time_key	direction	95% BCa bootstrap CI clustered by PubChem compound; uncertainty is over the observed compound panel, not broader chemical space.
cigs_mce	cigs_tcm	logFC	strict_matched_condition	negative_l2	raw	reviewer_l2_retrieval_dataset_pair	target_individual_n_peers	target_individual_n_peers	2827.5971715623737	2820.9326526437717	2832.0821004505515	5.574723903389895	bca	ok	0.95	2000	2000	11042	11042	974	query_pubchem_cid	direction,cell_type,time_key	direction	95% BCa bootstrap CI clustered by PubChem compound; uncertainty is over the observed compound panel, not broader chemical space.
cigs_mce	cigs_tcm	logFC	strict_matched_condition	negative_l2	raw	reviewer_l2_retrieval_dataset_pair	target_individual_mean_similarity	target_individual_mean_similarity	-24.060203719110238	-24.219774883785743	-23.92446095483447	0.1476569644756367	bca	ok	0.95	2000	2000	11042	11042	974	query_pubchem_cid	direction,cell_type,time_key	direction	95% BCa bootstrap CI clustered by PubChem compound; uncertainty is over the observed compound panel, not broader chemical space.
cigs_mce	cigs_tcm	logFC	strict_matched_condition	negative_l2	raw	reviewer_l2_retrieval_dataset_pair	target_individual_sd_similarity	target_individual_sd_similarity	3.3749714714185375	3.356480353678631	3.394509653275062	0.019014649798215322	bca	ok	0.95	2000	2000	11042	11042	974	query_pubchem_cid	direction,cell_type,time_key	direction	95% BCa bootstrap CI clustered by PubChem compound; uncertainty is over the observed compound panel, not broader chemical space.
cigs_mce	cigs_tcm	logFC	strict_matched_condition	negative_l2	raw	reviewer_l2_retrieval_dataset_pair	target_individual_n_below_observed	target_individual_n_below_observed	1541.1838257576346	1511.4453867965874	1568.7076483500614	28.631130776736995	bca	ok	0.95	2000	2000	11042	11042	974	query_pubchem_cid	direction,cell_type,time_key	direction	95% BCa bootstrap CI clustered by PubChem compound; uncertainty is over the observed compound panel, not broader chemical space.
cigs_mce	cigs_tcm	logFC	strict_matched_condition	negative_l2	raw	reviewer_l2_retrieval_dataset_pair	target_individual_fraction_below_observed	target_individual_fraction_below_observed	0.5456677763995199	0.5355505196351912	0.5561235974916665	0.010286538928237665	bca	ok	0.95	2000	2000	11042	11042	974	query_pubchem_cid	direction,cell_type,time_key	direction	95% BCa bootstrap CI clustered by PubChem compound; uncertainty is over the observed compound panel, not broader chemical space.
cigs_mce	cigs_tcm	logFC	strict_matched_condition	negative_l2	raw	reviewer_l2_retrieval_dataset_pair	target_individual_corrected_percentile	target_individual_corrected_percentile	0.5458789547829805	0.5358747535278642	0.5559425075864083	0.010033877029272054	bca	ok	0.95	2000	2000	11042	11042	974	query_pubchem_cid	direction,cell_type,time_key	direction	95% BCa bootstrap CI clustered by PubChem compound; uncertainty is over the observed compound panel, not broader chemical space.
cigs_mce	cigs_tcm	logFC	strict_matched_condition	negative_l2	raw	reviewer_l2_retrieval_dataset_pair	source_centroid_similarity	source_centroid_similarity	-16.352417231460983	-16.560080299796315	-16.190367362469505	0.18485646866340488	bca	ok	0.95	2000	2000	11042	11042	974	query_pubchem_cid	direction,cell_type,time_key	direction	95% BCa bootstrap CI clustered by PubChem compound; uncertainty is over the observed compound panel, not broader chemical space.
cigs_mce	cigs_tcm	logFC	strict_matched_condition	negative_l2	raw	reviewer_l2_retrieval_dataset_pair	source_centroid_normalized_rank	source_centroid_normalized_rank	0.9991824700945299	0.9982518588176786	0.9995746857671075	0.000661413474714434	bca	ok	0.95	2000	2000	11042	11042	974	query_pubchem_cid	direction,cell_type,time_key	direction	95% BCa bootstrap CI clustered by PubChem compound; uncertainty is over the observed compound panel, not broader chemical space.
cigs_mce	cigs_tcm	logFC	strict_matched_condition	negative_l2	raw	reviewer_l2_retrieval_dataset_pair	source_centroid_recall_at_1	source_centroid_recall_at_1	0.9742849312402596	0.9665287426192214	0.980606135369795	0.007038696375286813	bca	ok	0.95	2000	2000	11042	11042	974	query_pubchem_cid	direction,cell_type,time_key	direction	95% BCa bootstrap CI clustered by PubChem compound; uncertainty is over the observed compound panel, not broader chemical space.
cigs_mce	cigs_tcm	logFC	strict_matched_condition	negative_l2	raw	reviewer_l2_retrieval_dataset_pair	source_centroid_auroc	source_centroid_auroc	0.9991824700945299	0.998250318677526	0.9995568342575575	0.0006532577900157377	bca	ok	0.95	2000	2000	11042	11042	974	query_pubchem_cid	direction,cell_type,time_key	direction	95% BCa bootstrap CI clustered by PubChem compound; uncertainty is over the observed compound panel, not broader chemical space.
cigs_mce	cigs_tcm	logFC	strict_matched_condition	negative_l2	raw	reviewer_l2_retrieval_dataset_pair	target_centroid_similarity	target_centroid_similarity	-17.111437955154273	-17.304651658780386	-16.94400166462238	0.18032499707900307	bca	ok	0.95	2000	2000	11042	11042	974	query_pubchem_cid	direction,cell_type,time_key	direction	95% BCa bootstrap CI clustered by PubChem compound; uncertainty is over the observed compound panel, not broader chemical space.
cigs_mce	cigs_tcm	logFC	strict_matched_condition	negative_l2	raw	reviewer_l2_retrieval_dataset_pair	target_centroid_normalized_rank	target_centroid_normalized_rank	0.9986805735554585	0.9972048700956118	0.999408123010747	0.0011016264575676171	bca	ok	0.95	2000	2000	11042	11042	974	query_pubchem_cid	direction,cell_type,time_key	direction	95% BCa bootstrap CI clustered by PubChem compound; uncertainty is over the observed compound panel, not broader chemical space.
cigs_mce	cigs_tcm	logFC	strict_matched_condition	negative_l2	raw	reviewer_l2_retrieval_dataset_pair	target_centroid_recall_at_1	target_centroid_recall_at_1	0.9742455761387896	0.9656658516444756	0.9809174205221125	0.00762578443881845	bca	ok	0.95	2000	2000	11042	11042	974	query_pubchem_cid	direction,cell_type,time_key	direction	95% BCa bootstrap CI clustered by PubChem compound; uncertainty is over the observed compound panel, not broader chemical space.
cigs_mce	cigs_tcm	logFC	strict_matched_condition	negative_l2	raw	reviewer_l2_retrieval_dataset_pair	target_centroid_auroc	target_centroid_auroc	0.9986805735554585	0.9972329524958251	0.9993948078315095	0.0010809276678421798	bca	ok	0.95	2000	2000	11042	11042	974	query_pubchem_cid	direction,cell_type,time_key	direction	95% BCa bootstrap CI clustered by PubChem compound; uncertainty is over the observed compound panel, not broader chemical space.
cigs_mce	cigs_tcm	logFC	strict_matched_condition	negative_l2	raw	reviewer_l2_retrieval_dataset_pair	source_peer_normalized_rank	source_peer_normalized_rank	0.5550753290247673	0.5528740032764224	0.5573532102627161	0.0022396034931468356	bca	ok	0.95	2000	2000	11042	11042	974	query_pubchem_cid	direction,cell_type,time_key	direction	95% BCa bootstrap CI clustered by PubChem compound; uncertainty is over the observed compound panel, not broader chemical space.
cigs_mce	cigs_tcm	logFC	strict_matched_condition	negative_l2	raw	reviewer_l2_retrieval_dataset_pair	target_peer_normalized_rank	target_peer_normalized_rank	0.5018062638159944	0.5011557187543969	0.5026065287464193	0.000725404996011203	bca	ok	0.95	2000	2000	11042	11042	974	query_pubchem_cid	direction,cell_type,time_key	direction	95% BCa bootstrap CI clustered by PubChem compound; uncertainty is over the observed compound panel, not broader chemical space.
cigs_mce	cigs_tcm	logFC	strict_matched_condition	negative_l2	raw	reviewer_l2_retrieval_dataset_pair	delta_vs_source_peer_normalized_rank	delta_vs_source_peer_normalized_rank	-0.008193271369969238	-0.01893869694242467	0.0029388416600459274	0.0109387693012353	bca	ok	0.95	2000	2000	11042	11042	974	query_pubchem_cid	direction,cell_type,time_key	direction	95% BCa bootstrap CI clustered by PubChem compound; uncertainty is over the observed compound panel, not broader chemical space.
cigs_mce	cigs_tcm	logFC	strict_matched_condition	negative_l2	raw	reviewer_l2_retrieval_dataset_pair	delta_vs_target_peer_normalized_rank	delta_vs_target_peer_normalized_rank	0.045075793838803446	0.03550554696818773	0.05566076505550946	0.010077609043660864	bca	ok	0.95	2000	2000	11042	11042	974	query_pubchem_cid	direction,cell_type,time_key	direction	95% BCa bootstrap CI clustered by PubChem compound; uncertainty is over the observed compound panel, not broader chemical space.
cigs_mce	cigs_tcm	logFC	strict_matched_condition	negative_l2	raw	reviewer_l2_retrieval_dataset_pair	target_decoy_null_normalized_best_positive_rank	target_decoy_null_normalized_best_positive_rank	0.7393456259426578	0.7379195703724561	0.7405565543918695	0.0013184920097066843	bca	ok	0.95	2000	2000	11042	11042	974	query_pubchem_cid	direction,cell_type,time_key	direction	95% BCa bootstrap CI clustered by PubChem compound; uncertainty is over the observed compound panel, not broader chemical space.
cigs_mce	cigs_tcm	logFC	strict_matched_condition	negative_l2	raw	reviewer_l2_retrieval_dataset_pair	delta_vs_target_decoy_null_normalized_best_positive_rank	delta_vs_target_decoy_null_normalized_best_positive_rank	-0.19246356828786104	-0.20189169419014158	-0.18271010699537962	0.009590793597380978	bca	ok	0.95	2000	2000	11042	11042	974	query_pubchem_cid	direction,cell_type,time_key	direction	95% BCa bootstrap CI clustered by PubChem compound; uncertainty is over the observed compound panel, not broader chemical space.
