dataset_a	dataset_b	scale_variant	summary_level	metric	value_col	mean	ci_low	ci_high	ci_half_width	ci_method	ci_status	ci_level	n_bootstrap_iterations	n_bootstrap_valid	n_rows	n_finite_rows	n_compounds	cluster_col	inner_strata	outer_strata	uncertainty_scope
cigs_mce	cigs_tcm	per_gene_population_zscore_dataset	w4_signature_dataset_pair	w4_observed_spearman_logfc	mean_w4_observed_spearman_logfc	0.0369463577189052	0.0314666689659408	0.0430668269678859	0.0058000790009725	bca	ok	0.95	2000	2000	1910	1910	974	pubchem_cid			95% BCa bootstrap CI clustered by PubChem compound; uncertainty is over the observed compound panel, not broader chemical space.
cigs_mce	cigs_tcm	per_gene_population_zscore_dataset	w4_signature_dataset_pair	w4_source_centroid_spearman_logfc_pair	mean_w4_source_centroid_spearman_logfc_pair	0.1119120701029517	0.1072029171538597	0.1166987373015994	0.0047479100738698	bca	ok	0.95	2000	2000	1910	1910	974	pubchem_cid			95% BCa bootstrap CI clustered by PubChem compound; uncertainty is over the observed compound panel, not broader chemical space.
cigs_mce	cigs_tcm	per_gene_population_zscore_dataset	w4_signature_dataset_pair	w4_delta_vs_source_centroid_spearman_logfc	mean_w4_delta_vs_source_centroid_spearman_logfc	-0.0749657123840464	-0.0820859653915213	-0.0669683084795095	0.0075588284560059	bca	ok	0.95	2000	2000	1910	1910	974	pubchem_cid			95% BCa bootstrap CI clustered by PubChem compound; uncertainty is over the observed compound panel, not broader chemical space.
cigs_mce	cigs_tcm	per_gene_population_zscore_dataset	w4_signature_dataset_pair	w4_target_centroid_spearman_logfc_pair	mean_w4_target_centroid_spearman_logfc_pair	0.0233968718981004	0.0219778616299732	0.0248759311365701	0.0014490347532984	bca	ok	0.95	2000	2000	1910	1910	974	pubchem_cid			95% BCa bootstrap CI clustered by PubChem compound; uncertainty is over the observed compound panel, not broader chemical space.
cigs_mce	cigs_tcm	per_gene_population_zscore_dataset	w4_signature_dataset_pair	w4_delta_vs_target_centroid_spearman_logfc	mean_w4_delta_vs_target_centroid_spearman_logfc	0.0135494858208048	0.0085468971289284	0.0195875286478726	0.0055203157594721	bca	ok	0.95	2000	2000	1910	1910	974	pubchem_cid			95% BCa bootstrap CI clustered by PubChem compound; uncertainty is over the observed compound panel, not broader chemical space.
cigs_mce	cigs_tcm	per_gene_population_zscore_dataset	w4_signature_dataset_pair	w4_source_peer_spearman_logfc_pair	mean_w4_source_peer_spearman_logfc_pair	0.0214388411694892	0.020481954704611	0.022450260229812	0.0009841527626005	bca	ok	0.95	2000	2000	1910	1910	974	pubchem_cid			95% BCa bootstrap CI clustered by PubChem compound; uncertainty is over the observed compound panel, not broader chemical space.
cigs_mce	cigs_tcm	per_gene_population_zscore_dataset	w4_signature_dataset_pair	w4_delta_vs_source_peer_spearman_logfc	mean_w4_delta_vs_source_peer_spearman_logfc	0.015507516549416	0.0102217529998778	0.0218316030056591	0.0058049250028906	bca	ok	0.95	2000	2000	1910	1910	974	pubchem_cid			95% BCa bootstrap CI clustered by PubChem compound; uncertainty is over the observed compound panel, not broader chemical space.
cigs_mce	cigs_tcm	per_gene_population_zscore_dataset	w4_signature_dataset_pair	w4_source_peer_spearman_logfc_pair_sd_score	mean_w4_source_peer_spearman_logfc_pair_sd_score	0.076339575553188	0.075504153341719	0.0771801370524609	0.0008379918553709	bca	ok	0.95	2000	2000	1910	1910	974	pubchem_cid			95% BCa bootstrap CI clustered by PubChem compound; uncertainty is over the observed compound panel, not broader chemical space.
cigs_mce	cigs_tcm	per_gene_population_zscore_dataset	w4_signature_dataset_pair	w4_source_peer_spearman_logfc_pair_fraction_below_observed	mean_w4_source_peer_spearman_logfc_pair_fraction_below_observed	0.5347574443717278	0.5230987237708966	0.5463771116808452	0.0116391939549743	bca	ok	0.95	2000	2000	1910	1910	974	pubchem_cid			95% BCa bootstrap CI clustered by PubChem compound; uncertainty is over the observed compound panel, not broader chemical space.
cigs_mce	cigs_tcm	per_gene_population_zscore_dataset	w4_signature_dataset_pair	w4_source_peer_spearman_logfc_pair_corrected_percentile	mean_w4_source_peer_spearman_logfc_pair_corrected_percentile	0.5365677266893475	0.5250473972880579	0.5479708366064584	0.0114617196592002	bca	ok	0.95	2000	2000	1910	1910	974	pubchem_cid			95% BCa bootstrap CI clustered by PubChem compound; uncertainty is over the observed compound panel, not broader chemical space.
cigs_mce	cigs_tcm	per_gene_population_zscore_dataset	w4_signature_dataset_pair	w4_target_peer_spearman_logfc_pair	mean_w4_target_peer_spearman_logfc_pair	0.0044071585873575	0.0041111795654567	0.0046898959979675	0.0002893582162553	bca	ok	0.95	2000	2000	1910	1910	974	pubchem_cid			95% BCa bootstrap CI clustered by PubChem compound; uncertainty is over the observed compound panel, not broader chemical space.
cigs_mce	cigs_tcm	per_gene_population_zscore_dataset	w4_signature_dataset_pair	w4_delta_vs_target_peer_spearman_logfc	mean_w4_delta_vs_target_peer_spearman_logfc	0.0325391991315477	0.0272411622899281	0.0390778707018052	0.0059183542059385	bca	ok	0.95	2000	2000	1910	1910	974	pubchem_cid			95% BCa bootstrap CI clustered by PubChem compound; uncertainty is over the observed compound panel, not broader chemical space.
cigs_mce	cigs_tcm	per_gene_population_zscore_dataset	w4_signature_dataset_pair	w4_target_peer_spearman_logfc_pair_sd_score	mean_w4_target_peer_spearman_logfc_pair_sd_score	0.0368873304478087	0.0364090803628268	0.0374109413196383	0.0005009304784057	bca	ok	0.95	2000	2000	1910	1910	974	pubchem_cid			95% BCa bootstrap CI clustered by PubChem compound; uncertainty is over the observed compound panel, not broader chemical space.
cigs_mce	cigs_tcm	per_gene_population_zscore_dataset	w4_signature_dataset_pair	w4_target_peer_spearman_logfc_pair_fraction_below_observed	mean_w4_target_peer_spearman_logfc_pair_fraction_below_observed	0.609636780104712	0.5949669524640568	0.623095508710301	0.014064278123122	bca	ok	0.95	2000	2000	1910	1910	974	pubchem_cid			95% BCa bootstrap CI clustered by PubChem compound; uncertainty is over the observed compound panel, not broader chemical space.
cigs_mce	cigs_tcm	per_gene_population_zscore_dataset	w4_signature_dataset_pair	w4_target_peer_spearman_logfc_pair_corrected_percentile	mean_w4_target_peer_spearman_logfc_pair_corrected_percentile	0.611155703139324	0.5963578617998161	0.6250328890822033	0.0143375136411936	bca	ok	0.95	2000	2000	1910	1910	974	pubchem_cid			95% BCa bootstrap CI clustered by PubChem compound; uncertainty is over the observed compound panel, not broader chemical space.
l1000_phase1	cigs_mce	per_gene_population_zscore_dataset	w4_signature_dataset_pair	w4_observed_spearman_logfc	mean_w4_observed_spearman_logfc	0.1175473579144837	0.0889920630301457	0.1492396534296666	0.0301237951997604	bca	ok	0.95	2000	2000	127	127	124	pubchem_cid			95% BCa bootstrap CI clustered by PubChem compound; uncertainty is over the observed compound panel, not broader chemical space.
l1000_phase1	cigs_mce	per_gene_population_zscore_dataset	w4_signature_dataset_pair	w4_source_centroid_spearman_logfc_pair	mean_w4_source_centroid_spearman_logfc_pair	0.2767042468994072	0.249176545617941	0.3044713315841516	0.0276473929831053	bca	ok	0.95	2000	2000	127	127	124	pubchem_cid			95% BCa bootstrap CI clustered by PubChem compound; uncertainty is over the observed compound panel, not broader chemical space.
l1000_phase1	cigs_mce	per_gene_population_zscore_dataset	w4_signature_dataset_pair	w4_delta_vs_source_centroid_spearman_logfc	mean_w4_delta_vs_source_centroid_spearman_logfc	-0.1591568889849235	-0.193056812472275	-0.1226238898726084	0.0352164612998332	bca	ok	0.95	2000	2000	127	127	124	pubchem_cid			95% BCa bootstrap CI clustered by PubChem compound; uncertainty is over the observed compound panel, not broader chemical space.
l1000_phase1	cigs_mce	per_gene_population_zscore_dataset	w4_signature_dataset_pair	w4_target_centroid_spearman_logfc_pair	mean_w4_target_centroid_spearman_logfc_pair	0.0758522020290291	0.0591764614037558	0.0927238986337378	0.0167737186149909	bca	ok	0.95	2000	2000	127	127	124	pubchem_cid			95% BCa bootstrap CI clustered by PubChem compound; uncertainty is over the observed compound panel, not broader chemical space.
l1000_phase1	cigs_mce	per_gene_population_zscore_dataset	w4_signature_dataset_pair	w4_delta_vs_target_centroid_spearman_logfc	mean_w4_delta_vs_target_centroid_spearman_logfc	0.0416951558854545	0.0243587644892856	0.0629936603829648	0.0193174479468396	bca	ok	0.95	2000	2000	127	127	124	pubchem_cid			95% BCa bootstrap CI clustered by PubChem compound; uncertainty is over the observed compound panel, not broader chemical space.
l1000_phase1	cigs_mce	per_gene_population_zscore_dataset	w4_signature_dataset_pair	w4_source_peer_spearman_logfc_pair	mean_w4_source_peer_spearman_logfc_pair	0.0985649788068627	0.0877806043255638	0.1107518833197501	0.0114856394970931	bca	ok	0.95	2000	2000	127	127	124	pubchem_cid			95% BCa bootstrap CI clustered by PubChem compound; uncertainty is over the observed compound panel, not broader chemical space.
l1000_phase1	cigs_mce	per_gene_population_zscore_dataset	w4_signature_dataset_pair	w4_delta_vs_source_peer_spearman_logfc	mean_w4_delta_vs_source_peer_spearman_logfc	0.0189823791076209	-0.0094860930180934	0.050262282219646	0.0298741876188697	bca	ok	0.95	2000	2000	127	127	124	pubchem_cid			95% BCa bootstrap CI clustered by PubChem compound; uncertainty is over the observed compound panel, not broader chemical space.
l1000_phase1	cigs_mce	per_gene_population_zscore_dataset	w4_signature_dataset_pair	w4_source_peer_spearman_logfc_pair_sd_score	mean_w4_source_peer_spearman_logfc_pair_sd_score	0.1267182149280865	0.1215481784543664	0.1314727070333466	0.0049622642894901	bca	ok	0.95	2000	2000	127	127	124	pubchem_cid			95% BCa bootstrap CI clustered by PubChem compound; uncertainty is over the observed compound panel, not broader chemical space.
l1000_phase1	cigs_mce	per_gene_population_zscore_dataset	w4_signature_dataset_pair	w4_source_peer_spearman_logfc_pair_fraction_below_observed	mean_w4_source_peer_spearman_logfc_pair_fraction_below_observed	0.5304754864308193	0.4782720939966023	0.5809169784873004	0.051322442245349	bca	ok	0.95	2000	2000	127	127	124	pubchem_cid			95% BCa bootstrap CI clustered by PubChem compound; uncertainty is over the observed compound panel, not broader chemical space.
l1000_phase1	cigs_mce	per_gene_population_zscore_dataset	w4_signature_dataset_pair	w4_source_peer_spearman_logfc_pair_corrected_percentile	mean_w4_source_peer_spearman_logfc_pair_corrected_percentile	0.5341321131547884	0.4816670667288761	0.5810822548968498	0.0497075940839868	bca	ok	0.95	2000	2000	127	127	124	pubchem_cid			95% BCa bootstrap CI clustered by PubChem compound; uncertainty is over the observed compound panel, not broader chemical space.
l1000_phase1	cigs_mce	per_gene_population_zscore_dataset	w4_signature_dataset_pair	w4_target_peer_spearman_logfc_pair	mean_w4_target_peer_spearman_logfc_pair	0.0192102185241618	0.0149266440207506	0.0241585765234027	0.004615966251326	bca	ok	0.95	2000	2000	127	127	124	pubchem_cid			95% BCa bootstrap CI clustered by PubChem compound; uncertainty is over the observed compound panel, not broader chemical space.
l1000_phase1	cigs_mce	per_gene_population_zscore_dataset	w4_signature_dataset_pair	w4_delta_vs_target_peer_spearman_logfc	mean_w4_delta_vs_target_peer_spearman_logfc	0.0983371393903219	0.0742759931542107	0.1256911223938271	0.0257075646198081	bca	ok	0.95	2000	2000	127	127	124	pubchem_cid			95% BCa bootstrap CI clustered by PubChem compound; uncertainty is over the observed compound panel, not broader chemical space.
l1000_phase1	cigs_mce	per_gene_population_zscore_dataset	w4_signature_dataset_pair	w4_target_peer_spearman_logfc_pair_sd_score	mean_w4_target_peer_spearman_logfc_pair_sd_score	0.0620247953454104	0.0576698462653559	0.0669558927317623	0.0046430232332032	bca	ok	0.95	2000	2000	127	127	124	pubchem_cid			95% BCa bootstrap CI clustered by PubChem compound; uncertainty is over the observed compound panel, not broader chemical space.
l1000_phase1	cigs_mce	per_gene_population_zscore_dataset	w4_signature_dataset_pair	w4_target_peer_spearman_logfc_pair_fraction_below_observed	mean_w4_target_peer_spearman_logfc_pair_fraction_below_observed	0.6991378793494971	0.6385360995537069	0.7506389644099697	0.0560514324281313	bca	ok	0.95	2000	2000	127	127	124	pubchem_cid			95% BCa bootstrap CI clustered by PubChem compound; uncertainty is over the observed compound panel, not broader chemical space.
l1000_phase1	cigs_mce	per_gene_population_zscore_dataset	w4_signature_dataset_pair	w4_target_peer_spearman_logfc_pair_corrected_percentile	mean_w4_target_peer_spearman_logfc_pair_corrected_percentile	0.7014978875707473	0.6480489861059031	0.7533304857481523	0.0526407498211246	bca	ok	0.95	2000	2000	127	127	124	pubchem_cid			95% BCa bootstrap CI clustered by PubChem compound; uncertainty is over the observed compound panel, not broader chemical space.
l1000_phase1	l1000_phase2	per_gene_population_zscore_dataset	w4_signature_dataset_pair	w4_observed_spearman_logfc	mean_w4_observed_spearman_logfc	0.2305718917449137	0.2037201435181863	0.2592841895924841	0.0277820230371489	bca	ok	0.95	2000	2000	1060	1060	257	pubchem_cid			95% BCa bootstrap CI clustered by PubChem compound; uncertainty is over the observed compound panel, not broader chemical space.
l1000_phase1	l1000_phase2	per_gene_population_zscore_dataset	w4_signature_dataset_pair	w4_source_centroid_spearman_logfc_pair	mean_w4_source_centroid_spearman_logfc_pair	0.2369909885820351	0.2181237927281808	0.2545613345031412	0.0182187708874802	bca	ok	0.95	2000	2000	1060	1060	257	pubchem_cid			95% BCa bootstrap CI clustered by PubChem compound; uncertainty is over the observed compound panel, not broader chemical space.
l1000_phase1	l1000_phase2	per_gene_population_zscore_dataset	w4_signature_dataset_pair	w4_delta_vs_source_centroid_spearman_logfc	mean_w4_delta_vs_source_centroid_spearman_logfc	-0.0064190968371214	-0.0271913471183732	0.0153105664802689	0.021250956799321	bca	ok	0.95	2000	2000	1060	1060	257	pubchem_cid			95% BCa bootstrap CI clustered by PubChem compound; uncertainty is over the observed compound panel, not broader chemical space.
l1000_phase1	l1000_phase2	per_gene_population_zscore_dataset	w4_signature_dataset_pair	w4_target_centroid_spearman_logfc_pair	mean_w4_target_centroid_spearman_logfc_pair	0.0979838909046704	0.0819070816791221	0.1149425305164558	0.0165177244186668	bca	ok	0.95	2000	2000	1060	1060	257	pubchem_cid			95% BCa bootstrap CI clustered by PubChem compound; uncertainty is over the observed compound panel, not broader chemical space.
l1000_phase1	l1000_phase2	per_gene_population_zscore_dataset	w4_signature_dataset_pair	w4_delta_vs_target_centroid_spearman_logfc	mean_w4_delta_vs_target_centroid_spearman_logfc	0.1325880008402432	0.1156787848746922	0.1532080781326756	0.0187646466289917	bca	ok	0.95	2000	2000	1060	1060	257	pubchem_cid			95% BCa bootstrap CI clustered by PubChem compound; uncertainty is over the observed compound panel, not broader chemical space.
l1000_phase1	l1000_phase2	per_gene_population_zscore_dataset	w4_signature_dataset_pair	w4_source_peer_spearman_logfc_pair	mean_w4_source_peer_spearman_logfc_pair	0.0702391755826007	0.0658068794399715	0.074960807384312	0.0045769639721702	bca	ok	0.95	2000	2000	1060	1060	257	pubchem_cid			95% BCa bootstrap CI clustered by PubChem compound; uncertainty is over the observed compound panel, not broader chemical space.
l1000_phase1	l1000_phase2	per_gene_population_zscore_dataset	w4_signature_dataset_pair	w4_delta_vs_source_peer_spearman_logfc	mean_w4_delta_vs_source_peer_spearman_logfc	0.1603327161623129	0.1335017245708462	0.1903938115091137	0.0284460434691337	bca	ok	0.95	2000	2000	1060	1060	257	pubchem_cid			95% BCa bootstrap CI clustered by PubChem compound; uncertainty is over the observed compound panel, not broader chemical space.
l1000_phase1	l1000_phase2	per_gene_population_zscore_dataset	w4_signature_dataset_pair	w4_source_peer_spearman_logfc_pair_sd_score	mean_w4_source_peer_spearman_logfc_pair_sd_score	0.1580726015737373	0.1542929295110718	0.1622750269543559	0.003991048721642	bca	ok	0.95	2000	2000	1060	1060	257	pubchem_cid			95% BCa bootstrap CI clustered by PubChem compound; uncertainty is over the observed compound panel, not broader chemical space.
l1000_phase1	l1000_phase2	per_gene_population_zscore_dataset	w4_signature_dataset_pair	w4_source_peer_spearman_logfc_pair_fraction_below_observed	mean_w4_source_peer_spearman_logfc_pair_fraction_below_observed	0.6869075705102664	0.6627506760252937	0.7157737161452326	0.0265115200599694	bca	ok	0.95	2000	2000	1060	1060	257	pubchem_cid			95% BCa bootstrap CI clustered by PubChem compound; uncertainty is over the observed compound panel, not broader chemical space.
l1000_phase1	l1000_phase2	per_gene_population_zscore_dataset	w4_signature_dataset_pair	w4_source_peer_spearman_logfc_pair_corrected_percentile	mean_w4_source_peer_spearman_logfc_pair_corrected_percentile	0.6904109590738688	0.662578775010094	0.7156734371862191	0.0265473310880625	bca	ok	0.95	2000	2000	1060	1060	257	pubchem_cid			95% BCa bootstrap CI clustered by PubChem compound; uncertainty is over the observed compound panel, not broader chemical space.
l1000_phase1	l1000_phase2	per_gene_population_zscore_dataset	w4_signature_dataset_pair	w4_target_peer_spearman_logfc_pair	mean_w4_target_peer_spearman_logfc_pair	0.0222405947262879	0.018957456987801	0.0256687730573609	0.0033556580347799	bca	ok	0.95	2000	2000	1060	1060	257	pubchem_cid			95% BCa bootstrap CI clustered by PubChem compound; uncertainty is over the observed compound panel, not broader chemical space.
l1000_phase1	l1000_phase2	per_gene_population_zscore_dataset	w4_signature_dataset_pair	w4_delta_vs_target_peer_spearman_logfc	mean_w4_delta_vs_target_peer_spearman_logfc	0.2083312970186257	0.1832415803427842	0.2371074938398939	0.0269329567485548	bca	ok	0.95	2000	2000	1060	1060	257	pubchem_cid			95% BCa bootstrap CI clustered by PubChem compound; uncertainty is over the observed compound panel, not broader chemical space.
l1000_phase1	l1000_phase2	per_gene_population_zscore_dataset	w4_signature_dataset_pair	w4_target_peer_spearman_logfc_pair_sd_score	mean_w4_target_peer_spearman_logfc_pair_sd_score	0.1278957533269225	0.1241789632412776	0.1319531991466976	0.0038871179527099	bca	ok	0.95	2000	2000	1060	1060	257	pubchem_cid			95% BCa bootstrap CI clustered by PubChem compound; uncertainty is over the observed compound panel, not broader chemical space.
l1000_phase1	l1000_phase2	per_gene_population_zscore_dataset	w4_signature_dataset_pair	w4_target_peer_spearman_logfc_pair_fraction_below_observed	mean_w4_target_peer_spearman_logfc_pair_fraction_below_observed	0.7756565968570693	0.7536721075707332	0.7987359296653799	0.0225319110473233	bca	ok	0.95	2000	2000	1060	1060	257	pubchem_cid			95% BCa bootstrap CI clustered by PubChem compound; uncertainty is over the observed compound panel, not broader chemical space.
l1000_phase1	l1000_phase2	per_gene_population_zscore_dataset	w4_signature_dataset_pair	w4_target_peer_spearman_logfc_pair_corrected_percentile	mean_w4_target_peer_spearman_logfc_pair_corrected_percentile	0.7776221640463696	0.7558920391382732	0.8016406495368162	0.0228743051992715	bca	ok	0.95	2000	2000	1060	1060	257	pubchem_cid			95% BCa bootstrap CI clustered by PubChem compound; uncertainty is over the observed compound panel, not broader chemical space.
l1000_phase1	sciplex	per_gene_population_zscore_dataset	w4_signature_dataset_pair	w4_observed_spearman_logfc	mean_w4_observed_spearman_logfc	0.0853495457188852	0.0616619698839014	0.1155906277005449	0.0269643289083217	bca	ok	0.95	2000	2000	162	162	90	pubchem_cid			95% BCa bootstrap CI clustered by PubChem compound; uncertainty is over the observed compound panel, not broader chemical space.
l1000_phase1	sciplex	per_gene_population_zscore_dataset	w4_signature_dataset_pair	w4_source_centroid_spearman_logfc_pair	mean_w4_source_centroid_spearman_logfc_pair	0.1887186039956739	0.1646765290027802	0.212555966912236	0.0239397189547279	bca	ok	0.95	2000	2000	162	162	90	pubchem_cid			95% BCa bootstrap CI clustered by PubChem compound; uncertainty is over the observed compound panel, not broader chemical space.
l1000_phase1	sciplex	per_gene_population_zscore_dataset	w4_signature_dataset_pair	w4_delta_vs_source_centroid_spearman_logfc	mean_w4_delta_vs_source_centroid_spearman_logfc	-0.1033690582767887	-0.1244042699200978	-0.0799258843413651	0.0222391927893663	bca	ok	0.95	2000	2000	162	162	90	pubchem_cid			95% BCa bootstrap CI clustered by PubChem compound; uncertainty is over the observed compound panel, not broader chemical space.
l1000_phase1	sciplex	per_gene_population_zscore_dataset	w4_signature_dataset_pair	w4_target_centroid_spearman_logfc_pair	mean_w4_target_centroid_spearman_logfc_pair	0.0436585628875058	0.031876548588282	0.0562778820333227	0.0122006667225203	bca	ok	0.95	2000	2000	162	162	90	pubchem_cid			95% BCa bootstrap CI clustered by PubChem compound; uncertainty is over the observed compound panel, not broader chemical space.
l1000_phase1	sciplex	per_gene_population_zscore_dataset	w4_signature_dataset_pair	w4_delta_vs_target_centroid_spearman_logfc	mean_w4_delta_vs_target_centroid_spearman_logfc	0.0416909828313794	0.0255724104609108	0.0624363126702013	0.0184319511046452	bca	ok	0.95	2000	2000	162	162	90	pubchem_cid			95% BCa bootstrap CI clustered by PubChem compound; uncertainty is over the observed compound panel, not broader chemical space.
l1000_phase1	sciplex	per_gene_population_zscore_dataset	w4_signature_dataset_pair	w4_source_peer_spearman_logfc_pair	mean_w4_source_peer_spearman_logfc_pair	0.0403457531321289	0.0362011624906369	0.0449822360834723	0.0043905367964177	bca	ok	0.95	2000	2000	162	162	90	pubchem_cid			95% BCa bootstrap CI clustered by PubChem compound; uncertainty is over the observed compound panel, not broader chemical space.
l1000_phase1	sciplex	per_gene_population_zscore_dataset	w4_signature_dataset_pair	w4_delta_vs_source_peer_spearman_logfc	mean_w4_delta_vs_source_peer_spearman_logfc	0.0450037925867563	0.0239241228782381	0.076911129346507	0.0264935032341344	bca	ok	0.95	2000	2000	162	162	90	pubchem_cid			95% BCa bootstrap CI clustered by PubChem compound; uncertainty is over the observed compound panel, not broader chemical space.
l1000_phase1	sciplex	per_gene_population_zscore_dataset	w4_signature_dataset_pair	w4_source_peer_spearman_logfc_pair_sd_score	mean_w4_source_peer_spearman_logfc_pair_sd_score	0.124601961691775	0.1189600129820587	0.1320831805212848	0.006561583769613	bca	ok	0.95	2000	2000	162	162	90	pubchem_cid			95% BCa bootstrap CI clustered by PubChem compound; uncertainty is over the observed compound panel, not broader chemical space.
l1000_phase1	sciplex	per_gene_population_zscore_dataset	w4_signature_dataset_pair	w4_source_peer_spearman_logfc_pair_fraction_below_observed	mean_w4_source_peer_spearman_logfc_pair_fraction_below_observed	0.5678898696020911	0.5355947348455751	0.6100774325974415	0.0372413488759332	bca	ok	0.95	2000	2000	162	162	90	pubchem_cid			95% BCa bootstrap CI clustered by PubChem compound; uncertainty is over the observed compound panel, not broader chemical space.
l1000_phase1	sciplex	per_gene_population_zscore_dataset	w4_signature_dataset_pair	w4_source_peer_spearman_logfc_pair_corrected_percentile	mean_w4_source_peer_spearman_logfc_pair_corrected_percentile	0.5710545961335418	0.5352798616254075	0.6076727173221617	0.036196427848377	bca	ok	0.95	2000	2000	162	162	90	pubchem_cid			95% BCa bootstrap CI clustered by PubChem compound; uncertainty is over the observed compound panel, not broader chemical space.
l1000_phase1	sciplex	per_gene_population_zscore_dataset	w4_signature_dataset_pair	w4_target_peer_spearman_logfc_pair	mean_w4_target_peer_spearman_logfc_pair	0.0059374178650816	0.0046639687537883	0.0073851738728364	0.001360602559524	bca	ok	0.95	2000	2000	162	162	90	pubchem_cid			95% BCa bootstrap CI clustered by PubChem compound; uncertainty is over the observed compound panel, not broader chemical space.
l1000_phase1	sciplex	per_gene_population_zscore_dataset	w4_signature_dataset_pair	w4_delta_vs_target_peer_spearman_logfc	mean_w4_delta_vs_target_peer_spearman_logfc	0.0794121278538035	0.058935278115314	0.109258344180318	0.0251615330325019	bca	ok	0.95	2000	2000	162	162	90	pubchem_cid			95% BCa bootstrap CI clustered by PubChem compound; uncertainty is over the observed compound panel, not broader chemical space.
l1000_phase1	sciplex	per_gene_population_zscore_dataset	w4_signature_dataset_pair	w4_target_peer_spearman_logfc_pair_sd_score	mean_w4_target_peer_spearman_logfc_pair_sd_score	0.0516766368319718	0.0488059237659885	0.0555744499918948	0.0033842631129531	bca	ok	0.95	2000	2000	162	162	90	pubchem_cid			95% BCa bootstrap CI clustered by PubChem compound; uncertainty is over the observed compound panel, not broader chemical space.
l1000_phase1	sciplex	per_gene_population_zscore_dataset	w4_signature_dataset_pair	w4_target_peer_spearman_logfc_pair_fraction_below_observed	mean_w4_target_peer_spearman_logfc_pair_fraction_below_observed	0.6903638026833415	0.6382827477605892	0.7359427735371565	0.0488300128882836	bca	ok	0.95	2000	2000	162	162	90	pubchem_cid			95% BCa bootstrap CI clustered by PubChem compound; uncertainty is over the observed compound panel, not broader chemical space.
l1000_phase1	sciplex	per_gene_population_zscore_dataset	w4_signature_dataset_pair	w4_target_peer_spearman_logfc_pair_corrected_percentile	mean_w4_target_peer_spearman_logfc_pair_corrected_percentile	0.6922116348870975	0.6428864983259094	0.7364278871648536	0.0467706944194721	bca	ok	0.95	2000	2000	162	162	90	pubchem_cid			95% BCa bootstrap CI clustered by PubChem compound; uncertainty is over the observed compound panel, not broader chemical space.
l1000_phase1	tahoe	per_gene_population_zscore_dataset	w4_signature_dataset_pair	w4_observed_spearman_logfc	mean_w4_observed_spearman_logfc	0.0456591414339293	0.0254505668133104	0.0703960562250656	0.0224727447058775	bca	ok	0.95	2000	2000	114	114	86	pubchem_cid			95% BCa bootstrap CI clustered by PubChem compound; uncertainty is over the observed compound panel, not broader chemical space.
l1000_phase1	tahoe	per_gene_population_zscore_dataset	w4_signature_dataset_pair	w4_source_centroid_spearman_logfc_pair	mean_w4_source_centroid_spearman_logfc_pair	0.2179878617136564	0.2025701229069347	0.2342050259738074	0.0158174515334363	bca	ok	0.95	2000	2000	114	114	86	pubchem_cid			95% BCa bootstrap CI clustered by PubChem compound; uncertainty is over the observed compound panel, not broader chemical space.
l1000_phase1	tahoe	per_gene_population_zscore_dataset	w4_signature_dataset_pair	w4_delta_vs_source_centroid_spearman_logfc	mean_w4_delta_vs_source_centroid_spearman_logfc	-0.172328720279727	-0.1919829134017854	-0.1456506696752685	0.0231661218632584	bca	ok	0.95	2000	2000	114	114	86	pubchem_cid			95% BCa bootstrap CI clustered by PubChem compound; uncertainty is over the observed compound panel, not broader chemical space.
l1000_phase1	tahoe	per_gene_population_zscore_dataset	w4_signature_dataset_pair	w4_target_centroid_spearman_logfc_pair	mean_w4_target_centroid_spearman_logfc_pair	-0.0037711838804218	-0.011254295132966	0.003764468214105	0.0075093816735355	bca	ok	0.95	2000	2000	114	114	86	pubchem_cid			95% BCa bootstrap CI clustered by PubChem compound; uncertainty is over the observed compound panel, not broader chemical space.
l1000_phase1	tahoe	per_gene_population_zscore_dataset	w4_signature_dataset_pair	w4_delta_vs_target_centroid_spearman_logfc	mean_w4_delta_vs_target_centroid_spearman_logfc	0.0494303253143511	0.0291624714639361	0.0754880025255831	0.0231627655308234	bca	ok	0.95	2000	2000	114	114	86	pubchem_cid			95% BCa bootstrap CI clustered by PubChem compound; uncertainty is over the observed compound panel, not broader chemical space.
l1000_phase1	tahoe	per_gene_population_zscore_dataset	w4_signature_dataset_pair	w4_source_peer_spearman_logfc_pair	mean_w4_source_peer_spearman_logfc_pair	0.0601198621258296	0.0554623220068255	0.0648580329420194	0.0046978554675969	bca	ok	0.95	2000	2000	114	114	86	pubchem_cid			95% BCa bootstrap CI clustered by PubChem compound; uncertainty is over the observed compound panel, not broader chemical space.
l1000_phase1	tahoe	per_gene_population_zscore_dataset	w4_signature_dataset_pair	w4_delta_vs_source_peer_spearman_logfc	mean_w4_delta_vs_source_peer_spearman_logfc	-0.0144607206919002	-0.0337418619527405	0.0100519147941331	0.0218968883734368	bca	ok	0.95	2000	2000	114	114	86	pubchem_cid			95% BCa bootstrap CI clustered by PubChem compound; uncertainty is over the observed compound panel, not broader chemical space.
l1000_phase1	tahoe	per_gene_population_zscore_dataset	w4_signature_dataset_pair	w4_source_peer_spearman_logfc_pair_sd_score	mean_w4_source_peer_spearman_logfc_pair_sd_score	0.1492444999410066	0.142031652505661	0.1562144312144074	0.0070913893543732	bca	ok	0.95	2000	2000	114	114	86	pubchem_cid			95% BCa bootstrap CI clustered by PubChem compound; uncertainty is over the observed compound panel, not broader chemical space.
l1000_phase1	tahoe	per_gene_population_zscore_dataset	w4_signature_dataset_pair	w4_source_peer_spearman_logfc_pair_fraction_below_observed	mean_w4_source_peer_spearman_logfc_pair_fraction_below_observed	0.462258611125666	0.4191512701106625	0.5094123647717358	0.0451305473305366	bca	ok	0.95	2000	2000	114	114	86	pubchem_cid			95% BCa bootstrap CI clustered by PubChem compound; uncertainty is over the observed compound panel, not broader chemical space.
l1000_phase1	tahoe	per_gene_population_zscore_dataset	w4_signature_dataset_pair	w4_source_peer_spearman_logfc_pair_corrected_percentile	mean_w4_source_peer_spearman_logfc_pair_corrected_percentile	0.4651811398532155	0.4253056176911879	0.5148252602859943	0.0447598212974031	bca	ok	0.95	2000	2000	114	114	86	pubchem_cid			95% BCa bootstrap CI clustered by PubChem compound; uncertainty is over the observed compound panel, not broader chemical space.
l1000_phase1	tahoe	per_gene_population_zscore_dataset	w4_signature_dataset_pair	w4_target_peer_spearman_logfc_pair	mean_w4_target_peer_spearman_logfc_pair	0.0008176113764726	-0.0013126892726217	0.0029913726086414	0.0021520309406316	bca	ok	0.95	2000	2000	114	114	86	pubchem_cid			95% BCa bootstrap CI clustered by PubChem compound; uncertainty is over the observed compound panel, not broader chemical space.
l1000_phase1	tahoe	per_gene_population_zscore_dataset	w4_signature_dataset_pair	w4_delta_vs_target_peer_spearman_logfc	mean_w4_delta_vs_target_peer_spearman_logfc	0.0448415300574566	0.0260037116882297	0.0706528959132065	0.0223245921124884	bca	ok	0.95	2000	2000	114	114	86	pubchem_cid			95% BCa bootstrap CI clustered by PubChem compound; uncertainty is over the observed compound panel, not broader chemical space.
l1000_phase1	tahoe	per_gene_population_zscore_dataset	w4_signature_dataset_pair	w4_target_peer_spearman_logfc_pair_sd_score	mean_w4_target_peer_spearman_logfc_pair_sd_score	0.0510014643481646	0.0492628176434077	0.0531792959473046	0.0019582391519484	bca	ok	0.95	2000	2000	114	114	86	pubchem_cid			95% BCa bootstrap CI clustered by PubChem compound; uncertainty is over the observed compound panel, not broader chemical space.
l1000_phase1	tahoe	per_gene_population_zscore_dataset	w4_signature_dataset_pair	w4_target_peer_spearman_logfc_pair_fraction_below_observed	mean_w4_target_peer_spearman_logfc_pair_fraction_below_observed	0.6246689542623028	0.5609728818535004	0.680039737739071	0.0595334279427853	bca	ok	0.95	2000	2000	114	114	86	pubchem_cid			95% BCa bootstrap CI clustered by PubChem compound; uncertainty is over the observed compound panel, not broader chemical space.
l1000_phase1	tahoe	per_gene_population_zscore_dataset	w4_signature_dataset_pair	w4_target_peer_spearman_logfc_pair_corrected_percentile	mean_w4_target_peer_spearman_logfc_pair_corrected_percentile	0.6263929511462314	0.5656670450253835	0.6805336363599973	0.0574332956673069	bca	ok	0.95	2000	2000	114	114	86	pubchem_cid			95% BCa bootstrap CI clustered by PubChem compound; uncertainty is over the observed compound panel, not broader chemical space.
l1000_phase2	cigs_mce	per_gene_population_zscore_dataset	w4_signature_dataset_pair	w4_observed_spearman_logfc	mean_w4_observed_spearman_logfc	0.2191297047012725	0.1735448034632445	0.2645587548052625	0.0455069756710089	bca	ok	0.95	2000	2000	68	68	68	pubchem_cid			95% BCa bootstrap CI clustered by PubChem compound; uncertainty is over the observed compound panel, not broader chemical space.
l1000_phase2	cigs_mce	per_gene_population_zscore_dataset	w4_signature_dataset_pair	w4_source_centroid_spearman_logfc_pair	mean_w4_source_centroid_spearman_logfc_pair	0.3110047805415064	0.2699217727665835	0.3473117167047959	0.0386949719691062	bca	ok	0.95	2000	2000	68	68	68	pubchem_cid			95% BCa bootstrap CI clustered by PubChem compound; uncertainty is over the observed compound panel, not broader chemical space.
l1000_phase2	cigs_mce	per_gene_population_zscore_dataset	w4_signature_dataset_pair	w4_delta_vs_source_centroid_spearman_logfc	mean_w4_delta_vs_source_centroid_spearman_logfc	-0.0918750758402339	-0.136711563560396	-0.0511937817259524	0.0427588909172218	bca	ok	0.95	2000	2000	68	68	68	pubchem_cid			95% BCa bootstrap CI clustered by PubChem compound; uncertainty is over the observed compound panel, not broader chemical space.
l1000_phase2	cigs_mce	per_gene_population_zscore_dataset	w4_signature_dataset_pair	w4_target_centroid_spearman_logfc_pair	mean_w4_target_centroid_spearman_logfc_pair	0.1539212358210795	0.1284359973018236	0.1804853746223685	0.0260246886602724	bca	ok	0.95	2000	2000	68	68	68	pubchem_cid			95% BCa bootstrap CI clustered by PubChem compound; uncertainty is over the observed compound panel, not broader chemical space.
l1000_phase2	cigs_mce	per_gene_population_zscore_dataset	w4_signature_dataset_pair	w4_delta_vs_target_centroid_spearman_logfc	mean_w4_delta_vs_target_centroid_spearman_logfc	0.065208468880193	0.0380110900994204	0.094214691410642	0.0281018006556107	bca	ok	0.95	2000	2000	68	68	68	pubchem_cid			95% BCa bootstrap CI clustered by PubChem compound; uncertainty is over the observed compound panel, not broader chemical space.
l1000_phase2	cigs_mce	per_gene_population_zscore_dataset	w4_signature_dataset_pair	w4_source_peer_spearman_logfc_pair	mean_w4_source_peer_spearman_logfc_pair	0.1237395643101365	0.1071274902109486	0.137378061861483	0.0151252858252672	bca	ok	0.95	2000	2000	68	68	68	pubchem_cid			95% BCa bootstrap CI clustered by PubChem compound; uncertainty is over the observed compound panel, not broader chemical space.
l1000_phase2	cigs_mce	per_gene_population_zscore_dataset	w4_signature_dataset_pair	w4_delta_vs_source_peer_spearman_logfc	mean_w4_delta_vs_source_peer_spearman_logfc	0.095390140391136	0.0544840031649657	0.1369742441025805	0.0412451204688073	bca	ok	0.95	2000	2000	68	68	68	pubchem_cid			95% BCa bootstrap CI clustered by PubChem compound; uncertainty is over the observed compound panel, not broader chemical space.
l1000_phase2	cigs_mce	per_gene_population_zscore_dataset	w4_signature_dataset_pair	w4_source_peer_spearman_logfc_pair_sd_score	mean_w4_source_peer_spearman_logfc_pair_sd_score	0.1362938628594347	0.1289307503509303	0.144097462248206	0.0075833559486378	bca	ok	0.95	2000	2000	68	68	68	pubchem_cid			95% BCa bootstrap CI clustered by PubChem compound; uncertainty is over the observed compound panel, not broader chemical space.
l1000_phase2	cigs_mce	per_gene_population_zscore_dataset	w4_signature_dataset_pair	w4_source_peer_spearman_logfc_pair_fraction_below_observed	mean_w4_source_peer_spearman_logfc_pair_fraction_below_observed	0.6282835516405229	0.5662827011158978	0.6860898679284358	0.059903583406269	bca	ok	0.95	2000	2000	68	68	68	pubchem_cid			95% BCa bootstrap CI clustered by PubChem compound; uncertainty is over the observed compound panel, not broader chemical space.
l1000_phase2	cigs_mce	per_gene_population_zscore_dataset	w4_signature_dataset_pair	w4_source_peer_spearman_logfc_pair_corrected_percentile	mean_w4_source_peer_spearman_logfc_pair_corrected_percentile	0.6307071172627359	0.5661477168507066	0.6903843795905535	0.0621183313699234	bca	ok	0.95	2000	2000	68	68	68	pubchem_cid			95% BCa bootstrap CI clustered by PubChem compound; uncertainty is over the observed compound panel, not broader chemical space.
l1000_phase2	cigs_mce	per_gene_population_zscore_dataset	w4_signature_dataset_pair	w4_target_peer_spearman_logfc_pair	mean_w4_target_peer_spearman_logfc_pair	0.0511145768385868	0.0410239385210695	0.0610189945965386	0.0099975280377345	bca	ok	0.95	2000	2000	68	68	68	pubchem_cid			95% BCa bootstrap CI clustered by PubChem compound; uncertainty is over the observed compound panel, not broader chemical space.
l1000_phase2	cigs_mce	per_gene_population_zscore_dataset	w4_signature_dataset_pair	w4_delta_vs_target_peer_spearman_logfc	mean_w4_delta_vs_target_peer_spearman_logfc	0.1680151278626856	0.1338523818101072	0.2071168291139696	0.0366322236519311	bca	ok	0.95	2000	2000	68	68	68	pubchem_cid			95% BCa bootstrap CI clustered by PubChem compound; uncertainty is over the observed compound panel, not broader chemical space.
l1000_phase2	cigs_mce	per_gene_population_zscore_dataset	w4_signature_dataset_pair	w4_target_peer_spearman_logfc_pair_sd_score	mean_w4_target_peer_spearman_logfc_pair_sd_score	0.0787998948120665	0.0730716096909853	0.0853436484869299	0.0061360193979723	bca	ok	0.95	2000	2000	68	68	68	pubchem_cid			95% BCa bootstrap CI clustered by PubChem compound; uncertainty is over the observed compound panel, not broader chemical space.
l1000_phase2	cigs_mce	per_gene_population_zscore_dataset	w4_signature_dataset_pair	w4_target_peer_spearman_logfc_pair_fraction_below_observed	mean_w4_target_peer_spearman_logfc_pair_fraction_below_observed	0.792632449834338	0.7206090470117333	0.8522119747192123	0.0658014638537394	bca	ok	0.95	2000	2000	68	68	68	pubchem_cid			95% BCa bootstrap CI clustered by PubChem compound; uncertainty is over the observed compound panel, not broader chemical space.
l1000_phase2	cigs_mce	per_gene_population_zscore_dataset	w4_signature_dataset_pair	w4_target_peer_spearman_logfc_pair_corrected_percentile	mean_w4_target_peer_spearman_logfc_pair_corrected_percentile	0.793877391220596	0.7229900851220762	0.8574111351694411	0.0672105250236824	bca	ok	0.95	2000	2000	68	68	68	pubchem_cid			95% BCa bootstrap CI clustered by PubChem compound; uncertainty is over the observed compound panel, not broader chemical space.
l1000_phase2	sciplex	per_gene_population_zscore_dataset	w4_signature_dataset_pair	w4_observed_spearman_logfc	mean_w4_observed_spearman_logfc	0.0959417228519639	0.0733347175074742	0.1257255184895997	0.0261954004910627	bca	ok	0.95	2000	2000	127	127	83	pubchem_cid			95% BCa bootstrap CI clustered by PubChem compound; uncertainty is over the observed compound panel, not broader chemical space.
l1000_phase2	sciplex	per_gene_population_zscore_dataset	w4_signature_dataset_pair	w4_source_centroid_spearman_logfc_pair	mean_w4_source_centroid_spearman_logfc_pair	0.1482013551166293	0.1304970326909519	0.1651243583106371	0.0173136628098425	bca	ok	0.95	2000	2000	127	127	83	pubchem_cid			95% BCa bootstrap CI clustered by PubChem compound; uncertainty is over the observed compound panel, not broader chemical space.
l1000_phase2	sciplex	per_gene_population_zscore_dataset	w4_signature_dataset_pair	w4_delta_vs_source_centroid_spearman_logfc	mean_w4_delta_vs_source_centroid_spearman_logfc	-0.0522596322646653	-0.0708385122704695	-0.0267269842022448	0.0220557640341123	bca	ok	0.95	2000	2000	127	127	83	pubchem_cid			95% BCa bootstrap CI clustered by PubChem compound; uncertainty is over the observed compound panel, not broader chemical space.
l1000_phase2	sciplex	per_gene_population_zscore_dataset	w4_signature_dataset_pair	w4_target_centroid_spearman_logfc_pair	mean_w4_target_centroid_spearman_logfc_pair	0.0312115763473343	0.0213894021861632	0.0423283683583123	0.0104694830860745	bca	ok	0.95	2000	2000	127	127	83	pubchem_cid			95% BCa bootstrap CI clustered by PubChem compound; uncertainty is over the observed compound panel, not broader chemical space.
l1000_phase2	sciplex	per_gene_population_zscore_dataset	w4_signature_dataset_pair	w4_delta_vs_target_centroid_spearman_logfc	mean_w4_delta_vs_target_centroid_spearman_logfc	0.0647301465046295	0.0473856462671851	0.0884303662100348	0.0205223599714248	bca	ok	0.95	2000	2000	127	127	83	pubchem_cid			95% BCa bootstrap CI clustered by PubChem compound; uncertainty is over the observed compound panel, not broader chemical space.
l1000_phase2	sciplex	per_gene_population_zscore_dataset	w4_signature_dataset_pair	w4_source_peer_spearman_logfc_pair	mean_w4_source_peer_spearman_logfc_pair	0.0338162870617919	0.0308634343963136	0.0366569955407301	0.0028967805722082	bca	ok	0.95	2000	2000	127	127	83	pubchem_cid			95% BCa bootstrap CI clustered by PubChem compound; uncertainty is over the observed compound panel, not broader chemical space.
l1000_phase2	sciplex	per_gene_population_zscore_dataset	w4_signature_dataset_pair	w4_delta_vs_source_peer_spearman_logfc	mean_w4_delta_vs_source_peer_spearman_logfc	0.062125435790172	0.0376886836208753	0.0935504722174715	0.027930894298298	bca	ok	0.95	2000	2000	127	127	83	pubchem_cid			95% BCa bootstrap CI clustered by PubChem compound; uncertainty is over the observed compound panel, not broader chemical space.
l1000_phase2	sciplex	per_gene_population_zscore_dataset	w4_signature_dataset_pair	w4_source_peer_spearman_logfc_pair_sd_score	mean_w4_source_peer_spearman_logfc_pair_sd_score	0.1122605036247029	0.1083805499691359	0.116085978209336	0.0038527141201	bca	ok	0.95	2000	2000	127	127	83	pubchem_cid			95% BCa bootstrap CI clustered by PubChem compound; uncertainty is over the observed compound panel, not broader chemical space.
l1000_phase2	sciplex	per_gene_population_zscore_dataset	w4_signature_dataset_pair	w4_source_peer_spearman_logfc_pair_fraction_below_observed	mean_w4_source_peer_spearman_logfc_pair_fraction_below_observed	0.5962734483266336	0.5613930006401104	0.6356962814570837	0.0371516404084866	bca	ok	0.95	2000	2000	127	127	83	pubchem_cid			95% BCa bootstrap CI clustered by PubChem compound; uncertainty is over the observed compound panel, not broader chemical space.
l1000_phase2	sciplex	per_gene_population_zscore_dataset	w4_signature_dataset_pair	w4_source_peer_spearman_logfc_pair_corrected_percentile	mean_w4_source_peer_spearman_logfc_pair_corrected_percentile	0.5981519185342251	0.5622283613811472	0.6355181210475909	0.0366448798332218	bca	ok	0.95	2000	2000	127	127	83	pubchem_cid			95% BCa bootstrap CI clustered by PubChem compound; uncertainty is over the observed compound panel, not broader chemical space.
l1000_phase2	sciplex	per_gene_population_zscore_dataset	w4_signature_dataset_pair	w4_target_peer_spearman_logfc_pair	mean_w4_target_peer_spearman_logfc_pair	0.0045827862449194	0.0032067451329619	0.0058980547897781	0.0013456548284081	bca	ok	0.95	2000	2000	127	127	83	pubchem_cid			95% BCa bootstrap CI clustered by PubChem compound; uncertainty is over the observed compound panel, not broader chemical space.
l1000_phase2	sciplex	per_gene_population_zscore_dataset	w4_signature_dataset_pair	w4_delta_vs_target_peer_spearman_logfc	mean_w4_delta_vs_target_peer_spearman_logfc	0.0913589366070445	0.0696572808783106	0.1219239149244844	0.0261333170230869	bca	ok	0.95	2000	2000	127	127	83	pubchem_cid			95% BCa bootstrap CI clustered by PubChem compound; uncertainty is over the observed compound panel, not broader chemical space.
l1000_phase2	sciplex	per_gene_population_zscore_dataset	w4_signature_dataset_pair	w4_target_peer_spearman_logfc_pair_sd_score	mean_w4_target_peer_spearman_logfc_pair_sd_score	0.0522676568596821	0.0496896863414688	0.0557892368289306	0.0030497752437309	bca	ok	0.95	2000	2000	127	127	83	pubchem_cid			95% BCa bootstrap CI clustered by PubChem compound; uncertainty is over the observed compound panel, not broader chemical space.
l1000_phase2	sciplex	per_gene_population_zscore_dataset	w4_signature_dataset_pair	w4_target_peer_spearman_logfc_pair_fraction_below_observed	mean_w4_target_peer_spearman_logfc_pair_fraction_below_observed	0.7286856217109592	0.6894150714786879	0.7635031971458793	0.0370440628335957	bca	ok	0.95	2000	2000	127	127	83	pubchem_cid			95% BCa bootstrap CI clustered by PubChem compound; uncertainty is over the observed compound panel, not broader chemical space.
l1000_phase2	sciplex	per_gene_population_zscore_dataset	w4_signature_dataset_pair	w4_target_peer_spearman_logfc_pair_corrected_percentile	mean_w4_target_peer_spearman_logfc_pair_corrected_percentile	0.7299524361984839	0.6933521683230119	0.7671533220204809	0.0369005768487344	bca	ok	0.95	2000	2000	127	127	83	pubchem_cid			95% BCa bootstrap CI clustered by PubChem compound; uncertainty is over the observed compound panel, not broader chemical space.
l1000_phase2	tahoe	per_gene_population_zscore_dataset	w4_signature_dataset_pair	w4_observed_spearman_logfc	mean_w4_observed_spearman_logfc	0.0334500790979694	0.0212067671426718	0.0503250082846752	0.0145591205710017	bca	ok	0.95	2000	2000	134	134	110	pubchem_cid			95% BCa bootstrap CI clustered by PubChem compound; uncertainty is over the observed compound panel, not broader chemical space.
l1000_phase2	tahoe	per_gene_population_zscore_dataset	w4_signature_dataset_pair	w4_source_centroid_spearman_logfc_pair	mean_w4_source_centroid_spearman_logfc_pair	0.2176327539114972	0.2047897828700688	0.2306090069055643	0.0129096120177477	bca	ok	0.95	2000	2000	134	134	110	pubchem_cid			95% BCa bootstrap CI clustered by PubChem compound; uncertainty is over the observed compound panel, not broader chemical space.
l1000_phase2	tahoe	per_gene_population_zscore_dataset	w4_signature_dataset_pair	w4_delta_vs_source_centroid_spearman_logfc	mean_w4_delta_vs_source_centroid_spearman_logfc	-0.1841826748135278	-0.2023211415118979	-0.164543199717656	0.0188889708971209	bca	ok	0.95	2000	2000	134	134	110	pubchem_cid			95% BCa bootstrap CI clustered by PubChem compound; uncertainty is over the observed compound panel, not broader chemical space.
l1000_phase2	tahoe	per_gene_population_zscore_dataset	w4_signature_dataset_pair	w4_target_centroid_spearman_logfc_pair	mean_w4_target_centroid_spearman_logfc_pair	0.0193302914561922	0.0127816242738858	0.025623077474271	0.0064207266001925	bca	ok	0.95	2000	2000	134	134	110	pubchem_cid			95% BCa bootstrap CI clustered by PubChem compound; uncertainty is over the observed compound panel, not broader chemical space.
l1000_phase2	tahoe	per_gene_population_zscore_dataset	w4_signature_dataset_pair	w4_delta_vs_target_centroid_spearman_logfc	mean_w4_delta_vs_target_centroid_spearman_logfc	0.0141197876417772	0.0022566703405301	0.031833781509884	0.0147885555846769	bca	ok	0.95	2000	2000	134	134	110	pubchem_cid			95% BCa bootstrap CI clustered by PubChem compound; uncertainty is over the observed compound panel, not broader chemical space.
l1000_phase2	tahoe	per_gene_population_zscore_dataset	w4_signature_dataset_pair	w4_source_peer_spearman_logfc_pair	mean_w4_source_peer_spearman_logfc_pair	0.0720682466277869	0.0670416666059855	0.0765822250423626	0.0047702792181885	bca	ok	0.95	2000	2000	134	134	110	pubchem_cid			95% BCa bootstrap CI clustered by PubChem compound; uncertainty is over the observed compound panel, not broader chemical space.
l1000_phase2	tahoe	per_gene_population_zscore_dataset	w4_signature_dataset_pair	w4_delta_vs_source_peer_spearman_logfc	mean_w4_delta_vs_source_peer_spearman_logfc	-0.0386181675298175	-0.053543151490112	-0.0205792649672351	0.0164819432614384	bca	ok	0.95	2000	2000	134	134	110	pubchem_cid			95% BCa bootstrap CI clustered by PubChem compound; uncertainty is over the observed compound panel, not broader chemical space.
l1000_phase2	tahoe	per_gene_population_zscore_dataset	w4_signature_dataset_pair	w4_source_peer_spearman_logfc_pair_sd_score	mean_w4_source_peer_spearman_logfc_pair_sd_score	0.1241089219510223	0.1201658018990057	0.1287403027419486	0.0042872504214714	bca	ok	0.95	2000	2000	134	134	110	pubchem_cid			95% BCa bootstrap CI clustered by PubChem compound; uncertainty is over the observed compound panel, not broader chemical space.
l1000_phase2	tahoe	per_gene_population_zscore_dataset	w4_signature_dataset_pair	w4_source_peer_spearman_logfc_pair_fraction_below_observed	mean_w4_source_peer_spearman_logfc_pair_fraction_below_observed	0.3845026682884512	0.3533542364825234	0.4195172501999727	0.0330815068587246	bca	ok	0.95	2000	2000	134	134	110	pubchem_cid			95% BCa bootstrap CI clustered by PubChem compound; uncertainty is over the observed compound panel, not broader chemical space.
l1000_phase2	tahoe	per_gene_population_zscore_dataset	w4_signature_dataset_pair	w4_source_peer_spearman_logfc_pair_corrected_percentile	mean_w4_source_peer_spearman_logfc_pair_corrected_percentile	0.3868975995402472	0.3552749059649924	0.4246229507136475	0.0346740223743275	bca	ok	0.95	2000	2000	134	134	110	pubchem_cid			95% BCa bootstrap CI clustered by PubChem compound; uncertainty is over the observed compound panel, not broader chemical space.
l1000_phase2	tahoe	per_gene_population_zscore_dataset	w4_signature_dataset_pair	w4_target_peer_spearman_logfc_pair	mean_w4_target_peer_spearman_logfc_pair	0.0018623521662376	-0.0001724281723832	0.0038360097427958	0.0020042189575895	bca	ok	0.95	2000	2000	134	134	110	pubchem_cid			95% BCa bootstrap CI clustered by PubChem compound; uncertainty is over the observed compound panel, not broader chemical space.
l1000_phase2	tahoe	per_gene_population_zscore_dataset	w4_signature_dataset_pair	w4_delta_vs_target_peer_spearman_logfc	mean_w4_delta_vs_target_peer_spearman_logfc	0.0315877269317318	0.0209467719542251	0.0481243792018429	0.0135888036238089	bca	ok	0.95	2000	2000	134	134	110	pubchem_cid			95% BCa bootstrap CI clustered by PubChem compound; uncertainty is over the observed compound panel, not broader chemical space.
l1000_phase2	tahoe	per_gene_population_zscore_dataset	w4_signature_dataset_pair	w4_target_peer_spearman_logfc_pair_sd_score	mean_w4_target_peer_spearman_logfc_pair_sd_score	0.0534956095958068	0.0520694408805888	0.0553303111482199	0.0016304351338155	bca	ok	0.95	2000	2000	134	134	110	pubchem_cid			95% BCa bootstrap CI clustered by PubChem compound; uncertainty is over the observed compound panel, not broader chemical space.
l1000_phase2	tahoe	per_gene_population_zscore_dataset	w4_signature_dataset_pair	w4_target_peer_spearman_logfc_pair_fraction_below_observed	mean_w4_target_peer_spearman_logfc_pair_fraction_below_observed	0.5985191818636898	0.560807866853626	0.6376104632645273	0.0384012982054506	bca	ok	0.95	2000	2000	134	134	110	pubchem_cid			95% BCa bootstrap CI clustered by PubChem compound; uncertainty is over the observed compound panel, not broader chemical space.
l1000_phase2	tahoe	per_gene_population_zscore_dataset	w4_signature_dataset_pair	w4_target_peer_spearman_logfc_pair_corrected_percentile	mean_w4_target_peer_spearman_logfc_pair_corrected_percentile	0.6000813640354264	0.5652169432204867	0.637028556789416	0.0359058067844646	bca	ok	0.95	2000	2000	134	134	110	pubchem_cid			95% BCa bootstrap CI clustered by PubChem compound; uncertainty is over the observed compound panel, not broader chemical space.
tahoe	sciplex	per_gene_population_zscore_dataset	w4_signature_dataset_pair	w4_observed_spearman_logfc	mean_w4_observed_spearman_logfc	0.0533120373615447	0.0249733448042227	0.1194090806145349	0.0472178679051561	bca	ok	0.95	2000	2000	23	23	23	pubchem_cid			95% BCa bootstrap CI clustered by PubChem compound; uncertainty is over the observed compound panel, not broader chemical space.
tahoe	sciplex	per_gene_population_zscore_dataset	w4_signature_dataset_pair	w4_source_centroid_spearman_logfc_pair	mean_w4_source_centroid_spearman_logfc_pair	0.2374337197707879	0.2156414472697068	0.2568716182765114	0.0206150855034022	bca	ok	0.95	2000	2000	23	23	23	pubchem_cid			95% BCa bootstrap CI clustered by PubChem compound; uncertainty is over the observed compound panel, not broader chemical space.
tahoe	sciplex	per_gene_population_zscore_dataset	w4_signature_dataset_pair	w4_delta_vs_source_centroid_spearman_logfc	mean_w4_delta_vs_source_centroid_spearman_logfc	-0.1841216824092432	-0.2161696532181334	-0.1200891750727778	0.0480402390726778	bca	ok	0.95	2000	2000	23	23	23	pubchem_cid			95% BCa bootstrap CI clustered by PubChem compound; uncertainty is over the observed compound panel, not broader chemical space.
tahoe	sciplex	per_gene_population_zscore_dataset	w4_signature_dataset_pair	w4_target_centroid_spearman_logfc_pair	mean_w4_target_centroid_spearman_logfc_pair	0.0084272480838979	-0.0043713288636485	0.0181447323047874	0.011258030584218	bca	ok	0.95	2000	2000	23	23	23	pubchem_cid			95% BCa bootstrap CI clustered by PubChem compound; uncertainty is over the observed compound panel, not broader chemical space.
tahoe	sciplex	per_gene_population_zscore_dataset	w4_signature_dataset_pair	w4_delta_vs_target_centroid_spearman_logfc	mean_w4_delta_vs_target_centroid_spearman_logfc	0.0448847892776467	0.0144204601878658	0.1057769268075474	0.0456782333098407	bca	ok	0.95	2000	2000	23	23	23	pubchem_cid			95% BCa bootstrap CI clustered by PubChem compound; uncertainty is over the observed compound panel, not broader chemical space.
tahoe	sciplex	per_gene_population_zscore_dataset	w4_signature_dataset_pair	w4_source_peer_spearman_logfc_pair	mean_w4_source_peer_spearman_logfc_pair	0.068058338941591	0.0620063526220523	0.0735973033408642	0.0057954753594059	bca	ok	0.95	2000	2000	23	23	23	pubchem_cid			95% BCa bootstrap CI clustered by PubChem compound; uncertainty is over the observed compound panel, not broader chemical space.
tahoe	sciplex	per_gene_population_zscore_dataset	w4_signature_dataset_pair	w4_delta_vs_source_peer_spearman_logfc	mean_w4_delta_vs_source_peer_spearman_logfc	-0.0147463015800463	-0.0452692508748218	0.0536290133858766	0.0494491321303492	bca	ok	0.95	2000	2000	23	23	23	pubchem_cid			95% BCa bootstrap CI clustered by PubChem compound; uncertainty is over the observed compound panel, not broader chemical space.
tahoe	sciplex	per_gene_population_zscore_dataset	w4_signature_dataset_pair	w4_source_peer_spearman_logfc_pair_sd_score	mean_w4_source_peer_spearman_logfc_pair_sd_score	0.117650301855546	0.1126983210387946	0.1228601455064232	0.0050809122338142	bca	ok	0.95	2000	2000	23	23	23	pubchem_cid			95% BCa bootstrap CI clustered by PubChem compound; uncertainty is over the observed compound panel, not broader chemical space.
tahoe	sciplex	per_gene_population_zscore_dataset	w4_signature_dataset_pair	w4_source_peer_spearman_logfc_pair_fraction_below_observed	mean_w4_source_peer_spearman_logfc_pair_fraction_below_observed	0.4857723767756933	0.4281039696514792	0.5654543305221912	0.068675180435356	bca	ok	0.95	2000	2000	23	23	23	pubchem_cid			95% BCa bootstrap CI clustered by PubChem compound; uncertainty is over the observed compound panel, not broader chemical space.
tahoe	sciplex	per_gene_population_zscore_dataset	w4_signature_dataset_pair	w4_source_peer_spearman_logfc_pair_corrected_percentile	mean_w4_source_peer_spearman_logfc_pair_corrected_percentile	0.4880882729637293	0.4325958328112138	0.5783136302181691	0.0728588987034776	bca	ok	0.95	2000	2000	23	23	23	pubchem_cid			95% BCa bootstrap CI clustered by PubChem compound; uncertainty is over the observed compound panel, not broader chemical space.
tahoe	sciplex	per_gene_population_zscore_dataset	w4_signature_dataset_pair	w4_target_peer_spearman_logfc_pair	mean_w4_target_peer_spearman_logfc_pair	0.0007474570563648	-0.0023854956219041	0.0032471373190304	0.0028163164704673	bca	ok	0.95	2000	2000	23	23	23	pubchem_cid			95% BCa bootstrap CI clustered by PubChem compound; uncertainty is over the observed compound panel, not broader chemical space.
tahoe	sciplex	per_gene_population_zscore_dataset	w4_signature_dataset_pair	w4_delta_vs_target_peer_spearman_logfc	mean_w4_delta_vs_target_peer_spearman_logfc	0.0525645803051798	0.0231802911829346	0.1208107257302984	0.0488152172736819	bca	ok	0.95	2000	2000	23	23	23	pubchem_cid			95% BCa bootstrap CI clustered by PubChem compound; uncertainty is over the observed compound panel, not broader chemical space.
tahoe	sciplex	per_gene_population_zscore_dataset	w4_signature_dataset_pair	w4_target_peer_spearman_logfc_pair_sd_score	mean_w4_target_peer_spearman_logfc_pair_sd_score	0.0375197833829574	0.0332686945082107	0.0447810665591872	0.0057561860254882	bca	ok	0.95	2000	2000	23	23	23	pubchem_cid			95% BCa bootstrap CI clustered by PubChem compound; uncertainty is over the observed compound panel, not broader chemical space.
tahoe	sciplex	per_gene_population_zscore_dataset	w4_signature_dataset_pair	w4_target_peer_spearman_logfc_pair_fraction_below_observed	mean_w4_target_peer_spearman_logfc_pair_fraction_below_observed	0.6617407902892377	0.5881761328637788	0.745472131943369	0.0786479995397951	bca	ok	0.95	2000	2000	23	23	23	pubchem_cid			95% BCa bootstrap CI clustered by PubChem compound; uncertainty is over the observed compound panel, not broader chemical space.
tahoe	sciplex	per_gene_population_zscore_dataset	w4_signature_dataset_pair	w4_target_peer_spearman_logfc_pair_corrected_percentile	mean_w4_target_peer_spearman_logfc_pair_corrected_percentile	0.6633317898042331	0.590673983108298	0.747104682046087	0.0782153494688945	bca	ok	0.95	2000	2000	23	23	23	pubchem_cid			95% BCa bootstrap CI clustered by PubChem compound; uncertainty is over the observed compound panel, not broader chemical space.
cigs_mce	cigs_tcm	per_gene_population_zscore_dataset_cell_type	table_6_dataset_cell_type_dataset_pair	w4_observed_spearman_logfc	mean_w4_observed_spearman_logfc	0.037140371460287605	0.03174120883449442	0.043037372604724074	0.005648081885114828	bca	ok	0.95	2000	2000	1910	1910	974	pubchem_cid			95% BCa bootstrap CI clustered by PubChem compound; uncertainty is over the observed compound panel, not broader chemical space.
cigs_mce	cigs_tcm	per_gene_population_zscore_dataset_cell_type	table_6_dataset_cell_type_dataset_pair	w4_source_centroid_spearman_logfc_pair	mean_w4_source_centroid_spearman_logfc_pair	-0.4616768236593126	-0.46339885399099323	-0.4596786131525333	0.001860120419229977	bca	ok	0.95	2000	2000	1910	1910	974	pubchem_cid			95% BCa bootstrap CI clustered by PubChem compound; uncertainty is over the observed compound panel, not broader chemical space.
cigs_mce	cigs_tcm	per_gene_population_zscore_dataset_cell_type	table_6_dataset_cell_type_dataset_pair	w4_delta_vs_source_centroid_spearman_logfc	mean_w4_delta_vs_source_centroid_spearman_logfc	0.49881719511960027	0.4926774773680551	0.5053801487735752	0.00635133570276003	bca	ok	0.95	2000	2000	1910	1910	974	pubchem_cid			95% BCa bootstrap CI clustered by PubChem compound; uncertainty is over the observed compound panel, not broader chemical space.
cigs_mce	cigs_tcm	per_gene_population_zscore_dataset_cell_type	table_6_dataset_cell_type_dataset_pair	w4_target_centroid_spearman_logfc_pair	mean_w4_target_centroid_spearman_logfc_pair	-0.008106035393661573	-0.011811086541327854	-0.0048471062787598185	0.003481990131284018	bca	ok	0.95	2000	2000	1910	1910	974	pubchem_cid			95% BCa bootstrap CI clustered by PubChem compound; uncertainty is over the observed compound panel, not broader chemical space.
cigs_mce	cigs_tcm	per_gene_population_zscore_dataset_cell_type	table_6_dataset_cell_type_dataset_pair	w4_delta_vs_target_centroid_spearman_logfc	mean_w4_delta_vs_target_centroid_spearman_logfc	0.045246406853949185	0.03685925142618259	0.05543660973075965	0.00928867915228853	bca	ok	0.95	2000	2000	1910	1910	974	pubchem_cid			95% BCa bootstrap CI clustered by PubChem compound; uncertainty is over the observed compound panel, not broader chemical space.
cigs_mce	cigs_tcm	per_gene_population_zscore_dataset_cell_type	table_6_dataset_cell_type_dataset_pair	w4_source_peer_spearman_logfc_pair	mean_w4_source_peer_spearman_logfc_pair	0.00628593526309059	0.0057841036369254435	0.00676883147180578	0.0004923639174401681	bca	ok	0.95	2000	2000	1910	1910	974	pubchem_cid			95% BCa bootstrap CI clustered by PubChem compound; uncertainty is over the observed compound panel, not broader chemical space.
cigs_mce	cigs_tcm	per_gene_population_zscore_dataset_cell_type	table_6_dataset_cell_type_dataset_pair	w4_delta_vs_source_peer_spearman_logfc	mean_w4_delta_vs_source_peer_spearman_logfc	0.030854436197196997	0.02570352504507482	0.03806963072467686	0.00618305283980102	bca	ok	0.95	2000	2000	1910	1910	974	pubchem_cid			95% BCa bootstrap CI clustered by PubChem compound; uncertainty is over the observed compound panel, not broader chemical space.
cigs_mce	cigs_tcm	per_gene_population_zscore_dataset_cell_type	table_6_dataset_cell_type_dataset_pair	w4_source_peer_spearman_logfc_pair_sd_score	mean_w4_source_peer_spearman_logfc_pair_sd_score	0.08027043755944015	0.07952348185540145	0.08117775074110387	0.0008271344428512073	bca	ok	0.95	2000	2000	1910	1910	974	pubchem_cid			95% BCa bootstrap CI clustered by PubChem compound; uncertainty is over the observed compound panel, not broader chemical space.
cigs_mce	cigs_tcm	per_gene_population_zscore_dataset_cell_type	table_6_dataset_cell_type_dataset_pair	w4_source_peer_spearman_logfc_pair_fraction_below_observed	mean_w4_source_peer_spearman_logfc_pair_fraction_below_observed	0.5850621727748692	0.5741534041679776	0.5962262103688144	0.011036403100418424	bca	ok	0.95	2000	2000	1910	1910	974	pubchem_cid			95% BCa bootstrap CI clustered by PubChem compound; uncertainty is over the observed compound panel, not broader chemical space.
cigs_mce	cigs_tcm	per_gene_population_zscore_dataset_cell_type	table_6_dataset_cell_type_dataset_pair	w4_source_peer_spearman_logfc_pair_corrected_percentile	mean_w4_source_peer_spearman_logfc_pair_corrected_percentile	0.5866767168496749	0.5755682201474644	0.5976621013633653	0.011046940607950417	bca	ok	0.95	2000	2000	1910	1910	974	pubchem_cid			95% BCa bootstrap CI clustered by PubChem compound; uncertainty is over the observed compound panel, not broader chemical space.
cigs_mce	cigs_tcm	per_gene_population_zscore_dataset_cell_type	table_6_dataset_cell_type_dataset_pair	w4_target_peer_spearman_logfc_pair	mean_w4_target_peer_spearman_logfc_pair	0.0026410982343004993	0.002309065687225739	0.0029203801965352297	0.0003056572546547454	bca	ok	0.95	2000	2000	1910	1910	974	pubchem_cid			95% BCa bootstrap CI clustered by PubChem compound; uncertainty is over the observed compound panel, not broader chemical space.
cigs_mce	cigs_tcm	per_gene_population_zscore_dataset_cell_type	table_6_dataset_cell_type_dataset_pair	w4_delta_vs_target_peer_spearman_logfc	mean_w4_delta_vs_target_peer_spearman_logfc	0.03449927322598709	0.02910496352584652	0.04094466154829519	0.0059198490112243336	bca	ok	0.95	2000	2000	1910	1910	974	pubchem_cid			95% BCa bootstrap CI clustered by PubChem compound; uncertainty is over the observed compound panel, not broader chemical space.
cigs_mce	cigs_tcm	per_gene_population_zscore_dataset_cell_type	table_6_dataset_cell_type_dataset_pair	w4_target_peer_spearman_logfc_pair_sd_score	mean_w4_target_peer_spearman_logfc_pair_sd_score	0.03827523210437123	0.037824275437723466	0.03879082752246731	0.0004832760423719232	bca	ok	0.95	2000	2000	1910	1910	974	pubchem_cid			95% BCa bootstrap CI clustered by PubChem compound; uncertainty is over the observed compound panel, not broader chemical space.
cigs_mce	cigs_tcm	per_gene_population_zscore_dataset_cell_type	table_6_dataset_cell_type_dataset_pair	w4_target_peer_spearman_logfc_pair_fraction_below_observed	mean_w4_target_peer_spearman_logfc_pair_fraction_below_observed	0.6157947480366492	0.601029776586877	0.6295098229115189	0.01424002316232098	bca	ok	0.95	2000	2000	1910	1910	974	pubchem_cid			95% BCa bootstrap CI clustered by PubChem compound; uncertainty is over the observed compound panel, not broader chemical space.
cigs_mce	cigs_tcm	per_gene_population_zscore_dataset_cell_type	table_6_dataset_cell_type_dataset_pair	w4_target_peer_spearman_logfc_pair_corrected_percentile	mean_w4_target_peer_spearman_logfc_pair_corrected_percentile	0.6172897101065455	0.6041587202705058	0.6313134737606866	0.013577376745090408	bca	ok	0.95	2000	2000	1910	1910	974	pubchem_cid			95% BCa bootstrap CI clustered by PubChem compound; uncertainty is over the observed compound panel, not broader chemical space.
l1000_phase1	cigs_mce	per_gene_population_zscore_dataset_cell_type	table_6_dataset_cell_type_dataset_pair	w4_observed_spearman_logfc	mean_w4_observed_spearman_logfc	0.11017611650031855	0.08462989530037109	0.14051803286952208	0.027944068784575497	bca	ok	0.95	2000	2000	127	127	124	pubchem_cid			95% BCa bootstrap CI clustered by PubChem compound; uncertainty is over the observed compound panel, not broader chemical space.
l1000_phase1	cigs_mce	per_gene_population_zscore_dataset_cell_type	table_6_dataset_cell_type_dataset_pair	w4_source_centroid_spearman_logfc_pair	mean_w4_source_centroid_spearman_logfc_pair	-0.38853739320983655	-0.4136344935610525	-0.36820431061057823	0.02271509147523712	bca	ok	0.95	2000	2000	127	127	124	pubchem_cid			95% BCa bootstrap CI clustered by PubChem compound; uncertainty is over the observed compound panel, not broader chemical space.
l1000_phase1	cigs_mce	per_gene_population_zscore_dataset_cell_type	table_6_dataset_cell_type_dataset_pair	w4_delta_vs_source_centroid_spearman_logfc	mean_w4_delta_vs_source_centroid_spearman_logfc	0.49871350971015516	0.471927777560925	0.5280352124739276	0.028053717456501287	bca	ok	0.95	2000	2000	127	127	124	pubchem_cid			95% BCa bootstrap CI clustered by PubChem compound; uncertainty is over the observed compound panel, not broader chemical space.
l1000_phase1	cigs_mce	per_gene_population_zscore_dataset_cell_type	table_6_dataset_cell_type_dataset_pair	w4_target_centroid_spearman_logfc_pair	mean_w4_target_centroid_spearman_logfc_pair	-0.021268991323921797	-0.03355467267438979	-0.010028941634751747	0.01176286551981902	bca	ok	0.95	2000	2000	127	127	124	pubchem_cid			95% BCa bootstrap CI clustered by PubChem compound; uncertainty is over the observed compound panel, not broader chemical space.
l1000_phase1	cigs_mce	per_gene_population_zscore_dataset_cell_type	table_6_dataset_cell_type_dataset_pair	w4_delta_vs_target_centroid_spearman_logfc	mean_w4_delta_vs_target_centroid_spearman_logfc	0.1314451078242404	0.09757389681842969	0.1703457793484312	0.036385941265000755	bca	ok	0.95	2000	2000	127	127	124	pubchem_cid			95% BCa bootstrap CI clustered by PubChem compound; uncertainty is over the observed compound panel, not broader chemical space.
l1000_phase1	cigs_mce	per_gene_population_zscore_dataset_cell_type	table_6_dataset_cell_type_dataset_pair	w4_source_peer_spearman_logfc_pair	mean_w4_source_peer_spearman_logfc_pair	0.03517266029058374	0.02984030120747501	0.04094945905411257	0.00555457892331878	bca	ok	0.95	2000	2000	127	127	124	pubchem_cid			95% BCa bootstrap CI clustered by PubChem compound; uncertainty is over the observed compound panel, not broader chemical space.
l1000_phase1	cigs_mce	per_gene_population_zscore_dataset_cell_type	table_6_dataset_cell_type_dataset_pair	w4_delta_vs_source_peer_spearman_logfc	mean_w4_delta_vs_source_peer_spearman_logfc	0.07500345620973481	0.04734605021312031	0.10423538492190364	0.028444667354391665	bca	ok	0.95	2000	2000	127	127	124	pubchem_cid			95% BCa bootstrap CI clustered by PubChem compound; uncertainty is over the observed compound panel, not broader chemical space.
l1000_phase1	cigs_mce	per_gene_population_zscore_dataset_cell_type	table_6_dataset_cell_type_dataset_pair	w4_source_peer_spearman_logfc_pair_sd_score	mean_w4_source_peer_spearman_logfc_pair_sd_score	0.13235230081905963	0.1274541483582983	0.13762889498449216	0.0050873733130969295	bca	ok	0.95	2000	2000	127	127	124	pubchem_cid			95% BCa bootstrap CI clustered by PubChem compound; uncertainty is over the observed compound panel, not broader chemical space.
l1000_phase1	cigs_mce	per_gene_population_zscore_dataset_cell_type	table_6_dataset_cell_type_dataset_pair	w4_source_peer_spearman_logfc_pair_fraction_below_observed	mean_w4_source_peer_spearman_logfc_pair_fraction_below_observed	0.6264669674259898	0.5805966609356337	0.6687077070621027	0.044055523063234514	bca	ok	0.95	2000	2000	127	127	124	pubchem_cid			95% BCa bootstrap CI clustered by PubChem compound; uncertainty is over the observed compound panel, not broader chemical space.
l1000_phase1	cigs_mce	per_gene_population_zscore_dataset_cell_type	table_6_dataset_cell_type_dataset_pair	w4_source_peer_spearman_logfc_pair_corrected_percentile	mean_w4_source_peer_spearman_logfc_pair_corrected_percentile	0.6294452214466237	0.5845362817589747	0.6723446685953546	0.04390419341818996	bca	ok	0.95	2000	2000	127	127	124	pubchem_cid			95% BCa bootstrap CI clustered by PubChem compound; uncertainty is over the observed compound panel, not broader chemical space.
l1000_phase1	cigs_mce	per_gene_population_zscore_dataset_cell_type	table_6_dataset_cell_type_dataset_pair	w4_target_peer_spearman_logfc_pair	mean_w4_target_peer_spearman_logfc_pair	0.006942526108339515	0.003979572841366562	0.009934696108158348	0.002977561633395893	bca	ok	0.95	2000	2000	127	127	124	pubchem_cid			95% BCa bootstrap CI clustered by PubChem compound; uncertainty is over the observed compound panel, not broader chemical space.
l1000_phase1	cigs_mce	per_gene_population_zscore_dataset_cell_type	table_6_dataset_cell_type_dataset_pair	w4_delta_vs_target_peer_spearman_logfc	mean_w4_delta_vs_target_peer_spearman_logfc	0.10323359039197905	0.07796963149026895	0.1339945327917863	0.028012450650758677	bca	ok	0.95	2000	2000	127	127	124	pubchem_cid			95% BCa bootstrap CI clustered by PubChem compound; uncertainty is over the observed compound panel, not broader chemical space.
l1000_phase1	cigs_mce	per_gene_population_zscore_dataset_cell_type	table_6_dataset_cell_type_dataset_pair	w4_target_peer_spearman_logfc_pair_sd_score	mean_w4_target_peer_spearman_logfc_pair_sd_score	0.0639696750683615	0.05953921693076079	0.068857680647168	0.004659231858203609	bca	ok	0.95	2000	2000	127	127	124	pubchem_cid			95% BCa bootstrap CI clustered by PubChem compound; uncertainty is over the observed compound panel, not broader chemical space.
l1000_phase1	cigs_mce	per_gene_population_zscore_dataset_cell_type	table_6_dataset_cell_type_dataset_pair	w4_target_peer_spearman_logfc_pair_fraction_below_observed	mean_w4_target_peer_spearman_logfc_pair_fraction_below_observed	0.7068102783615852	0.6487303120575976	0.7570207363371502	0.0541452121397763	bca	ok	0.95	2000	2000	127	127	124	pubchem_cid			95% BCa bootstrap CI clustered by PubChem compound; uncertainty is over the observed compound panel, not broader chemical space.
l1000_phase1	cigs_mce	per_gene_population_zscore_dataset_cell_type	table_6_dataset_cell_type_dataset_pair	w4_target_peer_spearman_logfc_pair_corrected_percentile	mean_w4_target_peer_spearman_logfc_pair_corrected_percentile	0.7091712476684611	0.6511070298820848	0.7606527202814969	0.054772845199706044	bca	ok	0.95	2000	2000	127	127	124	pubchem_cid			95% BCa bootstrap CI clustered by PubChem compound; uncertainty is over the observed compound panel, not broader chemical space.
l1000_phase1	l1000_phase2	per_gene_population_zscore_dataset_cell_type	table_6_dataset_cell_type_dataset_pair	w4_observed_spearman_logfc	mean_w4_observed_spearman_logfc	0.23126757128551792	0.2048529230142662	0.25994927004996427	0.027548173517849037	bca	ok	0.95	2000	2000	1060	1060	257	pubchem_cid			95% BCa bootstrap CI clustered by PubChem compound; uncertainty is over the observed compound panel, not broader chemical space.
l1000_phase1	l1000_phase2	per_gene_population_zscore_dataset_cell_type	table_6_dataset_cell_type_dataset_pair	w4_source_centroid_spearman_logfc_pair	mean_w4_source_centroid_spearman_logfc_pair	0.15147719591073408	0.1301495741923679	0.17115273192003963	0.02050157886383587	bca	ok	0.95	2000	2000	1060	1060	257	pubchem_cid			95% BCa bootstrap CI clustered by PubChem compound; uncertainty is over the observed compound panel, not broader chemical space.
l1000_phase1	l1000_phase2	per_gene_population_zscore_dataset_cell_type	table_6_dataset_cell_type_dataset_pair	w4_delta_vs_source_centroid_spearman_logfc	mean_w4_delta_vs_source_centroid_spearman_logfc	0.07979037537478383	0.06001695092044455	0.1027689250048476	0.021375987042201526	bca	ok	0.95	2000	2000	1060	1060	257	pubchem_cid			95% BCa bootstrap CI clustered by PubChem compound; uncertainty is over the observed compound panel, not broader chemical space.
l1000_phase1	l1000_phase2	per_gene_population_zscore_dataset_cell_type	table_6_dataset_cell_type_dataset_pair	w4_target_centroid_spearman_logfc_pair	mean_w4_target_centroid_spearman_logfc_pair	0.08799552223860722	0.07205794396947095	0.10482481718633647	0.016383436608432764	bca	ok	0.95	2000	2000	1060	1060	257	pubchem_cid			95% BCa bootstrap CI clustered by PubChem compound; uncertainty is over the observed compound panel, not broader chemical space.
l1000_phase1	l1000_phase2	per_gene_population_zscore_dataset_cell_type	table_6_dataset_cell_type_dataset_pair	w4_delta_vs_target_centroid_spearman_logfc	mean_w4_delta_vs_target_centroid_spearman_logfc	0.14327204904691065	0.12581066529999524	0.16596853363977035	0.020078934169887555	bca	ok	0.95	2000	2000	1060	1060	257	pubchem_cid			95% BCa bootstrap CI clustered by PubChem compound; uncertainty is over the observed compound panel, not broader chemical space.
l1000_phase1	l1000_phase2	per_gene_population_zscore_dataset_cell_type	table_6_dataset_cell_type_dataset_pair	w4_source_peer_spearman_logfc_pair	mean_w4_source_peer_spearman_logfc_pair	0.043280249664989015	0.039620791862656705	0.04737938381077916	0.003879295974061229	bca	ok	0.95	2000	2000	1060	1060	257	pubchem_cid			95% BCa bootstrap CI clustered by PubChem compound; uncertainty is over the observed compound panel, not broader chemical space.
l1000_phase1	l1000_phase2	per_gene_population_zscore_dataset_cell_type	table_6_dataset_cell_type_dataset_pair	w4_delta_vs_source_peer_spearman_logfc	mean_w4_delta_vs_source_peer_spearman_logfc	0.18798732162052886	0.16353834719194935	0.2189017615600737	0.027681707184062182	bca	ok	0.95	2000	2000	1060	1060	257	pubchem_cid			95% BCa bootstrap CI clustered by PubChem compound; uncertainty is over the observed compound panel, not broader chemical space.
l1000_phase1	l1000_phase2	per_gene_population_zscore_dataset_cell_type	table_6_dataset_cell_type_dataset_pair	w4_source_peer_spearman_logfc_pair_sd_score	mean_w4_source_peer_spearman_logfc_pair_sd_score	0.16265400922929568	0.15889890228711429	0.16683903299746347	0.003970065355174593	bca	ok	0.95	2000	2000	1060	1060	257	pubchem_cid			95% BCa bootstrap CI clustered by PubChem compound; uncertainty is over the observed compound panel, not broader chemical space.
l1000_phase1	l1000_phase2	per_gene_population_zscore_dataset_cell_type	table_6_dataset_cell_type_dataset_pair	w4_source_peer_spearman_logfc_pair_fraction_below_observed	mean_w4_source_peer_spearman_logfc_pair_fraction_below_observed	0.7246625776409159	0.701629790151671	0.7482825472244722	0.02332637853640057	bca	ok	0.95	2000	2000	1060	1060	257	pubchem_cid			95% BCa bootstrap CI clustered by PubChem compound; uncertainty is over the observed compound panel, not broader chemical space.
l1000_phase1	l1000_phase2	per_gene_population_zscore_dataset_cell_type	table_6_dataset_cell_type_dataset_pair	w4_source_peer_spearman_logfc_pair_corrected_percentile	mean_w4_source_peer_spearman_logfc_pair_corrected_percentile	0.728046807788252	0.70548021389929	0.7512741630536042	0.02289697457715706	bca	ok	0.95	2000	2000	1060	1060	257	pubchem_cid			95% BCa bootstrap CI clustered by PubChem compound; uncertainty is over the observed compound panel, not broader chemical space.
l1000_phase1	l1000_phase2	per_gene_population_zscore_dataset_cell_type	table_6_dataset_cell_type_dataset_pair	w4_target_peer_spearman_logfc_pair	mean_w4_target_peer_spearman_logfc_pair	0.016151253710167592	0.013891815617825345	0.01880495219686467	0.0024565682895196627	bca	ok	0.95	2000	2000	1060	1060	257	pubchem_cid			95% BCa bootstrap CI clustered by PubChem compound; uncertainty is over the observed compound panel, not broader chemical space.
l1000_phase1	l1000_phase2	per_gene_population_zscore_dataset_cell_type	table_6_dataset_cell_type_dataset_pair	w4_delta_vs_target_peer_spearman_logfc	mean_w4_delta_vs_target_peer_spearman_logfc	0.2151163175753503	0.19030420195247733	0.24394893807333068	0.026822368060426677	bca	ok	0.95	2000	2000	1060	1060	257	pubchem_cid			95% BCa bootstrap CI clustered by PubChem compound; uncertainty is over the observed compound panel, not broader chemical space.
l1000_phase1	l1000_phase2	per_gene_population_zscore_dataset_cell_type	table_6_dataset_cell_type_dataset_pair	w4_target_peer_spearman_logfc_pair_sd_score	mean_w4_target_peer_spearman_logfc_pair_sd_score	0.12940498700833516	0.12569534452790837	0.1334875928583228	0.00389612416520721	bca	ok	0.95	2000	2000	1060	1060	257	pubchem_cid			95% BCa bootstrap CI clustered by PubChem compound; uncertainty is over the observed compound panel, not broader chemical space.
l1000_phase1	l1000_phase2	per_gene_population_zscore_dataset_cell_type	table_6_dataset_cell_type_dataset_pair	w4_target_peer_spearman_logfc_pair_fraction_below_observed	mean_w4_target_peer_spearman_logfc_pair_fraction_below_observed	0.7824277601337724	0.7600704580783488	0.8046337390542007	0.022281640487925913	bca	ok	0.95	2000	2000	1060	1060	257	pubchem_cid			95% BCa bootstrap CI clustered by PubChem compound; uncertainty is over the observed compound panel, not broader chemical space.
l1000_phase1	l1000_phase2	per_gene_population_zscore_dataset_cell_type	table_6_dataset_cell_type_dataset_pair	w4_target_peer_spearman_logfc_pair_corrected_percentile	mean_w4_target_peer_spearman_logfc_pair_corrected_percentile	0.7843602353601237	0.763747798800143	0.8059626752257392	0.02110743821279809	bca	ok	0.95	2000	2000	1060	1060	257	pubchem_cid			95% BCa bootstrap CI clustered by PubChem compound; uncertainty is over the observed compound panel, not broader chemical space.
l1000_phase1	sciplex	per_gene_population_zscore_dataset_cell_type	table_6_dataset_cell_type_dataset_pair	w4_observed_spearman_logfc	mean_w4_observed_spearman_logfc	0.08451845039576264	0.06319680217996405	0.11685409494496529	0.02682864638250062	bca	ok	0.95	2000	2000	162	162	90	pubchem_cid			95% BCa bootstrap CI clustered by PubChem compound; uncertainty is over the observed compound panel, not broader chemical space.
l1000_phase1	sciplex	per_gene_population_zscore_dataset_cell_type	table_6_dataset_cell_type_dataset_pair	w4_source_centroid_spearman_logfc_pair	mean_w4_source_centroid_spearman_logfc_pair	0.12729560969086814	0.09989127195144466	0.15769586855925566	0.028902298303905498	bca	ok	0.95	2000	2000	162	162	90	pubchem_cid			95% BCa bootstrap CI clustered by PubChem compound; uncertainty is over the observed compound panel, not broader chemical space.
l1000_phase1	sciplex	per_gene_population_zscore_dataset_cell_type	table_6_dataset_cell_type_dataset_pair	w4_delta_vs_source_centroid_spearman_logfc	mean_w4_delta_vs_source_centroid_spearman_logfc	-0.04277715929510547	-0.06564875857630444	-0.018931301519933216	0.02335872852818561	bca	ok	0.95	2000	2000	162	162	90	pubchem_cid			95% BCa bootstrap CI clustered by PubChem compound; uncertainty is over the observed compound panel, not broader chemical space.
l1000_phase1	sciplex	per_gene_population_zscore_dataset_cell_type	table_6_dataset_cell_type_dataset_pair	w4_target_centroid_spearman_logfc_pair	mean_w4_target_centroid_spearman_logfc_pair	0.03380923872160427	0.021307361372189026	0.04784669674305055	0.013269667685430763	bca	ok	0.95	2000	2000	162	162	90	pubchem_cid			95% BCa bootstrap CI clustered by PubChem compound; uncertainty is over the observed compound panel, not broader chemical space.
l1000_phase1	sciplex	per_gene_population_zscore_dataset_cell_type	table_6_dataset_cell_type_dataset_pair	w4_delta_vs_target_centroid_spearman_logfc	mean_w4_delta_vs_target_centroid_spearman_logfc	0.050709211674158365	0.035786694090249774	0.07200629363862375	0.018109799774186988	bca	ok	0.95	2000	2000	162	162	90	pubchem_cid			95% BCa bootstrap CI clustered by PubChem compound; uncertainty is over the observed compound panel, not broader chemical space.
l1000_phase1	sciplex	per_gene_population_zscore_dataset_cell_type	table_6_dataset_cell_type_dataset_pair	w4_source_peer_spearman_logfc_pair	mean_w4_source_peer_spearman_logfc_pair	0.022768832705111097	0.018796959252563267	0.027217679244309068	0.0042103599958729	bca	ok	0.95	2000	2000	162	162	90	pubchem_cid			95% BCa bootstrap CI clustered by PubChem compound; uncertainty is over the observed compound panel, not broader chemical space.
l1000_phase1	sciplex	per_gene_population_zscore_dataset_cell_type	table_6_dataset_cell_type_dataset_pair	w4_delta_vs_source_peer_spearman_logfc	mean_w4_delta_vs_source_peer_spearman_logfc	0.06174961769065152	0.039046861733396984	0.09179631407158144	0.026374726169092227	bca	ok	0.95	2000	2000	162	162	90	pubchem_cid			95% BCa bootstrap CI clustered by PubChem compound; uncertainty is over the observed compound panel, not broader chemical space.
l1000_phase1	sciplex	per_gene_population_zscore_dataset_cell_type	table_6_dataset_cell_type_dataset_pair	w4_source_peer_spearman_logfc_pair_sd_score	mean_w4_source_peer_spearman_logfc_pair_sd_score	0.1263934556745858	0.12079431091922933	0.13380624615944284	0.006505967620106752	bca	ok	0.95	2000	2000	162	162	90	pubchem_cid			95% BCa bootstrap CI clustered by PubChem compound; uncertainty is over the observed compound panel, not broader chemical space.
l1000_phase1	sciplex	per_gene_population_zscore_dataset_cell_type	table_6_dataset_cell_type_dataset_pair	w4_source_peer_spearman_logfc_pair_fraction_below_observed	mean_w4_source_peer_spearman_logfc_pair_fraction_below_observed	0.6242546192455528	0.5940463576040126	0.6560541835201635	0.031003912958075475	bca	ok	0.95	2000	2000	162	162	90	pubchem_cid			95% BCa bootstrap CI clustered by PubChem compound; uncertainty is over the observed compound panel, not broader chemical space.
l1000_phase1	sciplex	per_gene_population_zscore_dataset_cell_type	table_6_dataset_cell_type_dataset_pair	w4_source_peer_spearman_logfc_pair_corrected_percentile	mean_w4_source_peer_spearman_logfc_pair_corrected_percentile	0.6271159324620831	0.5958310156058051	0.6584819515268254	0.03132546796051017	bca	ok	0.95	2000	2000	162	162	90	pubchem_cid			95% BCa bootstrap CI clustered by PubChem compound; uncertainty is over the observed compound panel, not broader chemical space.
l1000_phase1	sciplex	per_gene_population_zscore_dataset_cell_type	table_6_dataset_cell_type_dataset_pair	w4_target_peer_spearman_logfc_pair	mean_w4_target_peer_spearman_logfc_pair	0.002400272395555884	0.001395846161730461	0.003455205853337925	0.001029679845803732	bca	ok	0.95	2000	2000	162	162	90	pubchem_cid			95% BCa bootstrap CI clustered by PubChem compound; uncertainty is over the observed compound panel, not broader chemical space.
l1000_phase1	sciplex	per_gene_population_zscore_dataset_cell_type	table_6_dataset_cell_type_dataset_pair	w4_delta_vs_target_peer_spearman_logfc	mean_w4_delta_vs_target_peer_spearman_logfc	0.08211817800020674	0.05979268947227946	0.11226081097773406	0.0262340607527273	bca	ok	0.95	2000	2000	162	162	90	pubchem_cid			95% BCa bootstrap CI clustered by PubChem compound; uncertainty is over the observed compound panel, not broader chemical space.
l1000_phase1	sciplex	per_gene_population_zscore_dataset_cell_type	table_6_dataset_cell_type_dataset_pair	w4_target_peer_spearman_logfc_pair_sd_score	mean_w4_target_peer_spearman_logfc_pair_sd_score	0.052752983589108474	0.04993739192632372	0.056564540152969064	0.003313574113322674	bca	ok	0.95	2000	2000	162	162	90	pubchem_cid			95% BCa bootstrap CI clustered by PubChem compound; uncertainty is over the observed compound panel, not broader chemical space.
l1000_phase1	sciplex	per_gene_population_zscore_dataset_cell_type	table_6_dataset_cell_type_dataset_pair	w4_target_peer_spearman_logfc_pair_fraction_below_observed	mean_w4_target_peer_spearman_logfc_pair_fraction_below_observed	0.7008334392788019	0.6542008131684318	0.7472046405226259	0.04650191367709705	bca	ok	0.95	2000	2000	162	162	90	pubchem_cid			95% BCa bootstrap CI clustered by PubChem compound; uncertainty is over the observed compound panel, not broader chemical space.
l1000_phase1	sciplex	per_gene_population_zscore_dataset_cell_type	table_6_dataset_cell_type_dataset_pair	w4_target_peer_spearman_logfc_pair_corrected_percentile	mean_w4_target_peer_spearman_logfc_pair_corrected_percentile	0.7026079989069246	0.6552959695598152	0.7486308713658323	0.046667450903008556	bca	ok	0.95	2000	2000	162	162	90	pubchem_cid			95% BCa bootstrap CI clustered by PubChem compound; uncertainty is over the observed compound panel, not broader chemical space.
l1000_phase1	tahoe	per_gene_population_zscore_dataset_cell_type	table_6_dataset_cell_type_dataset_pair	w4_observed_spearman_logfc	mean_w4_observed_spearman_logfc	0.04898571912283746	0.027032961322158867	0.07537688629488021	0.024171962486360672	bca	ok	0.95	2000	2000	114	114	86	pubchem_cid			95% BCa bootstrap CI clustered by PubChem compound; uncertainty is over the observed compound panel, not broader chemical space.
l1000_phase1	tahoe	per_gene_population_zscore_dataset_cell_type	table_6_dataset_cell_type_dataset_pair	w4_source_centroid_spearman_logfc_pair	mean_w4_source_centroid_spearman_logfc_pair	0.11174413043239391	0.09361491464958362	0.13053540008537162	0.018460242717894003	bca	ok	0.95	2000	2000	114	114	86	pubchem_cid			95% BCa bootstrap CI clustered by PubChem compound; uncertainty is over the observed compound panel, not broader chemical space.
l1000_phase1	tahoe	per_gene_population_zscore_dataset_cell_type	table_6_dataset_cell_type_dataset_pair	w4_delta_vs_source_centroid_spearman_logfc	mean_w4_delta_vs_source_centroid_spearman_logfc	-0.06275841130955645	-0.08726651856432371	-0.02933504527576906	0.028965736644277325	bca	ok	0.95	2000	2000	114	114	86	pubchem_cid			95% BCa bootstrap CI clustered by PubChem compound; uncertainty is over the observed compound panel, not broader chemical space.
l1000_phase1	tahoe	per_gene_population_zscore_dataset_cell_type	table_6_dataset_cell_type_dataset_pair	w4_target_centroid_spearman_logfc_pair	mean_w4_target_centroid_spearman_logfc_pair	-0.0022860379106554437	-0.009115072572274556	0.004434852989676875	0.006774962780975715	bca	ok	0.95	2000	2000	114	114	86	pubchem_cid			95% BCa bootstrap CI clustered by PubChem compound; uncertainty is over the observed compound panel, not broader chemical space.
l1000_phase1	tahoe	per_gene_population_zscore_dataset_cell_type	table_6_dataset_cell_type_dataset_pair	w4_delta_vs_target_centroid_spearman_logfc	mean_w4_delta_vs_target_centroid_spearman_logfc	0.051271757033492925	0.03026852024604941	0.07692688557534981	0.0233291826646502	bca	ok	0.95	2000	2000	114	114	86	pubchem_cid			95% BCa bootstrap CI clustered by PubChem compound; uncertainty is over the observed compound panel, not broader chemical space.
l1000_phase1	tahoe	per_gene_population_zscore_dataset_cell_type	table_6_dataset_cell_type_dataset_pair	w4_source_peer_spearman_logfc_pair	mean_w4_source_peer_spearman_logfc_pair	0.02255694355155872	0.01872556771914764	0.02658036683852889	0.003927399559690625	bca	ok	0.95	2000	2000	114	114	86	pubchem_cid			95% BCa bootstrap CI clustered by PubChem compound; uncertainty is over the observed compound panel, not broader chemical space.
l1000_phase1	tahoe	per_gene_population_zscore_dataset_cell_type	table_6_dataset_cell_type_dataset_pair	w4_delta_vs_source_peer_spearman_logfc	mean_w4_delta_vs_source_peer_spearman_logfc	0.026428775571278724	0.003999181904656082	0.053852150957062084	0.024926484526203	bca	ok	0.95	2000	2000	114	114	86	pubchem_cid			95% BCa bootstrap CI clustered by PubChem compound; uncertainty is over the observed compound panel, not broader chemical space.
l1000_phase1	tahoe	per_gene_population_zscore_dataset_cell_type	table_6_dataset_cell_type_dataset_pair	w4_source_peer_spearman_logfc_pair_sd_score	mean_w4_source_peer_spearman_logfc_pair_sd_score	0.15256027734942126	0.14491597442751036	0.16054892455930744	0.00781647506589854	bca	ok	0.95	2000	2000	114	114	86	pubchem_cid			95% BCa bootstrap CI clustered by PubChem compound; uncertainty is over the observed compound panel, not broader chemical space.
l1000_phase1	tahoe	per_gene_population_zscore_dataset_cell_type	table_6_dataset_cell_type_dataset_pair	w4_source_peer_spearman_logfc_pair_fraction_below_observed	mean_w4_source_peer_spearman_logfc_pair_fraction_below_observed	0.5514632593302503	0.5114001108321059	0.5989666742181966	0.04378328169304535	bca	ok	0.95	2000	2000	114	114	86	pubchem_cid			95% BCa bootstrap CI clustered by PubChem compound; uncertainty is over the observed compound panel, not broader chemical space.
l1000_phase1	tahoe	per_gene_population_zscore_dataset_cell_type	table_6_dataset_cell_type_dataset_pair	w4_source_peer_spearman_logfc_pair_corrected_percentile	mean_w4_source_peer_spearman_logfc_pair_corrected_percentile	0.5540442186076492	0.5136351344652677	0.6004198850542432	0.04339237529448775	bca	ok	0.95	2000	2000	114	114	86	pubchem_cid			95% BCa bootstrap CI clustered by PubChem compound; uncertainty is over the observed compound panel, not broader chemical space.
l1000_phase1	tahoe	per_gene_population_zscore_dataset_cell_type	table_6_dataset_cell_type_dataset_pair	w4_target_peer_spearman_logfc_pair	mean_w4_target_peer_spearman_logfc_pair	0.00029423713430669086	-0.001097147279360613	0.0019259102428575523	0.0015115287611090827	bca	ok	0.95	2000	2000	114	114	86	pubchem_cid			95% BCa bootstrap CI clustered by PubChem compound; uncertainty is over the observed compound panel, not broader chemical space.
l1000_phase1	tahoe	per_gene_population_zscore_dataset_cell_type	table_6_dataset_cell_type_dataset_pair	w4_delta_vs_target_peer_spearman_logfc	mean_w4_delta_vs_target_peer_spearman_logfc	0.04869148198853077	0.028060646850697098	0.07549080324081371	0.023715078195058307	bca	ok	0.95	2000	2000	114	114	86	pubchem_cid			95% BCa bootstrap CI clustered by PubChem compound; uncertainty is over the observed compound panel, not broader chemical space.
l1000_phase1	tahoe	per_gene_population_zscore_dataset_cell_type	table_6_dataset_cell_type_dataset_pair	w4_target_peer_spearman_logfc_pair_sd_score	mean_w4_target_peer_spearman_logfc_pair_sd_score	0.05209591632247512	0.05021660033365165	0.0544852491191699	0.0021343243927591272	bca	ok	0.95	2000	2000	114	114	86	pubchem_cid			95% BCa bootstrap CI clustered by PubChem compound; uncertainty is over the observed compound panel, not broader chemical space.
l1000_phase1	tahoe	per_gene_population_zscore_dataset_cell_type	table_6_dataset_cell_type_dataset_pair	w4_target_peer_spearman_logfc_pair_fraction_below_observed	mean_w4_target_peer_spearman_logfc_pair_fraction_below_observed	0.6285329965770047	0.5662732060350276	0.6866204843075487	0.06017363913626056	bca	ok	0.95	2000	2000	114	114	86	pubchem_cid			95% BCa bootstrap CI clustered by PubChem compound; uncertainty is over the observed compound panel, not broader chemical space.
l1000_phase1	tahoe	per_gene_population_zscore_dataset_cell_type	table_6_dataset_cell_type_dataset_pair	w4_target_peer_spearman_logfc_pair_corrected_percentile	mean_w4_target_peer_spearman_logfc_pair_corrected_percentile	0.6302521021163446	0.560308414007502	0.6883602427660961	0.06402591437929706	bca	ok	0.95	2000	2000	114	114	86	pubchem_cid			95% BCa bootstrap CI clustered by PubChem compound; uncertainty is over the observed compound panel, not broader chemical space.
l1000_phase2	cigs_mce	per_gene_population_zscore_dataset_cell_type	table_6_dataset_cell_type_dataset_pair	w4_observed_spearman_logfc	mean_w4_observed_spearman_logfc	0.1985543171605126	0.15534884399758842	0.24538542865473226	0.04501829232857192	bca	ok	0.95	2000	2000	68	68	68	pubchem_cid			95% BCa bootstrap CI clustered by PubChem compound; uncertainty is over the observed compound panel, not broader chemical space.
l1000_phase2	cigs_mce	per_gene_population_zscore_dataset_cell_type	table_6_dataset_cell_type_dataset_pair	w4_source_centroid_spearman_logfc_pair	mean_w4_source_centroid_spearman_logfc_pair	-0.3441989599288718	-0.38172750108293646	-0.31032038970091846	0.035703555691009	bca	ok	0.95	2000	2000	68	68	68	pubchem_cid			95% BCa bootstrap CI clustered by PubChem compound; uncertainty is over the observed compound panel, not broader chemical space.
l1000_phase2	cigs_mce	per_gene_population_zscore_dataset_cell_type	table_6_dataset_cell_type_dataset_pair	w4_delta_vs_source_centroid_spearman_logfc	mean_w4_delta_vs_source_centroid_spearman_logfc	0.5427532770893845	0.4980146294994003	0.5847366882408913	0.04336102937074551	bca	ok	0.95	2000	2000	68	68	68	pubchem_cid			95% BCa bootstrap CI clustered by PubChem compound; uncertainty is over the observed compound panel, not broader chemical space.
l1000_phase2	cigs_mce	per_gene_population_zscore_dataset_cell_type	table_6_dataset_cell_type_dataset_pair	w4_target_centroid_spearman_logfc_pair	mean_w4_target_centroid_spearman_logfc_pair	-0.030924563604757097	-0.04706860375679684	-0.016651409033083826	0.015208597361856507	bca	ok	0.95	2000	2000	68	68	68	pubchem_cid			95% BCa bootstrap CI clustered by PubChem compound; uncertainty is over the observed compound panel, not broader chemical space.
l1000_phase2	cigs_mce	per_gene_population_zscore_dataset_cell_type	table_6_dataset_cell_type_dataset_pair	w4_delta_vs_target_centroid_spearman_logfc	mean_w4_delta_vs_target_centroid_spearman_logfc	0.22947888076526973	0.1795275244986845	0.28801477535114944	0.05424362542623247	bca	ok	0.95	2000	2000	68	68	68	pubchem_cid			95% BCa bootstrap CI clustered by PubChem compound; uncertainty is over the observed compound panel, not broader chemical space.
l1000_phase2	cigs_mce	per_gene_population_zscore_dataset_cell_type	table_6_dataset_cell_type_dataset_pair	w4_source_peer_spearman_logfc_pair	mean_w4_source_peer_spearman_logfc_pair	0.055450453223169986	0.04235648071024616	0.06798484127795532	0.012814180283854577	bca	ok	0.95	2000	2000	68	68	68	pubchem_cid			95% BCa bootstrap CI clustered by PubChem compound; uncertainty is over the observed compound panel, not broader chemical space.
l1000_phase2	cigs_mce	per_gene_population_zscore_dataset_cell_type	table_6_dataset_cell_type_dataset_pair	w4_delta_vs_source_peer_spearman_logfc	mean_w4_delta_vs_source_peer_spearman_logfc	0.1431038639373426	0.10287799352813629	0.1852697670852822	0.04119588677857296	bca	ok	0.95	2000	2000	68	68	68	pubchem_cid			95% BCa bootstrap CI clustered by PubChem compound; uncertainty is over the observed compound panel, not broader chemical space.
l1000_phase2	cigs_mce	per_gene_population_zscore_dataset_cell_type	table_6_dataset_cell_type_dataset_pair	w4_source_peer_spearman_logfc_pair_sd_score	mean_w4_source_peer_spearman_logfc_pair_sd_score	0.14281445687516114	0.13448309632376693	0.15168142117012715	0.00859916242318011	bca	ok	0.95	2000	2000	68	68	68	pubchem_cid			95% BCa bootstrap CI clustered by PubChem compound; uncertainty is over the observed compound panel, not broader chemical space.
l1000_phase2	cigs_mce	per_gene_population_zscore_dataset_cell_type	table_6_dataset_cell_type_dataset_pair	w4_source_peer_spearman_logfc_pair_fraction_below_observed	mean_w4_source_peer_spearman_logfc_pair_fraction_below_observed	0.7203568644070404	0.6576110088319658	0.7718333300607029	0.05711116061436855	bca	ok	0.95	2000	2000	68	68	68	pubchem_cid			95% BCa bootstrap CI clustered by PubChem compound; uncertainty is over the observed compound panel, not broader chemical space.
l1000_phase2	cigs_mce	per_gene_population_zscore_dataset_cell_type	table_6_dataset_cell_type_dataset_pair	w4_source_peer_spearman_logfc_pair_corrected_percentile	mean_w4_source_peer_spearman_logfc_pair_corrected_percentile	0.7221266284253974	0.6596414027204494	0.7720179057384442	0.05618825150899742	bca	ok	0.95	2000	2000	68	68	68	pubchem_cid			95% BCa bootstrap CI clustered by PubChem compound; uncertainty is over the observed compound panel, not broader chemical space.
l1000_phase2	cigs_mce	per_gene_population_zscore_dataset_cell_type	table_6_dataset_cell_type_dataset_pair	w4_target_peer_spearman_logfc_pair	mean_w4_target_peer_spearman_logfc_pair	0.02325223310725914	0.016556173070687432	0.03052558106955474	0.006984703999433654	bca	ok	0.95	2000	2000	68	68	68	pubchem_cid			95% BCa bootstrap CI clustered by PubChem compound; uncertainty is over the observed compound panel, not broader chemical space.
l1000_phase2	cigs_mce	per_gene_population_zscore_dataset_cell_type	table_6_dataset_cell_type_dataset_pair	w4_delta_vs_target_peer_spearman_logfc	mean_w4_delta_vs_target_peer_spearman_logfc	0.17530208405325343	0.13559454267439738	0.2141495582134984	0.03927750776955051	bca	ok	0.95	2000	2000	68	68	68	pubchem_cid			95% BCa bootstrap CI clustered by PubChem compound; uncertainty is over the observed compound panel, not broader chemical space.
l1000_phase2	cigs_mce	per_gene_population_zscore_dataset_cell_type	table_6_dataset_cell_type_dataset_pair	w4_target_peer_spearman_logfc_pair_sd_score	mean_w4_target_peer_spearman_logfc_pair_sd_score	0.08117442798172242	0.07455725171682571	0.0882255600759401	0.006834154179557191	bca	ok	0.95	2000	2000	68	68	68	pubchem_cid			95% BCa bootstrap CI clustered by PubChem compound; uncertainty is over the observed compound panel, not broader chemical space.
l1000_phase2	cigs_mce	per_gene_population_zscore_dataset_cell_type	table_6_dataset_cell_type_dataset_pair	w4_target_peer_spearman_logfc_pair_fraction_below_observed	mean_w4_target_peer_spearman_logfc_pair_fraction_below_observed	0.8030195972712288	0.7272534950364387	0.8600737938463644	0.06641014940496287	bca	ok	0.95	2000	2000	68	68	68	pubchem_cid			95% BCa bootstrap CI clustered by PubChem compound; uncertainty is over the observed compound panel, not broader chemical space.
l1000_phase2	cigs_mce	per_gene_population_zscore_dataset_cell_type	table_6_dataset_cell_type_dataset_pair	w4_target_peer_spearman_logfc_pair_corrected_percentile	mean_w4_target_peer_spearman_logfc_pair_corrected_percentile	0.8041810710159693	0.727489996676516	0.8639395764480835	0.06822478988578373	bca	ok	0.95	2000	2000	68	68	68	pubchem_cid			95% BCa bootstrap CI clustered by PubChem compound; uncertainty is over the observed compound panel, not broader chemical space.
l1000_phase2	sciplex	per_gene_population_zscore_dataset_cell_type	table_6_dataset_cell_type_dataset_pair	w4_observed_spearman_logfc	mean_w4_observed_spearman_logfc	0.0984447008758634	0.07598630371759627	0.12853021343355964	0.026271954857981686	bca	ok	0.95	2000	2000	127	127	83	pubchem_cid			95% BCa bootstrap CI clustered by PubChem compound; uncertainty is over the observed compound panel, not broader chemical space.
l1000_phase2	sciplex	per_gene_population_zscore_dataset_cell_type	table_6_dataset_cell_type_dataset_pair	w4_source_centroid_spearman_logfc_pair	mean_w4_source_centroid_spearman_logfc_pair	0.0715712802745533	0.05602245305282987	0.08781868870879292	0.015898117827981523	bca	ok	0.95	2000	2000	127	127	83	pubchem_cid			95% BCa bootstrap CI clustered by PubChem compound; uncertainty is over the observed compound panel, not broader chemical space.
l1000_phase2	sciplex	per_gene_population_zscore_dataset_cell_type	table_6_dataset_cell_type_dataset_pair	w4_delta_vs_source_centroid_spearman_logfc	mean_w4_delta_vs_source_centroid_spearman_logfc	0.026873420601310108	0.006509727040897222	0.05388222002194271	0.023686246490522745	bca	ok	0.95	2000	2000	127	127	83	pubchem_cid			95% BCa bootstrap CI clustered by PubChem compound; uncertainty is over the observed compound panel, not broader chemical space.
l1000_phase2	sciplex	per_gene_population_zscore_dataset_cell_type	table_6_dataset_cell_type_dataset_pair	w4_target_centroid_spearman_logfc_pair	mean_w4_target_centroid_spearman_logfc_pair	0.02702011888096529	0.017771333262242214	0.03668216668605757	0.009455416711907676	bca	ok	0.95	2000	2000	127	127	83	pubchem_cid			95% BCa bootstrap CI clustered by PubChem compound; uncertainty is over the observed compound panel, not broader chemical space.
l1000_phase2	sciplex	per_gene_population_zscore_dataset_cell_type	table_6_dataset_cell_type_dataset_pair	w4_delta_vs_target_centroid_spearman_logfc	mean_w4_delta_vs_target_centroid_spearman_logfc	0.07142458199489814	0.051110177011617894	0.09992840946829332	0.02440911622833771	bca	ok	0.95	2000	2000	127	127	83	pubchem_cid			95% BCa bootstrap CI clustered by PubChem compound; uncertainty is over the observed compound panel, not broader chemical space.
l1000_phase2	sciplex	per_gene_population_zscore_dataset_cell_type	table_6_dataset_cell_type_dataset_pair	w4_source_peer_spearman_logfc_pair	mean_w4_source_peer_spearman_logfc_pair	0.013943355828588935	0.011090559189131684	0.016332843860232076	0.002621142335550196	bca	ok	0.95	2000	2000	127	127	83	pubchem_cid			95% BCa bootstrap CI clustered by PubChem compound; uncertainty is over the observed compound panel, not broader chemical space.
l1000_phase2	sciplex	per_gene_population_zscore_dataset_cell_type	table_6_dataset_cell_type_dataset_pair	w4_delta_vs_source_peer_spearman_logfc	mean_w4_delta_vs_source_peer_spearman_logfc	0.08450134504727443	0.060921056687974894	0.11729724495325383	0.02818809413263947	bca	ok	0.95	2000	2000	127	127	83	pubchem_cid			95% BCa bootstrap CI clustered by PubChem compound; uncertainty is over the observed compound panel, not broader chemical space.
l1000_phase2	sciplex	per_gene_population_zscore_dataset_cell_type	table_6_dataset_cell_type_dataset_pair	w4_source_peer_spearman_logfc_pair_sd_score	mean_w4_source_peer_spearman_logfc_pair_sd_score	0.11620120156515712	0.11233690221675295	0.12049402503301174	0.004078561408129393	bca	ok	0.95	2000	2000	127	127	83	pubchem_cid			95% BCa bootstrap CI clustered by PubChem compound; uncertainty is over the observed compound panel, not broader chemical space.
l1000_phase2	sciplex	per_gene_population_zscore_dataset_cell_type	table_6_dataset_cell_type_dataset_pair	w4_source_peer_spearman_logfc_pair_fraction_below_observed	mean_w4_source_peer_spearman_logfc_pair_fraction_below_observed	0.6646761035108839	0.6393353778665316	0.6958316032190738	0.028248112676271087	bca	ok	0.95	2000	2000	127	127	83	pubchem_cid			95% BCa bootstrap CI clustered by PubChem compound; uncertainty is over the observed compound panel, not broader chemical space.
l1000_phase2	sciplex	per_gene_population_zscore_dataset_cell_type	table_6_dataset_cell_type_dataset_pair	w4_source_peer_spearman_logfc_pair_corrected_percentile	mean_w4_source_peer_spearman_logfc_pair_corrected_percentile	0.6661962298061405	0.6373052104324112	0.6976637681337899	0.030179278850689384	bca	ok	0.95	2000	2000	127	127	83	pubchem_cid			95% BCa bootstrap CI clustered by PubChem compound; uncertainty is over the observed compound panel, not broader chemical space.
l1000_phase2	sciplex	per_gene_population_zscore_dataset_cell_type	table_6_dataset_cell_type_dataset_pair	w4_target_peer_spearman_logfc_pair	mean_w4_target_peer_spearman_logfc_pair	0.0028946602290707306	0.00141431266059787	0.004108829171479705	0.0013472582554409176	bca	ok	0.95	2000	2000	127	127	83	pubchem_cid			95% BCa bootstrap CI clustered by PubChem compound; uncertainty is over the observed compound panel, not broader chemical space.
l1000_phase2	sciplex	per_gene_population_zscore_dataset_cell_type	table_6_dataset_cell_type_dataset_pair	w4_delta_vs_target_peer_spearman_logfc	mean_w4_delta_vs_target_peer_spearman_logfc	0.09555004064679266	0.07354461601332665	0.13065086476829657	0.02855312437748496	bca	ok	0.95	2000	2000	127	127	83	pubchem_cid			95% BCa bootstrap CI clustered by PubChem compound; uncertainty is over the observed compound panel, not broader chemical space.
l1000_phase2	sciplex	per_gene_population_zscore_dataset_cell_type	table_6_dataset_cell_type_dataset_pair	w4_target_peer_spearman_logfc_pair_sd_score	mean_w4_target_peer_spearman_logfc_pair_sd_score	0.05417940628185198	0.05149623910010688	0.057748174987893315	0.0031259679438932174	bca	ok	0.95	2000	2000	127	127	83	pubchem_cid			95% BCa bootstrap CI clustered by PubChem compound; uncertainty is over the observed compound panel, not broader chemical space.
l1000_phase2	sciplex	per_gene_population_zscore_dataset_cell_type	table_6_dataset_cell_type_dataset_pair	w4_target_peer_spearman_logfc_pair_fraction_below_observed	mean_w4_target_peer_spearman_logfc_pair_fraction_below_observed	0.7368827490731874	0.7008109825428794	0.7692175805388404	0.03420329899798047	bca	ok	0.95	2000	2000	127	127	83	pubchem_cid			95% BCa bootstrap CI clustered by PubChem compound; uncertainty is over the observed compound panel, not broader chemical space.
l1000_phase2	sciplex	per_gene_population_zscore_dataset_cell_type	table_6_dataset_cell_type_dataset_pair	w4_target_peer_spearman_logfc_pair_corrected_percentile	mean_w4_target_peer_spearman_logfc_pair_corrected_percentile	0.7381071351624438	0.7032221374428208	0.7729560995416261	0.03486698104940267	bca	ok	0.95	2000	2000	127	127	83	pubchem_cid			95% BCa bootstrap CI clustered by PubChem compound; uncertainty is over the observed compound panel, not broader chemical space.
l1000_phase2	tahoe	per_gene_population_zscore_dataset_cell_type	table_6_dataset_cell_type_dataset_pair	w4_observed_spearman_logfc	mean_w4_observed_spearman_logfc	0.033128724104026036	0.020968780189603475	0.05054019568708947	0.014785707748742999	bca	ok	0.95	2000	2000	134	134	110	pubchem_cid			95% BCa bootstrap CI clustered by PubChem compound; uncertainty is over the observed compound panel, not broader chemical space.
l1000_phase2	tahoe	per_gene_population_zscore_dataset_cell_type	table_6_dataset_cell_type_dataset_pair	w4_source_centroid_spearman_logfc_pair	mean_w4_source_centroid_spearman_logfc_pair	0.09855018226731532	0.08242074510710623	0.11312028245673435	0.015349768674814059	bca	ok	0.95	2000	2000	134	134	110	pubchem_cid			95% BCa bootstrap CI clustered by PubChem compound; uncertainty is over the observed compound panel, not broader chemical space.
l1000_phase2	tahoe	per_gene_population_zscore_dataset_cell_type	table_6_dataset_cell_type_dataset_pair	w4_delta_vs_source_centroid_spearman_logfc	mean_w4_delta_vs_source_centroid_spearman_logfc	-0.0654214581632893	-0.08646773810346009	-0.03818468879497097	0.02414152465424456	bca	ok	0.95	2000	2000	134	134	110	pubchem_cid			95% BCa bootstrap CI clustered by PubChem compound; uncertainty is over the observed compound panel, not broader chemical space.
l1000_phase2	tahoe	per_gene_population_zscore_dataset_cell_type	table_6_dataset_cell_type_dataset_pair	w4_target_centroid_spearman_logfc_pair	mean_w4_target_centroid_spearman_logfc_pair	-0.0007642852008855747	-0.005922935729401722	0.004380728143429187	0.005151831936415455	bca	ok	0.95	2000	2000	134	134	110	pubchem_cid			95% BCa bootstrap CI clustered by PubChem compound; uncertainty is over the observed compound panel, not broader chemical space.
l1000_phase2	tahoe	per_gene_population_zscore_dataset_cell_type	table_6_dataset_cell_type_dataset_pair	w4_delta_vs_target_centroid_spearman_logfc	mean_w4_delta_vs_target_centroid_spearman_logfc	0.033893009304911605	0.021762457611366814	0.04989232528347279	0.014064933836052987	bca	ok	0.95	2000	2000	134	134	110	pubchem_cid			95% BCa bootstrap CI clustered by PubChem compound; uncertainty is over the observed compound panel, not broader chemical space.
l1000_phase2	tahoe	per_gene_population_zscore_dataset_cell_type	table_6_dataset_cell_type_dataset_pair	w4_source_peer_spearman_logfc_pair	mean_w4_source_peer_spearman_logfc_pair	0.024018560201707978	0.018756196097138782	0.02783132877846346	0.0045375663406623384	bca	ok	0.95	2000	2000	134	134	110	pubchem_cid			95% BCa bootstrap CI clustered by PubChem compound; uncertainty is over the observed compound panel, not broader chemical space.
l1000_phase2	tahoe	per_gene_population_zscore_dataset_cell_type	table_6_dataset_cell_type_dataset_pair	w4_delta_vs_source_peer_spearman_logfc	mean_w4_delta_vs_source_peer_spearman_logfc	0.009110163902318034	-0.006121606400579757	0.028871357810795938	0.017496482105687848	bca	ok	0.95	2000	2000	134	134	110	pubchem_cid			95% BCa bootstrap CI clustered by PubChem compound; uncertainty is over the observed compound panel, not broader chemical space.
l1000_phase2	tahoe	per_gene_population_zscore_dataset_cell_type	table_6_dataset_cell_type_dataset_pair	w4_source_peer_spearman_logfc_pair_sd_score	mean_w4_source_peer_spearman_logfc_pair_sd_score	0.12886710862802692	0.12488797090231207	0.13360164590456733	0.004356837501127628	bca	ok	0.95	2000	2000	134	134	110	pubchem_cid			95% BCa bootstrap CI clustered by PubChem compound; uncertainty is over the observed compound panel, not broader chemical space.
l1000_phase2	tahoe	per_gene_population_zscore_dataset_cell_type	table_6_dataset_cell_type_dataset_pair	w4_source_peer_spearman_logfc_pair_fraction_below_observed	mean_w4_source_peer_spearman_logfc_pair_fraction_below_observed	0.495289112366567	0.46573201183575186	0.5287682334728386	0.03151811081854339	bca	ok	0.95	2000	2000	134	134	110	pubchem_cid			95% BCa bootstrap CI clustered by PubChem compound; uncertainty is over the observed compound panel, not broader chemical space.
l1000_phase2	tahoe	per_gene_population_zscore_dataset_cell_type	table_6_dataset_cell_type_dataset_pair	w4_source_peer_spearman_logfc_pair_corrected_percentile	mean_w4_source_peer_spearman_logfc_pair_corrected_percentile	0.4972529679604712	0.46920004872755783	0.5313508232785379	0.03107538727549003	bca	ok	0.95	2000	2000	134	134	110	pubchem_cid			95% BCa bootstrap CI clustered by PubChem compound; uncertainty is over the observed compound panel, not broader chemical space.
l1000_phase2	tahoe	per_gene_population_zscore_dataset_cell_type	table_6_dataset_cell_type_dataset_pair	w4_target_peer_spearman_logfc_pair	mean_w4_target_peer_spearman_logfc_pair	-0.0004843079772467622	-0.0019819369126550697	0.0010383495397574256	0.0015101432262062476	bca	ok	0.95	2000	2000	134	134	110	pubchem_cid			95% BCa bootstrap CI clustered by PubChem compound; uncertainty is over the observed compound panel, not broader chemical space.
l1000_phase2	tahoe	per_gene_population_zscore_dataset_cell_type	table_6_dataset_cell_type_dataset_pair	w4_delta_vs_target_peer_spearman_logfc	mean_w4_delta_vs_target_peer_spearman_logfc	0.03361303208127279	0.021509027793179366	0.05052525164760282	0.014508111927211726	bca	ok	0.95	2000	2000	134	134	110	pubchem_cid			95% BCa bootstrap CI clustered by PubChem compound; uncertainty is over the observed compound panel, not broader chemical space.
l1000_phase2	tahoe	per_gene_population_zscore_dataset_cell_type	table_6_dataset_cell_type_dataset_pair	w4_target_peer_spearman_logfc_pair_sd_score	mean_w4_target_peer_spearman_logfc_pair_sd_score	0.054543071559951424	0.05297173407542203	0.05648113769235205	0.001754701808465011	bca	ok	0.95	2000	2000	134	134	110	pubchem_cid			95% BCa bootstrap CI clustered by PubChem compound; uncertainty is over the observed compound panel, not broader chemical space.
l1000_phase2	tahoe	per_gene_population_zscore_dataset_cell_type	table_6_dataset_cell_type_dataset_pair	w4_target_peer_spearman_logfc_pair_fraction_below_observed	mean_w4_target_peer_spearman_logfc_pair_fraction_below_observed	0.595758494775009	0.561881072190344	0.6322543108721472	0.035186619340901615	bca	ok	0.95	2000	2000	134	134	110	pubchem_cid			95% BCa bootstrap CI clustered by PubChem compound; uncertainty is over the observed compound panel, not broader chemical space.
l1000_phase2	tahoe	per_gene_population_zscore_dataset_cell_type	table_6_dataset_cell_type_dataset_pair	w4_target_peer_spearman_logfc_pair_corrected_percentile	mean_w4_target_peer_spearman_logfc_pair_corrected_percentile	0.5973314189198532	0.561780706225488	0.6354401228392296	0.03682970830687077	bca	ok	0.95	2000	2000	134	134	110	pubchem_cid			95% BCa bootstrap CI clustered by PubChem compound; uncertainty is over the observed compound panel, not broader chemical space.
tahoe	sciplex	per_gene_population_zscore_dataset_cell_type	table_6_dataset_cell_type_dataset_pair	w4_observed_spearman_logfc	mean_w4_observed_spearman_logfc	0.05681642052700636	0.025362404650889996	0.12461619319661803	0.049626894272864014	bca	ok	0.95	2000	2000	23	23	23	pubchem_cid			95% BCa bootstrap CI clustered by PubChem compound; uncertainty is over the observed compound panel, not broader chemical space.
tahoe	sciplex	per_gene_population_zscore_dataset_cell_type	table_6_dataset_cell_type_dataset_pair	w4_source_centroid_spearman_logfc_pair	mean_w4_source_centroid_spearman_logfc_pair	0.10449225332765039	0.08784860210603351	0.12264690679668672	0.0173991523453266	bca	ok	0.95	2000	2000	23	23	23	pubchem_cid			95% BCa bootstrap CI clustered by PubChem compound; uncertainty is over the observed compound panel, not broader chemical space.
tahoe	sciplex	per_gene_population_zscore_dataset_cell_type	table_6_dataset_cell_type_dataset_pair	w4_delta_vs_source_centroid_spearman_logfc	mean_w4_delta_vs_source_centroid_spearman_logfc	-0.04767583280064401	-0.08243821760763806	0.03666960942072458	0.05955391351418132	bca	ok	0.95	2000	2000	23	23	23	pubchem_cid			95% BCa bootstrap CI clustered by PubChem compound; uncertainty is over the observed compound panel, not broader chemical space.
tahoe	sciplex	per_gene_population_zscore_dataset_cell_type	table_6_dataset_cell_type_dataset_pair	w4_target_centroid_spearman_logfc_pair	mean_w4_target_centroid_spearman_logfc_pair	0.003320745430759821	-0.005052630745967537	0.012071748446643946	0.008562189596305742	bca	ok	0.95	2000	2000	23	23	23	pubchem_cid			95% BCa bootstrap CI clustered by PubChem compound; uncertainty is over the observed compound panel, not broader chemical space.
tahoe	sciplex	per_gene_population_zscore_dataset_cell_type	table_6_dataset_cell_type_dataset_pair	w4_delta_vs_target_centroid_spearman_logfc	mean_w4_delta_vs_target_centroid_spearman_logfc	0.05349567509624655	0.021092104198998318	0.1293871997647914	0.05414754778289654	bca	ok	0.95	2000	2000	23	23	23	pubchem_cid			95% BCa bootstrap CI clustered by PubChem compound; uncertainty is over the observed compound panel, not broader chemical space.
tahoe	sciplex	per_gene_population_zscore_dataset_cell_type	table_6_dataset_cell_type_dataset_pair	w4_source_peer_spearman_logfc_pair	mean_w4_source_peer_spearman_logfc_pair	0.016723108900662798	0.011415241922479908	0.020832219916231114	0.004708488996875603	bca	ok	0.95	2000	2000	23	23	23	pubchem_cid			95% BCa bootstrap CI clustered by PubChem compound; uncertainty is over the observed compound panel, not broader chemical space.
tahoe	sciplex	per_gene_population_zscore_dataset_cell_type	table_6_dataset_cell_type_dataset_pair	w4_delta_vs_source_peer_spearman_logfc	mean_w4_delta_vs_source_peer_spearman_logfc	0.04009331162634357	0.007030347296438761	0.11034472440045344	0.05165718855200734	bca	ok	0.95	2000	2000	23	23	23	pubchem_cid			95% BCa bootstrap CI clustered by PubChem compound; uncertainty is over the observed compound panel, not broader chemical space.
tahoe	sciplex	per_gene_population_zscore_dataset_cell_type	table_6_dataset_cell_type_dataset_pair	w4_source_peer_spearman_logfc_pair_sd_score	mean_w4_source_peer_spearman_logfc_pair_sd_score	0.1210903357313185	0.11582512152007725	0.1260520167815459	0.005113447630734326	bca	ok	0.95	2000	2000	23	23	23	pubchem_cid			95% BCa bootstrap CI clustered by PubChem compound; uncertainty is over the observed compound panel, not broader chemical space.
tahoe	sciplex	per_gene_population_zscore_dataset_cell_type	table_6_dataset_cell_type_dataset_pair	w4_source_peer_spearman_logfc_pair_fraction_below_observed	mean_w4_source_peer_spearman_logfc_pair_fraction_below_observed	0.6145726901265207	0.5654335677828384	0.6851085679598229	0.05983750008849226	bca	ok	0.95	2000	2000	23	23	23	pubchem_cid			95% BCa bootstrap CI clustered by PubChem compound; uncertainty is over the observed compound panel, not broader chemical space.
tahoe	sciplex	per_gene_population_zscore_dataset_cell_type	table_6_dataset_cell_type_dataset_pair	w4_source_peer_spearman_logfc_pair_corrected_percentile	mean_w4_source_peer_spearman_logfc_pair_corrected_percentile	0.6163267307955992	0.5670220565259582	0.6853169948478135	0.05914746916092767	bca	ok	0.95	2000	2000	23	23	23	pubchem_cid			95% BCa bootstrap CI clustered by PubChem compound; uncertainty is over the observed compound panel, not broader chemical space.
tahoe	sciplex	per_gene_population_zscore_dataset_cell_type	table_6_dataset_cell_type_dataset_pair	w4_target_peer_spearman_logfc_pair	mean_w4_target_peer_spearman_logfc_pair	0.0001919872184151523	-0.0017829723536810377	0.001917066999992791	0.0018500196768369143	bca	ok	0.95	2000	2000	23	23	23	pubchem_cid			95% BCa bootstrap CI clustered by PubChem compound; uncertainty is over the observed compound panel, not broader chemical space.
tahoe	sciplex	per_gene_population_zscore_dataset_cell_type	table_6_dataset_cell_type_dataset_pair	w4_delta_vs_target_peer_spearman_logfc	mean_w4_delta_vs_target_peer_spearman_logfc	0.05662443330859122	0.02450696353834845	0.12178891074117665	0.0486409736014141	bca	ok	0.95	2000	2000	23	23	23	pubchem_cid			95% BCa bootstrap CI clustered by PubChem compound; uncertainty is over the observed compound panel, not broader chemical space.
tahoe	sciplex	per_gene_population_zscore_dataset_cell_type	table_6_dataset_cell_type_dataset_pair	w4_target_peer_spearman_logfc_pair_sd_score	mean_w4_target_peer_spearman_logfc_pair_sd_score	0.03843692854074134	0.033565815475824226	0.04596618968417387	0.006200187104174821	bca	ok	0.95	2000	2000	23	23	23	pubchem_cid			95% BCa bootstrap CI clustered by PubChem compound; uncertainty is over the observed compound panel, not broader chemical space.
tahoe	sciplex	per_gene_population_zscore_dataset_cell_type	table_6_dataset_cell_type_dataset_pair	w4_target_peer_spearman_logfc_pair_fraction_below_observed	mean_w4_target_peer_spearman_logfc_pair_fraction_below_observed	0.6552657385554993	0.5822692355986357	0.7369478105594301	0.0773392874803972	bca	ok	0.95	2000	2000	23	23	23	pubchem_cid			95% BCa bootstrap CI clustered by PubChem compound; uncertainty is over the observed compound panel, not broader chemical space.
tahoe	sciplex	per_gene_population_zscore_dataset_cell_type	table_6_dataset_cell_type_dataset_pair	w4_target_peer_spearman_logfc_pair_corrected_percentile	mean_w4_target_peer_spearman_logfc_pair_corrected_percentile	0.656889473591529	0.5806276765566555	0.7413769957051922	0.08037465957426837	bca	ok	0.95	2000	2000	23	23	23	pubchem_cid			95% BCa bootstrap CI clustered by PubChem compound; uncertainty is over the observed compound panel, not broader chemical space.
