dataset_pair	dataset_a	dataset_b	similarity_metric	scale_variant	metric	mean	ci_low	ci_high	ci_method	ci_status	ci_level	n_bootstrap_iterations	n_rows	n_finite_rows	n_compounds	uncertainty_scope
Cigs Mce–Cigs Tcm	cigs_mce	cigs_tcm	cosine	per_gene_population_zscore_dataset	delta_vs_source_peer_normalized_rank	0.0448656355448133	0.029591947025318	0.0589720594635084	bca	ok	0.95	2000	11042	11042	974	95% BCa bootstrap CI clustered by PubChem compound; uncertainty is over the observed compound panel, not broader chemical space.
Cigs Mce–Cigs Tcm	cigs_mce	cigs_tcm	cosine	per_gene_population_zscore_dataset	delta_vs_target_peer_normalized_rank	0.0977494168026212	0.0824973342536687	0.1116410108740198	bca	ok	0.95	2000	11042	11042	974	95% BCa bootstrap CI clustered by PubChem compound; uncertainty is over the observed compound panel, not broader chemical space.
Cigs Mce–Cigs Tcm	cigs_mce	cigs_tcm	cosine	per_gene_population_zscore_dataset	observed_auroc	0.5990551798516107	0.5851430144696426	0.6136537922129698	bca	ok	0.95	2000	11042	11042	974	95% BCa bootstrap CI clustered by PubChem compound; uncertainty is over the observed compound panel, not broader chemical space.
Cigs Mce–Cigs Tcm	cigs_mce	cigs_tcm	cosine	per_gene_population_zscore_dataset	observed_normalized_best_positive_rank	0.5993235486494435	0.5851870659235131	0.6136690290341097	bca	ok	0.95	2000	11042	11042	974	95% BCa bootstrap CI clustered by PubChem compound; uncertainty is over the observed compound panel, not broader chemical space.
Cigs Mce–Cigs Tcm	cigs_mce	cigs_tcm	cosine	per_gene_population_zscore_dataset	observed_recall_at_1	0.0266933334981861	0.0201719861605689	0.0353260246132037	bca	ok	0.95	2000	11042	11042	974	95% BCa bootstrap CI clustered by PubChem compound; uncertainty is over the observed compound panel, not broader chemical space.
Cigs Mce–Cigs Tcm	cigs_mce	cigs_tcm	cosine	per_gene_population_zscore_dataset	source_individual_corrected_percentile	0.5313090405321186	0.5195458063030846	0.5424781673034018	bca	ok	0.95	2000	11042	11042	974	95% BCa bootstrap CI clustered by PubChem compound; uncertainty is over the observed compound panel, not broader chemical space.
Cigs Mce–Cigs Tcm	cigs_mce	cigs_tcm	cosine	per_gene_population_zscore_dataset	source_peer_normalized_rank	0.5544579131046298	0.5517678486364814	0.5571526960046508	bca	ok	0.95	2000	11042	11042	974	95% BCa bootstrap CI clustered by PubChem compound; uncertainty is over the observed compound panel, not broader chemical space.
Cigs Mce–Cigs Tcm	cigs_mce	cigs_tcm	cosine	per_gene_population_zscore_dataset	target_individual_corrected_percentile	0.5997948931205414	0.5856518540381831	0.6149918868571072	bca	ok	0.95	2000	11042	11042	974	95% BCa bootstrap CI clustered by PubChem compound; uncertainty is over the observed compound panel, not broader chemical space.
Cigs Mce–Cigs Tcm	cigs_mce	cigs_tcm	cosine	per_gene_population_zscore_dataset	target_peer_normalized_rank	0.5015741318468222	0.5009732283709859	0.502405981268336	bca	ok	0.95	2000	11042	11042	974	95% BCa bootstrap CI clustered by PubChem compound; uncertainty is over the observed compound panel, not broader chemical space.
L1000 Phase1–Cigs Mce	l1000_phase1	cigs_mce	cosine	per_gene_population_zscore_dataset	delta_vs_source_peer_normalized_rank	-0.091014367651144	-0.1838426636171772	0.0026711880630694	bca	ok	0.95	2000	855	855	124	95% BCa bootstrap CI clustered by PubChem compound; uncertainty is over the observed compound panel, not broader chemical space.
L1000 Phase1–Cigs Mce	l1000_phase1	cigs_mce	cosine	per_gene_population_zscore_dataset	delta_vs_target_peer_normalized_rank	0.0898330579531685	0.0130428101915788	0.1695651578764898	bca	ok	0.95	2000	855	855	124	95% BCa bootstrap CI clustered by PubChem compound; uncertainty is over the observed compound panel, not broader chemical space.
L1000 Phase1–Cigs Mce	l1000_phase1	cigs_mce	cosine	per_gene_population_zscore_dataset	observed_auroc	0.6077766143682265	0.5333225271420163	0.6947678534213457	bca	ok	0.95	2000	855	855	124	95% BCa bootstrap CI clustered by PubChem compound; uncertainty is over the observed compound panel, not broader chemical space.
L1000 Phase1–Cigs Mce	l1000_phase1	cigs_mce	cosine	per_gene_population_zscore_dataset	observed_normalized_best_positive_rank	0.6164528599844421	0.5461027517161751	0.6988047609650702	bca	ok	0.95	2000	855	855	124	95% BCa bootstrap CI clustered by PubChem compound; uncertainty is over the observed compound panel, not broader chemical space.
L1000 Phase1–Cigs Mce	l1000_phase1	cigs_mce	cosine	per_gene_population_zscore_dataset	observed_recall_at_1	0.0796537996371699	0.0392921127451471	0.1951877655269046	bca	ok	0.95	2000	855	855	124	95% BCa bootstrap CI clustered by PubChem compound; uncertainty is over the observed compound panel, not broader chemical space.
L1000 Phase1–Cigs Mce	l1000_phase1	cigs_mce	cosine	per_gene_population_zscore_dataset	source_individual_corrected_percentile	0.4160313275146164	0.3588320027119693	0.5053393927936132	bca	ok	0.95	2000	855	855	124	95% BCa bootstrap CI clustered by PubChem compound; uncertainty is over the observed compound panel, not broader chemical space.
L1000 Phase1–Cigs Mce	l1000_phase1	cigs_mce	cosine	per_gene_population_zscore_dataset	source_peer_normalized_rank	0.7074672276355861	0.6656389000316176	0.737346919116094	bca	ok	0.95	2000	855	855	124	95% BCa bootstrap CI clustered by PubChem compound; uncertainty is over the observed compound panel, not broader chemical space.
L1000 Phase1–Cigs Mce	l1000_phase1	cigs_mce	cosine	per_gene_population_zscore_dataset	target_individual_corrected_percentile	0.6006201865507397	0.5250829909817419	0.687107369103009	bca	ok	0.95	2000	855	855	124	95% BCa bootstrap CI clustered by PubChem compound; uncertainty is over the observed compound panel, not broader chemical space.
L1000 Phase1–Cigs Mce	l1000_phase1	cigs_mce	cosine	per_gene_population_zscore_dataset	target_peer_normalized_rank	0.5266198020312736	0.5221255472980081	0.5307240229090713	bca	ok	0.95	2000	855	855	124	95% BCa bootstrap CI clustered by PubChem compound; uncertainty is over the observed compound panel, not broader chemical space.
L1000 Phase1–L1000 Phase2	l1000_phase1	l1000_phase2	cosine	per_gene_population_zscore_dataset	delta_vs_source_peer_normalized_rank	0.1436033777669272	0.0980373818949968	0.1948935438366753	bca	ok	0.95	2000	21857	21576	257	95% BCa bootstrap CI clustered by PubChem compound; uncertainty is over the observed compound panel, not broader chemical space.
L1000 Phase1–L1000 Phase2	l1000_phase1	l1000_phase2	cosine	per_gene_population_zscore_dataset	delta_vs_target_peer_normalized_rank	0.2395077926205234	0.2002627440923232	0.2878154101386854	bca	ok	0.95	2000	21857	21442	257	95% BCa bootstrap CI clustered by PubChem compound; uncertainty is over the observed compound panel, not broader chemical space.
L1000 Phase1–L1000 Phase2	l1000_phase1	l1000_phase2	cosine	per_gene_population_zscore_dataset	observed_auroc	0.7728956717106041	0.7381008081906153	0.8214212724864679	bca	ok	0.95	2000	21857	21857	257	95% BCa bootstrap CI clustered by PubChem compound; uncertainty is over the observed compound panel, not broader chemical space.
L1000 Phase1–L1000 Phase2	l1000_phase1	l1000_phase2	cosine	per_gene_population_zscore_dataset	observed_normalized_best_positive_rank	0.775294631360553	0.7389662248414602	0.8205296055527549	bca	ok	0.95	2000	21857	21857	257	95% BCa bootstrap CI clustered by PubChem compound; uncertainty is over the observed compound panel, not broader chemical space.
L1000 Phase1–L1000 Phase2	l1000_phase1	l1000_phase2	cosine	per_gene_population_zscore_dataset	observed_recall_at_1	0.2507131784281786	0.1867915992904138	0.3448310530863048	bca	ok	0.95	2000	21857	21857	257	95% BCa bootstrap CI clustered by PubChem compound; uncertainty is over the observed compound panel, not broader chemical space.
L1000 Phase1–L1000 Phase2	l1000_phase1	l1000_phase2	cosine	per_gene_population_zscore_dataset	source_individual_corrected_percentile	0.65594307137198	0.6062164713665511	0.7240156495994217	bca	ok	0.95	2000	21857	21576	257	95% BCa bootstrap CI clustered by PubChem compound; uncertainty is over the observed compound panel, not broader chemical space.
L1000 Phase1–L1000 Phase2	l1000_phase1	l1000_phase2	cosine	per_gene_population_zscore_dataset	source_peer_normalized_rank	0.6300312762181982	0.6162982539596217	0.6460109273445561	bca	ok	0.95	2000	21857	21576	257	95% BCa bootstrap CI clustered by PubChem compound; uncertainty is over the observed compound panel, not broader chemical space.
L1000 Phase1–L1000 Phase2	l1000_phase1	l1000_phase2	cosine	per_gene_population_zscore_dataset	target_individual_corrected_percentile	0.7690864719064918	0.7324818557506612	0.813629681696494	bca	ok	0.95	2000	21857	21442	257	95% BCa bootstrap CI clustered by PubChem compound; uncertainty is over the observed compound panel, not broader chemical space.
L1000 Phase1–L1000 Phase2	l1000_phase1	l1000_phase2	cosine	per_gene_population_zscore_dataset	target_peer_normalized_rank	0.5304431021090932	0.5226569469271921	0.5402487387611854	bca	ok	0.95	2000	21857	21442	257	95% BCa bootstrap CI clustered by PubChem compound; uncertainty is over the observed compound panel, not broader chemical space.
L1000 Phase1–Sciplex	l1000_phase1	sciplex	cosine	per_gene_population_zscore_dataset	delta_vs_source_peer_normalized_rank	0.0647817004643808	0.0238550527605158	0.1059023222729883	bca	ok	0.95	2000	1897	1876	90	95% BCa bootstrap CI clustered by PubChem compound; uncertainty is over the observed compound panel, not broader chemical space.
L1000 Phase1–Sciplex	l1000_phase1	sciplex	cosine	per_gene_population_zscore_dataset	delta_vs_target_peer_normalized_rank	0.1605125271003508	0.116317294481648	0.2026128347942201	bca	ok	0.95	2000	1897	1887	90	95% BCa bootstrap CI clustered by PubChem compound; uncertainty is over the observed compound panel, not broader chemical space.
L1000 Phase1–Sciplex	l1000_phase1	sciplex	cosine	per_gene_population_zscore_dataset	observed_auroc	0.6836065636683843	0.6435315682412055	0.7223957268706156	bca	ok	0.95	2000	1897	1897	90	95% BCa bootstrap CI clustered by PubChem compound; uncertainty is over the observed compound panel, not broader chemical space.
L1000 Phase1–Sciplex	l1000_phase1	sciplex	cosine	per_gene_population_zscore_dataset	observed_normalized_best_positive_rank	0.6841549277142749	0.6421479114740558	0.7257799011089792	bca	ok	0.95	2000	1897	1897	90	95% BCa bootstrap CI clustered by PubChem compound; uncertainty is over the observed compound panel, not broader chemical space.
L1000 Phase1–Sciplex	l1000_phase1	sciplex	cosine	per_gene_population_zscore_dataset	observed_recall_at_1	0.0564082335090647	0.0322697507853287	0.1031104099982235	bca	ok	0.95	2000	1897	1897	90	95% BCa bootstrap CI clustered by PubChem compound; uncertainty is over the observed compound panel, not broader chemical space.
L1000 Phase1–Sciplex	l1000_phase1	sciplex	cosine	per_gene_population_zscore_dataset	source_individual_corrected_percentile	0.5294986602394696	0.4958100131686159	0.576078343495754	bca	ok	0.95	2000	1897	1876	90	95% BCa bootstrap CI clustered by PubChem compound; uncertainty is over the observed compound panel, not broader chemical space.
L1000 Phase1–Sciplex	l1000_phase1	sciplex	cosine	per_gene_population_zscore_dataset	source_peer_normalized_rank	0.6201054281200189	0.6032605034714756	0.6357716377346039	bca	ok	0.95	2000	1897	1876	90	95% BCa bootstrap CI clustered by PubChem compound; uncertainty is over the observed compound panel, not broader chemical space.
L1000 Phase1–Sciplex	l1000_phase1	sciplex	cosine	per_gene_population_zscore_dataset	target_individual_corrected_percentile	0.6753610510692764	0.6340796262427911	0.7157067149128029	bca	ok	0.95	2000	1897	1887	90	95% BCa bootstrap CI clustered by PubChem compound; uncertainty is over the observed compound panel, not broader chemical space.
L1000 Phase1–Sciplex	l1000_phase1	sciplex	cosine	per_gene_population_zscore_dataset	target_peer_normalized_rank	0.5239399479313467	0.5173918038605321	0.5309296719659775	bca	ok	0.95	2000	1897	1887	90	95% BCa bootstrap CI clustered by PubChem compound; uncertainty is over the observed compound panel, not broader chemical space.
L1000 Phase1–Tahoe	l1000_phase1	tahoe	cosine	per_gene_population_zscore_dataset	delta_vs_source_peer_normalized_rank	-0.0069824087925285	-0.0669245670138094	0.0558607244998602	bca	ok	0.95	2000	692	675	86	95% BCa bootstrap CI clustered by PubChem compound; uncertainty is over the observed compound panel, not broader chemical space.
L1000 Phase1–Tahoe	l1000_phase1	tahoe	cosine	per_gene_population_zscore_dataset	delta_vs_target_peer_normalized_rank	0.1362758957482927	0.066550623321149	0.2073140378928548	bca	ok	0.95	2000	692	687	86	95% BCa bootstrap CI clustered by PubChem compound; uncertainty is over the observed compound panel, not broader chemical space.
L1000 Phase1–Tahoe	l1000_phase1	tahoe	cosine	per_gene_population_zscore_dataset	observed_auroc	0.6544081733552428	0.5864156931516153	0.7187664546037184	bca	ok	0.95	2000	692	692	86	95% BCa bootstrap CI clustered by PubChem compound; uncertainty is over the observed compound panel, not broader chemical space.
L1000 Phase1–Tahoe	l1000_phase1	tahoe	cosine	per_gene_population_zscore_dataset	observed_normalized_best_positive_rank	0.6555879448419628	0.5891313965584138	0.7216902522109014	bca	ok	0.95	2000	692	692	86	95% BCa bootstrap CI clustered by PubChem compound; uncertainty is over the observed compound panel, not broader chemical space.
L1000 Phase1–Tahoe	l1000_phase1	tahoe	cosine	per_gene_population_zscore_dataset	observed_recall_at_1	0.0943544475065473	0.0453035271324852	0.1719958530863643	bca	ok	0.95	2000	692	692	86	95% BCa bootstrap CI clustered by PubChem compound; uncertainty is over the observed compound panel, not broader chemical space.
L1000 Phase1–Tahoe	l1000_phase1	tahoe	cosine	per_gene_population_zscore_dataset	source_individual_corrected_percentile	0.4888229595174767	0.4355684731523209	0.5770691922739385	bca	ok	0.95	2000	692	675	86	95% BCa bootstrap CI clustered by PubChem compound; uncertainty is over the observed compound panel, not broader chemical space.
L1000 Phase1–Tahoe	l1000_phase1	tahoe	cosine	per_gene_population_zscore_dataset	source_peer_normalized_rank	0.6582242603748873	0.62931851346889	0.6822978653462266	bca	ok	0.95	2000	692	675	86	95% BCa bootstrap CI clustered by PubChem compound; uncertainty is over the observed compound panel, not broader chemical space.
L1000 Phase1–Tahoe	l1000_phase1	tahoe	cosine	per_gene_population_zscore_dataset	target_individual_corrected_percentile	0.6547882461783135	0.5834437933543934	0.7291795817163923	bca	ok	0.95	2000	692	687	86	95% BCa bootstrap CI clustered by PubChem compound; uncertainty is over the observed compound panel, not broader chemical space.
L1000 Phase1–Tahoe	l1000_phase1	tahoe	cosine	per_gene_population_zscore_dataset	target_peer_normalized_rank	0.5128741798000471	0.5018256739829277	0.5203846816812236	bca	ok	0.95	2000	692	687	86	95% BCa bootstrap CI clustered by PubChem compound; uncertainty is over the observed compound panel, not broader chemical space.
L1000 Phase2–Cigs Mce	l1000_phase2	cigs_mce	cosine	per_gene_population_zscore_dataset	delta_vs_source_peer_normalized_rank	0.2206340055038979	0.1383570567470277	0.285183451388221	bca	ok	0.95	2000	372	372	68	95% BCa bootstrap CI clustered by PubChem compound; uncertainty is over the observed compound panel, not broader chemical space.
L1000 Phase2–Cigs Mce	l1000_phase2	cigs_mce	cosine	per_gene_population_zscore_dataset	delta_vs_target_peer_normalized_rank	0.28631011390037	0.2204086155418947	0.3349153479067461	bca	ok	0.95	2000	372	372	68	95% BCa bootstrap CI clustered by PubChem compound; uncertainty is over the observed compound panel, not broader chemical space.
L1000 Phase2–Cigs Mce	l1000_phase2	cigs_mce	cosine	per_gene_population_zscore_dataset	observed_auroc	0.8415441850528298	0.7705692664847533	0.8958389575547623	bca	ok	0.95	2000	372	372	68	95% BCa bootstrap CI clustered by PubChem compound; uncertainty is over the observed compound panel, not broader chemical space.
L1000 Phase2–Cigs Mce	l1000_phase2	cigs_mce	cosine	per_gene_population_zscore_dataset	observed_normalized_best_positive_rank	0.84170320925291	0.7671425020935078	0.8936189293650675	bca	ok	0.95	2000	372	372	68	95% BCa bootstrap CI clustered by PubChem compound; uncertainty is over the observed compound panel, not broader chemical space.
L1000 Phase2–Cigs Mce	l1000_phase2	cigs_mce	cosine	per_gene_population_zscore_dataset	observed_recall_at_1	0.1984384037015616	0.1268489983491532	0.2955918968413697	bca	ok	0.95	2000	372	372	68	95% BCa bootstrap CI clustered by PubChem compound; uncertainty is over the observed compound panel, not broader chemical space.
L1000 Phase2–Cigs Mce	l1000_phase2	cigs_mce	cosine	per_gene_population_zscore_dataset	source_individual_corrected_percentile	0.6727968845996313	0.611020269101516	0.7296992089551781	bca	ok	0.95	2000	372	372	68	95% BCa bootstrap CI clustered by PubChem compound; uncertainty is over the observed compound panel, not broader chemical space.
L1000 Phase2–Cigs Mce	l1000_phase2	cigs_mce	cosine	per_gene_population_zscore_dataset	source_peer_normalized_rank	0.6210692037490122	0.6032913908346345	0.6362473517802665	bca	ok	0.95	2000	372	372	68	95% BCa bootstrap CI clustered by PubChem compound; uncertainty is over the observed compound panel, not broader chemical space.
L1000 Phase2–Cigs Mce	l1000_phase2	cigs_mce	cosine	per_gene_population_zscore_dataset	target_individual_corrected_percentile	0.8283280027541444	0.7588716504547024	0.8837456375841475	bca	ok	0.95	2000	372	372	68	95% BCa bootstrap CI clustered by PubChem compound; uncertainty is over the observed compound panel, not broader chemical space.
L1000 Phase2–Cigs Mce	l1000_phase2	cigs_mce	cosine	per_gene_population_zscore_dataset	target_peer_normalized_rank	0.5553930953525399	0.543518307616212	0.564929140175663	bca	ok	0.95	2000	372	372	68	95% BCa bootstrap CI clustered by PubChem compound; uncertainty is over the observed compound panel, not broader chemical space.
L1000 Phase2–Sciplex	l1000_phase2	sciplex	cosine	per_gene_population_zscore_dataset	delta_vs_source_peer_normalized_rank	0.1777714210991553	0.1378303869548665	0.2156173808479567	bca	ok	0.95	2000	2323	2323	83	95% BCa bootstrap CI clustered by PubChem compound; uncertainty is over the observed compound panel, not broader chemical space.
L1000 Phase2–Sciplex	l1000_phase2	sciplex	cosine	per_gene_population_zscore_dataset	delta_vs_target_peer_normalized_rank	0.2384692719916527	0.2006112693413584	0.2770519774365004	bca	ok	0.95	2000	2323	2323	83	95% BCa bootstrap CI clustered by PubChem compound; uncertainty is over the observed compound panel, not broader chemical space.
L1000 Phase2–Sciplex	l1000_phase2	sciplex	cosine	per_gene_population_zscore_dataset	observed_auroc	0.7523345120061773	0.7142238329178856	0.7895011316762998	bca	ok	0.95	2000	2323	2323	83	95% BCa bootstrap CI clustered by PubChem compound; uncertainty is over the observed compound panel, not broader chemical space.
L1000 Phase2–Sciplex	l1000_phase2	sciplex	cosine	per_gene_population_zscore_dataset	observed_normalized_best_positive_rank	0.7527399049207415	0.7159219392070826	0.7887462369757824	bca	ok	0.95	2000	2323	2323	83	95% BCa bootstrap CI clustered by PubChem compound; uncertainty is over the observed compound panel, not broader chemical space.
L1000 Phase2–Sciplex	l1000_phase2	sciplex	cosine	per_gene_population_zscore_dataset	observed_recall_at_1	0.0605852319496055	0.0387403907279652	0.0879620887435533	bca	ok	0.95	2000	2323	2323	83	95% BCa bootstrap CI clustered by PubChem compound; uncertainty is over the observed compound panel, not broader chemical space.
L1000 Phase2–Sciplex	l1000_phase2	sciplex	cosine	per_gene_population_zscore_dataset	source_individual_corrected_percentile	0.6303613830923216	0.5956040542975343	0.6728236406872785	bca	ok	0.95	2000	2323	2323	83	95% BCa bootstrap CI clustered by PubChem compound; uncertainty is over the observed compound panel, not broader chemical space.
L1000 Phase2–Sciplex	l1000_phase2	sciplex	cosine	per_gene_population_zscore_dataset	source_peer_normalized_rank	0.5749684838215858	0.5676642594689691	0.5826075366883483	bca	ok	0.95	2000	2323	2323	83	95% BCa bootstrap CI clustered by PubChem compound; uncertainty is over the observed compound panel, not broader chemical space.
L1000 Phase2–Sciplex	l1000_phase2	sciplex	cosine	per_gene_population_zscore_dataset	target_individual_corrected_percentile	0.7475201126957164	0.7084838940145822	0.7854499267984185	bca	ok	0.95	2000	2323	2323	83	95% BCa bootstrap CI clustered by PubChem compound; uncertainty is over the observed compound panel, not broader chemical space.
L1000 Phase2–Sciplex	l1000_phase2	sciplex	cosine	per_gene_population_zscore_dataset	target_peer_normalized_rank	0.5142706329290887	0.5104906341857538	0.5187040118026907	bca	ok	0.95	2000	2323	2323	83	95% BCa bootstrap CI clustered by PubChem compound; uncertainty is over the observed compound panel, not broader chemical space.
L1000 Phase2–Tahoe	l1000_phase2	tahoe	cosine	per_gene_population_zscore_dataset	delta_vs_source_peer_normalized_rank	-0.0057269496005722	-0.0557359615770689	0.0470776081775019	bca	ok	0.95	2000	1755	1755	110	95% BCa bootstrap CI clustered by PubChem compound; uncertainty is over the observed compound panel, not broader chemical space.
L1000 Phase2–Tahoe	l1000_phase2	tahoe	cosine	per_gene_population_zscore_dataset	delta_vs_target_peer_normalized_rank	0.1381863765181617	0.0946528208054688	0.1837111817059304	bca	ok	0.95	2000	1755	1755	110	95% BCa bootstrap CI clustered by PubChem compound; uncertainty is over the observed compound panel, not broader chemical space.
L1000 Phase2–Tahoe	l1000_phase2	tahoe	cosine	per_gene_population_zscore_dataset	observed_auroc	0.6405584077280181	0.5969418946341106	0.681465426683506	bca	ok	0.95	2000	1755	1755	110	95% BCa bootstrap CI clustered by PubChem compound; uncertainty is over the observed compound panel, not broader chemical space.
L1000 Phase2–Tahoe	l1000_phase2	tahoe	cosine	per_gene_population_zscore_dataset	observed_normalized_best_positive_rank	0.6411742420133584	0.5947035515784561	0.6839299635758611	bca	ok	0.95	2000	1755	1755	110	95% BCa bootstrap CI clustered by PubChem compound; uncertainty is over the observed compound panel, not broader chemical space.
L1000 Phase2–Tahoe	l1000_phase2	tahoe	cosine	per_gene_population_zscore_dataset	observed_recall_at_1	0.0347236515845583	0.0162094603253095	0.0677441757467131	bca	ok	0.95	2000	1755	1755	110	95% BCa bootstrap CI clustered by PubChem compound; uncertainty is over the observed compound panel, not broader chemical space.
L1000 Phase2–Tahoe	l1000_phase2	tahoe	cosine	per_gene_population_zscore_dataset	source_individual_corrected_percentile	0.4596365355412512	0.4213638159982149	0.5173832442967742	bca	ok	0.95	2000	1755	1755	110	95% BCa bootstrap CI clustered by PubChem compound; uncertainty is over the observed compound panel, not broader chemical space.
L1000 Phase2–Tahoe	l1000_phase2	tahoe	cosine	per_gene_population_zscore_dataset	source_peer_normalized_rank	0.6469011916139307	0.6312555726065183	0.6600848737140117	bca	ok	0.95	2000	1755	1755	110	95% BCa bootstrap CI clustered by PubChem compound; uncertainty is over the observed compound panel, not broader chemical space.
L1000 Phase2–Tahoe	l1000_phase2	tahoe	cosine	per_gene_population_zscore_dataset	target_individual_corrected_percentile	0.644179196627006	0.5985029833718796	0.6900635173281031	bca	ok	0.95	2000	1755	1755	110	95% BCa bootstrap CI clustered by PubChem compound; uncertainty is over the observed compound panel, not broader chemical space.
L1000 Phase2–Tahoe	l1000_phase2	tahoe	cosine	per_gene_population_zscore_dataset	target_peer_normalized_rank	0.5029878654951967	0.4984780857842456	0.5064825069964733	bca	ok	0.95	2000	1755	1755	110	95% BCa bootstrap CI clustered by PubChem compound; uncertainty is over the observed compound panel, not broader chemical space.
Tahoe–Sciplex	tahoe	sciplex	cosine	per_gene_population_zscore_dataset	delta_vs_source_peer_normalized_rank	0.0481519082645134	-0.0314963501653757	0.1405440841142606	bca	ok	0.95	2000	223	223	23	95% BCa bootstrap CI clustered by PubChem compound; uncertainty is over the observed compound panel, not broader chemical space.
Tahoe–Sciplex	tahoe	sciplex	cosine	per_gene_population_zscore_dataset	delta_vs_target_peer_normalized_rank	0.1866222621196269	0.1165063599255329	0.2745713307686273	bca	ok	0.95	2000	223	223	23	95% BCa bootstrap CI clustered by PubChem compound; uncertainty is over the observed compound panel, not broader chemical space.
Tahoe–Sciplex	tahoe	sciplex	cosine	per_gene_population_zscore_dataset	observed_auroc	0.68793747989217	0.6153476179903509	0.7736281749740866	bca	ok	0.95	2000	223	223	23	95% BCa bootstrap CI clustered by PubChem compound; uncertainty is over the observed compound panel, not broader chemical space.
Tahoe–Sciplex	tahoe	sciplex	cosine	per_gene_population_zscore_dataset	observed_normalized_best_positive_rank	0.6884505932463506	0.6133925332867707	0.7728117102316119	bca	ok	0.95	2000	223	223	23	95% BCa bootstrap CI clustered by PubChem compound; uncertainty is over the observed compound panel, not broader chemical space.
Tahoe–Sciplex	tahoe	sciplex	cosine	per_gene_population_zscore_dataset	observed_recall_at_1	0.0715260017050298	0.0276287381473203	0.1563457933709486	bca	ok	0.95	2000	223	223	23	95% BCa bootstrap CI clustered by PubChem compound; uncertainty is over the observed compound panel, not broader chemical space.
Tahoe–Sciplex	tahoe	sciplex	cosine	per_gene_population_zscore_dataset	source_individual_corrected_percentile	0.5047246850562149	0.4359213250974637	0.6036630051100111	bca	ok	0.95	2000	223	223	23	95% BCa bootstrap CI clustered by PubChem compound; uncertainty is over the observed compound panel, not broader chemical space.
Tahoe–Sciplex	tahoe	sciplex	cosine	per_gene_population_zscore_dataset	source_peer_normalized_rank	0.6402986849818371	0.6158067318870768	0.6653496445112425	bca	ok	0.95	2000	223	223	23	95% BCa bootstrap CI clustered by PubChem compound; uncertainty is over the observed compound panel, not broader chemical space.
Tahoe–Sciplex	tahoe	sciplex	cosine	per_gene_population_zscore_dataset	target_individual_corrected_percentile	0.6920342741207179	0.616529477909307	0.7776451874890294	bca	ok	0.95	2000	223	223	23	95% BCa bootstrap CI clustered by PubChem compound; uncertainty is over the observed compound panel, not broader chemical space.
Tahoe–Sciplex	tahoe	sciplex	cosine	per_gene_population_zscore_dataset	target_peer_normalized_rank	0.5018283311267236	0.4919689818829245	0.510319261209444	bca	ok	0.95	2000	223	223	23	95% BCa bootstrap CI clustered by PubChem compound; uncertainty is over the observed compound panel, not broader chemical space.
Cigs Mce–Cigs Tcm	cigs_mce	cigs_tcm	cosine	per_gene_population_zscore_dataset_cell_type	delta_vs_source_peer_normalized_rank	0.08533048115533484	0.07139066572278938	0.10111003546242181	bca	ok	0.95	2000	11042	11042	974	95% BCa bootstrap CI clustered by PubChem compound; uncertainty is over the observed compound panel, not broader chemical space.
Cigs Mce–Cigs Tcm	cigs_mce	cigs_tcm	cosine	per_gene_population_zscore_dataset_cell_type	delta_vs_target_peer_normalized_rank	0.10569910473938747	0.09167020544477016	0.12030365500815232	bca	ok	0.95	2000	11042	11042	974	95% BCa bootstrap CI clustered by PubChem compound; uncertainty is over the observed compound panel, not broader chemical space.
Cigs Mce–Cigs Tcm	cigs_mce	cigs_tcm	cosine	per_gene_population_zscore_dataset_cell_type	observed_auroc	0.6070619199008871	0.5918165591465072	0.6212703227936645	bca	ok	0.95	2000	11042	11042	974	95% BCa bootstrap CI clustered by PubChem compound; uncertainty is over the observed compound panel, not broader chemical space.
Cigs Mce–Cigs Tcm	cigs_mce	cigs_tcm	cosine	per_gene_population_zscore_dataset_cell_type	observed_normalized_best_positive_rank	0.6073247711423568	0.5924581611331392	0.6206526073648424	bca	ok	0.95	2000	11042	11042	974	95% BCa bootstrap CI clustered by PubChem compound; uncertainty is over the observed compound panel, not broader chemical space.
Cigs Mce–Cigs Tcm	cigs_mce	cigs_tcm	cosine	per_gene_population_zscore_dataset_cell_type	observed_recall_at_1	0.028689578192848304	0.022098675604372675	0.03814316110727244	bca	ok	0.95	2000	11042	11042	974	95% BCa bootstrap CI clustered by PubChem compound; uncertainty is over the observed compound panel, not broader chemical space.
Cigs Mce–Cigs Tcm	cigs_mce	cigs_tcm	cosine	per_gene_population_zscore_dataset_cell_type	source_individual_corrected_percentile	0.5647114745463272	0.5544003694428107	0.5770098483148792	bca	ok	0.95	2000	11042	11042	974	95% BCa bootstrap CI clustered by PubChem compound; uncertainty is over the observed compound panel, not broader chemical space.
Cigs Mce–Cigs Tcm	cigs_mce	cigs_tcm	cosine	per_gene_population_zscore_dataset_cell_type	source_peer_normalized_rank	0.521994289987022	0.5195898995929906	0.5243327084385861	bca	ok	0.95	2000	11042	11042	974	95% BCa bootstrap CI clustered by PubChem compound; uncertainty is over the observed compound panel, not broader chemical space.
Cigs Mce–Cigs Tcm	cigs_mce	cigs_tcm	cosine	per_gene_population_zscore_dataset_cell_type	target_individual_corrected_percentile	0.6064149720868837	0.5920973153138728	0.6201928254572089	bca	ok	0.95	2000	11042	11042	974	95% BCa bootstrap CI clustered by PubChem compound; uncertainty is over the observed compound panel, not broader chemical space.
Cigs Mce–Cigs Tcm	cigs_mce	cigs_tcm	cosine	per_gene_population_zscore_dataset_cell_type	target_peer_normalized_rank	0.5016256664029697	0.5010669101994166	0.5023920553563157	bca	ok	0.95	2000	11042	11042	974	95% BCa bootstrap CI clustered by PubChem compound; uncertainty is over the observed compound panel, not broader chemical space.
L1000 Phase1–Cigs Mce	l1000_phase1	cigs_mce	cosine	per_gene_population_zscore_dataset_cell_type	delta_vs_source_peer_normalized_rank	0.01905652816992092	-0.06470214049145061	0.12996464206410543	bca	ok	0.95	2000	855	855	124	95% BCa bootstrap CI clustered by PubChem compound; uncertainty is over the observed compound panel, not broader chemical space.
L1000 Phase1–Cigs Mce	l1000_phase1	cigs_mce	cosine	per_gene_population_zscore_dataset_cell_type	delta_vs_target_peer_normalized_rank	0.08627788874419587	0.009297430325777392	0.17023675916115397	bca	ok	0.95	2000	855	855	124	95% BCa bootstrap CI clustered by PubChem compound; uncertainty is over the observed compound panel, not broader chemical space.
L1000 Phase1–Cigs Mce	l1000_phase1	cigs_mce	cosine	per_gene_population_zscore_dataset_cell_type	observed_auroc	0.5978407574013692	0.5209381859487557	0.6827583349396967	bca	ok	0.95	2000	855	855	124	95% BCa bootstrap CI clustered by PubChem compound; uncertainty is over the observed compound panel, not broader chemical space.
L1000 Phase1–Cigs Mce	l1000_phase1	cigs_mce	cosine	per_gene_population_zscore_dataset_cell_type	observed_normalized_best_positive_rank	0.606988860029549	0.5355905912196695	0.6887514086380877	bca	ok	0.95	2000	855	855	124	95% BCa bootstrap CI clustered by PubChem compound; uncertainty is over the observed compound panel, not broader chemical space.
L1000 Phase1–Cigs Mce	l1000_phase1	cigs_mce	cosine	per_gene_population_zscore_dataset_cell_type	observed_recall_at_1	0.10021920983672647	0.047958040358293395	0.2260551679723744	bca	ok	0.95	2000	855	855	124	95% BCa bootstrap CI clustered by PubChem compound; uncertainty is over the observed compound panel, not broader chemical space.
L1000 Phase1–Cigs Mce	l1000_phase1	cigs_mce	cosine	per_gene_population_zscore_dataset_cell_type	source_individual_corrected_percentile	0.5176966756002642	0.46472691505789265	0.6011344763497449	bca	ok	0.95	2000	855	855	124	95% BCa bootstrap CI clustered by PubChem compound; uncertainty is over the observed compound panel, not broader chemical space.
L1000 Phase1–Cigs Mce	l1000_phase1	cigs_mce	cosine	per_gene_population_zscore_dataset_cell_type	source_peer_normalized_rank	0.5879323318596279	0.538386933484857	0.6208083012440369	bca	ok	0.95	2000	855	855	124	95% BCa bootstrap CI clustered by PubChem compound; uncertainty is over the observed compound panel, not broader chemical space.
L1000 Phase1–Cigs Mce	l1000_phase1	cigs_mce	cosine	per_gene_population_zscore_dataset_cell_type	target_individual_corrected_percentile	0.5958660658207788	0.519721978281815	0.6758649128815243	bca	ok	0.95	2000	855	855	124	95% BCa bootstrap CI clustered by PubChem compound; uncertainty is over the observed compound panel, not broader chemical space.
L1000 Phase1–Cigs Mce	l1000_phase1	cigs_mce	cosine	per_gene_population_zscore_dataset_cell_type	target_peer_normalized_rank	0.520710971285353	0.5152698219776801	0.5258872362943524	bca	ok	0.95	2000	855	855	124	95% BCa bootstrap CI clustered by PubChem compound; uncertainty is over the observed compound panel, not broader chemical space.
L1000 Phase1–L1000 Phase2	l1000_phase1	l1000_phase2	cosine	per_gene_population_zscore_dataset_cell_type	delta_vs_source_peer_normalized_rank	0.19442442487329992	0.1491253274591082	0.2389818728505718	bca	ok	0.95	2000	21857	21576	257	95% BCa bootstrap CI clustered by PubChem compound; uncertainty is over the observed compound panel, not broader chemical space.
L1000 Phase1–L1000 Phase2	l1000_phase1	l1000_phase2	cosine	per_gene_population_zscore_dataset_cell_type	delta_vs_target_peer_normalized_rank	0.2580931825665052	0.21970465831909197	0.29861447157201015	bca	ok	0.95	2000	21857	21442	257	95% BCa bootstrap CI clustered by PubChem compound; uncertainty is over the observed compound panel, not broader chemical space.
L1000 Phase1–L1000 Phase2	l1000_phase1	l1000_phase2	cosine	per_gene_population_zscore_dataset_cell_type	observed_auroc	0.7941826412327802	0.7614482376720848	0.8349094370695745	bca	ok	0.95	2000	21857	21857	257	95% BCa bootstrap CI clustered by PubChem compound; uncertainty is over the observed compound panel, not broader chemical space.
L1000 Phase1–L1000 Phase2	l1000_phase1	l1000_phase2	cosine	per_gene_population_zscore_dataset_cell_type	observed_normalized_best_positive_rank	0.7963522094341038	0.765010075772811	0.83656085367759	bca	ok	0.95	2000	21857	21857	257	95% BCa bootstrap CI clustered by PubChem compound; uncertainty is over the observed compound panel, not broader chemical space.
L1000 Phase1–L1000 Phase2	l1000_phase1	l1000_phase2	cosine	per_gene_population_zscore_dataset_cell_type	observed_recall_at_1	0.2528953370214085	0.1891741015310201	0.3595524198396523	bca	ok	0.95	2000	21857	21857	257	95% BCa bootstrap CI clustered by PubChem compound; uncertainty is over the observed compound panel, not broader chemical space.
L1000 Phase1–L1000 Phase2	l1000_phase1	l1000_phase2	cosine	per_gene_population_zscore_dataset_cell_type	source_individual_corrected_percentile	0.6982653486747646	0.6513356959012596	0.7535760912945122	bca	ok	0.95	2000	21857	21576	257	95% BCa bootstrap CI clustered by PubChem compound; uncertainty is over the observed compound panel, not broader chemical space.
L1000 Phase1–L1000 Phase2	l1000_phase1	l1000_phase2	cosine	per_gene_population_zscore_dataset_cell_type	source_peer_normalized_rank	0.6005444224341348	0.5860159549954121	0.6159504517930051	bca	ok	0.95	2000	21857	21576	257	95% BCa bootstrap CI clustered by PubChem compound; uncertainty is over the observed compound panel, not broader chemical space.
L1000 Phase1–L1000 Phase2	l1000_phase1	l1000_phase2	cosine	per_gene_population_zscore_dataset_cell_type	target_individual_corrected_percentile	0.7870448024755912	0.7508400642524382	0.8261650158574347	bca	ok	0.95	2000	21857	21442	257	95% BCa bootstrap CI clustered by PubChem compound; uncertainty is over the observed compound panel, not broader chemical space.
L1000 Phase1–L1000 Phase2	l1000_phase1	l1000_phase2	cosine	per_gene_population_zscore_dataset_cell_type	target_peer_normalized_rank	0.5334042906025245	0.5267831508020786	0.5427318338292139	bca	ok	0.95	2000	21857	21442	257	95% BCa bootstrap CI clustered by PubChem compound; uncertainty is over the observed compound panel, not broader chemical space.
L1000 Phase1–Sciplex	l1000_phase1	sciplex	cosine	per_gene_population_zscore_dataset_cell_type	delta_vs_source_peer_normalized_rank	0.12974896869586577	0.08910524726714754	0.16931806762088963	bca	ok	0.95	2000	1897	1876	90	95% BCa bootstrap CI clustered by PubChem compound; uncertainty is over the observed compound panel, not broader chemical space.
L1000 Phase1–Sciplex	l1000_phase1	sciplex	cosine	per_gene_population_zscore_dataset_cell_type	delta_vs_target_peer_normalized_rank	0.17722108641941753	0.13459344928446138	0.21830725016514438	bca	ok	0.95	2000	1897	1887	90	95% BCa bootstrap CI clustered by PubChem compound; uncertainty is over the observed compound panel, not broader chemical space.
L1000 Phase1–Sciplex	l1000_phase1	sciplex	cosine	per_gene_population_zscore_dataset_cell_type	observed_auroc	0.6986793744156348	0.6564295056789883	0.7396213288387805	bca	ok	0.95	2000	1897	1897	90	95% BCa bootstrap CI clustered by PubChem compound; uncertainty is over the observed compound panel, not broader chemical space.
L1000 Phase1–Sciplex	l1000_phase1	sciplex	cosine	per_gene_population_zscore_dataset_cell_type	observed_normalized_best_positive_rank	0.6992049309917525	0.6593897858015246	0.7390362793497232	bca	ok	0.95	2000	1897	1897	90	95% BCa bootstrap CI clustered by PubChem compound; uncertainty is over the observed compound panel, not broader chemical space.
L1000 Phase1–Sciplex	l1000_phase1	sciplex	cosine	per_gene_population_zscore_dataset_cell_type	observed_recall_at_1	0.052462941256634046	0.02859670397048437	0.09861037394681467	bca	ok	0.95	2000	1897	1897	90	95% BCa bootstrap CI clustered by PubChem compound; uncertainty is over the observed compound panel, not broader chemical space.
L1000 Phase1–Sciplex	l1000_phase1	sciplex	cosine	per_gene_population_zscore_dataset_cell_type	source_individual_corrected_percentile	0.5840967238851418	0.5534453546765137	0.6231927432729135	bca	ok	0.95	2000	1897	1876	90	95% BCa bootstrap CI clustered by PubChem compound; uncertainty is over the observed compound panel, not broader chemical space.
L1000 Phase1–Sciplex	l1000_phase1	sciplex	cosine	per_gene_population_zscore_dataset_cell_type	source_peer_normalized_rank	0.5702042053921076	0.5526207648131164	0.5873494717498394	bca	ok	0.95	2000	1897	1876	90	95% BCa bootstrap CI clustered by PubChem compound; uncertainty is over the observed compound panel, not broader chemical space.
L1000 Phase1–Sciplex	l1000_phase1	sciplex	cosine	per_gene_population_zscore_dataset_cell_type	target_individual_corrected_percentile	0.6902055288488982	0.6471323783423484	0.7298795611644189	bca	ok	0.95	2000	1897	1887	90	95% BCa bootstrap CI clustered by PubChem compound; uncertainty is over the observed compound panel, not broader chemical space.
L1000 Phase1–Sciplex	l1000_phase1	sciplex	cosine	per_gene_population_zscore_dataset_cell_type	target_peer_normalized_rank	0.5219565422810477	0.5146628908426844	0.5294509576253585	bca	ok	0.95	2000	1897	1887	90	95% BCa bootstrap CI clustered by PubChem compound; uncertainty is over the observed compound panel, not broader chemical space.
L1000 Phase1–Tahoe	l1000_phase1	tahoe	cosine	per_gene_population_zscore_dataset_cell_type	delta_vs_source_peer_normalized_rank	0.09466023517260594	0.03375284766040815	0.160172393372031	bca	ok	0.95	2000	692	675	86	95% BCa bootstrap CI clustered by PubChem compound; uncertainty is over the observed compound panel, not broader chemical space.
L1000 Phase1–Tahoe	l1000_phase1	tahoe	cosine	per_gene_population_zscore_dataset_cell_type	delta_vs_target_peer_normalized_rank	0.14871293617396275	0.07484777514376029	0.22036455303241634	bca	ok	0.95	2000	692	687	86	95% BCa bootstrap CI clustered by PubChem compound; uncertainty is over the observed compound panel, not broader chemical space.
L1000 Phase1–Tahoe	l1000_phase1	tahoe	cosine	per_gene_population_zscore_dataset_cell_type	observed_auroc	0.6649039731497464	0.5859540788969393	0.7271106051454497	bca	ok	0.95	2000	692	692	86	95% BCa bootstrap CI clustered by PubChem compound; uncertainty is over the observed compound panel, not broader chemical space.
L1000 Phase1–Tahoe	l1000_phase1	tahoe	cosine	per_gene_population_zscore_dataset_cell_type	observed_normalized_best_positive_rank	0.6661291978967945	0.597852864036008	0.7367707874278151	bca	ok	0.95	2000	692	692	86	95% BCa bootstrap CI clustered by PubChem compound; uncertainty is over the observed compound panel, not broader chemical space.
L1000 Phase1–Tahoe	l1000_phase1	tahoe	cosine	per_gene_population_zscore_dataset_cell_type	observed_recall_at_1	0.09703059777305906	0.0436255487282586	0.16722257380540437	bca	ok	0.95	2000	692	692	86	95% BCa bootstrap CI clustered by PubChem compound; uncertainty is over the observed compound panel, not broader chemical space.
L1000 Phase1–Tahoe	l1000_phase1	tahoe	cosine	per_gene_population_zscore_dataset_cell_type	source_individual_corrected_percentile	0.5750938009821571	0.5212487868701327	0.6456046684573012	bca	ok	0.95	2000	692	675	86	95% BCa bootstrap CI clustered by PubChem compound; uncertainty is over the observed compound panel, not broader chemical space.
L1000 Phase1–Tahoe	l1000_phase1	tahoe	cosine	per_gene_population_zscore_dataset_cell_type	source_peer_normalized_rank	0.5663520804066128	0.5377432508919726	0.5892080841669189	bca	ok	0.95	2000	692	675	86	95% BCa bootstrap CI clustered by PubChem compound; uncertainty is over the observed compound panel, not broader chemical space.
L1000 Phase1–Tahoe	l1000_phase1	tahoe	cosine	per_gene_population_zscore_dataset_cell_type	target_individual_corrected_percentile	0.6709086582665289	0.5933101819911176	0.7414199072425175	bca	ok	0.95	2000	692	687	86	95% BCa bootstrap CI clustered by PubChem compound; uncertainty is over the observed compound panel, not broader chemical space.
L1000 Phase1–Tahoe	l1000_phase1	tahoe	cosine	per_gene_population_zscore_dataset_cell_type	target_peer_normalized_rank	0.511293733354015	0.5010503363191496	0.5193237533064378	bca	ok	0.95	2000	692	687	86	95% BCa bootstrap CI clustered by PubChem compound; uncertainty is over the observed compound panel, not broader chemical space.
L1000 Phase2–Cigs Mce	l1000_phase2	cigs_mce	cosine	per_gene_population_zscore_dataset_cell_type	delta_vs_source_peer_normalized_rank	0.263365880193062	0.1809251669126741	0.31779173589193155	bca	ok	0.95	2000	372	372	68	95% BCa bootstrap CI clustered by PubChem compound; uncertainty is over the observed compound panel, not broader chemical space.
L1000 Phase2–Cigs Mce	l1000_phase2	cigs_mce	cosine	per_gene_population_zscore_dataset_cell_type	delta_vs_target_peer_normalized_rank	0.2912318265299111	0.22575529572745442	0.33841628806658497	bca	ok	0.95	2000	372	372	68	95% BCa bootstrap CI clustered by PubChem compound; uncertainty is over the observed compound panel, not broader chemical space.
L1000 Phase2–Cigs Mce	l1000_phase2	cigs_mce	cosine	per_gene_population_zscore_dataset_cell_type	observed_auroc	0.8369874879839594	0.7553593181039459	0.8912262791994431	bca	ok	0.95	2000	372	372	68	95% BCa bootstrap CI clustered by PubChem compound; uncertainty is over the observed compound panel, not broader chemical space.
L1000 Phase2–Cigs Mce	l1000_phase2	cigs_mce	cosine	per_gene_population_zscore_dataset_cell_type	observed_normalized_best_positive_rank	0.8371498583241791	0.7647205993971022	0.8952770791057736	bca	ok	0.95	2000	372	372	68	95% BCa bootstrap CI clustered by PubChem compound; uncertainty is over the observed compound panel, not broader chemical space.
L1000 Phase2–Cigs Mce	l1000_phase2	cigs_mce	cosine	per_gene_population_zscore_dataset_cell_type	observed_recall_at_1	0.218796992481203	0.13689381770648665	0.3168172209421935	bca	ok	0.95	2000	372	372	68	95% BCa bootstrap CI clustered by PubChem compound; uncertainty is over the observed compound panel, not broader chemical space.
L1000 Phase2–Cigs Mce	l1000_phase2	cigs_mce	cosine	per_gene_population_zscore_dataset_cell_type	source_individual_corrected_percentile	0.7576388134192964	0.6902975647240984	0.8088245034225977	bca	ok	0.95	2000	372	372	68	95% BCa bootstrap CI clustered by PubChem compound; uncertainty is over the observed compound panel, not broader chemical space.
L1000 Phase2–Cigs Mce	l1000_phase2	cigs_mce	cosine	per_gene_population_zscore_dataset_cell_type	source_peer_normalized_rank	0.573783978131117	0.5454714576327788	0.5941300123876867	bca	ok	0.95	2000	372	372	68	95% BCa bootstrap CI clustered by PubChem compound; uncertainty is over the observed compound panel, not broader chemical space.
L1000 Phase2–Cigs Mce	l1000_phase2	cigs_mce	cosine	per_gene_population_zscore_dataset_cell_type	target_individual_corrected_percentile	0.8296770926129096	0.7602834583566567	0.8869635784480451	bca	ok	0.95	2000	372	372	68	95% BCa bootstrap CI clustered by PubChem compound; uncertainty is over the observed compound panel, not broader chemical space.
L1000 Phase2–Cigs Mce	l1000_phase2	cigs_mce	cosine	per_gene_population_zscore_dataset_cell_type	target_peer_normalized_rank	0.5459180317942676	0.5304020529544646	0.5571310163604698	bca	ok	0.95	2000	372	372	68	95% BCa bootstrap CI clustered by PubChem compound; uncertainty is over the observed compound panel, not broader chemical space.
L1000 Phase2–Sciplex	l1000_phase2	sciplex	cosine	per_gene_population_zscore_dataset_cell_type	delta_vs_source_peer_normalized_rank	0.24824958607961356	0.2112311409761427	0.28279021125643367	bca	ok	0.95	2000	2323	2323	83	95% BCa bootstrap CI clustered by PubChem compound; uncertainty is over the observed compound panel, not broader chemical space.
L1000 Phase2–Sciplex	l1000_phase2	sciplex	cosine	per_gene_population_zscore_dataset_cell_type	delta_vs_target_peer_normalized_rank	0.2533222963555981	0.21736592823414794	0.2894270159495081	bca	ok	0.95	2000	2323	2323	83	95% BCa bootstrap CI clustered by PubChem compound; uncertainty is over the observed compound panel, not broader chemical space.
L1000 Phase2–Sciplex	l1000_phase2	sciplex	cosine	per_gene_population_zscore_dataset_cell_type	observed_auroc	0.7671377776629689	0.7322725083480713	0.8026786911289104	bca	ok	0.95	2000	2323	2323	83	95% BCa bootstrap CI clustered by PubChem compound; uncertainty is over the observed compound panel, not broader chemical space.
L1000 Phase2–Sciplex	l1000_phase2	sciplex	cosine	per_gene_population_zscore_dataset_cell_type	observed_normalized_best_positive_rank	0.7675171120630296	0.7325995400104763	0.8019966488921538	bca	ok	0.95	2000	2323	2323	83	95% BCa bootstrap CI clustered by PubChem compound; uncertainty is over the observed compound panel, not broader chemical space.
L1000 Phase2–Sciplex	l1000_phase2	sciplex	cosine	per_gene_population_zscore_dataset_cell_type	observed_recall_at_1	0.06632081276272361	0.04454670292798656	0.09653635122516466	bca	ok	0.95	2000	2323	2323	83	95% BCa bootstrap CI clustered by PubChem compound; uncertainty is over the observed compound panel, not broader chemical space.
L1000 Phase2–Sciplex	l1000_phase2	sciplex	cosine	per_gene_population_zscore_dataset_cell_type	source_individual_corrected_percentile	0.6866193023921503	0.6561414000409563	0.7208062281863526	bca	ok	0.95	2000	2323	2323	83	95% BCa bootstrap CI clustered by PubChem compound; uncertainty is over the observed compound panel, not broader chemical space.
L1000 Phase2–Sciplex	l1000_phase2	sciplex	cosine	per_gene_population_zscore_dataset_cell_type	source_peer_normalized_rank	0.519267525983416	0.5135693926805561	0.5257485675799011	bca	ok	0.95	2000	2323	2323	83	95% BCa bootstrap CI clustered by PubChem compound; uncertainty is over the observed compound panel, not broader chemical space.
L1000 Phase2–Sciplex	l1000_phase2	sciplex	cosine	per_gene_population_zscore_dataset_cell_type	target_individual_corrected_percentile	0.7588479705579566	0.720865747448975	0.7931009070968117	bca	ok	0.95	2000	2323	2323	83	95% BCa bootstrap CI clustered by PubChem compound; uncertainty is over the observed compound panel, not broader chemical space.
L1000 Phase2–Sciplex	l1000_phase2	sciplex	cosine	per_gene_population_zscore_dataset_cell_type	target_peer_normalized_rank	0.5141948157074314	0.5102707126672343	0.5187266167865621	bca	ok	0.95	2000	2323	2323	83	95% BCa bootstrap CI clustered by PubChem compound; uncertainty is over the observed compound panel, not broader chemical space.
L1000 Phase2–Tahoe	l1000_phase2	tahoe	cosine	per_gene_population_zscore_dataset_cell_type	delta_vs_source_peer_normalized_rank	0.09675265239945499	0.039428329947007915	0.15061265260165838	bca	ok	0.95	2000	1755	1755	110	95% BCa bootstrap CI clustered by PubChem compound; uncertainty is over the observed compound panel, not broader chemical space.
L1000 Phase2–Tahoe	l1000_phase2	tahoe	cosine	per_gene_population_zscore_dataset_cell_type	delta_vs_target_peer_normalized_rank	0.12507973095873934	0.07377639948524838	0.1728664212198292	bca	ok	0.95	2000	1755	1755	110	95% BCa bootstrap CI clustered by PubChem compound; uncertainty is over the observed compound panel, not broader chemical space.
L1000 Phase2–Tahoe	l1000_phase2	tahoe	cosine	per_gene_population_zscore_dataset_cell_type	observed_auroc	0.6275382724516877	0.575678236173307	0.6727381919412334	bca	ok	0.95	2000	1755	1755	110	95% BCa bootstrap CI clustered by PubChem compound; uncertainty is over the observed compound panel, not broader chemical space.
L1000 Phase2–Tahoe	l1000_phase2	tahoe	cosine	per_gene_population_zscore_dataset_cell_type	observed_normalized_best_positive_rank	0.6282263119492006	0.5748865538967715	0.6733337928707956	bca	ok	0.95	2000	1755	1755	110	95% BCa bootstrap CI clustered by PubChem compound; uncertainty is over the observed compound panel, not broader chemical space.
L1000 Phase2–Tahoe	l1000_phase2	tahoe	cosine	per_gene_population_zscore_dataset_cell_type	observed_recall_at_1	0.02802931391215292	0.014685353706875117	0.05037392122623412	bca	ok	0.95	2000	1755	1755	110	95% BCa bootstrap CI clustered by PubChem compound; uncertainty is over the observed compound panel, not broader chemical space.
L1000 Phase2–Tahoe	l1000_phase2	tahoe	cosine	per_gene_population_zscore_dataset_cell_type	source_individual_corrected_percentile	0.5605032771184992	0.5232127366394275	0.601295879275165	bca	ok	0.95	2000	1755	1755	110	95% BCa bootstrap CI clustered by PubChem compound; uncertainty is over the observed compound panel, not broader chemical space.
L1000 Phase2–Tahoe	l1000_phase2	tahoe	cosine	per_gene_population_zscore_dataset_cell_type	source_peer_normalized_rank	0.5314736595497457	0.5167912690756777	0.5431007220313987	bca	ok	0.95	2000	1755	1755	110	95% BCa bootstrap CI clustered by PubChem compound; uncertainty is over the observed compound panel, not broader chemical space.
L1000 Phase2–Tahoe	l1000_phase2	tahoe	cosine	per_gene_population_zscore_dataset_cell_type	target_individual_corrected_percentile	0.631486491130164	0.5846065102180434	0.6776027922626677	bca	ok	0.95	2000	1755	1755	110	95% BCa bootstrap CI clustered by PubChem compound; uncertainty is over the observed compound panel, not broader chemical space.
L1000 Phase2–Tahoe	l1000_phase2	tahoe	cosine	per_gene_population_zscore_dataset_cell_type	target_peer_normalized_rank	0.5031465809904613	0.49875065986288875	0.5067799038116455	bca	ok	0.95	2000	1755	1755	110	95% BCa bootstrap CI clustered by PubChem compound; uncertainty is over the observed compound panel, not broader chemical space.
Tahoe–Sciplex	tahoe	sciplex	cosine	per_gene_population_zscore_dataset_cell_type	delta_vs_source_peer_normalized_rank	0.18375607282268158	0.10047315601774998	0.27827053950508057	bca	ok	0.95	2000	223	223	23	95% BCa bootstrap CI clustered by PubChem compound; uncertainty is over the observed compound panel, not broader chemical space.
Tahoe–Sciplex	tahoe	sciplex	cosine	per_gene_population_zscore_dataset_cell_type	delta_vs_target_peer_normalized_rank	0.1751668220627479	0.09779109215427953	0.2671543021073082	bca	ok	0.95	2000	223	223	23	95% BCa bootstrap CI clustered by PubChem compound; uncertainty is over the observed compound panel, not broader chemical space.
Tahoe–Sciplex	tahoe	sciplex	cosine	per_gene_population_zscore_dataset_cell_type	observed_auroc	0.6779278247477571	0.600578164909893	0.7715689100059678	bca	ok	0.95	2000	223	223	23	95% BCa bootstrap CI clustered by PubChem compound; uncertainty is over the observed compound panel, not broader chemical space.
Tahoe–Sciplex	tahoe	sciplex	cosine	per_gene_population_zscore_dataset_cell_type	observed_normalized_best_positive_rank	0.6784235827783252	0.6040082943589896	0.7769378729349411	bca	ok	0.95	2000	223	223	23	95% BCa bootstrap CI clustered by PubChem compound; uncertainty is over the observed compound panel, not broader chemical space.
Tahoe–Sciplex	tahoe	sciplex	cosine	per_gene_population_zscore_dataset_cell_type	observed_recall_at_1	0.0701619778346121	0.02810129345410985	0.12941218903394977	bca	ok	0.95	2000	223	223	23	95% BCa bootstrap CI clustered by PubChem compound; uncertainty is over the observed compound panel, not broader chemical space.
Tahoe–Sciplex	tahoe	sciplex	cosine	per_gene_population_zscore_dataset_cell_type	source_individual_corrected_percentile	0.6359586600694469	0.5819475502582141	0.7163508240504542	bca	ok	0.95	2000	223	223	23	95% BCa bootstrap CI clustered by PubChem compound; uncertainty is over the observed compound panel, not broader chemical space.
Tahoe–Sciplex	tahoe	sciplex	cosine	per_gene_population_zscore_dataset_cell_type	source_peer_normalized_rank	0.49466750995564346	0.48066051224788614	0.5056726970009945	bca	ok	0.95	2000	223	223	23	95% BCa bootstrap CI clustered by PubChem compound; uncertainty is over the observed compound panel, not broader chemical space.
Tahoe–Sciplex	tahoe	sciplex	cosine	per_gene_population_zscore_dataset_cell_type	target_individual_corrected_percentile	0.6808627554578435	0.6023208212818466	0.7740342592245769	bca	ok	0.95	2000	223	223	23	95% BCa bootstrap CI clustered by PubChem compound; uncertainty is over the observed compound panel, not broader chemical space.
Tahoe–Sciplex	tahoe	sciplex	cosine	per_gene_population_zscore_dataset_cell_type	target_peer_normalized_rank	0.5032567607155771	0.49322967727430705	0.5117043208094272	bca	ok	0.95	2000	223	223	23	95% BCa bootstrap CI clustered by PubChem compound; uncertainty is over the observed compound panel, not broader chemical space.
Cigs Mce–Cigs Tcm	cigs_mce	cigs_tcm	cosine	raw	delta_vs_source_peer_normalized_rank	-0.0361580462226244	-0.0509132453749968	-0.0205335879394126	bca	ok	0.95	2000	11042	11042	974	95% BCa bootstrap CI clustered by PubChem compound; uncertainty is over the observed compound panel, not broader chemical space.
Cigs Mce–Cigs Tcm	cigs_mce	cigs_tcm	cosine	raw	delta_vs_target_peer_normalized_rank	0.075088349458192	0.0608950920165885	0.0887801089515292	bca	ok	0.95	2000	11042	11042	974	95% BCa bootstrap CI clustered by PubChem compound; uncertainty is over the observed compound panel, not broader chemical space.
Cigs Mce–Cigs Tcm	cigs_mce	cigs_tcm	cosine	raw	observed_auroc	0.5759568006441315	0.5620392308540755	0.5902998820084738	bca	ok	0.95	2000	11042	11042	974	95% BCa bootstrap CI clustered by PubChem compound; uncertainty is over the observed compound panel, not broader chemical space.
Cigs Mce–Cigs Tcm	cigs_mce	cigs_tcm	cosine	raw	observed_normalized_best_positive_rank	0.5762408415802363	0.56104735676636	0.5900985363030644	bca	ok	0.95	2000	11042	11042	974	95% BCa bootstrap CI clustered by PubChem compound; uncertainty is over the observed compound panel, not broader chemical space.
Cigs Mce–Cigs Tcm	cigs_mce	cigs_tcm	cosine	raw	observed_recall_at_1	0.0225252381363831	0.0164191253048383	0.0304166749308713	bca	ok	0.95	2000	11042	11042	974	95% BCa bootstrap CI clustered by PubChem compound; uncertainty is over the observed compound panel, not broader chemical space.
Cigs Mce–Cigs Tcm	cigs_mce	cigs_tcm	cosine	raw	source_individual_corrected_percentile	0.4570330581273225	0.4447645961884005	0.4691768760247144	bca	ok	0.95	2000	11042	11042	974	95% BCa bootstrap CI clustered by PubChem compound; uncertainty is over the observed compound panel, not broader chemical space.
Cigs Mce–Cigs Tcm	cigs_mce	cigs_tcm	cosine	raw	source_peer_normalized_rank	0.6123988878028608	0.6087851687559885	0.6157600988707362	bca	ok	0.95	2000	11042	11042	974	95% BCa bootstrap CI clustered by PubChem compound; uncertainty is over the observed compound panel, not broader chemical space.
Cigs Mce–Cigs Tcm	cigs_mce	cigs_tcm	cosine	raw	target_individual_corrected_percentile	0.5775216626252304	0.5631265329277548	0.5921102266435172	bca	ok	0.95	2000	11042	11042	974	95% BCa bootstrap CI clustered by PubChem compound; uncertainty is over the observed compound panel, not broader chemical space.
Cigs Mce–Cigs Tcm	cigs_mce	cigs_tcm	cosine	raw	target_peer_normalized_rank	0.5011524921220438	0.5004784751036354	0.5021250891865614	bca	ok	0.95	2000	11042	11042	974	95% BCa bootstrap CI clustered by PubChem compound; uncertainty is over the observed compound panel, not broader chemical space.
L1000 Phase1–Cigs Mce	l1000_phase1	cigs_mce	cosine	raw	delta_vs_source_peer_normalized_rank	-0.106972659405837	-0.1863258113264072	-0.018892733458966	bca	ok	0.95	2000	855	855	124	95% BCa bootstrap CI clustered by PubChem compound; uncertainty is over the observed compound panel, not broader chemical space.
L1000 Phase1–Cigs Mce	l1000_phase1	cigs_mce	cosine	raw	delta_vs_target_peer_normalized_rank	0.0921364929016838	0.0254170860164437	0.1780622670911739	bca	ok	0.95	2000	855	855	124	95% BCa bootstrap CI clustered by PubChem compound; uncertainty is over the observed compound panel, not broader chemical space.
L1000 Phase1–Cigs Mce	l1000_phase1	cigs_mce	cosine	raw	observed_auroc	0.6176016783986651	0.5408605214916533	0.6978404687698904	bca	ok	0.95	2000	855	855	124	95% BCa bootstrap CI clustered by PubChem compound; uncertainty is over the observed compound panel, not broader chemical space.
L1000 Phase1–Cigs Mce	l1000_phase1	cigs_mce	cosine	raw	observed_normalized_best_positive_rank	0.62559648627581	0.5586487863948388	0.7049823614532026	bca	ok	0.95	2000	855	855	124	95% BCa bootstrap CI clustered by PubChem compound; uncertainty is over the observed compound panel, not broader chemical space.
L1000 Phase1–Cigs Mce	l1000_phase1	cigs_mce	cosine	raw	observed_recall_at_1	0.0977841449016615	0.048613596081583	0.2137563813639598	bca	ok	0.95	2000	855	855	124	95% BCa bootstrap CI clustered by PubChem compound; uncertainty is over the observed compound panel, not broader chemical space.
L1000 Phase1–Cigs Mce	l1000_phase1	cigs_mce	cosine	raw	source_individual_corrected_percentile	0.3969695131281719	0.3517340060558186	0.4910992059206541	bca	ok	0.95	2000	855	855	124	95% BCa bootstrap CI clustered by PubChem compound; uncertainty is over the observed compound panel, not broader chemical space.
L1000 Phase1–Cigs Mce	l1000_phase1	cigs_mce	cosine	raw	source_peer_normalized_rank	0.732569145681647	0.7137130607643681	0.7528446384877497	bca	ok	0.95	2000	855	855	124	95% BCa bootstrap CI clustered by PubChem compound; uncertainty is over the observed compound panel, not broader chemical space.
L1000 Phase1–Cigs Mce	l1000_phase1	cigs_mce	cosine	raw	target_individual_corrected_percentile	0.6009114274164131	0.5345037183130148	0.6865062325444048	bca	ok	0.95	2000	855	855	124	95% BCa bootstrap CI clustered by PubChem compound; uncertainty is over the observed compound panel, not broader chemical space.
L1000 Phase1–Cigs Mce	l1000_phase1	cigs_mce	cosine	raw	target_peer_normalized_rank	0.5334599933741262	0.5299195041075246	0.5368073351194428	bca	ok	0.95	2000	855	855	124	95% BCa bootstrap CI clustered by PubChem compound; uncertainty is over the observed compound panel, not broader chemical space.
L1000 Phase1–L1000 Phase2	l1000_phase1	l1000_phase2	cosine	raw	delta_vs_source_peer_normalized_rank	0.1168276066390096	0.0701394591426117	0.1742319206614253	bca	ok	0.95	2000	21857	21576	257	95% BCa bootstrap CI clustered by PubChem compound; uncertainty is over the observed compound panel, not broader chemical space.
L1000 Phase1–L1000 Phase2	l1000_phase1	l1000_phase2	cosine	raw	delta_vs_target_peer_normalized_rank	0.2194025788673599	0.1783096883956224	0.2694996376369183	bca	ok	0.95	2000	21857	21442	257	95% BCa bootstrap CI clustered by PubChem compound; uncertainty is over the observed compound panel, not broader chemical space.
L1000 Phase1–L1000 Phase2	l1000_phase1	l1000_phase2	cosine	raw	observed_auroc	0.746494414963768	0.7056196343145361	0.7988999414575441	bca	ok	0.95	2000	21857	21857	257	95% BCa bootstrap CI clustered by PubChem compound; uncertainty is over the observed compound panel, not broader chemical space.
L1000 Phase1–L1000 Phase2	l1000_phase1	l1000_phase2	cosine	raw	observed_normalized_best_positive_rank	0.7490392339667347	0.7109199221381185	0.7998878480211907	bca	ok	0.95	2000	21857	21857	257	95% BCa bootstrap CI clustered by PubChem compound; uncertainty is over the observed compound panel, not broader chemical space.
L1000 Phase1–L1000 Phase2	l1000_phase1	l1000_phase2	cosine	raw	observed_recall_at_1	0.2378790547389026	0.1748306198957425	0.3451934251515713	bca	ok	0.95	2000	21857	21857	257	95% BCa bootstrap CI clustered by PubChem compound; uncertainty is over the observed compound panel, not broader chemical space.
L1000 Phase1–L1000 Phase2	l1000_phase1	l1000_phase2	cosine	raw	source_individual_corrected_percentile	0.6381340004034276	0.5855831354809841	0.7135693081048713	bca	ok	0.95	2000	21857	21576	257	95% BCa bootstrap CI clustered by PubChem compound; uncertainty is over the observed compound panel, not broader chemical space.
L1000 Phase1–L1000 Phase2	l1000_phase1	l1000_phase2	cosine	raw	source_peer_normalized_rank	0.6307190838699531	0.6185118954067979	0.6449269857468565	bca	ok	0.95	2000	21857	21576	257	95% BCa bootstrap CI clustered by PubChem compound; uncertainty is over the observed compound panel, not broader chemical space.
L1000 Phase1–L1000 Phase2	l1000_phase1	l1000_phase2	cosine	raw	target_individual_corrected_percentile	0.7460082420244905	0.7061128031004105	0.7956290807100244	bca	ok	0.95	2000	21857	21442	257	95% BCa bootstrap CI clustered by PubChem compound; uncertainty is over the observed compound panel, not broader chemical space.
L1000 Phase1–L1000 Phase2	l1000_phase1	l1000_phase2	cosine	raw	target_peer_normalized_rank	0.5256502719119052	0.5179401618372362	0.5345398625072378	bca	ok	0.95	2000	21857	21442	257	95% BCa bootstrap CI clustered by PubChem compound; uncertainty is over the observed compound panel, not broader chemical space.
L1000 Phase1–Sciplex	l1000_phase1	sciplex	cosine	raw	delta_vs_source_peer_normalized_rank	-0.0187983557948293	-0.0623099146431645	0.0243449341118238	bca	ok	0.95	2000	1897	1876	90	95% BCa bootstrap CI clustered by PubChem compound; uncertainty is over the observed compound panel, not broader chemical space.
L1000 Phase1–Sciplex	l1000_phase1	sciplex	cosine	raw	delta_vs_target_peer_normalized_rank	0.1233978478435268	0.0728653587739662	0.1663378876137048	bca	ok	0.95	2000	1897	1887	90	95% BCa bootstrap CI clustered by PubChem compound; uncertainty is over the observed compound panel, not broader chemical space.
L1000 Phase1–Sciplex	l1000_phase1	sciplex	cosine	raw	observed_auroc	0.6430580049304441	0.590264652446578	0.6861556017053878	bca	ok	0.95	2000	1897	1897	90	95% BCa bootstrap CI clustered by PubChem compound; uncertainty is over the observed compound panel, not broader chemical space.
L1000 Phase1–Sciplex	l1000_phase1	sciplex	cosine	raw	observed_normalized_best_positive_rank	0.643655480076408	0.5922827477570631	0.689011448510489	bca	ok	0.95	2000	1897	1897	90	95% BCa bootstrap CI clustered by PubChem compound; uncertainty is over the observed compound panel, not broader chemical space.
L1000 Phase1–Sciplex	l1000_phase1	sciplex	cosine	raw	observed_recall_at_1	0.0448983035631067	0.0254023172164536	0.0883405109841926	bca	ok	0.95	2000	1897	1897	90	95% BCa bootstrap CI clustered by PubChem compound; uncertainty is over the observed compound panel, not broader chemical space.
L1000 Phase1–Sciplex	l1000_phase1	sciplex	cosine	raw	source_individual_corrected_percentile	0.4688436198846969	0.4323638693270268	0.5185309891507074	bca	ok	0.95	2000	1897	1876	90	95% BCa bootstrap CI clustered by PubChem compound; uncertainty is over the observed compound panel, not broader chemical space.
L1000 Phase1–Sciplex	l1000_phase1	sciplex	cosine	raw	source_peer_normalized_rank	0.6635297218007784	0.6443351947546287	0.6757792338335674	bca	ok	0.95	2000	1897	1876	90	95% BCa bootstrap CI clustered by PubChem compound; uncertainty is over the observed compound panel, not broader chemical space.
L1000 Phase1–Sciplex	l1000_phase1	sciplex	cosine	raw	target_individual_corrected_percentile	0.6407320291066188	0.5924043211718781	0.6858501511333948	bca	ok	0.95	2000	1897	1887	90	95% BCa bootstrap CI clustered by PubChem compound; uncertainty is over the observed compound panel, not broader chemical space.
L1000 Phase1–Sciplex	l1000_phase1	sciplex	cosine	raw	target_peer_normalized_rank	0.5218142389829321	0.5164108482247961	0.5273064899166872	bca	ok	0.95	2000	1897	1887	90	95% BCa bootstrap CI clustered by PubChem compound; uncertainty is over the observed compound panel, not broader chemical space.
L1000 Phase1–Tahoe	l1000_phase1	tahoe	cosine	raw	delta_vs_source_peer_normalized_rank	-0.1291943051412391	-0.2005391254665193	-0.0617103202386988	bca	ok	0.95	2000	692	675	86	95% BCa bootstrap CI clustered by PubChem compound; uncertainty is over the observed compound panel, not broader chemical space.
L1000 Phase1–Tahoe	l1000_phase1	tahoe	cosine	raw	delta_vs_target_peer_normalized_rank	0.1192586376531653	0.0452404727642802	0.1939413683628658	bca	ok	0.95	2000	692	687	86	95% BCa bootstrap CI clustered by PubChem compound; uncertainty is over the observed compound panel, not broader chemical space.
L1000 Phase1–Tahoe	l1000_phase1	tahoe	cosine	raw	observed_auroc	0.6396854371400762	0.5626117757672703	0.7074820463292236	bca	ok	0.95	2000	692	692	86	95% BCa bootstrap CI clustered by PubChem compound; uncertainty is over the observed compound panel, not broader chemical space.
L1000 Phase1–Tahoe	l1000_phase1	tahoe	cosine	raw	observed_normalized_best_positive_rank	0.6407092769591377	0.5684433865251283	0.7162094187673793	bca	ok	0.95	2000	692	692	86	95% BCa bootstrap CI clustered by PubChem compound; uncertainty is over the observed compound panel, not broader chemical space.
L1000 Phase1–Tahoe	l1000_phase1	tahoe	cosine	raw	observed_recall_at_1	0.0926223114014237	0.0472185778167281	0.1595737010134713	bca	ok	0.95	2000	692	692	86	95% BCa bootstrap CI clustered by PubChem compound; uncertainty is over the observed compound panel, not broader chemical space.
L1000 Phase1–Tahoe	l1000_phase1	tahoe	cosine	raw	source_individual_corrected_percentile	0.3648741919050596	0.3053000788707141	0.4629419542559178	bca	ok	0.95	2000	692	675	86	95% BCa bootstrap CI clustered by PubChem compound; uncertainty is over the observed compound panel, not broader chemical space.
L1000 Phase1–Tahoe	l1000_phase1	tahoe	cosine	raw	source_peer_normalized_rank	0.766728829522489	0.7350635600721298	0.7895771870197069	bca	ok	0.95	2000	692	675	86	95% BCa bootstrap CI clustered by PubChem compound; uncertainty is over the observed compound panel, not broader chemical space.
L1000 Phase1–Tahoe	l1000_phase1	tahoe	cosine	raw	target_individual_corrected_percentile	0.6406157863958097	0.567800843666811	0.7288240207913033	bca	ok	0.95	2000	692	687	86	95% BCa bootstrap CI clustered by PubChem compound; uncertainty is over the observed compound panel, not broader chemical space.
L1000 Phase1–Tahoe	l1000_phase1	tahoe	cosine	raw	target_peer_normalized_rank	0.5147965460201771	0.5052383121875701	0.5227077676208582	bca	ok	0.95	2000	692	687	86	95% BCa bootstrap CI clustered by PubChem compound; uncertainty is over the observed compound panel, not broader chemical space.
L1000 Phase2–Cigs Mce	l1000_phase2	cigs_mce	cosine	raw	delta_vs_source_peer_normalized_rank	0.1380737098546783	0.0602008106136983	0.1960612021076802	bca	ok	0.95	2000	372	372	68	95% BCa bootstrap CI clustered by PubChem compound; uncertainty is over the observed compound panel, not broader chemical space.
L1000 Phase2–Cigs Mce	l1000_phase2	cigs_mce	cosine	raw	delta_vs_target_peer_normalized_rank	0.2736276048486348	0.2135639845077094	0.3218479227927652	bca	ok	0.95	2000	372	372	68	95% BCa bootstrap CI clustered by PubChem compound; uncertainty is over the observed compound panel, not broader chemical space.
L1000 Phase2–Cigs Mce	l1000_phase2	cigs_mce	cosine	raw	observed_auroc	0.8481292553590142	0.7769547184307013	0.8973922612356912	bca	ok	0.95	2000	372	372	68	95% BCa bootstrap CI clustered by PubChem compound; uncertainty is over the observed compound panel, not broader chemical space.
L1000 Phase2–Cigs Mce	l1000_phase2	cigs_mce	cosine	raw	observed_normalized_best_positive_rank	0.8482792547056459	0.7826354341624855	0.8983493958866824	bca	ok	0.95	2000	372	372	68	95% BCa bootstrap CI clustered by PubChem compound; uncertainty is over the observed compound panel, not broader chemical space.
L1000 Phase2–Cigs Mce	l1000_phase2	cigs_mce	cosine	raw	observed_recall_at_1	0.20106998264893	0.1259765046197239	0.3001966820422458	bca	ok	0.95	2000	372	372	68	95% BCa bootstrap CI clustered by PubChem compound; uncertainty is over the observed compound panel, not broader chemical space.
L1000 Phase2–Cigs Mce	l1000_phase2	cigs_mce	cosine	raw	source_individual_corrected_percentile	0.6162134626777583	0.5436702786236612	0.6811584104405561	bca	ok	0.95	2000	372	372	68	95% BCa bootstrap CI clustered by PubChem compound; uncertainty is over the observed compound panel, not broader chemical space.
L1000 Phase2–Cigs Mce	l1000_phase2	cigs_mce	cosine	raw	source_peer_normalized_rank	0.7102055448509675	0.6926812003421384	0.7276606260417997	bca	ok	0.95	2000	372	372	68	95% BCa bootstrap CI clustered by PubChem compound; uncertainty is over the observed compound panel, not broader chemical space.
L1000 Phase2–Cigs Mce	l1000_phase2	cigs_mce	cosine	raw	target_individual_corrected_percentile	0.8214760561985627	0.7488215400341041	0.8780293463578072	bca	ok	0.95	2000	372	372	68	95% BCa bootstrap CI clustered by PubChem compound; uncertainty is over the observed compound panel, not broader chemical space.
L1000 Phase2–Cigs Mce	l1000_phase2	cigs_mce	cosine	raw	target_peer_normalized_rank	0.574651649857011	0.5674879627820769	0.5803670976067512	bca	ok	0.95	2000	372	372	68	95% BCa bootstrap CI clustered by PubChem compound; uncertainty is over the observed compound panel, not broader chemical space.
L1000 Phase2–Sciplex	l1000_phase2	sciplex	cosine	raw	delta_vs_source_peer_normalized_rank	0.0857932469859959	0.0430142732460495	0.1300889483093005	bca	ok	0.95	2000	2323	2323	83	95% BCa bootstrap CI clustered by PubChem compound; uncertainty is over the observed compound panel, not broader chemical space.
L1000 Phase2–Sciplex	l1000_phase2	sciplex	cosine	raw	delta_vs_target_peer_normalized_rank	0.1893473512645603	0.1455524868528121	0.2357422462734815	bca	ok	0.95	2000	2323	2323	83	95% BCa bootstrap CI clustered by PubChem compound; uncertainty is over the observed compound panel, not broader chemical space.
L1000 Phase2–Sciplex	l1000_phase2	sciplex	cosine	raw	observed_auroc	0.696414796379671	0.6520720949946562	0.7435249854656338	bca	ok	0.95	2000	2323	2323	83	95% BCa bootstrap CI clustered by PubChem compound; uncertainty is over the observed compound panel, not broader chemical space.
L1000 Phase2–Sciplex	l1000_phase2	sciplex	cosine	raw	observed_normalized_best_positive_rank	0.6969076230578132	0.6528564055581126	0.7465101283543779	bca	ok	0.95	2000	2323	2323	83	95% BCa bootstrap CI clustered by PubChem compound; uncertainty is over the observed compound panel, not broader chemical space.
L1000 Phase2–Sciplex	l1000_phase2	sciplex	cosine	raw	observed_recall_at_1	0.0571516118861807	0.0367501322051965	0.0845087815845188	bca	ok	0.95	2000	2323	2323	83	95% BCa bootstrap CI clustered by PubChem compound; uncertainty is over the observed compound panel, not broader chemical space.
L1000 Phase2–Sciplex	l1000_phase2	sciplex	cosine	raw	source_individual_corrected_percentile	0.5635278682678334	0.52390017618911	0.6105996887710874	bca	ok	0.95	2000	2323	2323	83	95% BCa bootstrap CI clustered by PubChem compound; uncertainty is over the observed compound panel, not broader chemical space.
L1000 Phase2–Sciplex	l1000_phase2	sciplex	cosine	raw	source_peer_normalized_rank	0.6111143760718172	0.6032819334774558	0.6184564745717372	bca	ok	0.95	2000	2323	2323	83	95% BCa bootstrap CI clustered by PubChem compound; uncertainty is over the observed compound panel, not broader chemical space.
L1000 Phase2–Sciplex	l1000_phase2	sciplex	cosine	raw	target_individual_corrected_percentile	0.6976686281298276	0.6567106362836351	0.7467452736498318	bca	ok	0.95	2000	2323	2323	83	95% BCa bootstrap CI clustered by PubChem compound; uncertainty is over the observed compound panel, not broader chemical space.
L1000 Phase2–Sciplex	l1000_phase2	sciplex	cosine	raw	target_peer_normalized_rank	0.5075602717932528	0.5035664718503221	0.5115916724009897	bca	ok	0.95	2000	2323	2323	83	95% BCa bootstrap CI clustered by PubChem compound; uncertainty is over the observed compound panel, not broader chemical space.
L1000 Phase2–Tahoe	l1000_phase2	tahoe	cosine	raw	delta_vs_source_peer_normalized_rank	-0.1297125215808491	-0.1849624288098705	-0.0772334791353927	bca	ok	0.95	2000	1755	1755	110	95% BCa bootstrap CI clustered by PubChem compound; uncertainty is over the observed compound panel, not broader chemical space.
L1000 Phase2–Tahoe	l1000_phase2	tahoe	cosine	raw	delta_vs_target_peer_normalized_rank	0.1097757333914465	0.0625888178909132	0.1560220793562619	bca	ok	0.95	2000	1755	1755	110	95% BCa bootstrap CI clustered by PubChem compound; uncertainty is over the observed compound panel, not broader chemical space.
L1000 Phase2–Tahoe	l1000_phase2	tahoe	cosine	raw	observed_auroc	0.6100471498897114	0.5613851133208309	0.6520270956971521	bca	ok	0.95	2000	1755	1755	110	95% BCa bootstrap CI clustered by PubChem compound; uncertainty is over the observed compound panel, not broader chemical space.
L1000 Phase2–Tahoe	l1000_phase2	tahoe	cosine	raw	observed_normalized_best_positive_rank	0.6106350811354795	0.5625871135193237	0.6541011719237582	bca	ok	0.95	2000	1755	1755	110	95% BCa bootstrap CI clustered by PubChem compound; uncertainty is over the observed compound panel, not broader chemical space.
L1000 Phase2–Tahoe	l1000_phase2	tahoe	cosine	raw	observed_recall_at_1	0.0259259901506664	0.0121077181790484	0.0517358672677906	bca	ok	0.95	2000	1755	1755	110	95% BCa bootstrap CI clustered by PubChem compound; uncertainty is over the observed compound panel, not broader chemical space.
L1000 Phase2–Tahoe	l1000_phase2	tahoe	cosine	raw	source_individual_corrected_percentile	0.3537782864123897	0.3140050336045776	0.4123043033579404	bca	ok	0.95	2000	1755	1755	110	95% BCa bootstrap CI clustered by PubChem compound; uncertainty is over the observed compound panel, not broader chemical space.
L1000 Phase2–Tahoe	l1000_phase2	tahoe	cosine	raw	source_peer_normalized_rank	0.7403476027163288	0.7250577325513984	0.7514941620086335	bca	ok	0.95	2000	1755	1755	110	95% BCa bootstrap CI clustered by PubChem compound; uncertainty is over the observed compound panel, not broader chemical space.
L1000 Phase2–Tahoe	l1000_phase2	tahoe	cosine	raw	target_individual_corrected_percentile	0.6159663014775236	0.5701954101111758	0.6651287780903047	bca	ok	0.95	2000	1755	1755	110	95% BCa bootstrap CI clustered by PubChem compound; uncertainty is over the observed compound panel, not broader chemical space.
L1000 Phase2–Tahoe	l1000_phase2	tahoe	cosine	raw	target_peer_normalized_rank	0.5008593477440327	0.4969145636789809	0.5050630886575435	bca	ok	0.95	2000	1755	1755	110	95% BCa bootstrap CI clustered by PubChem compound; uncertainty is over the observed compound panel, not broader chemical space.
Tahoe–Sciplex	tahoe	sciplex	cosine	raw	delta_vs_source_peer_normalized_rank	-0.1092490197131591	-0.1887872646028087	-0.0203074686341416	bca	ok	0.95	2000	223	223	23	95% BCa bootstrap CI clustered by PubChem compound; uncertainty is over the observed compound panel, not broader chemical space.
Tahoe–Sciplex	tahoe	sciplex	cosine	raw	delta_vs_target_peer_normalized_rank	0.1899532221101351	0.1202055229664686	0.2690930638736034	bca	ok	0.95	2000	223	223	23	95% BCa bootstrap CI clustered by PubChem compound; uncertainty is over the observed compound panel, not broader chemical space.
Tahoe–Sciplex	tahoe	sciplex	cosine	raw	observed_auroc	0.6881944154017275	0.6238449277474443	0.777151390275251	bca	ok	0.95	2000	223	223	23	95% BCa bootstrap CI clustered by PubChem compound; uncertainty is over the observed compound panel, not broader chemical space.
Tahoe–Sciplex	tahoe	sciplex	cosine	raw	observed_normalized_best_positive_rank	0.6886547028685718	0.6213611579409036	0.7701219551754809	bca	ok	0.95	2000	223	223	23	95% BCa bootstrap CI clustered by PubChem compound; uncertainty is over the observed compound panel, not broader chemical space.
Tahoe–Sciplex	tahoe	sciplex	cosine	raw	observed_recall_at_1	0.078772378516624	0.0355644546147978	0.1450719439756299	bca	ok	0.95	2000	223	223	23	95% BCa bootstrap CI clustered by PubChem compound; uncertainty is over the observed compound panel, not broader chemical space.
Tahoe–Sciplex	tahoe	sciplex	cosine	raw	source_individual_corrected_percentile	0.3451498061910495	0.2722704687808824	0.4609440885146466	bca	ok	0.95	2000	223	223	23	95% BCa bootstrap CI clustered by PubChem compound; uncertainty is over the observed compound panel, not broader chemical space.
Tahoe–Sciplex	tahoe	sciplex	cosine	raw	source_peer_normalized_rank	0.7979037225817309	0.7671261162238124	0.8255520151458697	bca	ok	0.95	2000	223	223	23	95% BCa bootstrap CI clustered by PubChem compound; uncertainty is over the observed compound panel, not broader chemical space.
Tahoe–Sciplex	tahoe	sciplex	cosine	raw	target_individual_corrected_percentile	0.6966702366456071	0.6262495786228293	0.7829915903231265	bca	ok	0.95	2000	223	223	23	95% BCa bootstrap CI clustered by PubChem compound; uncertainty is over the observed compound panel, not broader chemical space.
Tahoe–Sciplex	tahoe	sciplex	cosine	raw	target_peer_normalized_rank	0.4987014807584367	0.4901788758401776	0.5071858970506217	bca	ok	0.95	2000	223	223	23	95% BCa bootstrap CI clustered by PubChem compound; uncertainty is over the observed compound panel, not broader chemical space.
Cigs Mce–Cigs Tcm	cigs_mce	cigs_tcm	negative_l2	per_gene_population_zscore_dataset	delta_vs_source_peer_normalized_rank	0.024091985283085024	0.014873857135240124	0.033605860088872785	bca	ok	0.95	2000	11042	11042	974	95% BCa bootstrap CI clustered by PubChem compound; uncertainty is over the observed compound panel, not broader chemical space.
Cigs Mce–Cigs Tcm	cigs_mce	cigs_tcm	negative_l2	per_gene_population_zscore_dataset	delta_vs_target_peer_normalized_rank	0.040256060708730126	0.030586057128561345	0.049828269916091614	bca	ok	0.95	2000	11042	11042	974	95% BCa bootstrap CI clustered by PubChem compound; uncertainty is over the observed compound panel, not broader chemical space.
Cigs Mce–Cigs Tcm	cigs_mce	cigs_tcm	negative_l2	per_gene_population_zscore_dataset	observed_auroc	0.5413768840915063	0.5312537512044415	0.5507162944559154	bca	ok	0.95	2000	11042	11042	974	95% BCa bootstrap CI clustered by PubChem compound; uncertainty is over the observed compound panel, not broader chemical space.
Cigs Mce–Cigs Tcm	cigs_mce	cigs_tcm	negative_l2	per_gene_population_zscore_dataset	observed_normalized_best_positive_rank	0.5416692935017616	0.5315693414642898	0.5511966018654745	bca	ok	0.95	2000	11042	11042	974	95% BCa bootstrap CI clustered by PubChem compound; uncertainty is over the observed compound panel, not broader chemical space.
Cigs Mce–Cigs Tcm	cigs_mce	cigs_tcm	negative_l2	per_gene_population_zscore_dataset	observed_recall_at_1	0.011290437921712032	0.008254693880167818	0.015423134867738898	bca	ok	0.95	2000	11042	11042	974	95% BCa bootstrap CI clustered by PubChem compound; uncertainty is over the observed compound panel, not broader chemical space.
Cigs Mce–Cigs Tcm	cigs_mce	cigs_tcm	negative_l2	per_gene_population_zscore_dataset	source_individual_corrected_percentile	0.5203750818946611	0.5120257178945953	0.5280671958723805	bca	ok	0.95	2000	11042	11042	974	95% BCa bootstrap CI clustered by PubChem compound; uncertainty is over the observed compound panel, not broader chemical space.
Cigs Mce–Cigs Tcm	cigs_mce	cigs_tcm	negative_l2	per_gene_population_zscore_dataset	source_peer_normalized_rank	0.5175773082186768	0.5166601847475254	0.5186692858681822	bca	ok	0.95	2000	11042	11042	974	95% BCa bootstrap CI clustered by PubChem compound; uncertainty is over the observed compound panel, not broader chemical space.
Cigs Mce–Cigs Tcm	cigs_mce	cigs_tcm	negative_l2	per_gene_population_zscore_dataset	target_individual_corrected_percentile	0.5408131840656696	0.5311702044196787	0.5500790687600052	bca	ok	0.95	2000	11042	11042	974	95% BCa bootstrap CI clustered by PubChem compound; uncertainty is over the observed compound panel, not broader chemical space.
Cigs Mce–Cigs Tcm	cigs_mce	cigs_tcm	negative_l2	per_gene_population_zscore_dataset	target_peer_normalized_rank	0.5014132327930315	0.5008177377849442	0.5019745587972636	bca	ok	0.95	2000	11042	11042	974	95% BCa bootstrap CI clustered by PubChem compound; uncertainty is over the observed compound panel, not broader chemical space.
L1000 Phase1–Cigs Mce	l1000_phase1	cigs_mce	negative_l2	per_gene_population_zscore_dataset	delta_vs_source_peer_normalized_rank	-1.2802025614738755e-06	-0.06770535766323538	0.061154443409054994	bca	ok	0.95	2000	855	855	124	95% BCa bootstrap CI clustered by PubChem compound; uncertainty is over the observed compound panel, not broader chemical space.
L1000 Phase1–Cigs Mce	l1000_phase1	cigs_mce	negative_l2	per_gene_population_zscore_dataset	delta_vs_target_peer_normalized_rank	0.07565118074361246	0.013012777120750125	0.14016077249535072	bca	ok	0.95	2000	855	855	124	95% BCa bootstrap CI clustered by PubChem compound; uncertainty is over the observed compound panel, not broader chemical space.
L1000 Phase1–Cigs Mce	l1000_phase1	cigs_mce	negative_l2	per_gene_population_zscore_dataset	observed_auroc	0.5500339982789304	0.4883811627932131	0.6126417252503356	bca	ok	0.95	2000	855	855	124	95% BCa bootstrap CI clustered by PubChem compound; uncertainty is over the observed compound panel, not broader chemical space.
L1000 Phase1–Cigs Mce	l1000_phase1	cigs_mce	negative_l2	per_gene_population_zscore_dataset	observed_normalized_best_positive_rank	0.557234890078012	0.49571722155145576	0.6154717839906101	bca	ok	0.95	2000	855	855	124	95% BCa bootstrap CI clustered by PubChem compound; uncertainty is over the observed compound panel, not broader chemical space.
L1000 Phase1–Cigs Mce	l1000_phase1	cigs_mce	negative_l2	per_gene_population_zscore_dataset	observed_recall_at_1	0.04377717626054655	0.009035016694296205	0.19039860826360544	bca	ok	0.95	2000	855	855	124	95% BCa bootstrap CI clustered by PubChem compound; uncertainty is over the observed compound panel, not broader chemical space.
L1000 Phase1–Cigs Mce	l1000_phase1	cigs_mce	negative_l2	per_gene_population_zscore_dataset	source_individual_corrected_percentile	0.4961627229914525	0.43136342479949813	0.5638506266771525	bca	ok	0.95	2000	855	855	124	95% BCa bootstrap CI clustered by PubChem compound; uncertainty is over the observed compound panel, not broader chemical space.
L1000 Phase1–Cigs Mce	l1000_phase1	cigs_mce	negative_l2	per_gene_population_zscore_dataset	source_peer_normalized_rank	0.5572361702805735	0.540659340449906	0.5697912002416765	bca	ok	0.95	2000	855	855	124	95% BCa bootstrap CI clustered by PubChem compound; uncertainty is over the observed compound panel, not broader chemical space.
L1000 Phase1–Cigs Mce	l1000_phase1	cigs_mce	negative_l2	per_gene_population_zscore_dataset	target_individual_corrected_percentile	0.5789834243897725	0.5135213003166635	0.6413401072829783	bca	ok	0.95	2000	855	855	124	95% BCa bootstrap CI clustered by PubChem compound; uncertainty is over the observed compound panel, not broader chemical space.
L1000 Phase1–Cigs Mce	l1000_phase1	cigs_mce	negative_l2	per_gene_population_zscore_dataset	target_peer_normalized_rank	0.48158370933439953	0.478333003843598	0.4851580318592097	bca	ok	0.95	2000	855	855	124	95% BCa bootstrap CI clustered by PubChem compound; uncertainty is over the observed compound panel, not broader chemical space.
L1000 Phase1–L1000 Phase2	l1000_phase1	l1000_phase2	negative_l2	per_gene_population_zscore_dataset	delta_vs_source_peer_normalized_rank	0.16069568709769058	0.12288246490516855	0.2082152444385392	bca	ok	0.95	2000	21857	21576	257	95% BCa bootstrap CI clustered by PubChem compound; uncertainty is over the observed compound panel, not broader chemical space.
L1000 Phase1–L1000 Phase2	l1000_phase1	l1000_phase2	negative_l2	per_gene_population_zscore_dataset	delta_vs_target_peer_normalized_rank	0.19958406293480951	0.16015062299721416	0.2453014885898427	bca	ok	0.95	2000	21857	21442	257	95% BCa bootstrap CI clustered by PubChem compound; uncertainty is over the observed compound panel, not broader chemical space.
L1000 Phase1–L1000 Phase2	l1000_phase1	l1000_phase2	negative_l2	per_gene_population_zscore_dataset	observed_auroc	0.7160692213383689	0.6817853214052035	0.7673390188545951	bca	ok	0.95	2000	21857	21857	257	95% BCa bootstrap CI clustered by PubChem compound; uncertainty is over the observed compound panel, not broader chemical space.
L1000 Phase1–L1000 Phase2	l1000_phase1	l1000_phase2	negative_l2	per_gene_population_zscore_dataset	observed_normalized_best_positive_rank	0.7185298888720971	0.6830426928622139	0.7692894445244857	bca	ok	0.95	2000	21857	21857	257	95% BCa bootstrap CI clustered by PubChem compound; uncertainty is over the observed compound panel, not broader chemical space.
L1000 Phase1–L1000 Phase2	l1000_phase1	l1000_phase2	negative_l2	per_gene_population_zscore_dataset	observed_recall_at_1	0.20554780373030757	0.13570852673506287	0.3291126124960121	bca	ok	0.95	2000	21857	21857	257	95% BCa bootstrap CI clustered by PubChem compound; uncertainty is over the observed compound panel, not broader chemical space.
L1000 Phase1–L1000 Phase2	l1000_phase1	l1000_phase2	negative_l2	per_gene_population_zscore_dataset	source_individual_corrected_percentile	0.623934609629017	0.5885536511397271	0.6848495424717922	bca	ok	0.95	2000	21857	21576	257	95% BCa bootstrap CI clustered by PubChem compound; uncertainty is over the observed compound panel, not broader chemical space.
L1000 Phase1–L1000 Phase2	l1000_phase1	l1000_phase2	negative_l2	per_gene_population_zscore_dataset	source_peer_normalized_rank	0.5557186991991834	0.5476251413069355	0.56291726805899	bca	ok	0.95	2000	21857	21576	257	95% BCa bootstrap CI clustered by PubChem compound; uncertainty is over the observed compound panel, not broader chemical space.
L1000 Phase1–L1000 Phase2	l1000_phase1	l1000_phase2	negative_l2	per_gene_population_zscore_dataset	target_individual_corrected_percentile	0.711237996691543	0.6751307933994238	0.7535936849521835	bca	ok	0.95	2000	21857	21442	257	95% BCa bootstrap CI clustered by PubChem compound; uncertainty is over the observed compound panel, not broader chemical space.
L1000 Phase1–L1000 Phase2	l1000_phase1	l1000_phase2	negative_l2	per_gene_population_zscore_dataset	target_peer_normalized_rank	0.5118491177418185	0.5043837363441684	0.5199028377487871	bca	ok	0.95	2000	21857	21442	257	95% BCa bootstrap CI clustered by PubChem compound; uncertainty is over the observed compound panel, not broader chemical space.
L1000 Phase1–Sciplex	l1000_phase1	sciplex	negative_l2	per_gene_population_zscore_dataset	delta_vs_source_peer_normalized_rank	0.042278695186401545	0.009594776797374542	0.07825239103754121	bca	ok	0.95	2000	1897	1876	90	95% BCa bootstrap CI clustered by PubChem compound; uncertainty is over the observed compound panel, not broader chemical space.
L1000 Phase1–Sciplex	l1000_phase1	sciplex	negative_l2	per_gene_population_zscore_dataset	delta_vs_target_peer_normalized_rank	0.09938527349078638	0.06592756990088103	0.13405754222106503	bca	ok	0.95	2000	1897	1887	90	95% BCa bootstrap CI clustered by PubChem compound; uncertainty is over the observed compound panel, not broader chemical space.
L1000 Phase1–Sciplex	l1000_phase1	sciplex	negative_l2	per_gene_population_zscore_dataset	observed_auroc	0.5953659503960393	0.5621908469316343	0.632827008528578	bca	ok	0.95	2000	1897	1897	90	95% BCa bootstrap CI clustered by PubChem compound; uncertainty is over the observed compound panel, not broader chemical space.
L1000 Phase1–Sciplex	l1000_phase1	sciplex	negative_l2	per_gene_population_zscore_dataset	observed_normalized_best_positive_rank	0.5959995213436744	0.5615859303532793	0.6328269188449317	bca	ok	0.95	2000	1897	1897	90	95% BCa bootstrap CI clustered by PubChem compound; uncertainty is over the observed compound panel, not broader chemical space.
L1000 Phase1–Sciplex	l1000_phase1	sciplex	negative_l2	per_gene_population_zscore_dataset	observed_recall_at_1	0.02751026185701439	0.01315950672896322	0.061027434878888176	bca	ok	0.95	2000	1897	1897	90	95% BCa bootstrap CI clustered by PubChem compound; uncertainty is over the observed compound panel, not broader chemical space.
L1000 Phase1–Sciplex	l1000_phase1	sciplex	negative_l2	per_gene_population_zscore_dataset	source_individual_corrected_percentile	0.5226198534724877	0.49451538745347756	0.552465331879424	bca	ok	0.95	2000	1897	1876	90	95% BCa bootstrap CI clustered by PubChem compound; uncertainty is over the observed compound panel, not broader chemical space.
L1000 Phase1–Sciplex	l1000_phase1	sciplex	negative_l2	per_gene_population_zscore_dataset	source_peer_normalized_rank	0.5555992574775465	0.5452292693221742	0.567859851094945	bca	ok	0.95	2000	1897	1876	90	95% BCa bootstrap CI clustered by PubChem compound; uncertainty is over the observed compound panel, not broader chemical space.
L1000 Phase1–Sciplex	l1000_phase1	sciplex	negative_l2	per_gene_population_zscore_dataset	target_individual_corrected_percentile	0.602933631797914	0.5683319852099601	0.6384039664945258	bca	ok	0.95	2000	1897	1887	90	95% BCa bootstrap CI clustered by PubChem compound; uncertainty is over the observed compound panel, not broader chemical space.
L1000 Phase1–Sciplex	l1000_phase1	sciplex	negative_l2	per_gene_population_zscore_dataset	target_peer_normalized_rank	0.4976864322725801	0.48716133970371517	0.5091335511830481	bca	ok	0.95	2000	1897	1887	90	95% BCa bootstrap CI clustered by PubChem compound; uncertainty is over the observed compound panel, not broader chemical space.
L1000 Phase1–Tahoe	l1000_phase1	tahoe	negative_l2	per_gene_population_zscore_dataset	delta_vs_source_peer_normalized_rank	-0.027827751310240324	-0.09761413877592995	0.03205811261896478	bca	ok	0.95	2000	692	675	86	95% BCa bootstrap CI clustered by PubChem compound; uncertainty is over the observed compound panel, not broader chemical space.
L1000 Phase1–Tahoe	l1000_phase1	tahoe	negative_l2	per_gene_population_zscore_dataset	delta_vs_target_peer_normalized_rank	0.02937093372759083	-0.026341782192309746	0.0796263898633443	bca	ok	0.95	2000	692	687	86	95% BCa bootstrap CI clustered by PubChem compound; uncertainty is over the observed compound panel, not broader chemical space.
L1000 Phase1–Tahoe	l1000_phase1	tahoe	negative_l2	per_gene_population_zscore_dataset	observed_auroc	0.5286250190651558	0.47898629668132015	0.574487290929871	bca	ok	0.95	2000	692	692	86	95% BCa bootstrap CI clustered by PubChem compound; uncertainty is over the observed compound panel, not broader chemical space.
L1000 Phase1–Tahoe	l1000_phase1	tahoe	negative_l2	per_gene_population_zscore_dataset	observed_normalized_best_positive_rank	0.5320778617969117	0.48334438094115745	0.578658308494135	bca	ok	0.95	2000	692	692	86	95% BCa bootstrap CI clustered by PubChem compound; uncertainty is over the observed compound panel, not broader chemical space.
L1000 Phase1–Tahoe	l1000_phase1	tahoe	negative_l2	per_gene_population_zscore_dataset	observed_recall_at_1	0.012523178730561453	0.001572327044025157	0.04288897855373774	bca	ok	0.95	2000	692	692	86	95% BCa bootstrap CI clustered by PubChem compound; uncertainty is over the observed compound panel, not broader chemical space.
L1000 Phase1–Tahoe	l1000_phase1	tahoe	negative_l2	per_gene_population_zscore_dataset	source_individual_corrected_percentile	0.48976345612113836	0.44235585091205337	0.5373679199228922	bca	ok	0.95	2000	692	675	86	95% BCa bootstrap CI clustered by PubChem compound; uncertainty is over the observed compound panel, not broader chemical space.
L1000 Phase1–Tahoe	l1000_phase1	tahoe	negative_l2	per_gene_population_zscore_dataset	source_peer_normalized_rank	0.5661071930153323	0.546687705982137	0.5923628267339776	bca	ok	0.95	2000	692	675	86	95% BCa bootstrap CI clustered by PubChem compound; uncertainty is over the observed compound panel, not broader chemical space.
L1000 Phase1–Tahoe	l1000_phase1	tahoe	negative_l2	per_gene_population_zscore_dataset	target_individual_corrected_percentile	0.5474105983228839	0.4919907158295954	0.6007688748028787	bca	ok	0.95	2000	692	687	86	95% BCa bootstrap CI clustered by PubChem compound; uncertainty is over the observed compound panel, not broader chemical space.
L1000 Phase1–Tahoe	l1000_phase1	tahoe	negative_l2	per_gene_population_zscore_dataset	target_peer_normalized_rank	0.49810165375257637	0.48847535274588766	0.5135963531283735	bca	ok	0.95	2000	692	687	86	95% BCa bootstrap CI clustered by PubChem compound; uncertainty is over the observed compound panel, not broader chemical space.
L1000 Phase2–Cigs Mce	l1000_phase2	cigs_mce	negative_l2	per_gene_population_zscore_dataset	delta_vs_source_peer_normalized_rank	0.061637034245517495	0.007463218179262272	0.11463905647267805	bca	ok	0.95	2000	372	372	68	95% BCa bootstrap CI clustered by PubChem compound; uncertainty is over the observed compound panel, not broader chemical space.
L1000 Phase2–Cigs Mce	l1000_phase2	cigs_mce	negative_l2	per_gene_population_zscore_dataset	delta_vs_target_peer_normalized_rank	0.1560307705718182	0.10430334195202669	0.20410440021613097	bca	ok	0.95	2000	372	372	68	95% BCa bootstrap CI clustered by PubChem compound; uncertainty is over the observed compound panel, not broader chemical space.
L1000 Phase2–Cigs Mce	l1000_phase2	cigs_mce	negative_l2	per_gene_population_zscore_dataset	observed_auroc	0.5577572671724226	0.5061507123215124	0.6042841534431719	bca	ok	0.95	2000	372	372	68	95% BCa bootstrap CI clustered by PubChem compound; uncertainty is over the observed compound panel, not broader chemical space.
L1000 Phase2–Cigs Mce	l1000_phase2	cigs_mce	negative_l2	per_gene_population_zscore_dataset	observed_normalized_best_positive_rank	0.558273173567524	0.5044849735882653	0.6063389340770446	bca	ok	0.95	2000	372	372	68	95% BCa bootstrap CI clustered by PubChem compound; uncertainty is over the observed compound panel, not broader chemical space.
L1000 Phase2–Cigs Mce	l1000_phase2	cigs_mce	negative_l2	per_gene_population_zscore_dataset	observed_recall_at_1	0.08947368421052632	0.04918032786885246	0.14455604809228687	bca	ok	0.95	2000	372	372	68	95% BCa bootstrap CI clustered by PubChem compound; uncertainty is over the observed compound panel, not broader chemical space.
L1000 Phase2–Cigs Mce	l1000_phase2	cigs_mce	negative_l2	per_gene_population_zscore_dataset	source_individual_corrected_percentile	0.534027688042534	0.4737530027607639	0.5911332319112682	bca	ok	0.95	2000	372	372	68	95% BCa bootstrap CI clustered by PubChem compound; uncertainty is over the observed compound panel, not broader chemical space.
L1000 Phase2–Cigs Mce	l1000_phase2	cigs_mce	negative_l2	per_gene_population_zscore_dataset	source_peer_normalized_rank	0.49663613932200656	0.4724519201187627	0.5197288045389834	bca	ok	0.95	2000	372	372	68	95% BCa bootstrap CI clustered by PubChem compound; uncertainty is over the observed compound panel, not broader chemical space.
L1000 Phase2–Cigs Mce	l1000_phase2	cigs_mce	negative_l2	per_gene_population_zscore_dataset	target_individual_corrected_percentile	0.6678133694164394	0.6142363407969571	0.7199069309295384	bca	ok	0.95	2000	372	372	68	95% BCa bootstrap CI clustered by PubChem compound; uncertainty is over the observed compound panel, not broader chemical space.
L1000 Phase2–Cigs Mce	l1000_phase2	cigs_mce	negative_l2	per_gene_population_zscore_dataset	target_peer_normalized_rank	0.4022424029957057	0.39952701499599996	0.4074534649939885	bca	ok	0.95	2000	372	372	68	95% BCa bootstrap CI clustered by PubChem compound; uncertainty is over the observed compound panel, not broader chemical space.
L1000 Phase2–Sciplex	l1000_phase2	sciplex	negative_l2	per_gene_population_zscore_dataset	delta_vs_source_peer_normalized_rank	0.0893171175002899	0.06161310881553713	0.1134382628450734	bca	ok	0.95	2000	2323	2323	83	95% BCa bootstrap CI clustered by PubChem compound; uncertainty is over the observed compound panel, not broader chemical space.
L1000 Phase2–Sciplex	l1000_phase2	sciplex	negative_l2	per_gene_population_zscore_dataset	delta_vs_target_peer_normalized_rank	0.11957856274184248	0.09311997020010057	0.14472037534974666	bca	ok	0.95	2000	2323	2323	83	95% BCa bootstrap CI clustered by PubChem compound; uncertainty is over the observed compound panel, not broader chemical space.
L1000 Phase2–Sciplex	l1000_phase2	sciplex	negative_l2	per_gene_population_zscore_dataset	observed_auroc	0.6456863898171417	0.6164695335250286	0.673195840991868	bca	ok	0.95	2000	2323	2323	83	95% BCa bootstrap CI clustered by PubChem compound; uncertainty is over the observed compound panel, not broader chemical space.
L1000 Phase2–Sciplex	l1000_phase2	sciplex	negative_l2	per_gene_population_zscore_dataset	observed_normalized_best_positive_rank	0.6462523459627321	0.6181689482629138	0.6732289856730249	bca	ok	0.95	2000	2323	2323	83	95% BCa bootstrap CI clustered by PubChem compound; uncertainty is over the observed compound panel, not broader chemical space.
L1000 Phase2–Sciplex	l1000_phase2	sciplex	negative_l2	per_gene_population_zscore_dataset	observed_recall_at_1	0.03518612126509179	0.019912628916104638	0.05919071485967596	bca	ok	0.95	2000	2323	2323	83	95% BCa bootstrap CI clustered by PubChem compound; uncertainty is over the observed compound panel, not broader chemical space.
L1000 Phase2–Sciplex	l1000_phase2	sciplex	negative_l2	per_gene_population_zscore_dataset	source_individual_corrected_percentile	0.5628476006787801	0.5441795505936652	0.5826098431830178	bca	ok	0.95	2000	2323	2323	83	95% BCa bootstrap CI clustered by PubChem compound; uncertainty is over the observed compound panel, not broader chemical space.
L1000 Phase2–Sciplex	l1000_phase2	sciplex	negative_l2	per_gene_population_zscore_dataset	source_peer_normalized_rank	0.5569352284624419	0.5502942182537199	0.5618284031835399	bca	ok	0.95	2000	2323	2323	83	95% BCa bootstrap CI clustered by PubChem compound; uncertainty is over the observed compound panel, not broader chemical space.
L1000 Phase2–Sciplex	l1000_phase2	sciplex	negative_l2	per_gene_population_zscore_dataset	target_individual_corrected_percentile	0.6240646135204511	0.5966594611795033	0.6488066029355647	bca	ok	0.95	2000	2323	2323	83	95% BCa bootstrap CI clustered by PubChem compound; uncertainty is over the observed compound panel, not broader chemical space.
L1000 Phase2–Sciplex	l1000_phase2	sciplex	negative_l2	per_gene_population_zscore_dataset	target_peer_normalized_rank	0.5266737832208894	0.5234782224895301	0.5302258045576026	bca	ok	0.95	2000	2323	2323	83	95% BCa bootstrap CI clustered by PubChem compound; uncertainty is over the observed compound panel, not broader chemical space.
L1000 Phase2–Tahoe	l1000_phase2	tahoe	negative_l2	per_gene_population_zscore_dataset	delta_vs_source_peer_normalized_rank	-0.04879348446412572	-0.09548995127427715	-0.0024776781663521617	bca	ok	0.95	2000	1755	1755	110	95% BCa bootstrap CI clustered by PubChem compound; uncertainty is over the observed compound panel, not broader chemical space.
L1000 Phase2–Tahoe	l1000_phase2	tahoe	negative_l2	per_gene_population_zscore_dataset	delta_vs_target_peer_normalized_rank	0.011915545138598264	-0.0296668049716666	0.055893634539138384	bca	ok	0.95	2000	1755	1755	110	95% BCa bootstrap CI clustered by PubChem compound; uncertainty is over the observed compound panel, not broader chemical space.
L1000 Phase2–Tahoe	l1000_phase2	tahoe	negative_l2	per_gene_population_zscore_dataset	observed_auroc	0.5379988598789092	0.4943684559684985	0.5855637060028795	bca	ok	0.95	2000	1755	1755	110	95% BCa bootstrap CI clustered by PubChem compound; uncertainty is over the observed compound panel, not broader chemical space.
L1000 Phase2–Tahoe	l1000_phase2	tahoe	negative_l2	per_gene_population_zscore_dataset	observed_normalized_best_positive_rank	0.539157442965229	0.4970249136484728	0.585754032030159	bca	ok	0.95	2000	1755	1755	110	95% BCa bootstrap CI clustered by PubChem compound; uncertainty is over the observed compound panel, not broader chemical space.
L1000 Phase2–Tahoe	l1000_phase2	tahoe	negative_l2	per_gene_population_zscore_dataset	observed_recall_at_1	0.010321400715319461	0.003132938442810864	0.02718779105533992	bca	ok	0.95	2000	1755	1755	110	95% BCa bootstrap CI clustered by PubChem compound; uncertainty is over the observed compound panel, not broader chemical space.
L1000 Phase2–Tahoe	l1000_phase2	tahoe	negative_l2	per_gene_population_zscore_dataset	source_individual_corrected_percentile	0.45234309710174125	0.41200287130023716	0.48851501759545346	bca	ok	0.95	2000	1755	1755	110	95% BCa bootstrap CI clustered by PubChem compound; uncertainty is over the observed compound panel, not broader chemical space.
L1000 Phase2–Tahoe	l1000_phase2	tahoe	negative_l2	per_gene_population_zscore_dataset	source_peer_normalized_rank	0.5879509274293546	0.5818435525106188	0.594933194110946	bca	ok	0.95	2000	1755	1755	110	95% BCa bootstrap CI clustered by PubChem compound; uncertainty is over the observed compound panel, not broader chemical space.
L1000 Phase2–Tahoe	l1000_phase2	tahoe	negative_l2	per_gene_population_zscore_dataset	target_individual_corrected_percentile	0.5133462739995014	0.47074076531010944	0.5604854879966851	bca	ok	0.95	2000	1755	1755	110	95% BCa bootstrap CI clustered by PubChem compound; uncertainty is over the observed compound panel, not broader chemical space.
L1000 Phase2–Tahoe	l1000_phase2	tahoe	negative_l2	per_gene_population_zscore_dataset	target_peer_normalized_rank	0.5272418978266309	0.5222242406434837	0.530573411006927	bca	ok	0.95	2000	1755	1755	110	95% BCa bootstrap CI clustered by PubChem compound; uncertainty is over the observed compound panel, not broader chemical space.
Tahoe–Sciplex	tahoe	sciplex	negative_l2	per_gene_population_zscore_dataset	delta_vs_source_peer_normalized_rank	0.03675051435608728	-0.023941690336668632	0.10489193656767913	bca	ok	0.95	2000	223	223	23	95% BCa bootstrap CI clustered by PubChem compound; uncertainty is over the observed compound panel, not broader chemical space.
Tahoe–Sciplex	tahoe	sciplex	negative_l2	per_gene_population_zscore_dataset	delta_vs_target_peer_normalized_rank	0.05683390906761253	-0.0069366474398835035	0.1276390301456177	bca	ok	0.95	2000	223	223	23	95% BCa bootstrap CI clustered by PubChem compound; uncertainty is over the observed compound panel, not broader chemical space.
Tahoe–Sciplex	tahoe	sciplex	negative_l2	per_gene_population_zscore_dataset	observed_auroc	0.5491002642012025	0.4895706692131203	0.6177858417737033	bca	ok	0.95	2000	223	223	23	95% BCa bootstrap CI clustered by PubChem compound; uncertainty is over the observed compound panel, not broader chemical space.
Tahoe–Sciplex	tahoe	sciplex	negative_l2	per_gene_population_zscore_dataset	observed_normalized_best_positive_rank	0.552604122169716	0.49102726316635037	0.6214205565477523	bca	ok	0.95	2000	223	223	23	95% BCa bootstrap CI clustered by PubChem compound; uncertainty is over the observed compound panel, not broader chemical space.
Tahoe–Sciplex	tahoe	sciplex	negative_l2	per_gene_population_zscore_dataset	observed_recall_at_1	0.007246376811594203	0.0	0.021739130434782608	bca	ok	0.95	2000	223	223	23	95% BCa bootstrap CI clustered by PubChem compound; uncertainty is over the observed compound panel, not broader chemical space.
Tahoe–Sciplex	tahoe	sciplex	negative_l2	per_gene_population_zscore_dataset	source_individual_corrected_percentile	0.5264968091582064	0.49577452453174703	0.5440934747043247	bca	ok	0.95	2000	223	223	23	95% BCa bootstrap CI clustered by PubChem compound; uncertainty is over the observed compound panel, not broader chemical space.
Tahoe–Sciplex	tahoe	sciplex	negative_l2	per_gene_population_zscore_dataset	source_peer_normalized_rank	0.5158536078136285	0.5121476132894723	0.5195682585665193	bca	ok	0.95	2000	223	223	23	95% BCa bootstrap CI clustered by PubChem compound; uncertainty is over the observed compound panel, not broader chemical space.
Tahoe–Sciplex	tahoe	sciplex	negative_l2	per_gene_population_zscore_dataset	target_individual_corrected_percentile	0.5618221565033774	0.5022042032372939	0.6284849192448455	bca	ok	0.95	2000	223	223	23	95% BCa bootstrap CI clustered by PubChem compound; uncertainty is over the observed compound panel, not broader chemical space.
Tahoe–Sciplex	tahoe	sciplex	negative_l2	per_gene_population_zscore_dataset	target_peer_normalized_rank	0.49577021310210345	0.493805903447987	0.4979781945466329	bca	ok	0.95	2000	223	223	23	95% BCa bootstrap CI clustered by PubChem compound; uncertainty is over the observed compound panel, not broader chemical space.
Cigs Mce–Cigs Tcm	cigs_mce	cigs_tcm	negative_l2	per_gene_population_zscore_dataset_cell_type	delta_vs_source_peer_normalized_rank	0.0320810669603107	0.022493947920082843	0.04165783585096836	bca	ok	0.95	2000	11042	11042	974	95% BCa bootstrap CI clustered by PubChem compound; uncertainty is over the observed compound panel, not broader chemical space.
Cigs Mce–Cigs Tcm	cigs_mce	cigs_tcm	negative_l2	per_gene_population_zscore_dataset_cell_type	delta_vs_target_peer_normalized_rank	0.04144870470224214	0.03145431876548943	0.05087564362073672	bca	ok	0.95	2000	11042	11042	974	95% BCa bootstrap CI clustered by PubChem compound; uncertainty is over the observed compound panel, not broader chemical space.
Cigs Mce–Cigs Tcm	cigs_mce	cigs_tcm	negative_l2	per_gene_population_zscore_dataset_cell_type	observed_auroc	0.54257909259851	0.5325842926834823	0.5520042795853584	bca	ok	0.95	2000	11042	11042	974	95% BCa bootstrap CI clustered by PubChem compound; uncertainty is over the observed compound panel, not broader chemical space.
Cigs Mce–Cigs Tcm	cigs_mce	cigs_tcm	negative_l2	per_gene_population_zscore_dataset_cell_type	observed_normalized_best_positive_rank	0.5428710675071043	0.5332500189668179	0.5533651274408059	bca	ok	0.95	2000	11042	11042	974	95% BCa bootstrap CI clustered by PubChem compound; uncertainty is over the observed compound panel, not broader chemical space.
Cigs Mce–Cigs Tcm	cigs_mce	cigs_tcm	negative_l2	per_gene_population_zscore_dataset_cell_type	observed_recall_at_1	0.011370907082196352	0.00832010922273876	0.0156315903609102	bca	ok	0.95	2000	11042	11042	974	95% BCa bootstrap CI clustered by PubChem compound; uncertainty is over the observed compound panel, not broader chemical space.
Cigs Mce–Cigs Tcm	cigs_mce	cigs_tcm	negative_l2	per_gene_population_zscore_dataset_cell_type	source_individual_corrected_percentile	0.5275858619952465	0.5184028749218085	0.5363844217289722	bca	ok	0.95	2000	11042	11042	974	95% BCa bootstrap CI clustered by PubChem compound; uncertainty is over the observed compound panel, not broader chemical space.
Cigs Mce–Cigs Tcm	cigs_mce	cigs_tcm	negative_l2	per_gene_population_zscore_dataset_cell_type	source_peer_normalized_rank	0.5107900005467937	0.5096732268772376	0.5120574780375248	bca	ok	0.95	2000	11042	11042	974	95% BCa bootstrap CI clustered by PubChem compound; uncertainty is over the observed compound panel, not broader chemical space.
Cigs Mce–Cigs Tcm	cigs_mce	cigs_tcm	negative_l2	per_gene_population_zscore_dataset_cell_type	target_individual_corrected_percentile	0.5420432421551609	0.5323713891394976	0.551960210626087	bca	ok	0.95	2000	11042	11042	974	95% BCa bootstrap CI clustered by PubChem compound; uncertainty is over the observed compound panel, not broader chemical space.
Cigs Mce–Cigs Tcm	cigs_mce	cigs_tcm	negative_l2	per_gene_population_zscore_dataset_cell_type	target_peer_normalized_rank	0.501422362804862	0.5008336732168281	0.5019913089568191	bca	ok	0.95	2000	11042	11042	974	95% BCa bootstrap CI clustered by PubChem compound; uncertainty is over the observed compound panel, not broader chemical space.
L1000 Phase1–Cigs Mce	l1000_phase1	cigs_mce	negative_l2	per_gene_population_zscore_dataset_cell_type	delta_vs_source_peer_normalized_rank	0.03623534854299895	-0.032729073157994684	0.10410750579461055	bca	ok	0.95	2000	855	855	124	95% BCa bootstrap CI clustered by PubChem compound; uncertainty is over the observed compound panel, not broader chemical space.
L1000 Phase1–Cigs Mce	l1000_phase1	cigs_mce	negative_l2	per_gene_population_zscore_dataset_cell_type	delta_vs_target_peer_normalized_rank	0.07817140776481624	0.012232974626511026	0.1465694582919467	bca	ok	0.95	2000	855	855	124	95% BCa bootstrap CI clustered by PubChem compound; uncertainty is over the observed compound panel, not broader chemical space.
L1000 Phase1–Cigs Mce	l1000_phase1	cigs_mce	negative_l2	per_gene_population_zscore_dataset_cell_type	observed_auroc	0.5522106817146061	0.489311294065348	0.6188974830376676	bca	ok	0.95	2000	855	855	124	95% BCa bootstrap CI clustered by PubChem compound; uncertainty is over the observed compound panel, not broader chemical space.
L1000 Phase1–Cigs Mce	l1000_phase1	cigs_mce	negative_l2	per_gene_population_zscore_dataset_cell_type	observed_normalized_best_positive_rank	0.5595473054663826	0.49443554620223606	0.6257672735883425	bca	ok	0.95	2000	855	855	124	95% BCa bootstrap CI clustered by PubChem compound; uncertainty is over the observed compound panel, not broader chemical space.
L1000 Phase1–Cigs Mce	l1000_phase1	cigs_mce	negative_l2	per_gene_population_zscore_dataset_cell_type	observed_recall_at_1	0.06677765139516803	0.01840431933705936	0.18523696639709905	bca	ok	0.95	2000	855	855	124	95% BCa bootstrap CI clustered by PubChem compound; uncertainty is over the observed compound panel, not broader chemical space.
L1000 Phase1–Cigs Mce	l1000_phase1	cigs_mce	negative_l2	per_gene_population_zscore_dataset_cell_type	source_individual_corrected_percentile	0.528593318740923	0.4680124122882977	0.59212978220051	bca	ok	0.95	2000	855	855	124	95% BCa bootstrap CI clustered by PubChem compound; uncertainty is over the observed compound panel, not broader chemical space.
L1000 Phase1–Cigs Mce	l1000_phase1	cigs_mce	negative_l2	per_gene_population_zscore_dataset_cell_type	source_peer_normalized_rank	0.5233119569233838	0.4993063253256362	0.5424246232902068	bca	ok	0.95	2000	855	855	124	95% BCa bootstrap CI clustered by PubChem compound; uncertainty is over the observed compound panel, not broader chemical space.
L1000 Phase1–Cigs Mce	l1000_phase1	cigs_mce	negative_l2	per_gene_population_zscore_dataset_cell_type	target_individual_corrected_percentile	0.582329617276906	0.5172354490572704	0.6529157259128109	bca	ok	0.95	2000	855	855	124	95% BCa bootstrap CI clustered by PubChem compound; uncertainty is over the observed compound panel, not broader chemical space.
L1000 Phase1–Cigs Mce	l1000_phase1	cigs_mce	negative_l2	per_gene_population_zscore_dataset_cell_type	target_peer_normalized_rank	0.4813758977015664	0.478180464452418	0.484693673722763	bca	ok	0.95	2000	855	855	124	95% BCa bootstrap CI clustered by PubChem compound; uncertainty is over the observed compound panel, not broader chemical space.
L1000 Phase1–L1000 Phase2	l1000_phase1	l1000_phase2	negative_l2	per_gene_population_zscore_dataset_cell_type	delta_vs_source_peer_normalized_rank	0.1879845302834967	0.15180353200062463	0.23396486914968886	bca	ok	0.95	2000	21857	21576	257	95% BCa bootstrap CI clustered by PubChem compound; uncertainty is over the observed compound panel, not broader chemical space.
L1000 Phase1–L1000 Phase2	l1000_phase1	l1000_phase2	negative_l2	per_gene_population_zscore_dataset_cell_type	delta_vs_target_peer_normalized_rank	0.21081506248575452	0.17050612121258815	0.25612073130340984	bca	ok	0.95	2000	21857	21442	257	95% BCa bootstrap CI clustered by PubChem compound; uncertainty is over the observed compound panel, not broader chemical space.
L1000 Phase1–L1000 Phase2	l1000_phase1	l1000_phase2	negative_l2	per_gene_population_zscore_dataset_cell_type	observed_auroc	0.7279460386130536	0.6937202373986998	0.7748252691047982	bca	ok	0.95	2000	21857	21857	257	95% BCa bootstrap CI clustered by PubChem compound; uncertainty is over the observed compound panel, not broader chemical space.
L1000 Phase1–L1000 Phase2	l1000_phase1	l1000_phase2	negative_l2	per_gene_population_zscore_dataset_cell_type	observed_normalized_best_positive_rank	0.7303075458553692	0.6968606141468798	0.7773465483377724	bca	ok	0.95	2000	21857	21857	257	95% BCa bootstrap CI clustered by PubChem compound; uncertainty is over the observed compound panel, not broader chemical space.
L1000 Phase1–L1000 Phase2	l1000_phase1	l1000_phase2	negative_l2	per_gene_population_zscore_dataset_cell_type	observed_recall_at_1	0.19342025131281987	0.12482917066501907	0.3110978808844427	bca	ok	0.95	2000	21857	21857	257	95% BCa bootstrap CI clustered by PubChem compound; uncertainty is over the observed compound panel, not broader chemical space.
L1000 Phase1–L1000 Phase2	l1000_phase1	l1000_phase2	negative_l2	per_gene_population_zscore_dataset_cell_type	source_individual_corrected_percentile	0.6606187675616269	0.6275449286521452	0.7078804872567498	bca	ok	0.95	2000	21857	21576	257	95% BCa bootstrap CI clustered by PubChem compound; uncertainty is over the observed compound panel, not broader chemical space.
L1000 Phase1–L1000 Phase2	l1000_phase1	l1000_phase2	negative_l2	per_gene_population_zscore_dataset_cell_type	source_peer_normalized_rank	0.5396629925741984	0.532593425676408	0.546986400055547	bca	ok	0.95	2000	21857	21576	257	95% BCa bootstrap CI clustered by PubChem compound; uncertainty is over the observed compound panel, not broader chemical space.
L1000 Phase1–L1000 Phase2	l1000_phase1	l1000_phase2	negative_l2	per_gene_population_zscore_dataset_cell_type	target_individual_corrected_percentile	0.7223586864345035	0.6875829176279418	0.7622966902740819	bca	ok	0.95	2000	21857	21442	257	95% BCa bootstrap CI clustered by PubChem compound; uncertainty is over the observed compound panel, not broader chemical space.
L1000 Phase1–L1000 Phase2	l1000_phase1	l1000_phase2	negative_l2	per_gene_population_zscore_dataset_cell_type	target_peer_normalized_rank	0.5125445939137421	0.5061590720502509	0.5210322743554044	bca	ok	0.95	2000	21857	21442	257	95% BCa bootstrap CI clustered by PubChem compound; uncertainty is over the observed compound panel, not broader chemical space.
L1000 Phase1–Sciplex	l1000_phase1	sciplex	negative_l2	per_gene_population_zscore_dataset_cell_type	delta_vs_source_peer_normalized_rank	0.054904517378395974	0.020753588867909213	0.08861059577691795	bca	ok	0.95	2000	1897	1876	90	95% BCa bootstrap CI clustered by PubChem compound; uncertainty is over the observed compound panel, not broader chemical space.
L1000 Phase1–Sciplex	l1000_phase1	sciplex	negative_l2	per_gene_population_zscore_dataset_cell_type	delta_vs_target_peer_normalized_rank	0.0999160790712113	0.06536389341527525	0.1327877036619202	bca	ok	0.95	2000	1897	1887	90	95% BCa bootstrap CI clustered by PubChem compound; uncertainty is over the observed compound panel, not broader chemical space.
L1000 Phase1–Sciplex	l1000_phase1	sciplex	negative_l2	per_gene_population_zscore_dataset_cell_type	observed_auroc	0.593493304282434	0.5614507029782116	0.6292372027343829	bca	ok	0.95	2000	1897	1897	90	95% BCa bootstrap CI clustered by PubChem compound; uncertainty is over the observed compound panel, not broader chemical space.
L1000 Phase1–Sciplex	l1000_phase1	sciplex	negative_l2	per_gene_population_zscore_dataset_cell_type	observed_normalized_best_positive_rank	0.5941254975700494	0.5565234105917238	0.6281904742966303	bca	ok	0.95	2000	1897	1897	90	95% BCa bootstrap CI clustered by PubChem compound; uncertainty is over the observed compound panel, not broader chemical space.
L1000 Phase1–Sciplex	l1000_phase1	sciplex	negative_l2	per_gene_population_zscore_dataset_cell_type	observed_recall_at_1	0.022640978166200955	0.009844186429307393	0.046918100991997586	bca	ok	0.95	2000	1897	1897	90	95% BCa bootstrap CI clustered by PubChem compound; uncertainty is over the observed compound panel, not broader chemical space.
L1000 Phase1–Sciplex	l1000_phase1	sciplex	negative_l2	per_gene_population_zscore_dataset_cell_type	source_individual_corrected_percentile	0.5423934737637	0.510067083209794	0.5737689648601707	bca	ok	0.95	2000	1897	1876	90	95% BCa bootstrap CI clustered by PubChem compound; uncertainty is over the observed compound panel, not broader chemical space.
L1000 Phase1–Sciplex	l1000_phase1	sciplex	negative_l2	per_gene_population_zscore_dataset_cell_type	source_peer_normalized_rank	0.5409805171752053	0.5300332077632145	0.553724833400338	bca	ok	0.95	2000	1897	1876	90	95% BCa bootstrap CI clustered by PubChem compound; uncertainty is over the observed compound panel, not broader chemical space.
L1000 Phase1–Sciplex	l1000_phase1	sciplex	negative_l2	per_gene_population_zscore_dataset_cell_type	target_individual_corrected_percentile	0.6040837847253941	0.5654050769735323	0.6364088893962636	bca	ok	0.95	2000	1897	1887	90	95% BCa bootstrap CI clustered by PubChem compound; uncertainty is over the observed compound panel, not broader chemical space.
L1000 Phase1–Sciplex	l1000_phase1	sciplex	negative_l2	per_gene_population_zscore_dataset_cell_type	target_peer_normalized_rank	0.4953524021070917	0.48432201086504517	0.506387486761028	bca	ok	0.95	2000	1897	1887	90	95% BCa bootstrap CI clustered by PubChem compound; uncertainty is over the observed compound panel, not broader chemical space.
L1000 Phase1–Tahoe	l1000_phase1	tahoe	negative_l2	per_gene_population_zscore_dataset_cell_type	delta_vs_source_peer_normalized_rank	0.01621428088958648	-0.057203596213563725	0.0740280801574554	bca	ok	0.95	2000	692	675	86	95% BCa bootstrap CI clustered by PubChem compound; uncertainty is over the observed compound panel, not broader chemical space.
L1000 Phase1–Tahoe	l1000_phase1	tahoe	negative_l2	per_gene_population_zscore_dataset_cell_type	delta_vs_target_peer_normalized_rank	0.0415944079330944	-0.016998217359938842	0.09730070716452018	bca	ok	0.95	2000	692	687	86	95% BCa bootstrap CI clustered by PubChem compound; uncertainty is over the observed compound panel, not broader chemical space.
L1000 Phase1–Tahoe	l1000_phase1	tahoe	negative_l2	per_gene_population_zscore_dataset_cell_type	observed_auroc	0.5398595771408436	0.49023769787752275	0.5945974689842296	bca	ok	0.95	2000	692	692	86	95% BCa bootstrap CI clustered by PubChem compound; uncertainty is over the observed compound panel, not broader chemical space.
L1000 Phase1–Tahoe	l1000_phase1	tahoe	negative_l2	per_gene_population_zscore_dataset_cell_type	observed_normalized_best_positive_rank	0.5428728561337448	0.49188161364268146	0.5912493360252956	bca	ok	0.95	2000	692	692	86	95% BCa bootstrap CI clustered by PubChem compound; uncertainty is over the observed compound panel, not broader chemical space.
L1000 Phase1–Tahoe	l1000_phase1	tahoe	negative_l2	per_gene_population_zscore_dataset_cell_type	observed_recall_at_1	0.012523178730561453	0.0015624999999999999	0.04130727188561077	bca	ok	0.95	2000	692	692	86	95% BCa bootstrap CI clustered by PubChem compound; uncertainty is over the observed compound panel, not broader chemical space.
L1000 Phase1–Tahoe	l1000_phase1	tahoe	negative_l2	per_gene_population_zscore_dataset_cell_type	source_individual_corrected_percentile	0.5368747220045048	0.48104949680921405	0.5920213584695079	bca	ok	0.95	2000	692	675	86	95% BCa bootstrap CI clustered by PubChem compound; uncertainty is over the observed compound panel, not broader chemical space.
L1000 Phase1–Tahoe	l1000_phase1	tahoe	negative_l2	per_gene_population_zscore_dataset_cell_type	source_peer_normalized_rank	0.5335753534596865	0.5169763779653744	0.5623222476853961	bca	ok	0.95	2000	692	675	86	95% BCa bootstrap CI clustered by PubChem compound; uncertainty is over the observed compound panel, not broader chemical space.
L1000 Phase1–Tahoe	l1000_phase1	tahoe	negative_l2	per_gene_population_zscore_dataset_cell_type	target_individual_corrected_percentile	0.5588629716806836	0.4963408688776376	0.6141497405369543	bca	ok	0.95	2000	692	687	86	95% BCa bootstrap CI clustered by PubChem compound; uncertainty is over the observed compound panel, not broader chemical space.
L1000 Phase1–Tahoe	l1000_phase1	tahoe	negative_l2	per_gene_population_zscore_dataset_cell_type	target_peer_normalized_rank	0.4967728628100122	0.4869497272704299	0.5116153496966964	bca	ok	0.95	2000	692	687	86	95% BCa bootstrap CI clustered by PubChem compound; uncertainty is over the observed compound panel, not broader chemical space.
L1000 Phase2–Cigs Mce	l1000_phase2	cigs_mce	negative_l2	per_gene_population_zscore_dataset_cell_type	delta_vs_source_peer_normalized_rank	0.1520927874832939	0.09578324335600447	0.21507396377814342	bca	ok	0.95	2000	372	372	68	95% BCa bootstrap CI clustered by PubChem compound; uncertainty is over the observed compound panel, not broader chemical space.
L1000 Phase2–Cigs Mce	l1000_phase2	cigs_mce	negative_l2	per_gene_population_zscore_dataset_cell_type	delta_vs_target_peer_normalized_rank	0.1898414004897313	0.12928845187492388	0.2470935569824051	bca	ok	0.95	2000	372	372	68	95% BCa bootstrap CI clustered by PubChem compound; uncertainty is over the observed compound panel, not broader chemical space.
L1000 Phase2–Cigs Mce	l1000_phase2	cigs_mce	negative_l2	per_gene_population_zscore_dataset_cell_type	observed_auroc	0.5991579460050783	0.5336448540755122	0.6623277730231114	bca	ok	0.95	2000	372	372	68	95% BCa bootstrap CI clustered by PubChem compound; uncertainty is over the observed compound panel, not broader chemical space.
L1000 Phase2–Cigs Mce	l1000_phase2	cigs_mce	negative_l2	per_gene_population_zscore_dataset_cell_type	observed_normalized_best_positive_rank	0.5995644224733455	0.5360195550353212	0.6626430167261977	bca	ok	0.95	2000	372	372	68	95% BCa bootstrap CI clustered by PubChem compound; uncertainty is over the observed compound panel, not broader chemical space.
L1000 Phase2–Cigs Mce	l1000_phase2	cigs_mce	negative_l2	per_gene_population_zscore_dataset_cell_type	observed_recall_at_1	0.10023134759976865	0.059439412777898805	0.1545376096199601	bca	ok	0.95	2000	372	372	68	95% BCa bootstrap CI clustered by PubChem compound; uncertainty is over the observed compound panel, not broader chemical space.
L1000 Phase2–Cigs Mce	l1000_phase2	cigs_mce	negative_l2	per_gene_population_zscore_dataset_cell_type	source_individual_corrected_percentile	0.6300343402770548	0.5635961172457685	0.6908127885580325	bca	ok	0.95	2000	372	372	68	95% BCa bootstrap CI clustered by PubChem compound; uncertainty is over the observed compound panel, not broader chemical space.
L1000 Phase2–Cigs Mce	l1000_phase2	cigs_mce	negative_l2	per_gene_population_zscore_dataset_cell_type	source_peer_normalized_rank	0.4474716349900515	0.4309468535709519	0.46461737405671194	bca	ok	0.95	2000	372	372	68	95% BCa bootstrap CI clustered by PubChem compound; uncertainty is over the observed compound panel, not broader chemical space.
L1000 Phase2–Cigs Mce	l1000_phase2	cigs_mce	negative_l2	per_gene_population_zscore_dataset_cell_type	target_individual_corrected_percentile	0.6810581737183836	0.620315413974199	0.7406881583623529	bca	ok	0.95	2000	372	372	68	95% BCa bootstrap CI clustered by PubChem compound; uncertainty is over the observed compound panel, not broader chemical space.
L1000 Phase2–Cigs Mce	l1000_phase2	cigs_mce	negative_l2	per_gene_population_zscore_dataset_cell_type	target_peer_normalized_rank	0.4097230219836141	0.4052500051124182	0.4159411174216311	bca	ok	0.95	2000	372	372	68	95% BCa bootstrap CI clustered by PubChem compound; uncertainty is over the observed compound panel, not broader chemical space.
L1000 Phase2–Sciplex	l1000_phase2	sciplex	negative_l2	per_gene_population_zscore_dataset_cell_type	delta_vs_source_peer_normalized_rank	0.10338401310697451	0.07647624703415142	0.12822443593494473	bca	ok	0.95	2000	2323	2323	83	95% BCa bootstrap CI clustered by PubChem compound; uncertainty is over the observed compound panel, not broader chemical space.
L1000 Phase2–Sciplex	l1000_phase2	sciplex	negative_l2	per_gene_population_zscore_dataset_cell_type	delta_vs_target_peer_normalized_rank	0.12200387927549841	0.09582036648702841	0.14774231709850819	bca	ok	0.95	2000	2323	2323	83	95% BCa bootstrap CI clustered by PubChem compound; uncertainty is over the observed compound panel, not broader chemical space.
L1000 Phase2–Sciplex	l1000_phase2	sciplex	negative_l2	per_gene_population_zscore_dataset_cell_type	observed_auroc	0.6473360034374094	0.6217348629478463	0.6748908854360803	bca	ok	0.95	2000	2323	2323	83	95% BCa bootstrap CI clustered by PubChem compound; uncertainty is over the observed compound panel, not broader chemical space.
L1000 Phase2–Sciplex	l1000_phase2	sciplex	negative_l2	per_gene_population_zscore_dataset_cell_type	observed_normalized_best_positive_rank	0.647907340153103	0.6194283160386052	0.6730829633918868	bca	ok	0.95	2000	2323	2323	83	95% BCa bootstrap CI clustered by PubChem compound; uncertainty is over the observed compound panel, not broader chemical space.
L1000 Phase2–Sciplex	l1000_phase2	sciplex	negative_l2	per_gene_population_zscore_dataset_cell_type	observed_recall_at_1	0.029391893304306565	0.01721909296880039	0.0529110123987053	bca	ok	0.95	2000	2323	2323	83	95% BCa bootstrap CI clustered by PubChem compound; uncertainty is over the observed compound panel, not broader chemical space.
L1000 Phase2–Sciplex	l1000_phase2	sciplex	negative_l2	per_gene_population_zscore_dataset_cell_type	source_individual_corrected_percentile	0.5965344241336454	0.5746114142245647	0.6175677173927588	bca	ok	0.95	2000	2323	2323	83	95% BCa bootstrap CI clustered by PubChem compound; uncertainty is over the observed compound panel, not broader chemical space.
L1000 Phase2–Sciplex	l1000_phase2	sciplex	negative_l2	per_gene_population_zscore_dataset_cell_type	source_peer_normalized_rank	0.5445233270461285	0.538806342346809	0.5493694639644703	bca	ok	0.95	2000	2323	2323	83	95% BCa bootstrap CI clustered by PubChem compound; uncertainty is over the observed compound panel, not broader chemical space.
L1000 Phase2–Sciplex	l1000_phase2	sciplex	negative_l2	per_gene_population_zscore_dataset_cell_type	target_individual_corrected_percentile	0.6268273598510142	0.5985455673853538	0.6545265762473946	bca	ok	0.95	2000	2323	2323	83	95% BCa bootstrap CI clustered by PubChem compound; uncertainty is over the observed compound panel, not broader chemical space.
L1000 Phase2–Sciplex	l1000_phase2	sciplex	negative_l2	per_gene_population_zscore_dataset_cell_type	target_peer_normalized_rank	0.5259034608776045	0.522284137726292	0.5296613293215627	bca	ok	0.95	2000	2323	2323	83	95% BCa bootstrap CI clustered by PubChem compound; uncertainty is over the observed compound panel, not broader chemical space.
L1000 Phase2–Tahoe	l1000_phase2	tahoe	negative_l2	per_gene_population_zscore_dataset_cell_type	delta_vs_source_peer_normalized_rank	-0.0016071061949498033	-0.038086673689553215	0.03980014410618256	bca	ok	0.95	2000	1755	1755	110	95% BCa bootstrap CI clustered by PubChem compound; uncertainty is over the observed compound panel, not broader chemical space.
L1000 Phase2–Tahoe	l1000_phase2	tahoe	negative_l2	per_gene_population_zscore_dataset_cell_type	delta_vs_target_peer_normalized_rank	0.019621419341253263	-0.020218380980109474	0.061984622192386096	bca	ok	0.95	2000	1755	1755	110	95% BCa bootstrap CI clustered by PubChem compound; uncertainty is over the observed compound panel, not broader chemical space.
L1000 Phase2–Tahoe	l1000_phase2	tahoe	negative_l2	per_gene_population_zscore_dataset_cell_type	observed_auroc	0.5451273954410139	0.5039600405289596	0.5867971598783963	bca	ok	0.95	2000	1755	1755	110	95% BCa bootstrap CI clustered by PubChem compound; uncertainty is over the observed compound panel, not broader chemical space.
L1000 Phase2–Tahoe	l1000_phase2	tahoe	negative_l2	per_gene_population_zscore_dataset_cell_type	observed_normalized_best_positive_rank	0.5463723143894744	0.5072713145351694	0.5877763295558567	bca	ok	0.95	2000	1755	1755	110	95% BCa bootstrap CI clustered by PubChem compound; uncertainty is over the observed compound panel, not broader chemical space.
L1000 Phase2–Tahoe	l1000_phase2	tahoe	negative_l2	per_gene_population_zscore_dataset_cell_type	observed_recall_at_1	0.013315040095850435	0.0030959752321981426	0.04834460266946135	bca	ok	0.95	2000	1755	1755	110	95% BCa bootstrap CI clustered by PubChem compound; uncertainty is over the observed compound panel, not broader chemical space.
L1000 Phase2–Tahoe	l1000_phase2	tahoe	negative_l2	per_gene_population_zscore_dataset_cell_type	source_individual_corrected_percentile	0.4989182951119716	0.4650520914442984	0.5403923030431553	bca	ok	0.95	2000	1755	1755	110	95% BCa bootstrap CI clustered by PubChem compound; uncertainty is over the observed compound panel, not broader chemical space.
L1000 Phase2–Tahoe	l1000_phase2	tahoe	negative_l2	per_gene_population_zscore_dataset_cell_type	source_peer_normalized_rank	0.5479794205844242	0.5410343936280583	0.5533639071740339	bca	ok	0.95	2000	1755	1755	110	95% BCa bootstrap CI clustered by PubChem compound; uncertainty is over the observed compound panel, not broader chemical space.
L1000 Phase2–Tahoe	l1000_phase2	tahoe	negative_l2	per_gene_population_zscore_dataset_cell_type	target_individual_corrected_percentile	0.5219760043344502	0.4833570136410336	0.5654734941998463	bca	ok	0.95	2000	1755	1755	110	95% BCa bootstrap CI clustered by PubChem compound; uncertainty is over the observed compound panel, not broader chemical space.
L1000 Phase2–Tahoe	l1000_phase2	tahoe	negative_l2	per_gene_population_zscore_dataset_cell_type	target_peer_normalized_rank	0.5267508950482214	0.5213547313958008	0.5302607856949761	bca	ok	0.95	2000	1755	1755	110	95% BCa bootstrap CI clustered by PubChem compound; uncertainty is over the observed compound panel, not broader chemical space.
Tahoe–Sciplex	tahoe	sciplex	negative_l2	per_gene_population_zscore_dataset_cell_type	delta_vs_source_peer_normalized_rank	0.05690001092916855	-0.00381740424767242	0.12097430046011703	bca	ok	0.95	2000	223	223	23	95% BCa bootstrap CI clustered by PubChem compound; uncertainty is over the observed compound panel, not broader chemical space.
Tahoe–Sciplex	tahoe	sciplex	negative_l2	per_gene_population_zscore_dataset_cell_type	delta_vs_target_peer_normalized_rank	0.06867658533556188	0.006110867341570397	0.13757752070763785	bca	ok	0.95	2000	223	223	23	95% BCa bootstrap CI clustered by PubChem compound; uncertainty is over the observed compound panel, not broader chemical space.
Tahoe–Sciplex	tahoe	sciplex	negative_l2	per_gene_population_zscore_dataset_cell_type	observed_auroc	0.5620478485003357	0.4982024145399262	0.6254795336797128	bca	ok	0.95	2000	223	223	23	95% BCa bootstrap CI clustered by PubChem compound; uncertainty is over the observed compound panel, not broader chemical space.
Tahoe–Sciplex	tahoe	sciplex	negative_l2	per_gene_population_zscore_dataset_cell_type	observed_normalized_best_positive_rank	0.564798451893262	0.4993376226500284	0.6326560943319005	bca	ok	0.95	2000	223	223	23	95% BCa bootstrap CI clustered by PubChem compound; uncertainty is over the observed compound panel, not broader chemical space.
Tahoe–Sciplex	tahoe	sciplex	negative_l2	per_gene_population_zscore_dataset_cell_type	observed_recall_at_1	0.013128729752770674	0.0	0.03689064558629776	bca	ok	0.95	2000	223	223	23	95% BCa bootstrap CI clustered by PubChem compound; uncertainty is over the observed compound panel, not broader chemical space.
Tahoe–Sciplex	tahoe	sciplex	negative_l2	per_gene_population_zscore_dataset_cell_type	source_individual_corrected_percentile	0.549991123353398	0.49660698601737113	0.5999873932455937	bca	ok	0.95	2000	223	223	23	95% BCa bootstrap CI clustered by PubChem compound; uncertainty is over the observed compound panel, not broader chemical space.
Tahoe–Sciplex	tahoe	sciplex	negative_l2	per_gene_population_zscore_dataset_cell_type	source_peer_normalized_rank	0.5078984409640935	0.5028735641092269	0.5123554255383878	bca	ok	0.95	2000	223	223	23	95% BCa bootstrap CI clustered by PubChem compound; uncertainty is over the observed compound panel, not broader chemical space.
Tahoe–Sciplex	tahoe	sciplex	negative_l2	per_gene_population_zscore_dataset_cell_type	target_individual_corrected_percentile	0.573930347135711	0.509642808005873	0.6427114745765844	bca	ok	0.95	2000	223	223	23	95% BCa bootstrap CI clustered by PubChem compound; uncertainty is over the observed compound panel, not broader chemical space.
Tahoe–Sciplex	tahoe	sciplex	negative_l2	per_gene_population_zscore_dataset_cell_type	target_peer_normalized_rank	0.4961218665577002	0.4945381200700807	0.4982432787111384	bca	ok	0.95	2000	223	223	23	95% BCa bootstrap CI clustered by PubChem compound; uncertainty is over the observed compound panel, not broader chemical space.
Cigs Mce–Cigs Tcm	cigs_mce	cigs_tcm	negative_l2	raw	delta_vs_source_peer_normalized_rank	-0.008193271369969238	-0.01893869694242467	0.0029388416600459274	bca	ok	0.95	2000	11042	11042	974	95% BCa bootstrap CI clustered by PubChem compound; uncertainty is over the observed compound panel, not broader chemical space.
Cigs Mce–Cigs Tcm	cigs_mce	cigs_tcm	negative_l2	raw	delta_vs_target_peer_normalized_rank	0.045075793838803446	0.03550554696818773	0.05566076505550946	bca	ok	0.95	2000	11042	11042	974	95% BCa bootstrap CI clustered by PubChem compound; uncertainty is over the observed compound panel, not broader chemical space.
Cigs Mce–Cigs Tcm	cigs_mce	cigs_tcm	negative_l2	raw	observed_auroc	0.5465926720248673	0.5364296363361528	0.5573380447954795	bca	ok	0.95	2000	11042	11042	974	95% BCa bootstrap CI clustered by PubChem compound; uncertainty is over the observed compound panel, not broader chemical space.
Cigs Mce–Cigs Tcm	cigs_mce	cigs_tcm	negative_l2	raw	observed_normalized_best_positive_rank	0.5468820576547977	0.5372764050414716	0.5571775727818896	bca	ok	0.95	2000	11042	11042	974	95% BCa bootstrap CI clustered by PubChem compound; uncertainty is over the observed compound panel, not broader chemical space.
Cigs Mce–Cigs Tcm	cigs_mce	cigs_tcm	negative_l2	raw	observed_recall_at_1	0.014177166700489567	0.010134749032436302	0.020098429774749793	bca	ok	0.95	2000	11042	11042	974	95% BCa bootstrap CI clustered by PubChem compound; uncertainty is over the observed compound panel, not broader chemical space.
Cigs Mce–Cigs Tcm	cigs_mce	cigs_tcm	negative_l2	raw	source_individual_corrected_percentile	0.4787200878214882	0.47039204664108875	0.4875477189033814	bca	ok	0.95	2000	11042	11042	974	95% BCa bootstrap CI clustered by PubChem compound; uncertainty is over the observed compound panel, not broader chemical space.
Cigs Mce–Cigs Tcm	cigs_mce	cigs_tcm	negative_l2	raw	source_peer_normalized_rank	0.5550753290247673	0.5528740032764224	0.5573532102627161	bca	ok	0.95	2000	11042	11042	974	95% BCa bootstrap CI clustered by PubChem compound; uncertainty is over the observed compound panel, not broader chemical space.
Cigs Mce–Cigs Tcm	cigs_mce	cigs_tcm	negative_l2	raw	target_individual_corrected_percentile	0.5458789547829805	0.5358747535278642	0.5559425075864083	bca	ok	0.95	2000	11042	11042	974	95% BCa bootstrap CI clustered by PubChem compound; uncertainty is over the observed compound panel, not broader chemical space.
Cigs Mce–Cigs Tcm	cigs_mce	cigs_tcm	negative_l2	raw	target_peer_normalized_rank	0.5018062638159944	0.5011557187543969	0.5026065287464193	bca	ok	0.95	2000	11042	11042	974	95% BCa bootstrap CI clustered by PubChem compound; uncertainty is over the observed compound panel, not broader chemical space.
L1000 Phase1–Cigs Mce	l1000_phase1	cigs_mce	negative_l2	raw	delta_vs_source_peer_normalized_rank	-0.027287232258330046	-0.0953440188206849	0.03867375574865374	bca	ok	0.95	2000	855	855	124	95% BCa bootstrap CI clustered by PubChem compound; uncertainty is over the observed compound panel, not broader chemical space.
L1000 Phase1–Cigs Mce	l1000_phase1	cigs_mce	negative_l2	raw	delta_vs_target_peer_normalized_rank	0.07045848592759989	0.010932754346648062	0.12928364976829107	bca	ok	0.95	2000	855	855	124	95% BCa bootstrap CI clustered by PubChem compound; uncertainty is over the observed compound panel, not broader chemical space.
L1000 Phase1–Cigs Mce	l1000_phase1	cigs_mce	negative_l2	raw	observed_auroc	0.543473023101574	0.47665497818424885	0.6031817761379721	bca	ok	0.95	2000	855	855	124	95% BCa bootstrap CI clustered by PubChem compound; uncertainty is over the observed compound panel, not broader chemical space.
L1000 Phase1–Cigs Mce	l1000_phase1	cigs_mce	negative_l2	raw	observed_normalized_best_positive_rank	0.5505900655773173	0.49196891736561643	0.6128491288247361	bca	ok	0.95	2000	855	855	124	95% BCa bootstrap CI clustered by PubChem compound; uncertainty is over the observed compound panel, not broader chemical space.
L1000 Phase1–Cigs Mce	l1000_phase1	cigs_mce	negative_l2	raw	observed_recall_at_1	0.06612830074581738	0.01851408821964243	0.1876790645977974	bca	ok	0.95	2000	855	855	124	95% BCa bootstrap CI clustered by PubChem compound; uncertainty is over the observed compound panel, not broader chemical space.
L1000 Phase1–Cigs Mce	l1000_phase1	cigs_mce	negative_l2	raw	source_individual_corrected_percentile	0.4742629427392415	0.4150754429303825	0.5438951632834147	bca	ok	0.95	2000	855	855	124	95% BCa bootstrap CI clustered by PubChem compound; uncertainty is over the observed compound panel, not broader chemical space.
L1000 Phase1–Cigs Mce	l1000_phase1	cigs_mce	negative_l2	raw	source_peer_normalized_rank	0.5778772978356473	0.5645412042065069	0.5883999554385989	bca	ok	0.95	2000	855	855	124	95% BCa bootstrap CI clustered by PubChem compound; uncertainty is over the observed compound panel, not broader chemical space.
L1000 Phase1–Cigs Mce	l1000_phase1	cigs_mce	negative_l2	raw	target_individual_corrected_percentile	0.5740204715351709	0.5144052909656593	0.6372398709568609	bca	ok	0.95	2000	855	855	124	95% BCa bootstrap CI clustered by PubChem compound; uncertainty is over the observed compound panel, not broader chemical space.
L1000 Phase1–Cigs Mce	l1000_phase1	cigs_mce	negative_l2	raw	target_peer_normalized_rank	0.4801315796497174	0.47696325931368605	0.48342969919644047	bca	ok	0.95	2000	855	855	124	95% BCa bootstrap CI clustered by PubChem compound; uncertainty is over the observed compound panel, not broader chemical space.
L1000 Phase1–L1000 Phase2	l1000_phase1	l1000_phase2	negative_l2	raw	delta_vs_source_peer_normalized_rank	0.14777622105618754	0.11146513850264114	0.19039535714009387	bca	ok	0.95	2000	21857	21576	257	95% BCa bootstrap CI clustered by PubChem compound; uncertainty is over the observed compound panel, not broader chemical space.
L1000 Phase1–L1000 Phase2	l1000_phase1	l1000_phase2	negative_l2	raw	delta_vs_target_peer_normalized_rank	0.19895318393311975	0.16048464010673247	0.2495872638224223	bca	ok	0.95	2000	21857	21442	257	95% BCa bootstrap CI clustered by PubChem compound; uncertainty is over the observed compound panel, not broader chemical space.
L1000 Phase1–L1000 Phase2	l1000_phase1	l1000_phase2	negative_l2	raw	observed_auroc	0.7131927644114178	0.6800362664025174	0.7630052936419872	bca	ok	0.95	2000	21857	21857	257	95% BCa bootstrap CI clustered by PubChem compound; uncertainty is over the observed compound panel, not broader chemical space.
L1000 Phase1–L1000 Phase2	l1000_phase1	l1000_phase2	negative_l2	raw	observed_normalized_best_positive_rank	0.7157465562946631	0.6820796197636627	0.7616211414400316	bca	ok	0.95	2000	21857	21857	257	95% BCa bootstrap CI clustered by PubChem compound; uncertainty is over the observed compound panel, not broader chemical space.
L1000 Phase1–L1000 Phase2	l1000_phase1	l1000_phase2	negative_l2	raw	observed_recall_at_1	0.18794171398066734	0.12085807750140173	0.32979767949147815	bca	ok	0.95	2000	21857	21857	257	95% BCa bootstrap CI clustered by PubChem compound; uncertainty is over the observed compound panel, not broader chemical space.
L1000 Phase1–L1000 Phase2	l1000_phase1	l1000_phase2	negative_l2	raw	source_individual_corrected_percentile	0.6247483501009898	0.586171435389579	0.6798880434734753	bca	ok	0.95	2000	21857	21576	257	95% BCa bootstrap CI clustered by PubChem compound; uncertainty is over the observed compound panel, not broader chemical space.
L1000 Phase1–L1000 Phase2	l1000_phase1	l1000_phase2	negative_l2	raw	source_peer_normalized_rank	0.5658011833304357	0.5540911763240207	0.5768179886500575	bca	ok	0.95	2000	21857	21576	257	95% BCa bootstrap CI clustered by PubChem compound; uncertainty is over the observed compound panel, not broader chemical space.
L1000 Phase1–L1000 Phase2	l1000_phase1	l1000_phase2	negative_l2	raw	target_individual_corrected_percentile	0.709787303489281	0.6743864545331203	0.7505755284379583	bca	ok	0.95	2000	21857	21442	257	95% BCa bootstrap CI clustered by PubChem compound; uncertainty is over the observed compound panel, not broader chemical space.
L1000 Phase1–L1000 Phase2	l1000_phase1	l1000_phase2	negative_l2	raw	target_peer_normalized_rank	0.5114490640780907	0.5033600447357804	0.5198332291730331	bca	ok	0.95	2000	21857	21442	257	95% BCa bootstrap CI clustered by PubChem compound; uncertainty is over the observed compound panel, not broader chemical space.
L1000 Phase1–Sciplex	l1000_phase1	sciplex	negative_l2	raw	delta_vs_source_peer_normalized_rank	0.030891838800835875	-0.006113692577410485	0.06524084600594506	bca	ok	0.95	2000	1897	1876	90	95% BCa bootstrap CI clustered by PubChem compound; uncertainty is over the observed compound panel, not broader chemical space.
L1000 Phase1–Sciplex	l1000_phase1	sciplex	negative_l2	raw	delta_vs_target_peer_normalized_rank	0.09632700908110953	0.06016903820617363	0.13039803596032348	bca	ok	0.95	2000	1897	1887	90	95% BCa bootstrap CI clustered by PubChem compound; uncertainty is over the observed compound panel, not broader chemical space.
L1000 Phase1–Sciplex	l1000_phase1	sciplex	negative_l2	raw	observed_auroc	0.5903903618415225	0.5548135253787938	0.626648500014766	bca	ok	0.95	2000	1897	1897	90	95% BCa bootstrap CI clustered by PubChem compound; uncertainty is over the observed compound panel, not broader chemical space.
L1000 Phase1–Sciplex	l1000_phase1	sciplex	negative_l2	raw	observed_normalized_best_positive_rank	0.5910263692666851	0.5579559397676648	0.6287320093826535	bca	ok	0.95	2000	1897	1897	90	95% BCa bootstrap CI clustered by PubChem compound; uncertainty is over the observed compound panel, not broader chemical space.
L1000 Phase1–Sciplex	l1000_phase1	sciplex	negative_l2	raw	observed_recall_at_1	0.01614554079929107	0.007017763570889127	0.03356163338665946	bca	ok	0.95	2000	1897	1897	90	95% BCa bootstrap CI clustered by PubChem compound; uncertainty is over the observed compound panel, not broader chemical space.
L1000 Phase1–Sciplex	l1000_phase1	sciplex	negative_l2	raw	source_individual_corrected_percentile	0.5151417871750275	0.4840917976771315	0.5441018481809636	bca	ok	0.95	2000	1897	1876	90	95% BCa bootstrap CI clustered by PubChem compound; uncertainty is over the observed compound panel, not broader chemical space.
L1000 Phase1–Sciplex	l1000_phase1	sciplex	negative_l2	raw	source_peer_normalized_rank	0.5618552469126676	0.5516483790705623	0.5729500900625082	bca	ok	0.95	2000	1897	1876	90	95% BCa bootstrap CI clustered by PubChem compound; uncertainty is over the observed compound panel, not broader chemical space.
L1000 Phase1–Sciplex	l1000_phase1	sciplex	negative_l2	raw	target_individual_corrected_percentile	0.6009742367480431	0.5625254840538111	0.6367309003805426	bca	ok	0.95	2000	1897	1887	90	95% BCa bootstrap CI clustered by PubChem compound; uncertainty is over the observed compound panel, not broader chemical space.
L1000 Phase1–Sciplex	l1000_phase1	sciplex	negative_l2	raw	target_peer_normalized_rank	0.49611348667241534	0.48426299482271173	0.5091850085376669	bca	ok	0.95	2000	1897	1887	90	95% BCa bootstrap CI clustered by PubChem compound; uncertainty is over the observed compound panel, not broader chemical space.
L1000 Phase1–Tahoe	l1000_phase1	tahoe	negative_l2	raw	delta_vs_source_peer_normalized_rank	-0.0544587114261105	-0.13578700381450193	-0.0001536713221523459	bca	ok	0.95	2000	692	675	86	95% BCa bootstrap CI clustered by PubChem compound; uncertainty is over the observed compound panel, not broader chemical space.
L1000 Phase1–Tahoe	l1000_phase1	tahoe	negative_l2	raw	delta_vs_target_peer_normalized_rank	0.03202336604112303	-0.029646423239184184	0.08396819947914676	bca	ok	0.95	2000	692	687	86	95% BCa bootstrap CI clustered by PubChem compound; uncertainty is over the observed compound panel, not broader chemical space.
L1000 Phase1–Tahoe	l1000_phase1	tahoe	negative_l2	raw	observed_auroc	0.5284783159642575	0.47430295560868135	0.5715532252511295	bca	ok	0.95	2000	692	692	86	95% BCa bootstrap CI clustered by PubChem compound; uncertainty is over the observed compound panel, not broader chemical space.
L1000 Phase1–Tahoe	l1000_phase1	tahoe	negative_l2	raw	observed_normalized_best_positive_rank	0.5324138858874756	0.4786577741122116	0.5744388992963674	bca	ok	0.95	2000	692	692	86	95% BCa bootstrap CI clustered by PubChem compound; uncertainty is over the observed compound panel, not broader chemical space.
L1000 Phase1–Tahoe	l1000_phase1	tahoe	negative_l2	raw	observed_recall_at_1	0.027018053630210617	0.010846462264466826	0.059605547646650554	bca	ok	0.95	2000	692	692	86	95% BCa bootstrap CI clustered by PubChem compound; uncertainty is over the observed compound panel, not broader chemical space.
L1000 Phase1–Tahoe	l1000_phase1	tahoe	negative_l2	raw	source_individual_corrected_percentile	0.4497292166282969	0.39144145776726025	0.48838835814499004	bca	ok	0.95	2000	692	675	86	95% BCa bootstrap CI clustered by PubChem compound; uncertainty is over the observed compound panel, not broader chemical space.
L1000 Phase1–Tahoe	l1000_phase1	tahoe	negative_l2	raw	source_peer_normalized_rank	0.5855756914318828	0.5651801110391862	0.6164501970007454	bca	ok	0.95	2000	692	675	86	95% BCa bootstrap CI clustered by PubChem compound; uncertainty is over the observed compound panel, not broader chemical space.
L1000 Phase1–Tahoe	l1000_phase1	tahoe	negative_l2	raw	target_individual_corrected_percentile	0.5530579115292985	0.48996629022858146	0.6027022549369943	bca	ok	0.95	2000	692	687	86	95% BCa bootstrap CI clustered by PubChem compound; uncertainty is over the observed compound panel, not broader chemical space.
L1000 Phase1–Tahoe	l1000_phase1	tahoe	negative_l2	raw	target_peer_normalized_rank	0.499086204437832	0.4885918169910533	0.5142643939532041	bca	ok	0.95	2000	692	687	86	95% BCa bootstrap CI clustered by PubChem compound; uncertainty is over the observed compound panel, not broader chemical space.
L1000 Phase2–Cigs Mce	l1000_phase2	cigs_mce	negative_l2	raw	delta_vs_source_peer_normalized_rank	0.051810686903549126	-0.00922247520603313	0.11440327582804923	bca	ok	0.95	2000	372	372	68	95% BCa bootstrap CI clustered by PubChem compound; uncertainty is over the observed compound panel, not broader chemical space.
L1000 Phase2–Cigs Mce	l1000_phase2	cigs_mce	negative_l2	raw	delta_vs_target_peer_normalized_rank	0.1729488589303576	0.11719437249205314	0.22612432135814214	bca	ok	0.95	2000	372	372	68	95% BCa bootstrap CI clustered by PubChem compound; uncertainty is over the observed compound panel, not broader chemical space.
L1000 Phase2–Cigs Mce	l1000_phase2	cigs_mce	negative_l2	raw	observed_auroc	0.5794951400519202	0.5164176431769505	0.63303928666373	bca	ok	0.95	2000	372	372	68	95% BCa bootstrap CI clustered by PubChem compound; uncertainty is over the observed compound panel, not broader chemical space.
L1000 Phase2–Cigs Mce	l1000_phase2	cigs_mce	negative_l2	raw	observed_normalized_best_positive_rank	0.5799476571294513	0.522844286359226	0.6352442656312882	bca	ok	0.95	2000	372	372	68	95% BCa bootstrap CI clustered by PubChem compound; uncertainty is over the observed compound panel, not broader chemical space.
L1000 Phase2–Cigs Mce	l1000_phase2	cigs_mce	negative_l2	raw	observed_recall_at_1	0.06578947368421052	0.03261280917535337	0.11836222190760246	bca	ok	0.95	2000	372	372	68	95% BCa bootstrap CI clustered by PubChem compound; uncertainty is over the observed compound panel, not broader chemical space.
L1000 Phase2–Cigs Mce	l1000_phase2	cigs_mce	negative_l2	raw	source_individual_corrected_percentile	0.5445277263890955	0.4794929728762024	0.612750738056244	bca	ok	0.95	2000	372	372	68	95% BCa bootstrap CI clustered by PubChem compound; uncertainty is over the observed compound panel, not broader chemical space.
L1000 Phase2–Cigs Mce	l1000_phase2	cigs_mce	negative_l2	raw	source_peer_normalized_rank	0.528136970225902	0.5022559528492547	0.5510629721625397	bca	ok	0.95	2000	372	372	68	95% BCa bootstrap CI clustered by PubChem compound; uncertainty is over the observed compound panel, not broader chemical space.
L1000 Phase2–Cigs Mce	l1000_phase2	cigs_mce	negative_l2	raw	target_individual_corrected_percentile	0.6659491511075912	0.6124954153105443	0.7171481110956253	bca	ok	0.95	2000	372	372	68	95% BCa bootstrap CI clustered by PubChem compound; uncertainty is over the observed compound panel, not broader chemical space.
L1000 Phase2–Cigs Mce	l1000_phase2	cigs_mce	negative_l2	raw	target_peer_normalized_rank	0.40699879819909357	0.40315345670525293	0.41288206557309226	bca	ok	0.95	2000	372	372	68	95% BCa bootstrap CI clustered by PubChem compound; uncertainty is over the observed compound panel, not broader chemical space.
L1000 Phase2–Sciplex	l1000_phase2	sciplex	negative_l2	raw	delta_vs_source_peer_normalized_rank	0.10919782040541587	0.07953760840827974	0.13858746788703213	bca	ok	0.95	2000	2323	2323	83	95% BCa bootstrap CI clustered by PubChem compound; uncertainty is over the observed compound panel, not broader chemical space.
L1000 Phase2–Sciplex	l1000_phase2	sciplex	negative_l2	raw	delta_vs_target_peer_normalized_rank	0.12898634640593518	0.09779820553547729	0.15832119408604464	bca	ok	0.95	2000	2323	2323	83	95% BCa bootstrap CI clustered by PubChem compound; uncertainty is over the observed compound panel, not broader chemical space.
L1000 Phase2–Sciplex	l1000_phase2	sciplex	negative_l2	raw	observed_auroc	0.6526253112906162	0.6214237337980107	0.6846472877492297	bca	ok	0.95	2000	2323	2323	83	95% BCa bootstrap CI clustered by PubChem compound; uncertainty is over the observed compound panel, not broader chemical space.
L1000 Phase2–Sciplex	l1000_phase2	sciplex	negative_l2	raw	observed_normalized_best_positive_rank	0.6531623381209388	0.6214260759698031	0.6843489052343212	bca	ok	0.95	2000	2323	2323	83	95% BCa bootstrap CI clustered by PubChem compound; uncertainty is over the observed compound panel, not broader chemical space.
L1000 Phase2–Sciplex	l1000_phase2	sciplex	negative_l2	raw	observed_recall_at_1	0.018584112522205504	0.009196269330205294	0.03241695549492433	bca	ok	0.95	2000	2323	2323	83	95% BCa bootstrap CI clustered by PubChem compound; uncertainty is over the observed compound panel, not broader chemical space.
L1000 Phase2–Sciplex	l1000_phase2	sciplex	negative_l2	raw	source_individual_corrected_percentile	0.5502956097633054	0.5327133463151086	0.5672722167269657	bca	ok	0.95	2000	2323	2323	83	95% BCa bootstrap CI clustered by PubChem compound; uncertainty is over the observed compound panel, not broader chemical space.
L1000 Phase2–Sciplex	l1000_phase2	sciplex	negative_l2	raw	source_peer_normalized_rank	0.543964517715523	0.5407376112889714	0.5475663721926323	bca	ok	0.95	2000	2323	2323	83	95% BCa bootstrap CI clustered by PubChem compound; uncertainty is over the observed compound panel, not broader chemical space.
L1000 Phase2–Sciplex	l1000_phase2	sciplex	negative_l2	raw	target_individual_corrected_percentile	0.6335856268251457	0.602253538012801	0.6670935238244864	bca	ok	0.95	2000	2323	2323	83	95% BCa bootstrap CI clustered by PubChem compound; uncertainty is over the observed compound panel, not broader chemical space.
L1000 Phase2–Sciplex	l1000_phase2	sciplex	negative_l2	raw	target_peer_normalized_rank	0.5241759917150037	0.5218803030201022	0.5268623561810823	bca	ok	0.95	2000	2323	2323	83	95% BCa bootstrap CI clustered by PubChem compound; uncertainty is over the observed compound panel, not broader chemical space.
L1000 Phase2–Tahoe	l1000_phase2	tahoe	negative_l2	raw	delta_vs_source_peer_normalized_rank	-0.09716353782147477	-0.14843737875662272	-0.04583289011741986	bca	ok	0.95	2000	1755	1755	110	95% BCa bootstrap CI clustered by PubChem compound; uncertainty is over the observed compound panel, not broader chemical space.
L1000 Phase2–Tahoe	l1000_phase2	tahoe	negative_l2	raw	delta_vs_target_peer_normalized_rank	0.00012848783275143383	-0.04093343556388312	0.04861179497045725	bca	ok	0.95	2000	1755	1755	110	95% BCa bootstrap CI clustered by PubChem compound; uncertainty is over the observed compound panel, not broader chemical space.
L1000 Phase2–Tahoe	l1000_phase2	tahoe	negative_l2	raw	observed_auroc	0.521864839949689	0.4800050511012274	0.5685368089337822	bca	ok	0.95	2000	1755	1755	110	95% BCa bootstrap CI clustered by PubChem compound; uncertainty is over the observed compound panel, not broader chemical space.
L1000 Phase2–Tahoe	l1000_phase2	tahoe	negative_l2	raw	observed_normalized_best_positive_rank	0.5227886244511213	0.48283799685671897	0.5700045188985162	bca	ok	0.95	2000	1755	1755	110	95% BCa bootstrap CI clustered by PubChem compound; uncertainty is over the observed compound panel, not broader chemical space.
L1000 Phase2–Tahoe	l1000_phase2	tahoe	negative_l2	raw	observed_recall_at_1	0.0036842325737265415	0.0007869884575026233	0.009531404027130786	bca	ok	0.95	2000	1755	1755	110	95% BCa bootstrap CI clustered by PubChem compound; uncertainty is over the observed compound panel, not broader chemical space.
L1000 Phase2–Tahoe	l1000_phase2	tahoe	negative_l2	raw	source_individual_corrected_percentile	0.4092747201392329	0.3714296017526844	0.4472253294973081	bca	ok	0.95	2000	1755	1755	110	95% BCa bootstrap CI clustered by PubChem compound; uncertainty is over the observed compound panel, not broader chemical space.
L1000 Phase2–Tahoe	l1000_phase2	tahoe	negative_l2	raw	source_peer_normalized_rank	0.6199521622725961	0.6121927354178391	0.6331253665939306	bca	ok	0.95	2000	1755	1755	110	95% BCa bootstrap CI clustered by PubChem compound; uncertainty is over the observed compound panel, not broader chemical space.
L1000 Phase2–Tahoe	l1000_phase2	tahoe	negative_l2	raw	target_individual_corrected_percentile	0.5005678718433042	0.45594762120129045	0.5484577456879524	bca	ok	0.95	2000	1755	1755	110	95% BCa bootstrap CI clustered by PubChem compound; uncertainty is over the observed compound panel, not broader chemical space.
L1000 Phase2–Tahoe	l1000_phase2	tahoe	negative_l2	raw	target_peer_normalized_rank	0.5226601366183699	0.5192160846241739	0.5256895133721986	bca	ok	0.95	2000	1755	1755	110	95% BCa bootstrap CI clustered by PubChem compound; uncertainty is over the observed compound panel, not broader chemical space.
Tahoe–Sciplex	tahoe	sciplex	negative_l2	raw	delta_vs_source_peer_normalized_rank	0.05454038840143097	-0.011429090529281991	0.1202142874931137	bca	ok	0.95	2000	223	223	23	95% BCa bootstrap CI clustered by PubChem compound; uncertainty is over the observed compound panel, not broader chemical space.
Tahoe–Sciplex	tahoe	sciplex	negative_l2	raw	delta_vs_target_peer_normalized_rank	0.07055173431591219	0.0017968310611828826	0.13209646011519677	bca	ok	0.95	2000	223	223	23	95% BCa bootstrap CI clustered by PubChem compound; uncertainty is over the observed compound panel, not broader chemical space.
Tahoe–Sciplex	tahoe	sciplex	negative_l2	raw	observed_auroc	0.5605925387113656	0.49638725379622	0.631871980403479	bca	ok	0.95	2000	223	223	23	95% BCa bootstrap CI clustered by PubChem compound; uncertainty is over the observed compound panel, not broader chemical space.
Tahoe–Sciplex	tahoe	sciplex	negative_l2	raw	observed_normalized_best_positive_rank	0.5628074606769056	0.5005225379832274	0.6296356311739407	bca	ok	0.95	2000	223	223	23	95% BCa bootstrap CI clustered by PubChem compound; uncertainty is over the observed compound panel, not broader chemical space.
Tahoe–Sciplex	tahoe	sciplex	negative_l2	raw	observed_recall_at_1	0.03486786018755328	0.007246376811594203	0.09040176368968969	bca	ok	0.95	2000	223	223	23	95% BCa bootstrap CI clustered by PubChem compound; uncertainty is over the observed compound panel, not broader chemical space.
Tahoe–Sciplex	tahoe	sciplex	negative_l2	raw	source_individual_corrected_percentile	0.5335820814687243	0.5107707040390871	0.5510929309109659	bca	ok	0.95	2000	223	223	23	95% BCa bootstrap CI clustered by PubChem compound; uncertainty is over the observed compound panel, not broader chemical space.
Tahoe–Sciplex	tahoe	sciplex	negative_l2	raw	source_peer_normalized_rank	0.5082670722754746	0.5059109708573389	0.5124695610913084	bca	ok	0.95	2000	223	223	23	95% BCa bootstrap CI clustered by PubChem compound; uncertainty is over the observed compound panel, not broader chemical space.
Tahoe–Sciplex	tahoe	sciplex	negative_l2	raw	target_individual_corrected_percentile	0.5795727094938912	0.5169573238057679	0.6541956998915354	bca	ok	0.95	2000	223	223	23	95% BCa bootstrap CI clustered by PubChem compound; uncertainty is over the observed compound panel, not broader chemical space.
Tahoe–Sciplex	tahoe	sciplex	negative_l2	raw	target_peer_normalized_rank	0.49225572636099335	0.48969536210619435	0.4950320389083503	bca	ok	0.95	2000	223	223	23	95% BCa bootstrap CI clustered by PubChem compound; uncertainty is over the observed compound panel, not broader chemical space.
Cigs Mce–Cigs Tcm	cigs_mce	cigs_tcm	spearman	per_gene_population_zscore_dataset	delta_vs_source_peer_normalized_rank	0.042639526117115	0.0274582863905736	0.0575870226923538	bca	ok	0.95	2000	11042	11042	974	95% BCa bootstrap CI clustered by PubChem compound; uncertainty is over the observed compound panel, not broader chemical space.
Cigs Mce–Cigs Tcm	cigs_mce	cigs_tcm	spearman	per_gene_population_zscore_dataset	delta_vs_target_peer_normalized_rank	0.1026444627660663	0.0890204643811037	0.1178995425775679	bca	ok	0.95	2000	11042	11042	974	95% BCa bootstrap CI clustered by PubChem compound; uncertainty is over the observed compound panel, not broader chemical space.
Cigs Mce–Cigs Tcm	cigs_mce	cigs_tcm	spearman	per_gene_population_zscore_dataset	observed_auroc	0.6040071820066721	0.5903736574880483	0.6187821439693687	bca	ok	0.95	2000	11042	11042	974	95% BCa bootstrap CI clustered by PubChem compound; uncertainty is over the observed compound panel, not broader chemical space.
Cigs Mce–Cigs Tcm	cigs_mce	cigs_tcm	spearman	per_gene_population_zscore_dataset	observed_normalized_best_positive_rank	0.6042724273425555	0.5907861132585952	0.6183020831743862	bca	ok	0.95	2000	11042	11042	974	95% BCa bootstrap CI clustered by PubChem compound; uncertainty is over the observed compound panel, not broader chemical space.
Cigs Mce–Cigs Tcm	cigs_mce	cigs_tcm	spearman	per_gene_population_zscore_dataset	observed_recall_at_1	0.0259597341596569	0.0195270739674664	0.0347382622483124	bca	ok	0.95	2000	11042	11042	974	95% BCa bootstrap CI clustered by PubChem compound; uncertainty is over the observed compound panel, not broader chemical space.
Cigs Mce–Cigs Tcm	cigs_mce	cigs_tcm	spearman	per_gene_population_zscore_dataset	source_individual_corrected_percentile	0.5260940071080478	0.5149789941252674	0.537414669875719	bca	ok	0.95	2000	11042	11042	974	95% BCa bootstrap CI clustered by PubChem compound; uncertainty is over the observed compound panel, not broader chemical space.
Cigs Mce–Cigs Tcm	cigs_mce	cigs_tcm	spearman	per_gene_population_zscore_dataset	source_peer_normalized_rank	0.561632901225441	0.5587408480093223	0.5643963764582789	bca	ok	0.95	2000	11042	11042	974	95% BCa bootstrap CI clustered by PubChem compound; uncertainty is over the observed compound panel, not broader chemical space.
Cigs Mce–Cigs Tcm	cigs_mce	cigs_tcm	spearman	per_gene_population_zscore_dataset	target_individual_corrected_percentile	0.6047797213735462	0.5915220084021834	0.6188507123485213	bca	ok	0.95	2000	11042	11042	974	95% BCa bootstrap CI clustered by PubChem compound; uncertainty is over the observed compound panel, not broader chemical space.
Cigs Mce–Cigs Tcm	cigs_mce	cigs_tcm	spearman	per_gene_population_zscore_dataset	target_peer_normalized_rank	0.5016279645764896	0.5010069343825516	0.5024200541353383	bca	ok	0.95	2000	11042	11042	974	95% BCa bootstrap CI clustered by PubChem compound; uncertainty is over the observed compound panel, not broader chemical space.
L1000 Phase1–Cigs Mce	l1000_phase1	cigs_mce	spearman	per_gene_population_zscore_dataset	delta_vs_source_peer_normalized_rank	-0.0995781616970755	-0.1866919813622675	0.0004214439877284	bca	ok	0.95	2000	855	855	124	95% BCa bootstrap CI clustered by PubChem compound; uncertainty is over the observed compound panel, not broader chemical space.
L1000 Phase1–Cigs Mce	l1000_phase1	cigs_mce	spearman	per_gene_population_zscore_dataset	delta_vs_target_peer_normalized_rank	0.0778107345269045	0.0106270701729335	0.1775765020295124	bca	ok	0.95	2000	855	855	124	95% BCa bootstrap CI clustered by PubChem compound; uncertainty is over the observed compound panel, not broader chemical space.
L1000 Phase1–Cigs Mce	l1000_phase1	cigs_mce	spearman	per_gene_population_zscore_dataset	observed_auroc	0.5947177260644265	0.5220548098917221	0.6890864282071357	bca	ok	0.95	2000	855	855	124	95% BCa bootstrap CI clustered by PubChem compound; uncertainty is over the observed compound panel, not broader chemical space.
L1000 Phase1–Cigs Mce	l1000_phase1	cigs_mce	spearman	per_gene_population_zscore_dataset	observed_normalized_best_positive_rank	0.6037973633123684	0.5352766531514123	0.6919708980605966	bca	ok	0.95	2000	855	855	124	95% BCa bootstrap CI clustered by PubChem compound; uncertainty is over the observed compound panel, not broader chemical space.
L1000 Phase1–Cigs Mce	l1000_phase1	cigs_mce	spearman	per_gene_population_zscore_dataset	observed_recall_at_1	0.0911283007458173	0.0427359164332707	0.2068430559613962	bca	ok	0.95	2000	855	855	124	95% BCa bootstrap CI clustered by PubChem compound; uncertainty is over the observed compound panel, not broader chemical space.
L1000 Phase1–Cigs Mce	l1000_phase1	cigs_mce	spearman	per_gene_population_zscore_dataset	source_individual_corrected_percentile	0.4166802357276872	0.364311464492115	0.513368758627226	bca	ok	0.95	2000	855	855	124	95% BCa bootstrap CI clustered by PubChem compound; uncertainty is over the observed compound panel, not broader chemical space.
L1000 Phase1–Cigs Mce	l1000_phase1	cigs_mce	spearman	per_gene_population_zscore_dataset	source_peer_normalized_rank	0.703375525009444	0.6520405267423828	0.7330748803339625	bca	ok	0.95	2000	855	855	124	95% BCa bootstrap CI clustered by PubChem compound; uncertainty is over the observed compound panel, not broader chemical space.
L1000 Phase1–Cigs Mce	l1000_phase1	cigs_mce	spearman	per_gene_population_zscore_dataset	target_individual_corrected_percentile	0.5883802945604235	0.521523135846048	0.6809745377103072	bca	ok	0.95	2000	855	855	124	95% BCa bootstrap CI clustered by PubChem compound; uncertainty is over the observed compound panel, not broader chemical space.
L1000 Phase1–Cigs Mce	l1000_phase1	cigs_mce	spearman	per_gene_population_zscore_dataset	target_peer_normalized_rank	0.5259866287854638	0.5212427020027958	0.5299983314642315	bca	ok	0.95	2000	855	855	124	95% BCa bootstrap CI clustered by PubChem compound; uncertainty is over the observed compound panel, not broader chemical space.
L1000 Phase1–L1000 Phase2	l1000_phase1	l1000_phase2	spearman	per_gene_population_zscore_dataset	delta_vs_source_peer_normalized_rank	0.1461293024618744	0.0996139736876615	0.1984896546367393	bca	ok	0.95	2000	21857	21576	257	95% BCa bootstrap CI clustered by PubChem compound; uncertainty is over the observed compound panel, not broader chemical space.
L1000 Phase1–L1000 Phase2	l1000_phase1	l1000_phase2	spearman	per_gene_population_zscore_dataset	delta_vs_target_peer_normalized_rank	0.2444633471485922	0.2071781441422869	0.2851123617703077	bca	ok	0.95	2000	21857	21442	257	95% BCa bootstrap CI clustered by PubChem compound; uncertainty is over the observed compound panel, not broader chemical space.
L1000 Phase1–L1000 Phase2	l1000_phase1	l1000_phase2	spearman	per_gene_population_zscore_dataset	observed_auroc	0.7779334821278199	0.7434605900135374	0.8218454628666982	bca	ok	0.95	2000	21857	21857	257	95% BCa bootstrap CI clustered by PubChem compound; uncertainty is over the observed compound panel, not broader chemical space.
L1000 Phase1–L1000 Phase2	l1000_phase1	l1000_phase2	spearman	per_gene_population_zscore_dataset	observed_normalized_best_positive_rank	0.7803136408943714	0.7463225167763089	0.8234635717213193	bca	ok	0.95	2000	21857	21857	257	95% BCa bootstrap CI clustered by PubChem compound; uncertainty is over the observed compound panel, not broader chemical space.
L1000 Phase1–L1000 Phase2	l1000_phase1	l1000_phase2	spearman	per_gene_population_zscore_dataset	observed_recall_at_1	0.2442661985224316	0.1824704480787317	0.3593616208609421	bca	ok	0.95	2000	21857	21857	257	95% BCa bootstrap CI clustered by PubChem compound; uncertainty is over the observed compound panel, not broader chemical space.
L1000 Phase1–L1000 Phase2	l1000_phase1	l1000_phase2	spearman	per_gene_population_zscore_dataset	source_individual_corrected_percentile	0.6535513444523011	0.6045350206918289	0.7205126667843909	bca	ok	0.95	2000	21857	21576	257	95% BCa bootstrap CI clustered by PubChem compound; uncertainty is over the observed compound panel, not broader chemical space.
L1000 Phase1–L1000 Phase2	l1000_phase1	l1000_phase2	spearman	per_gene_population_zscore_dataset	source_peer_normalized_rank	0.6327492691498741	0.6174710322534948	0.6517391252543313	bca	ok	0.95	2000	21857	21576	257	95% BCa bootstrap CI clustered by PubChem compound; uncertainty is over the observed compound panel, not broader chemical space.
L1000 Phase1–L1000 Phase2	l1000_phase1	l1000_phase2	spearman	per_gene_population_zscore_dataset	target_individual_corrected_percentile	0.7710400796765571	0.7340133728846279	0.8109067074321784	bca	ok	0.95	2000	21857	21442	257	95% BCa bootstrap CI clustered by PubChem compound; uncertainty is over the observed compound panel, not broader chemical space.
L1000 Phase1–L1000 Phase2	l1000_phase1	l1000_phase2	spearman	per_gene_population_zscore_dataset	target_peer_normalized_rank	0.5309479719104895	0.5233858771110669	0.5382640974665308	bca	ok	0.95	2000	21857	21442	257	95% BCa bootstrap CI clustered by PubChem compound; uncertainty is over the observed compound panel, not broader chemical space.
L1000 Phase1–Sciplex	l1000_phase1	sciplex	spearman	per_gene_population_zscore_dataset	delta_vs_source_peer_normalized_rank	0.0556509849766988	0.0130549421383005	0.0982654563837033	bca	ok	0.95	2000	1897	1876	90	95% BCa bootstrap CI clustered by PubChem compound; uncertainty is over the observed compound panel, not broader chemical space.
L1000 Phase1–Sciplex	l1000_phase1	sciplex	spearman	per_gene_population_zscore_dataset	delta_vs_target_peer_normalized_rank	0.1675097547401285	0.1209039771132082	0.2100279443169772	bca	ok	0.95	2000	1897	1887	90	95% BCa bootstrap CI clustered by PubChem compound; uncertainty is over the observed compound panel, not broader chemical space.
L1000 Phase1–Sciplex	l1000_phase1	sciplex	spearman	per_gene_population_zscore_dataset	observed_auroc	0.6871275870915472	0.6427903275527034	0.7282812688335938	bca	ok	0.95	2000	1897	1897	90	95% BCa bootstrap CI clustered by PubChem compound; uncertainty is over the observed compound panel, not broader chemical space.
L1000 Phase1–Sciplex	l1000_phase1	sciplex	spearman	per_gene_population_zscore_dataset	observed_normalized_best_positive_rank	0.6876749789989163	0.6407743387546854	0.7304230754335963	bca	ok	0.95	2000	1897	1897	90	95% BCa bootstrap CI clustered by PubChem compound; uncertainty is over the observed compound panel, not broader chemical space.
L1000 Phase1–Sciplex	l1000_phase1	sciplex	spearman	per_gene_population_zscore_dataset	observed_recall_at_1	0.0565558333921941	0.03512336292992	0.0971837964259518	bca	ok	0.95	2000	1897	1897	90	95% BCa bootstrap CI clustered by PubChem compound; uncertainty is over the observed compound panel, not broader chemical space.
L1000 Phase1–Sciplex	l1000_phase1	sciplex	spearman	per_gene_population_zscore_dataset	source_individual_corrected_percentile	0.5182833502752041	0.4838990958906478	0.5602875668870928	bca	ok	0.95	2000	1897	1876	90	95% BCa bootstrap CI clustered by PubChem compound; uncertainty is over the observed compound panel, not broader chemical space.
L1000 Phase1–Sciplex	l1000_phase1	sciplex	spearman	per_gene_population_zscore_dataset	source_peer_normalized_rank	0.6329864627893536	0.6136385058679648	0.6493078389245955	bca	ok	0.95	2000	1897	1876	90	95% BCa bootstrap CI clustered by PubChem compound; uncertainty is over the observed compound panel, not broader chemical space.
L1000 Phase1–Sciplex	l1000_phase1	sciplex	spearman	per_gene_population_zscore_dataset	target_individual_corrected_percentile	0.6839883613161479	0.6374408180294242	0.7252521739686631	bca	ok	0.95	2000	1897	1887	90	95% BCa bootstrap CI clustered by PubChem compound; uncertainty is over the observed compound panel, not broader chemical space.
L1000 Phase1–Sciplex	l1000_phase1	sciplex	spearman	per_gene_population_zscore_dataset	target_peer_normalized_rank	0.5203864656752353	0.5135323572242925	0.528355486088682	bca	ok	0.95	2000	1897	1887	90	95% BCa bootstrap CI clustered by PubChem compound; uncertainty is over the observed compound panel, not broader chemical space.
L1000 Phase1–Tahoe	l1000_phase1	tahoe	spearman	per_gene_population_zscore_dataset	delta_vs_source_peer_normalized_rank	-0.0187419566414844	-0.0834873468823146	0.0488703068910738	bca	ok	0.95	2000	692	675	86	95% BCa bootstrap CI clustered by PubChem compound; uncertainty is over the observed compound panel, not broader chemical space.
L1000 Phase1–Tahoe	l1000_phase1	tahoe	spearman	per_gene_population_zscore_dataset	delta_vs_target_peer_normalized_rank	0.135531868511568	0.0603302071070472	0.2108936395029317	bca	ok	0.95	2000	692	687	86	95% BCa bootstrap CI clustered by PubChem compound; uncertainty is over the observed compound panel, not broader chemical space.
L1000 Phase1–Tahoe	l1000_phase1	tahoe	spearman	per_gene_population_zscore_dataset	observed_auroc	0.6512090287544996	0.5905159347927843	0.7316041245714784	bca	ok	0.95	2000	692	692	86	95% BCa bootstrap CI clustered by PubChem compound; uncertainty is over the observed compound panel, not broader chemical space.
L1000 Phase1–Tahoe	l1000_phase1	tahoe	spearman	per_gene_population_zscore_dataset	observed_normalized_best_positive_rank	0.6525887149891156	0.5830167586731115	0.7244871489169994	bca	ok	0.95	2000	692	692	86	95% BCa bootstrap CI clustered by PubChem compound; uncertainty is over the observed compound panel, not broader chemical space.
L1000 Phase1–Tahoe	l1000_phase1	tahoe	spearman	per_gene_population_zscore_dataset	observed_recall_at_1	0.1143395893999241	0.0566857339686505	0.1939428175253101	bca	ok	0.95	2000	692	692	86	95% BCa bootstrap CI clustered by PubChem compound; uncertainty is over the observed compound panel, not broader chemical space.
L1000 Phase1–Tahoe	l1000_phase1	tahoe	spearman	per_gene_population_zscore_dataset	source_individual_corrected_percentile	0.4747591407908506	0.422473960970844	0.5580679995061343	bca	ok	0.95	2000	692	675	86	95% BCa bootstrap CI clustered by PubChem compound; uncertainty is over the observed compound panel, not broader chemical space.
L1000 Phase1–Tahoe	l1000_phase1	tahoe	spearman	per_gene_population_zscore_dataset	source_peer_normalized_rank	0.6667833210478216	0.6375867859722857	0.6931979845264643	bca	ok	0.95	2000	692	675	86	95% BCa bootstrap CI clustered by PubChem compound; uncertainty is over the observed compound panel, not broader chemical space.
L1000 Phase1–Tahoe	l1000_phase1	tahoe	spearman	per_gene_population_zscore_dataset	target_individual_corrected_percentile	0.6576812621584562	0.5803137653850192	0.733818068320329	bca	ok	0.95	2000	692	687	86	95% BCa bootstrap CI clustered by PubChem compound; uncertainty is over the observed compound panel, not broader chemical space.
L1000 Phase1–Tahoe	l1000_phase1	tahoe	spearman	per_gene_population_zscore_dataset	target_peer_normalized_rank	0.5091992385922054	0.49755594681068	0.5166774772795896	bca	ok	0.95	2000	692	687	86	95% BCa bootstrap CI clustered by PubChem compound; uncertainty is over the observed compound panel, not broader chemical space.
L1000 Phase2–Cigs Mce	l1000_phase2	cigs_mce	spearman	per_gene_population_zscore_dataset	delta_vs_source_peer_normalized_rank	0.2017516723423461	0.1204528266499702	0.2615022036759796	bca	ok	0.95	2000	372	372	68	95% BCa bootstrap CI clustered by PubChem compound; uncertainty is over the observed compound panel, not broader chemical space.
L1000 Phase2–Cigs Mce	l1000_phase2	cigs_mce	spearman	per_gene_population_zscore_dataset	delta_vs_target_peer_normalized_rank	0.2728389418061884	0.2052390904279642	0.3227157054218922	bca	ok	0.95	2000	372	372	68	95% BCa bootstrap CI clustered by PubChem compound; uncertainty is over the observed compound panel, not broader chemical space.
L1000 Phase2–Cigs Mce	l1000_phase2	cigs_mce	spearman	per_gene_population_zscore_dataset	observed_auroc	0.828349138475212	0.7568858387687305	0.8851433483758462	bca	ok	0.95	2000	372	372	68	95% BCa bootstrap CI clustered by PubChem compound; uncertainty is over the observed compound panel, not broader chemical space.
L1000 Phase2–Cigs Mce	l1000_phase2	cigs_mce	spearman	per_gene_population_zscore_dataset	observed_normalized_best_positive_rank	0.828514053082452	0.755931814883113	0.8840448927679062	bca	ok	0.95	2000	372	372	68	95% BCa bootstrap CI clustered by PubChem compound; uncertainty is over the observed compound panel, not broader chemical space.
L1000 Phase2–Cigs Mce	l1000_phase2	cigs_mce	spearman	per_gene_population_zscore_dataset	observed_recall_at_1	0.2284268363215731	0.1525876712001149	0.3389596236817521	bca	ok	0.95	2000	372	372	68	95% BCa bootstrap CI clustered by PubChem compound; uncertainty is over the observed compound panel, not broader chemical space.
L1000 Phase2–Cigs Mce	l1000_phase2	cigs_mce	spearman	per_gene_population_zscore_dataset	source_individual_corrected_percentile	0.6500865927187955	0.5902146900966295	0.7091149186725769	bca	ok	0.95	2000	372	372	68	95% BCa bootstrap CI clustered by PubChem compound; uncertainty is over the observed compound panel, not broader chemical space.
L1000 Phase2–Cigs Mce	l1000_phase2	cigs_mce	spearman	per_gene_population_zscore_dataset	source_peer_normalized_rank	0.6267623807401059	0.6075867218037844	0.6413790232252483	bca	ok	0.95	2000	372	372	68	95% BCa bootstrap CI clustered by PubChem compound; uncertainty is over the observed compound panel, not broader chemical space.
L1000 Phase2–Cigs Mce	l1000_phase2	cigs_mce	spearman	per_gene_population_zscore_dataset	target_individual_corrected_percentile	0.8137159946244877	0.7431462847901733	0.8729257493003717	bca	ok	0.95	2000	372	372	68	95% BCa bootstrap CI clustered by PubChem compound; uncertainty is over the observed compound panel, not broader chemical space.
L1000 Phase2–Cigs Mce	l1000_phase2	cigs_mce	spearman	per_gene_population_zscore_dataset	target_peer_normalized_rank	0.5556751112762637	0.5439300403174239	0.5648427670491609	bca	ok	0.95	2000	372	372	68	95% BCa bootstrap CI clustered by PubChem compound; uncertainty is over the observed compound panel, not broader chemical space.
L1000 Phase2–Sciplex	l1000_phase2	sciplex	spearman	per_gene_population_zscore_dataset	delta_vs_source_peer_normalized_rank	0.1600907074838754	0.1210929413738327	0.1990524476063666	bca	ok	0.95	2000	2323	2323	83	95% BCa bootstrap CI clustered by PubChem compound; uncertainty is over the observed compound panel, not broader chemical space.
L1000 Phase2–Sciplex	l1000_phase2	sciplex	spearman	per_gene_population_zscore_dataset	delta_vs_target_peer_normalized_rank	0.2381848748663249	0.2019388777908837	0.2737662111756911	bca	ok	0.95	2000	2323	2323	83	95% BCa bootstrap CI clustered by PubChem compound; uncertainty is over the observed compound panel, not broader chemical space.
L1000 Phase2–Sciplex	l1000_phase2	sciplex	spearman	per_gene_population_zscore_dataset	observed_auroc	0.752782879797706	0.7142100566317127	0.7894239414513439	bca	ok	0.95	2000	2323	2323	83	95% BCa bootstrap CI clustered by PubChem compound; uncertainty is over the observed compound panel, not broader chemical space.
L1000 Phase2–Sciplex	l1000_phase2	sciplex	spearman	per_gene_population_zscore_dataset	observed_normalized_best_positive_rank	0.7531931349411912	0.7144874301710057	0.7898265034969546	bca	ok	0.95	2000	2323	2323	83	95% BCa bootstrap CI clustered by PubChem compound; uncertainty is over the observed compound panel, not broader chemical space.
L1000 Phase2–Sciplex	l1000_phase2	sciplex	spearman	per_gene_population_zscore_dataset	observed_recall_at_1	0.0621496656539095	0.0391868791713191	0.0951558415391479	bca	ok	0.95	2000	2323	2323	83	95% BCa bootstrap CI clustered by PubChem compound; uncertainty is over the observed compound panel, not broader chemical space.
L1000 Phase2–Sciplex	l1000_phase2	sciplex	spearman	per_gene_population_zscore_dataset	source_individual_corrected_percentile	0.6087078315448357	0.5767933853202175	0.6516425767136685	bca	ok	0.95	2000	2323	2323	83	95% BCa bootstrap CI clustered by PubChem compound; uncertainty is over the observed compound panel, not broader chemical space.
L1000 Phase2–Sciplex	l1000_phase2	sciplex	spearman	per_gene_population_zscore_dataset	source_peer_normalized_rank	0.5931024274573157	0.5855296884646259	0.6012807306749658	bca	ok	0.95	2000	2323	2323	83	95% BCa bootstrap CI clustered by PubChem compound; uncertainty is over the observed compound panel, not broader chemical space.
L1000 Phase2–Sciplex	l1000_phase2	sciplex	spearman	per_gene_population_zscore_dataset	target_individual_corrected_percentile	0.7449547270656758	0.7042131321849918	0.7809102552714604	bca	ok	0.95	2000	2323	2323	83	95% BCa bootstrap CI clustered by PubChem compound; uncertainty is over the observed compound panel, not broader chemical space.
L1000 Phase2–Sciplex	l1000_phase2	sciplex	spearman	per_gene_population_zscore_dataset	target_peer_normalized_rank	0.5150082600748663	0.5112898765001985	0.519270483789963	bca	ok	0.95	2000	2323	2323	83	95% BCa bootstrap CI clustered by PubChem compound; uncertainty is over the observed compound panel, not broader chemical space.
L1000 Phase2–Tahoe	l1000_phase2	tahoe	spearman	per_gene_population_zscore_dataset	delta_vs_source_peer_normalized_rank	-0.0364593343366725	-0.0888558420555383	0.0154401807240743	bca	ok	0.95	2000	1755	1755	110	95% BCa bootstrap CI clustered by PubChem compound; uncertainty is over the observed compound panel, not broader chemical space.
L1000 Phase2–Tahoe	l1000_phase2	tahoe	spearman	per_gene_population_zscore_dataset	delta_vs_target_peer_normalized_rank	0.1297546574958833	0.0868484056203382	0.1736508872979467	bca	ok	0.95	2000	1755	1755	110	95% BCa bootstrap CI clustered by PubChem compound; uncertainty is over the observed compound panel, not broader chemical space.
L1000 Phase2–Tahoe	l1000_phase2	tahoe	spearman	per_gene_population_zscore_dataset	observed_auroc	0.6350636876706062	0.5883928154477589	0.6753691169321476	bca	ok	0.95	2000	1755	1755	110	95% BCa bootstrap CI clustered by PubChem compound; uncertainty is over the observed compound panel, not broader chemical space.
L1000 Phase2–Tahoe	l1000_phase2	tahoe	spearman	per_gene_population_zscore_dataset	observed_normalized_best_positive_rank	0.63582226531119	0.5949303604231116	0.6769643634351149	bca	ok	0.95	2000	1755	1755	110	95% BCa bootstrap CI clustered by PubChem compound; uncertainty is over the observed compound panel, not broader chemical space.
L1000 Phase2–Tahoe	l1000_phase2	tahoe	spearman	per_gene_population_zscore_dataset	observed_recall_at_1	0.0271961678239208	0.0129308631759945	0.0563696360799491	bca	ok	0.95	2000	1755	1755	110	95% BCa bootstrap CI clustered by PubChem compound; uncertainty is over the observed compound panel, not broader chemical space.
L1000 Phase2–Tahoe	l1000_phase2	tahoe	spearman	per_gene_population_zscore_dataset	source_individual_corrected_percentile	0.4271379788211384	0.3874394893173048	0.4802572872445008	bca	ok	0.95	2000	1755	1755	110	95% BCa bootstrap CI clustered by PubChem compound; uncertainty is over the observed compound panel, not broader chemical space.
L1000 Phase2–Tahoe	l1000_phase2	tahoe	spearman	per_gene_population_zscore_dataset	source_peer_normalized_rank	0.6722815996478626	0.6542704321713069	0.6873787491980173	bca	ok	0.95	2000	1755	1755	110	95% BCa bootstrap CI clustered by PubChem compound; uncertainty is over the observed compound panel, not broader chemical space.
L1000 Phase2–Tahoe	l1000_phase2	tahoe	spearman	per_gene_population_zscore_dataset	target_individual_corrected_percentile	0.6349800419740841	0.5872009979938708	0.6762131567246992	bca	ok	0.95	2000	1755	1755	110	95% BCa bootstrap CI clustered by PubChem compound; uncertainty is over the observed compound panel, not broader chemical space.
L1000 Phase2–Tahoe	l1000_phase2	tahoe	spearman	per_gene_population_zscore_dataset	target_peer_normalized_rank	0.5060676078153067	0.5012868611533376	0.5094470818792396	bca	ok	0.95	2000	1755	1755	110	95% BCa bootstrap CI clustered by PubChem compound; uncertainty is over the observed compound panel, not broader chemical space.
Tahoe–Sciplex	tahoe	sciplex	spearman	per_gene_population_zscore_dataset	delta_vs_source_peer_normalized_rank	0.0279074412774834	-0.0539068238989865	0.1210965356627729	bca	ok	0.95	2000	223	223	23	95% BCa bootstrap CI clustered by PubChem compound; uncertainty is over the observed compound panel, not broader chemical space.
Tahoe–Sciplex	tahoe	sciplex	spearman	per_gene_population_zscore_dataset	delta_vs_target_peer_normalized_rank	0.1667018549457085	0.0885581038044013	0.2581580529644459	bca	ok	0.95	2000	223	223	23	95% BCa bootstrap CI clustered by PubChem compound; uncertainty is over the observed compound panel, not broader chemical space.
Tahoe–Sciplex	tahoe	sciplex	spearman	per_gene_population_zscore_dataset	observed_auroc	0.6687975824855337	0.5921139614546276	0.7561479177083769	bca	ok	0.95	2000	223	223	23	95% BCa bootstrap CI clustered by PubChem compound; uncertainty is over the observed compound panel, not broader chemical space.
Tahoe–Sciplex	tahoe	sciplex	spearman	per_gene_population_zscore_dataset	observed_normalized_best_positive_rank	0.6693037871595449	0.5906567605238573	0.7597855419378152	bca	ok	0.95	2000	223	223	23	95% BCa bootstrap CI clustered by PubChem compound; uncertainty is over the observed compound panel, not broader chemical space.
Tahoe–Sciplex	tahoe	sciplex	spearman	per_gene_population_zscore_dataset	observed_recall_at_1	0.0832907075873827	0.0347261434217956	0.2050464098433151	bca	ok	0.95	2000	223	223	23	95% BCa bootstrap CI clustered by PubChem compound; uncertainty is over the observed compound panel, not broader chemical space.
Tahoe–Sciplex	tahoe	sciplex	spearman	per_gene_population_zscore_dataset	source_individual_corrected_percentile	0.4889147142527369	0.4274296297965627	0.5842427440359107	bca	ok	0.95	2000	223	223	23	95% BCa bootstrap CI clustered by PubChem compound; uncertainty is over the observed compound panel, not broader chemical space.
Tahoe–Sciplex	tahoe	sciplex	spearman	per_gene_population_zscore_dataset	source_peer_normalized_rank	0.6413963458820615	0.6196022320131702	0.6662690540103237	bca	ok	0.95	2000	223	223	23	95% BCa bootstrap CI clustered by PubChem compound; uncertainty is over the observed compound panel, not broader chemical space.
Tahoe–Sciplex	tahoe	sciplex	spearman	per_gene_population_zscore_dataset	target_individual_corrected_percentile	0.6717835785478661	0.5954877475387319	0.7646418144927961	bca	ok	0.95	2000	223	223	23	95% BCa bootstrap CI clustered by PubChem compound; uncertainty is over the observed compound panel, not broader chemical space.
Tahoe–Sciplex	tahoe	sciplex	spearman	per_gene_population_zscore_dataset	target_peer_normalized_rank	0.5026019322138363	0.4926827808620186	0.5113990204531541	bca	ok	0.95	2000	223	223	23	95% BCa bootstrap CI clustered by PubChem compound; uncertainty is over the observed compound panel, not broader chemical space.
Cigs Mce–Cigs Tcm	cigs_mce	cigs_tcm	spearman	per_gene_population_zscore_dataset_cell_type	delta_vs_source_peer_normalized_rank	0.08380309225894676	0.069619445656039	0.09912382429543305	bca	ok	0.95	2000	11042	11042	974	95% BCa bootstrap CI clustered by PubChem compound; uncertainty is over the observed compound panel, not broader chemical space.
Cigs Mce–Cigs Tcm	cigs_mce	cigs_tcm	spearman	per_gene_population_zscore_dataset_cell_type	delta_vs_target_peer_normalized_rank	0.10988464112215182	0.09611663610469187	0.12471056188593084	bca	ok	0.95	2000	11042	11042	974	95% BCa bootstrap CI clustered by PubChem compound; uncertainty is over the observed compound panel, not broader chemical space.
Cigs Mce–Cigs Tcm	cigs_mce	cigs_tcm	spearman	per_gene_population_zscore_dataset_cell_type	observed_auroc	0.6112290149063224	0.5972263203627657	0.6248704463173347	bca	ok	0.95	2000	11042	11042	974	95% BCa bootstrap CI clustered by PubChem compound; uncertainty is over the observed compound panel, not broader chemical space.
Cigs Mce–Cigs Tcm	cigs_mce	cigs_tcm	spearman	per_gene_population_zscore_dataset_cell_type	observed_normalized_best_positive_rank	0.611489362513701	0.5974971724187476	0.6256087438452662	bca	ok	0.95	2000	11042	11042	974	95% BCa bootstrap CI clustered by PubChem compound; uncertainty is over the observed compound panel, not broader chemical space.
Cigs Mce–Cigs Tcm	cigs_mce	cigs_tcm	spearman	per_gene_population_zscore_dataset_cell_type	observed_recall_at_1	0.02633989019770756	0.01967934347008347	0.03386192897741655	bca	ok	0.95	2000	11042	11042	974	95% BCa bootstrap CI clustered by PubChem compound; uncertainty is over the observed compound panel, not broader chemical space.
Cigs Mce–Cigs Tcm	cigs_mce	cigs_tcm	spearman	per_gene_population_zscore_dataset_cell_type	source_individual_corrected_percentile	0.5601735732363164	0.5490448234977142	0.5720957674103299	bca	ok	0.95	2000	11042	11042	974	95% BCa bootstrap CI clustered by PubChem compound; uncertainty is over the observed compound panel, not broader chemical space.
Cigs Mce–Cigs Tcm	cigs_mce	cigs_tcm	spearman	per_gene_population_zscore_dataset_cell_type	source_peer_normalized_rank	0.527686270254754	0.5253220667093592	0.5300394516951076	bca	ok	0.95	2000	11042	11042	974	95% BCa bootstrap CI clustered by PubChem compound; uncertainty is over the observed compound panel, not broader chemical space.
Cigs Mce–Cigs Tcm	cigs_mce	cigs_tcm	spearman	per_gene_population_zscore_dataset_cell_type	target_individual_corrected_percentile	0.6106678209748895	0.5963112762010416	0.6249331790436558	bca	ok	0.95	2000	11042	11042	974	95% BCa bootstrap CI clustered by PubChem compound; uncertainty is over the observed compound panel, not broader chemical space.
Cigs Mce–Cigs Tcm	cigs_mce	cigs_tcm	spearman	per_gene_population_zscore_dataset_cell_type	target_peer_normalized_rank	0.5016047213915487	0.501073830632908	0.5025043186564533	bca	ok	0.95	2000	11042	11042	974	95% BCa bootstrap CI clustered by PubChem compound; uncertainty is over the observed compound panel, not broader chemical space.
L1000 Phase1–Cigs Mce	l1000_phase1	cigs_mce	spearman	per_gene_population_zscore_dataset_cell_type	delta_vs_source_peer_normalized_rank	-0.0005362561866644189	-0.08761287565870104	0.10768331396727493	bca	ok	0.95	2000	855	855	124	95% BCa bootstrap CI clustered by PubChem compound; uncertainty is over the observed compound panel, not broader chemical space.
L1000 Phase1–Cigs Mce	l1000_phase1	cigs_mce	spearman	per_gene_population_zscore_dataset_cell_type	delta_vs_target_peer_normalized_rank	0.07603629332597366	-0.0011306024454331468	0.1619730436951039	bca	ok	0.95	2000	855	855	124	95% BCa bootstrap CI clustered by PubChem compound; uncertainty is over the observed compound panel, not broader chemical space.
L1000 Phase1–Cigs Mce	l1000_phase1	cigs_mce	spearman	per_gene_population_zscore_dataset_cell_type	observed_auroc	0.5876865274806954	0.5151503156962765	0.6804226400904799	bca	ok	0.95	2000	855	855	124	95% BCa bootstrap CI clustered by PubChem compound; uncertainty is over the observed compound panel, not broader chemical space.
L1000 Phase1–Cigs Mce	l1000_phase1	cigs_mce	spearman	per_gene_population_zscore_dataset_cell_type	observed_normalized_best_positive_rank	0.5973693246238779	0.5262576047853462	0.6891529332009433	bca	ok	0.95	2000	855	855	124	95% BCa bootstrap CI clustered by PubChem compound; uncertainty is over the observed compound panel, not broader chemical space.
L1000 Phase1–Cigs Mce	l1000_phase1	cigs_mce	spearman	per_gene_population_zscore_dataset_cell_type	observed_recall_at_1	0.0979464825639992	0.048229661622414065	0.21094218215097993	bca	ok	0.95	2000	855	855	124	95% BCa bootstrap CI clustered by PubChem compound; uncertainty is over the observed compound panel, not broader chemical space.
L1000 Phase1–Cigs Mce	l1000_phase1	cigs_mce	spearman	per_gene_population_zscore_dataset_cell_type	source_individual_corrected_percentile	0.5109377000576641	0.4579550991619737	0.5927015635341745	bca	ok	0.95	2000	855	855	124	95% BCa bootstrap CI clustered by PubChem compound; uncertainty is over the observed compound panel, not broader chemical space.
L1000 Phase1–Cigs Mce	l1000_phase1	cigs_mce	spearman	per_gene_population_zscore_dataset_cell_type	source_peer_normalized_rank	0.5979055808105425	0.5481387905534286	0.6306077863945135	bca	ok	0.95	2000	855	855	124	95% BCa bootstrap CI clustered by PubChem compound; uncertainty is over the observed compound panel, not broader chemical space.
L1000 Phase1–Cigs Mce	l1000_phase1	cigs_mce	spearman	per_gene_population_zscore_dataset_cell_type	target_individual_corrected_percentile	0.5856581157400829	0.5090768961778449	0.6722975258274062	bca	ok	0.95	2000	855	855	124	95% BCa bootstrap CI clustered by PubChem compound; uncertainty is over the observed compound panel, not broader chemical space.
L1000 Phase1–Cigs Mce	l1000_phase1	cigs_mce	spearman	per_gene_population_zscore_dataset_cell_type	target_peer_normalized_rank	0.5213330312979043	0.515873268277432	0.5263555576496868	bca	ok	0.95	2000	855	855	124	95% BCa bootstrap CI clustered by PubChem compound; uncertainty is over the observed compound panel, not broader chemical space.
L1000 Phase1–L1000 Phase2	l1000_phase1	l1000_phase2	spearman	per_gene_population_zscore_dataset_cell_type	delta_vs_source_peer_normalized_rank	0.1918562199269606	0.1488778726839358	0.2363156652298993	bca	ok	0.95	2000	21857	21576	257	95% BCa bootstrap CI clustered by PubChem compound; uncertainty is over the observed compound panel, not broader chemical space.
L1000 Phase1–L1000 Phase2	l1000_phase1	l1000_phase2	spearman	per_gene_population_zscore_dataset_cell_type	delta_vs_target_peer_normalized_rank	0.2574354135775453	0.2241757285950278	0.29635161694190165	bca	ok	0.95	2000	21857	21442	257	95% BCa bootstrap CI clustered by PubChem compound; uncertainty is over the observed compound panel, not broader chemical space.
L1000 Phase1–L1000 Phase2	l1000_phase1	l1000_phase2	spearman	per_gene_population_zscore_dataset_cell_type	observed_auroc	0.7927070171772221	0.7598815237911062	0.8337437297209369	bca	ok	0.95	2000	21857	21857	257	95% BCa bootstrap CI clustered by PubChem compound; uncertainty is over the observed compound panel, not broader chemical space.
L1000 Phase1–L1000 Phase2	l1000_phase1	l1000_phase2	spearman	per_gene_population_zscore_dataset_cell_type	observed_normalized_best_positive_rank	0.7949766784958466	0.7666909865250211	0.8349969160697507	bca	ok	0.95	2000	21857	21857	257	95% BCa bootstrap CI clustered by PubChem compound; uncertainty is over the observed compound panel, not broader chemical space.
L1000 Phase1–L1000 Phase2	l1000_phase1	l1000_phase2	spearman	per_gene_population_zscore_dataset_cell_type	observed_recall_at_1	0.24528212492658674	0.17804749685457374	0.35300667955982085	bca	ok	0.95	2000	21857	21857	257	95% BCa bootstrap CI clustered by PubChem compound; uncertainty is over the observed compound panel, not broader chemical space.
L1000 Phase1–L1000 Phase2	l1000_phase1	l1000_phase2	spearman	per_gene_population_zscore_dataset_cell_type	source_individual_corrected_percentile	0.6912090699082125	0.6439747425811598	0.7488429040426803	bca	ok	0.95	2000	21857	21576	257	95% BCa bootstrap CI clustered by PubChem compound; uncertainty is over the observed compound panel, not broader chemical space.
L1000 Phase1–L1000 Phase2	l1000_phase1	l1000_phase2	spearman	per_gene_population_zscore_dataset_cell_type	source_peer_normalized_rank	0.6022642660548636	0.5855290142896026	0.6184866466559452	bca	ok	0.95	2000	21857	21576	257	95% BCa bootstrap CI clustered by PubChem compound; uncertainty is over the observed compound panel, not broader chemical space.
L1000 Phase1–L1000 Phase2	l1000_phase1	l1000_phase2	spearman	per_gene_population_zscore_dataset_cell_type	target_individual_corrected_percentile	0.7841425304331029	0.7514798155539226	0.8240827239882007	bca	ok	0.95	2000	21857	21442	257	95% BCa bootstrap CI clustered by PubChem compound; uncertainty is over the observed compound panel, not broader chemical space.
L1000 Phase1–L1000 Phase2	l1000_phase1	l1000_phase2	spearman	per_gene_population_zscore_dataset_cell_type	target_peer_normalized_rank	0.5334951575877229	0.5261981013709586	0.5397151113875567	bca	ok	0.95	2000	21857	21442	257	95% BCa bootstrap CI clustered by PubChem compound; uncertainty is over the observed compound panel, not broader chemical space.
L1000 Phase1–Sciplex	l1000_phase1	sciplex	spearman	per_gene_population_zscore_dataset_cell_type	delta_vs_source_peer_normalized_rank	0.12629189001109298	0.08181953823530463	0.1664948011732958	bca	ok	0.95	2000	1897	1876	90	95% BCa bootstrap CI clustered by PubChem compound; uncertainty is over the observed compound panel, not broader chemical space.
L1000 Phase1–Sciplex	l1000_phase1	sciplex	spearman	per_gene_population_zscore_dataset_cell_type	delta_vs_target_peer_normalized_rank	0.17989152843276762	0.13519006211801246	0.22178205589681269	bca	ok	0.95	2000	1897	1887	90	95% BCa bootstrap CI clustered by PubChem compound; uncertainty is over the observed compound panel, not broader chemical space.
L1000 Phase1–Sciplex	l1000_phase1	sciplex	spearman	per_gene_population_zscore_dataset_cell_type	observed_auroc	0.6979818648960836	0.6506563938865807	0.7397857160757966	bca	ok	0.95	2000	1897	1897	90	95% BCa bootstrap CI clustered by PubChem compound; uncertainty is over the observed compound panel, not broader chemical space.
L1000 Phase1–Sciplex	l1000_phase1	sciplex	spearman	per_gene_population_zscore_dataset_cell_type	observed_normalized_best_positive_rank	0.6985155279075244	0.650055863673067	0.7394444417013267	bca	ok	0.95	2000	1897	1897	90	95% BCa bootstrap CI clustered by PubChem compound; uncertainty is over the observed compound panel, not broader chemical space.
L1000 Phase1–Sciplex	l1000_phase1	sciplex	spearman	per_gene_population_zscore_dataset_cell_type	observed_recall_at_1	0.06039704274815693	0.03698725756690298	0.0978361400265469	bca	ok	0.95	2000	1897	1897	90	95% BCa bootstrap CI clustered by PubChem compound; uncertainty is over the observed compound panel, not broader chemical space.
L1000 Phase1–Sciplex	l1000_phase1	sciplex	spearman	per_gene_population_zscore_dataset_cell_type	source_individual_corrected_percentile	0.5780865046802843	0.5457921800181641	0.6160530651838638	bca	ok	0.95	2000	1897	1876	90	95% BCa bootstrap CI clustered by PubChem compound; uncertainty is over the observed compound panel, not broader chemical space.
L1000 Phase1–Sciplex	l1000_phase1	sciplex	spearman	per_gene_population_zscore_dataset_cell_type	source_peer_normalized_rank	0.5730473322054488	0.5535745401409112	0.5886596513057019	bca	ok	0.95	2000	1897	1876	90	95% BCa bootstrap CI clustered by PubChem compound; uncertainty is over the observed compound panel, not broader chemical space.
L1000 Phase1–Sciplex	l1000_phase1	sciplex	spearman	per_gene_population_zscore_dataset_cell_type	target_individual_corrected_percentile	0.6920834950561624	0.6454753493627519	0.7330159524708506	bca	ok	0.95	2000	1897	1887	90	95% BCa bootstrap CI clustered by PubChem compound; uncertainty is over the observed compound panel, not broader chemical space.
L1000 Phase1–Sciplex	l1000_phase1	sciplex	spearman	per_gene_population_zscore_dataset_cell_type	target_peer_normalized_rank	0.5184540618859338	0.5107986596871834	0.5263640113574026	bca	ok	0.95	2000	1897	1887	90	95% BCa bootstrap CI clustered by PubChem compound; uncertainty is over the observed compound panel, not broader chemical space.
L1000 Phase1–Tahoe	l1000_phase1	tahoe	spearman	per_gene_population_zscore_dataset_cell_type	delta_vs_source_peer_normalized_rank	0.07911020752829485	0.016392801500202323	0.14395368028347166	bca	ok	0.95	2000	692	675	86	95% BCa bootstrap CI clustered by PubChem compound; uncertainty is over the observed compound panel, not broader chemical space.
L1000 Phase1–Tahoe	l1000_phase1	tahoe	spearman	per_gene_population_zscore_dataset_cell_type	delta_vs_target_peer_normalized_rank	0.14129086558277296	0.06549714749441451	0.212870923475463	bca	ok	0.95	2000	692	687	86	95% BCa bootstrap CI clustered by PubChem compound; uncertainty is over the observed compound panel, not broader chemical space.
L1000 Phase1–Tahoe	l1000_phase1	tahoe	spearman	per_gene_population_zscore_dataset_cell_type	observed_auroc	0.6569296719963579	0.5841705328863821	0.729664878332027	bca	ok	0.95	2000	692	692	86	95% BCa bootstrap CI clustered by PubChem compound; uncertainty is over the observed compound panel, not broader chemical space.
L1000 Phase1–Tahoe	l1000_phase1	tahoe	spearman	per_gene_population_zscore_dataset_cell_type	observed_normalized_best_positive_rank	0.6581299784281294	0.5848142588126012	0.7316435309535788	bca	ok	0.95	2000	692	692	86	95% BCa bootstrap CI clustered by PubChem compound; uncertainty is over the observed compound panel, not broader chemical space.
L1000 Phase1–Tahoe	l1000_phase1	tahoe	spearman	per_gene_population_zscore_dataset_cell_type	observed_recall_at_1	0.11693421699455174	0.05820558235891562	0.21062267292037593	bca	ok	0.95	2000	692	692	86	95% BCa bootstrap CI clustered by PubChem compound; uncertainty is over the observed compound panel, not broader chemical space.
L1000 Phase1–Tahoe	l1000_phase1	tahoe	spearman	per_gene_population_zscore_dataset_cell_type	source_individual_corrected_percentile	0.5639230706060492	0.5112274521661677	0.6404785651146286	bca	ok	0.95	2000	692	675	86	95% BCa bootstrap CI clustered by PubChem compound; uncertainty is over the observed compound panel, not broader chemical space.
L1000 Phase1–Tahoe	l1000_phase1	tahoe	spearman	per_gene_population_zscore_dataset_cell_type	source_peer_normalized_rank	0.5733654064617955	0.5366414442940686	0.5942246524400085	bca	ok	0.95	2000	692	675	86	95% BCa bootstrap CI clustered by PubChem compound; uncertainty is over the observed compound panel, not broader chemical space.
L1000 Phase1–Tahoe	l1000_phase1	tahoe	spearman	per_gene_population_zscore_dataset_cell_type	target_individual_corrected_percentile	0.6581106329837214	0.581956162722402	0.7398446887141787	bca	ok	0.95	2000	692	687	86	95% BCa bootstrap CI clustered by PubChem compound; uncertainty is over the observed compound panel, not broader chemical space.
L1000 Phase1–Tahoe	l1000_phase1	tahoe	spearman	per_gene_population_zscore_dataset_cell_type	target_peer_normalized_rank	0.5098052438060454	0.5000707804707847	0.5182882779706733	bca	ok	0.95	2000	692	687	86	95% BCa bootstrap CI clustered by PubChem compound; uncertainty is over the observed compound panel, not broader chemical space.
L1000 Phase2–Cigs Mce	l1000_phase2	cigs_mce	spearman	per_gene_population_zscore_dataset_cell_type	delta_vs_source_peer_normalized_rank	0.24593018840954772	0.17015486618874845	0.30127348761841505	bca	ok	0.95	2000	372	372	68	95% BCa bootstrap CI clustered by PubChem compound; uncertainty is over the observed compound panel, not broader chemical space.
L1000 Phase2–Cigs Mce	l1000_phase2	cigs_mce	spearman	per_gene_population_zscore_dataset_cell_type	delta_vs_target_peer_normalized_rank	0.278236132747458	0.20937561929343274	0.3296217523927589	bca	ok	0.95	2000	372	372	68	95% BCa bootstrap CI clustered by PubChem compound; uncertainty is over the observed compound panel, not broader chemical space.
L1000 Phase2–Cigs Mce	l1000_phase2	cigs_mce	spearman	per_gene_population_zscore_dataset_cell_type	observed_auroc	0.826007580814667	0.7533306669498455	0.8820933990112751	bca	ok	0.95	2000	372	372	68	95% BCa bootstrap CI clustered by PubChem compound; uncertainty is over the observed compound panel, not broader chemical space.
L1000 Phase2–Cigs Mce	l1000_phase2	cigs_mce	spearman	per_gene_population_zscore_dataset_cell_type	observed_normalized_best_positive_rank	0.8261793335079839	0.7486080222692538	0.8801345364569589	bca	ok	0.95	2000	372	372	68	95% BCa bootstrap CI clustered by PubChem compound; uncertainty is over the observed compound panel, not broader chemical space.
L1000 Phase2–Cigs Mce	l1000_phase2	cigs_mce	spearman	per_gene_population_zscore_dataset_cell_type	observed_recall_at_1	0.2280798149219202	0.14380767757144974	0.33464402661074416	bca	ok	0.95	2000	372	372	68	95% BCa bootstrap CI clustered by PubChem compound; uncertainty is over the observed compound panel, not broader chemical space.
L1000 Phase2–Cigs Mce	l1000_phase2	cigs_mce	spearman	per_gene_population_zscore_dataset_cell_type	source_individual_corrected_percentile	0.7359616871570842	0.6764634464107637	0.7871291340970961	bca	ok	0.95	2000	372	372	68	95% BCa bootstrap CI clustered by PubChem compound; uncertainty is over the observed compound panel, not broader chemical space.
L1000 Phase2–Cigs Mce	l1000_phase2	cigs_mce	spearman	per_gene_population_zscore_dataset_cell_type	source_peer_normalized_rank	0.5802491450984361	0.5518643200911794	0.6006284363190865	bca	ok	0.95	2000	372	372	68	95% BCa bootstrap CI clustered by PubChem compound; uncertainty is over the observed compound panel, not broader chemical space.
L1000 Phase2–Cigs Mce	l1000_phase2	cigs_mce	spearman	per_gene_population_zscore_dataset_cell_type	target_individual_corrected_percentile	0.818379873489771	0.7409071437195179	0.873550654565392	bca	ok	0.95	2000	372	372	68	95% BCa bootstrap CI clustered by PubChem compound; uncertainty is over the observed compound panel, not broader chemical space.
L1000 Phase2–Cigs Mce	l1000_phase2	cigs_mce	spearman	per_gene_population_zscore_dataset_cell_type	target_peer_normalized_rank	0.547943200760526	0.533533517739865	0.5604082293014279	bca	ok	0.95	2000	372	372	68	95% BCa bootstrap CI clustered by PubChem compound; uncertainty is over the observed compound panel, not broader chemical space.
L1000 Phase2–Sciplex	l1000_phase2	sciplex	spearman	per_gene_population_zscore_dataset_cell_type	delta_vs_source_peer_normalized_rank	0.2414343409027981	0.20649884957119036	0.2798019500339553	bca	ok	0.95	2000	2323	2323	83	95% BCa bootstrap CI clustered by PubChem compound; uncertainty is over the observed compound panel, not broader chemical space.
L1000 Phase2–Sciplex	l1000_phase2	sciplex	spearman	per_gene_population_zscore_dataset_cell_type	delta_vs_target_peer_normalized_rank	0.25363380532198376	0.21593619746020953	0.2867180393162794	bca	ok	0.95	2000	2323	2323	83	95% BCa bootstrap CI clustered by PubChem compound; uncertainty is over the observed compound panel, not broader chemical space.
L1000 Phase2–Sciplex	l1000_phase2	sciplex	spearman	per_gene_population_zscore_dataset_cell_type	observed_auroc	0.7686817445131642	0.7362895324884798	0.8020207929558006	bca	ok	0.95	2000	2323	2323	83	95% BCa bootstrap CI clustered by PubChem compound; uncertainty is over the observed compound panel, not broader chemical space.
L1000 Phase2–Sciplex	l1000_phase2	sciplex	spearman	per_gene_population_zscore_dataset_cell_type	observed_normalized_best_positive_rank	0.7690619208138463	0.7329056194119307	0.8007693316499791	bca	ok	0.95	2000	2323	2323	83	95% BCa bootstrap CI clustered by PubChem compound; uncertainty is over the observed compound panel, not broader chemical space.
L1000 Phase2–Sciplex	l1000_phase2	sciplex	spearman	per_gene_population_zscore_dataset_cell_type	observed_recall_at_1	0.06503759390656359	0.040700214129684074	0.09770788290091212	bca	ok	0.95	2000	2323	2323	83	95% BCa bootstrap CI clustered by PubChem compound; uncertainty is over the observed compound panel, not broader chemical space.
L1000 Phase2–Sciplex	l1000_phase2	sciplex	spearman	per_gene_population_zscore_dataset_cell_type	source_individual_corrected_percentile	0.6714719361268545	0.6417305260069005	0.7087227308554198	bca	ok	0.95	2000	2323	2323	83	95% BCa bootstrap CI clustered by PubChem compound; uncertainty is over the observed compound panel, not broader chemical space.
L1000 Phase2–Sciplex	l1000_phase2	sciplex	spearman	per_gene_population_zscore_dataset_cell_type	source_peer_normalized_rank	0.527627579911048	0.5194046080067649	0.5345816500147906	bca	ok	0.95	2000	2323	2323	83	95% BCa bootstrap CI clustered by PubChem compound; uncertainty is over the observed compound panel, not broader chemical space.
L1000 Phase2–Sciplex	l1000_phase2	sciplex	spearman	per_gene_population_zscore_dataset_cell_type	target_individual_corrected_percentile	0.759386624972167	0.7232183634512531	0.7931963152005223	bca	ok	0.95	2000	2323	2323	83	95% BCa bootstrap CI clustered by PubChem compound; uncertainty is over the observed compound panel, not broader chemical space.
L1000 Phase2–Sciplex	l1000_phase2	sciplex	spearman	per_gene_population_zscore_dataset_cell_type	target_peer_normalized_rank	0.5154281154918624	0.5114624696377621	0.5198686302668943	bca	ok	0.95	2000	2323	2323	83	95% BCa bootstrap CI clustered by PubChem compound; uncertainty is over the observed compound panel, not broader chemical space.
L1000 Phase2–Tahoe	l1000_phase2	tahoe	spearman	per_gene_population_zscore_dataset_cell_type	delta_vs_source_peer_normalized_rank	0.070475116251553	0.012587623906707797	0.12324983830906851	bca	ok	0.95	2000	1755	1755	110	95% BCa bootstrap CI clustered by PubChem compound; uncertainty is over the observed compound panel, not broader chemical space.
L1000 Phase2–Tahoe	l1000_phase2	tahoe	spearman	per_gene_population_zscore_dataset_cell_type	delta_vs_target_peer_normalized_rank	0.12169512889244938	0.07191969942179696	0.16591790614334465	bca	ok	0.95	2000	1755	1755	110	95% BCa bootstrap CI clustered by PubChem compound; uncertainty is over the observed compound panel, not broader chemical space.
L1000 Phase2–Tahoe	l1000_phase2	tahoe	spearman	per_gene_population_zscore_dataset_cell_type	observed_auroc	0.6248510424628286	0.5761203270347968	0.6690164900789529	bca	ok	0.95	2000	1755	1755	110	95% BCa bootstrap CI clustered by PubChem compound; uncertainty is over the observed compound panel, not broader chemical space.
L1000 Phase2–Tahoe	l1000_phase2	tahoe	spearman	per_gene_population_zscore_dataset_cell_type	observed_normalized_best_positive_rank	0.6256414097489443	0.5771931140378278	0.6689509019923626	bca	ok	0.95	2000	1755	1755	110	95% BCa bootstrap CI clustered by PubChem compound; uncertainty is over the observed compound panel, not broader chemical space.
L1000 Phase2–Tahoe	l1000_phase2	tahoe	spearman	per_gene_population_zscore_dataset_cell_type	observed_recall_at_1	0.035765679729404226	0.01922472322597016	0.06703538597880207	bca	ok	0.95	2000	1755	1755	110	95% BCa bootstrap CI clustered by PubChem compound; uncertainty is over the observed compound panel, not broader chemical space.
L1000 Phase2–Tahoe	l1000_phase2	tahoe	spearman	per_gene_population_zscore_dataset_cell_type	source_individual_corrected_percentile	0.5292982144637612	0.49112255387098624	0.573310678104474	bca	ok	0.95	2000	1755	1755	110	95% BCa bootstrap CI clustered by PubChem compound; uncertainty is over the observed compound panel, not broader chemical space.
L1000 Phase2–Tahoe	l1000_phase2	tahoe	spearman	per_gene_population_zscore_dataset_cell_type	source_peer_normalized_rank	0.5551662934973913	0.5364317144571781	0.5688283485037273	bca	ok	0.95	2000	1755	1755	110	95% BCa bootstrap CI clustered by PubChem compound; uncertainty is over the observed compound panel, not broader chemical space.
L1000 Phase2–Tahoe	l1000_phase2	tahoe	spearman	per_gene_population_zscore_dataset_cell_type	target_individual_corrected_percentile	0.6303960296621278	0.5856451338566708	0.6757974749947652	bca	ok	0.95	2000	1755	1755	110	95% BCa bootstrap CI clustered by PubChem compound; uncertainty is over the observed compound panel, not broader chemical space.
L1000 Phase2–Tahoe	l1000_phase2	tahoe	spearman	per_gene_population_zscore_dataset_cell_type	target_peer_normalized_rank	0.5039462808564948	0.4993005169539609	0.5078797684306114	bca	ok	0.95	2000	1755	1755	110	95% BCa bootstrap CI clustered by PubChem compound; uncertainty is over the observed compound panel, not broader chemical space.
Tahoe–Sciplex	tahoe	sciplex	spearman	per_gene_population_zscore_dataset_cell_type	delta_vs_source_peer_normalized_rank	0.16763416396704406	0.08394898936847567	0.26234932251488596	bca	ok	0.95	2000	223	223	23	95% BCa bootstrap CI clustered by PubChem compound; uncertainty is over the observed compound panel, not broader chemical space.
Tahoe–Sciplex	tahoe	sciplex	spearman	per_gene_population_zscore_dataset_cell_type	delta_vs_target_peer_normalized_rank	0.15837404286384377	0.07935705449753078	0.2543636272777838	bca	ok	0.95	2000	223	223	23	95% BCa bootstrap CI clustered by PubChem compound; uncertainty is over the observed compound panel, not broader chemical space.
Tahoe–Sciplex	tahoe	sciplex	spearman	per_gene_population_zscore_dataset_cell_type	observed_auroc	0.6629110516299215	0.5861612360022173	0.7599907629998865	bca	ok	0.95	2000	223	223	23	95% BCa bootstrap CI clustered by PubChem compound; uncertainty is over the observed compound panel, not broader chemical space.
Tahoe–Sciplex	tahoe	sciplex	spearman	per_gene_population_zscore_dataset_cell_type	observed_normalized_best_positive_rank	0.6634123102836647	0.5891739287664948	0.7548552782667876	bca	ok	0.95	2000	223	223	23	95% BCa bootstrap CI clustered by PubChem compound; uncertainty is over the observed compound panel, not broader chemical space.
Tahoe–Sciplex	tahoe	sciplex	spearman	per_gene_population_zscore_dataset_cell_type	observed_recall_at_1	0.08329070758738277	0.035635428477537236	0.16193234786273508	bca	ok	0.95	2000	223	223	23	95% BCa bootstrap CI clustered by PubChem compound; uncertainty is over the observed compound panel, not broader chemical space.
Tahoe–Sciplex	tahoe	sciplex	spearman	per_gene_population_zscore_dataset_cell_type	source_individual_corrected_percentile	0.6218055305408692	0.5732628607530726	0.7023088102007651	bca	ok	0.95	2000	223	223	23	95% BCa bootstrap CI clustered by PubChem compound; uncertainty is over the observed compound panel, not broader chemical space.
Tahoe–Sciplex	tahoe	sciplex	spearman	per_gene_population_zscore_dataset_cell_type	source_peer_normalized_rank	0.49577814631662054	0.4826405165898627	0.5082229416929619	bca	ok	0.95	2000	223	223	23	95% BCa bootstrap CI clustered by PubChem compound; uncertainty is over the observed compound panel, not broader chemical space.
Tahoe–Sciplex	tahoe	sciplex	spearman	per_gene_population_zscore_dataset_cell_type	target_individual_corrected_percentile	0.6642217182180045	0.5833574954190514	0.764896703675183	bca	ok	0.95	2000	223	223	23	95% BCa bootstrap CI clustered by PubChem compound; uncertainty is over the observed compound panel, not broader chemical space.
Tahoe–Sciplex	tahoe	sciplex	spearman	per_gene_population_zscore_dataset_cell_type	target_peer_normalized_rank	0.505038267419821	0.49515380456095215	0.5146893106760112	bca	ok	0.95	2000	223	223	23	95% BCa bootstrap CI clustered by PubChem compound; uncertainty is over the observed compound panel, not broader chemical space.
Cigs Mce–Cigs Tcm	cigs_mce	cigs_tcm	spearman	raw	delta_vs_source_peer_normalized_rank	-0.036556779404161	-0.0522027262296417	-0.0215534522954995	bca	ok	0.95	2000	11042	11042	974	95% BCa bootstrap CI clustered by PubChem compound; uncertainty is over the observed compound panel, not broader chemical space.
Cigs Mce–Cigs Tcm	cigs_mce	cigs_tcm	spearman	raw	delta_vs_target_peer_normalized_rank	0.0795918143673261	0.0650612233336554	0.0938118986405841	bca	ok	0.95	2000	11042	11042	974	95% BCa bootstrap CI clustered by PubChem compound; uncertainty is over the observed compound panel, not broader chemical space.
Cigs Mce–Cigs Tcm	cigs_mce	cigs_tcm	spearman	raw	observed_auroc	0.5806566198236685	0.5657183032327979	0.5953793917962271	bca	ok	0.95	2000	11042	11042	974	95% BCa bootstrap CI clustered by PubChem compound; uncertainty is over the observed compound panel, not broader chemical space.
Cigs Mce–Cigs Tcm	cigs_mce	cigs_tcm	spearman	raw	observed_normalized_best_positive_rank	0.5809382272884854	0.5653668313633577	0.5950968054755185	bca	ok	0.95	2000	11042	11042	974	95% BCa bootstrap CI clustered by PubChem compound; uncertainty is over the observed compound panel, not broader chemical space.
Cigs Mce–Cigs Tcm	cigs_mce	cigs_tcm	spearman	raw	observed_recall_at_1	0.0217191950157948	0.0157031358207128	0.0286474535466521	bca	ok	0.95	2000	11042	11042	974	95% BCa bootstrap CI clustered by PubChem compound; uncertainty is over the observed compound panel, not broader chemical space.
Cigs Mce–Cigs Tcm	cigs_mce	cigs_tcm	spearman	raw	source_individual_corrected_percentile	0.4552736367743444	0.4426796614736282	0.4680405858279099	bca	ok	0.95	2000	11042	11042	974	95% BCa bootstrap CI clustered by PubChem compound; uncertainty is over the observed compound panel, not broader chemical space.
Cigs Mce–Cigs Tcm	cigs_mce	cigs_tcm	spearman	raw	source_peer_normalized_rank	0.6174950066926462	0.6135901333834749	0.6211000506033706	bca	ok	0.95	2000	11042	11042	974	95% BCa bootstrap CI clustered by PubChem compound; uncertainty is over the observed compound panel, not broader chemical space.
Cigs Mce–Cigs Tcm	cigs_mce	cigs_tcm	spearman	raw	target_individual_corrected_percentile	0.5818377884214196	0.567459880159639	0.5958584953374266	bca	ok	0.95	2000	11042	11042	974	95% BCa bootstrap CI clustered by PubChem compound; uncertainty is over the observed compound panel, not broader chemical space.
Cigs Mce–Cigs Tcm	cigs_mce	cigs_tcm	spearman	raw	target_peer_normalized_rank	0.5013464129211592	0.5007109485443615	0.5021364266366273	bca	ok	0.95	2000	11042	11042	974	95% BCa bootstrap CI clustered by PubChem compound; uncertainty is over the observed compound panel, not broader chemical space.
L1000 Phase1–Cigs Mce	l1000_phase1	cigs_mce	spearman	raw	delta_vs_source_peer_normalized_rank	-0.1129313277039614	-0.1879383240906188	-0.0273822633696377	bca	ok	0.95	2000	855	855	124	95% BCa bootstrap CI clustered by PubChem compound; uncertainty is over the observed compound panel, not broader chemical space.
L1000 Phase1–Cigs Mce	l1000_phase1	cigs_mce	spearman	raw	delta_vs_target_peer_normalized_rank	0.086254800457882	0.0199681035025171	0.1627355178760688	bca	ok	0.95	2000	855	855	124	95% BCa bootstrap CI clustered by PubChem compound; uncertainty is over the observed compound panel, not broader chemical space.
L1000 Phase1–Cigs Mce	l1000_phase1	cigs_mce	spearman	raw	observed_auroc	0.6089582890928453	0.5439205864555732	0.692501697620024	bca	ok	0.95	2000	855	855	124	95% BCa bootstrap CI clustered by PubChem compound; uncertainty is over the observed compound panel, not broader chemical space.
L1000 Phase1–Cigs Mce	l1000_phase1	cigs_mce	spearman	raw	observed_normalized_best_positive_rank	0.617704934838595	0.5521994530196382	0.6928606082637518	bca	ok	0.95	2000	855	855	124	95% BCa bootstrap CI clustered by PubChem compound; uncertainty is over the observed compound panel, not broader chemical space.
L1000 Phase1–Cigs Mce	l1000_phase1	cigs_mce	spearman	raw	observed_recall_at_1	0.0658550983384686	0.0279952683007287	0.2170662327802553	bca	ok	0.95	2000	855	855	124	95% BCa bootstrap CI clustered by PubChem compound; uncertainty is over the observed compound panel, not broader chemical space.
L1000 Phase1–Cigs Mce	l1000_phase1	cigs_mce	spearman	raw	source_individual_corrected_percentile	0.3937942156584146	0.3440006492990851	0.4733462595391075	bca	ok	0.95	2000	855	855	124	95% BCa bootstrap CI clustered by PubChem compound; uncertainty is over the observed compound panel, not broader chemical space.
L1000 Phase1–Cigs Mce	l1000_phase1	cigs_mce	spearman	raw	source_peer_normalized_rank	0.7306362625425562	0.7071270133795372	0.7541856506300201	bca	ok	0.95	2000	855	855	124	95% BCa bootstrap CI clustered by PubChem compound; uncertainty is over the observed compound panel, not broader chemical space.
L1000 Phase1–Cigs Mce	l1000_phase1	cigs_mce	spearman	raw	target_individual_corrected_percentile	0.5955174377826872	0.5320028914655373	0.677235631010544	bca	ok	0.95	2000	855	855	124	95% BCa bootstrap CI clustered by PubChem compound; uncertainty is over the observed compound panel, not broader chemical space.
L1000 Phase1–Cigs Mce	l1000_phase1	cigs_mce	spearman	raw	target_peer_normalized_rank	0.5314501343807129	0.5281407057572578	0.5348768924889037	bca	ok	0.95	2000	855	855	124	95% BCa bootstrap CI clustered by PubChem compound; uncertainty is over the observed compound panel, not broader chemical space.
L1000 Phase1–L1000 Phase2	l1000_phase1	l1000_phase2	spearman	raw	delta_vs_source_peer_normalized_rank	0.1232991169438889	0.0748009055137431	0.1778449580556037	bca	ok	0.95	2000	21857	21576	257	95% BCa bootstrap CI clustered by PubChem compound; uncertainty is over the observed compound panel, not broader chemical space.
L1000 Phase1–L1000 Phase2	l1000_phase1	l1000_phase2	spearman	raw	delta_vs_target_peer_normalized_rank	0.2315191092425588	0.1950683841795957	0.2739456445454217	bca	ok	0.95	2000	21857	21442	257	95% BCa bootstrap CI clustered by PubChem compound; uncertainty is over the observed compound panel, not broader chemical space.
L1000 Phase1–L1000 Phase2	l1000_phase1	l1000_phase2	spearman	raw	observed_auroc	0.7588055379434724	0.7217943366575954	0.8049362049800315	bca	ok	0.95	2000	21857	21857	257	95% BCa bootstrap CI clustered by PubChem compound; uncertainty is over the observed compound panel, not broader chemical space.
L1000 Phase1–L1000 Phase2	l1000_phase1	l1000_phase2	spearman	raw	observed_normalized_best_positive_rank	0.7612883346530026	0.7275168399370889	0.8138855200531395	bca	ok	0.95	2000	21857	21857	257	95% BCa bootstrap CI clustered by PubChem compound; uncertainty is over the observed compound panel, not broader chemical space.
L1000 Phase1–L1000 Phase2	l1000_phase1	l1000_phase2	spearman	raw	observed_recall_at_1	0.242986429660081	0.178038322482023	0.3548788798630293	bca	ok	0.95	2000	21857	21857	257	95% BCa bootstrap CI clustered by PubChem compound; uncertainty is over the observed compound panel, not broader chemical space.
L1000 Phase1–L1000 Phase2	l1000_phase1	l1000_phase2	spearman	raw	source_individual_corrected_percentile	0.6360192972330514	0.5863207292819219	0.711288273860676	bca	ok	0.95	2000	21857	21576	257	95% BCa bootstrap CI clustered by PubChem compound; uncertainty is over the observed compound panel, not broader chemical space.
L1000 Phase1–L1000 Phase2	l1000_phase1	l1000_phase2	spearman	raw	source_peer_normalized_rank	0.6371652917137731	0.6229305768198768	0.6551257431998966	bca	ok	0.95	2000	21857	21576	257	95% BCa bootstrap CI clustered by PubChem compound; uncertainty is over the observed compound panel, not broader chemical space.
L1000 Phase1–L1000 Phase2	l1000_phase1	l1000_phase2	spearman	raw	target_individual_corrected_percentile	0.7564843025092234	0.7197071243034916	0.8044552194786593	bca	ok	0.95	2000	21857	21442	257	95% BCa bootstrap CI clustered by PubChem compound; uncertainty is over the observed compound panel, not broader chemical space.
L1000 Phase1–L1000 Phase2	l1000_phase1	l1000_phase2	spearman	raw	target_peer_normalized_rank	0.5263453068654982	0.518718240836001	0.532641871952101	bca	ok	0.95	2000	21857	21442	257	95% BCa bootstrap CI clustered by PubChem compound; uncertainty is over the observed compound panel, not broader chemical space.
L1000 Phase1–Sciplex	l1000_phase1	sciplex	spearman	raw	delta_vs_source_peer_normalized_rank	-0.0245067665406232	-0.0698392996432521	0.0203864055654077	bca	ok	0.95	2000	1897	1876	90	95% BCa bootstrap CI clustered by PubChem compound; uncertainty is over the observed compound panel, not broader chemical space.
L1000 Phase1–Sciplex	l1000_phase1	sciplex	spearman	raw	delta_vs_target_peer_normalized_rank	0.1325974127075992	0.0828683728240324	0.1783691770981623	bca	ok	0.95	2000	1897	1887	90	95% BCa bootstrap CI clustered by PubChem compound; uncertainty is over the observed compound panel, not broader chemical space.
L1000 Phase1–Sciplex	l1000_phase1	sciplex	spearman	raw	observed_auroc	0.6484763731107406	0.5937731054792101	0.6950508873785444	bca	ok	0.95	2000	1897	1897	90	95% BCa bootstrap CI clustered by PubChem compound; uncertainty is over the observed compound panel, not broader chemical space.
L1000 Phase1–Sciplex	l1000_phase1	sciplex	spearman	raw	observed_normalized_best_positive_rank	0.649070718270028	0.5986875533055799	0.6970962999350375	bca	ok	0.95	2000	1897	1897	90	95% BCa bootstrap CI clustered by PubChem compound; uncertainty is over the observed compound panel, not broader chemical space.
L1000 Phase1–Sciplex	l1000_phase1	sciplex	spearman	raw	observed_recall_at_1	0.0491606862542426	0.0274589545391261	0.0861554169256638	bca	ok	0.95	2000	1897	1897	90	95% BCa bootstrap CI clustered by PubChem compound; uncertainty is over the observed compound panel, not broader chemical space.
L1000 Phase1–Sciplex	l1000_phase1	sciplex	spearman	raw	source_individual_corrected_percentile	0.4545317115883266	0.4159243518269674	0.5012219004027534	bca	ok	0.95	2000	1897	1876	90	95% BCa bootstrap CI clustered by PubChem compound; uncertainty is over the observed compound panel, not broader chemical space.
L1000 Phase1–Sciplex	l1000_phase1	sciplex	spearman	raw	source_peer_normalized_rank	0.6747731349395603	0.6571545585825508	0.6884721555807655	bca	ok	0.95	2000	1897	1876	90	95% BCa bootstrap CI clustered by PubChem compound; uncertainty is over the observed compound panel, not broader chemical space.
L1000 Phase1–Sciplex	l1000_phase1	sciplex	spearman	raw	target_individual_corrected_percentile	0.6483813919005532	0.59916231770676	0.6965280863522714	bca	ok	0.95	2000	1897	1887	90	95% BCa bootstrap CI clustered by PubChem compound; uncertainty is over the observed compound panel, not broader chemical space.
L1000 Phase1–Sciplex	l1000_phase1	sciplex	spearman	raw	target_peer_normalized_rank	0.5175775506458764	0.5105932581499184	0.5236742763795472	bca	ok	0.95	2000	1897	1887	90	95% BCa bootstrap CI clustered by PubChem compound; uncertainty is over the observed compound panel, not broader chemical space.
L1000 Phase1–Tahoe	l1000_phase1	tahoe	spearman	raw	delta_vs_source_peer_normalized_rank	-0.1462697877947331	-0.2155247403644277	-0.0717586288127355	bca	ok	0.95	2000	692	675	86	95% BCa bootstrap CI clustered by PubChem compound; uncertainty is over the observed compound panel, not broader chemical space.
L1000 Phase1–Tahoe	l1000_phase1	tahoe	spearman	raw	delta_vs_target_peer_normalized_rank	0.1201280780893049	0.0492098443654523	0.1940075891644333	bca	ok	0.95	2000	692	687	86	95% BCa bootstrap CI clustered by PubChem compound; uncertainty is over the observed compound panel, not broader chemical space.
L1000 Phase1–Tahoe	l1000_phase1	tahoe	spearman	raw	observed_auroc	0.6390585937376507	0.5658684458288227	0.7133902185158402	bca	ok	0.95	2000	692	692	86	95% BCa bootstrap CI clustered by PubChem compound; uncertainty is over the observed compound panel, not broader chemical space.
L1000 Phase1–Tahoe	l1000_phase1	tahoe	spearman	raw	observed_normalized_best_positive_rank	0.6403006031431895	0.571327078414793	0.7166690900341722	bca	ok	0.95	2000	692	692	86	95% BCa bootstrap CI clustered by PubChem compound; uncertainty is over the observed compound panel, not broader chemical space.
L1000 Phase1–Tahoe	l1000_phase1	tahoe	spearman	raw	observed_recall_at_1	0.0691236066350952	0.0325818449931232	0.1318121330611592	bca	ok	0.95	2000	692	692	86	95% BCa bootstrap CI clustered by PubChem compound; uncertainty is over the observed compound panel, not broader chemical space.
L1000 Phase1–Tahoe	l1000_phase1	tahoe	spearman	raw	source_individual_corrected_percentile	0.3372908937806829	0.2830680606555139	0.429370748911251	bca	ok	0.95	2000	692	675	86	95% BCa bootstrap CI clustered by PubChem compound; uncertainty is over the observed compound panel, not broader chemical space.
L1000 Phase1–Tahoe	l1000_phase1	tahoe	spearman	raw	source_peer_normalized_rank	0.7808886970654061	0.7516459619531591	0.8040648064114746	bca	ok	0.95	2000	692	675	86	95% BCa bootstrap CI clustered by PubChem compound; uncertainty is over the observed compound panel, not broader chemical space.
L1000 Phase1–Tahoe	l1000_phase1	tahoe	spearman	raw	target_individual_corrected_percentile	0.6379790341166041	0.5669968589226608	0.7249073773725798	bca	ok	0.95	2000	692	687	86	95% BCa bootstrap CI clustered by PubChem compound; uncertainty is over the observed compound panel, not broader chemical space.
L1000 Phase1–Tahoe	l1000_phase1	tahoe	spearman	raw	target_peer_normalized_rank	0.5115410121403865	0.5012657332243841	0.5189748653912767	bca	ok	0.95	2000	692	687	86	95% BCa bootstrap CI clustered by PubChem compound; uncertainty is over the observed compound panel, not broader chemical space.
L1000 Phase2–Cigs Mce	l1000_phase2	cigs_mce	spearman	raw	delta_vs_source_peer_normalized_rank	0.1145741430112698	0.0344142822148164	0.1800101980074982	bca	ok	0.95	2000	372	372	68	95% BCa bootstrap CI clustered by PubChem compound; uncertainty is over the observed compound panel, not broader chemical space.
L1000 Phase2–Cigs Mce	l1000_phase2	cigs_mce	spearman	raw	delta_vs_target_peer_normalized_rank	0.2562879381896611	0.186123773680383	0.3054670939352051	bca	ok	0.95	2000	372	372	68	95% BCa bootstrap CI clustered by PubChem compound; uncertainty is over the observed compound panel, not broader chemical space.
L1000 Phase2–Cigs Mce	l1000_phase2	cigs_mce	spearman	raw	observed_auroc	0.8294723297451334	0.7563075108986183	0.8825535511175296	bca	ok	0.95	2000	372	372	68	95% BCa bootstrap CI clustered by PubChem compound; uncertainty is over the observed compound panel, not broader chemical space.
L1000 Phase2–Cigs Mce	l1000_phase2	cigs_mce	spearman	raw	observed_normalized_best_positive_rank	0.8296351201375926	0.7612756107138499	0.8815839475652482	bca	ok	0.95	2000	372	372	68	95% BCa bootstrap CI clustered by PubChem compound; uncertainty is over the observed compound panel, not broader chemical space.
L1000 Phase2–Cigs Mce	l1000_phase2	cigs_mce	spearman	raw	observed_recall_at_1	0.2281954887218045	0.1506149894964742	0.3231573341646245	bca	ok	0.95	2000	372	372	68	95% BCa bootstrap CI clustered by PubChem compound; uncertainty is over the observed compound panel, not broader chemical space.
L1000 Phase2–Cigs Mce	l1000_phase2	cigs_mce	spearman	raw	source_individual_corrected_percentile	0.5857289462502221	0.5183257545389134	0.6556063878417863	bca	ok	0.95	2000	372	372	68	95% BCa bootstrap CI clustered by PubChem compound; uncertainty is over the observed compound panel, not broader chemical space.
L1000 Phase2–Cigs Mce	l1000_phase2	cigs_mce	spearman	raw	source_peer_normalized_rank	0.7150609771263228	0.6931726787148963	0.7334815959279006	bca	ok	0.95	2000	372	372	68	95% BCa bootstrap CI clustered by PubChem compound; uncertainty is over the observed compound panel, not broader chemical space.
L1000 Phase2–Cigs Mce	l1000_phase2	cigs_mce	spearman	raw	target_individual_corrected_percentile	0.7988755921882487	0.7242411377752849	0.8616042749016709	bca	ok	0.95	2000	372	372	68	95% BCa bootstrap CI clustered by PubChem compound; uncertainty is over the observed compound panel, not broader chemical space.
L1000 Phase2–Cigs Mce	l1000_phase2	cigs_mce	spearman	raw	target_peer_normalized_rank	0.5733471819479314	0.5668308997252066	0.579130536189995	bca	ok	0.95	2000	372	372	68	95% BCa bootstrap CI clustered by PubChem compound; uncertainty is over the observed compound panel, not broader chemical space.
L1000 Phase2–Sciplex	l1000_phase2	sciplex	spearman	raw	delta_vs_source_peer_normalized_rank	0.0749899522067342	0.0301117774498575	0.1208857162406865	bca	ok	0.95	2000	2323	2323	83	95% BCa bootstrap CI clustered by PubChem compound; uncertainty is over the observed compound panel, not broader chemical space.
L1000 Phase2–Sciplex	l1000_phase2	sciplex	spearman	raw	delta_vs_target_peer_normalized_rank	0.1935000737024069	0.1524398636600252	0.2426166429767248	bca	ok	0.95	2000	2323	2323	83	95% BCa bootstrap CI clustered by PubChem compound; uncertainty is over the observed compound panel, not broader chemical space.
L1000 Phase2–Sciplex	l1000_phase2	sciplex	spearman	raw	observed_auroc	0.7002291280313198	0.6555231630997554	0.7444504411959202	bca	ok	0.95	2000	2323	2323	83	95% BCa bootstrap CI clustered by PubChem compound; uncertainty is over the observed compound panel, not broader chemical space.
L1000 Phase2–Sciplex	l1000_phase2	sciplex	spearman	raw	observed_normalized_best_positive_rank	0.7007177404830258	0.6575232053074326	0.7479808842694168	bca	ok	0.95	2000	2323	2323	83	95% BCa bootstrap CI clustered by PubChem compound; uncertainty is over the observed compound panel, not broader chemical space.
L1000 Phase2–Sciplex	l1000_phase2	sciplex	spearman	raw	observed_recall_at_1	0.063584444052498	0.0396453284344242	0.0967634213054928	bca	ok	0.95	2000	2323	2323	83	95% BCa bootstrap CI clustered by PubChem compound; uncertainty is over the observed compound panel, not broader chemical space.
L1000 Phase2–Sciplex	l1000_phase2	sciplex	spearman	raw	source_individual_corrected_percentile	0.550220017029671	0.5114397254925246	0.5978039146213054	bca	ok	0.95	2000	2323	2323	83	95% BCa bootstrap CI clustered by PubChem compound; uncertainty is over the observed compound panel, not broader chemical space.
L1000 Phase2–Sciplex	l1000_phase2	sciplex	spearman	raw	source_peer_normalized_rank	0.6257277882762915	0.6182736011307789	0.6326894523145883	bca	ok	0.95	2000	2323	2323	83	95% BCa bootstrap CI clustered by PubChem compound; uncertainty is over the observed compound panel, not broader chemical space.
L1000 Phase2–Sciplex	l1000_phase2	sciplex	spearman	raw	target_individual_corrected_percentile	0.7006391226936086	0.6582609011119429	0.7471308800355193	bca	ok	0.95	2000	2323	2323	83	95% BCa bootstrap CI clustered by PubChem compound; uncertainty is over the observed compound panel, not broader chemical space.
L1000 Phase2–Sciplex	l1000_phase2	sciplex	spearman	raw	target_peer_normalized_rank	0.507217666780619	0.5039063875416133	0.5109511402794904	bca	ok	0.95	2000	2323	2323	83	95% BCa bootstrap CI clustered by PubChem compound; uncertainty is over the observed compound panel, not broader chemical space.
L1000 Phase2–Tahoe	l1000_phase2	tahoe	spearman	raw	delta_vs_source_peer_normalized_rank	-0.1570440731948265	-0.2099837282595998	-0.0999933326804822	bca	ok	0.95	2000	1755	1755	110	95% BCa bootstrap CI clustered by PubChem compound; uncertainty is over the observed compound panel, not broader chemical space.
L1000 Phase2–Tahoe	l1000_phase2	tahoe	spearman	raw	delta_vs_target_peer_normalized_rank	0.1198562870080818	0.0743233702166737	0.162651561791573	bca	ok	0.95	2000	1755	1755	110	95% BCa bootstrap CI clustered by PubChem compound; uncertainty is over the observed compound panel, not broader chemical space.
L1000 Phase2–Tahoe	l1000_phase2	tahoe	spearman	raw	observed_auroc	0.6225706879156131	0.58066333455069	0.6640075577115725	bca	ok	0.95	2000	1755	1755	110	95% BCa bootstrap CI clustered by PubChem compound; uncertainty is over the observed compound panel, not broader chemical space.
L1000 Phase2–Tahoe	l1000_phase2	tahoe	spearman	raw	observed_normalized_best_positive_rank	0.6232755882460816	0.5793619858306587	0.666474285932614	bca	ok	0.95	2000	1755	1755	110	95% BCa bootstrap CI clustered by PubChem compound; uncertainty is over the observed compound panel, not broader chemical space.
L1000 Phase2–Tahoe	l1000_phase2	tahoe	spearman	raw	observed_recall_at_1	0.0255460940776082	0.010941684879923	0.0514336489996762	bca	ok	0.95	2000	1755	1755	110	95% BCa bootstrap CI clustered by PubChem compound; uncertainty is over the observed compound panel, not broader chemical space.
L1000 Phase2–Tahoe	l1000_phase2	tahoe	spearman	raw	source_individual_corrected_percentile	0.304793103131823	0.2692499677836905	0.3581411639928534	bca	ok	0.95	2000	1755	1755	110	95% BCa bootstrap CI clustered by PubChem compound; uncertainty is over the observed compound panel, not broader chemical space.
L1000 Phase2–Tahoe	l1000_phase2	tahoe	spearman	raw	source_peer_normalized_rank	0.7803196614409081	0.762433757831476	0.7920495913661593	bca	ok	0.95	2000	1755	1755	110	95% BCa bootstrap CI clustered by PubChem compound; uncertainty is over the observed compound panel, not broader chemical space.
L1000 Phase2–Tahoe	l1000_phase2	tahoe	spearman	raw	target_individual_corrected_percentile	0.6245463461539931	0.5801696861274451	0.6693436483681199	bca	ok	0.95	2000	1755	1755	110	95% BCa bootstrap CI clustered by PubChem compound; uncertainty is over the observed compound panel, not broader chemical space.
L1000 Phase2–Tahoe	l1000_phase2	tahoe	spearman	raw	target_peer_normalized_rank	0.5034193012379999	0.4990649882213766	0.5076255823771979	bca	ok	0.95	2000	1755	1755	110	95% BCa bootstrap CI clustered by PubChem compound; uncertainty is over the observed compound panel, not broader chemical space.
Tahoe–Sciplex	tahoe	sciplex	spearman	raw	delta_vs_source_peer_normalized_rank	-0.1243487224607717	-0.2034534733383358	-0.0324351567735837	bca	ok	0.95	2000	223	223	23	95% BCa bootstrap CI clustered by PubChem compound; uncertainty is over the observed compound panel, not broader chemical space.
Tahoe–Sciplex	tahoe	sciplex	spearman	raw	delta_vs_target_peer_normalized_rank	0.1649763438269537	0.0962141360370604	0.2535959882900271	bca	ok	0.95	2000	223	223	23	95% BCa bootstrap CI clustered by PubChem compound; uncertainty is over the observed compound panel, not broader chemical space.
Tahoe–Sciplex	tahoe	sciplex	spearman	raw	observed_auroc	0.664741601588281	0.5917468124557116	0.7544238647442874	bca	ok	0.95	2000	223	223	23	95% BCa bootstrap CI clustered by PubChem compound; uncertainty is over the observed compound panel, not broader chemical space.
Tahoe–Sciplex	tahoe	sciplex	spearman	raw	observed_normalized_best_positive_rank	0.665266858611572	0.5926939167019772	0.7531615405759213	bca	ok	0.95	2000	223	223	23	95% BCa bootstrap CI clustered by PubChem compound; uncertainty is over the observed compound panel, not broader chemical space.
Tahoe–Sciplex	tahoe	sciplex	spearman	raw	observed_recall_at_1	0.0511508951406649	0.0195920558239398	0.1260092357405747	bca	ok	0.95	2000	223	223	23	95% BCa bootstrap CI clustered by PubChem compound; uncertainty is over the observed compound panel, not broader chemical space.
Tahoe–Sciplex	tahoe	sciplex	spearman	raw	source_individual_corrected_percentile	0.3333405708583888	0.2672590429552399	0.4353995267376099	bca	ok	0.95	2000	223	223	23	95% BCa bootstrap CI clustered by PubChem compound; uncertainty is over the observed compound panel, not broader chemical space.
Tahoe–Sciplex	tahoe	sciplex	spearman	raw	source_peer_normalized_rank	0.7896155810723438	0.7613559910741725	0.8135589245144811	bca	ok	0.95	2000	223	223	23	95% BCa bootstrap CI clustered by PubChem compound; uncertainty is over the observed compound panel, not broader chemical space.
Tahoe–Sciplex	tahoe	sciplex	spearman	raw	target_individual_corrected_percentile	0.6688246621083364	0.5996708576254517	0.7588909712765591	bca	ok	0.95	2000	223	223	23	95% BCa bootstrap CI clustered by PubChem compound; uncertainty is over the observed compound panel, not broader chemical space.
Tahoe–Sciplex	tahoe	sciplex	spearman	raw	target_peer_normalized_rank	0.5002905147846183	0.4897624335844489	0.508832312954426	bca	ok	0.95	2000	223	223	23	95% BCa bootstrap CI clustered by PubChem compound; uncertainty is over the observed compound panel, not broader chemical space.
