dataset_a	dataset_b	scale_variant	summary_level	metric	value_col	mean	ci_low	ci_high	ci_half_width	ci_method	ci_status	ci_level	n_bootstrap_iterations	n_bootstrap_valid	n_rows	n_finite_rows	n_compounds	cluster_col	inner_strata	outer_strata	uncertainty_scope
cigs_mce	cigs_tcm	per_gene_population_zscore_dataset	w4_deg_dataset_pair	w4_observed_deg_lfc_spearman_sym_p05	mean_w4_observed_deg_lfc_spearman_sym_p05	0.3184748748040908	0.2665818219418375	0.3659019675474538	0.0496600728028081	bca	ok	0.95	2000	2000	1910	305	230	pubchem_cid			95% BCa bootstrap CI clustered by PubChem compound; uncertainty is over the observed compound panel, not broader chemical space.
cigs_mce	cigs_tcm	per_gene_population_zscore_dataset	w4_deg_dataset_pair	w4_source_centroid_deg_lfc_spearman_pair_p05	mean_w4_source_centroid_deg_lfc_spearman_pair_p05	0.2329774661648396	0.2011360071054279	0.2659945819290072	0.0324292874117896	bca	ok	0.95	2000	2000	1910	981	701	pubchem_cid			95% BCa bootstrap CI clustered by PubChem compound; uncertainty is over the observed compound panel, not broader chemical space.
cigs_mce	cigs_tcm	per_gene_population_zscore_dataset	w4_deg_dataset_pair	w4_delta_vs_source_centroid_deg_lfc_spearman_p05	mean_w4_delta_vs_source_centroid_deg_lfc_spearman_p05	0.0704710746611051	0.008629816091954	0.1307823707850948	0.0610762773465703	bca	ok	0.95	2000	2000	1910	305	230	pubchem_cid			95% BCa bootstrap CI clustered by PubChem compound; uncertainty is over the observed compound panel, not broader chemical space.
cigs_mce	cigs_tcm	per_gene_population_zscore_dataset	w4_deg_dataset_pair	w4_target_centroid_deg_lfc_spearman_pair_p05	mean_w4_target_centroid_deg_lfc_spearman_pair_p05	0.0547209249019086	0.0243379526206153	0.0882586551985947	0.0319603512889897	bca	ok	0.95	2000	2000	1910	972	697	pubchem_cid			95% BCa bootstrap CI clustered by PubChem compound; uncertainty is over the observed compound panel, not broader chemical space.
cigs_mce	cigs_tcm	per_gene_population_zscore_dataset	w4_deg_dataset_pair	w4_delta_vs_target_centroid_deg_lfc_spearman_p05	mean_w4_delta_vs_target_centroid_deg_lfc_spearman_p05	0.2530984300685305	0.1962697875513401	0.3088881852200863	0.0563091988343731	bca	ok	0.95	2000	2000	1910	305	230	pubchem_cid			95% BCa bootstrap CI clustered by PubChem compound; uncertainty is over the observed compound panel, not broader chemical space.
cigs_mce	cigs_tcm	per_gene_population_zscore_dataset	w4_deg_dataset_pair	w4_source_peer_deg_lfc_spearman_pair_p05	mean_w4_source_peer_deg_lfc_spearman_pair_p05	0.0296186682331699	0.0224714260057692	0.036022421754441	0.0067754978743358	bca	ok	0.95	2000	2000	1910	982	703	pubchem_cid			95% BCa bootstrap CI clustered by PubChem compound; uncertainty is over the observed compound panel, not broader chemical space.
cigs_mce	cigs_tcm	per_gene_population_zscore_dataset	w4_deg_dataset_pair	w4_delta_vs_source_peer_deg_lfc_spearman_p05	mean_w4_delta_vs_source_peer_deg_lfc_spearman_p05	0.2949850878681271	0.2430483858748922	0.345652368296833	0.0513019912109703	bca	ok	0.95	2000	2000	1910	305	230	pubchem_cid			95% BCa bootstrap CI clustered by PubChem compound; uncertainty is over the observed compound panel, not broader chemical space.
cigs_mce	cigs_tcm	per_gene_population_zscore_dataset	w4_deg_dataset_pair	w4_source_peer_deg_lfc_spearman_pair_p05_sd_score	mean_w4_source_peer_deg_lfc_spearman_pair_p05_sd_score	0.4681461077579592	0.4506980942509183	0.4854475008318139	0.0173747032904477	bca	ok	0.95	2000	2000	1910	982	703	pubchem_cid			95% BCa bootstrap CI clustered by PubChem compound; uncertainty is over the observed compound panel, not broader chemical space.
cigs_mce	cigs_tcm	per_gene_population_zscore_dataset	w4_deg_dataset_pair	w4_source_peer_deg_lfc_spearman_pair_p05_fraction_below_observed	mean_w4_source_peer_deg_lfc_spearman_pair_p05_fraction_below_observed	0.5807265147657841	0.556805650263646	0.6028171832430071	0.0230057664896805	bca	ok	0.95	2000	2000	1910	982	703	pubchem_cid			95% BCa bootstrap CI clustered by PubChem compound; uncertainty is over the observed compound panel, not broader chemical space.
cigs_mce	cigs_tcm	per_gene_population_zscore_dataset	w4_deg_dataset_pair	w4_source_peer_deg_lfc_spearman_pair_p05_corrected_percentile	mean_w4_source_peer_deg_lfc_spearman_pair_p05_corrected_percentile	0.5823958302991212	0.5599532098619008	0.6050080598897101	0.0225274250139046	bca	ok	0.95	2000	2000	1910	982	703	pubchem_cid			95% BCa bootstrap CI clustered by PubChem compound; uncertainty is over the observed compound panel, not broader chemical space.
cigs_mce	cigs_tcm	per_gene_population_zscore_dataset	w4_deg_dataset_pair	w4_target_peer_deg_lfc_spearman_pair_p05	mean_w4_target_peer_deg_lfc_spearman_pair_p05	0.0044691581846098	-0.0012684881826751	0.0105399679969931	0.0059042280898341	bca	ok	0.95	2000	2000	1910	982	703	pubchem_cid			95% BCa bootstrap CI clustered by PubChem compound; uncertainty is over the observed compound panel, not broader chemical space.
cigs_mce	cigs_tcm	per_gene_population_zscore_dataset	w4_deg_dataset_pair	w4_delta_vs_target_peer_deg_lfc_spearman_p05	mean_w4_delta_vs_target_peer_deg_lfc_spearman_p05	0.3231785479490229	0.2701746433458165	0.3721500725241922	0.0509877145891878	bca	ok	0.95	2000	2000	1910	305	230	pubchem_cid			95% BCa bootstrap CI clustered by PubChem compound; uncertainty is over the observed compound panel, not broader chemical space.
cigs_mce	cigs_tcm	per_gene_population_zscore_dataset	w4_deg_dataset_pair	w4_target_peer_deg_lfc_spearman_pair_p05_sd_score	mean_w4_target_peer_deg_lfc_spearman_pair_p05_sd_score	0.4325986633907657	0.4134895326756217	0.4516483539568046	0.0190794106405914	bca	ok	0.95	2000	2000	1910	982	703	pubchem_cid			95% BCa bootstrap CI clustered by PubChem compound; uncertainty is over the observed compound panel, not broader chemical space.
cigs_mce	cigs_tcm	per_gene_population_zscore_dataset	w4_deg_dataset_pair	w4_target_peer_deg_lfc_spearman_pair_p05_fraction_below_observed	mean_w4_target_peer_deg_lfc_spearman_pair_p05_fraction_below_observed	0.6018608388492872	0.577537934871775	0.6232932985853914	0.0228776818568082	bca	ok	0.95	2000	2000	1910	982	703	pubchem_cid			95% BCa bootstrap CI clustered by PubChem compound; uncertainty is over the observed compound panel, not broader chemical space.
cigs_mce	cigs_tcm	per_gene_population_zscore_dataset	w4_deg_dataset_pair	w4_target_peer_deg_lfc_spearman_pair_p05_corrected_percentile	mean_w4_target_peer_deg_lfc_spearman_pair_p05_corrected_percentile	0.603454447086416	0.5803541635939611	0.6251537618957658	0.0223997991509023	bca	ok	0.95	2000	2000	1910	982	703	pubchem_cid			95% BCa bootstrap CI clustered by PubChem compound; uncertainty is over the observed compound panel, not broader chemical space.
l1000_phase1	cigs_mce	per_gene_population_zscore_dataset	w4_deg_dataset_pair	w4_observed_deg_lfc_spearman_sym_p05	mean_w4_observed_deg_lfc_spearman_sym_p05	0.3085312152420105	0.2220480360726615	0.3822730689577525	0.0801125164425454	bca	ok	0.95	2000	2000	127	79	79	pubchem_cid			95% BCa bootstrap CI clustered by PubChem compound; uncertainty is over the observed compound panel, not broader chemical space.
l1000_phase1	cigs_mce	per_gene_population_zscore_dataset	w4_deg_dataset_pair	w4_source_centroid_deg_lfc_spearman_pair_p05	mean_w4_source_centroid_deg_lfc_spearman_pair_p05	0.4932947522465585	0.4279220586264908	0.5495246301062737	0.0608012857398914	bca	ok	0.95	2000	2000	127	123	120	pubchem_cid			95% BCa bootstrap CI clustered by PubChem compound; uncertainty is over the observed compound panel, not broader chemical space.
l1000_phase1	cigs_mce	per_gene_population_zscore_dataset	w4_deg_dataset_pair	w4_delta_vs_source_centroid_deg_lfc_spearman_p05	mean_w4_delta_vs_source_centroid_deg_lfc_spearman_p05	-0.1645306085797552	-0.2525703939625092	-0.0930207125873174	0.0797748406875959	bca	ok	0.95	2000	2000	127	79	79	pubchem_cid			95% BCa bootstrap CI clustered by PubChem compound; uncertainty is over the observed compound panel, not broader chemical space.
l1000_phase1	cigs_mce	per_gene_population_zscore_dataset	w4_deg_dataset_pair	w4_target_centroid_deg_lfc_spearman_pair_p05	mean_w4_target_centroid_deg_lfc_spearman_pair_p05	0.2482194601896756	0.1732307731609584	0.3154120434107236	0.0710906351248826	bca	ok	0.95	2000	2000	127	123	120	pubchem_cid			95% BCa bootstrap CI clustered by PubChem compound; uncertainty is over the observed compound panel, not broader chemical space.
l1000_phase1	cigs_mce	per_gene_population_zscore_dataset	w4_deg_dataset_pair	w4_delta_vs_target_centroid_deg_lfc_spearman_p05	mean_w4_delta_vs_target_centroid_deg_lfc_spearman_p05	-0.008758604372152	-0.1217424470128265	0.0720609884372026	0.0969017177250145	bca	ok	0.95	2000	2000	127	79	79	pubchem_cid			95% BCa bootstrap CI clustered by PubChem compound; uncertainty is over the observed compound panel, not broader chemical space.
l1000_phase1	cigs_mce	per_gene_population_zscore_dataset	w4_deg_dataset_pair	w4_source_peer_deg_lfc_spearman_pair_p05	mean_w4_source_peer_deg_lfc_spearman_pair_p05	0.1627670327855049	0.1297605374930667	0.1970487617772724	0.0336441121421028	bca	ok	0.95	2000	2000	127	124	121	pubchem_cid			95% BCa bootstrap CI clustered by PubChem compound; uncertainty is over the observed compound panel, not broader chemical space.
l1000_phase1	cigs_mce	per_gene_population_zscore_dataset	w4_deg_dataset_pair	w4_delta_vs_source_peer_deg_lfc_spearman_p05	mean_w4_delta_vs_source_peer_deg_lfc_spearman_p05	0.1881484585511061	0.1075491773391931	0.2555184478471496	0.0739846352539782	bca	ok	0.95	2000	2000	127	79	79	pubchem_cid			95% BCa bootstrap CI clustered by PubChem compound; uncertainty is over the observed compound panel, not broader chemical space.
l1000_phase1	cigs_mce	per_gene_population_zscore_dataset	w4_deg_dataset_pair	w4_source_peer_deg_lfc_spearman_pair_p05_sd_score	mean_w4_source_peer_deg_lfc_spearman_pair_p05_sd_score	0.3814897512739839	0.3487609156218104	0.4206809011889074	0.0359599927835485	bca	ok	0.95	2000	2000	127	124	121	pubchem_cid			95% BCa bootstrap CI clustered by PubChem compound; uncertainty is over the observed compound panel, not broader chemical space.
l1000_phase1	cigs_mce	per_gene_population_zscore_dataset	w4_deg_dataset_pair	w4_source_peer_deg_lfc_spearman_pair_p05_fraction_below_observed	mean_w4_source_peer_deg_lfc_spearman_pair_p05_fraction_below_observed	0.5331492286499997	0.4720594724878729	0.592656430736302	0.0602984791242145	bca	ok	0.95	2000	2000	127	124	121	pubchem_cid			95% BCa bootstrap CI clustered by PubChem compound; uncertainty is over the observed compound panel, not broader chemical space.
l1000_phase1	cigs_mce	per_gene_population_zscore_dataset	w4_deg_dataset_pair	w4_source_peer_deg_lfc_spearman_pair_p05_corrected_percentile	mean_w4_source_peer_deg_lfc_spearman_pair_p05_corrected_percentile	0.5380835293173516	0.4758438310924046	0.5977443549189052	0.0609502619132503	bca	ok	0.95	2000	2000	127	124	121	pubchem_cid			95% BCa bootstrap CI clustered by PubChem compound; uncertainty is over the observed compound panel, not broader chemical space.
l1000_phase1	cigs_mce	per_gene_population_zscore_dataset	w4_deg_dataset_pair	w4_target_peer_deg_lfc_spearman_pair_p05	mean_w4_target_peer_deg_lfc_spearman_pair_p05	0.0524355295158002	0.0285048845297592	0.0729774746162337	0.0222362950432372	bca	ok	0.95	2000	2000	127	124	121	pubchem_cid			95% BCa bootstrap CI clustered by PubChem compound; uncertainty is over the observed compound panel, not broader chemical space.
l1000_phase1	cigs_mce	per_gene_population_zscore_dataset	w4_deg_dataset_pair	w4_delta_vs_target_peer_deg_lfc_spearman_p05	mean_w4_delta_vs_target_peer_deg_lfc_spearman_p05	0.2384920902258529	0.1462534645267974	0.3081893248066539	0.0809679301399282	bca	ok	0.95	2000	2000	127	79	79	pubchem_cid			95% BCa bootstrap CI clustered by PubChem compound; uncertainty is over the observed compound panel, not broader chemical space.
l1000_phase1	cigs_mce	per_gene_population_zscore_dataset	w4_deg_dataset_pair	w4_target_peer_deg_lfc_spearman_pair_p05_sd_score	mean_w4_target_peer_deg_lfc_spearman_pair_p05_sd_score	0.3497499445830874	0.3107232081254763	0.3958780723470961	0.0425774321108098	bca	ok	0.95	2000	2000	127	124	121	pubchem_cid			95% BCa bootstrap CI clustered by PubChem compound; uncertainty is over the observed compound panel, not broader chemical space.
l1000_phase1	cigs_mce	per_gene_population_zscore_dataset	w4_deg_dataset_pair	w4_target_peer_deg_lfc_spearman_pair_p05_fraction_below_observed	mean_w4_target_peer_deg_lfc_spearman_pair_p05_fraction_below_observed	0.6348937597369361	0.5722325979515862	0.6920320994770275	0.0598997507627206	bca	ok	0.95	2000	2000	127	124	121	pubchem_cid			95% BCa bootstrap CI clustered by PubChem compound; uncertainty is over the observed compound panel, not broader chemical space.
l1000_phase1	cigs_mce	per_gene_population_zscore_dataset	w4_deg_dataset_pair	w4_target_peer_deg_lfc_spearman_pair_p05_corrected_percentile	mean_w4_target_peer_deg_lfc_spearman_pair_p05_corrected_percentile	0.6366022922616336	0.5728842352132498	0.6937354947278361	0.0604256297572931	bca	ok	0.95	2000	2000	127	124	121	pubchem_cid			95% BCa bootstrap CI clustered by PubChem compound; uncertainty is over the observed compound panel, not broader chemical space.
l1000_phase1	l1000_phase2	per_gene_population_zscore_dataset	w4_deg_dataset_pair	w4_observed_deg_lfc_spearman_sym_p05	mean_w4_observed_deg_lfc_spearman_sym_p05	0.3529871244712682	0.3136898483749613	0.3946370841440258	0.0404736178845322	bca	ok	0.95	2000	2000	1060	985	242	pubchem_cid			95% BCa bootstrap CI clustered by PubChem compound; uncertainty is over the observed compound panel, not broader chemical space.
l1000_phase1	l1000_phase2	per_gene_population_zscore_dataset	w4_deg_dataset_pair	w4_source_centroid_deg_lfc_spearman_pair_p05	mean_w4_source_centroid_deg_lfc_spearman_pair_p05	0.3799508215122784	0.3582063079550929	0.3987499847123687	0.0202718383786379	bca	ok	0.95	2000	2000	1060	1049	254	pubchem_cid			95% BCa bootstrap CI clustered by PubChem compound; uncertainty is over the observed compound panel, not broader chemical space.
l1000_phase1	l1000_phase2	per_gene_population_zscore_dataset	w4_deg_dataset_pair	w4_delta_vs_source_centroid_deg_lfc_spearman_p05	mean_w4_delta_vs_source_centroid_deg_lfc_spearman_p05	-0.035316820849318	-0.070359682189132	-0.0035289547532415	0.0334153637179452	bca	ok	0.95	2000	2000	1060	985	242	pubchem_cid			95% BCa bootstrap CI clustered by PubChem compound; uncertainty is over the observed compound panel, not broader chemical space.
l1000_phase1	l1000_phase2	per_gene_population_zscore_dataset	w4_deg_dataset_pair	w4_target_centroid_deg_lfc_spearman_pair_p05	mean_w4_target_centroid_deg_lfc_spearman_pair_p05	0.221901205408549	0.2005394691642413	0.2428539374252967	0.0211572341305276	bca	ok	0.95	2000	2000	1060	1052	255	pubchem_cid			95% BCa bootstrap CI clustered by PubChem compound; uncertainty is over the observed compound panel, not broader chemical space.
l1000_phase1	l1000_phase2	per_gene_population_zscore_dataset	w4_deg_dataset_pair	w4_delta_vs_target_centroid_deg_lfc_spearman_p05	mean_w4_delta_vs_target_centroid_deg_lfc_spearman_p05	0.1207689234564626	0.0906771276109851	0.1521447155679865	0.0307337939785006	bca	ok	0.95	2000	2000	1060	985	242	pubchem_cid			95% BCa bootstrap CI clustered by PubChem compound; uncertainty is over the observed compound panel, not broader chemical space.
l1000_phase1	l1000_phase2	per_gene_population_zscore_dataset	w4_deg_dataset_pair	w4_source_peer_deg_lfc_spearman_pair_p05	mean_w4_source_peer_deg_lfc_spearman_pair_p05	0.056085373734774	0.0477379536306702	0.0637680439788817	0.0080150451741057	bca	ok	0.95	2000	2000	1060	1049	254	pubchem_cid			95% BCa bootstrap CI clustered by PubChem compound; uncertainty is over the observed compound panel, not broader chemical space.
l1000_phase1	l1000_phase2	per_gene_population_zscore_dataset	w4_deg_dataset_pair	w4_delta_vs_source_peer_deg_lfc_spearman_p05	mean_w4_delta_vs_source_peer_deg_lfc_spearman_p05	0.2917710053910635	0.2542567049685458	0.3274674389169791	0.0366053669742166	bca	ok	0.95	2000	2000	1060	985	242	pubchem_cid			95% BCa bootstrap CI clustered by PubChem compound; uncertainty is over the observed compound panel, not broader chemical space.
l1000_phase1	l1000_phase2	per_gene_population_zscore_dataset	w4_deg_dataset_pair	w4_source_peer_deg_lfc_spearman_pair_p05_sd_score	mean_w4_source_peer_deg_lfc_spearman_pair_p05_sd_score	0.3531057772588561	0.3409400938305807	0.3649660902572941	0.0120129982133566	bca	ok	0.95	2000	2000	1060	1049	254	pubchem_cid			95% BCa bootstrap CI clustered by PubChem compound; uncertainty is over the observed compound panel, not broader chemical space.
l1000_phase1	l1000_phase2	per_gene_population_zscore_dataset	w4_deg_dataset_pair	w4_source_peer_deg_lfc_spearman_pair_p05_fraction_below_observed	mean_w4_source_peer_deg_lfc_spearman_pair_p05_fraction_below_observed	0.703450023176611	0.6758218233369311	0.7307051579947785	0.0274416673289237	bca	ok	0.95	2000	2000	1060	1049	254	pubchem_cid			95% BCa bootstrap CI clustered by PubChem compound; uncertainty is over the observed compound panel, not broader chemical space.
l1000_phase1	l1000_phase2	per_gene_population_zscore_dataset	w4_deg_dataset_pair	w4_source_peer_deg_lfc_spearman_pair_p05_corrected_percentile	mean_w4_source_peer_deg_lfc_spearman_pair_p05_corrected_percentile	0.7062262432233883	0.6783358294708185	0.7324987768556264	0.0270814736924039	bca	ok	0.95	2000	2000	1060	1049	254	pubchem_cid			95% BCa bootstrap CI clustered by PubChem compound; uncertainty is over the observed compound panel, not broader chemical space.
l1000_phase1	l1000_phase2	per_gene_population_zscore_dataset	w4_deg_dataset_pair	w4_target_peer_deg_lfc_spearman_pair_p05	mean_w4_target_peer_deg_lfc_spearman_pair_p05	0.0092233742284036	0.0033144243383436	0.0156698988068923	0.0061777372342743	bca	ok	0.95	2000	2000	1060	1052	255	pubchem_cid			95% BCa bootstrap CI clustered by PubChem compound; uncertainty is over the observed compound panel, not broader chemical space.
l1000_phase1	l1000_phase2	per_gene_population_zscore_dataset	w4_deg_dataset_pair	w4_delta_vs_target_peer_deg_lfc_spearman_p05	mean_w4_delta_vs_target_peer_deg_lfc_spearman_p05	0.337165606754943	0.302271616610904	0.3746993879286595	0.0362138856588777	bca	ok	0.95	2000	2000	1060	985	242	pubchem_cid			95% BCa bootstrap CI clustered by PubChem compound; uncertainty is over the observed compound panel, not broader chemical space.
l1000_phase1	l1000_phase2	per_gene_population_zscore_dataset	w4_deg_dataset_pair	w4_target_peer_deg_lfc_spearman_pair_p05_sd_score	mean_w4_target_peer_deg_lfc_spearman_pair_p05_sd_score	0.3334659876519324	0.3212852719148392	0.3461585423840032	0.0124366352345819	bca	ok	0.95	2000	2000	1060	1051	255	pubchem_cid			95% BCa bootstrap CI clustered by PubChem compound; uncertainty is over the observed compound panel, not broader chemical space.
l1000_phase1	l1000_phase2	per_gene_population_zscore_dataset	w4_deg_dataset_pair	w4_target_peer_deg_lfc_spearman_pair_p05_fraction_below_observed	mean_w4_target_peer_deg_lfc_spearman_pair_p05_fraction_below_observed	0.7434284731007357	0.7160534976260652	0.7711245337449117	0.0275355180594232	bca	ok	0.95	2000	2000	1060	1052	255	pubchem_cid			95% BCa bootstrap CI clustered by PubChem compound; uncertainty is over the observed compound panel, not broader chemical space.
l1000_phase1	l1000_phase2	per_gene_population_zscore_dataset	w4_deg_dataset_pair	w4_target_peer_deg_lfc_spearman_pair_p05_corrected_percentile	mean_w4_target_peer_deg_lfc_spearman_pair_p05_corrected_percentile	0.7457806563851578	0.7207070274338495	0.771780660778637	0.0255368166723937	bca	ok	0.95	2000	2000	1060	1052	255	pubchem_cid			95% BCa bootstrap CI clustered by PubChem compound; uncertainty is over the observed compound panel, not broader chemical space.
l1000_phase1	sciplex	per_gene_population_zscore_dataset	w4_deg_dataset_pair	w4_observed_deg_lfc_spearman_sym_p05	mean_w4_observed_deg_lfc_spearman_sym_p05	0.3298564425883666	0.2581489230425496	0.3974243989643966	0.0696377379609234	bca	ok	0.95	2000	2000	162	71	51	pubchem_cid			95% BCa bootstrap CI clustered by PubChem compound; uncertainty is over the observed compound panel, not broader chemical space.
l1000_phase1	sciplex	per_gene_population_zscore_dataset	w4_deg_dataset_pair	w4_source_centroid_deg_lfc_spearman_pair_p05	mean_w4_source_centroid_deg_lfc_spearman_pair_p05	0.3176961073521168	0.2503920565538661	0.3680049786247448	0.0588064610354393	bca	ok	0.95	2000	2000	162	147	87	pubchem_cid			95% BCa bootstrap CI clustered by PubChem compound; uncertainty is over the observed compound panel, not broader chemical space.
l1000_phase1	sciplex	per_gene_population_zscore_dataset	w4_deg_dataset_pair	w4_delta_vs_source_centroid_deg_lfc_spearman_p05	mean_w4_delta_vs_source_centroid_deg_lfc_spearman_p05	-0.0731765383776772	-0.1508147167507971	0.0027833066959546	0.0767990117233758	bca	ok	0.95	2000	2000	162	71	51	pubchem_cid			95% BCa bootstrap CI clustered by PubChem compound; uncertainty is over the observed compound panel, not broader chemical space.
l1000_phase1	sciplex	per_gene_population_zscore_dataset	w4_deg_dataset_pair	w4_target_centroid_deg_lfc_spearman_pair_p05	mean_w4_target_centroid_deg_lfc_spearman_pair_p05	0.1784176413970872	0.1272534450467052	0.2232323769849891	0.0479894659691419	bca	ok	0.95	2000	2000	162	147	87	pubchem_cid			95% BCa bootstrap CI clustered by PubChem compound; uncertainty is over the observed compound panel, not broader chemical space.
l1000_phase1	sciplex	per_gene_population_zscore_dataset	w4_deg_dataset_pair	w4_delta_vs_target_centroid_deg_lfc_spearman_p05	mean_w4_delta_vs_target_centroid_deg_lfc_spearman_p05	0.1088293204884776	0.020322324934919	0.1818044084619145	0.0807410417634977	bca	ok	0.95	2000	2000	162	71	51	pubchem_cid			95% BCa bootstrap CI clustered by PubChem compound; uncertainty is over the observed compound panel, not broader chemical space.
l1000_phase1	sciplex	per_gene_population_zscore_dataset	w4_deg_dataset_pair	w4_source_peer_deg_lfc_spearman_pair_p05	mean_w4_source_peer_deg_lfc_spearman_pair_p05	0.0262380227163945	0.015802770168157	0.0361104353663008	0.0101538325990719	bca	ok	0.95	2000	2000	162	147	87	pubchem_cid			95% BCa bootstrap CI clustered by PubChem compound; uncertainty is over the observed compound panel, not broader chemical space.
l1000_phase1	sciplex	per_gene_population_zscore_dataset	w4_deg_dataset_pair	w4_delta_vs_source_peer_deg_lfc_spearman_p05	mean_w4_delta_vs_source_peer_deg_lfc_spearman_p05	0.2853455638624971	0.2118177734153003	0.3487996994161382	0.0684909630004189	bca	ok	0.95	2000	2000	162	71	51	pubchem_cid			95% BCa bootstrap CI clustered by PubChem compound; uncertainty is over the observed compound panel, not broader chemical space.
l1000_phase1	sciplex	per_gene_population_zscore_dataset	w4_deg_dataset_pair	w4_source_peer_deg_lfc_spearman_pair_p05_sd_score	mean_w4_source_peer_deg_lfc_spearman_pair_p05_sd_score	0.3642053085387369	0.3403093768651145	0.392011531856387	0.0258510774956362	bca	ok	0.95	2000	2000	162	147	87	pubchem_cid			95% BCa bootstrap CI clustered by PubChem compound; uncertainty is over the observed compound panel, not broader chemical space.
l1000_phase1	sciplex	per_gene_population_zscore_dataset	w4_deg_dataset_pair	w4_source_peer_deg_lfc_spearman_pair_p05_fraction_below_observed	mean_w4_source_peer_deg_lfc_spearman_pair_p05_fraction_below_observed	0.6342863916658298	0.588977952354091	0.6760064478571514	0.0435142477515301	bca	ok	0.95	2000	2000	162	147	87	pubchem_cid			95% BCa bootstrap CI clustered by PubChem compound; uncertainty is over the observed compound panel, not broader chemical space.
l1000_phase1	sciplex	per_gene_population_zscore_dataset	w4_deg_dataset_pair	w4_source_peer_deg_lfc_spearman_pair_p05_corrected_percentile	mean_w4_source_peer_deg_lfc_spearman_pair_p05_corrected_percentile	0.6374738370192893	0.5928156417998713	0.682984300269658	0.0450843292348933	bca	ok	0.95	2000	2000	162	147	87	pubchem_cid			95% BCa bootstrap CI clustered by PubChem compound; uncertainty is over the observed compound panel, not broader chemical space.
l1000_phase1	sciplex	per_gene_population_zscore_dataset	w4_deg_dataset_pair	w4_target_peer_deg_lfc_spearman_pair_p05	mean_w4_target_peer_deg_lfc_spearman_pair_p05	0.0237214373645785	0.0153758597485339	0.0326608119519591	0.0086424761017126	bca	ok	0.95	2000	2000	162	147	87	pubchem_cid			95% BCa bootstrap CI clustered by PubChem compound; uncertainty is over the observed compound panel, not broader chemical space.
l1000_phase1	sciplex	per_gene_population_zscore_dataset	w4_deg_dataset_pair	w4_delta_vs_target_peer_deg_lfc_spearman_p05	mean_w4_delta_vs_target_peer_deg_lfc_spearman_p05	0.3080514468237477	0.230975455781466	0.3698047581865692	0.0694146512025516	bca	ok	0.95	2000	2000	162	71	51	pubchem_cid			95% BCa bootstrap CI clustered by PubChem compound; uncertainty is over the observed compound panel, not broader chemical space.
l1000_phase1	sciplex	per_gene_population_zscore_dataset	w4_deg_dataset_pair	w4_target_peer_deg_lfc_spearman_pair_p05_sd_score	mean_w4_target_peer_deg_lfc_spearman_pair_p05_sd_score	0.3019618866065421	0.2727753438473558	0.3377361600574878	0.032480408105066	bca	ok	0.95	2000	2000	162	147	87	pubchem_cid			95% BCa bootstrap CI clustered by PubChem compound; uncertainty is over the observed compound panel, not broader chemical space.
l1000_phase1	sciplex	per_gene_population_zscore_dataset	w4_deg_dataset_pair	w4_target_peer_deg_lfc_spearman_pair_p05_fraction_below_observed	mean_w4_target_peer_deg_lfc_spearman_pair_p05_fraction_below_observed	0.6550014722705527	0.6027169807817004	0.7042010134568435	0.0507420163375715	bca	ok	0.95	2000	2000	162	147	87	pubchem_cid			95% BCa bootstrap CI clustered by PubChem compound; uncertainty is over the observed compound panel, not broader chemical space.
l1000_phase1	sciplex	per_gene_population_zscore_dataset	w4_deg_dataset_pair	w4_target_peer_deg_lfc_spearman_pair_p05_corrected_percentile	mean_w4_target_peer_deg_lfc_spearman_pair_p05_corrected_percentile	0.6569545726273941	0.6047113174688159	0.7078354483900237	0.0515620654606038	bca	ok	0.95	2000	2000	162	147	87	pubchem_cid			95% BCa bootstrap CI clustered by PubChem compound; uncertainty is over the observed compound panel, not broader chemical space.
l1000_phase1	tahoe	per_gene_population_zscore_dataset	w4_deg_dataset_pair	w4_observed_deg_lfc_spearman_sym_p05	mean_w4_observed_deg_lfc_spearman_sym_p05	0.138889160517691	0.0386296204739636	0.2270205838517497	0.094195481688893	bca	ok	0.95	2000	2000	114	50	40	pubchem_cid			95% BCa bootstrap CI clustered by PubChem compound; uncertainty is over the observed compound panel, not broader chemical space.
l1000_phase1	tahoe	per_gene_population_zscore_dataset	w4_deg_dataset_pair	w4_source_centroid_deg_lfc_spearman_pair_p05	mean_w4_source_centroid_deg_lfc_spearman_pair_p05	0.2770883952695558	0.1979268527208675	0.3492345212130929	0.0756538342461127	bca	ok	0.95	2000	2000	114	105	80	pubchem_cid			95% BCa bootstrap CI clustered by PubChem compound; uncertainty is over the observed compound panel, not broader chemical space.
l1000_phase1	tahoe	per_gene_population_zscore_dataset	w4_deg_dataset_pair	w4_delta_vs_source_centroid_deg_lfc_spearman_p05	mean_w4_delta_vs_source_centroid_deg_lfc_spearman_p05	-0.1367774950731946	-0.2357843936292816	-0.0236763410403792	0.1060540262944512	bca	ok	0.95	2000	2000	114	50	40	pubchem_cid			95% BCa bootstrap CI clustered by PubChem compound; uncertainty is over the observed compound panel, not broader chemical space.
l1000_phase1	tahoe	per_gene_population_zscore_dataset	w4_deg_dataset_pair	w4_target_centroid_deg_lfc_spearman_pair_p05	mean_w4_target_centroid_deg_lfc_spearman_pair_p05	0.0235489033010859	-0.0510434413715034	0.1050724602377698	0.0780579508046366	bca	ok	0.95	2000	2000	114	106	80	pubchem_cid			95% BCa bootstrap CI clustered by PubChem compound; uncertainty is over the observed compound panel, not broader chemical space.
l1000_phase1	tahoe	per_gene_population_zscore_dataset	w4_deg_dataset_pair	w4_delta_vs_target_centroid_deg_lfc_spearman_p05	mean_w4_delta_vs_target_centroid_deg_lfc_spearman_p05	0.0892965338410337	-0.0337832123242491	0.2043120503812492	0.1190476313527491	bca	ok	0.95	2000	2000	114	50	40	pubchem_cid			95% BCa bootstrap CI clustered by PubChem compound; uncertainty is over the observed compound panel, not broader chemical space.
l1000_phase1	tahoe	per_gene_population_zscore_dataset	w4_deg_dataset_pair	w4_source_peer_deg_lfc_spearman_pair_p05	mean_w4_source_peer_deg_lfc_spearman_pair_p05	0.0316188049994619	0.0148378088212592	0.0492249428869254	0.017193567032833	bca	ok	0.95	2000	2000	114	105	80	pubchem_cid			95% BCa bootstrap CI clustered by PubChem compound; uncertainty is over the observed compound panel, not broader chemical space.
l1000_phase1	tahoe	per_gene_population_zscore_dataset	w4_deg_dataset_pair	w4_delta_vs_source_peer_deg_lfc_spearman_p05	mean_w4_delta_vs_source_peer_deg_lfc_spearman_p05	0.0897195842328283	-0.0103984627686054	0.1739043014830311	0.0921513821258182	bca	ok	0.95	2000	2000	114	50	40	pubchem_cid			95% BCa bootstrap CI clustered by PubChem compound; uncertainty is over the observed compound panel, not broader chemical space.
l1000_phase1	tahoe	per_gene_population_zscore_dataset	w4_deg_dataset_pair	w4_source_peer_deg_lfc_spearman_pair_p05_sd_score	mean_w4_source_peer_deg_lfc_spearman_pair_p05_sd_score	0.3986332296731363	0.3653869033165534	0.4384610496580053	0.0365370731707259	bca	ok	0.95	2000	2000	114	105	80	pubchem_cid			95% BCa bootstrap CI clustered by PubChem compound; uncertainty is over the observed compound panel, not broader chemical space.
l1000_phase1	tahoe	per_gene_population_zscore_dataset	w4_deg_dataset_pair	w4_source_peer_deg_lfc_spearman_pair_p05_fraction_below_observed	mean_w4_source_peer_deg_lfc_spearman_pair_p05_fraction_below_observed	0.561681489132034	0.5056381968073929	0.6181038835201985	0.0562328433564028	bca	ok	0.95	2000	2000	114	105	80	pubchem_cid			95% BCa bootstrap CI clustered by PubChem compound; uncertainty is over the observed compound panel, not broader chemical space.
l1000_phase1	tahoe	per_gene_population_zscore_dataset	w4_deg_dataset_pair	w4_source_peer_deg_lfc_spearman_pair_p05_corrected_percentile	mean_w4_source_peer_deg_lfc_spearman_pair_p05_corrected_percentile	0.5647287106526931	0.5070065301202326	0.6225145840630787	0.057754026971423	bca	ok	0.95	2000	2000	114	105	80	pubchem_cid			95% BCa bootstrap CI clustered by PubChem compound; uncertainty is over the observed compound panel, not broader chemical space.
l1000_phase1	tahoe	per_gene_population_zscore_dataset	w4_deg_dataset_pair	w4_target_peer_deg_lfc_spearman_pair_p05	mean_w4_target_peer_deg_lfc_spearman_pair_p05	0.0013016847503614	-0.0176925664848725	0.0196099241703165	0.0186512453275945	bca	ok	0.95	2000	2000	114	106	80	pubchem_cid			95% BCa bootstrap CI clustered by PubChem compound; uncertainty is over the observed compound panel, not broader chemical space.
l1000_phase1	tahoe	per_gene_population_zscore_dataset	w4_deg_dataset_pair	w4_delta_vs_target_peer_deg_lfc_spearman_p05	mean_w4_delta_vs_target_peer_deg_lfc_spearman_p05	0.1286841693165084	0.0188528940099689	0.2245622587205495	0.1028546823552902	bca	ok	0.95	2000	2000	114	50	40	pubchem_cid			95% BCa bootstrap CI clustered by PubChem compound; uncertainty is over the observed compound panel, not broader chemical space.
l1000_phase1	tahoe	per_gene_population_zscore_dataset	w4_deg_dataset_pair	w4_target_peer_deg_lfc_spearman_pair_p05_sd_score	mean_w4_target_peer_deg_lfc_spearman_pair_p05_sd_score	0.341505118592302	0.3003699049801047	0.3893825725833663	0.0445063338016308	bca	ok	0.95	2000	2000	114	106	80	pubchem_cid			95% BCa bootstrap CI clustered by PubChem compound; uncertainty is over the observed compound panel, not broader chemical space.
l1000_phase1	tahoe	per_gene_population_zscore_dataset	w4_deg_dataset_pair	w4_target_peer_deg_lfc_spearman_pair_p05_fraction_below_observed	mean_w4_target_peer_deg_lfc_spearman_pair_p05_fraction_below_observed	0.5939491950553419	0.5326112026778252	0.6616323387346701	0.0645105680284224	bca	ok	0.95	2000	2000	114	106	80	pubchem_cid			95% BCa bootstrap CI clustered by PubChem compound; uncertainty is over the observed compound panel, not broader chemical space.
l1000_phase1	tahoe	per_gene_population_zscore_dataset	w4_deg_dataset_pair	w4_target_peer_deg_lfc_spearman_pair_p05_corrected_percentile	mean_w4_target_peer_deg_lfc_spearman_pair_p05_corrected_percentile	0.5955580412649762	0.5318263795667447	0.6625113233910606	0.0653424719121579	bca	ok	0.95	2000	2000	114	106	80	pubchem_cid			95% BCa bootstrap CI clustered by PubChem compound; uncertainty is over the observed compound panel, not broader chemical space.
l1000_phase2	cigs_mce	per_gene_population_zscore_dataset	w4_deg_dataset_pair	w4_observed_deg_lfc_spearman_sym_p05	mean_w4_observed_deg_lfc_spearman_sym_p05	0.4110140581036851	0.3180613613921237	0.4818319777936972	0.0818853082007867	bca	ok	0.95	2000	2000	68	57	57	pubchem_cid			95% BCa bootstrap CI clustered by PubChem compound; uncertainty is over the observed compound panel, not broader chemical space.
l1000_phase2	cigs_mce	per_gene_population_zscore_dataset	w4_deg_dataset_pair	w4_source_centroid_deg_lfc_spearman_pair_p05	mean_w4_source_centroid_deg_lfc_spearman_pair_p05	0.4966573361648437	0.4262400468416925	0.5508816994229285	0.062320826290618	bca	ok	0.95	2000	2000	68	67	67	pubchem_cid			95% BCa bootstrap CI clustered by PubChem compound; uncertainty is over the observed compound panel, not broader chemical space.
l1000_phase2	cigs_mce	per_gene_population_zscore_dataset	w4_deg_dataset_pair	w4_delta_vs_source_centroid_deg_lfc_spearman_p05	mean_w4_delta_vs_source_centroid_deg_lfc_spearman_p05	-0.0717867989884012	-0.1707212792254644	0.0154461687982748	0.0930837240118696	bca	ok	0.95	2000	2000	68	57	57	pubchem_cid			95% BCa bootstrap CI clustered by PubChem compound; uncertainty is over the observed compound panel, not broader chemical space.
l1000_phase2	cigs_mce	per_gene_population_zscore_dataset	w4_deg_dataset_pair	w4_target_centroid_deg_lfc_spearman_pair_p05	mean_w4_target_centroid_deg_lfc_spearman_pair_p05	0.3037365666361561	0.2403012141415904	0.3534939729756475	0.0565963794170285	bca	ok	0.95	2000	2000	68	67	67	pubchem_cid			95% BCa bootstrap CI clustered by PubChem compound; uncertainty is over the observed compound panel, not broader chemical space.
l1000_phase2	cigs_mce	per_gene_population_zscore_dataset	w4_deg_dataset_pair	w4_delta_vs_target_centroid_deg_lfc_spearman_p05	mean_w4_delta_vs_target_centroid_deg_lfc_spearman_p05	0.0926410774044107	-0.0175449441664192	0.1586585529187111	0.0881017485425651	bca	ok	0.95	2000	2000	68	57	57	pubchem_cid			95% BCa bootstrap CI clustered by PubChem compound; uncertainty is over the observed compound panel, not broader chemical space.
l1000_phase2	cigs_mce	per_gene_population_zscore_dataset	w4_deg_dataset_pair	w4_source_peer_deg_lfc_spearman_pair_p05	mean_w4_source_peer_deg_lfc_spearman_pair_p05	0.1967148308557397	0.1712612335177519	0.2219715244825182	0.0253551454823831	bca	ok	0.95	2000	2000	68	67	67	pubchem_cid			95% BCa bootstrap CI clustered by PubChem compound; uncertainty is over the observed compound panel, not broader chemical space.
l1000_phase2	cigs_mce	per_gene_population_zscore_dataset	w4_deg_dataset_pair	w4_delta_vs_source_peer_deg_lfc_spearman_p05	mean_w4_delta_vs_source_peer_deg_lfc_spearman_p05	0.2311132084161169	0.1467977511035693	0.3011037108841263	0.0771529798902785	bca	ok	0.95	2000	2000	68	57	57	pubchem_cid			95% BCa bootstrap CI clustered by PubChem compound; uncertainty is over the observed compound panel, not broader chemical space.
l1000_phase2	cigs_mce	per_gene_population_zscore_dataset	w4_deg_dataset_pair	w4_source_peer_deg_lfc_spearman_pair_p05_sd_score	mean_w4_source_peer_deg_lfc_spearman_pair_p05_sd_score	0.3098610898289594	0.2857103307980618	0.3458972273597888	0.0300934482808634	bca	ok	0.95	2000	2000	68	67	67	pubchem_cid			95% BCa bootstrap CI clustered by PubChem compound; uncertainty is over the observed compound panel, not broader chemical space.
l1000_phase2	cigs_mce	per_gene_population_zscore_dataset	w4_deg_dataset_pair	w4_source_peer_deg_lfc_spearman_pair_p05_fraction_below_observed	mean_w4_source_peer_deg_lfc_spearman_pair_p05_fraction_below_observed	0.6303504593710149	0.5534864178368479	0.6927809848764143	0.0696472835197831	bca	ok	0.95	2000	2000	68	67	67	pubchem_cid			95% BCa bootstrap CI clustered by PubChem compound; uncertainty is over the observed compound panel, not broader chemical space.
l1000_phase2	cigs_mce	per_gene_population_zscore_dataset	w4_deg_dataset_pair	w4_source_peer_deg_lfc_spearman_pair_p05_corrected_percentile	mean_w4_source_peer_deg_lfc_spearman_pair_p05_corrected_percentile	0.6328736183667338	0.5607473494164698	0.6938093805266763	0.0665310155551032	bca	ok	0.95	2000	2000	68	67	67	pubchem_cid			95% BCa bootstrap CI clustered by PubChem compound; uncertainty is over the observed compound panel, not broader chemical space.
l1000_phase2	cigs_mce	per_gene_population_zscore_dataset	w4_deg_dataset_pair	w4_target_peer_deg_lfc_spearman_pair_p05	mean_w4_target_peer_deg_lfc_spearman_pair_p05	0.1076656594972746	0.0821781422661851	0.1298377323671884	0.0238297950505016	bca	ok	0.95	2000	2000	68	67	67	pubchem_cid			95% BCa bootstrap CI clustered by PubChem compound; uncertainty is over the observed compound panel, not broader chemical space.
l1000_phase2	cigs_mce	per_gene_population_zscore_dataset	w4_deg_dataset_pair	w4_delta_vs_target_peer_deg_lfc_spearman_p05	mean_w4_delta_vs_target_peer_deg_lfc_spearman_p05	0.286565868356867	0.2011399296251494	0.3477666719657344	0.0733133711702925	bca	ok	0.95	2000	2000	68	57	57	pubchem_cid			95% BCa bootstrap CI clustered by PubChem compound; uncertainty is over the observed compound panel, not broader chemical space.
l1000_phase2	cigs_mce	per_gene_population_zscore_dataset	w4_deg_dataset_pair	w4_target_peer_deg_lfc_spearman_pair_p05_sd_score	mean_w4_target_peer_deg_lfc_spearman_pair_p05_sd_score	0.2466737273800242	0.2175124104505094	0.2830636222688585	0.0327756059091745	bca	ok	0.95	2000	2000	68	67	67	pubchem_cid			95% BCa bootstrap CI clustered by PubChem compound; uncertainty is over the observed compound panel, not broader chemical space.
l1000_phase2	cigs_mce	per_gene_population_zscore_dataset	w4_deg_dataset_pair	w4_target_peer_deg_lfc_spearman_pair_p05_fraction_below_observed	mean_w4_target_peer_deg_lfc_spearman_pair_p05_fraction_below_observed	0.7899903898313709	0.7129456886368205	0.8437718634015378	0.0654130873823586	bca	ok	0.95	2000	2000	68	67	67	pubchem_cid			95% BCa bootstrap CI clustered by PubChem compound; uncertainty is over the observed compound panel, not broader chemical space.
l1000_phase2	cigs_mce	per_gene_population_zscore_dataset	w4_deg_dataset_pair	w4_target_peer_deg_lfc_spearman_pair_p05_corrected_percentile	mean_w4_target_peer_deg_lfc_spearman_pair_p05_corrected_percentile	0.7911316982048143	0.7173524117409241	0.844761889037694	0.0637047386483849	bca	ok	0.95	2000	2000	68	67	67	pubchem_cid			95% BCa bootstrap CI clustered by PubChem compound; uncertainty is over the observed compound panel, not broader chemical space.
l1000_phase2	sciplex	per_gene_population_zscore_dataset	w4_deg_dataset_pair	w4_observed_deg_lfc_spearman_sym_p05	mean_w4_observed_deg_lfc_spearman_sym_p05	0.4014226073980831	0.3243838912875544	0.4649606298417857	0.0702883692771156	bca	ok	0.95	2000	2000	127	65	51	pubchem_cid			95% BCa bootstrap CI clustered by PubChem compound; uncertainty is over the observed compound panel, not broader chemical space.
l1000_phase2	sciplex	per_gene_population_zscore_dataset	w4_deg_dataset_pair	w4_source_centroid_deg_lfc_spearman_pair_p05	mean_w4_source_centroid_deg_lfc_spearman_pair_p05	0.2417837142385863	0.1629126721826002	0.3010742512770631	0.0690807895472314	bca	ok	0.95	2000	2000	127	123	81	pubchem_cid			95% BCa bootstrap CI clustered by PubChem compound; uncertainty is over the observed compound panel, not broader chemical space.
l1000_phase2	sciplex	per_gene_population_zscore_dataset	w4_deg_dataset_pair	w4_delta_vs_source_centroid_deg_lfc_spearman_p05	mean_w4_delta_vs_source_centroid_deg_lfc_spearman_p05	-0.0271516058252384	-0.1082246530598548	0.0653729796945697	0.0867988163772122	bca	ok	0.95	2000	2000	127	65	51	pubchem_cid			95% BCa bootstrap CI clustered by PubChem compound; uncertainty is over the observed compound panel, not broader chemical space.
l1000_phase2	sciplex	per_gene_population_zscore_dataset	w4_deg_dataset_pair	w4_target_centroid_deg_lfc_spearman_pair_p05	mean_w4_target_centroid_deg_lfc_spearman_pair_p05	0.1069502918731153	0.0375378377242975	0.1681282244617563	0.0652951933687294	bca	ok	0.95	2000	2000	127	123	81	pubchem_cid			95% BCa bootstrap CI clustered by PubChem compound; uncertainty is over the observed compound panel, not broader chemical space.
l1000_phase2	sciplex	per_gene_population_zscore_dataset	w4_deg_dataset_pair	w4_delta_vs_target_centroid_deg_lfc_spearman_p05	mean_w4_delta_vs_target_centroid_deg_lfc_spearman_p05	0.1616279135953137	0.0738985625022239	0.2333007904244312	0.0797011139611036	bca	ok	0.95	2000	2000	127	65	51	pubchem_cid			95% BCa bootstrap CI clustered by PubChem compound; uncertainty is over the observed compound panel, not broader chemical space.
l1000_phase2	sciplex	per_gene_population_zscore_dataset	w4_deg_dataset_pair	w4_source_peer_deg_lfc_spearman_pair_p05	mean_w4_source_peer_deg_lfc_spearman_pair_p05	-0.0038515000029474	-0.0190318029257927	0.0116585984988668	0.0153452007123298	bca	ok	0.95	2000	2000	127	123	81	pubchem_cid			95% BCa bootstrap CI clustered by PubChem compound; uncertainty is over the observed compound panel, not broader chemical space.
l1000_phase2	sciplex	per_gene_population_zscore_dataset	w4_deg_dataset_pair	w4_delta_vs_source_peer_deg_lfc_spearman_p05	mean_w4_delta_vs_source_peer_deg_lfc_spearman_p05	0.3564052245511991	0.2777712234430112	0.4267615539863288	0.0744951652716588	bca	ok	0.95	2000	2000	127	65	51	pubchem_cid			95% BCa bootstrap CI clustered by PubChem compound; uncertainty is over the observed compound panel, not broader chemical space.
l1000_phase2	sciplex	per_gene_population_zscore_dataset	w4_deg_dataset_pair	w4_source_peer_deg_lfc_spearman_pair_p05_sd_score	mean_w4_source_peer_deg_lfc_spearman_pair_p05_sd_score	0.424170979513051	0.39017060746244	0.4643755657160409	0.0371024791268004	bca	ok	0.95	2000	2000	127	123	81	pubchem_cid			95% BCa bootstrap CI clustered by PubChem compound; uncertainty is over the observed compound panel, not broader chemical space.
l1000_phase2	sciplex	per_gene_population_zscore_dataset	w4_deg_dataset_pair	w4_source_peer_deg_lfc_spearman_pair_p05_fraction_below_observed	mean_w4_source_peer_deg_lfc_spearman_pair_p05_fraction_below_observed	0.6444622976210755	0.5979126946917236	0.6890831916470448	0.0455852484776606	bca	ok	0.95	2000	2000	127	123	81	pubchem_cid			95% BCa bootstrap CI clustered by PubChem compound; uncertainty is over the observed compound panel, not broader chemical space.
l1000_phase2	sciplex	per_gene_population_zscore_dataset	w4_deg_dataset_pair	w4_source_peer_deg_lfc_spearman_pair_p05_corrected_percentile	mean_w4_source_peer_deg_lfc_spearman_pair_p05_corrected_percentile	0.6458960180567346	0.5948361168268052	0.6886439426609327	0.0469039129170637	bca	ok	0.95	2000	2000	127	123	81	pubchem_cid			95% BCa bootstrap CI clustered by PubChem compound; uncertainty is over the observed compound panel, not broader chemical space.
l1000_phase2	sciplex	per_gene_population_zscore_dataset	w4_deg_dataset_pair	w4_target_peer_deg_lfc_spearman_pair_p05	mean_w4_target_peer_deg_lfc_spearman_pair_p05	0.0042468754057991	-0.0080700691009873	0.0140044046764594	0.0110372368887234	bca	ok	0.95	2000	2000	127	123	81	pubchem_cid			95% BCa bootstrap CI clustered by PubChem compound; uncertainty is over the observed compound panel, not broader chemical space.
l1000_phase2	sciplex	per_gene_population_zscore_dataset	w4_deg_dataset_pair	w4_delta_vs_target_peer_deg_lfc_spearman_p05	mean_w4_delta_vs_target_peer_deg_lfc_spearman_p05	0.379980051910046	0.3059543625153822	0.44554603050231	0.0697958339934639	bca	ok	0.95	2000	2000	127	65	51	pubchem_cid			95% BCa bootstrap CI clustered by PubChem compound; uncertainty is over the observed compound panel, not broader chemical space.
l1000_phase2	sciplex	per_gene_population_zscore_dataset	w4_deg_dataset_pair	w4_target_peer_deg_lfc_spearman_pair_p05_sd_score	mean_w4_target_peer_deg_lfc_spearman_pair_p05_sd_score	0.3702598845482857	0.33460490576397	0.4154845199155026	0.0404398070757663	bca	ok	0.95	2000	2000	127	123	81	pubchem_cid			95% BCa bootstrap CI clustered by PubChem compound; uncertainty is over the observed compound panel, not broader chemical space.
l1000_phase2	sciplex	per_gene_population_zscore_dataset	w4_deg_dataset_pair	w4_target_peer_deg_lfc_spearman_pair_p05_fraction_below_observed	mean_w4_target_peer_deg_lfc_spearman_pair_p05_fraction_below_observed	0.663098402537785	0.6088307707143781	0.7094941182479039	0.0503316737667629	bca	ok	0.95	2000	2000	127	123	81	pubchem_cid			95% BCa bootstrap CI clustered by PubChem compound; uncertainty is over the observed compound panel, not broader chemical space.
l1000_phase2	sciplex	per_gene_population_zscore_dataset	w4_deg_dataset_pair	w4_target_peer_deg_lfc_spearman_pair_p05_corrected_percentile	mean_w4_target_peer_deg_lfc_spearman_pair_p05_corrected_percentile	0.6648937350254338	0.6167197036802047	0.7121948521930483	0.0477375742564218	bca	ok	0.95	2000	2000	127	123	81	pubchem_cid			95% BCa bootstrap CI clustered by PubChem compound; uncertainty is over the observed compound panel, not broader chemical space.
l1000_phase2	tahoe	per_gene_population_zscore_dataset	w4_deg_dataset_pair	w4_observed_deg_lfc_spearman_sym_p05	mean_w4_observed_deg_lfc_spearman_sym_p05	0.0998967089489976	0.0232991293225571	0.1843369250175121	0.0805188978474774	bca	ok	0.95	2000	2000	134	77	63	pubchem_cid			95% BCa bootstrap CI clustered by PubChem compound; uncertainty is over the observed compound panel, not broader chemical space.
l1000_phase2	tahoe	per_gene_population_zscore_dataset	w4_deg_dataset_pair	w4_source_centroid_deg_lfc_spearman_pair_p05	mean_w4_source_centroid_deg_lfc_spearman_pair_p05	0.1175479029454419	0.0442007241987272	0.1843843910865987	0.0700918334439357	bca	ok	0.95	2000	2000	134	132	108	pubchem_cid			95% BCa bootstrap CI clustered by PubChem compound; uncertainty is over the observed compound panel, not broader chemical space.
l1000_phase2	tahoe	per_gene_population_zscore_dataset	w4_deg_dataset_pair	w4_delta_vs_source_centroid_deg_lfc_spearman_p05	mean_w4_delta_vs_source_centroid_deg_lfc_spearman_p05	-0.1459478775913464	-0.2655306930434178	-0.0332880027546203	0.1161213451443987	bca	ok	0.95	2000	2000	134	77	63	pubchem_cid			95% BCa bootstrap CI clustered by PubChem compound; uncertainty is over the observed compound panel, not broader chemical space.
l1000_phase2	tahoe	per_gene_population_zscore_dataset	w4_deg_dataset_pair	w4_target_centroid_deg_lfc_spearman_pair_p05	mean_w4_target_centroid_deg_lfc_spearman_pair_p05	0.0739004974134662	0.0170849584575191	0.134216822526652	0.0585659320345664	bca	ok	0.95	2000	2000	134	132	108	pubchem_cid			95% BCa bootstrap CI clustered by PubChem compound; uncertainty is over the observed compound panel, not broader chemical space.
l1000_phase2	tahoe	per_gene_population_zscore_dataset	w4_deg_dataset_pair	w4_delta_vs_target_centroid_deg_lfc_spearman_p05	mean_w4_delta_vs_target_centroid_deg_lfc_spearman_p05	0.0266214777207212	-0.078789356790657	0.1402103086523135	0.1094998327214852	bca	ok	0.95	2000	2000	134	77	63	pubchem_cid			95% BCa bootstrap CI clustered by PubChem compound; uncertainty is over the observed compound panel, not broader chemical space.
l1000_phase2	tahoe	per_gene_population_zscore_dataset	w4_deg_dataset_pair	w4_source_peer_deg_lfc_spearman_pair_p05	mean_w4_source_peer_deg_lfc_spearman_pair_p05	-0.0268022318818056	-0.0465425977049187	-0.0063335994879179	0.0201044991085003	bca	ok	0.95	2000	2000	134	132	108	pubchem_cid			95% BCa bootstrap CI clustered by PubChem compound; uncertainty is over the observed compound panel, not broader chemical space.
l1000_phase2	tahoe	per_gene_population_zscore_dataset	w4_deg_dataset_pair	w4_delta_vs_source_peer_deg_lfc_spearman_p05	mean_w4_delta_vs_source_peer_deg_lfc_spearman_p05	0.0710215754502699	-0.008517748330559	0.1589324673766624	0.0837251078536107	bca	ok	0.95	2000	2000	134	77	63	pubchem_cid			95% BCa bootstrap CI clustered by PubChem compound; uncertainty is over the observed compound panel, not broader chemical space.
l1000_phase2	tahoe	per_gene_population_zscore_dataset	w4_deg_dataset_pair	w4_source_peer_deg_lfc_spearman_pair_p05_sd_score	mean_w4_source_peer_deg_lfc_spearman_pair_p05_sd_score	0.4682367190679501	0.4359996989347385	0.5029951081002902	0.0334977045827758	bca	ok	0.95	2000	2000	134	132	108	pubchem_cid			95% BCa bootstrap CI clustered by PubChem compound; uncertainty is over the observed compound panel, not broader chemical space.
l1000_phase2	tahoe	per_gene_population_zscore_dataset	w4_deg_dataset_pair	w4_source_peer_deg_lfc_spearman_pair_p05_fraction_below_observed	mean_w4_source_peer_deg_lfc_spearman_pair_p05_fraction_below_observed	0.5942232585665204	0.5546307754818038	0.6324774669562481	0.0389233457372221	bca	ok	0.95	2000	2000	134	132	108	pubchem_cid			95% BCa bootstrap CI clustered by PubChem compound; uncertainty is over the observed compound panel, not broader chemical space.
l1000_phase2	tahoe	per_gene_population_zscore_dataset	w4_deg_dataset_pair	w4_source_peer_deg_lfc_spearman_pair_p05_corrected_percentile	mean_w4_source_peer_deg_lfc_spearman_pair_p05_corrected_percentile	0.5958021563931097	0.5579624437307091	0.6343798287905583	0.0382086925299245	bca	ok	0.95	2000	2000	134	132	108	pubchem_cid			95% BCa bootstrap CI clustered by PubChem compound; uncertainty is over the observed compound panel, not broader chemical space.
l1000_phase2	tahoe	per_gene_population_zscore_dataset	w4_deg_dataset_pair	w4_target_peer_deg_lfc_spearman_pair_p05	mean_w4_target_peer_deg_lfc_spearman_pair_p05	0.0284588790737875	0.0136023108422389	0.0425869749358579	0.0144923320468095	bca	ok	0.95	2000	2000	134	132	108	pubchem_cid			95% BCa bootstrap CI clustered by PubChem compound; uncertainty is over the observed compound panel, not broader chemical space.
l1000_phase2	tahoe	per_gene_population_zscore_dataset	w4_deg_dataset_pair	w4_delta_vs_target_peer_deg_lfc_spearman_p05	mean_w4_delta_vs_target_peer_deg_lfc_spearman_p05	0.0809529178884247	0.0024053336459125	0.159894576140783	0.0787446212474352	bca	ok	0.95	2000	2000	134	77	63	pubchem_cid			95% BCa bootstrap CI clustered by PubChem compound; uncertainty is over the observed compound panel, not broader chemical space.
l1000_phase2	tahoe	per_gene_population_zscore_dataset	w4_deg_dataset_pair	w4_target_peer_deg_lfc_spearman_pair_p05_sd_score	mean_w4_target_peer_deg_lfc_spearman_pair_p05_sd_score	0.4293916452777006	0.3915269713799382	0.4686378097622522	0.038555419191157	bca	ok	0.95	2000	2000	134	132	108	pubchem_cid			95% BCa bootstrap CI clustered by PubChem compound; uncertainty is over the observed compound panel, not broader chemical space.
l1000_phase2	tahoe	per_gene_population_zscore_dataset	w4_deg_dataset_pair	w4_target_peer_deg_lfc_spearman_pair_p05_fraction_below_observed	mean_w4_target_peer_deg_lfc_spearman_pair_p05_fraction_below_observed	0.5630064027769106	0.5198497850887954	0.604536711657589	0.0423434632843968	bca	ok	0.95	2000	2000	134	132	108	pubchem_cid			95% BCa bootstrap CI clustered by PubChem compound; uncertainty is over the observed compound panel, not broader chemical space.
l1000_phase2	tahoe	per_gene_population_zscore_dataset	w4_deg_dataset_pair	w4_target_peer_deg_lfc_spearman_pair_p05_corrected_percentile	mean_w4_target_peer_deg_lfc_spearman_pair_p05_corrected_percentile	0.56470676696844	0.5235784582634311	0.6055526270042042	0.0409870843703865	bca	ok	0.95	2000	2000	134	132	108	pubchem_cid			95% BCa bootstrap CI clustered by PubChem compound; uncertainty is over the observed compound panel, not broader chemical space.
tahoe	sciplex	per_gene_population_zscore_dataset	w4_deg_dataset_pair	w4_observed_deg_lfc_spearman_sym_p05	mean_w4_observed_deg_lfc_spearman_sym_p05	0.1763453711184459	0.0103659972029505	0.3240873455619261	0.1568606741794877	bca	ok	0.95	2000	2000	23	14	14	pubchem_cid			95% BCa bootstrap CI clustered by PubChem compound; uncertainty is over the observed compound panel, not broader chemical space.
tahoe	sciplex	per_gene_population_zscore_dataset	w4_deg_dataset_pair	w4_source_centroid_deg_lfc_spearman_pair_p05	mean_w4_source_centroid_deg_lfc_spearman_pair_p05	0.4007302740822091	0.2401112232924021	0.5295209322629301	0.144704854485264	bca	ok	0.95	2000	2000	23	23	23	pubchem_cid			95% BCa bootstrap CI clustered by PubChem compound; uncertainty is over the observed compound panel, not broader chemical space.
tahoe	sciplex	per_gene_population_zscore_dataset	w4_deg_dataset_pair	w4_delta_vs_source_centroid_deg_lfc_spearman_p05	mean_w4_delta_vs_source_centroid_deg_lfc_spearman_p05	-0.11987763853888	-0.3010242557247753	0.0790879568384527	0.190056106281614	bca	ok	0.95	2000	2000	23	14	14	pubchem_cid			95% BCa bootstrap CI clustered by PubChem compound; uncertainty is over the observed compound panel, not broader chemical space.
tahoe	sciplex	per_gene_population_zscore_dataset	w4_deg_dataset_pair	w4_target_centroid_deg_lfc_spearman_pair_p05	mean_w4_target_centroid_deg_lfc_spearman_pair_p05	0.0317498105979363	-0.0673755158892147	0.1504864751239275	0.1089309955065711	bca	ok	0.95	2000	2000	23	23	23	pubchem_cid			95% BCa bootstrap CI clustered by PubChem compound; uncertainty is over the observed compound panel, not broader chemical space.
tahoe	sciplex	per_gene_population_zscore_dataset	w4_deg_dataset_pair	w4_delta_vs_target_centroid_deg_lfc_spearman_p05	mean_w4_delta_vs_target_centroid_deg_lfc_spearman_p05	0.1637811732276384	-0.0377732690331878	0.3354352831643136	0.1866042760987507	bca	ok	0.95	2000	2000	23	14	14	pubchem_cid			95% BCa bootstrap CI clustered by PubChem compound; uncertainty is over the observed compound panel, not broader chemical space.
tahoe	sciplex	per_gene_population_zscore_dataset	w4_deg_dataset_pair	w4_source_peer_deg_lfc_spearman_pair_p05	mean_w4_source_peer_deg_lfc_spearman_pair_p05	0.0905137905285096	0.0661879657791878	0.1159568024582137	0.0248844183395129	bca	ok	0.95	2000	2000	23	23	23	pubchem_cid			95% BCa bootstrap CI clustered by PubChem compound; uncertainty is over the observed compound panel, not broader chemical space.
tahoe	sciplex	per_gene_population_zscore_dataset	w4_deg_dataset_pair	w4_delta_vs_source_peer_deg_lfc_spearman_p05	mean_w4_delta_vs_source_peer_deg_lfc_spearman_p05	0.1057479191751455	-0.0566160550296142	0.2465926432775923	0.1516043491536032	bca	ok	0.95	2000	2000	23	14	14	pubchem_cid			95% BCa bootstrap CI clustered by PubChem compound; uncertainty is over the observed compound panel, not broader chemical space.
tahoe	sciplex	per_gene_population_zscore_dataset	w4_deg_dataset_pair	w4_source_peer_deg_lfc_spearman_pair_p05_sd_score	mean_w4_source_peer_deg_lfc_spearman_pair_p05_sd_score	0.4278495932537104	0.3564160634134457	0.5154581610879716	0.0795210488372629	bca	ok	0.95	2000	2000	23	23	23	pubchem_cid			95% BCa bootstrap CI clustered by PubChem compound; uncertainty is over the observed compound panel, not broader chemical space.
tahoe	sciplex	per_gene_population_zscore_dataset	w4_deg_dataset_pair	w4_source_peer_deg_lfc_spearman_pair_p05_fraction_below_observed	mean_w4_source_peer_deg_lfc_spearman_pair_p05_fraction_below_observed	0.5448161940697225	0.4339140130808871	0.6511456747966269	0.1086158308578698	bca	ok	0.95	2000	2000	23	23	23	pubchem_cid			95% BCa bootstrap CI clustered by PubChem compound; uncertainty is over the observed compound panel, not broader chemical space.
tahoe	sciplex	per_gene_population_zscore_dataset	w4_deg_dataset_pair	w4_source_peer_deg_lfc_spearman_pair_p05_corrected_percentile	mean_w4_source_peer_deg_lfc_spearman_pair_p05_corrected_percentile	0.5468915081372334	0.4452115185439133	0.6588600617998407	0.1068242716279636	bca	ok	0.95	2000	2000	23	23	23	pubchem_cid			95% BCa bootstrap CI clustered by PubChem compound; uncertainty is over the observed compound panel, not broader chemical space.
tahoe	sciplex	per_gene_population_zscore_dataset	w4_deg_dataset_pair	w4_target_peer_deg_lfc_spearman_pair_p05	mean_w4_target_peer_deg_lfc_spearman_pair_p05	0.0033715096834415	-0.0192825161294796	0.0278418612256037	0.0235621886775417	bca	ok	0.95	2000	2000	23	23	23	pubchem_cid			95% BCa bootstrap CI clustered by PubChem compound; uncertainty is over the observed compound panel, not broader chemical space.
tahoe	sciplex	per_gene_population_zscore_dataset	w4_deg_dataset_pair	w4_delta_vs_target_peer_deg_lfc_spearman_p05	mean_w4_delta_vs_target_peer_deg_lfc_spearman_p05	0.1829013361317271	0.039339846850441	0.3292906752098105	0.1449754141796847	bca	ok	0.95	2000	2000	23	14	14	pubchem_cid			95% BCa bootstrap CI clustered by PubChem compound; uncertainty is over the observed compound panel, not broader chemical space.
tahoe	sciplex	per_gene_population_zscore_dataset	w4_deg_dataset_pair	w4_target_peer_deg_lfc_spearman_pair_p05_sd_score	mean_w4_target_peer_deg_lfc_spearman_pair_p05_sd_score	0.3689762482913187	0.2930400236441502	0.4636541100948205	0.0853070432253351	bca	ok	0.95	2000	2000	23	23	23	pubchem_cid			95% BCa bootstrap CI clustered by PubChem compound; uncertainty is over the observed compound panel, not broader chemical space.
tahoe	sciplex	per_gene_population_zscore_dataset	w4_deg_dataset_pair	w4_target_peer_deg_lfc_spearman_pair_p05_fraction_below_observed	mean_w4_target_peer_deg_lfc_spearman_pair_p05_fraction_below_observed	0.6458734957624338	0.5453643558352558	0.7443997145308169	0.0995176793477805	bca	ok	0.95	2000	2000	23	23	23	pubchem_cid			95% BCa bootstrap CI clustered by PubChem compound; uncertainty is over the observed compound panel, not broader chemical space.
tahoe	sciplex	per_gene_population_zscore_dataset	w4_deg_dataset_pair	w4_target_peer_deg_lfc_spearman_pair_p05_corrected_percentile	mean_w4_target_peer_deg_lfc_spearman_pair_p05_corrected_percentile	0.6475566185085347	0.5482380817547029	0.7401729164232356	0.0959674173342663	bca	ok	0.95	2000	2000	23	23	23	pubchem_cid			95% BCa bootstrap CI clustered by PubChem compound; uncertainty is over the observed compound panel, not broader chemical space.
cigs_mce	cigs_tcm	per_gene_population_zscore_dataset_cell_type	table_4_dataset_cell_type_dataset_pair	w4_observed_deg_lfc_spearman_sym_p05	mean_w4_observed_deg_lfc_spearman_sym_p05	0.30735532577789754	0.2557405517874786	0.3600655011018526	0.052162474657186986	bca	ok	0.95	2000	2000	1910	305	230	pubchem_cid			95% BCa bootstrap CI clustered by PubChem compound; uncertainty is over the observed compound panel, not broader chemical space.
cigs_mce	cigs_tcm	per_gene_population_zscore_dataset_cell_type	table_4_dataset_cell_type_dataset_pair	w4_source_centroid_deg_lfc_spearman_pair_p05	mean_w4_source_centroid_deg_lfc_spearman_pair_p05	-0.48969307378756605	-0.5272861177925029	-0.4525080743284358	0.03738902173203354	bca	ok	0.95	2000	2000	1910	981	701	pubchem_cid			95% BCa bootstrap CI clustered by PubChem compound; uncertainty is over the observed compound panel, not broader chemical space.
cigs_mce	cigs_tcm	per_gene_population_zscore_dataset_cell_type	table_4_dataset_cell_type_dataset_pair	w4_delta_vs_source_centroid_deg_lfc_spearman_p05	mean_w4_delta_vs_source_centroid_deg_lfc_spearman_p05	0.756373234714509	0.6913911065953063	0.8141984001855249	0.06140364679510929	bca	ok	0.95	2000	2000	1910	305	230	pubchem_cid			95% BCa bootstrap CI clustered by PubChem compound; uncertainty is over the observed compound panel, not broader chemical space.
cigs_mce	cigs_tcm	per_gene_population_zscore_dataset_cell_type	table_4_dataset_cell_type_dataset_pair	w4_target_centroid_deg_lfc_spearman_pair_p05	mean_w4_target_centroid_deg_lfc_spearman_pair_p05	-0.11106412405658858	-0.1439322837572477	-0.07814821162765002	0.03289203606479884	bca	ok	0.95	2000	2000	1910	972	697	pubchem_cid			95% BCa bootstrap CI clustered by PubChem compound; uncertainty is over the observed compound panel, not broader chemical space.
cigs_mce	cigs_tcm	per_gene_population_zscore_dataset_cell_type	table_4_dataset_cell_type_dataset_pair	w4_delta_vs_target_centroid_deg_lfc_spearman_p05	mean_w4_delta_vs_target_centroid_deg_lfc_spearman_p05	0.5252732923433745	0.43950545674257324	0.6045410008003135	0.08251777202887012	bca	ok	0.95	2000	2000	1910	305	230	pubchem_cid			95% BCa bootstrap CI clustered by PubChem compound; uncertainty is over the observed compound panel, not broader chemical space.
cigs_mce	cigs_tcm	per_gene_population_zscore_dataset_cell_type	table_4_dataset_cell_type_dataset_pair	w4_source_peer_deg_lfc_spearman_pair_p05	mean_w4_source_peer_deg_lfc_spearman_pair_p05	-0.007331264376740188	-0.011228094048621731	-0.0033956451709730487	0.003916224438824341	bca	ok	0.95	2000	2000	1910	982	703	pubchem_cid			95% BCa bootstrap CI clustered by PubChem compound; uncertainty is over the observed compound panel, not broader chemical space.
cigs_mce	cigs_tcm	per_gene_population_zscore_dataset_cell_type	table_4_dataset_cell_type_dataset_pair	w4_delta_vs_source_peer_deg_lfc_spearman_p05	mean_w4_delta_vs_source_peer_deg_lfc_spearman_p05	0.32696374486098373	0.2715256125900292	0.3819150367941784	0.05519471210207458	bca	ok	0.95	2000	2000	1910	305	230	pubchem_cid			95% BCa bootstrap CI clustered by PubChem compound; uncertainty is over the observed compound panel, not broader chemical space.
cigs_mce	cigs_tcm	per_gene_population_zscore_dataset_cell_type	table_4_dataset_cell_type_dataset_pair	w4_source_peer_deg_lfc_spearman_pair_p05_sd_score	mean_w4_source_peer_deg_lfc_spearman_pair_p05_sd_score	0.4710523939912018	0.4525704945107232	0.4884909749440443	0.017960240216660567	bca	ok	0.95	2000	2000	1910	982	703	pubchem_cid			95% BCa bootstrap CI clustered by PubChem compound; uncertainty is over the observed compound panel, not broader chemical space.
cigs_mce	cigs_tcm	per_gene_population_zscore_dataset_cell_type	table_4_dataset_cell_type_dataset_pair	w4_source_peer_deg_lfc_spearman_pair_p05_fraction_below_observed	mean_w4_source_peer_deg_lfc_spearman_pair_p05_fraction_below_observed	0.6067107451913656	0.5846966127309983	0.627177313144956	0.021240350206978842	bca	ok	0.95	2000	2000	1910	982	703	pubchem_cid			95% BCa bootstrap CI clustered by PubChem compound; uncertainty is over the observed compound panel, not broader chemical space.
cigs_mce	cigs_tcm	per_gene_population_zscore_dataset_cell_type	table_4_dataset_cell_type_dataset_pair	w4_source_peer_deg_lfc_spearman_pair_p05_corrected_percentile	mean_w4_source_peer_deg_lfc_spearman_pair_p05_corrected_percentile	0.6068114897771762	0.5854556886502225	0.6292911141875837	0.021917712768680597	bca	ok	0.95	2000	2000	1910	982	703	pubchem_cid			95% BCa bootstrap CI clustered by PubChem compound; uncertainty is over the observed compound panel, not broader chemical space.
cigs_mce	cigs_tcm	per_gene_population_zscore_dataset_cell_type	table_4_dataset_cell_type_dataset_pair	w4_target_peer_deg_lfc_spearman_pair_p05	mean_w4_target_peer_deg_lfc_spearman_pair_p05	-0.012441470673696968	-0.015889691742100073	-0.009000154493012044	0.0034447686245440146	bca	ok	0.95	2000	2000	1910	982	703	pubchem_cid			95% BCa bootstrap CI clustered by PubChem compound; uncertainty is over the observed compound panel, not broader chemical space.
cigs_mce	cigs_tcm	per_gene_population_zscore_dataset_cell_type	table_4_dataset_cell_type_dataset_pair	w4_delta_vs_target_peer_deg_lfc_spearman_p05	mean_w4_delta_vs_target_peer_deg_lfc_spearman_p05	0.32685128472162117	0.27019554137011875	0.37723106852821686	0.053517763579049055	bca	ok	0.95	2000	2000	1910	305	230	pubchem_cid			95% BCa bootstrap CI clustered by PubChem compound; uncertainty is over the observed compound panel, not broader chemical space.
cigs_mce	cigs_tcm	per_gene_population_zscore_dataset_cell_type	table_4_dataset_cell_type_dataset_pair	w4_target_peer_deg_lfc_spearman_pair_p05_sd_score	mean_w4_target_peer_deg_lfc_spearman_pair_p05_sd_score	0.43543421793524595	0.41671725608250365	0.45477902272932624	0.019030883323411296	bca	ok	0.95	2000	2000	1910	982	703	pubchem_cid			95% BCa bootstrap CI clustered by PubChem compound; uncertainty is over the observed compound panel, not broader chemical space.
cigs_mce	cigs_tcm	per_gene_population_zscore_dataset_cell_type	table_4_dataset_cell_type_dataset_pair	w4_target_peer_deg_lfc_spearman_pair_p05_fraction_below_observed	mean_w4_target_peer_deg_lfc_spearman_pair_p05_fraction_below_observed	0.6064194203676145	0.58325351666347	0.6290128593884946	0.02287967136251229	bca	ok	0.95	2000	2000	1910	982	703	pubchem_cid			95% BCa bootstrap CI clustered by PubChem compound; uncertainty is over the observed compound panel, not broader chemical space.
cigs_mce	cigs_tcm	per_gene_population_zscore_dataset_cell_type	table_4_dataset_cell_type_dataset_pair	w4_target_peer_deg_lfc_spearman_pair_p05_corrected_percentile	mean_w4_target_peer_deg_lfc_spearman_pair_p05_corrected_percentile	0.606543571991225	0.5829599115135552	0.6292419560830169	0.02314102228473086	bca	ok	0.95	2000	2000	1910	982	703	pubchem_cid			95% BCa bootstrap CI clustered by PubChem compound; uncertainty is over the observed compound panel, not broader chemical space.
l1000_phase1	cigs_mce	per_gene_population_zscore_dataset_cell_type	table_4_dataset_cell_type_dataset_pair	w4_observed_deg_lfc_spearman_sym_p05	mean_w4_observed_deg_lfc_spearman_sym_p05	0.28323862960959606	0.19428624629243654	0.35375129279436107	0.07973252325096226	bca	ok	0.95	2000	2000	127	79	79	pubchem_cid			95% BCa bootstrap CI clustered by PubChem compound; uncertainty is over the observed compound panel, not broader chemical space.
l1000_phase1	cigs_mce	per_gene_population_zscore_dataset_cell_type	table_4_dataset_cell_type_dataset_pair	w4_source_centroid_deg_lfc_spearman_pair_p05	mean_w4_source_centroid_deg_lfc_spearman_pair_p05	-0.08803790254714564	-0.16892234719073218	-0.005494558863720447	0.08171389416350587	bca	ok	0.95	2000	2000	127	123	120	pubchem_cid			95% BCa bootstrap CI clustered by PubChem compound; uncertainty is over the observed compound panel, not broader chemical space.
l1000_phase1	cigs_mce	per_gene_population_zscore_dataset_cell_type	table_4_dataset_cell_type_dataset_pair	w4_delta_vs_source_centroid_deg_lfc_spearman_p05	mean_w4_delta_vs_source_centroid_deg_lfc_spearman_p05	0.5391093741829381	0.4445814421085388	0.6143599082998534	0.08488923309565732	bca	ok	0.95	2000	2000	127	79	79	pubchem_cid			95% BCa bootstrap CI clustered by PubChem compound; uncertainty is over the observed compound panel, not broader chemical space.
l1000_phase1	cigs_mce	per_gene_population_zscore_dataset_cell_type	table_4_dataset_cell_type_dataset_pair	w4_target_centroid_deg_lfc_spearman_pair_p05	mean_w4_target_centroid_deg_lfc_spearman_pair_p05	0.1003865482950004	0.027643387407507533	0.17234478847057363	0.07235070053153306	bca	ok	0.95	2000	2000	127	123	120	pubchem_cid			95% BCa bootstrap CI clustered by PubChem compound; uncertainty is over the observed compound panel, not broader chemical space.
l1000_phase1	cigs_mce	per_gene_population_zscore_dataset_cell_type	table_4_dataset_cell_type_dataset_pair	w4_delta_vs_target_centroid_deg_lfc_spearman_p05	mean_w4_delta_vs_target_centroid_deg_lfc_spearman_p05	0.24653359966530458	0.11007474199923108	0.3593999398749144	0.12466259893784168	bca	ok	0.95	2000	2000	127	79	79	pubchem_cid			95% BCa bootstrap CI clustered by PubChem compound; uncertainty is over the observed compound panel, not broader chemical space.
l1000_phase1	cigs_mce	per_gene_population_zscore_dataset_cell_type	table_4_dataset_cell_type_dataset_pair	w4_source_peer_deg_lfc_spearman_pair_p05	mean_w4_source_peer_deg_lfc_spearman_pair_p05	0.03493316161660605	0.01583944086621564	0.05637499974176101	0.020267779437772686	bca	ok	0.95	2000	2000	127	124	121	pubchem_cid			95% BCa bootstrap CI clustered by PubChem compound; uncertainty is over the observed compound panel, not broader chemical space.
l1000_phase1	cigs_mce	per_gene_population_zscore_dataset_cell_type	table_4_dataset_cell_type_dataset_pair	w4_delta_vs_source_peer_deg_lfc_spearman_p05	mean_w4_delta_vs_source_peer_deg_lfc_spearman_p05	0.258987451317311	0.1716167260899312	0.3315722901358796	0.07997778202297419	bca	ok	0.95	2000	2000	127	79	79	pubchem_cid			95% BCa bootstrap CI clustered by PubChem compound; uncertainty is over the observed compound panel, not broader chemical space.
l1000_phase1	cigs_mce	per_gene_population_zscore_dataset_cell_type	table_4_dataset_cell_type_dataset_pair	w4_source_peer_deg_lfc_spearman_pair_p05_sd_score	mean_w4_source_peer_deg_lfc_spearman_pair_p05_sd_score	0.40114625651758107	0.3694272077611109	0.4398798801387862	0.035226336188837665	bca	ok	0.95	2000	2000	127	124	121	pubchem_cid			95% BCa bootstrap CI clustered by PubChem compound; uncertainty is over the observed compound panel, not broader chemical space.
l1000_phase1	cigs_mce	per_gene_population_zscore_dataset_cell_type	table_4_dataset_cell_type_dataset_pair	w4_source_peer_deg_lfc_spearman_pair_p05_fraction_below_observed	mean_w4_source_peer_deg_lfc_spearman_pair_p05_fraction_below_observed	0.5759106103939072	0.514841141347277	0.6375160772537999	0.06133746795326145	bca	ok	0.95	2000	2000	127	124	121	pubchem_cid			95% BCa bootstrap CI clustered by PubChem compound; uncertainty is over the observed compound panel, not broader chemical space.
l1000_phase1	cigs_mce	per_gene_population_zscore_dataset_cell_type	table_4_dataset_cell_type_dataset_pair	w4_source_peer_deg_lfc_spearman_pair_p05_corrected_percentile	mean_w4_source_peer_deg_lfc_spearman_pair_p05_corrected_percentile	0.5797478397424211	0.5118618301017778	0.6368560581574368	0.06249711402782954	bca	ok	0.95	2000	2000	127	124	121	pubchem_cid			95% BCa bootstrap CI clustered by PubChem compound; uncertainty is over the observed compound panel, not broader chemical space.
l1000_phase1	cigs_mce	per_gene_population_zscore_dataset_cell_type	table_4_dataset_cell_type_dataset_pair	w4_target_peer_deg_lfc_spearman_pair_p05	mean_w4_target_peer_deg_lfc_spearman_pair_p05	0.01046177465945847	0.0002441981026273744	0.02238258745777065	0.011069194677571639	bca	ok	0.95	2000	2000	127	124	121	pubchem_cid			95% BCa bootstrap CI clustered by PubChem compound; uncertainty is over the observed compound panel, not broader chemical space.
l1000_phase1	cigs_mce	per_gene_population_zscore_dataset_cell_type	table_4_dataset_cell_type_dataset_pair	w4_delta_vs_target_peer_deg_lfc_spearman_p05	mean_w4_delta_vs_target_peer_deg_lfc_spearman_p05	0.261251810313559	0.16826078449889492	0.3324694197084323	0.08210431760476869	bca	ok	0.95	2000	2000	127	79	79	pubchem_cid			95% BCa bootstrap CI clustered by PubChem compound; uncertainty is over the observed compound panel, not broader chemical space.
l1000_phase1	cigs_mce	per_gene_population_zscore_dataset_cell_type	table_4_dataset_cell_type_dataset_pair	w4_target_peer_deg_lfc_spearman_pair_p05_sd_score	mean_w4_target_peer_deg_lfc_spearman_pair_p05_sd_score	0.359133347982445	0.31991152085821456	0.40497147233658765	0.04252997573918654	bca	ok	0.95	2000	2000	127	124	121	pubchem_cid			95% BCa bootstrap CI clustered by PubChem compound; uncertainty is over the observed compound panel, not broader chemical space.
l1000_phase1	cigs_mce	per_gene_population_zscore_dataset_cell_type	table_4_dataset_cell_type_dataset_pair	w4_target_peer_deg_lfc_spearman_pair_p05_fraction_below_observed	mean_w4_target_peer_deg_lfc_spearman_pair_p05_fraction_below_observed	0.6101411441701313	0.5504191020921928	0.6752684196350549	0.06242465877143105	bca	ok	0.95	2000	2000	127	124	121	pubchem_cid			95% BCa bootstrap CI clustered by PubChem compound; uncertainty is over the observed compound panel, not broader chemical space.
l1000_phase1	cigs_mce	per_gene_population_zscore_dataset_cell_type	table_4_dataset_cell_type_dataset_pair	w4_target_peer_deg_lfc_spearman_pair_p05_corrected_percentile	mean_w4_target_peer_deg_lfc_spearman_pair_p05_corrected_percentile	0.6109929133922626	0.5462335808411498	0.6729701133533426	0.06336826625609637	bca	ok	0.95	2000	2000	127	124	121	pubchem_cid			95% BCa bootstrap CI clustered by PubChem compound; uncertainty is over the observed compound panel, not broader chemical space.
l1000_phase1	l1000_phase2	per_gene_population_zscore_dataset_cell_type	table_4_dataset_cell_type_dataset_pair	w4_observed_deg_lfc_spearman_sym_p05	mean_w4_observed_deg_lfc_spearman_sym_p05	0.330808028072045	0.29352349941148626	0.36932376611828105	0.0379001333533974	bca	ok	0.95	2000	2000	1060	985	242	pubchem_cid			95% BCa bootstrap CI clustered by PubChem compound; uncertainty is over the observed compound panel, not broader chemical space.
l1000_phase1	l1000_phase2	per_gene_population_zscore_dataset_cell_type	table_4_dataset_cell_type_dataset_pair	w4_source_centroid_deg_lfc_spearman_pair_p05	mean_w4_source_centroid_deg_lfc_spearman_pair_p05	0.2377088765130708	0.21139964142172865	0.25985418478152683	0.02422727167989909	bca	ok	0.95	2000	2000	1060	1049	254	pubchem_cid			95% BCa bootstrap CI clustered by PubChem compound; uncertainty is over the observed compound panel, not broader chemical space.
l1000_phase1	l1000_phase2	per_gene_population_zscore_dataset_cell_type	table_4_dataset_cell_type_dataset_pair	w4_delta_vs_source_centroid_deg_lfc_spearman_p05	mean_w4_delta_vs_source_centroid_deg_lfc_spearman_p05	0.07089479503241881	0.037699692856981104	0.10518837362544294	0.033744340384230916	bca	ok	0.95	2000	2000	1060	985	242	pubchem_cid			95% BCa bootstrap CI clustered by PubChem compound; uncertainty is over the observed compound panel, not broader chemical space.
l1000_phase1	l1000_phase2	per_gene_population_zscore_dataset_cell_type	table_4_dataset_cell_type_dataset_pair	w4_target_centroid_deg_lfc_spearman_pair_p05	mean_w4_target_centroid_deg_lfc_spearman_pair_p05	0.15787741875134403	0.13825346944616737	0.17873513806301883	0.02024083430842573	bca	ok	0.95	2000	2000	1060	1052	255	pubchem_cid			95% BCa bootstrap CI clustered by PubChem compound; uncertainty is over the observed compound panel, not broader chemical space.
l1000_phase1	l1000_phase2	per_gene_population_zscore_dataset_cell_type	table_4_dataset_cell_type_dataset_pair	w4_delta_vs_target_centroid_deg_lfc_spearman_p05	mean_w4_delta_vs_target_centroid_deg_lfc_spearman_p05	0.14938011934070433	0.11667914505335049	0.18556870584034751	0.03444478039349851	bca	ok	0.95	2000	2000	1060	985	242	pubchem_cid			95% BCa bootstrap CI clustered by PubChem compound; uncertainty is over the observed compound panel, not broader chemical space.
l1000_phase1	l1000_phase2	per_gene_population_zscore_dataset_cell_type	table_4_dataset_cell_type_dataset_pair	w4_source_peer_deg_lfc_spearman_pair_p05	mean_w4_source_peer_deg_lfc_spearman_pair_p05	-0.0020946260095380826	-0.007775613307192157	0.0038800487436576703	0.005827831025424913	bca	ok	0.95	2000	2000	1060	1049	254	pubchem_cid			95% BCa bootstrap CI clustered by PubChem compound; uncertainty is over the observed compound panel, not broader chemical space.
l1000_phase1	l1000_phase2	per_gene_population_zscore_dataset_cell_type	table_4_dataset_cell_type_dataset_pair	w4_delta_vs_source_peer_deg_lfc_spearman_p05	mean_w4_delta_vs_source_peer_deg_lfc_spearman_p05	0.3284931963132472	0.29047339100371	0.3660987042299843	0.03781265661313715	bca	ok	0.95	2000	2000	1060	985	242	pubchem_cid			95% BCa bootstrap CI clustered by PubChem compound; uncertainty is over the observed compound panel, not broader chemical space.
l1000_phase1	l1000_phase2	per_gene_population_zscore_dataset_cell_type	table_4_dataset_cell_type_dataset_pair	w4_source_peer_deg_lfc_spearman_pair_p05_sd_score	mean_w4_source_peer_deg_lfc_spearman_pair_p05_sd_score	0.3538341072376587	0.34185240650570836	0.3661601153576391	0.012153854425965366	bca	ok	0.95	2000	2000	1060	1049	254	pubchem_cid			95% BCa bootstrap CI clustered by PubChem compound; uncertainty is over the observed compound panel, not broader chemical space.
l1000_phase1	l1000_phase2	per_gene_population_zscore_dataset_cell_type	table_4_dataset_cell_type_dataset_pair	w4_source_peer_deg_lfc_spearman_pair_p05_fraction_below_observed	mean_w4_source_peer_deg_lfc_spearman_pair_p05_fraction_below_observed	0.7235252076850361	0.6970245391462075	0.7501516407443168	0.026563550799054647	bca	ok	0.95	2000	2000	1060	1049	254	pubchem_cid			95% BCa bootstrap CI clustered by PubChem compound; uncertainty is over the observed compound panel, not broader chemical space.
l1000_phase1	l1000_phase2	per_gene_population_zscore_dataset_cell_type	table_4_dataset_cell_type_dataset_pair	w4_source_peer_deg_lfc_spearman_pair_p05_corrected_percentile	mean_w4_source_peer_deg_lfc_spearman_pair_p05_corrected_percentile	0.7259389730857645	0.6995746592879981	0.750714921956045	0.025570131334023416	bca	ok	0.95	2000	2000	1060	1049	254	pubchem_cid			95% BCa bootstrap CI clustered by PubChem compound; uncertainty is over the observed compound panel, not broader chemical space.
l1000_phase1	l1000_phase2	per_gene_population_zscore_dataset_cell_type	table_4_dataset_cell_type_dataset_pair	w4_target_peer_deg_lfc_spearman_pair_p05	mean_w4_target_peer_deg_lfc_spearman_pair_p05	-0.021757516635868526	-0.0261444719895474	-0.017491319561184958	0.004326576214181222	bca	ok	0.95	2000	2000	1060	1052	255	pubchem_cid			95% BCa bootstrap CI clustered by PubChem compound; uncertainty is over the observed compound panel, not broader chemical space.
l1000_phase1	l1000_phase2	per_gene_population_zscore_dataset_cell_type	table_4_dataset_cell_type_dataset_pair	w4_delta_vs_target_peer_deg_lfc_spearman_p05	mean_w4_delta_vs_target_peer_deg_lfc_spearman_p05	0.34634578009760536	0.3102995492585301	0.3836175552118213	0.036659002976645594	bca	ok	0.95	2000	2000	1060	985	242	pubchem_cid			95% BCa bootstrap CI clustered by PubChem compound; uncertainty is over the observed compound panel, not broader chemical space.
l1000_phase1	l1000_phase2	per_gene_population_zscore_dataset_cell_type	table_4_dataset_cell_type_dataset_pair	w4_target_peer_deg_lfc_spearman_pair_p05_sd_score	mean_w4_target_peer_deg_lfc_spearman_pair_p05_sd_score	0.33414008321203725	0.3222513557718966	0.34704083722032864	0.012394740724216008	bca	ok	0.95	2000	2000	1060	1051	255	pubchem_cid			95% BCa bootstrap CI clustered by PubChem compound; uncertainty is over the observed compound panel, not broader chemical space.
l1000_phase1	l1000_phase2	per_gene_population_zscore_dataset_cell_type	table_4_dataset_cell_type_dataset_pair	w4_target_peer_deg_lfc_spearman_pair_p05_fraction_below_observed	mean_w4_target_peer_deg_lfc_spearman_pair_p05_fraction_below_observed	0.74512252469149	0.7199191275973357	0.7702870583715872	0.02518396538712575	bca	ok	0.95	2000	2000	1060	1052	255	pubchem_cid			95% BCa bootstrap CI clustered by PubChem compound; uncertainty is over the observed compound panel, not broader chemical space.
l1000_phase1	l1000_phase2	per_gene_population_zscore_dataset_cell_type	table_4_dataset_cell_type_dataset_pair	w4_target_peer_deg_lfc_spearman_pair_p05_corrected_percentile	mean_w4_target_peer_deg_lfc_spearman_pair_p05_corrected_percentile	0.7472621817704385	0.7209792823765709	0.7711162319588	0.025068474791114514	bca	ok	0.95	2000	2000	1060	1052	255	pubchem_cid			95% BCa bootstrap CI clustered by PubChem compound; uncertainty is over the observed compound panel, not broader chemical space.
l1000_phase1	sciplex	per_gene_population_zscore_dataset_cell_type	table_4_dataset_cell_type_dataset_pair	w4_observed_deg_lfc_spearman_sym_p05	mean_w4_observed_deg_lfc_spearman_sym_p05	0.3056155073855687	0.23312128882322378	0.37595928680337076	0.07141899899007349	bca	ok	0.95	2000	2000	162	71	51	pubchem_cid			95% BCa bootstrap CI clustered by PubChem compound; uncertainty is over the observed compound panel, not broader chemical space.
l1000_phase1	sciplex	per_gene_population_zscore_dataset_cell_type	table_4_dataset_cell_type_dataset_pair	w4_source_centroid_deg_lfc_spearman_pair_p05	mean_w4_source_centroid_deg_lfc_spearman_pair_p05	0.296892008391165	0.2378396480050789	0.3464924088777283	0.054326380436324706	bca	ok	0.95	2000	2000	162	147	87	pubchem_cid			95% BCa bootstrap CI clustered by PubChem compound; uncertainty is over the observed compound panel, not broader chemical space.
l1000_phase1	sciplex	per_gene_population_zscore_dataset_cell_type	table_4_dataset_cell_type_dataset_pair	w4_delta_vs_source_centroid_deg_lfc_spearman_p05	mean_w4_delta_vs_source_centroid_deg_lfc_spearman_p05	-0.057976367319262846	-0.1398182606763386	0.016011953353845705	0.07791510701509215	bca	ok	0.95	2000	2000	162	71	51	pubchem_cid			95% BCa bootstrap CI clustered by PubChem compound; uncertainty is over the observed compound panel, not broader chemical space.
l1000_phase1	sciplex	per_gene_population_zscore_dataset_cell_type	table_4_dataset_cell_type_dataset_pair	w4_target_centroid_deg_lfc_spearman_pair_p05	mean_w4_target_centroid_deg_lfc_spearman_pair_p05	0.16188938023971722	0.11263288207797828	0.20774449477533588	0.0475558063486788	bca	ok	0.95	2000	2000	162	147	87	pubchem_cid			95% BCa bootstrap CI clustered by PubChem compound; uncertainty is over the observed compound panel, not broader chemical space.
l1000_phase1	sciplex	per_gene_population_zscore_dataset_cell_type	table_4_dataset_cell_type_dataset_pair	w4_delta_vs_target_centroid_deg_lfc_spearman_p05	mean_w4_delta_vs_target_centroid_deg_lfc_spearman_p05	0.09288155012329175	0.016982131828148655	0.16781387075505932	0.07541586946345534	bca	ok	0.95	2000	2000	162	71	51	pubchem_cid			95% BCa bootstrap CI clustered by PubChem compound; uncertainty is over the observed compound panel, not broader chemical space.
l1000_phase1	sciplex	per_gene_population_zscore_dataset_cell_type	table_4_dataset_cell_type_dataset_pair	w4_source_peer_deg_lfc_spearman_pair_p05	mean_w4_source_peer_deg_lfc_spearman_pair_p05	-0.0014047102615574476	-0.011557319438197964	0.007224488255712342	0.009390903846955153	bca	ok	0.95	2000	2000	162	147	87	pubchem_cid			95% BCa bootstrap CI clustered by PubChem compound; uncertainty is over the observed compound panel, not broader chemical space.
l1000_phase1	sciplex	per_gene_population_zscore_dataset_cell_type	table_4_dataset_cell_type_dataset_pair	w4_delta_vs_source_peer_deg_lfc_spearman_p05	mean_w4_delta_vs_source_peer_deg_lfc_spearman_p05	0.2975101365728485	0.22793786667136415	0.36507251805256147	0.06856732569059866	bca	ok	0.95	2000	2000	162	71	51	pubchem_cid			95% BCa bootstrap CI clustered by PubChem compound; uncertainty is over the observed compound panel, not broader chemical space.
l1000_phase1	sciplex	per_gene_population_zscore_dataset_cell_type	table_4_dataset_cell_type_dataset_pair	w4_source_peer_deg_lfc_spearman_pair_p05_sd_score	mean_w4_source_peer_deg_lfc_spearman_pair_p05_sd_score	0.3631593586105922	0.3402460255966866	0.39316840527070673	0.02646118983701007	bca	ok	0.95	2000	2000	162	147	87	pubchem_cid			95% BCa bootstrap CI clustered by PubChem compound; uncertainty is over the observed compound panel, not broader chemical space.
l1000_phase1	sciplex	per_gene_population_zscore_dataset_cell_type	table_4_dataset_cell_type_dataset_pair	w4_source_peer_deg_lfc_spearman_pair_p05_fraction_below_observed	mean_w4_source_peer_deg_lfc_spearman_pair_p05_fraction_below_observed	0.639234584608477	0.595416572837838	0.6832455664617928	0.0439144968119774	bca	ok	0.95	2000	2000	162	147	87	pubchem_cid			95% BCa bootstrap CI clustered by PubChem compound; uncertainty is over the observed compound panel, not broader chemical space.
l1000_phase1	sciplex	per_gene_population_zscore_dataset_cell_type	table_4_dataset_cell_type_dataset_pair	w4_source_peer_deg_lfc_spearman_pair_p05_corrected_percentile	mean_w4_source_peer_deg_lfc_spearman_pair_p05_corrected_percentile	0.6412889518424115	0.5938985700288876	0.6827030314616992	0.04440223071640581	bca	ok	0.95	2000	2000	162	147	87	pubchem_cid			95% BCa bootstrap CI clustered by PubChem compound; uncertainty is over the observed compound panel, not broader chemical space.
l1000_phase1	sciplex	per_gene_population_zscore_dataset_cell_type	table_4_dataset_cell_type_dataset_pair	w4_target_peer_deg_lfc_spearman_pair_p05	mean_w4_target_peer_deg_lfc_spearman_pair_p05	0.010133816107353505	0.004964486674291764	0.015353163754818516	0.005194338540263376	bca	ok	0.95	2000	2000	162	147	87	pubchem_cid			95% BCa bootstrap CI clustered by PubChem compound; uncertainty is over the observed compound panel, not broader chemical space.
l1000_phase1	sciplex	per_gene_population_zscore_dataset_cell_type	table_4_dataset_cell_type_dataset_pair	w4_delta_vs_target_peer_deg_lfc_spearman_p05	mean_w4_delta_vs_target_peer_deg_lfc_spearman_p05	0.2971850368637743	0.22347108990455677	0.36681994363098114	0.07167442686321218	bca	ok	0.95	2000	2000	162	71	51	pubchem_cid			95% BCa bootstrap CI clustered by PubChem compound; uncertainty is over the observed compound panel, not broader chemical space.
l1000_phase1	sciplex	per_gene_population_zscore_dataset_cell_type	table_4_dataset_cell_type_dataset_pair	w4_target_peer_deg_lfc_spearman_pair_p05_sd_score	mean_w4_target_peer_deg_lfc_spearman_pair_p05_sd_score	0.3060839907391162	0.277370780125744	0.341693177039848	0.03216119845705198	bca	ok	0.95	2000	2000	162	147	87	pubchem_cid			95% BCa bootstrap CI clustered by PubChem compound; uncertainty is over the observed compound panel, not broader chemical space.
l1000_phase1	sciplex	per_gene_population_zscore_dataset_cell_type	table_4_dataset_cell_type_dataset_pair	w4_target_peer_deg_lfc_spearman_pair_p05_fraction_below_observed	mean_w4_target_peer_deg_lfc_spearman_pair_p05_fraction_below_observed	0.6502978411927316	0.5953928596182082	0.6989814263429621	0.05179428336237696	bca	ok	0.95	2000	2000	162	147	87	pubchem_cid			95% BCa bootstrap CI clustered by PubChem compound; uncertainty is over the observed compound panel, not broader chemical space.
l1000_phase1	sciplex	per_gene_population_zscore_dataset_cell_type	table_4_dataset_cell_type_dataset_pair	w4_target_peer_deg_lfc_spearman_pair_p05_corrected_percentile	mean_w4_target_peer_deg_lfc_spearman_pair_p05_corrected_percentile	0.6521116644077968	0.5997734214681533	0.701549005359734	0.05088779194579035	bca	ok	0.95	2000	2000	162	147	87	pubchem_cid			95% BCa bootstrap CI clustered by PubChem compound; uncertainty is over the observed compound panel, not broader chemical space.
l1000_phase1	tahoe	per_gene_population_zscore_dataset_cell_type	table_4_dataset_cell_type_dataset_pair	w4_observed_deg_lfc_spearman_sym_p05	mean_w4_observed_deg_lfc_spearman_sym_p05	0.11789339289631406	0.008490858117374312	0.2216891338808222	0.10659913788172394	bca	ok	0.95	2000	2000	114	50	40	pubchem_cid			95% BCa bootstrap CI clustered by PubChem compound; uncertainty is over the observed compound panel, not broader chemical space.
l1000_phase1	tahoe	per_gene_population_zscore_dataset_cell_type	table_4_dataset_cell_type_dataset_pair	w4_source_centroid_deg_lfc_spearman_pair_p05	mean_w4_source_centroid_deg_lfc_spearman_pair_p05	0.2322808455629844	0.15839698250929446	0.30322293781863435	0.07241297765466995	bca	ok	0.95	2000	2000	114	105	80	pubchem_cid			95% BCa bootstrap CI clustered by PubChem compound; uncertainty is over the observed compound panel, not broader chemical space.
l1000_phase1	tahoe	per_gene_population_zscore_dataset_cell_type	table_4_dataset_cell_type_dataset_pair	w4_delta_vs_source_centroid_deg_lfc_spearman_p05	mean_w4_delta_vs_source_centroid_deg_lfc_spearman_p05	-0.14531420489229238	-0.27905863434644423	-0.004354863259383829	0.1373518855435302	bca	ok	0.95	2000	2000	114	50	40	pubchem_cid			95% BCa bootstrap CI clustered by PubChem compound; uncertainty is over the observed compound panel, not broader chemical space.
l1000_phase1	tahoe	per_gene_population_zscore_dataset_cell_type	table_4_dataset_cell_type_dataset_pair	w4_target_centroid_deg_lfc_spearman_pair_p05	mean_w4_target_centroid_deg_lfc_spearman_pair_p05	0.034185982371137874	-0.04502496514566809	0.10869556812100112	0.0768602666333346	bca	ok	0.95	2000	2000	114	106	80	pubchem_cid			95% BCa bootstrap CI clustered by PubChem compound; uncertainty is over the observed compound panel, not broader chemical space.
l1000_phase1	tahoe	per_gene_population_zscore_dataset_cell_type	table_4_dataset_cell_type_dataset_pair	w4_delta_vs_target_centroid_deg_lfc_spearman_p05	mean_w4_delta_vs_target_centroid_deg_lfc_spearman_p05	0.09680482464126966	-0.05640416648812423	0.21073769083225105	0.13357092866018763	bca	ok	0.95	2000	2000	114	50	40	pubchem_cid			95% BCa bootstrap CI clustered by PubChem compound; uncertainty is over the observed compound panel, not broader chemical space.
l1000_phase1	tahoe	per_gene_population_zscore_dataset_cell_type	table_4_dataset_cell_type_dataset_pair	w4_source_peer_deg_lfc_spearman_pair_p05	mean_w4_source_peer_deg_lfc_spearman_pair_p05	-0.0037962031078210765	-0.0141770610108131	0.00585092041732057	0.010013990714066836	bca	ok	0.95	2000	2000	114	105	80	pubchem_cid			95% BCa bootstrap CI clustered by PubChem compound; uncertainty is over the observed compound panel, not broader chemical space.
l1000_phase1	tahoe	per_gene_population_zscore_dataset_cell_type	table_4_dataset_cell_type_dataset_pair	w4_delta_vs_source_peer_deg_lfc_spearman_p05	mean_w4_delta_vs_source_peer_deg_lfc_spearman_p05	0.11788512134950721	-0.001535548151958457	0.21667984201979057	0.1091076950858745	bca	ok	0.95	2000	2000	114	50	40	pubchem_cid			95% BCa bootstrap CI clustered by PubChem compound; uncertainty is over the observed compound panel, not broader chemical space.
l1000_phase1	tahoe	per_gene_population_zscore_dataset_cell_type	table_4_dataset_cell_type_dataset_pair	w4_source_peer_deg_lfc_spearman_pair_p05_sd_score	mean_w4_source_peer_deg_lfc_spearman_pair_p05_sd_score	0.40342085581243503	0.3684781827582075	0.44293655314505803	0.037229185193425274	bca	ok	0.95	2000	2000	114	105	80	pubchem_cid			95% BCa bootstrap CI clustered by PubChem compound; uncertainty is over the observed compound panel, not broader chemical space.
l1000_phase1	tahoe	per_gene_population_zscore_dataset_cell_type	table_4_dataset_cell_type_dataset_pair	w4_source_peer_deg_lfc_spearman_pair_p05_fraction_below_observed	mean_w4_source_peer_deg_lfc_spearman_pair_p05_fraction_below_observed	0.6079143490938431	0.5454133334491144	0.6698152072529442	0.062200936901914916	bca	ok	0.95	2000	2000	114	105	80	pubchem_cid			95% BCa bootstrap CI clustered by PubChem compound; uncertainty is over the observed compound panel, not broader chemical space.
l1000_phase1	tahoe	per_gene_population_zscore_dataset_cell_type	table_4_dataset_cell_type_dataset_pair	w4_source_peer_deg_lfc_spearman_pair_p05_corrected_percentile	mean_w4_source_peer_deg_lfc_spearman_pair_p05_corrected_percentile	0.6095572085217571	0.549053671437463	0.6708933537796108	0.06091984117107391	bca	ok	0.95	2000	2000	114	105	80	pubchem_cid			95% BCa bootstrap CI clustered by PubChem compound; uncertainty is over the observed compound panel, not broader chemical space.
l1000_phase1	tahoe	per_gene_population_zscore_dataset_cell_type	table_4_dataset_cell_type_dataset_pair	w4_target_peer_deg_lfc_spearman_pair_p05	mean_w4_target_peer_deg_lfc_spearman_pair_p05	0.006666868063159479	-0.0042282713118703494	0.016037659235463225	0.010132965273666788	bca	ok	0.95	2000	2000	114	106	80	pubchem_cid			95% BCa bootstrap CI clustered by PubChem compound; uncertainty is over the observed compound panel, not broader chemical space.
l1000_phase1	tahoe	per_gene_population_zscore_dataset_cell_type	table_4_dataset_cell_type_dataset_pair	w4_delta_vs_target_peer_deg_lfc_spearman_p05	mean_w4_delta_vs_target_peer_deg_lfc_spearman_p05	0.11250624998524227	-0.0012960007064873177	0.21951156133794827	0.11040378102221779	bca	ok	0.95	2000	2000	114	50	40	pubchem_cid			95% BCa bootstrap CI clustered by PubChem compound; uncertainty is over the observed compound panel, not broader chemical space.
l1000_phase1	tahoe	per_gene_population_zscore_dataset_cell_type	table_4_dataset_cell_type_dataset_pair	w4_target_peer_deg_lfc_spearman_pair_p05_sd_score	mean_w4_target_peer_deg_lfc_spearman_pair_p05_sd_score	0.3491031223096645	0.30776499106367483	0.3990739678362484	0.04565448838628677	bca	ok	0.95	2000	2000	114	106	80	pubchem_cid			95% BCa bootstrap CI clustered by PubChem compound; uncertainty is over the observed compound panel, not broader chemical space.
l1000_phase1	tahoe	per_gene_population_zscore_dataset_cell_type	table_4_dataset_cell_type_dataset_pair	w4_target_peer_deg_lfc_spearman_pair_p05_fraction_below_observed	mean_w4_target_peer_deg_lfc_spearman_pair_p05_fraction_below_observed	0.6046302102772586	0.5388213629340564	0.6698427875786934	0.06551071232231853	bca	ok	0.95	2000	2000	114	106	80	pubchem_cid			95% BCa bootstrap CI clustered by PubChem compound; uncertainty is over the observed compound panel, not broader chemical space.
l1000_phase1	tahoe	per_gene_population_zscore_dataset_cell_type	table_4_dataset_cell_type_dataset_pair	w4_target_peer_deg_lfc_spearman_pair_p05_corrected_percentile	mean_w4_target_peer_deg_lfc_spearman_pair_p05_corrected_percentile	0.605544234390706	0.5384660202685462	0.670415240238581	0.06597460998501742	bca	ok	0.95	2000	2000	114	106	80	pubchem_cid			95% BCa bootstrap CI clustered by PubChem compound; uncertainty is over the observed compound panel, not broader chemical space.
l1000_phase2	cigs_mce	per_gene_population_zscore_dataset_cell_type	table_4_dataset_cell_type_dataset_pair	w4_observed_deg_lfc_spearman_sym_p05	mean_w4_observed_deg_lfc_spearman_sym_p05	0.39915910193148274	0.3070556251502403	0.4697729566604508	0.08135866575510525	bca	ok	0.95	2000	2000	68	57	57	pubchem_cid			95% BCa bootstrap CI clustered by PubChem compound; uncertainty is over the observed compound panel, not broader chemical space.
l1000_phase2	cigs_mce	per_gene_population_zscore_dataset_cell_type	table_4_dataset_cell_type_dataset_pair	w4_source_centroid_deg_lfc_spearman_pair_p05	mean_w4_source_centroid_deg_lfc_spearman_pair_p05	-0.1017734646684634	-0.17448968359911438	-0.02116751907120313	0.07666108226395563	bca	ok	0.95	2000	2000	68	67	67	pubchem_cid			95% BCa bootstrap CI clustered by PubChem compound; uncertainty is over the observed compound panel, not broader chemical space.
l1000_phase2	cigs_mce	per_gene_population_zscore_dataset_cell_type	table_4_dataset_cell_type_dataset_pair	w4_delta_vs_source_centroid_deg_lfc_spearman_p05	mean_w4_delta_vs_source_centroid_deg_lfc_spearman_p05	0.6022392226031666	0.478833106921371	0.6909286721310904	0.10604778260485972	bca	ok	0.95	2000	2000	68	57	57	pubchem_cid			95% BCa bootstrap CI clustered by PubChem compound; uncertainty is over the observed compound panel, not broader chemical space.
l1000_phase2	cigs_mce	per_gene_population_zscore_dataset_cell_type	table_4_dataset_cell_type_dataset_pair	w4_target_centroid_deg_lfc_spearman_pair_p05	mean_w4_target_centroid_deg_lfc_spearman_pair_p05	0.0022213368458307093	-0.05666924146501714	0.05447745827358616	0.05557334986930165	bca	ok	0.95	2000	2000	68	67	67	pubchem_cid			95% BCa bootstrap CI clustered by PubChem compound; uncertainty is over the observed compound panel, not broader chemical space.
l1000_phase2	cigs_mce	per_gene_population_zscore_dataset_cell_type	table_4_dataset_cell_type_dataset_pair	w4_delta_vs_target_centroid_deg_lfc_spearman_p05	mean_w4_delta_vs_target_centroid_deg_lfc_spearman_p05	0.38583561144589695	0.2588944967432921	0.4853256265842707	0.11321556492048929	bca	ok	0.95	2000	2000	68	57	57	pubchem_cid			95% BCa bootstrap CI clustered by PubChem compound; uncertainty is over the observed compound panel, not broader chemical space.
l1000_phase2	cigs_mce	per_gene_population_zscore_dataset_cell_type	table_4_dataset_cell_type_dataset_pair	w4_source_peer_deg_lfc_spearman_pair_p05	mean_w4_source_peer_deg_lfc_spearman_pair_p05	0.09530512479730753	0.07696736399719656	0.11430318781985503	0.018667911911329237	bca	ok	0.95	2000	2000	68	67	67	pubchem_cid			95% BCa bootstrap CI clustered by PubChem compound; uncertainty is over the observed compound panel, not broader chemical space.
l1000_phase2	cigs_mce	per_gene_population_zscore_dataset_cell_type	table_4_dataset_cell_type_dataset_pair	w4_delta_vs_source_peer_deg_lfc_spearman_p05	mean_w4_delta_vs_source_peer_deg_lfc_spearman_p05	0.31891075750299186	0.24215570529598418	0.39032955237296785	0.07408692353849183	bca	ok	0.95	2000	2000	68	57	57	pubchem_cid			95% BCa bootstrap CI clustered by PubChem compound; uncertainty is over the observed compound panel, not broader chemical space.
l1000_phase2	cigs_mce	per_gene_population_zscore_dataset_cell_type	table_4_dataset_cell_type_dataset_pair	w4_source_peer_deg_lfc_spearman_pair_p05_sd_score	mean_w4_source_peer_deg_lfc_spearman_pair_p05_sd_score	0.3295338286198161	0.30487015356902497	0.3635063292503333	0.029318087840654178	bca	ok	0.95	2000	2000	68	67	67	pubchem_cid			95% BCa bootstrap CI clustered by PubChem compound; uncertainty is over the observed compound panel, not broader chemical space.
l1000_phase2	cigs_mce	per_gene_population_zscore_dataset_cell_type	table_4_dataset_cell_type_dataset_pair	w4_source_peer_deg_lfc_spearman_pair_p05_fraction_below_observed	mean_w4_source_peer_deg_lfc_spearman_pair_p05_fraction_below_observed	0.6952187674571616	0.6259670302451232	0.7543782541987166	0.0642056119767967	bca	ok	0.95	2000	2000	68	67	67	pubchem_cid			95% BCa bootstrap CI clustered by PubChem compound; uncertainty is over the observed compound panel, not broader chemical space.
l1000_phase2	cigs_mce	per_gene_population_zscore_dataset_cell_type	table_4_dataset_cell_type_dataset_pair	w4_source_peer_deg_lfc_spearman_pair_p05_corrected_percentile	mean_w4_source_peer_deg_lfc_spearman_pair_p05_corrected_percentile	0.6970124461382977	0.6297509054682636	0.7600712407937236	0.06516016766272997	bca	ok	0.95	2000	2000	68	67	67	pubchem_cid			95% BCa bootstrap CI clustered by PubChem compound; uncertainty is over the observed compound panel, not broader chemical space.
l1000_phase2	cigs_mce	per_gene_population_zscore_dataset_cell_type	table_4_dataset_cell_type_dataset_pair	w4_target_peer_deg_lfc_spearman_pair_p05	mean_w4_target_peer_deg_lfc_spearman_pair_p05	0.0527847601148983	0.03345073691404559	0.06967758099318387	0.01811342203956914	bca	ok	0.95	2000	2000	68	67	67	pubchem_cid			95% BCa bootstrap CI clustered by PubChem compound; uncertainty is over the observed compound panel, not broader chemical space.
l1000_phase2	cigs_mce	per_gene_population_zscore_dataset_cell_type	table_4_dataset_cell_type_dataset_pair	w4_delta_vs_target_peer_deg_lfc_spearman_p05	mean_w4_delta_vs_target_peer_deg_lfc_spearman_p05	0.3337590232778288	0.2451345593371827	0.39800287714938815	0.07643415890610272	bca	ok	0.95	2000	2000	68	57	57	pubchem_cid			95% BCa bootstrap CI clustered by PubChem compound; uncertainty is over the observed compound panel, not broader chemical space.
l1000_phase2	cigs_mce	per_gene_population_zscore_dataset_cell_type	table_4_dataset_cell_type_dataset_pair	w4_target_peer_deg_lfc_spearman_pair_p05_sd_score	mean_w4_target_peer_deg_lfc_spearman_pair_p05_sd_score	0.2617452990640947	0.2316043709750507	0.29841668294910356	0.033406155987026426	bca	ok	0.95	2000	2000	68	67	67	pubchem_cid			95% BCa bootstrap CI clustered by PubChem compound; uncertainty is over the observed compound panel, not broader chemical space.
l1000_phase2	cigs_mce	per_gene_population_zscore_dataset_cell_type	table_4_dataset_cell_type_dataset_pair	w4_target_peer_deg_lfc_spearman_pair_p05_fraction_below_observed	mean_w4_target_peer_deg_lfc_spearman_pair_p05_fraction_below_observed	0.7943676157294605	0.7220765412520028	0.850465635920178	0.06419454733408758	bca	ok	0.95	2000	2000	68	67	67	pubchem_cid			95% BCa bootstrap CI clustered by PubChem compound; uncertainty is over the observed compound panel, not broader chemical space.
l1000_phase2	cigs_mce	per_gene_population_zscore_dataset_cell_type	table_4_dataset_cell_type_dataset_pair	w4_target_peer_deg_lfc_spearman_pair_p05_corrected_percentile	mean_w4_target_peer_deg_lfc_spearman_pair_p05_corrected_percentile	0.7950121476215839	0.7191210420111395	0.8530861587204466	0.06698255835465355	bca	ok	0.95	2000	2000	68	67	67	pubchem_cid			95% BCa bootstrap CI clustered by PubChem compound; uncertainty is over the observed compound panel, not broader chemical space.
l1000_phase2	sciplex	per_gene_population_zscore_dataset_cell_type	table_4_dataset_cell_type_dataset_pair	w4_observed_deg_lfc_spearman_sym_p05	mean_w4_observed_deg_lfc_spearman_sym_p05	0.38928108981489296	0.3012152845523979	0.45527775772479434	0.07703123658619823	bca	ok	0.95	2000	2000	127	65	51	pubchem_cid			95% BCa bootstrap CI clustered by PubChem compound; uncertainty is over the observed compound panel, not broader chemical space.
l1000_phase2	sciplex	per_gene_population_zscore_dataset_cell_type	table_4_dataset_cell_type_dataset_pair	w4_source_centroid_deg_lfc_spearman_pair_p05	mean_w4_source_centroid_deg_lfc_spearman_pair_p05	0.0724873561049415	0.006355706506511916	0.13299390101736508	0.06331909725542659	bca	ok	0.95	2000	2000	127	123	81	pubchem_cid			95% BCa bootstrap CI clustered by PubChem compound; uncertainty is over the observed compound panel, not broader chemical space.
l1000_phase2	sciplex	per_gene_population_zscore_dataset_cell_type	table_4_dataset_cell_type_dataset_pair	w4_delta_vs_source_centroid_deg_lfc_spearman_p05	mean_w4_delta_vs_source_centroid_deg_lfc_spearman_p05	0.08637526401467069	-0.018482999556972062	0.19629023117163716	0.1073866153643046	bca	ok	0.95	2000	2000	127	65	51	pubchem_cid			95% BCa bootstrap CI clustered by PubChem compound; uncertainty is over the observed compound panel, not broader chemical space.
l1000_phase2	sciplex	per_gene_population_zscore_dataset_cell_type	table_4_dataset_cell_type_dataset_pair	w4_target_centroid_deg_lfc_spearman_pair_p05	mean_w4_target_centroid_deg_lfc_spearman_pair_p05	0.05410408708031463	-0.006701881398842743	0.11023719676956759	0.058469539084205165	bca	ok	0.95	2000	2000	127	123	81	pubchem_cid			95% BCa bootstrap CI clustered by PubChem compound; uncertainty is over the observed compound panel, not broader chemical space.
l1000_phase2	sciplex	per_gene_population_zscore_dataset_cell_type	table_4_dataset_cell_type_dataset_pair	w4_delta_vs_target_centroid_deg_lfc_spearman_p05	mean_w4_delta_vs_target_centroid_deg_lfc_spearman_p05	0.18202760580215568	0.06892424382564856	0.26969182204660136	0.1003837891104764	bca	ok	0.95	2000	2000	127	65	51	pubchem_cid			95% BCa bootstrap CI clustered by PubChem compound; uncertainty is over the observed compound panel, not broader chemical space.
l1000_phase2	sciplex	per_gene_population_zscore_dataset_cell_type	table_4_dataset_cell_type_dataset_pair	w4_source_peer_deg_lfc_spearman_pair_p05	mean_w4_source_peer_deg_lfc_spearman_pair_p05	-0.040329893928581675	-0.051249207763504466	-0.029295789695556025	0.01097670903397422	bca	ok	0.95	2000	2000	127	123	81	pubchem_cid			95% BCa bootstrap CI clustered by PubChem compound; uncertainty is over the observed compound panel, not broader chemical space.
l1000_phase2	sciplex	per_gene_population_zscore_dataset_cell_type	table_4_dataset_cell_type_dataset_pair	w4_delta_vs_source_peer_deg_lfc_spearman_p05	mean_w4_delta_vs_source_peer_deg_lfc_spearman_p05	0.39822152001912825	0.3098057323083271	0.46581631498306303	0.07800529133736797	bca	ok	0.95	2000	2000	127	65	51	pubchem_cid			95% BCa bootstrap CI clustered by PubChem compound; uncertainty is over the observed compound panel, not broader chemical space.
l1000_phase2	sciplex	per_gene_population_zscore_dataset_cell_type	table_4_dataset_cell_type_dataset_pair	w4_source_peer_deg_lfc_spearman_pair_p05_sd_score	mean_w4_source_peer_deg_lfc_spearman_pair_p05_sd_score	0.4222833966497439	0.3884006933153988	0.46180333957310543	0.036701323128853325	bca	ok	0.95	2000	2000	127	123	81	pubchem_cid			95% BCa bootstrap CI clustered by PubChem compound; uncertainty is over the observed compound panel, not broader chemical space.
l1000_phase2	sciplex	per_gene_population_zscore_dataset_cell_type	table_4_dataset_cell_type_dataset_pair	w4_source_peer_deg_lfc_spearman_pair_p05_fraction_below_observed	mean_w4_source_peer_deg_lfc_spearman_pair_p05_fraction_below_observed	0.6740419639099369	0.6269412367012274	0.7194756196032218	0.046267191450997225	bca	ok	0.95	2000	2000	127	123	81	pubchem_cid			95% BCa bootstrap CI clustered by PubChem compound; uncertainty is over the observed compound panel, not broader chemical space.
l1000_phase2	sciplex	per_gene_population_zscore_dataset_cell_type	table_4_dataset_cell_type_dataset_pair	w4_source_peer_deg_lfc_spearman_pair_p05_corrected_percentile	mean_w4_source_peer_deg_lfc_spearman_pair_p05_corrected_percentile	0.6748619464674318	0.6265570300424969	0.7186156295905807	0.04602929977404191	bca	ok	0.95	2000	2000	127	123	81	pubchem_cid			95% BCa bootstrap CI clustered by PubChem compound; uncertainty is over the observed compound panel, not broader chemical space.
l1000_phase2	sciplex	per_gene_population_zscore_dataset_cell_type	table_4_dataset_cell_type_dataset_pair	w4_target_peer_deg_lfc_spearman_pair_p05	mean_w4_target_peer_deg_lfc_spearman_pair_p05	-0.0035153910918848848	-0.011839015988495948	0.0026636125018800047	0.007251314245187976	bca	ok	0.95	2000	2000	127	123	81	pubchem_cid			95% BCa bootstrap CI clustered by PubChem compound; uncertainty is over the observed compound panel, not broader chemical space.
l1000_phase2	sciplex	per_gene_population_zscore_dataset_cell_type	table_4_dataset_cell_type_dataset_pair	w4_delta_vs_target_peer_deg_lfc_spearman_p05	mean_w4_delta_vs_target_peer_deg_lfc_spearman_p05	0.3881030913746931	0.30393901484224595	0.457452621395434	0.07675680327659404	bca	ok	0.95	2000	2000	127	65	51	pubchem_cid			95% BCa bootstrap CI clustered by PubChem compound; uncertainty is over the observed compound panel, not broader chemical space.
l1000_phase2	sciplex	per_gene_population_zscore_dataset_cell_type	table_4_dataset_cell_type_dataset_pair	w4_target_peer_deg_lfc_spearman_pair_p05_sd_score	mean_w4_target_peer_deg_lfc_spearman_pair_p05_sd_score	0.3727409521378336	0.3349302756460453	0.41690612928590287	0.0409879268199288	bca	ok	0.95	2000	2000	127	123	81	pubchem_cid			95% BCa bootstrap CI clustered by PubChem compound; uncertainty is over the observed compound panel, not broader chemical space.
l1000_phase2	sciplex	per_gene_population_zscore_dataset_cell_type	table_4_dataset_cell_type_dataset_pair	w4_target_peer_deg_lfc_spearman_pair_p05_fraction_below_observed	mean_w4_target_peer_deg_lfc_spearman_pair_p05_fraction_below_observed	0.6726501760275175	0.6205180692311092	0.7224069836367798	0.0509444572028353	bca	ok	0.95	2000	2000	127	123	81	pubchem_cid			95% BCa bootstrap CI clustered by PubChem compound; uncertainty is over the observed compound panel, not broader chemical space.
l1000_phase2	sciplex	per_gene_population_zscore_dataset_cell_type	table_4_dataset_cell_type_dataset_pair	w4_target_peer_deg_lfc_spearman_pair_p05_corrected_percentile	mean_w4_target_peer_deg_lfc_spearman_pair_p05_corrected_percentile	0.6743408908882415	0.6244494671523831	0.7216308130162278	0.04859067293192232	bca	ok	0.95	2000	2000	127	123	81	pubchem_cid			95% BCa bootstrap CI clustered by PubChem compound; uncertainty is over the observed compound panel, not broader chemical space.
l1000_phase2	tahoe	per_gene_population_zscore_dataset_cell_type	table_4_dataset_cell_type_dataset_pair	w4_observed_deg_lfc_spearman_sym_p05	mean_w4_observed_deg_lfc_spearman_sym_p05	0.1126951824473509	0.031088856320694486	0.19647817786862645	0.08269466077396598	bca	ok	0.95	2000	2000	134	77	63	pubchem_cid			95% BCa bootstrap CI clustered by PubChem compound; uncertainty is over the observed compound panel, not broader chemical space.
l1000_phase2	tahoe	per_gene_population_zscore_dataset_cell_type	table_4_dataset_cell_type_dataset_pair	w4_source_centroid_deg_lfc_spearman_pair_p05	mean_w4_source_centroid_deg_lfc_spearman_pair_p05	0.01419196233808185	-0.05385846690934454	0.07130307821688865	0.06258077256311659	bca	ok	0.95	2000	2000	134	132	108	pubchem_cid			95% BCa bootstrap CI clustered by PubChem compound; uncertainty is over the observed compound panel, not broader chemical space.
l1000_phase2	tahoe	per_gene_population_zscore_dataset_cell_type	table_4_dataset_cell_type_dataset_pair	w4_delta_vs_source_centroid_deg_lfc_spearman_p05	mean_w4_delta_vs_source_centroid_deg_lfc_spearman_p05	0.05346935727406199	-0.0705637009631474	0.1536039728988107	0.11208383693097905	bca	ok	0.95	2000	2000	134	77	63	pubchem_cid			95% BCa bootstrap CI clustered by PubChem compound; uncertainty is over the observed compound panel, not broader chemical space.
l1000_phase2	tahoe	per_gene_population_zscore_dataset_cell_type	table_4_dataset_cell_type_dataset_pair	w4_target_centroid_deg_lfc_spearman_pair_p05	mean_w4_target_centroid_deg_lfc_spearman_pair_p05	-0.008232456813327155	-0.06447551625581632	0.046186199710032974	0.05533085798292465	bca	ok	0.95	2000	2000	134	132	108	pubchem_cid			95% BCa bootstrap CI clustered by PubChem compound; uncertainty is over the observed compound panel, not broader chemical space.
l1000_phase2	tahoe	per_gene_population_zscore_dataset_cell_type	table_4_dataset_cell_type_dataset_pair	w4_delta_vs_target_centroid_deg_lfc_spearman_p05	mean_w4_delta_vs_target_centroid_deg_lfc_spearman_p05	0.055017647734090624	-0.06062272366336101	0.15915685238564678	0.10988978802450389	bca	ok	0.95	2000	2000	134	77	63	pubchem_cid			95% BCa bootstrap CI clustered by PubChem compound; uncertainty is over the observed compound panel, not broader chemical space.
l1000_phase2	tahoe	per_gene_population_zscore_dataset_cell_type	table_4_dataset_cell_type_dataset_pair	w4_source_peer_deg_lfc_spearman_pair_p05	mean_w4_source_peer_deg_lfc_spearman_pair_p05	-0.06834600407050356	-0.08133607733205481	-0.05543550085828469	0.012950288236885057	bca	ok	0.95	2000	2000	134	132	108	pubchem_cid			95% BCa bootstrap CI clustered by PubChem compound; uncertainty is over the observed compound panel, not broader chemical space.
l1000_phase2	tahoe	per_gene_population_zscore_dataset_cell_type	table_4_dataset_cell_type_dataset_pair	w4_delta_vs_source_peer_deg_lfc_spearman_p05	mean_w4_delta_vs_source_peer_deg_lfc_spearman_p05	0.14957103937428784	0.06040478228256831	0.23808828428225423	0.08884175099984296	bca	ok	0.95	2000	2000	134	77	63	pubchem_cid			95% BCa bootstrap CI clustered by PubChem compound; uncertainty is over the observed compound panel, not broader chemical space.
l1000_phase2	tahoe	per_gene_population_zscore_dataset_cell_type	table_4_dataset_cell_type_dataset_pair	w4_source_peer_deg_lfc_spearman_pair_p05_sd_score	mean_w4_source_peer_deg_lfc_spearman_pair_p05_sd_score	0.47048242995995504	0.43931129127761537	0.5079071842330556	0.03429794647772011	bca	ok	0.95	2000	2000	134	132	108	pubchem_cid			95% BCa bootstrap CI clustered by PubChem compound; uncertainty is over the observed compound panel, not broader chemical space.
l1000_phase2	tahoe	per_gene_population_zscore_dataset_cell_type	table_4_dataset_cell_type_dataset_pair	w4_source_peer_deg_lfc_spearman_pair_p05_fraction_below_observed	mean_w4_source_peer_deg_lfc_spearman_pair_p05_fraction_below_observed	0.6090494790564939	0.5705023610207552	0.6475240291123004	0.0385108340457726	bca	ok	0.95	2000	2000	134	132	108	pubchem_cid			95% BCa bootstrap CI clustered by PubChem compound; uncertainty is over the observed compound panel, not broader chemical space.
l1000_phase2	tahoe	per_gene_population_zscore_dataset_cell_type	table_4_dataset_cell_type_dataset_pair	w4_source_peer_deg_lfc_spearman_pair_p05_corrected_percentile	mean_w4_source_peer_deg_lfc_spearman_pair_p05_corrected_percentile	0.6096859810943737	0.5696641651691436	0.6473169576574169	0.03882639624413664	bca	ok	0.95	2000	2000	134	132	108	pubchem_cid			95% BCa bootstrap CI clustered by PubChem compound; uncertainty is over the observed compound panel, not broader chemical space.
l1000_phase2	tahoe	per_gene_population_zscore_dataset_cell_type	table_4_dataset_cell_type_dataset_pair	w4_target_peer_deg_lfc_spearman_pair_p05	mean_w4_target_peer_deg_lfc_spearman_pair_p05	-6.0898957069418765e-05	-0.009895741723091819	0.00853524567206596	0.009215493697578889	bca	ok	0.95	2000	2000	134	132	108	pubchem_cid			95% BCa bootstrap CI clustered by PubChem compound; uncertainty is over the observed compound panel, not broader chemical space.
l1000_phase2	tahoe	per_gene_population_zscore_dataset_cell_type	table_4_dataset_cell_type_dataset_pair	w4_delta_vs_target_peer_deg_lfc_spearman_p05	mean_w4_delta_vs_target_peer_deg_lfc_spearman_p05	0.09985030727229124	0.016743884274125726	0.18326309223028622	0.08325960397808024	bca	ok	0.95	2000	2000	134	77	63	pubchem_cid			95% BCa bootstrap CI clustered by PubChem compound; uncertainty is over the observed compound panel, not broader chemical space.
l1000_phase2	tahoe	per_gene_population_zscore_dataset_cell_type	table_4_dataset_cell_type_dataset_pair	w4_target_peer_deg_lfc_spearman_pair_p05_sd_score	mean_w4_target_peer_deg_lfc_spearman_pair_p05_sd_score	0.4403432155367023	0.4028478474245245	0.4806622614407041	0.038907207008089806	bca	ok	0.95	2000	2000	134	132	108	pubchem_cid			95% BCa bootstrap CI clustered by PubChem compound; uncertainty is over the observed compound panel, not broader chemical space.
l1000_phase2	tahoe	per_gene_population_zscore_dataset_cell_type	table_4_dataset_cell_type_dataset_pair	w4_target_peer_deg_lfc_spearman_pair_p05_fraction_below_observed	mean_w4_target_peer_deg_lfc_spearman_pair_p05_fraction_below_observed	0.562579194421188	0.5231344948463911	0.6038304974532677	0.0403480013034383	bca	ok	0.95	2000	2000	134	132	108	pubchem_cid			95% BCa bootstrap CI clustered by PubChem compound; uncertainty is over the observed compound panel, not broader chemical space.
l1000_phase2	tahoe	per_gene_population_zscore_dataset_cell_type	table_4_dataset_cell_type_dataset_pair	w4_target_peer_deg_lfc_spearman_pair_p05_corrected_percentile	mean_w4_target_peer_deg_lfc_spearman_pair_p05_corrected_percentile	0.5635943407836445	0.525746439788985	0.6053373088577202	0.03979543453436757	bca	ok	0.95	2000	2000	134	132	108	pubchem_cid			95% BCa bootstrap CI clustered by PubChem compound; uncertainty is over the observed compound panel, not broader chemical space.
tahoe	sciplex	per_gene_population_zscore_dataset_cell_type	table_4_dataset_cell_type_dataset_pair	w4_observed_deg_lfc_spearman_sym_p05	mean_w4_observed_deg_lfc_spearman_sym_p05	0.25411821245356025	0.13051851276064377	0.37983810678212065	0.12465979701073844	bca	ok	0.95	2000	2000	23	14	14	pubchem_cid			95% BCa bootstrap CI clustered by PubChem compound; uncertainty is over the observed compound panel, not broader chemical space.
tahoe	sciplex	per_gene_population_zscore_dataset_cell_type	table_4_dataset_cell_type_dataset_pair	w4_source_centroid_deg_lfc_spearman_pair_p05	mean_w4_source_centroid_deg_lfc_spearman_pair_p05	0.1291195896580937	0.0020546524607714944	0.23434275459761061	0.11614405106841956	bca	ok	0.95	2000	2000	23	23	23	pubchem_cid			95% BCa bootstrap CI clustered by PubChem compound; uncertainty is over the observed compound panel, not broader chemical space.
tahoe	sciplex	per_gene_population_zscore_dataset_cell_type	table_4_dataset_cell_type_dataset_pair	w4_delta_vs_source_centroid_deg_lfc_spearman_p05	mean_w4_delta_vs_source_centroid_deg_lfc_spearman_p05	0.207525509627974	0.03335146089213657	0.3542304655893928	0.1604395023486281	bca	ok	0.95	2000	2000	23	14	14	pubchem_cid			95% BCa bootstrap CI clustered by PubChem compound; uncertainty is over the observed compound panel, not broader chemical space.
tahoe	sciplex	per_gene_population_zscore_dataset_cell_type	table_4_dataset_cell_type_dataset_pair	w4_target_centroid_deg_lfc_spearman_pair_p05	mean_w4_target_centroid_deg_lfc_spearman_pair_p05	-0.00626030973345263	-0.11500345745035599	0.1305769875074682	0.12279022247891211	bca	ok	0.95	2000	2000	23	23	23	pubchem_cid			95% BCa bootstrap CI clustered by PubChem compound; uncertainty is over the observed compound panel, not broader chemical space.
tahoe	sciplex	per_gene_population_zscore_dataset_cell_type	table_4_dataset_cell_type_dataset_pair	w4_delta_vs_target_centroid_deg_lfc_spearman_p05	mean_w4_delta_vs_target_centroid_deg_lfc_spearman_p05	0.2099134529418458	-0.02128215390423681	0.39338686548220625	0.20733450969322154	bca	ok	0.95	2000	2000	23	14	14	pubchem_cid			95% BCa bootstrap CI clustered by PubChem compound; uncertainty is over the observed compound panel, not broader chemical space.
tahoe	sciplex	per_gene_population_zscore_dataset_cell_type	table_4_dataset_cell_type_dataset_pair	w4_source_peer_deg_lfc_spearman_pair_p05	mean_w4_source_peer_deg_lfc_spearman_pair_p05	0.00933654238871144	-0.0024670705129493527	0.02031045288043811	0.011388761696693731	bca	ok	0.95	2000	2000	23	23	23	pubchem_cid			95% BCa bootstrap CI clustered by PubChem compound; uncertainty is over the observed compound panel, not broader chemical space.
tahoe	sciplex	per_gene_population_zscore_dataset_cell_type	table_4_dataset_cell_type_dataset_pair	w4_delta_vs_source_peer_deg_lfc_spearman_p05	mean_w4_delta_vs_source_peer_deg_lfc_spearman_p05	0.2567986912975745	0.11725576311762761	0.38062755471147625	0.1316858957969243	bca	ok	0.95	2000	2000	23	14	14	pubchem_cid			95% BCa bootstrap CI clustered by PubChem compound; uncertainty is over the observed compound panel, not broader chemical space.
tahoe	sciplex	per_gene_population_zscore_dataset_cell_type	table_4_dataset_cell_type_dataset_pair	w4_source_peer_deg_lfc_spearman_pair_p05_sd_score	mean_w4_source_peer_deg_lfc_spearman_pair_p05_sd_score	0.4276567607117828	0.3620419956701048	0.5139122919630796	0.07593514814648741	bca	ok	0.95	2000	2000	23	23	23	pubchem_cid			95% BCa bootstrap CI clustered by PubChem compound; uncertainty is over the observed compound panel, not broader chemical space.
tahoe	sciplex	per_gene_population_zscore_dataset_cell_type	table_4_dataset_cell_type_dataset_pair	w4_source_peer_deg_lfc_spearman_pair_p05_fraction_below_observed	mean_w4_source_peer_deg_lfc_spearman_pair_p05_fraction_below_observed	0.6170200035195483	0.5051465235587274	0.7083064589234046	0.10157996768233862	bca	ok	0.95	2000	2000	23	23	23	pubchem_cid			95% BCa bootstrap CI clustered by PubChem compound; uncertainty is over the observed compound panel, not broader chemical space.
tahoe	sciplex	per_gene_population_zscore_dataset_cell_type	table_4_dataset_cell_type_dataset_pair	w4_source_peer_deg_lfc_spearman_pair_p05_corrected_percentile	mean_w4_source_peer_deg_lfc_spearman_pair_p05_corrected_percentile	0.6184988239276029	0.5134411431121902	0.708552861412426	0.09755585915011789	bca	ok	0.95	2000	2000	23	23	23	pubchem_cid			95% BCa bootstrap CI clustered by PubChem compound; uncertainty is over the observed compound panel, not broader chemical space.
tahoe	sciplex	per_gene_population_zscore_dataset_cell_type	table_4_dataset_cell_type_dataset_pair	w4_target_peer_deg_lfc_spearman_pair_p05	mean_w4_target_peer_deg_lfc_spearman_pair_p05	-0.0013490934432815224	-0.017318232033114257	0.014804990779934565	0.01606161140652441	bca	ok	0.95	2000	2000	23	23	23	pubchem_cid			95% BCa bootstrap CI clustered by PubChem compound; uncertainty is over the observed compound panel, not broader chemical space.
tahoe	sciplex	per_gene_population_zscore_dataset_cell_type	table_4_dataset_cell_type_dataset_pair	w4_delta_vs_target_peer_deg_lfc_spearman_p05	mean_w4_delta_vs_target_peer_deg_lfc_spearman_p05	0.25071944206519475	0.1255742204743784	0.3735898084373548	0.12400779398148819	bca	ok	0.95	2000	2000	23	14	14	pubchem_cid			95% BCa bootstrap CI clustered by PubChem compound; uncertainty is over the observed compound panel, not broader chemical space.
tahoe	sciplex	per_gene_population_zscore_dataset_cell_type	table_4_dataset_cell_type_dataset_pair	w4_target_peer_deg_lfc_spearman_pair_p05_sd_score	mean_w4_target_peer_deg_lfc_spearman_pair_p05_sd_score	0.36776126994364233	0.2976468564406125	0.4545921946636965	0.07847266911154199	bca	ok	0.95	2000	2000	23	23	23	pubchem_cid			95% BCa bootstrap CI clustered by PubChem compound; uncertainty is over the observed compound panel, not broader chemical space.
tahoe	sciplex	per_gene_population_zscore_dataset_cell_type	table_4_dataset_cell_type_dataset_pair	w4_target_peer_deg_lfc_spearman_pair_p05_fraction_below_observed	mean_w4_target_peer_deg_lfc_spearman_pair_p05_fraction_below_observed	0.6392476977988918	0.5242466357306146	0.7316221987794812	0.10368778152443331	bca	ok	0.95	2000	2000	23	23	23	pubchem_cid			95% BCa bootstrap CI clustered by PubChem compound; uncertainty is over the observed compound panel, not broader chemical space.
tahoe	sciplex	per_gene_population_zscore_dataset_cell_type	table_4_dataset_cell_type_dataset_pair	w4_target_peer_deg_lfc_spearman_pair_p05_corrected_percentile	mean_w4_target_peer_deg_lfc_spearman_pair_p05_corrected_percentile	0.6407868114020728	0.5252452669453569	0.7302476129238757	0.10250117298925943	bca	ok	0.95	2000	2000	23	23	23	pubchem_cid			95% BCa bootstrap CI clustered by PubChem compound; uncertainty is over the observed compound panel, not broader chemical space.
