dataset_name	summary_level	metric	value_col	mean	ci_low	ci_high	ci_half_width	ci_method	ci_status	ci_level	n_bootstrap_iterations	n_bootstrap_valid	n_rows	n_finite_rows	n_compounds	cluster_col	inner_strata	outer_strata	uncertainty_scope
cigs_mce	table_7_dataset	observed_deg_lfc_spearman_sym_p05	mean_replicate_deg_lfc_spearman_sym_p05	0.45412238498033886	0.4441344672023998	0.464221569877759	0.01004355133767959	bca	ok	0.95	2000	2000	21426	6368	5007	pubchem_cid			95% BCa bootstrap CI clustered by PubChem compound; uncertainty is over the observed compound panel, not broader chemical space.
cigs_mce	table_7_dataset	centroid_baseline_deg_lfc_spearman_sym_p05	mean_baseline_pair_deg_lfc_spearman_sym_p05	0.43080812049935285	0.4212687458656261	0.4386582259033434	0.008694740018858643	bca	ok	0.95	2000	2000	21426	13008	9096	pubchem_cid			95% BCa bootstrap CI clustered by PubChem compound; uncertainty is over the observed compound panel, not broader chemical space.
cigs_mce	table_7_dataset	delta_vs_centroid_deg_lfc_spearman_sym_p05	mean_delta_vs_baseline_pair_deg_lfc_spearman_sym_p05	-0.00697739459266884	-0.0179800183296869	0.0036419110105479135	0.010810964670117407	bca	ok	0.95	2000	2000	21426	6368	5007	pubchem_cid			95% BCa bootstrap CI clustered by PubChem compound; uncertainty is over the observed compound panel, not broader chemical space.
cigs_mce	table_7_dataset	individual_peer_mean_deg_lfc_spearman_sym_p05	mean_peer_baseline_deg_lfc_spearman_sym_p05	0.06394045782843043	0.06232654424270966	0.06567202729699918	0.0016727415271447603	bca	ok	0.95	2000	2000	21426	6368	5007	pubchem_cid			95% BCa bootstrap CI clustered by PubChem compound; uncertainty is over the observed compound panel, not broader chemical space.
cigs_mce	table_7_dataset	individual_peer_sd_deg_lfc_spearman_sym_p05	mean_peer_baseline_deg_lfc_spearman_sym_sd_p05	0.3629943051261361	0.35896842976275145	0.3671869843101268	0.004109277273687678	bca	ok	0.95	2000	2000	21426	6368	5007	pubchem_cid			95% BCa bootstrap CI clustered by PubChem compound; uncertainty is over the observed compound panel, not broader chemical space.
cigs_mce	table_7_dataset	individual_peer_fraction_below_observed_deg_lfc_spearman_sym_p05	mean_peer_baseline_deg_lfc_spearman_sym_fraction_below_observed_p05	0.7891647177936164	0.7824463697013514	0.7961292341312722	0.006841432214960419	bca	ok	0.95	2000	2000	21426	6368	5007	pubchem_cid			95% BCa bootstrap CI clustered by PubChem compound; uncertainty is over the observed compound panel, not broader chemical space.
cigs_mce	table_7_dataset	individual_peer_corrected_percentile_deg_lfc_spearman_sym_p05	mean_peer_baseline_deg_lfc_spearman_sym_corrected_percentile_p05	0.7899866229185057	0.783172141970101	0.7964497673955048	0.0066388127127018914	bca	ok	0.95	2000	2000	21426	6368	5007	pubchem_cid			95% BCa bootstrap CI clustered by PubChem compound; uncertainty is over the observed compound panel, not broader chemical space.
cigs_mce	table_7_dataset	delta_vs_individual_peer_deg_lfc_spearman_sym_p05	mean_delta_vs_peer_baseline_deg_lfc_spearman_sym_p05	0.39018192715190847	0.3801834765180996	0.399386872040165	0.009601697761032701	bca	ok	0.95	2000	2000	21426	6368	5007	pubchem_cid			95% BCa bootstrap CI clustered by PubChem compound; uncertainty is over the observed compound panel, not broader chemical space.
cigs_mce	table_7_dataset	dataset_normalized_observed_deg_lfc_spearman_sym_p05	mean_replicate_deg_lfc_spearman_sym_p05_normalized_dataset	0.3797695065527555	0.3698924184658953	0.3900166994122835	0.010062140473194092	bca	ok	0.95	2000	2000	21426	6386	5018	pubchem_cid			95% BCa bootstrap CI clustered by PubChem compound; uncertainty is over the observed compound panel, not broader chemical space.
cigs_mce	table_7_dataset	dataset_normalized_centroid_baseline_deg_lfc_spearman_sym_p05	mean_baseline_pair_deg_lfc_spearman_sym_p05_normalized_dataset	0.17782145658062007	0.16936553034084445	0.18624127666606421	0.008437873162609882	bca	ok	0.95	2000	2000	21426	13017	9100	pubchem_cid			95% BCa bootstrap CI clustered by PubChem compound; uncertainty is over the observed compound panel, not broader chemical space.
cigs_mce	table_7_dataset	dataset_normalized_delta_vs_centroid_deg_lfc_spearman_sym_p05	mean_delta_vs_baseline_pair_deg_lfc_spearman_sym_p05_normalized_dataset	0.19398110486882736	0.18147685890473164	0.20672910912406842	0.012626125109668387	bca	ok	0.95	2000	2000	21426	6386	5018	pubchem_cid			95% BCa bootstrap CI clustered by PubChem compound; uncertainty is over the observed compound panel, not broader chemical space.
cigs_mce	table_7_dataset	dataset_normalized_individual_peer_mean_deg_lfc_spearman_sym_p05	mean_peer_baseline_deg_lfc_spearman_sym_p05_normalized_dataset	-0.005393120033999922	-0.006816584704227611	-0.0039526848268832985	0.0014319499386721561	bca	ok	0.95	2000	2000	21426	6386	5018	pubchem_cid			95% BCa bootstrap CI clustered by PubChem compound; uncertainty is over the observed compound panel, not broader chemical space.
cigs_mce	table_7_dataset	dataset_normalized_individual_peer_sd_deg_lfc_spearman_sym_p05	mean_peer_baseline_deg_lfc_spearman_sym_sd_p05_normalized_dataset	0.35002762869851234	0.3455192188778848	0.35405384849919525	0.004267314810655232	bca	ok	0.95	2000	2000	21426	6386	5018	pubchem_cid			95% BCa bootstrap CI clustered by PubChem compound; uncertainty is over the observed compound panel, not broader chemical space.
cigs_mce	table_7_dataset	dataset_normalized_individual_peer_fraction_below_observed_deg_lfc_spearman_sym_p05	mean_peer_baseline_deg_lfc_spearman_sym_fraction_below_observed_p05_normalized_dataset	0.777065391606619	0.7701904004602578	0.7840126748723651	0.006911137206053686	bca	ok	0.95	2000	2000	21426	6386	5018	pubchem_cid			95% BCa bootstrap CI clustered by PubChem compound; uncertainty is over the observed compound panel, not broader chemical space.
cigs_mce	table_7_dataset	dataset_normalized_individual_peer_corrected_percentile_deg_lfc_spearman_sym_p05	mean_peer_baseline_deg_lfc_spearman_sym_corrected_percentile_p05_normalized_dataset	0.7779339936906936	0.7711610897855432	0.785410390153984	0.007124650184220371	bca	ok	0.95	2000	2000	21426	6386	5018	pubchem_cid			95% BCa bootstrap CI clustered by PubChem compound; uncertainty is over the observed compound panel, not broader chemical space.
cigs_mce	table_7_dataset	dataset_normalized_delta_vs_individual_peer_deg_lfc_spearman_sym_p05	mean_delta_vs_peer_baseline_deg_lfc_spearman_sym_p05_normalized_dataset	0.3851626265867553	0.3755307857404096	0.3952028470449152	0.009836030652252803	bca	ok	0.95	2000	2000	21426	6386	5018	pubchem_cid			95% BCa bootstrap CI clustered by PubChem compound; uncertainty is over the observed compound panel, not broader chemical space.
cigs_mce	table_7_dataset	dataset_cell_type_normalized_observed_deg_lfc_spearman_sym_p05	mean_replicate_deg_lfc_spearman_sym_p05_normalized_dataset_cell_type	0.3547029891532492	0.3444819097286331	0.36445601840749114	0.009987054339429036	bca	ok	0.95	2000	2000	21426	6386	5018	pubchem_cid			95% BCa bootstrap CI clustered by PubChem compound; uncertainty is over the observed compound panel, not broader chemical space.
cigs_mce	table_7_dataset	dataset_cell_type_normalized_centroid_baseline_deg_lfc_spearman_sym_p05	mean_baseline_pair_deg_lfc_spearman_sym_p05_normalized_dataset_cell_type	0.07067407875406304	0.06147488798445545	0.07973471065971154	0.009129911337628045	bca	ok	0.95	2000	2000	21426	13017	9100	pubchem_cid			95% BCa bootstrap CI clustered by PubChem compound; uncertainty is over the observed compound panel, not broader chemical space.
cigs_mce	table_7_dataset	dataset_cell_type_normalized_delta_vs_centroid_deg_lfc_spearman_sym_p05	mean_delta_vs_baseline_pair_deg_lfc_spearman_sym_p05_normalized_dataset_cell_type	0.36497025066003913	0.35028346731011784	0.3801541179816026	0.014935325335742378	bca	ok	0.95	2000	2000	21426	6386	5018	pubchem_cid			95% BCa bootstrap CI clustered by PubChem compound; uncertainty is over the observed compound panel, not broader chemical space.
cigs_mce	table_7_dataset	dataset_cell_type_normalized_individual_peer_mean_deg_lfc_spearman_sym_p05	mean_peer_baseline_deg_lfc_spearman_sym_p05_normalized_dataset_cell_type	-0.029628265834845503	-0.030585631552217107	-0.028638059127963546	0.0009737862121267805	bca	ok	0.95	2000	2000	21426	6386	5018	pubchem_cid			95% BCa bootstrap CI clustered by PubChem compound; uncertainty is over the observed compound panel, not broader chemical space.
cigs_mce	table_7_dataset	dataset_cell_type_normalized_individual_peer_sd_deg_lfc_spearman_sym_p05	mean_peer_baseline_deg_lfc_spearman_sym_sd_p05_normalized_dataset_cell_type	0.3488645923539629	0.3446555181381419	0.3534465248902341	0.004395503376046106	bca	ok	0.95	2000	2000	21426	6386	5018	pubchem_cid			95% BCa bootstrap CI clustered by PubChem compound; uncertainty is over the observed compound panel, not broader chemical space.
cigs_mce	table_7_dataset	dataset_cell_type_normalized_individual_peer_fraction_below_observed_deg_lfc_spearman_sym_p05	mean_peer_baseline_deg_lfc_spearman_sym_fraction_below_observed_p05_normalized_dataset_cell_type	0.7740609399910167	0.76697558525315	0.7811939633316457	0.007109189039247843	bca	ok	0.95	2000	2000	21426	6386	5018	pubchem_cid			95% BCa bootstrap CI clustered by PubChem compound; uncertainty is over the observed compound panel, not broader chemical space.
cigs_mce	table_7_dataset	dataset_cell_type_normalized_individual_peer_corrected_percentile_deg_lfc_spearman_sym_p05	mean_peer_baseline_deg_lfc_spearman_sym_corrected_percentile_p05_normalized_dataset_cell_type	0.7749410763088947	0.7679861959375632	0.7817961900340681	0.006904997048252426	bca	ok	0.95	2000	2000	21426	6386	5018	pubchem_cid			95% BCa bootstrap CI clustered by PubChem compound; uncertainty is over the observed compound panel, not broader chemical space.
cigs_mce	table_7_dataset	dataset_cell_type_normalized_delta_vs_individual_peer_deg_lfc_spearman_sym_p05	mean_delta_vs_peer_baseline_deg_lfc_spearman_sym_p05_normalized_dataset_cell_type	0.3843312549880948	0.37330183447691245	0.39506760078909264	0.010882883156090095	bca	ok	0.95	2000	2000	21426	6386	5018	pubchem_cid			95% BCa bootstrap CI clustered by PubChem compound; uncertainty is over the observed compound panel, not broader chemical space.
cigs_tcm	table_7_dataset	observed_deg_lfc_spearman_sym_p05	mean_replicate_deg_lfc_spearman_sym_p05	0.5436023448467794	0.5207148708171386	0.5646212524570278	0.021953190819944568	bca	ok	0.95	2000	2000	7020	1720	933	pubchem_cid			95% BCa bootstrap CI clustered by PubChem compound; uncertainty is over the observed compound panel, not broader chemical space.
cigs_tcm	table_7_dataset	centroid_baseline_deg_lfc_spearman_sym_p05	mean_baseline_pair_deg_lfc_spearman_sym_p05	0.28597100835280703	0.2628565628876593	0.30849586197299705	0.02281964954266888	bca	ok	0.95	2000	2000	7020	3353	1530	pubchem_cid			95% BCa bootstrap CI clustered by PubChem compound; uncertainty is over the observed compound panel, not broader chemical space.
cigs_tcm	table_7_dataset	delta_vs_centroid_deg_lfc_spearman_sym_p05	mean_delta_vs_baseline_pair_deg_lfc_spearman_sym_p05	0.16009626944687122	0.13478897234474907	0.18344898119444378	0.024330004424847354	bca	ok	0.95	2000	2000	7020	1720	933	pubchem_cid			95% BCa bootstrap CI clustered by PubChem compound; uncertainty is over the observed compound panel, not broader chemical space.
cigs_tcm	table_7_dataset	individual_peer_mean_deg_lfc_spearman_sym_p05	mean_peer_baseline_deg_lfc_spearman_sym_p05	0.073219321951102	0.06896002741787176	0.07719092720343265	0.004115449892780447	bca	ok	0.95	2000	2000	7020	1720	933	pubchem_cid			95% BCa bootstrap CI clustered by PubChem compound; uncertainty is over the observed compound panel, not broader chemical space.
cigs_tcm	table_7_dataset	individual_peer_sd_deg_lfc_spearman_sym_p05	mean_peer_baseline_deg_lfc_spearman_sym_sd_p05	0.3952803722011635	0.3839522164150845	0.4071967255069076	0.011622254545911564	bca	ok	0.95	2000	2000	7020	1720	933	pubchem_cid			95% BCa bootstrap CI clustered by PubChem compound; uncertainty is over the observed compound panel, not broader chemical space.
cigs_tcm	table_7_dataset	individual_peer_fraction_below_observed_deg_lfc_spearman_sym_p05	mean_peer_baseline_deg_lfc_spearman_sym_fraction_below_observed_p05	0.8168478913031945	0.8001975562667479	0.8301868926216933	0.014994668177472692	bca	ok	0.95	2000	2000	7020	1720	933	pubchem_cid			95% BCa bootstrap CI clustered by PubChem compound; uncertainty is over the observed compound panel, not broader chemical space.
cigs_tcm	table_7_dataset	individual_peer_corrected_percentile_deg_lfc_spearman_sym_p05	mean_peer_baseline_deg_lfc_spearman_sym_corrected_percentile_p05	0.8175606256700602	0.8025699326744383	0.830940504716189	0.01418528602087532	bca	ok	0.95	2000	2000	7020	1720	933	pubchem_cid			95% BCa bootstrap CI clustered by PubChem compound; uncertainty is over the observed compound panel, not broader chemical space.
cigs_tcm	table_7_dataset	delta_vs_individual_peer_deg_lfc_spearman_sym_p05	mean_delta_vs_peer_baseline_deg_lfc_spearman_sym_p05	0.47038302289567735	0.44828873888216164	0.4902735727354604	0.020992416926649382	bca	ok	0.95	2000	2000	7020	1720	933	pubchem_cid			95% BCa bootstrap CI clustered by PubChem compound; uncertainty is over the observed compound panel, not broader chemical space.
cigs_tcm	table_7_dataset	dataset_normalized_observed_deg_lfc_spearman_sym_p05	mean_replicate_deg_lfc_spearman_sym_p05_normalized_dataset	0.43558408499386164	0.4124291526215228	0.4581838165425654	0.022877331960521302	bca	ok	0.95	2000	2000	7020	1720	933	pubchem_cid			95% BCa bootstrap CI clustered by PubChem compound; uncertainty is over the observed compound panel, not broader chemical space.
cigs_tcm	table_7_dataset	dataset_normalized_centroid_baseline_deg_lfc_spearman_sym_p05	mean_baseline_pair_deg_lfc_spearman_sym_p05_normalized_dataset	0.12578211493787825	0.10498269910335362	0.1481683747123432	0.021592837804494794	bca	ok	0.95	2000	2000	7020	3353	1530	pubchem_cid			95% BCa bootstrap CI clustered by PubChem compound; uncertainty is over the observed compound panel, not broader chemical space.
cigs_tcm	table_7_dataset	dataset_normalized_delta_vs_centroid_deg_lfc_spearman_sym_p05	mean_delta_vs_baseline_pair_deg_lfc_spearman_sym_p05_normalized_dataset	0.2593010444040231	0.23218031378812892	0.2848896722220416	0.026354679216956334	bca	ok	0.95	2000	2000	7020	1720	933	pubchem_cid			95% BCa bootstrap CI clustered by PubChem compound; uncertainty is over the observed compound panel, not broader chemical space.
cigs_tcm	table_7_dataset	dataset_normalized_individual_peer_mean_deg_lfc_spearman_sym_p05	mean_peer_baseline_deg_lfc_spearman_sym_p05_normalized_dataset	0.020306036115946252	0.017006703289823216	0.023530998795005514	0.003262147752591149	bca	ok	0.95	2000	2000	7020	1720	933	pubchem_cid			95% BCa bootstrap CI clustered by PubChem compound; uncertainty is over the observed compound panel, not broader chemical space.
cigs_tcm	table_7_dataset	dataset_normalized_individual_peer_sd_deg_lfc_spearman_sym_p05	mean_peer_baseline_deg_lfc_spearman_sym_sd_p05_normalized_dataset	0.37970155701768366	0.3682269112516972	0.39173439828545187	0.01175374351687733	bca	ok	0.95	2000	2000	7020	1720	933	pubchem_cid			95% BCa bootstrap CI clustered by PubChem compound; uncertainty is over the observed compound panel, not broader chemical space.
cigs_tcm	table_7_dataset	dataset_normalized_individual_peer_fraction_below_observed_deg_lfc_spearman_sym_p05	mean_peer_baseline_deg_lfc_spearman_sym_fraction_below_observed_p05_normalized_dataset	0.7760076005329456	0.7606819932278531	0.7909522686738303	0.015135137722988579	bca	ok	0.95	2000	2000	7020	1720	933	pubchem_cid			95% BCa bootstrap CI clustered by PubChem compound; uncertainty is over the observed compound panel, not broader chemical space.
cigs_tcm	table_7_dataset	dataset_normalized_individual_peer_corrected_percentile_deg_lfc_spearman_sym_p05	mean_peer_baseline_deg_lfc_spearman_sym_corrected_percentile_p05_normalized_dataset	0.7768791662896269	0.7616825966242275	0.7914609413993093	0.014889172387540894	bca	ok	0.95	2000	2000	7020	1720	933	pubchem_cid			95% BCa bootstrap CI clustered by PubChem compound; uncertainty is over the observed compound panel, not broader chemical space.
cigs_tcm	table_7_dataset	dataset_normalized_delta_vs_individual_peer_deg_lfc_spearman_sym_p05	mean_delta_vs_peer_baseline_deg_lfc_spearman_sym_p05_normalized_dataset	0.41527804887791536	0.39104442744643353	0.4401486224075776	0.02455209748057205	bca	ok	0.95	2000	2000	7020	1720	933	pubchem_cid			95% BCa bootstrap CI clustered by PubChem compound; uncertainty is over the observed compound panel, not broader chemical space.
cigs_tcm	table_7_dataset	dataset_cell_type_normalized_observed_deg_lfc_spearman_sym_p05	mean_replicate_deg_lfc_spearman_sym_p05_normalized_dataset_cell_type	0.4050610964072902	0.3820125845464947	0.42789606146035625	0.02294173845693076	bca	ok	0.95	2000	2000	7020	1720	933	pubchem_cid			95% BCa bootstrap CI clustered by PubChem compound; uncertainty is over the observed compound panel, not broader chemical space.
cigs_tcm	table_7_dataset	dataset_cell_type_normalized_centroid_baseline_deg_lfc_spearman_sym_p05	mean_baseline_pair_deg_lfc_spearman_sym_p05_normalized_dataset_cell_type	0.06788492844177374	0.04527459717050243	0.08815516051945904	0.021440281674478305	bca	ok	0.95	2000	2000	7020	3353	1530	pubchem_cid			95% BCa bootstrap CI clustered by PubChem compound; uncertainty is over the observed compound panel, not broader chemical space.
cigs_tcm	table_7_dataset	dataset_cell_type_normalized_delta_vs_centroid_deg_lfc_spearman_sym_p05	mean_delta_vs_baseline_pair_deg_lfc_spearman_sym_p05_normalized_dataset_cell_type	0.3259325680382948	0.2948352909157441	0.3537237654427419	0.0294442372634989	bca	ok	0.95	2000	2000	7020	1720	933	pubchem_cid			95% BCa bootstrap CI clustered by PubChem compound; uncertainty is over the observed compound panel, not broader chemical space.
cigs_tcm	table_7_dataset	dataset_cell_type_normalized_individual_peer_mean_deg_lfc_spearman_sym_p05	mean_peer_baseline_deg_lfc_spearman_sym_p05_normalized_dataset_cell_type	0.0006239278365694224	-0.002060035971000338	0.003401868653619522	0.0027309523123099297	bca	ok	0.95	2000	2000	7020	1720	933	pubchem_cid			95% BCa bootstrap CI clustered by PubChem compound; uncertainty is over the observed compound panel, not broader chemical space.
cigs_tcm	table_7_dataset	dataset_cell_type_normalized_individual_peer_sd_deg_lfc_spearman_sym_p05	mean_peer_baseline_deg_lfc_spearman_sym_sd_p05_normalized_dataset_cell_type	0.37925125709369434	0.3677881486012023	0.3911918421458215	0.011701846772309593	bca	ok	0.95	2000	2000	7020	1720	933	pubchem_cid			95% BCa bootstrap CI clustered by PubChem compound; uncertainty is over the observed compound panel, not broader chemical space.
cigs_tcm	table_7_dataset	dataset_cell_type_normalized_individual_peer_fraction_below_observed_deg_lfc_spearman_sym_p05	mean_peer_baseline_deg_lfc_spearman_sym_fraction_below_observed_p05_normalized_dataset_cell_type	0.7673250893289728	0.7531201987988096	0.7834763192855071	0.015178060243348723	bca	ok	0.95	2000	2000	7020	1720	933	pubchem_cid			95% BCa bootstrap CI clustered by PubChem compound; uncertainty is over the observed compound panel, not broader chemical space.
cigs_tcm	table_7_dataset	dataset_cell_type_normalized_individual_peer_corrected_percentile_deg_lfc_spearman_sym_p05	mean_peer_baseline_deg_lfc_spearman_sym_corrected_percentile_p05_normalized_dataset_cell_type	0.7682304391759418	0.7520621204863271	0.7835834844029461	0.015760681958309486	bca	ok	0.95	2000	2000	7020	1720	933	pubchem_cid			95% BCa bootstrap CI clustered by PubChem compound; uncertainty is over the observed compound panel, not broader chemical space.
cigs_tcm	table_7_dataset	dataset_cell_type_normalized_delta_vs_individual_peer_deg_lfc_spearman_sym_p05	mean_delta_vs_peer_baseline_deg_lfc_spearman_sym_p05_normalized_dataset_cell_type	0.4044371685707208	0.38007228046261254	0.42776891773477277	0.023848318636080112	bca	ok	0.95	2000	2000	7020	1720	933	pubchem_cid			95% BCa bootstrap CI clustered by PubChem compound; uncertainty is over the observed compound panel, not broader chemical space.
dilimap_train_val	table_7_dataset	observed_deg_lfc_spearman_sym_p05	mean_replicate_deg_lfc_spearman_sym_p05	0.34794663937443315	0.3231730767758785	0.37555654538412087	0.026191734304121195	bca	ok	0.95	2000	2000	1184	1181	299	pubchem_cid			95% BCa bootstrap CI clustered by PubChem compound; uncertainty is over the observed compound panel, not broader chemical space.
dilimap_train_val	table_7_dataset	centroid_baseline_deg_lfc_spearman_sym_p05	mean_baseline_pair_deg_lfc_spearman_sym_p05	0.3743174665719498	0.3567414419196908	0.39044414239753655	0.01685135023892287	bca	ok	0.95	2000	2000	1184	1176	299	pubchem_cid			95% BCa bootstrap CI clustered by PubChem compound; uncertainty is over the observed compound panel, not broader chemical space.
dilimap_train_val	table_7_dataset	delta_vs_centroid_deg_lfc_spearman_sym_p05	mean_delta_vs_baseline_pair_deg_lfc_spearman_sym_p05	-0.027539256080752684	-0.056373024261683106	0.005590213609458848	0.030981618935570977	bca	ok	0.95	2000	2000	1184	1173	299	pubchem_cid			95% BCa bootstrap CI clustered by PubChem compound; uncertainty is over the observed compound panel, not broader chemical space.
dilimap_train_val	table_7_dataset	individual_peer_mean_deg_lfc_spearman_sym_p05	mean_peer_baseline_deg_lfc_spearman_sym_p05	0.025212975927210883	0.01909562895820303	0.03157517257738993	0.006239771809593451	bca	ok	0.95	2000	2000	1184	1173	299	pubchem_cid			95% BCa bootstrap CI clustered by PubChem compound; uncertainty is over the observed compound panel, not broader chemical space.
dilimap_train_val	table_7_dataset	individual_peer_sd_deg_lfc_spearman_sym_p05	mean_peer_baseline_deg_lfc_spearman_sym_sd_p05	0.24953611626048924	0.24319593802267156	0.2562205890138877	0.006512325495608082	bca	ok	0.95	2000	2000	1184	1173	299	pubchem_cid			95% BCa bootstrap CI clustered by PubChem compound; uncertainty is over the observed compound panel, not broader chemical space.
dilimap_train_val	table_7_dataset	individual_peer_fraction_below_observed_deg_lfc_spearman_sym_p05	mean_peer_baseline_deg_lfc_spearman_sym_fraction_below_observed_p05	0.8066255002751047	0.790025841090658	0.8217249560508695	0.015849557480105747	bca	ok	0.95	2000	2000	1184	1173	299	pubchem_cid			95% BCa bootstrap CI clustered by PubChem compound; uncertainty is over the observed compound panel, not broader chemical space.
dilimap_train_val	table_7_dataset	individual_peer_corrected_percentile_deg_lfc_spearman_sym_p05	mean_peer_baseline_deg_lfc_spearman_sym_corrected_percentile_p05	0.8093294226872843	0.792097322645068	0.8251905000019206	0.01654658867842629	bca	ok	0.95	2000	2000	1184	1173	299	pubchem_cid			95% BCa bootstrap CI clustered by PubChem compound; uncertainty is over the observed compound panel, not broader chemical space.
dilimap_train_val	table_7_dataset	delta_vs_individual_peer_deg_lfc_spearman_sym_p05	mean_delta_vs_peer_baseline_deg_lfc_spearman_sym_p05	0.32240802862900836	0.2987582473496023	0.34650689986496036	0.02387432625767902	bca	ok	0.95	2000	2000	1184	1173	299	pubchem_cid			95% BCa bootstrap CI clustered by PubChem compound; uncertainty is over the observed compound panel, not broader chemical space.
dilimap_train_val	table_7_dataset	dataset_normalized_observed_deg_lfc_spearman_sym_p05	mean_replicate_deg_lfc_spearman_sym_p05_normalized_dataset	0.23260999838298912	0.20613784633838073	0.2608381683282073	0.027350160994913275	bca	ok	0.95	2000	2000	1184	1182	299	pubchem_cid			95% BCa bootstrap CI clustered by PubChem compound; uncertainty is over the observed compound panel, not broader chemical space.
dilimap_train_val	table_7_dataset	dataset_normalized_centroid_baseline_deg_lfc_spearman_sym_p05	mean_baseline_pair_deg_lfc_spearman_sym_p05_normalized_dataset	0.06693024227433791	0.0494893518851999	0.08339785053207505	0.016954249323437573	bca	ok	0.95	2000	2000	1184	1176	299	pubchem_cid			95% BCa bootstrap CI clustered by PubChem compound; uncertainty is over the observed compound panel, not broader chemical space.
dilimap_train_val	table_7_dataset	dataset_normalized_delta_vs_centroid_deg_lfc_spearman_sym_p05	mean_delta_vs_baseline_pair_deg_lfc_spearman_sym_p05_normalized_dataset	0.16491959576974613	0.13771808059225413	0.19692903808726836	0.029605478747507116	bca	ok	0.95	2000	2000	1184	1174	299	pubchem_cid			95% BCa bootstrap CI clustered by PubChem compound; uncertainty is over the observed compound panel, not broader chemical space.
dilimap_train_val	table_7_dataset	dataset_normalized_individual_peer_mean_deg_lfc_spearman_sym_p05	mean_peer_baseline_deg_lfc_spearman_sym_p05_normalized_dataset	-0.034498657915826916	-0.03913325133309003	-0.029681320373552495	0.004725965479768767	bca	ok	0.95	2000	2000	1184	1174	299	pubchem_cid			95% BCa bootstrap CI clustered by PubChem compound; uncertainty is over the observed compound panel, not broader chemical space.
dilimap_train_val	table_7_dataset	dataset_normalized_individual_peer_sd_deg_lfc_spearman_sym_p05	mean_peer_baseline_deg_lfc_spearman_sym_sd_p05_normalized_dataset	0.26245556137669357	0.2557619331545428	0.2689160790355414	0.006577072940499279	bca	ok	0.95	2000	2000	1184	1174	299	pubchem_cid			95% BCa bootstrap CI clustered by PubChem compound; uncertainty is over the observed compound panel, not broader chemical space.
dilimap_train_val	table_7_dataset	dataset_normalized_individual_peer_fraction_below_observed_deg_lfc_spearman_sym_p05	mean_peer_baseline_deg_lfc_spearman_sym_fraction_below_observed_p05_normalized_dataset	0.7449770565842069	0.7249210632004205	0.7639595013278054	0.019519219063692472	bca	ok	0.95	2000	2000	1184	1174	299	pubchem_cid			95% BCa bootstrap CI clustered by PubChem compound; uncertainty is over the observed compound panel, not broader chemical space.
dilimap_train_val	table_7_dataset	dataset_normalized_individual_peer_corrected_percentile_deg_lfc_spearman_sym_p05	mean_peer_baseline_deg_lfc_spearman_sym_corrected_percentile_p05_normalized_dataset	0.7483958104936635	0.7283346058661138	0.7675970131066062	0.01963120362024623	bca	ok	0.95	2000	2000	1184	1174	299	pubchem_cid			95% BCa bootstrap CI clustered by PubChem compound; uncertainty is over the observed compound panel, not broader chemical space.
dilimap_train_val	table_7_dataset	dataset_normalized_delta_vs_individual_peer_deg_lfc_spearman_sym_p05	mean_delta_vs_peer_baseline_deg_lfc_spearman_sym_p05_normalized_dataset	0.2668409846889064	0.24063785945757152	0.2947623016970436	0.027062221119736038	bca	ok	0.95	2000	2000	1184	1174	299	pubchem_cid			95% BCa bootstrap CI clustered by PubChem compound; uncertainty is over the observed compound panel, not broader chemical space.
dilimap_train_val	table_7_dataset	dataset_cell_type_normalized_observed_deg_lfc_spearman_sym_p05	mean_replicate_deg_lfc_spearman_sym_p05_normalized_dataset_cell_type	0.23260999838298912	0.2051822276805605	0.259479836435557	0.027148804377498253	bca	ok	0.95	2000	2000	1184	1182	299	pubchem_cid			95% BCa bootstrap CI clustered by PubChem compound; uncertainty is over the observed compound panel, not broader chemical space.
dilimap_train_val	table_7_dataset	dataset_cell_type_normalized_centroid_baseline_deg_lfc_spearman_sym_p05	mean_baseline_pair_deg_lfc_spearman_sym_p05_normalized_dataset_cell_type	0.06693024227433791	0.0507560699577529	0.08384935958654155	0.016546644814394326	bca	ok	0.95	2000	2000	1184	1176	299	pubchem_cid			95% BCa bootstrap CI clustered by PubChem compound; uncertainty is over the observed compound panel, not broader chemical space.
dilimap_train_val	table_7_dataset	dataset_cell_type_normalized_delta_vs_centroid_deg_lfc_spearman_sym_p05	mean_delta_vs_baseline_pair_deg_lfc_spearman_sym_p05_normalized_dataset_cell_type	0.16491959576974613	0.1364759048029838	0.19649147497320094	0.030007785085108568	bca	ok	0.95	2000	2000	1184	1174	299	pubchem_cid			95% BCa bootstrap CI clustered by PubChem compound; uncertainty is over the observed compound panel, not broader chemical space.
dilimap_train_val	table_7_dataset	dataset_cell_type_normalized_individual_peer_mean_deg_lfc_spearman_sym_p05	mean_peer_baseline_deg_lfc_spearman_sym_p05_normalized_dataset_cell_type	-0.034498657915826916	-0.03961030829453281	-0.029857190056770046	0.004876559118881383	bca	ok	0.95	2000	2000	1184	1174	299	pubchem_cid			95% BCa bootstrap CI clustered by PubChem compound; uncertainty is over the observed compound panel, not broader chemical space.
dilimap_train_val	table_7_dataset	dataset_cell_type_normalized_individual_peer_sd_deg_lfc_spearman_sym_p05	mean_peer_baseline_deg_lfc_spearman_sym_sd_p05_normalized_dataset_cell_type	0.26245556137669357	0.25624526185603463	0.26938936953196985	0.006572053837967606	bca	ok	0.95	2000	2000	1184	1174	299	pubchem_cid			95% BCa bootstrap CI clustered by PubChem compound; uncertainty is over the observed compound panel, not broader chemical space.
dilimap_train_val	table_7_dataset	dataset_cell_type_normalized_individual_peer_fraction_below_observed_deg_lfc_spearman_sym_p05	mean_peer_baseline_deg_lfc_spearman_sym_fraction_below_observed_p05_normalized_dataset_cell_type	0.7449770565842069	0.725054537392772	0.7636504997985788	0.01929798120290338	bca	ok	0.95	2000	2000	1184	1174	299	pubchem_cid			95% BCa bootstrap CI clustered by PubChem compound; uncertainty is over the observed compound panel, not broader chemical space.
dilimap_train_val	table_7_dataset	dataset_cell_type_normalized_individual_peer_corrected_percentile_deg_lfc_spearman_sym_p05	mean_peer_baseline_deg_lfc_spearman_sym_corrected_percentile_p05_normalized_dataset_cell_type	0.7483958104936635	0.7284889975165176	0.7677161718450914	0.019613587164286905	bca	ok	0.95	2000	2000	1184	1174	299	pubchem_cid			95% BCa bootstrap CI clustered by PubChem compound; uncertainty is over the observed compound panel, not broader chemical space.
dilimap_train_val	table_7_dataset	dataset_cell_type_normalized_delta_vs_individual_peer_deg_lfc_spearman_sym_p05	mean_delta_vs_peer_baseline_deg_lfc_spearman_sym_p05_normalized_dataset_cell_type	0.2668409846889064	0.24201748879300528	0.2960904970184267	0.02703650411271072	bca	ok	0.95	2000	2000	1184	1174	299	pubchem_cid			95% BCa bootstrap CI clustered by PubChem compound; uncertainty is over the observed compound panel, not broader chemical space.
gdpx2	table_7_dataset	observed_deg_lfc_spearman_sym_p05	mean_replicate_deg_lfc_spearman_sym_p05	0.6433699664219742	0.60613682572247	0.6809914940020518	0.037427334139790935	bca	ok	0.95	2000	2000	2064	1086	86	pubchem_cid			95% BCa bootstrap CI clustered by PubChem compound; uncertainty is over the observed compound panel, not broader chemical space.
gdpx2	table_7_dataset	centroid_baseline_deg_lfc_spearman_sym_p05	mean_baseline_pair_deg_lfc_spearman_sym_p05	0.3707051569990443	0.34104847561163776	0.3963555898615146	0.027653557124938416	bca	ok	0.95	2000	2000	2064	1348	86	pubchem_cid			95% BCa bootstrap CI clustered by PubChem compound; uncertainty is over the observed compound panel, not broader chemical space.
gdpx2	table_7_dataset	delta_vs_centroid_deg_lfc_spearman_sym_p05	mean_delta_vs_baseline_pair_deg_lfc_spearman_sym_p05	0.2508056920940472	0.22160300292402538	0.28402346157705094	0.03121022932651278	bca	ok	0.95	2000	2000	2064	1086	86	pubchem_cid			95% BCa bootstrap CI clustered by PubChem compound; uncertainty is over the observed compound panel, not broader chemical space.
gdpx2	table_7_dataset	individual_peer_mean_deg_lfc_spearman_sym_p05	mean_peer_baseline_deg_lfc_spearman_sym_p05	0.09208583584919904	0.08387772993274956	0.10012666070809831	0.008124465387674376	bca	ok	0.95	2000	2000	2064	1086	86	pubchem_cid			95% BCa bootstrap CI clustered by PubChem compound; uncertainty is over the observed compound panel, not broader chemical space.
gdpx2	table_7_dataset	individual_peer_sd_deg_lfc_spearman_sym_p05	mean_peer_baseline_deg_lfc_spearman_sym_sd_p05	0.22882977980964705	0.2165265887918869	0.24118815365313917	0.01233078243062613	bca	ok	0.95	2000	2000	2064	1086	86	pubchem_cid			95% BCa bootstrap CI clustered by PubChem compound; uncertainty is over the observed compound panel, not broader chemical space.
gdpx2	table_7_dataset	individual_peer_fraction_below_observed_deg_lfc_spearman_sym_p05	mean_peer_baseline_deg_lfc_spearman_sym_fraction_below_observed_p05	0.9298814836396306	0.9150781970400376	0.9430114020935388	0.013966602526750638	bca	ok	0.95	2000	2000	2064	1086	86	pubchem_cid			95% BCa bootstrap CI clustered by PubChem compound; uncertainty is over the observed compound panel, not broader chemical space.
gdpx2	table_7_dataset	individual_peer_corrected_percentile_deg_lfc_spearman_sym_p05	mean_peer_baseline_deg_lfc_spearman_sym_corrected_percentile_p05	0.9301543183336399	0.9154309266660042	0.9425781672224849	0.013573620278240328	bca	ok	0.95	2000	2000	2064	1086	86	pubchem_cid			95% BCa bootstrap CI clustered by PubChem compound; uncertainty is over the observed compound panel, not broader chemical space.
gdpx2	table_7_dataset	delta_vs_individual_peer_deg_lfc_spearman_sym_p05	mean_delta_vs_peer_baseline_deg_lfc_spearman_sym_p05	0.5512841305727751	0.5163697300337393	0.5893599147293545	0.03649509234780757	bca	ok	0.95	2000	2000	2064	1086	86	pubchem_cid			95% BCa bootstrap CI clustered by PubChem compound; uncertainty is over the observed compound panel, not broader chemical space.
gdpx2	table_7_dataset	dataset_normalized_observed_deg_lfc_spearman_sym_p05	mean_replicate_deg_lfc_spearman_sym_p05_normalized_dataset	0.5904478584433095	0.5492029953086454	0.633642168482168	0.04221958658676134	bca	ok	0.95	2000	2000	2064	1084	86	pubchem_cid			95% BCa bootstrap CI clustered by PubChem compound; uncertainty is over the observed compound panel, not broader chemical space.
gdpx2	table_7_dataset	dataset_normalized_centroid_baseline_deg_lfc_spearman_sym_p05	mean_baseline_pair_deg_lfc_spearman_sym_p05_normalized_dataset	0.22917047356098041	0.20388215202838392	0.2519815593286709	0.024049703650143486	bca	ok	0.95	2000	2000	2064	1338	86	pubchem_cid			95% BCa bootstrap CI clustered by PubChem compound; uncertainty is over the observed compound panel, not broader chemical space.
gdpx2	table_7_dataset	dataset_normalized_delta_vs_centroid_deg_lfc_spearman_sym_p05	mean_delta_vs_baseline_pair_deg_lfc_spearman_sym_p05_normalized_dataset	0.35476294926808366	0.3098116370320187	0.40632514215435606	0.04825675256116868	bca	ok	0.95	2000	2000	2064	1084	86	pubchem_cid			95% BCa bootstrap CI clustered by PubChem compound; uncertainty is over the observed compound panel, not broader chemical space.
gdpx2	table_7_dataset	dataset_normalized_individual_peer_mean_deg_lfc_spearman_sym_p05	mean_peer_baseline_deg_lfc_spearman_sym_p05_normalized_dataset	0.026756245369628	0.020437275171717968	0.0323691245835035	0.005965924705892767	bca	ok	0.95	2000	2000	2064	1084	86	pubchem_cid			95% BCa bootstrap CI clustered by PubChem compound; uncertainty is over the observed compound panel, not broader chemical space.
gdpx2	table_7_dataset	dataset_normalized_individual_peer_sd_deg_lfc_spearman_sym_p05	mean_peer_baseline_deg_lfc_spearman_sym_sd_p05_normalized_dataset	0.23012445707149604	0.21690895058357443	0.24118260720914	0.012136828312782788	bca	ok	0.95	2000	2000	2064	1084	86	pubchem_cid			95% BCa bootstrap CI clustered by PubChem compound; uncertainty is over the observed compound panel, not broader chemical space.
gdpx2	table_7_dataset	dataset_normalized_individual_peer_fraction_below_observed_deg_lfc_spearman_sym_p05	mean_peer_baseline_deg_lfc_spearman_sym_fraction_below_observed_p05_normalized_dataset	0.9082717462044878	0.889799663526913	0.9262042357371403	0.018202286105113652	bca	ok	0.95	2000	2000	2064	1084	86	pubchem_cid			95% BCa bootstrap CI clustered by PubChem compound; uncertainty is over the observed compound panel, not broader chemical space.
gdpx2	table_7_dataset	dataset_normalized_individual_peer_corrected_percentile_deg_lfc_spearman_sym_p05	mean_peer_baseline_deg_lfc_spearman_sym_corrected_percentile_p05_normalized_dataset	0.9086286654799568	0.8888918495767685	0.9263111419791094	0.018709646201170438	bca	ok	0.95	2000	2000	2064	1084	86	pubchem_cid			95% BCa bootstrap CI clustered by PubChem compound; uncertainty is over the observed compound panel, not broader chemical space.
gdpx2	table_7_dataset	dataset_normalized_delta_vs_individual_peer_deg_lfc_spearman_sym_p05	mean_delta_vs_peer_baseline_deg_lfc_spearman_sym_p05_normalized_dataset	0.5636916130736817	0.5225850383669411	0.6083690093923221	0.04289198551269047	bca	ok	0.95	2000	2000	2064	1084	86	pubchem_cid			95% BCa bootstrap CI clustered by PubChem compound; uncertainty is over the observed compound panel, not broader chemical space.
gdpx2	table_7_dataset	dataset_cell_type_normalized_observed_deg_lfc_spearman_sym_p05	mean_replicate_deg_lfc_spearman_sym_p05_normalized_dataset_cell_type	0.5830243959002762	0.5433096719899019	0.6272315354619518	0.04196093173602494	bca	ok	0.95	2000	2000	2064	1082	86	pubchem_cid			95% BCa bootstrap CI clustered by PubChem compound; uncertainty is over the observed compound panel, not broader chemical space.
gdpx2	table_7_dataset	dataset_cell_type_normalized_centroid_baseline_deg_lfc_spearman_sym_p05	mean_baseline_pair_deg_lfc_spearman_sym_p05_normalized_dataset_cell_type	0.06264728532850283	0.03434441377884909	0.09040406043299885	0.028029823327074883	bca	ok	0.95	2000	2000	2064	1318	86	pubchem_cid			95% BCa bootstrap CI clustered by PubChem compound; uncertainty is over the observed compound panel, not broader chemical space.
gdpx2	table_7_dataset	dataset_cell_type_normalized_delta_vs_centroid_deg_lfc_spearman_sym_p05	mean_delta_vs_baseline_pair_deg_lfc_spearman_sym_p05_normalized_dataset_cell_type	0.5055875292566374	0.4557136431435539	0.5634329400530772	0.053859648454761655	bca	ok	0.95	2000	2000	2064	1082	86	pubchem_cid			95% BCa bootstrap CI clustered by PubChem compound; uncertainty is over the observed compound panel, not broader chemical space.
gdpx2	table_7_dataset	dataset_cell_type_normalized_individual_peer_mean_deg_lfc_spearman_sym_p05	mean_peer_baseline_deg_lfc_spearman_sym_p05_normalized_dataset_cell_type	-0.017686031396120894	-0.02439263727842371	-0.0114396518741076	0.006476492702158055	bca	ok	0.95	2000	2000	2064	1082	86	pubchem_cid			95% BCa bootstrap CI clustered by PubChem compound; uncertainty is over the observed compound panel, not broader chemical space.
gdpx2	table_7_dataset	dataset_cell_type_normalized_individual_peer_sd_deg_lfc_spearman_sym_p05	mean_peer_baseline_deg_lfc_spearman_sym_sd_p05_normalized_dataset_cell_type	0.23437921911344367	0.22149745864738948	0.24815825214034992	0.01333039674648022	bca	ok	0.95	2000	2000	2064	1082	86	pubchem_cid			95% BCa bootstrap CI clustered by PubChem compound; uncertainty is over the observed compound panel, not broader chemical space.
gdpx2	table_7_dataset	dataset_cell_type_normalized_individual_peer_fraction_below_observed_deg_lfc_spearman_sym_p05	mean_peer_baseline_deg_lfc_spearman_sym_fraction_below_observed_p05_normalized_dataset_cell_type	0.9047169705090331	0.8848099929757288	0.9230288884480576	0.01910944773616441	bca	ok	0.95	2000	2000	2064	1082	86	pubchem_cid			95% BCa bootstrap CI clustered by PubChem compound; uncertainty is over the observed compound panel, not broader chemical space.
gdpx2	table_7_dataset	dataset_cell_type_normalized_individual_peer_corrected_percentile_deg_lfc_spearman_sym_p05	mean_peer_baseline_deg_lfc_spearman_sym_corrected_percentile_p05_normalized_dataset_cell_type	0.9050877215965465	0.8838335822166097	0.9237553370635465	0.019960877423468415	bca	ok	0.95	2000	2000	2064	1082	86	pubchem_cid			95% BCa bootstrap CI clustered by PubChem compound; uncertainty is over the observed compound panel, not broader chemical space.
gdpx2	table_7_dataset	dataset_cell_type_normalized_delta_vs_individual_peer_deg_lfc_spearman_sym_p05	mean_delta_vs_peer_baseline_deg_lfc_spearman_sym_p05_normalized_dataset_cell_type	0.6007104272963969	0.5552078786697444	0.64540982765367	0.04510097449196282	bca	ok	0.95	2000	2000	2064	1082	86	pubchem_cid			95% BCa bootstrap CI clustered by PubChem compound; uncertainty is over the observed compound panel, not broader chemical space.
l1000_phase1	table_7_dataset	observed_deg_lfc_spearman_sym_p05	mean_replicate_deg_lfc_spearman_sym_p05	0.08542525751092879	0.057917751629389905	0.12122817020400578	0.03165520928730794	bca	ok	0.95	2000	2000	2517	2447	271	pubchem_cid			95% BCa bootstrap CI clustered by PubChem compound; uncertainty is over the observed compound panel, not broader chemical space.
l1000_phase1	table_7_dataset	centroid_baseline_deg_lfc_spearman_sym_p05	mean_baseline_pair_deg_lfc_spearman_sym_p05	0.2561609509481132	0.23726594417191174	0.27506594161484305	0.018899998721465652	bca	ok	0.95	2000	2000	2517	2434	271	pubchem_cid			95% BCa bootstrap CI clustered by PubChem compound; uncertainty is over the observed compound panel, not broader chemical space.
l1000_phase1	table_7_dataset	delta_vs_centroid_deg_lfc_spearman_sym_p05	mean_delta_vs_baseline_pair_deg_lfc_spearman_sym_p05	-0.17501082210769567	-0.19569291580873988	-0.14634814470781993	0.024672385550459974	bca	ok	0.95	2000	2000	2517	2371	270	pubchem_cid			95% BCa bootstrap CI clustered by PubChem compound; uncertainty is over the observed compound panel, not broader chemical space.
l1000_phase1	table_7_dataset	individual_peer_mean_deg_lfc_spearman_sym_p05	mean_peer_baseline_deg_lfc_spearman_sym_p05	-0.011584969076220288	-0.021907685409229865	-0.0005241228720625558	0.010691781268583654	bca	ok	0.95	2000	2000	2517	2371	270	pubchem_cid			95% BCa bootstrap CI clustered by PubChem compound; uncertainty is over the observed compound panel, not broader chemical space.
l1000_phase1	table_7_dataset	individual_peer_sd_deg_lfc_spearman_sym_p05	mean_peer_baseline_deg_lfc_spearman_sym_sd_p05	0.2971364845726115	0.2882124035616421	0.30465406752792573	0.008220831983141802	bca	ok	0.95	2000	2000	2517	2371	270	pubchem_cid			95% BCa bootstrap CI clustered by PubChem compound; uncertainty is over the observed compound panel, not broader chemical space.
l1000_phase1	table_7_dataset	individual_peer_fraction_below_observed_deg_lfc_spearman_sym_p05	mean_peer_baseline_deg_lfc_spearman_sym_fraction_below_observed_p05	0.5874924500884446	0.5678407915937239	0.6124100937475591	0.022284651076917572	bca	ok	0.95	2000	2000	2517	2371	270	pubchem_cid			95% BCa bootstrap CI clustered by PubChem compound; uncertainty is over the observed compound panel, not broader chemical space.
l1000_phase1	table_7_dataset	individual_peer_corrected_percentile_deg_lfc_spearman_sym_p05	mean_peer_baseline_deg_lfc_spearman_sym_corrected_percentile_p05	0.5962709613163096	0.5765672515167718	0.6195530272932186	0.0214928878882234	bca	ok	0.95	2000	2000	2517	2371	270	pubchem_cid			95% BCa bootstrap CI clustered by PubChem compound; uncertainty is over the observed compound panel, not broader chemical space.
l1000_phase1	table_7_dataset	delta_vs_individual_peer_deg_lfc_spearman_sym_p05	mean_delta_vs_peer_baseline_deg_lfc_spearman_sym_p05	0.09466286608736127	0.07350166164685208	0.12279086253659652	0.024644600444872218	bca	ok	0.95	2000	2000	2517	2371	270	pubchem_cid			95% BCa bootstrap CI clustered by PubChem compound; uncertainty is over the observed compound panel, not broader chemical space.
l1000_phase1	table_7_dataset	dataset_normalized_observed_deg_lfc_spearman_sym_p05	mean_replicate_deg_lfc_spearman_sym_p05_normalized_dataset	0.07465854923024585	0.04920351273568533	0.10892766699689971	0.02986207713060719	bca	ok	0.95	2000	2000	2517	2447	271	pubchem_cid			95% BCa bootstrap CI clustered by PubChem compound; uncertainty is over the observed compound panel, not broader chemical space.
l1000_phase1	table_7_dataset	dataset_normalized_centroid_baseline_deg_lfc_spearman_sym_p05	mean_baseline_pair_deg_lfc_spearman_sym_p05_normalized_dataset	0.20531458893666515	0.18814166729584902	0.22214337728263295	0.01700085499339196	bca	ok	0.95	2000	2000	2517	2434	271	pubchem_cid			95% BCa bootstrap CI clustered by PubChem compound; uncertainty is over the observed compound panel, not broader chemical space.
l1000_phase1	table_7_dataset	dataset_normalized_delta_vs_centroid_deg_lfc_spearman_sym_p05	mean_delta_vs_baseline_pair_deg_lfc_spearman_sym_p05_normalized_dataset	-0.13499678945091914	-0.1564578621677617	-0.10684805340983623	0.024804904378962732	bca	ok	0.95	2000	2000	2517	2371	270	pubchem_cid			95% BCa bootstrap CI clustered by PubChem compound; uncertainty is over the observed compound panel, not broader chemical space.
l1000_phase1	table_7_dataset	dataset_normalized_individual_peer_mean_deg_lfc_spearman_sym_p05	mean_peer_baseline_deg_lfc_spearman_sym_p05_normalized_dataset	-0.02516738726143158	-0.034046811491579766	-0.015095803349924712	0.009475504070827527	bca	ok	0.95	2000	2000	2517	2371	270	pubchem_cid			95% BCa bootstrap CI clustered by PubChem compound; uncertainty is over the observed compound panel, not broader chemical space.
l1000_phase1	table_7_dataset	dataset_normalized_individual_peer_sd_deg_lfc_spearman_sym_p05	mean_peer_baseline_deg_lfc_spearman_sym_sd_p05_normalized_dataset	0.2945944317948983	0.2862454983548484	0.3020613476047059	0.00790792462492873	bca	ok	0.95	2000	2000	2517	2371	270	pubchem_cid			95% BCa bootstrap CI clustered by PubChem compound; uncertainty is over the observed compound panel, not broader chemical space.
l1000_phase1	table_7_dataset	dataset_normalized_individual_peer_fraction_below_observed_deg_lfc_spearman_sym_p05	mean_peer_baseline_deg_lfc_spearman_sym_fraction_below_observed_p05_normalized_dataset	0.5886806527626902	0.5693048427768301	0.6132631900826419	0.02197917365290586	bca	ok	0.95	2000	2000	2517	2371	270	pubchem_cid			95% BCa bootstrap CI clustered by PubChem compound; uncertainty is over the observed compound panel, not broader chemical space.
l1000_phase1	table_7_dataset	dataset_normalized_individual_peer_corrected_percentile_deg_lfc_spearman_sym_p05	mean_peer_baseline_deg_lfc_spearman_sym_corrected_percentile_p05_normalized_dataset	0.5974065042617318	0.5795606869681913	0.6206244698724946	0.020531891452151674	bca	ok	0.95	2000	2000	2517	2371	270	pubchem_cid			95% BCa bootstrap CI clustered by PubChem compound; uncertainty is over the observed compound panel, not broader chemical space.
l1000_phase1	table_7_dataset	dataset_normalized_delta_vs_individual_peer_deg_lfc_spearman_sym_p05	mean_delta_vs_peer_baseline_deg_lfc_spearman_sym_p05_normalized_dataset	0.09776319522297343	0.07491769848696773	0.12398389875794917	0.024533100135490718	bca	ok	0.95	2000	2000	2517	2371	270	pubchem_cid			95% BCa bootstrap CI clustered by PubChem compound; uncertainty is over the observed compound panel, not broader chemical space.
l1000_phase1	table_7_dataset	dataset_cell_type_normalized_observed_deg_lfc_spearman_sym_p05	mean_replicate_deg_lfc_spearman_sym_p05_normalized_dataset_cell_type	0.04427255298548326	0.018339101514728735	0.08081343460312435	0.031237166544197805	bca	ok	0.95	2000	2000	2517	2447	271	pubchem_cid			95% BCa bootstrap CI clustered by PubChem compound; uncertainty is over the observed compound panel, not broader chemical space.
l1000_phase1	table_7_dataset	dataset_cell_type_normalized_centroid_baseline_deg_lfc_spearman_sym_p05	mean_baseline_pair_deg_lfc_spearman_sym_p05_normalized_dataset_cell_type	0.13741774804101584	0.12198075057312331	0.15458265500458923	0.01630095221573296	bca	ok	0.95	2000	2000	2517	2434	271	pubchem_cid			95% BCa bootstrap CI clustered by PubChem compound; uncertainty is over the observed compound panel, not broader chemical space.
l1000_phase1	table_7_dataset	dataset_cell_type_normalized_delta_vs_centroid_deg_lfc_spearman_sym_p05	mean_delta_vs_baseline_pair_deg_lfc_spearman_sym_p05_normalized_dataset_cell_type	-0.09717396560534097	-0.11779864900074982	-0.07011648254258679	0.023841083229081517	bca	ok	0.95	2000	2000	2517	2371	270	pubchem_cid			95% BCa bootstrap CI clustered by PubChem compound; uncertainty is over the observed compound panel, not broader chemical space.
l1000_phase1	table_7_dataset	dataset_cell_type_normalized_individual_peer_mean_deg_lfc_spearman_sym_p05	mean_peer_baseline_deg_lfc_spearman_sym_p05_normalized_dataset_cell_type	-0.053724795909576815	-0.061921999406104225	-0.043462125733344736	0.009229936836379744	bca	ok	0.95	2000	2000	2517	2371	270	pubchem_cid			95% BCa bootstrap CI clustered by PubChem compound; uncertainty is over the observed compound panel, not broader chemical space.
l1000_phase1	table_7_dataset	dataset_cell_type_normalized_individual_peer_sd_deg_lfc_spearman_sym_p05	mean_peer_baseline_deg_lfc_spearman_sym_sd_p05_normalized_dataset_cell_type	0.2953160668365065	0.2860680057996769	0.3032361616017412	0.008584077901032161	bca	ok	0.95	2000	2000	2517	2371	270	pubchem_cid			95% BCa bootstrap CI clustered by PubChem compound; uncertainty is over the observed compound panel, not broader chemical space.
l1000_phase1	table_7_dataset	dataset_cell_type_normalized_individual_peer_fraction_below_observed_deg_lfc_spearman_sym_p05	mean_peer_baseline_deg_lfc_spearman_sym_fraction_below_observed_p05_normalized_dataset_cell_type	0.5857060344582755	0.567309258140975	0.6127871536539928	0.02273894775650892	bca	ok	0.95	2000	2000	2517	2371	270	pubchem_cid			95% BCa bootstrap CI clustered by PubChem compound; uncertainty is over the observed compound panel, not broader chemical space.
l1000_phase1	table_7_dataset	dataset_cell_type_normalized_individual_peer_corrected_percentile_deg_lfc_spearman_sym_p05	mean_peer_baseline_deg_lfc_spearman_sym_corrected_percentile_p05_normalized_dataset_cell_type	0.5943609921585931	0.5764158377965726	0.617178554315925	0.02038135825967624	bca	ok	0.95	2000	2000	2517	2371	270	pubchem_cid			95% BCa bootstrap CI clustered by PubChem compound; uncertainty is over the observed compound panel, not broader chemical space.
l1000_phase1	table_7_dataset	dataset_cell_type_normalized_delta_vs_individual_peer_deg_lfc_spearman_sym_p05	mean_delta_vs_peer_baseline_deg_lfc_spearman_sym_p05_normalized_dataset_cell_type	0.09702119918176316	0.07610367300005078	0.12311983799709209	0.023508082498520655	bca	ok	0.95	2000	2000	2517	2371	270	pubchem_cid			95% BCa bootstrap CI clustered by PubChem compound; uncertainty is over the observed compound panel, not broader chemical space.
l1000_phase2	table_7_dataset	observed_deg_lfc_spearman_sym_p05	mean_replicate_deg_lfc_spearman_sym_p05	0.012662600963919033	-0.02334597127262748	0.04992901995523801	0.036637495613932744	bca	ok	0.95	2000	2000	2729	2700	226	pubchem_cid			95% BCa bootstrap CI clustered by PubChem compound; uncertainty is over the observed compound panel, not broader chemical space.
l1000_phase2	table_7_dataset	centroid_baseline_deg_lfc_spearman_sym_p05	mean_baseline_pair_deg_lfc_spearman_sym_p05	0.21836082834481996	0.20155667684550513	0.23900914502226395	0.01872623408837941	bca	ok	0.95	2000	2000	2729	2726	226	pubchem_cid			95% BCa bootstrap CI clustered by PubChem compound; uncertainty is over the observed compound panel, not broader chemical space.
l1000_phase2	table_7_dataset	delta_vs_centroid_deg_lfc_spearman_sym_p05	mean_delta_vs_baseline_pair_deg_lfc_spearman_sym_p05	-0.20744153908314628	-0.23353724561109837	-0.18014944537258107	0.02669390011925865	bca	ok	0.95	2000	2000	2729	2697	226	pubchem_cid			95% BCa bootstrap CI clustered by PubChem compound; uncertainty is over the observed compound panel, not broader chemical space.
l1000_phase2	table_7_dataset	individual_peer_mean_deg_lfc_spearman_sym_p05	mean_peer_baseline_deg_lfc_spearman_sym_p05	-0.09129029896602639	-0.10173908943250279	-0.08070654773775104	0.010516270847375872	bca	ok	0.95	2000	2000	2729	2697	226	pubchem_cid			95% BCa bootstrap CI clustered by PubChem compound; uncertainty is over the observed compound panel, not broader chemical space.
l1000_phase2	table_7_dataset	individual_peer_sd_deg_lfc_spearman_sym_p05	mean_peer_baseline_deg_lfc_spearman_sym_sd_p05	0.29417662763803554	0.28719689026506673	0.3005317390548521	0.006667424394892679	bca	ok	0.95	2000	2000	2729	2697	226	pubchem_cid			95% BCa bootstrap CI clustered by PubChem compound; uncertainty is over the observed compound panel, not broader chemical space.
l1000_phase2	table_7_dataset	individual_peer_fraction_below_observed_deg_lfc_spearman_sym_p05	mean_peer_baseline_deg_lfc_spearman_sym_fraction_below_observed_p05	0.5957502664176074	0.5713176819058915	0.6226802029636423	0.025681260528875427	bca	ok	0.95	2000	2000	2729	2697	226	pubchem_cid			95% BCa bootstrap CI clustered by PubChem compound; uncertainty is over the observed compound panel, not broader chemical space.
l1000_phase2	table_7_dataset	individual_peer_corrected_percentile_deg_lfc_spearman_sym_p05	mean_peer_baseline_deg_lfc_spearman_sym_corrected_percentile_p05	0.5985012038958782	0.575689623840863	0.6256688558421213	0.024989616000629156	bca	ok	0.95	2000	2000	2729	2697	226	pubchem_cid			95% BCa bootstrap CI clustered by PubChem compound; uncertainty is over the observed compound panel, not broader chemical space.
l1000_phase2	table_7_dataset	delta_vs_individual_peer_deg_lfc_spearman_sym_p05	mean_delta_vs_peer_baseline_deg_lfc_spearman_sym_p05	0.10373153690357834	0.07724353839810601	0.1358931914386907	0.029324826520292342	bca	ok	0.95	2000	2000	2729	2697	226	pubchem_cid			95% BCa bootstrap CI clustered by PubChem compound; uncertainty is over the observed compound panel, not broader chemical space.
l1000_phase2	table_7_dataset	dataset_normalized_observed_deg_lfc_spearman_sym_p05	mean_replicate_deg_lfc_spearman_sym_p05_normalized_dataset	0.016583093725376738	-0.016778931231115866	0.05722000440200616	0.036999467816561014	bca	ok	0.95	2000	2000	2729	2700	226	pubchem_cid			95% BCa bootstrap CI clustered by PubChem compound; uncertainty is over the observed compound panel, not broader chemical space.
l1000_phase2	table_7_dataset	dataset_normalized_centroid_baseline_deg_lfc_spearman_sym_p05	mean_baseline_pair_deg_lfc_spearman_sym_p05_normalized_dataset	0.14643772760494667	0.1319627131196492	0.16274000764844793	0.015388647264399369	bca	ok	0.95	2000	2000	2729	2726	226	pubchem_cid			95% BCa bootstrap CI clustered by PubChem compound; uncertainty is over the observed compound panel, not broader chemical space.
l1000_phase2	table_7_dataset	dataset_normalized_delta_vs_centroid_deg_lfc_spearman_sym_p05	mean_delta_vs_baseline_pair_deg_lfc_spearman_sym_p05_normalized_dataset	-0.1328487576654319	-0.1596431236848546	-0.10299573738187214	0.028323693151491226	bca	ok	0.95	2000	2000	2729	2697	226	pubchem_cid			95% BCa bootstrap CI clustered by PubChem compound; uncertainty is over the observed compound panel, not broader chemical space.
l1000_phase2	table_7_dataset	dataset_normalized_individual_peer_mean_deg_lfc_spearman_sym_p05	mean_peer_baseline_deg_lfc_spearman_sym_p05_normalized_dataset	-0.09856362068242094	-0.1056518420649945	-0.09053945258247018	0.007556194741262165	bca	ok	0.95	2000	2000	2729	2697	226	pubchem_cid			95% BCa bootstrap CI clustered by PubChem compound; uncertainty is over the observed compound panel, not broader chemical space.
l1000_phase2	table_7_dataset	dataset_normalized_individual_peer_sd_deg_lfc_spearman_sym_p05	mean_peer_baseline_deg_lfc_spearman_sym_sd_p05_normalized_dataset	0.28801512738107676	0.2818182552181563	0.29454178580301743	0.006361765292430571	bca	ok	0.95	2000	2000	2729	2697	226	pubchem_cid			95% BCa bootstrap CI clustered by PubChem compound; uncertainty is over the observed compound panel, not broader chemical space.
l1000_phase2	table_7_dataset	dataset_normalized_individual_peer_fraction_below_observed_deg_lfc_spearman_sym_p05	mean_peer_baseline_deg_lfc_spearman_sym_fraction_below_observed_p05_normalized_dataset	0.5996163545669301	0.5766899395836499	0.6276294280580154	0.025469744237182734	bca	ok	0.95	2000	2000	2729	2697	226	pubchem_cid			95% BCa bootstrap CI clustered by PubChem compound; uncertainty is over the observed compound panel, not broader chemical space.
l1000_phase2	table_7_dataset	dataset_normalized_individual_peer_corrected_percentile_deg_lfc_spearman_sym_p05	mean_peer_baseline_deg_lfc_spearman_sym_corrected_percentile_p05_normalized_dataset	0.6023103831791127	0.5774076541788586	0.6278608464197016	0.025226596120421496	bca	ok	0.95	2000	2000	2729	2697	226	pubchem_cid			95% BCa bootstrap CI clustered by PubChem compound; uncertainty is over the observed compound panel, not broader chemical space.
l1000_phase2	table_7_dataset	dataset_normalized_delta_vs_individual_peer_deg_lfc_spearman_sym_p05	mean_delta_vs_peer_baseline_deg_lfc_spearman_sym_p05_normalized_dataset	0.11483853851802259	0.08572682536240463	0.148155049520985	0.03121411207929018	bca	ok	0.95	2000	2000	2729	2697	226	pubchem_cid			95% BCa bootstrap CI clustered by PubChem compound; uncertainty is over the observed compound panel, not broader chemical space.
l1000_phase2	table_7_dataset	dataset_cell_type_normalized_observed_deg_lfc_spearman_sym_p05	mean_replicate_deg_lfc_spearman_sym_p05_normalized_dataset_cell_type	0.004967442964046722	-0.027099177517965086	0.041571070387417315	0.0343351239526912	bca	ok	0.95	2000	2000	2729	2700	226	pubchem_cid			95% BCa bootstrap CI clustered by PubChem compound; uncertainty is over the observed compound panel, not broader chemical space.
l1000_phase2	table_7_dataset	dataset_cell_type_normalized_centroid_baseline_deg_lfc_spearman_sym_p05	mean_baseline_pair_deg_lfc_spearman_sym_p05_normalized_dataset_cell_type	0.039903309498717524	0.025258289969324093	0.05491749282114587	0.01482960142591089	bca	ok	0.95	2000	2000	2729	2726	226	pubchem_cid			95% BCa bootstrap CI clustered by PubChem compound; uncertainty is over the observed compound panel, not broader chemical space.
l1000_phase2	table_7_dataset	dataset_cell_type_normalized_delta_vs_centroid_deg_lfc_spearman_sym_p05	mean_delta_vs_baseline_pair_deg_lfc_spearman_sym_p05_normalized_dataset_cell_type	-0.036263528580705584	-0.06459933319782153	-0.0033709180542608754	0.03061420757178033	bca	ok	0.95	2000	2000	2729	2697	226	pubchem_cid			95% BCa bootstrap CI clustered by PubChem compound; uncertainty is over the observed compound panel, not broader chemical space.
l1000_phase2	table_7_dataset	dataset_cell_type_normalized_individual_peer_mean_deg_lfc_spearman_sym_p05	mean_peer_baseline_deg_lfc_spearman_sym_p05_normalized_dataset_cell_type	-0.11935717518654292	-0.12467937417195935	-0.1128754182665423	0.005901977952708526	bca	ok	0.95	2000	2000	2729	2697	226	pubchem_cid			95% BCa bootstrap CI clustered by PubChem compound; uncertainty is over the observed compound panel, not broader chemical space.
l1000_phase2	table_7_dataset	dataset_cell_type_normalized_individual_peer_sd_deg_lfc_spearman_sym_p05	mean_peer_baseline_deg_lfc_spearman_sym_sd_p05_normalized_dataset_cell_type	0.28217079440663634	0.27585870609243346	0.2888230899009566	0.0064821919042615805	bca	ok	0.95	2000	2000	2729	2697	226	pubchem_cid			95% BCa bootstrap CI clustered by PubChem compound; uncertainty is over the observed compound panel, not broader chemical space.
l1000_phase2	table_7_dataset	dataset_cell_type_normalized_individual_peer_fraction_below_observed_deg_lfc_spearman_sym_p05	mean_peer_baseline_deg_lfc_spearman_sym_fraction_below_observed_p05_normalized_dataset_cell_type	0.6040175281714417	0.5790209602717835	0.6281194147456791	0.0245492272369478	bca	ok	0.95	2000	2000	2729	2697	226	pubchem_cid			95% BCa bootstrap CI clustered by PubChem compound; uncertainty is over the observed compound panel, not broader chemical space.
l1000_phase2	table_7_dataset	dataset_cell_type_normalized_individual_peer_corrected_percentile_deg_lfc_spearman_sym_p05	mean_peer_baseline_deg_lfc_spearman_sym_corrected_percentile_p05_normalized_dataset_cell_type	0.6066962074874866	0.5845814958386681	0.631066103210818	0.02324230368607494	bca	ok	0.95	2000	2000	2729	2697	226	pubchem_cid			95% BCa bootstrap CI clustered by PubChem compound; uncertainty is over the observed compound panel, not broader chemical space.
l1000_phase2	table_7_dataset	dataset_cell_type_normalized_delta_vs_individual_peer_deg_lfc_spearman_sym_p05	mean_delta_vs_peer_baseline_deg_lfc_spearman_sym_p05_normalized_dataset_cell_type	0.12406419715935289	0.09513819306517336	0.15693942883427744	0.03090061788455204	bca	ok	0.95	2000	2000	2729	2697	226	pubchem_cid			95% BCa bootstrap CI clustered by PubChem compound; uncertainty is over the observed compound panel, not broader chemical space.
novartis_batch_2500	table_7_dataset	observed_deg_lfc_spearman_sym_p05	mean_replicate_deg_lfc_spearman_sym_p05	0.2661379533851194	0.25904898572457336	0.27342003245755764	0.007185523366492141	bca	ok	0.95	2000	2000	15276	12634	3765	pubchem_cid			95% BCa bootstrap CI clustered by PubChem compound; uncertainty is over the observed compound panel, not broader chemical space.
novartis_batch_2500	table_7_dataset	centroid_baseline_deg_lfc_spearman_sym_p05	mean_baseline_pair_deg_lfc_spearman_sym_p05	0.40924547514989384	0.4036433231929545	0.4156959307409444	0.006026303773994962	bca	ok	0.95	2000	2000	15276	14721	3818	pubchem_cid			95% BCa bootstrap CI clustered by PubChem compound; uncertainty is over the observed compound panel, not broader chemical space.
novartis_batch_2500	table_7_dataset	delta_vs_centroid_deg_lfc_spearman_sym_p05	mean_delta_vs_baseline_pair_deg_lfc_spearman_sym_p05	-0.1449408313930808	-0.15269142084839443	-0.13667301587713263	0.008009202485630904	bca	ok	0.95	2000	2000	15276	12634	3765	pubchem_cid			95% BCa bootstrap CI clustered by PubChem compound; uncertainty is over the observed compound panel, not broader chemical space.
novartis_batch_2500	table_7_dataset	individual_peer_mean_deg_lfc_spearman_sym_p05	mean_peer_baseline_deg_lfc_spearman_sym_p05	0.06737275066921182	0.06606197706906555	0.06864888725092477	0.00129345509092961	bca	ok	0.95	2000	2000	15276	12634	3765	pubchem_cid			95% BCa bootstrap CI clustered by PubChem compound; uncertainty is over the observed compound panel, not broader chemical space.
novartis_batch_2500	table_7_dataset	individual_peer_sd_deg_lfc_spearman_sym_p05	mean_peer_baseline_deg_lfc_spearman_sym_sd_p05	0.3246174578941784	0.321546326418833	0.327676910651742	0.003065292116454482	bca	ok	0.95	2000	2000	15276	12634	3765	pubchem_cid			95% BCa bootstrap CI clustered by PubChem compound; uncertainty is over the observed compound panel, not broader chemical space.
novartis_batch_2500	table_7_dataset	individual_peer_fraction_below_observed_deg_lfc_spearman_sym_p05	mean_peer_baseline_deg_lfc_spearman_sym_fraction_below_observed_p05	0.6824758804687836	0.6769065706168348	0.6874280298000415	0.005260729591603341	bca	ok	0.95	2000	2000	15276	12634	3765	pubchem_cid			95% BCa bootstrap CI clustered by PubChem compound; uncertainty is over the observed compound panel, not broader chemical space.
novartis_batch_2500	table_7_dataset	individual_peer_corrected_percentile_deg_lfc_spearman_sym_p05	mean_peer_baseline_deg_lfc_spearman_sym_corrected_percentile_p05	0.683712122062037	0.6785869114964717	0.689573787091455	0.005493437797491674	bca	ok	0.95	2000	2000	15276	12634	3765	pubchem_cid			95% BCa bootstrap CI clustered by PubChem compound; uncertainty is over the observed compound panel, not broader chemical space.
novartis_batch_2500	table_7_dataset	delta_vs_individual_peer_deg_lfc_spearman_sym_p05	mean_delta_vs_peer_baseline_deg_lfc_spearman_sym_p05	0.19876520271590759	0.19175585906170817	0.2053709906781654	0.006807565808228611	bca	ok	0.95	2000	2000	15276	12634	3765	pubchem_cid			95% BCa bootstrap CI clustered by PubChem compound; uncertainty is over the observed compound panel, not broader chemical space.
novartis_batch_2500	table_7_dataset	dataset_normalized_observed_deg_lfc_spearman_sym_p05	mean_replicate_deg_lfc_spearman_sym_p05_normalized_dataset	0.24124250559506977	0.2340686603911337	0.24894348768877944	0.007437413648822874	bca	ok	0.95	2000	2000	15276	12568	3764	pubchem_cid			95% BCa bootstrap CI clustered by PubChem compound; uncertainty is over the observed compound panel, not broader chemical space.
novartis_batch_2500	table_7_dataset	dataset_normalized_centroid_baseline_deg_lfc_spearman_sym_p05	mean_baseline_pair_deg_lfc_spearman_sym_p05_normalized_dataset	0.1755276945462258	0.1690444611758928	0.18145999179697242	0.006207765310539806	bca	ok	0.95	2000	2000	15276	14686	3818	pubchem_cid			95% BCa bootstrap CI clustered by PubChem compound; uncertainty is over the observed compound panel, not broader chemical space.
novartis_batch_2500	table_7_dataset	dataset_normalized_delta_vs_centroid_deg_lfc_spearman_sym_p05	mean_delta_vs_baseline_pair_deg_lfc_spearman_sym_p05_normalized_dataset	0.06608979975315168	0.0569681313553736	0.07559056024286501	0.009311214443745705	bca	ok	0.95	2000	2000	15276	12568	3764	pubchem_cid			95% BCa bootstrap CI clustered by PubChem compound; uncertainty is over the observed compound panel, not broader chemical space.
novartis_batch_2500	table_7_dataset	dataset_normalized_individual_peer_mean_deg_lfc_spearman_sym_p05	mean_peer_baseline_deg_lfc_spearman_sym_p05_normalized_dataset	0.00039077756615181936	-0.0002490492590280884	0.0010025675180414478	0.0006258083885347681	bca	ok	0.95	2000	2000	15276	12568	3764	pubchem_cid			95% BCa bootstrap CI clustered by PubChem compound; uncertainty is over the observed compound panel, not broader chemical space.
novartis_batch_2500	table_7_dataset	dataset_normalized_individual_peer_sd_deg_lfc_spearman_sym_p05	mean_peer_baseline_deg_lfc_spearman_sym_sd_p05_normalized_dataset	0.3237079205281016	0.3208145986063059	0.326978542757241	0.0030819720754675373	bca	ok	0.95	2000	2000	15276	12568	3764	pubchem_cid			95% BCa bootstrap CI clustered by PubChem compound; uncertainty is over the observed compound panel, not broader chemical space.
novartis_batch_2500	table_7_dataset	dataset_normalized_individual_peer_fraction_below_observed_deg_lfc_spearman_sym_p05	mean_peer_baseline_deg_lfc_spearman_sym_fraction_below_observed_p05_normalized_dataset	0.7063756447883438	0.7006774083047401	0.7121294089164381	0.005726000305848966	bca	ok	0.95	2000	2000	15276	12568	3764	pubchem_cid			95% BCa bootstrap CI clustered by PubChem compound; uncertainty is over the observed compound panel, not broader chemical space.
novartis_batch_2500	table_7_dataset	dataset_normalized_individual_peer_corrected_percentile_deg_lfc_spearman_sym_p05	mean_peer_baseline_deg_lfc_spearman_sym_corrected_percentile_p05_normalized_dataset	0.7075182089410857	0.701889232416045	0.7127594894347203	0.005435128509337694	bca	ok	0.95	2000	2000	15276	12568	3764	pubchem_cid			95% BCa bootstrap CI clustered by PubChem compound; uncertainty is over the observed compound panel, not broader chemical space.
novartis_batch_2500	table_7_dataset	dataset_normalized_delta_vs_individual_peer_deg_lfc_spearman_sym_p05	mean_delta_vs_peer_baseline_deg_lfc_spearman_sym_p05_normalized_dataset	0.2408517280289179	0.23382099841169177	0.24793996181477296	0.007059481701540596	bca	ok	0.95	2000	2000	15276	12568	3764	pubchem_cid			95% BCa bootstrap CI clustered by PubChem compound; uncertainty is over the observed compound panel, not broader chemical space.
novartis_batch_2500	table_7_dataset	dataset_cell_type_normalized_observed_deg_lfc_spearman_sym_p05	mean_replicate_deg_lfc_spearman_sym_p05_normalized_dataset_cell_type	0.24124250559506977	0.23418100628981903	0.24840449869047682	0.0071117462003288945	bca	ok	0.95	2000	2000	15276	12568	3764	pubchem_cid			95% BCa bootstrap CI clustered by PubChem compound; uncertainty is over the observed compound panel, not broader chemical space.
novartis_batch_2500	table_7_dataset	dataset_cell_type_normalized_centroid_baseline_deg_lfc_spearman_sym_p05	mean_baseline_pair_deg_lfc_spearman_sym_p05_normalized_dataset_cell_type	0.1755276945462258	0.1692628033664687	0.18195379587385227	0.006345496253691782	bca	ok	0.95	2000	2000	15276	14686	3818	pubchem_cid			95% BCa bootstrap CI clustered by PubChem compound; uncertainty is over the observed compound panel, not broader chemical space.
novartis_batch_2500	table_7_dataset	dataset_cell_type_normalized_delta_vs_centroid_deg_lfc_spearman_sym_p05	mean_delta_vs_baseline_pair_deg_lfc_spearman_sym_p05_normalized_dataset_cell_type	0.06608979975315168	0.057103525243440985	0.07565527463894045	0.009275874697749733	bca	ok	0.95	2000	2000	15276	12568	3764	pubchem_cid			95% BCa bootstrap CI clustered by PubChem compound; uncertainty is over the observed compound panel, not broader chemical space.
novartis_batch_2500	table_7_dataset	dataset_cell_type_normalized_individual_peer_mean_deg_lfc_spearman_sym_p05	mean_peer_baseline_deg_lfc_spearman_sym_p05_normalized_dataset_cell_type	0.00039077756615181936	-0.0002555319899520792	0.001022686712856905	0.0006391093514044922	bca	ok	0.95	2000	2000	15276	12568	3764	pubchem_cid			95% BCa bootstrap CI clustered by PubChem compound; uncertainty is over the observed compound panel, not broader chemical space.
novartis_batch_2500	table_7_dataset	dataset_cell_type_normalized_individual_peer_sd_deg_lfc_spearman_sym_p05	mean_peer_baseline_deg_lfc_spearman_sym_sd_p05_normalized_dataset_cell_type	0.3237079205281016	0.32057239403878696	0.3269721046377586	0.0031998552994858265	bca	ok	0.95	2000	2000	15276	12568	3764	pubchem_cid			95% BCa bootstrap CI clustered by PubChem compound; uncertainty is over the observed compound panel, not broader chemical space.
novartis_batch_2500	table_7_dataset	dataset_cell_type_normalized_individual_peer_fraction_below_observed_deg_lfc_spearman_sym_p05	mean_peer_baseline_deg_lfc_spearman_sym_fraction_below_observed_p05_normalized_dataset_cell_type	0.7063756447883438	0.7005236541245043	0.7117572853764853	0.005616815625990479	bca	ok	0.95	2000	2000	15276	12568	3764	pubchem_cid			95% BCa bootstrap CI clustered by PubChem compound; uncertainty is over the observed compound panel, not broader chemical space.
novartis_batch_2500	table_7_dataset	dataset_cell_type_normalized_individual_peer_corrected_percentile_deg_lfc_spearman_sym_p05	mean_peer_baseline_deg_lfc_spearman_sym_corrected_percentile_p05_normalized_dataset_cell_type	0.7075182089410857	0.7021250545381558	0.7130057041762683	0.005440324819056264	bca	ok	0.95	2000	2000	15276	12568	3764	pubchem_cid			95% BCa bootstrap CI clustered by PubChem compound; uncertainty is over the observed compound panel, not broader chemical space.
novartis_batch_2500	table_7_dataset	dataset_cell_type_normalized_delta_vs_individual_peer_deg_lfc_spearman_sym_p05	mean_delta_vs_peer_baseline_deg_lfc_spearman_sym_p05_normalized_dataset_cell_type	0.2408517280289179	0.23344114554014553	0.24816719350710126	0.007363023983477865	bca	ok	0.95	2000	2000	15276	12568	3764	pubchem_cid			95% BCa bootstrap CI clustered by PubChem compound; uncertainty is over the observed compound panel, not broader chemical space.
op3	table_7_dataset	observed_deg_lfc_spearman_sym_p05	mean_replicate_deg_lfc_spearman_sym_p05	0.6313331797788256	0.5770883427146228	0.6741638523027177	0.04853775479404743	bca	ok	0.95	2000	2000	541	227	88	pubchem_cid			95% BCa bootstrap CI clustered by PubChem compound; uncertainty is over the observed compound panel, not broader chemical space.
op3	table_7_dataset	centroid_baseline_deg_lfc_spearman_sym_p05	mean_baseline_pair_deg_lfc_spearman_sym_p05	0.39128856308557114	0.31852381192170526	0.4540954633114052	0.06778582569484998	bca	ok	0.95	2000	2000	541	332	121	pubchem_cid			95% BCa bootstrap CI clustered by PubChem compound; uncertainty is over the observed compound panel, not broader chemical space.
op3	table_7_dataset	delta_vs_centroid_deg_lfc_spearman_sym_p05	mean_delta_vs_baseline_pair_deg_lfc_spearman_sym_p05	0.18189603278310934	0.11861403040310436	0.25201760199813045	0.06670178579751304	bca	ok	0.95	2000	2000	541	227	88	pubchem_cid			95% BCa bootstrap CI clustered by PubChem compound; uncertainty is over the observed compound panel, not broader chemical space.
op3	table_7_dataset	individual_peer_mean_deg_lfc_spearman_sym_p05	mean_peer_baseline_deg_lfc_spearman_sym_p05	0.13807348498512337	0.11055211215686854	0.1603382623073767	0.024893075075254074	bca	ok	0.95	2000	2000	541	227	88	pubchem_cid			95% BCa bootstrap CI clustered by PubChem compound; uncertainty is over the observed compound panel, not broader chemical space.
op3	table_7_dataset	individual_peer_sd_deg_lfc_spearman_sym_p05	mean_peer_baseline_deg_lfc_spearman_sym_sd_p05	0.3415144932710416	0.3145837898003188	0.37272326417046053	0.02906973718507086	bca	ok	0.95	2000	2000	541	227	88	pubchem_cid			95% BCa bootstrap CI clustered by PubChem compound; uncertainty is over the observed compound panel, not broader chemical space.
op3	table_7_dataset	individual_peer_fraction_below_observed_deg_lfc_spearman_sym_p05	mean_peer_baseline_deg_lfc_spearman_sym_fraction_below_observed_p05	0.8696081130690162	0.8372406961694111	0.9002839416293582	0.03152162272997355	bca	ok	0.95	2000	2000	541	227	88	pubchem_cid			95% BCa bootstrap CI clustered by PubChem compound; uncertainty is over the observed compound panel, not broader chemical space.
op3	table_7_dataset	individual_peer_corrected_percentile_deg_lfc_spearman_sym_p05	mean_peer_baseline_deg_lfc_spearman_sym_corrected_percentile_p05	0.8701154744967632	0.8370369881802014	0.8982874519786331	0.030625231899215843	bca	ok	0.95	2000	2000	541	227	88	pubchem_cid			95% BCa bootstrap CI clustered by PubChem compound; uncertainty is over the observed compound panel, not broader chemical space.
op3	table_7_dataset	delta_vs_individual_peer_deg_lfc_spearman_sym_p05	mean_delta_vs_peer_baseline_deg_lfc_spearman_sym_p05	0.49325969479370224	0.44686951786026397	0.5352600299118029	0.04419525602576946	bca	ok	0.95	2000	2000	541	227	88	pubchem_cid			95% BCa bootstrap CI clustered by PubChem compound; uncertainty is over the observed compound panel, not broader chemical space.
op3	table_7_dataset	dataset_normalized_observed_deg_lfc_spearman_sym_p05	mean_replicate_deg_lfc_spearman_sym_p05_normalized_dataset	0.5346186908110208	0.48295515439099046	0.580937211265943	0.04899102843747627	bca	ok	0.95	2000	2000	541	227	88	pubchem_cid			95% BCa bootstrap CI clustered by PubChem compound; uncertainty is over the observed compound panel, not broader chemical space.
op3	table_7_dataset	dataset_normalized_centroid_baseline_deg_lfc_spearman_sym_p05	mean_baseline_pair_deg_lfc_spearman_sym_p05_normalized_dataset	0.1984722816866618	0.14675138866901946	0.25048049833750446	0.0518645548342425	bca	ok	0.95	2000	2000	541	332	121	pubchem_cid			95% BCa bootstrap CI clustered by PubChem compound; uncertainty is over the observed compound panel, not broader chemical space.
op3	table_7_dataset	dataset_normalized_delta_vs_centroid_deg_lfc_spearman_sym_p05	mean_delta_vs_baseline_pair_deg_lfc_spearman_sym_p05_normalized_dataset	0.33011293273800885	0.26239872134770087	0.3920581345432333	0.06482970659776621	bca	ok	0.95	2000	2000	541	227	88	pubchem_cid			95% BCa bootstrap CI clustered by PubChem compound; uncertainty is over the observed compound panel, not broader chemical space.
op3	table_7_dataset	dataset_normalized_individual_peer_mean_deg_lfc_spearman_sym_p05	mean_peer_baseline_deg_lfc_spearman_sym_p05_normalized_dataset	0.01940303297490928	0.011477086255422545	0.027920601864840716	0.008221757804709086	bca	ok	0.95	2000	2000	541	227	88	pubchem_cid			95% BCa bootstrap CI clustered by PubChem compound; uncertainty is over the observed compound panel, not broader chemical space.
op3	table_7_dataset	dataset_normalized_individual_peer_sd_deg_lfc_spearman_sym_p05	mean_peer_baseline_deg_lfc_spearman_sym_sd_p05_normalized_dataset	0.33195774689640395	0.3064998422393165	0.3583451593157505	0.025922658538217014	bca	ok	0.95	2000	2000	541	227	88	pubchem_cid			95% BCa bootstrap CI clustered by PubChem compound; uncertainty is over the observed compound panel, not broader chemical space.
op3	table_7_dataset	dataset_normalized_individual_peer_fraction_below_observed_deg_lfc_spearman_sym_p05	mean_peer_baseline_deg_lfc_spearman_sym_fraction_below_observed_p05_normalized_dataset	0.8590078928046989	0.8228273594399488	0.886935548764786	0.0320540946624186	bca	ok	0.95	2000	2000	541	227	88	pubchem_cid			95% BCa bootstrap CI clustered by PubChem compound; uncertainty is over the observed compound panel, not broader chemical space.
op3	table_7_dataset	dataset_normalized_individual_peer_corrected_percentile_deg_lfc_spearman_sym_p05	mean_peer_baseline_deg_lfc_spearman_sym_corrected_percentile_p05_normalized_dataset	0.8595565002256924	0.825162872242561	0.8898385317922246	0.032337829774831794	bca	ok	0.95	2000	2000	541	227	88	pubchem_cid			95% BCa bootstrap CI clustered by PubChem compound; uncertainty is over the observed compound panel, not broader chemical space.
op3	table_7_dataset	dataset_normalized_delta_vs_individual_peer_deg_lfc_spearman_sym_p05	mean_delta_vs_peer_baseline_deg_lfc_spearman_sym_p05_normalized_dataset	0.5152156578361115	0.4677699358965208	0.562469767222656	0.047349915663067565	bca	ok	0.95	2000	2000	541	227	88	pubchem_cid			95% BCa bootstrap CI clustered by PubChem compound; uncertainty is over the observed compound panel, not broader chemical space.
op3	table_7_dataset	dataset_cell_type_normalized_observed_deg_lfc_spearman_sym_p05	mean_replicate_deg_lfc_spearman_sym_p05_normalized_dataset_cell_type	0.4681733088730686	0.40832744668133325	0.5245337562363892	0.05810315477752798	bca	ok	0.95	2000	2000	541	227	88	pubchem_cid			95% BCa bootstrap CI clustered by PubChem compound; uncertainty is over the observed compound panel, not broader chemical space.
op3	table_7_dataset	dataset_cell_type_normalized_centroid_baseline_deg_lfc_spearman_sym_p05	mean_baseline_pair_deg_lfc_spearman_sym_p05_normalized_dataset_cell_type	-0.28725521748059385	-0.340346208534272	-0.22047218965002166	0.05993700944212517	bca	ok	0.95	2000	2000	541	332	121	pubchem_cid			95% BCa bootstrap CI clustered by PubChem compound; uncertainty is over the observed compound panel, not broader chemical space.
op3	table_7_dataset	dataset_cell_type_normalized_delta_vs_centroid_deg_lfc_spearman_sym_p05	mean_delta_vs_baseline_pair_deg_lfc_spearman_sym_p05_normalized_dataset_cell_type	0.8364358385223823	0.7378246066311998	0.9253594509287953	0.0937674221487978	bca	ok	0.95	2000	2000	541	227	88	pubchem_cid			95% BCa bootstrap CI clustered by PubChem compound; uncertainty is over the observed compound panel, not broader chemical space.
op3	table_7_dataset	dataset_cell_type_normalized_individual_peer_mean_deg_lfc_spearman_sym_p05	mean_peer_baseline_deg_lfc_spearman_sym_p05_normalized_dataset_cell_type	-0.03452085000976407	-0.039766881306621676	-0.02943921856142325	0.005163831372599213	bca	ok	0.95	2000	2000	541	227	88	pubchem_cid			95% BCa bootstrap CI clustered by PubChem compound; uncertainty is over the observed compound panel, not broader chemical space.
op3	table_7_dataset	dataset_cell_type_normalized_individual_peer_sd_deg_lfc_spearman_sym_p05	mean_peer_baseline_deg_lfc_spearman_sym_sd_p05_normalized_dataset_cell_type	0.328491098879091	0.3025152269815564	0.3547487007467531	0.02611673688259833	bca	ok	0.95	2000	2000	541	227	88	pubchem_cid			95% BCa bootstrap CI clustered by PubChem compound; uncertainty is over the observed compound panel, not broader chemical space.
op3	table_7_dataset	dataset_cell_type_normalized_individual_peer_fraction_below_observed_deg_lfc_spearman_sym_p05	mean_peer_baseline_deg_lfc_spearman_sym_fraction_below_observed_p05_normalized_dataset_cell_type	0.8389776064610868	0.8007266642899035	0.8724973017555844	0.035885318732840454	bca	ok	0.95	2000	2000	541	227	88	pubchem_cid			95% BCa bootstrap CI clustered by PubChem compound; uncertainty is over the observed compound panel, not broader chemical space.
op3	table_7_dataset	dataset_cell_type_normalized_individual_peer_corrected_percentile_deg_lfc_spearman_sym_p05	mean_peer_baseline_deg_lfc_spearman_sym_corrected_percentile_p05_normalized_dataset_cell_type	0.8396041527394481	0.8017758368766457	0.8760889596671112	0.03715656139523277	bca	ok	0.95	2000	2000	541	227	88	pubchem_cid			95% BCa bootstrap CI clustered by PubChem compound; uncertainty is over the observed compound panel, not broader chemical space.
op3	table_7_dataset	dataset_cell_type_normalized_delta_vs_individual_peer_deg_lfc_spearman_sym_p05	mean_delta_vs_peer_baseline_deg_lfc_spearman_sym_p05_normalized_dataset_cell_type	0.5026941588828328	0.44486394581747674	0.560207881403312	0.05767196779291764	bca	ok	0.95	2000	2000	541	227	88	pubchem_cid			95% BCa bootstrap CI clustered by PubChem compound; uncertainty is over the observed compound panel, not broader chemical space.
sciplex	table_7_dataset	observed_deg_lfc_spearman_sym_p05	mean_replicate_deg_lfc_spearman_sym_p05	0.35470609493524496	0.30406394820163923	0.40298338330646644	0.0494597175524136	bca	ok	0.95	2000	2000	2224	708	178	pubchem_cid			95% BCa bootstrap CI clustered by PubChem compound; uncertainty is over the observed compound panel, not broader chemical space.
sciplex	table_7_dataset	centroid_baseline_deg_lfc_spearman_sym_p05	mean_baseline_pair_deg_lfc_spearman_sym_p05	0.403319919717186	0.37115208850228715	0.4321175978018163	0.030482754649764576	bca	ok	0.95	2000	2000	2224	1383	187	pubchem_cid			95% BCa bootstrap CI clustered by PubChem compound; uncertainty is over the observed compound panel, not broader chemical space.
sciplex	table_7_dataset	delta_vs_centroid_deg_lfc_spearman_sym_p05	mean_delta_vs_baseline_pair_deg_lfc_spearman_sym_p05	-0.11945836375403508	-0.16134485618148348	-0.07885701301898604	0.04124392158124872	bca	ok	0.95	2000	2000	2224	708	178	pubchem_cid			95% BCa bootstrap CI clustered by PubChem compound; uncertainty is over the observed compound panel, not broader chemical space.
sciplex	table_7_dataset	individual_peer_mean_deg_lfc_spearman_sym_p05	mean_peer_baseline_deg_lfc_spearman_sym_p05	0.1109018813775925	0.10331851209978452	0.11883699867501206	0.007759243287613772	bca	ok	0.95	2000	2000	2224	708	178	pubchem_cid			95% BCa bootstrap CI clustered by PubChem compound; uncertainty is over the observed compound panel, not broader chemical space.
sciplex	table_7_dataset	individual_peer_sd_deg_lfc_spearman_sym_p05	mean_peer_baseline_deg_lfc_spearman_sym_sd_p05	0.32555444160509256	0.30812332854361657	0.34341915531352557	0.0176479133849545	bca	ok	0.95	2000	2000	2224	708	178	pubchem_cid			95% BCa bootstrap CI clustered by PubChem compound; uncertainty is over the observed compound panel, not broader chemical space.
sciplex	table_7_dataset	individual_peer_fraction_below_observed_deg_lfc_spearman_sym_p05	mean_peer_baseline_deg_lfc_spearman_sym_fraction_below_observed_p05	0.7199227762297776	0.6839844183285435	0.7551164816935901	0.035566031682523314	bca	ok	0.95	2000	2000	2224	708	178	pubchem_cid			95% BCa bootstrap CI clustered by PubChem compound; uncertainty is over the observed compound panel, not broader chemical space.
sciplex	table_7_dataset	individual_peer_corrected_percentile_deg_lfc_spearman_sym_p05	mean_peer_baseline_deg_lfc_spearman_sym_corrected_percentile_p05	0.7211399721582296	0.6853276726252365	0.7563311196626913	0.03550172351872738	bca	ok	0.95	2000	2000	2224	708	178	pubchem_cid			95% BCa bootstrap CI clustered by PubChem compound; uncertainty is over the observed compound panel, not broader chemical space.
sciplex	table_7_dataset	delta_vs_individual_peer_deg_lfc_spearman_sym_p05	mean_delta_vs_peer_baseline_deg_lfc_spearman_sym_p05	0.24380421355765253	0.1986319352321711	0.2908216529106897	0.04609485883925929	bca	ok	0.95	2000	2000	2224	708	178	pubchem_cid			95% BCa bootstrap CI clustered by PubChem compound; uncertainty is over the observed compound panel, not broader chemical space.
sciplex	table_7_dataset	dataset_normalized_observed_deg_lfc_spearman_sym_p05	mean_replicate_deg_lfc_spearman_sym_p05_normalized_dataset	0.27692570753171497	0.22548116822946268	0.32731366546763035	0.05091624861908384	bca	ok	0.95	2000	2000	2224	716	178	pubchem_cid			95% BCa bootstrap CI clustered by PubChem compound; uncertainty is over the observed compound panel, not broader chemical space.
sciplex	table_7_dataset	dataset_normalized_centroid_baseline_deg_lfc_spearman_sym_p05	mean_baseline_pair_deg_lfc_spearman_sym_p05_normalized_dataset	0.3190187116785928	0.291838695813457	0.34555280327317167	0.026857053729857333	bca	ok	0.95	2000	2000	2224	1388	187	pubchem_cid			95% BCa bootstrap CI clustered by PubChem compound; uncertainty is over the observed compound panel, not broader chemical space.
sciplex	table_7_dataset	dataset_normalized_delta_vs_centroid_deg_lfc_spearman_sym_p05	mean_delta_vs_baseline_pair_deg_lfc_spearman_sym_p05_normalized_dataset	-0.0777058023334854	-0.12810087765977263	-0.02309158690749445	0.05250464537613909	bca	ok	0.95	2000	2000	2224	716	178	pubchem_cid			95% BCa bootstrap CI clustered by PubChem compound; uncertainty is over the observed compound panel, not broader chemical space.
sciplex	table_7_dataset	dataset_normalized_individual_peer_mean_deg_lfc_spearman_sym_p05	mean_peer_baseline_deg_lfc_spearman_sym_p05_normalized_dataset	0.05223749564173734	0.04562637917491724	0.05919948162103509	0.006786551223058924	bca	ok	0.95	2000	2000	2224	716	178	pubchem_cid			95% BCa bootstrap CI clustered by PubChem compound; uncertainty is over the observed compound panel, not broader chemical space.
sciplex	table_7_dataset	dataset_normalized_individual_peer_sd_deg_lfc_spearman_sym_p05	mean_peer_baseline_deg_lfc_spearman_sym_sd_p05_normalized_dataset	0.3254490327677015	0.30716111227571435	0.3436253711952428	0.018232129459764213	bca	ok	0.95	2000	2000	2224	716	178	pubchem_cid			95% BCa bootstrap CI clustered by PubChem compound; uncertainty is over the observed compound panel, not broader chemical space.
sciplex	table_7_dataset	dataset_normalized_individual_peer_fraction_below_observed_deg_lfc_spearman_sym_p05	mean_peer_baseline_deg_lfc_spearman_sym_fraction_below_observed_p05_normalized_dataset	0.6976658704950816	0.6612962550301729	0.737035012701613	0.03786937883572006	bca	ok	0.95	2000	2000	2224	716	178	pubchem_cid			95% BCa bootstrap CI clustered by PubChem compound; uncertainty is over the observed compound panel, not broader chemical space.
sciplex	table_7_dataset	dataset_normalized_individual_peer_corrected_percentile_deg_lfc_spearman_sym_p05	mean_peer_baseline_deg_lfc_spearman_sym_corrected_percentile_p05_normalized_dataset	0.6989844703555836	0.6614688694775853	0.7383965536846889	0.038463842103551804	bca	ok	0.95	2000	2000	2224	716	178	pubchem_cid			95% BCa bootstrap CI clustered by PubChem compound; uncertainty is over the observed compound panel, not broader chemical space.
sciplex	table_7_dataset	dataset_normalized_delta_vs_individual_peer_deg_lfc_spearman_sym_p05	mean_delta_vs_peer_baseline_deg_lfc_spearman_sym_p05_normalized_dataset	0.22468821188997762	0.17666494047977177	0.27699950556305125	0.05016728254163974	bca	ok	0.95	2000	2000	2224	716	178	pubchem_cid			95% BCa bootstrap CI clustered by PubChem compound; uncertainty is over the observed compound panel, not broader chemical space.
sciplex	table_7_dataset	dataset_cell_type_normalized_observed_deg_lfc_spearman_sym_p05	mean_replicate_deg_lfc_spearman_sym_p05_normalized_dataset_cell_type	0.2566558209537957	0.20727912026282475	0.30332042041738627	0.04802065007728076	bca	ok	0.95	2000	2000	2224	716	178	pubchem_cid			95% BCa bootstrap CI clustered by PubChem compound; uncertainty is over the observed compound panel, not broader chemical space.
sciplex	table_7_dataset	dataset_cell_type_normalized_centroid_baseline_deg_lfc_spearman_sym_p05	mean_baseline_pair_deg_lfc_spearman_sym_p05_normalized_dataset_cell_type	0.22061126777645346	0.19241397040235356	0.24992174974276943	0.028753889670207936	bca	ok	0.95	2000	2000	2224	1388	187	pubchem_cid			95% BCa bootstrap CI clustered by PubChem compound; uncertainty is over the observed compound panel, not broader chemical space.
sciplex	table_7_dataset	dataset_cell_type_normalized_delta_vs_centroid_deg_lfc_spearman_sym_p05	mean_delta_vs_baseline_pair_deg_lfc_spearman_sym_p05_normalized_dataset_cell_type	0.015622887666925985	-0.03939049275105285	0.07921592373803431	0.059303208244543576	bca	ok	0.95	2000	2000	2224	716	178	pubchem_cid			95% BCa bootstrap CI clustered by PubChem compound; uncertainty is over the observed compound panel, not broader chemical space.
sciplex	table_7_dataset	dataset_cell_type_normalized_individual_peer_mean_deg_lfc_spearman_sym_p05	mean_peer_baseline_deg_lfc_spearman_sym_p05_normalized_dataset_cell_type	0.01755445108471364	0.011357644870665935	0.023784864908183045	0.006213610018758555	bca	ok	0.95	2000	2000	2224	716	178	pubchem_cid			95% BCa bootstrap CI clustered by PubChem compound; uncertainty is over the observed compound panel, not broader chemical space.
sciplex	table_7_dataset	dataset_cell_type_normalized_individual_peer_sd_deg_lfc_spearman_sym_p05	mean_peer_baseline_deg_lfc_spearman_sym_sd_p05_normalized_dataset_cell_type	0.32509961103147017	0.3057663419854215	0.34196151628767196	0.018097587151125222	bca	ok	0.95	2000	2000	2224	716	178	pubchem_cid			95% BCa bootstrap CI clustered by PubChem compound; uncertainty is over the observed compound panel, not broader chemical space.
sciplex	table_7_dataset	dataset_cell_type_normalized_individual_peer_fraction_below_observed_deg_lfc_spearman_sym_p05	mean_peer_baseline_deg_lfc_spearman_sym_fraction_below_observed_p05_normalized_dataset_cell_type	0.7021291334608517	0.6642311533125949	0.7422415884385708	0.03900521756298797	bca	ok	0.95	2000	2000	2224	716	178	pubchem_cid			95% BCa bootstrap CI clustered by PubChem compound; uncertainty is over the observed compound panel, not broader chemical space.
sciplex	table_7_dataset	dataset_cell_type_normalized_individual_peer_corrected_percentile_deg_lfc_spearman_sym_p05	mean_peer_baseline_deg_lfc_spearman_sym_corrected_percentile_p05_normalized_dataset_cell_type	0.7034345335568076	0.6679892174876378	0.7435993908961344	0.03780508670424826	bca	ok	0.95	2000	2000	2224	716	178	pubchem_cid			95% BCa bootstrap CI clustered by PubChem compound; uncertainty is over the observed compound panel, not broader chemical space.
sciplex	table_7_dataset	dataset_cell_type_normalized_delta_vs_individual_peer_deg_lfc_spearman_sym_p05	mean_delta_vs_peer_baseline_deg_lfc_spearman_sym_p05_normalized_dataset_cell_type	0.23910136986908206	0.19082112392383777	0.2925434251561353	0.050861150616148765	bca	ok	0.95	2000	2000	2224	716	178	pubchem_cid			95% BCa bootstrap CI clustered by PubChem compound; uncertainty is over the observed compound panel, not broader chemical space.
tahoe	table_7_dataset	observed_deg_lfc_spearman_sym_p05	mean_replicate_deg_lfc_spearman_sym_p05	0.48115651325713504	0.39213385451736577	0.5538757506818047	0.08087094808221948	bca	ok	0.95	2000	2000	7226	6240	114	pubchem_cid			95% BCa bootstrap CI clustered by PubChem compound; uncertainty is over the observed compound panel, not broader chemical space.
tahoe	table_7_dataset	centroid_baseline_deg_lfc_spearman_sym_p05	mean_baseline_pair_deg_lfc_spearman_sym_p05	0.6311433763909547	0.5858588080972184	0.6721547504777896	0.04314797119028563	bca	ok	0.95	2000	2000	7226	7115	114	pubchem_cid			95% BCa bootstrap CI clustered by PubChem compound; uncertainty is over the observed compound panel, not broader chemical space.
tahoe	table_7_dataset	delta_vs_centroid_deg_lfc_spearman_sym_p05	mean_delta_vs_baseline_pair_deg_lfc_spearman_sym_p05	-0.15244809354709965	-0.20509585049754897	-0.09372810399727156	0.0556838732501387	bca	ok	0.95	2000	2000	7226	6240	114	pubchem_cid			95% BCa bootstrap CI clustered by PubChem compound; uncertainty is over the observed compound panel, not broader chemical space.
tahoe	table_7_dataset	individual_peer_mean_deg_lfc_spearman_sym_p05	mean_peer_baseline_deg_lfc_spearman_sym_p05	0.3637994944075658	0.32205981770960895	0.40343186727295877	0.04068602478167491	bca	ok	0.95	2000	2000	7226	6240	114	pubchem_cid			95% BCa bootstrap CI clustered by PubChem compound; uncertainty is over the observed compound panel, not broader chemical space.
tahoe	table_7_dataset	individual_peer_sd_deg_lfc_spearman_sym_p05	mean_peer_baseline_deg_lfc_spearman_sym_sd_p05	0.26846212236388955	0.2583451594026255	0.27720967291902515	0.009432256758199836	bca	ok	0.95	2000	2000	7226	6240	114	pubchem_cid			95% BCa bootstrap CI clustered by PubChem compound; uncertainty is over the observed compound panel, not broader chemical space.
tahoe	table_7_dataset	individual_peer_fraction_below_observed_deg_lfc_spearman_sym_p05	mean_peer_baseline_deg_lfc_spearman_sym_fraction_below_observed_p05	0.6502253920861503	0.5810311816959773	0.7042637128693434	0.06161626558668304	bca	ok	0.95	2000	2000	7226	6240	114	pubchem_cid			95% BCa bootstrap CI clustered by PubChem compound; uncertainty is over the observed compound panel, not broader chemical space.
tahoe	table_7_dataset	individual_peer_corrected_percentile_deg_lfc_spearman_sym_p05	mean_peer_baseline_deg_lfc_spearman_sym_corrected_percentile_p05	0.6542727557907971	0.5918460227510294	0.7112324403051231	0.05969320877704687	bca	ok	0.95	2000	2000	7226	6240	114	pubchem_cid			95% BCa bootstrap CI clustered by PubChem compound; uncertainty is over the observed compound panel, not broader chemical space.
tahoe	table_7_dataset	delta_vs_individual_peer_deg_lfc_spearman_sym_p05	mean_delta_vs_peer_baseline_deg_lfc_spearman_sym_p05	0.1173570188495691	0.05928947801093714	0.17632519414646455	0.0585178580677637	bca	ok	0.95	2000	2000	7226	6240	114	pubchem_cid			95% BCa bootstrap CI clustered by PubChem compound; uncertainty is over the observed compound panel, not broader chemical space.
tahoe	table_7_dataset	dataset_normalized_observed_deg_lfc_spearman_sym_p05	mean_replicate_deg_lfc_spearman_sym_p05_normalized_dataset	0.41561527384680513	0.3404722353860828	0.4829709191752946	0.07124934189460591	bca	ok	0.95	2000	2000	7226	6242	114	pubchem_cid			95% BCa bootstrap CI clustered by PubChem compound; uncertainty is over the observed compound panel, not broader chemical space.
tahoe	table_7_dataset	dataset_normalized_centroid_baseline_deg_lfc_spearman_sym_p05	mean_baseline_pair_deg_lfc_spearman_sym_p05_normalized_dataset	0.4979001390105423	0.44887962480685034	0.5472765791502422	0.049198477171695926	bca	ok	0.95	2000	2000	7226	7116	114	pubchem_cid			95% BCa bootstrap CI clustered by PubChem compound; uncertainty is over the observed compound panel, not broader chemical space.
tahoe	table_7_dataset	dataset_normalized_delta_vs_centroid_deg_lfc_spearman_sym_p05	mean_delta_vs_baseline_pair_deg_lfc_spearman_sym_p05_normalized_dataset	-0.08955776401849662	-0.1428541657758891	-0.018188898525343403	0.06233263362527285	bca	ok	0.95	2000	2000	7226	6242	114	pubchem_cid			95% BCa bootstrap CI clustered by PubChem compound; uncertainty is over the observed compound panel, not broader chemical space.
tahoe	table_7_dataset	dataset_normalized_individual_peer_mean_deg_lfc_spearman_sym_p05	mean_peer_baseline_deg_lfc_spearman_sym_p05_normalized_dataset	0.24640448209039065	0.212294175851502	0.2795126171329683	0.033609220640733156	bca	ok	0.95	2000	2000	7226	6242	114	pubchem_cid			95% BCa bootstrap CI clustered by PubChem compound; uncertainty is over the observed compound panel, not broader chemical space.
tahoe	table_7_dataset	dataset_normalized_individual_peer_sd_deg_lfc_spearman_sym_p05	mean_peer_baseline_deg_lfc_spearman_sym_sd_p05_normalized_dataset	0.2785103122251621	0.26845907515032486	0.2874565689085942	0.009498746879134684	bca	ok	0.95	2000	2000	7226	6242	114	pubchem_cid			95% BCa bootstrap CI clustered by PubChem compound; uncertainty is over the observed compound panel, not broader chemical space.
tahoe	table_7_dataset	dataset_normalized_individual_peer_fraction_below_observed_deg_lfc_spearman_sym_p05	mean_peer_baseline_deg_lfc_spearman_sym_fraction_below_observed_p05_normalized_dataset	0.6787696993124256	0.6171153342509587	0.7333574812010347	0.05812107347503803	bca	ok	0.95	2000	2000	7226	6242	114	pubchem_cid			95% BCa bootstrap CI clustered by PubChem compound; uncertainty is over the observed compound panel, not broader chemical space.
tahoe	table_7_dataset	dataset_normalized_individual_peer_corrected_percentile_deg_lfc_spearman_sym_p05	mean_peer_baseline_deg_lfc_spearman_sym_corrected_percentile_p05_normalized_dataset	0.68257865739769	0.6273680257789606	0.7344104631538148	0.0535212186874271	bca	ok	0.95	2000	2000	7226	6242	114	pubchem_cid			95% BCa bootstrap CI clustered by PubChem compound; uncertainty is over the observed compound panel, not broader chemical space.
tahoe	table_7_dataset	dataset_normalized_delta_vs_individual_peer_deg_lfc_spearman_sym_p05	mean_delta_vs_peer_baseline_deg_lfc_spearman_sym_p05_normalized_dataset	0.16921079175641449	0.11444897925762042	0.22549991705141073	0.05552546889689516	bca	ok	0.95	2000	2000	7226	6242	114	pubchem_cid			95% BCa bootstrap CI clustered by PubChem compound; uncertainty is over the observed compound panel, not broader chemical space.
tahoe	table_7_dataset	dataset_cell_type_normalized_observed_deg_lfc_spearman_sym_p05	mean_replicate_deg_lfc_spearman_sym_p05_normalized_dataset_cell_type	0.35634267627847827	0.28880214813066885	0.4120204190467963	0.061609135458063735	bca	ok	0.95	2000	2000	7226	6242	114	pubchem_cid			95% BCa bootstrap CI clustered by PubChem compound; uncertainty is over the observed compound panel, not broader chemical space.
tahoe	table_7_dataset	dataset_cell_type_normalized_centroid_baseline_deg_lfc_spearman_sym_p05	mean_baseline_pair_deg_lfc_spearman_sym_p05_normalized_dataset_cell_type	0.3905242483952446	0.33138020385637235	0.4390011810360972	0.053810488589862426	bca	ok	0.95	2000	2000	7226	7116	114	pubchem_cid			95% BCa bootstrap CI clustered by PubChem compound; uncertainty is over the observed compound panel, not broader chemical space.
tahoe	table_7_dataset	dataset_cell_type_normalized_delta_vs_centroid_deg_lfc_spearman_sym_p05	mean_delta_vs_baseline_pair_deg_lfc_spearman_sym_p05_normalized_dataset_cell_type	-0.04324219967251597	-0.0956261012066104	0.038061104021354986	0.0668436026139827	bca	ok	0.95	2000	2000	7226	6242	114	pubchem_cid			95% BCa bootstrap CI clustered by PubChem compound; uncertainty is over the observed compound panel, not broader chemical space.
tahoe	table_7_dataset	dataset_cell_type_normalized_individual_peer_mean_deg_lfc_spearman_sym_p05	mean_peer_baseline_deg_lfc_spearman_sym_p05_normalized_dataset_cell_type	0.14100150831691755	0.11582010311967815	0.16292744896251168	0.023553672921416767	bca	ok	0.95	2000	2000	7226	6242	114	pubchem_cid			95% BCa bootstrap CI clustered by PubChem compound; uncertainty is over the observed compound panel, not broader chemical space.
tahoe	table_7_dataset	dataset_cell_type_normalized_individual_peer_sd_deg_lfc_spearman_sym_p05	mean_peer_baseline_deg_lfc_spearman_sym_sd_p05_normalized_dataset_cell_type	0.2858151903915839	0.27712848540985474	0.2958125754054736	0.00934204499780944	bca	ok	0.95	2000	2000	7226	6242	114	pubchem_cid			95% BCa bootstrap CI clustered by PubChem compound; uncertainty is over the observed compound panel, not broader chemical space.
tahoe	table_7_dataset	dataset_cell_type_normalized_individual_peer_fraction_below_observed_deg_lfc_spearman_sym_p05	mean_peer_baseline_deg_lfc_spearman_sym_fraction_below_observed_p05_normalized_dataset_cell_type	0.6924572004954467	0.6333051453918717	0.742850570697927	0.05477271265302769	bca	ok	0.95	2000	2000	7226	6242	114	pubchem_cid			95% BCa bootstrap CI clustered by PubChem compound; uncertainty is over the observed compound panel, not broader chemical space.
tahoe	table_7_dataset	dataset_cell_type_normalized_individual_peer_corrected_percentile_deg_lfc_spearman_sym_p05	mean_peer_baseline_deg_lfc_spearman_sym_corrected_percentile_p05_normalized_dataset_cell_type	0.696160497779101	0.6409957158532872	0.7512017788006186	0.05510303147366569	bca	ok	0.95	2000	2000	7226	6242	114	pubchem_cid			95% BCa bootstrap CI clustered by PubChem compound; uncertainty is over the observed compound panel, not broader chemical space.
tahoe	table_7_dataset	dataset_cell_type_normalized_delta_vs_individual_peer_deg_lfc_spearman_sym_p05	mean_delta_vs_peer_baseline_deg_lfc_spearman_sym_p05_normalized_dataset_cell_type	0.21534116796156064	0.15733376656578485	0.2719429694837955	0.05730460145900532	bca	ok	0.95	2000	2000	7226	6242	114	pubchem_cid			95% BCa bootstrap CI clustered by PubChem compound; uncertainty is over the observed compound panel, not broader chemical space.
vcpi_0001	table_7_dataset	observed_deg_lfc_spearman_sym_p05	mean_replicate_deg_lfc_spearman_sym_p05	0.11496021146187982	0.09298281196757677	0.13645239954615562	0.021734793789289428	bca	ok	0.95	2000	2000	13283	1980	980	pubchem_cid			95% BCa bootstrap CI clustered by PubChem compound; uncertainty is over the observed compound panel, not broader chemical space.
vcpi_0001	table_7_dataset	centroid_baseline_deg_lfc_spearman_sym_p05	mean_baseline_pair_deg_lfc_spearman_sym_p05	0.08292941248214797	0.06652805828603552	0.09988110115261459	0.016676521433289536	bca	ok	0.95	2000	2000	13283	6233	2025	pubchem_cid			95% BCa bootstrap CI clustered by PubChem compound; uncertainty is over the observed compound panel, not broader chemical space.
vcpi_0001	table_7_dataset	delta_vs_centroid_deg_lfc_spearman_sym_p05	mean_delta_vs_baseline_pair_deg_lfc_spearman_sym_p05	0.006159373688904696	-0.0202500556048241	0.033205974432157746	0.026728015018490925	bca	ok	0.95	2000	2000	13283	1980	980	pubchem_cid			95% BCa bootstrap CI clustered by PubChem compound; uncertainty is over the observed compound panel, not broader chemical space.
vcpi_0001	table_7_dataset	individual_peer_mean_deg_lfc_spearman_sym_p05	mean_peer_baseline_deg_lfc_spearman_sym_p05	-0.013971766460127918	-0.01801418047081364	-0.010093776119097864	0.003960202175857888	bca	ok	0.95	2000	2000	13283	1980	980	pubchem_cid			95% BCa bootstrap CI clustered by PubChem compound; uncertainty is over the observed compound panel, not broader chemical space.
vcpi_0001	table_7_dataset	individual_peer_sd_deg_lfc_spearman_sym_p05	mean_peer_baseline_deg_lfc_spearman_sym_sd_p05	0.45051863032697753	0.43217968802427853	0.4686426379711714	0.018231474973446432	bca	ok	0.95	2000	2000	13283	1980	980	pubchem_cid			95% BCa bootstrap CI clustered by PubChem compound; uncertainty is over the observed compound panel, not broader chemical space.
vcpi_0001	table_7_dataset	individual_peer_fraction_below_observed_deg_lfc_spearman_sym_p05	mean_peer_baseline_deg_lfc_spearman_sym_fraction_below_observed_p05	0.6191361069483085	0.6056083305065378	0.6333805972635161	0.013886133378489152	bca	ok	0.95	2000	2000	13283	1980	980	pubchem_cid			95% BCa bootstrap CI clustered by PubChem compound; uncertainty is over the observed compound panel, not broader chemical space.
vcpi_0001	table_7_dataset	individual_peer_corrected_percentile_deg_lfc_spearman_sym_p05	mean_peer_baseline_deg_lfc_spearman_sym_corrected_percentile_p05	0.6209081863875467	0.6078685626110897	0.6352700820775361	0.013700759733223211	bca	ok	0.95	2000	2000	13283	1980	980	pubchem_cid			95% BCa bootstrap CI clustered by PubChem compound; uncertainty is over the observed compound panel, not broader chemical space.
vcpi_0001	table_7_dataset	delta_vs_individual_peer_deg_lfc_spearman_sym_p05	mean_delta_vs_peer_baseline_deg_lfc_spearman_sym_p05	0.12893197792200775	0.1094511422421788	0.14955847315654194	0.02005366545718157	bca	ok	0.95	2000	2000	13283	1980	980	pubchem_cid			95% BCa bootstrap CI clustered by PubChem compound; uncertainty is over the observed compound panel, not broader chemical space.
vcpi_0001	table_7_dataset	dataset_normalized_observed_deg_lfc_spearman_sym_p05	mean_replicate_deg_lfc_spearman_sym_p05_normalized_dataset	0.10307813038973303	0.08092480440741098	0.12435281323423528	0.021714004413412147	bca	ok	0.95	2000	2000	13283	2062	1014	pubchem_cid			95% BCa bootstrap CI clustered by PubChem compound; uncertainty is over the observed compound panel, not broader chemical space.
vcpi_0001	table_7_dataset	dataset_normalized_centroid_baseline_deg_lfc_spearman_sym_p05	mean_baseline_pair_deg_lfc_spearman_sym_p05_normalized_dataset	0.026732275894422106	0.009529284814164726	0.04426411097011779	0.01736741307797653	bca	ok	0.95	2000	2000	13283	6265	2029	pubchem_cid			95% BCa bootstrap CI clustered by PubChem compound; uncertainty is over the observed compound panel, not broader chemical space.
vcpi_0001	table_7_dataset	dataset_normalized_delta_vs_centroid_deg_lfc_spearman_sym_p05	mean_delta_vs_baseline_pair_deg_lfc_spearman_sym_p05_normalized_dataset	0.07391888454060667	0.046047995748448416	0.10255297369133355	0.028252488971442568	bca	ok	0.95	2000	2000	13283	2062	1014	pubchem_cid			95% BCa bootstrap CI clustered by PubChem compound; uncertainty is over the observed compound panel, not broader chemical space.
vcpi_0001	table_7_dataset	dataset_normalized_individual_peer_mean_deg_lfc_spearman_sym_p05	mean_peer_baseline_deg_lfc_spearman_sym_p05_normalized_dataset	-0.005961447992092115	-0.008312047570451729	-0.0034415714036054273	0.0024352380834231505	bca	ok	0.95	2000	2000	13283	2062	1014	pubchem_cid			95% BCa bootstrap CI clustered by PubChem compound; uncertainty is over the observed compound panel, not broader chemical space.
vcpi_0001	table_7_dataset	dataset_normalized_individual_peer_sd_deg_lfc_spearman_sym_p05	mean_peer_baseline_deg_lfc_spearman_sym_sd_p05_normalized_dataset	0.45877111528044506	0.4409727957881875	0.4767844314139395	0.017905817812876007	bca	ok	0.95	2000	2000	13283	2062	1014	pubchem_cid			95% BCa bootstrap CI clustered by PubChem compound; uncertainty is over the observed compound panel, not broader chemical space.
vcpi_0001	table_7_dataset	dataset_normalized_individual_peer_fraction_below_observed_deg_lfc_spearman_sym_p05	mean_peer_baseline_deg_lfc_spearman_sym_fraction_below_observed_p05_normalized_dataset	0.6110296840675952	0.5943165215990737	0.6278066372732215	0.016745057837073918	bca	ok	0.95	2000	2000	13283	2062	1014	pubchem_cid			95% BCa bootstrap CI clustered by PubChem compound; uncertainty is over the observed compound panel, not broader chemical space.
vcpi_0001	table_7_dataset	dataset_normalized_individual_peer_corrected_percentile_deg_lfc_spearman_sym_p05	mean_peer_baseline_deg_lfc_spearman_sym_corrected_percentile_p05_normalized_dataset	0.613082389671045	0.5973621532888934	0.6291942402456115	0.015916043478359065	bca	ok	0.95	2000	2000	13283	2062	1014	pubchem_cid			95% BCa bootstrap CI clustered by PubChem compound; uncertainty is over the observed compound panel, not broader chemical space.
vcpi_0001	table_7_dataset	dataset_normalized_delta_vs_individual_peer_deg_lfc_spearman_sym_p05	mean_delta_vs_peer_baseline_deg_lfc_spearman_sym_p05_normalized_dataset	0.10903957838182515	0.08804499449135254	0.13115022712173413	0.021552616315190794	bca	ok	0.95	2000	2000	13283	2062	1014	pubchem_cid			95% BCa bootstrap CI clustered by PubChem compound; uncertainty is over the observed compound panel, not broader chemical space.
vcpi_0001	table_7_dataset	dataset_cell_type_normalized_observed_deg_lfc_spearman_sym_p05	mean_replicate_deg_lfc_spearman_sym_p05_normalized_dataset_cell_type	0.10307813038973303	0.08314095152616385	0.12564538707183068	0.021252217772833412	bca	ok	0.95	2000	2000	13283	2062	1014	pubchem_cid			95% BCa bootstrap CI clustered by PubChem compound; uncertainty is over the observed compound panel, not broader chemical space.
vcpi_0001	table_7_dataset	dataset_cell_type_normalized_centroid_baseline_deg_lfc_spearman_sym_p05	mean_baseline_pair_deg_lfc_spearman_sym_p05_normalized_dataset_cell_type	0.026732275894422106	0.010391131935627476	0.044282326416195714	0.01694559724028412	bca	ok	0.95	2000	2000	13283	6265	2029	pubchem_cid			95% BCa bootstrap CI clustered by PubChem compound; uncertainty is over the observed compound panel, not broader chemical space.
vcpi_0001	table_7_dataset	dataset_cell_type_normalized_delta_vs_centroid_deg_lfc_spearman_sym_p05	mean_delta_vs_baseline_pair_deg_lfc_spearman_sym_p05_normalized_dataset_cell_type	0.07391888454060667	0.04354437991502865	0.10110069878385672	0.028778159434414034	bca	ok	0.95	2000	2000	13283	2062	1014	pubchem_cid			95% BCa bootstrap CI clustered by PubChem compound; uncertainty is over the observed compound panel, not broader chemical space.
vcpi_0001	table_7_dataset	dataset_cell_type_normalized_individual_peer_mean_deg_lfc_spearman_sym_p05	mean_peer_baseline_deg_lfc_spearman_sym_p05_normalized_dataset_cell_type	-0.005961447992092115	-0.008357498923817708	-0.0034379794928994147	0.0024597597154591465	bca	ok	0.95	2000	2000	13283	2062	1014	pubchem_cid			95% BCa bootstrap CI clustered by PubChem compound; uncertainty is over the observed compound panel, not broader chemical space.
vcpi_0001	table_7_dataset	dataset_cell_type_normalized_individual_peer_sd_deg_lfc_spearman_sym_p05	mean_peer_baseline_deg_lfc_spearman_sym_sd_p05_normalized_dataset_cell_type	0.45877111528044506	0.44016819603438795	0.476279895099649	0.018055849532630536	bca	ok	0.95	2000	2000	13283	2062	1014	pubchem_cid			95% BCa bootstrap CI clustered by PubChem compound; uncertainty is over the observed compound panel, not broader chemical space.
vcpi_0001	table_7_dataset	dataset_cell_type_normalized_individual_peer_fraction_below_observed_deg_lfc_spearman_sym_p05	mean_peer_baseline_deg_lfc_spearman_sym_fraction_below_observed_p05_normalized_dataset_cell_type	0.6110296840675952	0.5945747360463837	0.6281000135943121	0.016762638773964222	bca	ok	0.95	2000	2000	13283	2062	1014	pubchem_cid			95% BCa bootstrap CI clustered by PubChem compound; uncertainty is over the observed compound panel, not broader chemical space.
vcpi_0001	table_7_dataset	dataset_cell_type_normalized_individual_peer_corrected_percentile_deg_lfc_spearman_sym_p05	mean_peer_baseline_deg_lfc_spearman_sym_corrected_percentile_p05_normalized_dataset_cell_type	0.613082389671045	0.5966110940356489	0.6284753975073676	0.015932151735859323	bca	ok	0.95	2000	2000	13283	2062	1014	pubchem_cid			95% BCa bootstrap CI clustered by PubChem compound; uncertainty is over the observed compound panel, not broader chemical space.
vcpi_0001	table_7_dataset	dataset_cell_type_normalized_delta_vs_individual_peer_deg_lfc_spearman_sym_p05	mean_delta_vs_peer_baseline_deg_lfc_spearman_sym_p05_normalized_dataset_cell_type	0.10903957838182515	0.08845029590042638	0.12976602167038842	0.020657862884981018	bca	ok	0.95	2000	2000	13283	2062	1014	pubchem_cid			95% BCa bootstrap CI clustered by PubChem compound; uncertainty is over the observed compound panel, not broader chemical space.
vcpi_0002	table_7_dataset	observed_deg_lfc_spearman_sym_p05	mean_replicate_deg_lfc_spearman_sym_p05	0.29548085327346385	0.24532162760621276	0.3350895535601751	0.044883962976981176	bca	ok	0.95	2000	2000	8825	552	426	pubchem_cid			95% BCa bootstrap CI clustered by PubChem compound; uncertainty is over the observed compound panel, not broader chemical space.
vcpi_0002	table_7_dataset	centroid_baseline_deg_lfc_spearman_sym_p05	mean_baseline_pair_deg_lfc_spearman_sym_p05	0.04541230535269126	0.021660086018334936	0.0684538021339768	0.023396858057820928	bca	ok	0.95	2000	2000	8825	2985	1302	pubchem_cid			95% BCa bootstrap CI clustered by PubChem compound; uncertainty is over the observed compound panel, not broader chemical space.
vcpi_0002	table_7_dataset	delta_vs_centroid_deg_lfc_spearman_sym_p05	mean_delta_vs_baseline_pair_deg_lfc_spearman_sym_p05	0.11612011437842687	0.06362438465319173	0.1719998164519698	0.05418771589938903	bca	ok	0.95	2000	2000	8825	552	426	pubchem_cid			95% BCa bootstrap CI clustered by PubChem compound; uncertainty is over the observed compound panel, not broader chemical space.
vcpi_0002	table_7_dataset	individual_peer_mean_deg_lfc_spearman_sym_p05	mean_peer_baseline_deg_lfc_spearman_sym_p05	0.030869712570135543	0.024510417756414656	0.03770171325739519	0.0065956477504902685	bca	ok	0.95	2000	2000	8825	552	426	pubchem_cid			95% BCa bootstrap CI clustered by PubChem compound; uncertainty is over the observed compound panel, not broader chemical space.
vcpi_0002	table_7_dataset	individual_peer_sd_deg_lfc_spearman_sym_p05	mean_peer_baseline_deg_lfc_spearman_sym_sd_p05	0.4656965617990766	0.4464898123835166	0.4861063028881153	0.01980824525229935	bca	ok	0.95	2000	2000	8825	552	426	pubchem_cid			95% BCa bootstrap CI clustered by PubChem compound; uncertainty is over the observed compound panel, not broader chemical space.
vcpi_0002	table_7_dataset	individual_peer_fraction_below_observed_deg_lfc_spearman_sym_p05	mean_peer_baseline_deg_lfc_spearman_sym_fraction_below_observed_p05	0.6876556398547292	0.6604512000736283	0.7148366080258732	0.027192703976122445	bca	ok	0.95	2000	2000	8825	552	426	pubchem_cid			95% BCa bootstrap CI clustered by PubChem compound; uncertainty is over the observed compound panel, not broader chemical space.
vcpi_0002	table_7_dataset	individual_peer_corrected_percentile_deg_lfc_spearman_sym_p05	mean_peer_baseline_deg_lfc_spearman_sym_corrected_percentile_p05	0.6890248319525708	0.6591194649567134	0.7145318268313211	0.02770618093730387	bca	ok	0.95	2000	2000	8825	552	426	pubchem_cid			95% BCa bootstrap CI clustered by PubChem compound; uncertainty is over the observed compound panel, not broader chemical space.
vcpi_0002	table_7_dataset	delta_vs_individual_peer_deg_lfc_spearman_sym_p05	mean_delta_vs_peer_baseline_deg_lfc_spearman_sym_p05	0.2646111407033283	0.21801883748306672	0.3059657053891025	0.04397343395301789	bca	ok	0.95	2000	2000	8825	552	426	pubchem_cid			95% BCa bootstrap CI clustered by PubChem compound; uncertainty is over the observed compound panel, not broader chemical space.
vcpi_0002	table_7_dataset	dataset_normalized_observed_deg_lfc_spearman_sym_p05	mean_replicate_deg_lfc_spearman_sym_p05_normalized_dataset	0.18509242535392376	0.1375439175356156	0.2320696273609011	0.047262854912642746	bca	ok	0.95	2000	2000	8825	554	426	pubchem_cid			95% BCa bootstrap CI clustered by PubChem compound; uncertainty is over the observed compound panel, not broader chemical space.
vcpi_0002	table_7_dataset	dataset_normalized_centroid_baseline_deg_lfc_spearman_sym_p05	mean_baseline_pair_deg_lfc_spearman_sym_p05_normalized_dataset	0.013185838358493353	-0.012107369676704552	0.03803067922921237	0.02506902445295846	bca	ok	0.95	2000	2000	8825	2988	1302	pubchem_cid			95% BCa bootstrap CI clustered by PubChem compound; uncertainty is over the observed compound panel, not broader chemical space.
vcpi_0002	table_7_dataset	dataset_normalized_delta_vs_centroid_deg_lfc_spearman_sym_p05	mean_delta_vs_baseline_pair_deg_lfc_spearman_sym_p05_normalized_dataset	0.13732416107413628	0.08073163891645387	0.19243762394383657	0.05585299251369135	bca	ok	0.95	2000	2000	8825	554	426	pubchem_cid			95% BCa bootstrap CI clustered by PubChem compound; uncertainty is over the observed compound panel, not broader chemical space.
vcpi_0002	table_7_dataset	dataset_normalized_individual_peer_mean_deg_lfc_spearman_sym_p05	mean_peer_baseline_deg_lfc_spearman_sym_p05_normalized_dataset	0.0012545032262476128	-0.0030252029707296185	0.005680191310313046	0.004352697140521332	bca	ok	0.95	2000	2000	8825	554	426	pubchem_cid			95% BCa bootstrap CI clustered by PubChem compound; uncertainty is over the observed compound panel, not broader chemical space.
vcpi_0002	table_7_dataset	dataset_normalized_individual_peer_sd_deg_lfc_spearman_sym_p05	mean_peer_baseline_deg_lfc_spearman_sym_sd_p05_normalized_dataset	0.4616559597350437	0.44216851615766034	0.48068301974795086	0.019257251795145258	bca	ok	0.95	2000	2000	8825	554	426	pubchem_cid			95% BCa bootstrap CI clustered by PubChem compound; uncertainty is over the observed compound panel, not broader chemical space.
vcpi_0002	table_7_dataset	dataset_normalized_individual_peer_fraction_below_observed_deg_lfc_spearman_sym_p05	mean_peer_baseline_deg_lfc_spearman_sym_fraction_below_observed_p05_normalized_dataset	0.6328866243415252	0.6018493112349965	0.6653663639200187	0.031758526342511084	bca	ok	0.95	2000	2000	8825	554	426	pubchem_cid			95% BCa bootstrap CI clustered by PubChem compound; uncertainty is over the observed compound panel, not broader chemical space.
vcpi_0002	table_7_dataset	dataset_normalized_individual_peer_corrected_percentile_deg_lfc_spearman_sym_p05	mean_peer_baseline_deg_lfc_spearman_sym_corrected_percentile_p05_normalized_dataset	0.6344837335316887	0.6031135554071798	0.6652063426637073	0.031046393628263724	bca	ok	0.95	2000	2000	8825	554	426	pubchem_cid			95% BCa bootstrap CI clustered by PubChem compound; uncertainty is over the observed compound panel, not broader chemical space.
vcpi_0002	table_7_dataset	dataset_normalized_delta_vs_individual_peer_deg_lfc_spearman_sym_p05	mean_delta_vs_peer_baseline_deg_lfc_spearman_sym_p05_normalized_dataset	0.18383792212767613	0.13549105715842966	0.23080876505427284	0.04765885394792159	bca	ok	0.95	2000	2000	8825	554	426	pubchem_cid			95% BCa bootstrap CI clustered by PubChem compound; uncertainty is over the observed compound panel, not broader chemical space.
vcpi_0002	table_7_dataset	dataset_cell_type_normalized_observed_deg_lfc_spearman_sym_p05	mean_replicate_deg_lfc_spearman_sym_p05_normalized_dataset_cell_type	0.18509242535392376	0.1367683807770707	0.2327493315866767	0.047990475404803	bca	ok	0.95	2000	2000	8825	554	426	pubchem_cid			95% BCa bootstrap CI clustered by PubChem compound; uncertainty is over the observed compound panel, not broader chemical space.
vcpi_0002	table_7_dataset	dataset_cell_type_normalized_centroid_baseline_deg_lfc_spearman_sym_p05	mean_baseline_pair_deg_lfc_spearman_sym_p05_normalized_dataset_cell_type	0.013185838358493353	-0.011355275221127767	0.039112268961829164	0.025233772091478465	bca	ok	0.95	2000	2000	8825	2988	1302	pubchem_cid			95% BCa bootstrap CI clustered by PubChem compound; uncertainty is over the observed compound panel, not broader chemical space.
vcpi_0002	table_7_dataset	dataset_cell_type_normalized_delta_vs_centroid_deg_lfc_spearman_sym_p05	mean_delta_vs_baseline_pair_deg_lfc_spearman_sym_p05_normalized_dataset_cell_type	0.13732416107413628	0.08258500656480731	0.19895229224589636	0.058183642840544524	bca	ok	0.95	2000	2000	8825	554	426	pubchem_cid			95% BCa bootstrap CI clustered by PubChem compound; uncertainty is over the observed compound panel, not broader chemical space.
vcpi_0002	table_7_dataset	dataset_cell_type_normalized_individual_peer_mean_deg_lfc_spearman_sym_p05	mean_peer_baseline_deg_lfc_spearman_sym_p05_normalized_dataset_cell_type	0.0012545032262476128	-0.0030625940003657704	0.0058364700135631825	0.004449532006964477	bca	ok	0.95	2000	2000	8825	554	426	pubchem_cid			95% BCa bootstrap CI clustered by PubChem compound; uncertainty is over the observed compound panel, not broader chemical space.
vcpi_0002	table_7_dataset	dataset_cell_type_normalized_individual_peer_sd_deg_lfc_spearman_sym_p05	mean_peer_baseline_deg_lfc_spearman_sym_sd_p05_normalized_dataset_cell_type	0.4616559597350437	0.4430718950153528	0.48174776952712656	0.019337937255886867	bca	ok	0.95	2000	2000	8825	554	426	pubchem_cid			95% BCa bootstrap CI clustered by PubChem compound; uncertainty is over the observed compound panel, not broader chemical space.
vcpi_0002	table_7_dataset	dataset_cell_type_normalized_individual_peer_fraction_below_observed_deg_lfc_spearman_sym_p05	mean_peer_baseline_deg_lfc_spearman_sym_fraction_below_observed_p05_normalized_dataset_cell_type	0.6328866243415252	0.6016557590204545	0.6652949589457081	0.03181959996262679	bca	ok	0.95	2000	2000	8825	554	426	pubchem_cid			95% BCa bootstrap CI clustered by PubChem compound; uncertainty is over the observed compound panel, not broader chemical space.
vcpi_0002	table_7_dataset	dataset_cell_type_normalized_individual_peer_corrected_percentile_deg_lfc_spearman_sym_p05	mean_peer_baseline_deg_lfc_spearman_sym_corrected_percentile_p05_normalized_dataset_cell_type	0.6344837335316887	0.6019689369215067	0.663868413333424	0.030949738205958643	bca	ok	0.95	2000	2000	8825	554	426	pubchem_cid			95% BCa bootstrap CI clustered by PubChem compound; uncertainty is over the observed compound panel, not broader chemical space.
vcpi_0002	table_7_dataset	dataset_cell_type_normalized_delta_vs_individual_peer_deg_lfc_spearman_sym_p05	mean_delta_vs_peer_baseline_deg_lfc_spearman_sym_p05_normalized_dataset_cell_type	0.18383792212767613	0.135302656209804	0.23171599258524575	0.048206668187720875	bca	ok	0.95	2000	2000	8825	554	426	pubchem_cid			95% BCa bootstrap CI clustered by PubChem compound; uncertainty is over the observed compound panel, not broader chemical space.
