dataset_name	summary_level	metric	value_col	mean	ci_low	ci_high	ci_half_width	ci_method	ci_status	ci_level	n_bootstrap_iterations	n_bootstrap_valid	n_rows	n_finite_rows	n_compounds	cluster_col	inner_strata	outer_strata	uncertainty_scope
cigs_mce	table_10_dataset	observed_replicate_spearman_logfc	mean_replicate_spearman_logfc	0.09799860933999194	0.09604307646543181	0.10011603972409495	0.0020364816293315727	bca	ok	0.95	2000	2000	21426	21426	11126	pubchem_cid			95% BCa bootstrap CI clustered by PubChem compound; uncertainty is over the observed compound panel, not broader chemical space.
cigs_mce	table_10_dataset	centroid_baseline_spearman_logfc	mean_replicate_baseline_spearman_logfc	0.13975969997823104	0.13759911275061257	0.14178302679519592	0.002091957022291674	bca	ok	0.95	2000	2000	21426	21426	11126	pubchem_cid			95% BCa bootstrap CI clustered by PubChem compound; uncertainty is over the observed compound panel, not broader chemical space.
cigs_mce	table_10_dataset	delta_vs_centroid_spearman_logfc	mean_replicate_minus_baseline_spearman_logfc	-0.04176109063823908	-0.0438758931658926	-0.03974132148352376	0.0020672858411844193	bca	ok	0.95	2000	2000	21426	21426	11126	pubchem_cid			95% BCa bootstrap CI clustered by PubChem compound; uncertainty is over the observed compound panel, not broader chemical space.
cigs_mce	table_10_dataset	individual_peer_mean_spearman_logfc	mean_peer_baseline_spearman_logfc	0.03131384122171708	0.031000426327733453	0.031607144952696245	0.00030335931248139623	bca	ok	0.95	2000	2000	21426	21426	11126	pubchem_cid			95% BCa bootstrap CI clustered by PubChem compound; uncertainty is over the observed compound panel, not broader chemical space.
cigs_mce	table_10_dataset	individual_peer_sd_spearman_logfc	mean_peer_baseline_sd_spearman_logfc	0.0675926970965826	0.06727830650644068	0.06792835226070358	0.000325022877131452	bca	ok	0.95	2000	2000	21426	21426	11126	pubchem_cid			95% BCa bootstrap CI clustered by PubChem compound; uncertainty is over the observed compound panel, not broader chemical space.
cigs_mce	table_10_dataset	individual_peer_fraction_below_observed_spearman_logfc	mean_peer_baseline_fraction_below_observed_spearman_logfc	0.6503420702729698	0.6469453324983464	0.6544056237930665	0.0037301456473600725	bca	ok	0.95	2000	2000	21426	21426	11126	pubchem_cid			95% BCa bootstrap CI clustered by PubChem compound; uncertainty is over the observed compound panel, not broader chemical space.
cigs_mce	table_10_dataset	individual_peer_corrected_percentile_spearman_logfc	mean_peer_baseline_corrected_percentile_spearman_logfc	0.6517026069645147	0.6479408753722828	0.6553784623045792	0.0037187934661481736	bca	ok	0.95	2000	2000	21426	21426	11126	pubchem_cid			95% BCa bootstrap CI clustered by PubChem compound; uncertainty is over the observed compound panel, not broader chemical space.
cigs_mce	table_10_dataset	delta_vs_individual_peer_spearman_logfc	mean_replicate_minus_peer_baseline_spearman_logfc	0.06668476811827484	0.06491711536311183	0.06880114173799697	0.0019420131874425678	bca	ok	0.95	2000	2000	21426	21426	11126	pubchem_cid			95% BCa bootstrap CI clustered by PubChem compound; uncertainty is over the observed compound panel, not broader chemical space.
cigs_mce	table_10_dataset	raw_observed_replicate_cosine	mean_replicate_cosine_logfc_raw	0.09996015211982573	0.0978054423552707	0.10198236278011294	0.0020884602124211227	bca	ok	0.95	2000	2000	21426	21426	11126	pubchem_cid			95% BCa bootstrap CI clustered by PubChem compound; uncertainty is over the observed compound panel, not broader chemical space.
cigs_mce	table_10_dataset	raw_centroid_baseline_cosine	mean_replicate_baseline_cosine_logfc_raw	0.16025749047685944	0.15810914340566593	0.16260764657766427	0.0022492515859991735	bca	ok	0.95	2000	2000	21426	21426	11126	pubchem_cid			95% BCa bootstrap CI clustered by PubChem compound; uncertainty is over the observed compound panel, not broader chemical space.
cigs_mce	table_10_dataset	raw_delta_vs_centroid_cosine	mean_replicate_minus_baseline_cosine_logfc_raw	-0.06029733835703367	-0.06250335923772421	-0.05822410436274818	0.002139627437488016	bca	ok	0.95	2000	2000	21426	21426	11126	pubchem_cid			95% BCa bootstrap CI clustered by PubChem compound; uncertainty is over the observed compound panel, not broader chemical space.
cigs_mce	table_10_dataset	raw_individual_peer_mean_cosine	mean_peer_baseline_cosine_logfc_raw	0.03295859411065425	0.03262290567100239	0.0333070229200544	0.0003420586245260031	bca	ok	0.95	2000	2000	21426	21426	11126	pubchem_cid			95% BCa bootstrap CI clustered by PubChem compound; uncertainty is over the observed compound panel, not broader chemical space.
cigs_mce	table_10_dataset	raw_individual_peer_sd_cosine	mean_peer_baseline_sd_cosine_logfc_raw	0.06712143461667279	0.06678741073378133	0.06747539864226064	0.00034399395423965334	bca	ok	0.95	2000	2000	21426	21426	11126	pubchem_cid			95% BCa bootstrap CI clustered by PubChem compound; uncertainty is over the observed compound panel, not broader chemical space.
cigs_mce	table_10_dataset	raw_individual_peer_fraction_below_observed_cosine	mean_peer_baseline_fraction_below_observed_cosine_logfc_raw	0.6462572563829188	0.6424839797906651	0.6500126993244714	0.003764359766903147	bca	ok	0.95	2000	2000	21426	21426	11126	pubchem_cid			95% BCa bootstrap CI clustered by PubChem compound; uncertainty is over the observed compound panel, not broader chemical space.
cigs_mce	table_10_dataset	raw_individual_peer_corrected_percentile_cosine	mean_peer_baseline_corrected_percentile_cosine_logfc_raw	0.6476336872919346	0.6440332933418674	0.6514285080576531	0.003697607357892818	bca	ok	0.95	2000	2000	21426	21426	11126	pubchem_cid			95% BCa bootstrap CI clustered by PubChem compound; uncertainty is over the observed compound panel, not broader chemical space.
cigs_mce	table_10_dataset	raw_delta_vs_individual_peer_cosine	mean_replicate_minus_peer_baseline_cosine_logfc_raw	0.06700155800917146	0.06525940247180251	0.06914205961589448	0.001941328572045986	bca	ok	0.95	2000	2000	21426	21426	11126	pubchem_cid			95% BCa bootstrap CI clustered by PubChem compound; uncertainty is over the observed compound panel, not broader chemical space.
cigs_mce	table_10_dataset	dataset_normalized_observed_replicate_cosine	mean_replicate_cosine_logfc_normalized_dataset	0.08733571020081035	0.08539363255840417	0.08933408498202462	0.0019702262118102276	bca	ok	0.95	2000	2000	21426	21426	11126	pubchem_cid			95% BCa bootstrap CI clustered by PubChem compound; uncertainty is over the observed compound panel, not broader chemical space.
cigs_mce	table_10_dataset	dataset_normalized_centroid_baseline_cosine	mean_replicate_baseline_cosine_logfc_normalized_dataset	0.10593672266894481	0.10463652642557074	0.10720433445550688	0.0012839040149680708	bca	ok	0.95	2000	2000	21426	21426	11126	pubchem_cid			95% BCa bootstrap CI clustered by PubChem compound; uncertainty is over the observed compound panel, not broader chemical space.
cigs_mce	table_10_dataset	dataset_normalized_delta_vs_centroid_cosine	mean_replicate_minus_baseline_cosine_logfc_normalized_dataset	-0.01860101246813443	-0.020957842005610964	-0.016135353967240466	0.0024112440191852488	bca	ok	0.95	2000	2000	21426	21426	11126	pubchem_cid			95% BCa bootstrap CI clustered by PubChem compound; uncertainty is over the observed compound panel, not broader chemical space.
cigs_mce	table_10_dataset	dataset_normalized_individual_peer_mean_cosine	mean_peer_baseline_cosine_logfc_normalized_dataset	0.013646722718817601	0.013443540381342187	0.013864231110115961	0.00021034536438688679	bca	ok	0.95	2000	2000	21426	21426	11126	pubchem_cid			95% BCa bootstrap CI clustered by PubChem compound; uncertainty is over the observed compound panel, not broader chemical space.
cigs_mce	table_10_dataset	dataset_normalized_individual_peer_sd_cosine	mean_peer_baseline_sd_cosine_logfc_normalized_dataset	0.06538834778721246	0.06509882855284911	0.06571290358879975	0.0003070375179753185	bca	ok	0.95	2000	2000	21426	21426	11126	pubchem_cid			95% BCa bootstrap CI clustered by PubChem compound; uncertainty is over the observed compound panel, not broader chemical space.
cigs_mce	table_10_dataset	dataset_normalized_individual_peer_fraction_below_observed_cosine	mean_peer_baseline_fraction_below_observed_cosine_logfc_normalized_dataset	0.6723613185578797	0.6688485825028087	0.6761202531870159	0.0036358353421035994	bca	ok	0.95	2000	2000	21426	21426	11126	pubchem_cid			95% BCa bootstrap CI clustered by PubChem compound; uncertainty is over the observed compound panel, not broader chemical space.
cigs_mce	table_10_dataset	dataset_normalized_individual_peer_corrected_percentile_cosine	mean_peer_baseline_corrected_percentile_cosine_logfc_normalized_dataset	0.6736361772405339	0.6700147214755153	0.6772927805364645	0.003639029530474569	bca	ok	0.95	2000	2000	21426	21426	11126	pubchem_cid			95% BCa bootstrap CI clustered by PubChem compound; uncertainty is over the observed compound panel, not broader chemical space.
cigs_mce	table_10_dataset	dataset_normalized_delta_vs_individual_peer_cosine	mean_replicate_minus_peer_baseline_cosine_logfc_normalized_dataset	0.07368898748199272	0.07156871036081382	0.07580105139301142	0.002116170516098803	bca	ok	0.95	2000	2000	21426	21426	11126	pubchem_cid			95% BCa bootstrap CI clustered by PubChem compound; uncertainty is over the observed compound panel, not broader chemical space.
cigs_mce	table_10_dataset	dataset_cell_type_normalized_observed_replicate_cosine	mean_replicate_cosine_logfc_normalized_dataset_cell_type	0.07894047948021421	0.07697453124280144	0.08094436690410581	0.0019849178306521817	bca	ok	0.95	2000	2000	21426	21426	11126	pubchem_cid			95% BCa bootstrap CI clustered by PubChem compound; uncertainty is over the observed compound panel, not broader chemical space.
cigs_mce	table_10_dataset	dataset_cell_type_normalized_centroid_baseline_cosine	mean_replicate_baseline_cosine_logfc_normalized_dataset_cell_type	0.010836476176041724	0.009318134179840112	0.012489390887334775	0.0015856283537473313	bca	ok	0.95	2000	2000	21426	21426	11126	pubchem_cid			95% BCa bootstrap CI clustered by PubChem compound; uncertainty is over the observed compound panel, not broader chemical space.
cigs_mce	table_10_dataset	dataset_cell_type_normalized_delta_vs_centroid_cosine	mean_replicate_minus_baseline_cosine_logfc_normalized_dataset_cell_type	0.0681040033041725	0.06522592297006059	0.07104077822371002	0.0029074276268247143	bca	ok	0.95	2000	2000	21426	21426	11126	pubchem_cid			95% BCa bootstrap CI clustered by PubChem compound; uncertainty is over the observed compound panel, not broader chemical space.
cigs_mce	table_10_dataset	dataset_cell_type_normalized_individual_peer_mean_cosine	mean_peer_baseline_cosine_logfc_normalized_dataset_cell_type	0.0021003894433685674	0.0019711405871389166	0.0022164967041423604	0.0001226780585017219	bca	ok	0.95	2000	2000	21426	21426	11126	pubchem_cid			95% BCa bootstrap CI clustered by PubChem compound; uncertainty is over the observed compound panel, not broader chemical space.
cigs_mce	table_10_dataset	dataset_cell_type_normalized_individual_peer_sd_cosine	mean_peer_baseline_sd_cosine_logfc_normalized_dataset_cell_type	0.06508623178604807	0.06479635930566176	0.06539619067783548	0.00029991568608685876	bca	ok	0.95	2000	2000	21426	21426	11126	pubchem_cid			95% BCa bootstrap CI clustered by PubChem compound; uncertainty is over the observed compound panel, not broader chemical space.
cigs_mce	table_10_dataset	dataset_cell_type_normalized_individual_peer_fraction_below_observed_cosine	mean_peer_baseline_fraction_below_observed_cosine_logfc_normalized_dataset_cell_type	0.6838502237745382	0.6800638313936028	0.687488104374089	0.003712136490243101	bca	ok	0.95	2000	2000	21426	21426	11126	pubchem_cid			95% BCa bootstrap CI clustered by PubChem compound; uncertainty is over the observed compound panel, not broader chemical space.
cigs_mce	table_10_dataset	dataset_cell_type_normalized_individual_peer_corrected_percentile_cosine	mean_peer_baseline_corrected_percentile_cosine_logfc_normalized_dataset_cell_type	0.6850803785458434	0.6813583965972148	0.6885674637962914	0.0036045335995383287	bca	ok	0.95	2000	2000	21426	21426	11126	pubchem_cid			95% BCa bootstrap CI clustered by PubChem compound; uncertainty is over the observed compound panel, not broader chemical space.
cigs_mce	table_10_dataset	dataset_cell_type_normalized_delta_vs_individual_peer_cosine	mean_replicate_minus_peer_baseline_cosine_logfc_normalized_dataset_cell_type	0.07684009003684564	0.07482486043218377	0.07899424239976488	0.002084690983790556	bca	ok	0.95	2000	2000	21426	21426	11126	pubchem_cid			95% BCa bootstrap CI clustered by PubChem compound; uncertainty is over the observed compound panel, not broader chemical space.
cigs_mce	table_10_dataset	dataset_normalized_observed_replicate_spearman_logfc	mean_replicate_spearman_logfc_normalized_dataset	0.09290911709493327	0.09108986419818457	0.0950502723765318	0.0019802040891736122	bca	ok	0.95	2000	2000	21426	21426	11126	pubchem_cid			95% BCa bootstrap CI clustered by PubChem compound; uncertainty is over the observed compound panel, not broader chemical space.
cigs_mce	table_10_dataset	dataset_normalized_centroid_baseline_spearman_logfc	mean_replicate_baseline_spearman_logfc_normalized_dataset	0.1034907162948701	0.10217564648338373	0.10489030116957919	0.0013573273430977292	bca	ok	0.95	2000	2000	21426	21426	11126	pubchem_cid			95% BCa bootstrap CI clustered by PubChem compound; uncertainty is over the observed compound panel, not broader chemical space.
cigs_mce	table_10_dataset	dataset_normalized_delta_vs_centroid_spearman_logfc	mean_replicate_minus_baseline_spearman_logfc_normalized_dataset	-0.010581599199936837	-0.01274223534947908	-0.008222220996236141	0.0022600071766214697	bca	ok	0.95	2000	2000	21426	21426	11126	pubchem_cid			95% BCa bootstrap CI clustered by PubChem compound; uncertainty is over the observed compound panel, not broader chemical space.
cigs_mce	table_10_dataset	dataset_normalized_individual_peer_mean_spearman_logfc	mean_peer_baseline_spearman_logfc_normalized_dataset	0.017402491312042318	0.017156298526175402	0.0176347258370544	0.0002392136554394981	bca	ok	0.95	2000	2000	21426	21426	11126	pubchem_cid			95% BCa bootstrap CI clustered by PubChem compound; uncertainty is over the observed compound panel, not broader chemical space.
cigs_mce	table_10_dataset	dataset_normalized_individual_peer_sd_spearman_logfc	mean_peer_baseline_sd_spearman_logfc_normalized_dataset	0.0705290701577053	0.07022817803501599	0.07084472766689408	0.00030827481593904277	bca	ok	0.95	2000	2000	21426	21426	11126	pubchem_cid			95% BCa bootstrap CI clustered by PubChem compound; uncertainty is over the observed compound panel, not broader chemical space.
cigs_mce	table_10_dataset	dataset_normalized_individual_peer_fraction_below_observed_spearman_logfc	mean_peer_baseline_fraction_below_observed_spearman_logfc_normalized_dataset	0.6785083002639714	0.6748987832496158	0.6821890191463456	0.003645117948364862	bca	ok	0.95	2000	2000	21426	21426	11126	pubchem_cid			95% BCa bootstrap CI clustered by PubChem compound; uncertainty is over the observed compound panel, not broader chemical space.
cigs_mce	table_10_dataset	dataset_normalized_individual_peer_corrected_percentile_spearman_logfc	mean_peer_baseline_corrected_percentile_spearman_logfc_normalized_dataset	0.6797592407298705	0.6762346574762402	0.6835487208376343	0.0036570316806970316	bca	ok	0.95	2000	2000	21426	21426	11126	pubchem_cid			95% BCa bootstrap CI clustered by PubChem compound; uncertainty is over the observed compound panel, not broader chemical space.
cigs_mce	table_10_dataset	dataset_normalized_delta_vs_individual_peer_spearman_logfc	mean_replicate_minus_peer_baseline_spearman_logfc_normalized_dataset	0.07550662578289091	0.07349726351217963	0.0776290900475364	0.002065913267678389	bca	ok	0.95	2000	2000	21426	21426	11126	pubchem_cid			95% BCa bootstrap CI clustered by PubChem compound; uncertainty is over the observed compound panel, not broader chemical space.
cigs_mce	table_10_dataset	dataset_cell_type_normalized_observed_replicate_spearman_logfc	mean_replicate_spearman_logfc_normalized_dataset_cell_type	0.08247303557405523	0.08055278668861389	0.08445711118425245	0.0019521622478192793	bca	ok	0.95	2000	2000	21426	21426	11126	pubchem_cid			95% BCa bootstrap CI clustered by PubChem compound; uncertainty is over the observed compound panel, not broader chemical space.
cigs_mce	table_10_dataset	dataset_cell_type_normalized_centroid_baseline_spearman_logfc	mean_replicate_baseline_spearman_logfc_normalized_dataset_cell_type	0.012281753766394036	0.010795987170866536	0.013796072820214807	0.0015000428246741354	bca	ok	0.95	2000	2000	21426	21426	11126	pubchem_cid			95% BCa bootstrap CI clustered by PubChem compound; uncertainty is over the observed compound panel, not broader chemical space.
cigs_mce	table_10_dataset	dataset_cell_type_normalized_delta_vs_centroid_spearman_logfc	mean_replicate_minus_baseline_spearman_logfc_normalized_dataset_cell_type	0.07019128180766121	0.06726759243228432	0.07310834593593273	0.0029203767518242024	bca	ok	0.95	2000	2000	21426	21426	11126	pubchem_cid			95% BCa bootstrap CI clustered by PubChem compound; uncertainty is over the observed compound panel, not broader chemical space.
cigs_mce	table_10_dataset	dataset_cell_type_normalized_individual_peer_mean_spearman_logfc	mean_peer_baseline_spearman_logfc_normalized_dataset_cell_type	0.003825616949956786	0.0036655715326618468	0.003980094482730508	0.00015726147503433078	bca	ok	0.95	2000	2000	21426	21426	11126	pubchem_cid			95% BCa bootstrap CI clustered by PubChem compound; uncertainty is over the observed compound panel, not broader chemical space.
cigs_mce	table_10_dataset	dataset_cell_type_normalized_individual_peer_sd_spearman_logfc	mean_peer_baseline_sd_spearman_logfc_normalized_dataset_cell_type	0.06981464800004006	0.06951455667002295	0.07012940151381122	0.0003074224218941393	bca	ok	0.95	2000	2000	21426	21426	11126	pubchem_cid			95% BCa bootstrap CI clustered by PubChem compound; uncertainty is over the observed compound panel, not broader chemical space.
cigs_mce	table_10_dataset	dataset_cell_type_normalized_individual_peer_fraction_below_observed_spearman_logfc	mean_peer_baseline_fraction_below_observed_spearman_logfc_normalized_dataset_cell_type	0.6910785542094913	0.6875658006782067	0.6946073391599434	0.00352076924086836	bca	ok	0.95	2000	2000	21426	21426	11126	pubchem_cid			95% BCa bootstrap CI clustered by PubChem compound; uncertainty is over the observed compound panel, not broader chemical space.
cigs_mce	table_10_dataset	dataset_cell_type_normalized_individual_peer_corrected_percentile_spearman_logfc	mean_peer_baseline_corrected_percentile_spearman_logfc_normalized_dataset_cell_type	0.6922805831814387	0.6886688651574784	0.6960051259155092	0.003668130379015422	bca	ok	0.95	2000	2000	21426	21426	11126	pubchem_cid			95% BCa bootstrap CI clustered by PubChem compound; uncertainty is over the observed compound panel, not broader chemical space.
cigs_mce	table_10_dataset	dataset_cell_type_normalized_delta_vs_individual_peer_spearman_logfc	mean_replicate_minus_peer_baseline_spearman_logfc_normalized_dataset_cell_type	0.07864741862409844	0.07658263108294619	0.08066119164202111	0.00203928027953746	bca	ok	0.95	2000	2000	21426	21426	11126	pubchem_cid			95% BCa bootstrap CI clustered by PubChem compound; uncertainty is over the observed compound panel, not broader chemical space.
cigs_tcm	table_10_dataset	observed_replicate_spearman_logfc	mean_replicate_spearman_logfc	0.10253765574286222	0.0992399777647038	0.10598800506275725	0.0033740136490267303	bca	ok	0.95	2000	2000	7020	7020	1816	pubchem_cid			95% BCa bootstrap CI clustered by PubChem compound; uncertainty is over the observed compound panel, not broader chemical space.
cigs_tcm	table_10_dataset	centroid_baseline_spearman_logfc	mean_replicate_baseline_spearman_logfc	0.07585408666086557	0.07383563733591222	0.07798990165032701	0.0020771321572073953	bca	ok	0.95	2000	2000	7020	7020	1816	pubchem_cid			95% BCa bootstrap CI clustered by PubChem compound; uncertainty is over the observed compound panel, not broader chemical space.
cigs_tcm	table_10_dataset	delta_vs_centroid_spearman_logfc	mean_replicate_minus_baseline_spearman_logfc	0.02668356908199664	0.024901845482123545	0.028876672342141748	0.0019874134300091016	bca	ok	0.95	2000	2000	7020	7020	1816	pubchem_cid			95% BCa bootstrap CI clustered by PubChem compound; uncertainty is over the observed compound panel, not broader chemical space.
cigs_tcm	table_10_dataset	individual_peer_mean_spearman_logfc	mean_peer_baseline_spearman_logfc	0.014036399447139334	0.013848414160494586	0.014208499742708361	0.0001800427911068875	bca	ok	0.95	2000	2000	7020	7020	1816	pubchem_cid			95% BCa bootstrap CI clustered by PubChem compound; uncertainty is over the observed compound panel, not broader chemical space.
cigs_tcm	table_10_dataset	individual_peer_sd_spearman_logfc	mean_peer_baseline_sd_spearman_logfc	0.02813070089258656	0.027894409895671254	0.02838852088489734	0.00024705549461304273	bca	ok	0.95	2000	2000	7020	7020	1816	pubchem_cid			95% BCa bootstrap CI clustered by PubChem compound; uncertainty is over the observed compound panel, not broader chemical space.
cigs_tcm	table_10_dataset	individual_peer_fraction_below_observed_spearman_logfc	mean_peer_baseline_fraction_below_observed_spearman_logfc	0.9350176362426796	0.9324433583489641	0.9375753187515966	0.0025659802013162647	bca	ok	0.95	2000	2000	7020	7020	1816	pubchem_cid			95% BCa bootstrap CI clustered by PubChem compound; uncertainty is over the observed compound panel, not broader chemical space.
cigs_tcm	table_10_dataset	individual_peer_corrected_percentile_spearman_logfc	mean_peer_baseline_corrected_percentile_spearman_logfc	0.935270485907105	0.9323679649331258	0.9377955532620369	0.002713794164455552	bca	ok	0.95	2000	2000	7020	7020	1816	pubchem_cid			95% BCa bootstrap CI clustered by PubChem compound; uncertainty is over the observed compound panel, not broader chemical space.
cigs_tcm	table_10_dataset	delta_vs_individual_peer_spearman_logfc	mean_replicate_minus_peer_baseline_spearman_logfc	0.08850125629572285	0.08544910550136679	0.09198262786034903	0.0032667611794911164	bca	ok	0.95	2000	2000	7020	7020	1816	pubchem_cid			95% BCa bootstrap CI clustered by PubChem compound; uncertainty is over the observed compound panel, not broader chemical space.
cigs_tcm	table_10_dataset	raw_observed_replicate_cosine	mean_replicate_cosine_logfc_raw	0.0919307857563958	0.08873573790427483	0.09563948329729861	0.0034518726965118915	bca	ok	0.95	2000	2000	7020	7020	1816	pubchem_cid			95% BCa bootstrap CI clustered by PubChem compound; uncertainty is over the observed compound panel, not broader chemical space.
cigs_tcm	table_10_dataset	raw_centroid_baseline_cosine	mean_replicate_baseline_cosine_logfc_raw	0.0769433827445101	0.07471729600683738	0.07910987079606965	0.0021962873946161365	bca	ok	0.95	2000	2000	7020	7020	1816	pubchem_cid			95% BCa bootstrap CI clustered by PubChem compound; uncertainty is over the observed compound panel, not broader chemical space.
cigs_tcm	table_10_dataset	raw_delta_vs_centroid_cosine	mean_replicate_minus_baseline_cosine_logfc_raw	0.014987403011885699	0.013126996852041793	0.01688318054563311	0.001878091846795658	bca	ok	0.95	2000	2000	7020	7020	1816	pubchem_cid			95% BCa bootstrap CI clustered by PubChem compound; uncertainty is over the observed compound panel, not broader chemical space.
cigs_tcm	table_10_dataset	raw_individual_peer_mean_cosine	mean_peer_baseline_cosine_logfc_raw	0.0065676540007206605	0.006388341281537608	0.006747765080478466	0.00017971189947042906	bca	ok	0.95	2000	2000	7020	7020	1816	pubchem_cid			95% BCa bootstrap CI clustered by PubChem compound; uncertainty is over the observed compound panel, not broader chemical space.
cigs_tcm	table_10_dataset	raw_individual_peer_sd_cosine	mean_peer_baseline_sd_cosine_logfc_raw	0.030326368430102616	0.03009561050541935	0.03058119008473141	0.00024278978965603	bca	ok	0.95	2000	2000	7020	7020	1816	pubchem_cid			95% BCa bootstrap CI clustered by PubChem compound; uncertainty is over the observed compound panel, not broader chemical space.
cigs_tcm	table_10_dataset	raw_individual_peer_fraction_below_observed_cosine	mean_peer_baseline_fraction_below_observed_cosine_logfc_raw	0.9120300196363563	0.9091138175490678	0.9149321980614932	0.002909190256212668	bca	ok	0.95	2000	2000	7020	7020	1816	pubchem_cid			95% BCa bootstrap CI clustered by PubChem compound; uncertainty is over the observed compound panel, not broader chemical space.
cigs_tcm	table_10_dataset	raw_individual_peer_corrected_percentile_cosine	mean_peer_baseline_corrected_percentile_cosine_logfc_raw	0.9123723152797948	0.9093556643351492	0.9155549812582987	0.003099658461574728	bca	ok	0.95	2000	2000	7020	7020	1816	pubchem_cid			95% BCa bootstrap CI clustered by PubChem compound; uncertainty is over the observed compound panel, not broader chemical space.
cigs_tcm	table_10_dataset	raw_delta_vs_individual_peer_cosine	mean_replicate_minus_peer_baseline_cosine_logfc_raw	0.0853631317556751	0.08230712411422059	0.08903345039802144	0.0033631631419004243	bca	ok	0.95	2000	2000	7020	7020	1816	pubchem_cid			95% BCa bootstrap CI clustered by PubChem compound; uncertainty is over the observed compound panel, not broader chemical space.
cigs_tcm	table_10_dataset	dataset_normalized_observed_replicate_cosine	mean_replicate_cosine_logfc_normalized_dataset	0.10344020200140462	0.09980943623378939	0.10794066681004372	0.004065615288127163	bca	ok	0.95	2000	2000	7020	7020	1816	pubchem_cid			95% BCa bootstrap CI clustered by PubChem compound; uncertainty is over the observed compound panel, not broader chemical space.
cigs_tcm	table_10_dataset	dataset_normalized_centroid_baseline_cosine	mean_replicate_baseline_cosine_logfc_normalized_dataset	0.062359644530349416	0.06118916050175282	0.06345186417534769	0.001131351836797436	bca	ok	0.95	2000	2000	7020	7020	1816	pubchem_cid			95% BCa bootstrap CI clustered by PubChem compound; uncertainty is over the observed compound panel, not broader chemical space.
cigs_tcm	table_10_dataset	dataset_normalized_delta_vs_centroid_cosine	mean_replicate_minus_baseline_cosine_logfc_normalized_dataset	0.04108055747105518	0.03749926157144972	0.04513462937961026	0.0038176839040802713	bca	ok	0.95	2000	2000	7020	7020	1816	pubchem_cid			95% BCa bootstrap CI clustered by PubChem compound; uncertainty is over the observed compound panel, not broader chemical space.
cigs_tcm	table_10_dataset	dataset_normalized_individual_peer_mean_cosine	mean_peer_baseline_cosine_logfc_normalized_dataset	0.00450396238960027	0.004407225610937998	0.004601135584683033	9.695498687251752e-05	bca	ok	0.95	2000	2000	7020	7020	1816	pubchem_cid			95% BCa bootstrap CI clustered by PubChem compound; uncertainty is over the observed compound panel, not broader chemical space.
cigs_tcm	table_10_dataset	dataset_normalized_individual_peer_sd_cosine	mean_peer_baseline_sd_cosine_logfc_normalized_dataset	0.02963801773681193	0.029335990099434293	0.029941373759660037	0.00030269183011287157	bca	ok	0.95	2000	2000	7020	7020	1816	pubchem_cid			95% BCa bootstrap CI clustered by PubChem compound; uncertainty is over the observed compound panel, not broader chemical space.
cigs_tcm	table_10_dataset	dataset_normalized_individual_peer_fraction_below_observed_cosine	mean_peer_baseline_fraction_below_observed_cosine_logfc_normalized_dataset	0.9379599550639047	0.9354044516405979	0.9404770481643495	0.002536298261875791	bca	ok	0.95	2000	2000	7020	7020	1816	pubchem_cid			95% BCa bootstrap CI clustered by PubChem compound; uncertainty is over the observed compound panel, not broader chemical space.
cigs_tcm	table_10_dataset	dataset_normalized_individual_peer_corrected_percentile_cosine	mean_peer_baseline_corrected_percentile_cosine_logfc_normalized_dataset	0.9382013560169635	0.9357533310022916	0.9404612179084483	0.002353943453078322	bca	ok	0.95	2000	2000	7020	7020	1816	pubchem_cid			95% BCa bootstrap CI clustered by PubChem compound; uncertainty is over the observed compound panel, not broader chemical space.
cigs_tcm	table_10_dataset	dataset_normalized_delta_vs_individual_peer_cosine	mean_replicate_minus_peer_baseline_cosine_logfc_normalized_dataset	0.0989362396118043	0.09506348830163518	0.10303510666140528	0.003985809179885051	bca	ok	0.95	2000	2000	7020	7020	1816	pubchem_cid			95% BCa bootstrap CI clustered by PubChem compound; uncertainty is over the observed compound panel, not broader chemical space.
cigs_tcm	table_10_dataset	dataset_cell_type_normalized_observed_replicate_cosine	mean_replicate_cosine_logfc_normalized_dataset_cell_type	0.10431883996030474	0.10033266358694434	0.10885255575681535	0.004259946084935504	bca	ok	0.95	2000	2000	7020	7020	1816	pubchem_cid			95% BCa bootstrap CI clustered by PubChem compound; uncertainty is over the observed compound panel, not broader chemical space.
cigs_tcm	table_10_dataset	dataset_cell_type_normalized_centroid_baseline_cosine	mean_replicate_baseline_cosine_logfc_normalized_dataset_cell_type	0.04854832188722291	0.047446110834421504	0.04955104064038397	0.0010524649029812344	bca	ok	0.95	2000	2000	7020	7020	1816	pubchem_cid			95% BCa bootstrap CI clustered by PubChem compound; uncertainty is over the observed compound panel, not broader chemical space.
cigs_tcm	table_10_dataset	dataset_cell_type_normalized_delta_vs_centroid_cosine	mean_replicate_minus_baseline_cosine_logfc_normalized_dataset_cell_type	0.05577051807308181	0.05166411729650281	0.06098150000964752	0.0046586913565723545	bca	ok	0.95	2000	2000	7020	7020	1816	pubchem_cid			95% BCa bootstrap CI clustered by PubChem compound; uncertainty is over the observed compound panel, not broader chemical space.
cigs_tcm	table_10_dataset	dataset_cell_type_normalized_individual_peer_mean_cosine	mean_peer_baseline_cosine_logfc_normalized_dataset_cell_type	0.0029783686964982054	0.002863727334084111	0.003097123411796417	0.00011669803885615304	bca	ok	0.95	2000	2000	7020	7020	1816	pubchem_cid			95% BCa bootstrap CI clustered by PubChem compound; uncertainty is over the observed compound panel, not broader chemical space.
cigs_tcm	table_10_dataset	dataset_cell_type_normalized_individual_peer_sd_cosine	mean_peer_baseline_sd_cosine_logfc_normalized_dataset_cell_type	0.029948541882588192	0.02964484132721067	0.030261884579291336	0.00030852162604033326	bca	ok	0.95	2000	2000	7020	7020	1816	pubchem_cid			95% BCa bootstrap CI clustered by PubChem compound; uncertainty is over the observed compound panel, not broader chemical space.
cigs_tcm	table_10_dataset	dataset_cell_type_normalized_individual_peer_fraction_below_observed_cosine	mean_peer_baseline_fraction_below_observed_cosine_logfc_normalized_dataset_cell_type	0.9407765897658474	0.9381538540810728	0.9430891500135503	0.002467647966238773	bca	ok	0.95	2000	2000	7020	7020	1816	pubchem_cid			95% BCa bootstrap CI clustered by PubChem compound; uncertainty is over the observed compound panel, not broader chemical space.
cigs_tcm	table_10_dataset	dataset_cell_type_normalized_individual_peer_corrected_percentile_cosine	mean_peer_baseline_corrected_percentile_cosine_logfc_normalized_dataset_cell_type	0.9410070310508053	0.9386603148660914	0.9434696043386273	0.002404644736267947	bca	ok	0.95	2000	2000	7020	7020	1816	pubchem_cid			95% BCa bootstrap CI clustered by PubChem compound; uncertainty is over the observed compound panel, not broader chemical space.
cigs_tcm	table_10_dataset	dataset_cell_type_normalized_delta_vs_individual_peer_cosine	mean_replicate_minus_peer_baseline_cosine_logfc_normalized_dataset_cell_type	0.10134047126380648	0.09745124682449798	0.10592935979868386	0.00423905648709294	bca	ok	0.95	2000	2000	7020	7020	1816	pubchem_cid			95% BCa bootstrap CI clustered by PubChem compound; uncertainty is over the observed compound panel, not broader chemical space.
cigs_tcm	table_10_dataset	dataset_normalized_observed_replicate_spearman_logfc	mean_replicate_spearman_logfc_normalized_dataset	0.11049322977142652	0.10699816638435693	0.11446667699698264	0.003734255306312856	bca	ok	0.95	2000	2000	7020	7020	1816	pubchem_cid			95% BCa bootstrap CI clustered by PubChem compound; uncertainty is over the observed compound panel, not broader chemical space.
cigs_tcm	table_10_dataset	dataset_normalized_centroid_baseline_spearman_logfc	mean_replicate_baseline_spearman_logfc_normalized_dataset	0.0650450395934036	0.06399841047219267	0.06610281917757276	0.0010522043526900449	bca	ok	0.95	2000	2000	7020	7020	1816	pubchem_cid			95% BCa bootstrap CI clustered by PubChem compound; uncertainty is over the observed compound panel, not broader chemical space.
cigs_tcm	table_10_dataset	dataset_normalized_delta_vs_centroid_spearman_logfc	mean_replicate_minus_baseline_spearman_logfc_normalized_dataset	0.0454481901780229	0.0419328209130221	0.04932274647077811	0.0036949627788780068	bca	ok	0.95	2000	2000	7020	7020	1816	pubchem_cid			95% BCa bootstrap CI clustered by PubChem compound; uncertainty is over the observed compound panel, not broader chemical space.
cigs_tcm	table_10_dataset	dataset_normalized_individual_peer_mean_spearman_logfc	mean_peer_baseline_spearman_logfc_normalized_dataset	0.008035568307119897	0.007893550125701638	0.00816648114507996	0.0001364655096891612	bca	ok	0.95	2000	2000	7020	7020	1816	pubchem_cid			95% BCa bootstrap CI clustered by PubChem compound; uncertainty is over the observed compound panel, not broader chemical space.
cigs_tcm	table_10_dataset	dataset_normalized_individual_peer_sd_spearman_logfc	mean_peer_baseline_sd_spearman_logfc_normalized_dataset	0.030577184509020628	0.030264416731082884	0.030896105470054707	0.0003158443694859115	bca	ok	0.95	2000	2000	7020	7020	1816	pubchem_cid			95% BCa bootstrap CI clustered by PubChem compound; uncertainty is over the observed compound panel, not broader chemical space.
cigs_tcm	table_10_dataset	dataset_normalized_individual_peer_fraction_below_observed_spearman_logfc	mean_peer_baseline_fraction_below_observed_spearman_logfc_normalized_dataset	0.944733510344947	0.9422673548825788	0.9471802843527475	0.0024564647350843183	bca	ok	0.95	2000	2000	7020	7020	1816	pubchem_cid			95% BCa bootstrap CI clustered by PubChem compound; uncertainty is over the observed compound panel, not broader chemical space.
cigs_tcm	table_10_dataset	dataset_normalized_individual_peer_corrected_percentile_spearman_logfc	mean_peer_baseline_corrected_percentile_spearman_logfc_normalized_dataset	0.944948555051776	0.9425073939978715	0.9473494365931476	0.0024210212976380485	bca	ok	0.95	2000	2000	7020	7020	1816	pubchem_cid			95% BCa bootstrap CI clustered by PubChem compound; uncertainty is over the observed compound panel, not broader chemical space.
cigs_tcm	table_10_dataset	dataset_normalized_delta_vs_individual_peer_spearman_logfc	mean_replicate_minus_peer_baseline_spearman_logfc_normalized_dataset	0.10245766146430657	0.09857506679303588	0.1062789690423044	0.0038519511246342605	bca	ok	0.95	2000	2000	7020	7020	1816	pubchem_cid			95% BCa bootstrap CI clustered by PubChem compound; uncertainty is over the observed compound panel, not broader chemical space.
cigs_tcm	table_10_dataset	dataset_cell_type_normalized_observed_replicate_spearman_logfc	mean_replicate_spearman_logfc_normalized_dataset_cell_type	0.11065450175942562	0.10688197415177574	0.11443166991868625	0.003774847883455258	bca	ok	0.95	2000	2000	7020	7020	1816	pubchem_cid			95% BCa bootstrap CI clustered by PubChem compound; uncertainty is over the observed compound panel, not broader chemical space.
cigs_tcm	table_10_dataset	dataset_cell_type_normalized_centroid_baseline_spearman_logfc	mean_replicate_baseline_spearman_logfc_normalized_dataset_cell_type	0.050551466767165563	0.049436597726203256	0.05162650138166015	0.0010949518277284485	bca	ok	0.95	2000	2000	7020	7020	1816	pubchem_cid			95% BCa bootstrap CI clustered by PubChem compound; uncertainty is over the observed compound panel, not broader chemical space.
cigs_tcm	table_10_dataset	dataset_cell_type_normalized_delta_vs_centroid_spearman_logfc	mean_replicate_minus_baseline_spearman_logfc_normalized_dataset_cell_type	0.060103034992260065	0.055945790936560276	0.06477378970429162	0.004413999383865674	bca	ok	0.95	2000	2000	7020	7020	1816	pubchem_cid			95% BCa bootstrap CI clustered by PubChem compound; uncertainty is over the observed compound panel, not broader chemical space.
cigs_tcm	table_10_dataset	dataset_cell_type_normalized_individual_peer_mean_spearman_logfc	mean_peer_baseline_spearman_logfc_normalized_dataset_cell_type	0.005657503512588504	0.005490310589582703	0.0058183332458211	0.0001640113281191984	bca	ok	0.95	2000	2000	7020	7020	1816	pubchem_cid			95% BCa bootstrap CI clustered by PubChem compound; uncertainty is over the observed compound panel, not broader chemical space.
cigs_tcm	table_10_dataset	dataset_cell_type_normalized_individual_peer_sd_spearman_logfc	mean_peer_baseline_sd_spearman_logfc_normalized_dataset_cell_type	0.031242135480780187	0.03093946886497247	0.03154689388618118	0.0003037125106043568	bca	ok	0.95	2000	2000	7020	7020	1816	pubchem_cid			95% BCa bootstrap CI clustered by PubChem compound; uncertainty is over the observed compound panel, not broader chemical space.
cigs_tcm	table_10_dataset	dataset_cell_type_normalized_individual_peer_fraction_below_observed_spearman_logfc	mean_peer_baseline_fraction_below_observed_spearman_logfc_normalized_dataset_cell_type	0.9461590102806466	0.9436408163227293	0.9485016744815862	0.00243042907942842	bca	ok	0.95	2000	2000	7020	7020	1816	pubchem_cid			95% BCa bootstrap CI clustered by PubChem compound; uncertainty is over the observed compound panel, not broader chemical space.
cigs_tcm	table_10_dataset	dataset_cell_type_normalized_individual_peer_corrected_percentile_spearman_logfc	mean_peer_baseline_corrected_percentile_spearman_logfc_normalized_dataset_cell_type	0.9463685082951188	0.9439103048859389	0.948815866644651	0.0024527808793560757	bca	ok	0.95	2000	2000	7020	7020	1816	pubchem_cid			95% BCa bootstrap CI clustered by PubChem compound; uncertainty is over the observed compound panel, not broader chemical space.
cigs_tcm	table_10_dataset	dataset_cell_type_normalized_delta_vs_individual_peer_spearman_logfc	mean_replicate_minus_peer_baseline_spearman_logfc_normalized_dataset_cell_type	0.10499699824683709	0.10117035186217271	0.10888858465625632	0.003859116397041805	bca	ok	0.95	2000	2000	7020	7020	1816	pubchem_cid			95% BCa bootstrap CI clustered by PubChem compound; uncertainty is over the observed compound panel, not broader chemical space.
dilimap_train_val	table_10_dataset	observed_replicate_spearman_logfc	mean_replicate_spearman_logfc	0.24216029513580375	0.23126073361166163	0.25484441912259975	0.01179184275546906	bca	ok	0.95	2000	2000	1184	1184	299	pubchem_cid			95% BCa bootstrap CI clustered by PubChem compound; uncertainty is over the observed compound panel, not broader chemical space.
dilimap_train_val	table_10_dataset	centroid_baseline_spearman_logfc	mean_replicate_baseline_spearman_logfc	0.08905918159553824	0.08082667471474254	0.09754103040044466	0.00835717784285106	bca	ok	0.95	2000	2000	1184	1176	299	pubchem_cid			95% BCa bootstrap CI clustered by PubChem compound; uncertainty is over the observed compound panel, not broader chemical space.
dilimap_train_val	table_10_dataset	delta_vs_centroid_spearman_logfc	mean_replicate_minus_baseline_spearman_logfc	0.15315668825297377	0.1411134712159005	0.16751999497515602	0.013203261879627753	bca	ok	0.95	2000	2000	1184	1176	299	pubchem_cid			95% BCa bootstrap CI clustered by PubChem compound; uncertainty is over the observed compound panel, not broader chemical space.
dilimap_train_val	table_10_dataset	individual_peer_mean_spearman_logfc	mean_peer_baseline_spearman_logfc	0.023964177005163873	0.022353741200336872	0.02550968169506591	0.0015779702473645192	bca	ok	0.95	2000	2000	1184	1176	299	pubchem_cid			95% BCa bootstrap CI clustered by PubChem compound; uncertainty is over the observed compound panel, not broader chemical space.
dilimap_train_val	table_10_dataset	individual_peer_sd_spearman_logfc	mean_peer_baseline_sd_spearman_logfc	0.05780740934014046	0.05519980751076875	0.06052967066628283	0.002664931577757039	bca	ok	0.95	2000	2000	1184	1176	299	pubchem_cid			95% BCa bootstrap CI clustered by PubChem compound; uncertainty is over the observed compound panel, not broader chemical space.
dilimap_train_val	table_10_dataset	individual_peer_fraction_below_observed_spearman_logfc	mean_peer_baseline_fraction_below_observed_spearman_logfc	0.9880036663655759	0.9835891286015517	0.9910252959980853	0.0037180836982668164	bca	ok	0.95	2000	2000	1184	1176	299	pubchem_cid			95% BCa bootstrap CI clustered by PubChem compound; uncertainty is over the observed compound panel, not broader chemical space.
dilimap_train_val	table_10_dataset	individual_peer_corrected_percentile_spearman_logfc	mean_peer_baseline_corrected_percentile_spearman_logfc	0.9881563463551324	0.9834861492635163	0.9910919485808913	0.0038028996586875197	bca	ok	0.95	2000	2000	1184	1176	299	pubchem_cid			95% BCa bootstrap CI clustered by PubChem compound; uncertainty is over the observed compound panel, not broader chemical space.
dilimap_train_val	table_10_dataset	delta_vs_individual_peer_spearman_logfc	mean_replicate_minus_peer_baseline_spearman_logfc	0.21825169284334814	0.20775753099744285	0.2312415775295574	0.011742023266057278	bca	ok	0.95	2000	2000	1184	1176	299	pubchem_cid			95% BCa bootstrap CI clustered by PubChem compound; uncertainty is over the observed compound panel, not broader chemical space.
dilimap_train_val	table_10_dataset	raw_observed_replicate_cosine	mean_replicate_cosine_logfc_raw	0.22749341737564574	0.21743946645916076	0.24129668300075507	0.011928608270797156	bca	ok	0.95	2000	2000	1184	1184	299	pubchem_cid			95% BCa bootstrap CI clustered by PubChem compound; uncertainty is over the observed compound panel, not broader chemical space.
dilimap_train_val	table_10_dataset	raw_centroid_baseline_cosine	mean_replicate_baseline_cosine_logfc_raw	0.11719070443483626	0.10878972185265083	0.12513598601591053	0.008173132081629848	bca	ok	0.95	2000	2000	1184	1176	299	pubchem_cid			95% BCa bootstrap CI clustered by PubChem compound; uncertainty is over the observed compound panel, not broader chemical space.
dilimap_train_val	table_10_dataset	raw_delta_vs_centroid_cosine	mean_replicate_minus_baseline_cosine_logfc_raw	0.1104052707948203	0.09874136677016193	0.12512457521323161	0.013191604221534842	bca	ok	0.95	2000	2000	1184	1176	299	pubchem_cid			95% BCa bootstrap CI clustered by PubChem compound; uncertainty is over the observed compound panel, not broader chemical space.
dilimap_train_val	table_10_dataset	raw_individual_peer_mean_cosine	mean_peer_baseline_cosine_logfc_raw	0.022373021511811267	0.020818600497237445	0.02391399609602225	0.0015476977993924019	bca	ok	0.95	2000	2000	1184	1176	299	pubchem_cid			95% BCa bootstrap CI clustered by PubChem compound; uncertainty is over the observed compound panel, not broader chemical space.
dilimap_train_val	table_10_dataset	raw_individual_peer_sd_cosine	mean_peer_baseline_sd_cosine_logfc_raw	0.04907365236197227	0.04681614745349508	0.05153191426664465	0.002357883406574786	bca	ok	0.95	2000	2000	1184	1176	299	pubchem_cid			95% BCa bootstrap CI clustered by PubChem compound; uncertainty is over the observed compound panel, not broader chemical space.
dilimap_train_val	table_10_dataset	raw_individual_peer_fraction_below_observed_cosine	mean_peer_baseline_fraction_below_observed_cosine_logfc_raw	0.9934144006650063	0.9912396707575265	0.9948058498991558	0.0017830895708146333	bca	ok	0.95	2000	2000	1184	1176	299	pubchem_cid			95% BCa bootstrap CI clustered by PubChem compound; uncertainty is over the observed compound panel, not broader chemical space.
dilimap_train_val	table_10_dataset	raw_individual_peer_corrected_percentile_cosine	mean_peer_baseline_corrected_percentile_cosine_logfc_raw	0.9935549331526585	0.9914393330374606	0.9948779200806472	0.0017192935215933347	bca	ok	0.95	2000	2000	1184	1176	299	pubchem_cid			95% BCa bootstrap CI clustered by PubChem compound; uncertainty is over the observed compound panel, not broader chemical space.
dilimap_train_val	table_10_dataset	raw_delta_vs_individual_peer_cosine	mean_replicate_minus_peer_baseline_cosine_logfc_raw	0.20522295371784527	0.19549368350584193	0.21830428970341226	0.011405303098785166	bca	ok	0.95	2000	2000	1184	1176	299	pubchem_cid			95% BCa bootstrap CI clustered by PubChem compound; uncertainty is over the observed compound panel, not broader chemical space.
dilimap_train_val	table_10_dataset	dataset_normalized_observed_replicate_cosine	mean_replicate_cosine_logfc_normalized_dataset	0.24991665672014562	0.23722654986780484	0.2647080989351841	0.013740774533689631	bca	ok	0.95	2000	2000	1184	1184	299	pubchem_cid			95% BCa bootstrap CI clustered by PubChem compound; uncertainty is over the observed compound panel, not broader chemical space.
dilimap_train_val	table_10_dataset	dataset_normalized_centroid_baseline_cosine	mean_replicate_baseline_cosine_logfc_normalized_dataset	0.05642427439533622	0.050156025850300226	0.06381147886171268	0.006827726505706226	bca	ok	0.95	2000	2000	1184	1176	299	pubchem_cid			95% BCa bootstrap CI clustered by PubChem compound; uncertainty is over the observed compound panel, not broader chemical space.
dilimap_train_val	table_10_dataset	dataset_normalized_delta_vs_centroid_cosine	mean_replicate_minus_baseline_cosine_logfc_normalized_dataset	0.19367408003109987	0.1787126643698066	0.21082158057326833	0.016054458101730867	bca	ok	0.95	2000	2000	1184	1176	299	pubchem_cid			95% BCa bootstrap CI clustered by PubChem compound; uncertainty is over the observed compound panel, not broader chemical space.
dilimap_train_val	table_10_dataset	dataset_normalized_individual_peer_mean_cosine	mean_peer_baseline_cosine_logfc_normalized_dataset	0.010077126304280768	0.008572105615073388	0.011604374022481647	0.0015161342037041297	bca	ok	0.95	2000	2000	1184	1176	299	pubchem_cid			95% BCa bootstrap CI clustered by PubChem compound; uncertainty is over the observed compound panel, not broader chemical space.
dilimap_train_val	table_10_dataset	dataset_normalized_individual_peer_sd_cosine	mean_peer_baseline_sd_cosine_logfc_normalized_dataset	0.05806780867687468	0.05519115377467278	0.06102357309320003	0.002916209659263626	bca	ok	0.95	2000	2000	1184	1176	299	pubchem_cid			95% BCa bootstrap CI clustered by PubChem compound; uncertainty is over the observed compound panel, not broader chemical space.
dilimap_train_val	table_10_dataset	dataset_normalized_individual_peer_fraction_below_observed_cosine	mean_peer_baseline_fraction_below_observed_cosine_logfc_normalized_dataset	0.9915421891433809	0.9878780322841847	0.9937431705837679	0.0029325691497916195	bca	ok	0.95	2000	2000	1184	1176	299	pubchem_cid			95% BCa bootstrap CI clustered by PubChem compound; uncertainty is over the observed compound panel, not broader chemical space.
dilimap_train_val	table_10_dataset	dataset_normalized_individual_peer_corrected_percentile_cosine	mean_peer_baseline_corrected_percentile_cosine_logfc_normalized_dataset	0.9916527326273036	0.9882809169412091	0.9937414955856234	0.0027302893222071467	bca	ok	0.95	2000	2000	1184	1176	299	pubchem_cid			95% BCa bootstrap CI clustered by PubChem compound; uncertainty is over the observed compound panel, not broader chemical space.
dilimap_train_val	table_10_dataset	dataset_normalized_delta_vs_individual_peer_cosine	mean_replicate_minus_peer_baseline_cosine_logfc_normalized_dataset	0.24002122812215532	0.22673287112893	0.2552201026206276	0.0142436157458488	bca	ok	0.95	2000	2000	1184	1176	299	pubchem_cid			95% BCa bootstrap CI clustered by PubChem compound; uncertainty is over the observed compound panel, not broader chemical space.
dilimap_train_val	table_10_dataset	dataset_cell_type_normalized_observed_replicate_cosine	mean_replicate_cosine_logfc_normalized_dataset_cell_type	0.24991665672014562	0.23638486591991517	0.26463854366524364	0.014126838872664235	bca	ok	0.95	2000	2000	1184	1184	299	pubchem_cid			95% BCa bootstrap CI clustered by PubChem compound; uncertainty is over the observed compound panel, not broader chemical space.
dilimap_train_val	table_10_dataset	dataset_cell_type_normalized_centroid_baseline_cosine	mean_replicate_baseline_cosine_logfc_normalized_dataset_cell_type	0.05642427439533622	0.04950151915369619	0.06335815195844631	0.006928316402375061	bca	ok	0.95	2000	2000	1184	1176	299	pubchem_cid			95% BCa bootstrap CI clustered by PubChem compound; uncertainty is over the observed compound panel, not broader chemical space.
dilimap_train_val	table_10_dataset	dataset_cell_type_normalized_delta_vs_centroid_cosine	mean_replicate_minus_baseline_cosine_logfc_normalized_dataset_cell_type	0.19367408003109987	0.17871777465174035	0.21044758414629333	0.01586490474727649	bca	ok	0.95	2000	2000	1184	1176	299	pubchem_cid			95% BCa bootstrap CI clustered by PubChem compound; uncertainty is over the observed compound panel, not broader chemical space.
dilimap_train_val	table_10_dataset	dataset_cell_type_normalized_individual_peer_mean_cosine	mean_peer_baseline_cosine_logfc_normalized_dataset_cell_type	0.010077126304280768	0.008585189668097149	0.011532777862150251	0.0014737940970265513	bca	ok	0.95	2000	2000	1184	1176	299	pubchem_cid			95% BCa bootstrap CI clustered by PubChem compound; uncertainty is over the observed compound panel, not broader chemical space.
dilimap_train_val	table_10_dataset	dataset_cell_type_normalized_individual_peer_sd_cosine	mean_peer_baseline_sd_cosine_logfc_normalized_dataset_cell_type	0.05806780867687468	0.05517385171063588	0.061211077994228945	0.0030186131417965327	bca	ok	0.95	2000	2000	1184	1176	299	pubchem_cid			95% BCa bootstrap CI clustered by PubChem compound; uncertainty is over the observed compound panel, not broader chemical space.
dilimap_train_val	table_10_dataset	dataset_cell_type_normalized_individual_peer_fraction_below_observed_cosine	mean_peer_baseline_fraction_below_observed_cosine_logfc_normalized_dataset_cell_type	0.9915421891433809	0.9881286401295919	0.9936727095563744	0.0027720347133912693	bca	ok	0.95	2000	2000	1184	1176	299	pubchem_cid			95% BCa bootstrap CI clustered by PubChem compound; uncertainty is over the observed compound panel, not broader chemical space.
dilimap_train_val	table_10_dataset	dataset_cell_type_normalized_individual_peer_corrected_percentile_cosine	mean_peer_baseline_corrected_percentile_cosine_logfc_normalized_dataset_cell_type	0.9916527326273036	0.9882502988987553	0.9937850620870042	0.002767381594124485	bca	ok	0.95	2000	2000	1184	1176	299	pubchem_cid			95% BCa bootstrap CI clustered by PubChem compound; uncertainty is over the observed compound panel, not broader chemical space.
dilimap_train_val	table_10_dataset	dataset_cell_type_normalized_delta_vs_individual_peer_cosine	mean_replicate_minus_peer_baseline_cosine_logfc_normalized_dataset_cell_type	0.24002122812215532	0.22706568056899942	0.2559175438146853	0.014425931622842933	bca	ok	0.95	2000	2000	1184	1176	299	pubchem_cid			95% BCa bootstrap CI clustered by PubChem compound; uncertainty is over the observed compound panel, not broader chemical space.
dilimap_train_val	table_10_dataset	dataset_normalized_observed_replicate_spearman_logfc	mean_replicate_spearman_logfc_normalized_dataset	0.262802000952473	0.25013753585702625	0.2785264795471014	0.014194471845037582	bca	ok	0.95	2000	2000	1184	1184	299	pubchem_cid			95% BCa bootstrap CI clustered by PubChem compound; uncertainty is over the observed compound panel, not broader chemical space.
dilimap_train_val	table_10_dataset	dataset_normalized_centroid_baseline_spearman_logfc	mean_replicate_baseline_spearman_logfc_normalized_dataset	0.0567443136374997	0.049963981923022975	0.06339951049414992	0.006717764285563473	bca	ok	0.95	2000	2000	1184	1176	299	pubchem_cid			95% BCa bootstrap CI clustered by PubChem compound; uncertainty is over the observed compound panel, not broader chemical space.
dilimap_train_val	table_10_dataset	dataset_normalized_delta_vs_centroid_spearman_logfc	mean_replicate_minus_baseline_spearman_logfc_normalized_dataset	0.2062325120625025	0.1913911079239138	0.22265396494165898	0.015631428508872586	bca	ok	0.95	2000	2000	1184	1176	299	pubchem_cid			95% BCa bootstrap CI clustered by PubChem compound; uncertainty is over the observed compound panel, not broader chemical space.
dilimap_train_val	table_10_dataset	dataset_normalized_individual_peer_mean_spearman_logfc	mean_peer_baseline_spearman_logfc_normalized_dataset	0.016337951200548588	0.014609763303405228	0.018100032106790214	0.0017451344016924933	bca	ok	0.95	2000	2000	1184	1176	299	pubchem_cid			95% BCa bootstrap CI clustered by PubChem compound; uncertainty is over the observed compound panel, not broader chemical space.
dilimap_train_val	table_10_dataset	dataset_normalized_individual_peer_sd_spearman_logfc	mean_peer_baseline_sd_spearman_logfc_normalized_dataset	0.06403636362501912	0.06100784559829445	0.06732693311757126	0.0031595437596384085	bca	ok	0.95	2000	2000	1184	1176	299	pubchem_cid			95% BCa bootstrap CI clustered by PubChem compound; uncertainty is over the observed compound panel, not broader chemical space.
dilimap_train_val	table_10_dataset	dataset_normalized_individual_peer_fraction_below_observed_spearman_logfc	mean_peer_baseline_fraction_below_observed_spearman_logfc_normalized_dataset	0.9906127551209901	0.9871037578979278	0.993002460991917	0.0029493515469946052	bca	ok	0.95	2000	2000	1184	1176	299	pubchem_cid			95% BCa bootstrap CI clustered by PubChem compound; uncertainty is over the observed compound panel, not broader chemical space.
dilimap_train_val	table_10_dataset	dataset_normalized_individual_peer_corrected_percentile_spearman_logfc	mean_peer_baseline_corrected_percentile_spearman_logfc_normalized_dataset	0.99072739172513	0.9870420924832352	0.9932048306296265	0.003081369073195672	bca	ok	0.95	2000	2000	1184	1176	299	pubchem_cid			95% BCa bootstrap CI clustered by PubChem compound; uncertainty is over the observed compound panel, not broader chemical space.
dilimap_train_val	table_10_dataset	dataset_normalized_delta_vs_individual_peer_spearman_logfc	mean_replicate_minus_peer_baseline_spearman_logfc_normalized_dataset	0.24663887449945365	0.23413418886864473	0.2618351283357999	0.013850469733577592	bca	ok	0.95	2000	2000	1184	1176	299	pubchem_cid			95% BCa bootstrap CI clustered by PubChem compound; uncertainty is over the observed compound panel, not broader chemical space.
dilimap_train_val	table_10_dataset	dataset_cell_type_normalized_observed_replicate_spearman_logfc	mean_replicate_spearman_logfc_normalized_dataset_cell_type	0.262802000952473	0.25043623973370976	0.2773693810667595	0.013466570666524874	bca	ok	0.95	2000	2000	1184	1184	299	pubchem_cid			95% BCa bootstrap CI clustered by PubChem compound; uncertainty is over the observed compound panel, not broader chemical space.
dilimap_train_val	table_10_dataset	dataset_cell_type_normalized_centroid_baseline_spearman_logfc	mean_replicate_baseline_spearman_logfc_normalized_dataset_cell_type	0.0567443136374997	0.05006120467444271	0.06391779981696476	0.0069282975712610245	bca	ok	0.95	2000	2000	1184	1176	299	pubchem_cid			95% BCa bootstrap CI clustered by PubChem compound; uncertainty is over the observed compound panel, not broader chemical space.
dilimap_train_val	table_10_dataset	dataset_cell_type_normalized_delta_vs_centroid_spearman_logfc	mean_replicate_minus_baseline_spearman_logfc_normalized_dataset_cell_type	0.2062325120625025	0.1916200009292599	0.22281069305932868	0.01559534606503439	bca	ok	0.95	2000	2000	1184	1176	299	pubchem_cid			95% BCa bootstrap CI clustered by PubChem compound; uncertainty is over the observed compound panel, not broader chemical space.
dilimap_train_val	table_10_dataset	dataset_cell_type_normalized_individual_peer_mean_spearman_logfc	mean_peer_baseline_spearman_logfc_normalized_dataset_cell_type	0.016337951200548588	0.014605716852364697	0.018101114898878636	0.0017476990232569694	bca	ok	0.95	2000	2000	1184	1176	299	pubchem_cid			95% BCa bootstrap CI clustered by PubChem compound; uncertainty is over the observed compound panel, not broader chemical space.
dilimap_train_val	table_10_dataset	dataset_cell_type_normalized_individual_peer_sd_spearman_logfc	mean_peer_baseline_sd_spearman_logfc_normalized_dataset_cell_type	0.06403636362501912	0.0611549181942055	0.06729430041990538	0.003069691112849937	bca	ok	0.95	2000	2000	1184	1176	299	pubchem_cid			95% BCa bootstrap CI clustered by PubChem compound; uncertainty is over the observed compound panel, not broader chemical space.
dilimap_train_val	table_10_dataset	dataset_cell_type_normalized_individual_peer_fraction_below_observed_spearman_logfc	mean_peer_baseline_fraction_below_observed_spearman_logfc_normalized_dataset_cell_type	0.9906127551209901	0.9869773350860008	0.9929582331251104	0.0029904490195548084	bca	ok	0.95	2000	2000	1184	1176	299	pubchem_cid			95% BCa bootstrap CI clustered by PubChem compound; uncertainty is over the observed compound panel, not broader chemical space.
dilimap_train_val	table_10_dataset	dataset_cell_type_normalized_individual_peer_corrected_percentile_spearman_logfc	mean_peer_baseline_corrected_percentile_spearman_logfc_normalized_dataset_cell_type	0.99072739172513	0.9871586117262947	0.9931157291850975	0.0029785587294013927	bca	ok	0.95	2000	2000	1184	1176	299	pubchem_cid			95% BCa bootstrap CI clustered by PubChem compound; uncertainty is over the observed compound panel, not broader chemical space.
dilimap_train_val	table_10_dataset	dataset_cell_type_normalized_delta_vs_individual_peer_spearman_logfc	mean_replicate_minus_peer_baseline_spearman_logfc_normalized_dataset_cell_type	0.24663887449945365	0.2334454035580436	0.2626308758406971	0.014592736141326751	bca	ok	0.95	2000	2000	1184	1176	299	pubchem_cid			95% BCa bootstrap CI clustered by PubChem compound; uncertainty is over the observed compound panel, not broader chemical space.
gdpx2	table_10_dataset	observed_replicate_spearman_logfc	mean_replicate_spearman_logfc	0.2428173635980974	0.22163341665653985	0.27286958012083345	0.025618081732146802	bca	ok	0.95	2000	2000	2064	2064	86	pubchem_cid			95% BCa bootstrap CI clustered by PubChem compound; uncertainty is over the observed compound panel, not broader chemical space.
gdpx2	table_10_dataset	centroid_baseline_spearman_logfc	mean_replicate_baseline_spearman_logfc	0.13279305270397415	0.12306551071976685	0.1445622670453751	0.01074837816280412	bca	ok	0.95	2000	2000	2064	2064	86	pubchem_cid			95% BCa bootstrap CI clustered by PubChem compound; uncertainty is over the observed compound panel, not broader chemical space.
gdpx2	table_10_dataset	delta_vs_centroid_spearman_logfc	mean_replicate_minus_baseline_spearman_logfc	0.11002431089412326	0.09527100349356098	0.13116939408461653	0.017949195295527777	bca	ok	0.95	2000	2000	2064	2064	86	pubchem_cid			95% BCa bootstrap CI clustered by PubChem compound; uncertainty is over the observed compound panel, not broader chemical space.
gdpx2	table_10_dataset	individual_peer_mean_spearman_logfc	mean_peer_baseline_spearman_logfc	0.031076081988589896	0.029601603748674706	0.032828995261919895	0.0016136957566225945	bca	ok	0.95	2000	2000	2064	2064	86	pubchem_cid			95% BCa bootstrap CI clustered by PubChem compound; uncertainty is over the observed compound panel, not broader chemical space.
gdpx2	table_10_dataset	individual_peer_sd_spearman_logfc	mean_peer_baseline_sd_spearman_logfc	0.057768865587677326	0.05617630737235543	0.059517353792088626	0.0016705232098665965	bca	ok	0.95	2000	2000	2064	2064	86	pubchem_cid			95% BCa bootstrap CI clustered by PubChem compound; uncertainty is over the observed compound panel, not broader chemical space.
gdpx2	table_10_dataset	individual_peer_fraction_below_observed_spearman_logfc	mean_peer_baseline_fraction_below_observed_spearman_logfc	0.9625274303347565	0.9570007594465623	0.9673144595561729	0.0051568500548053176	bca	ok	0.95	2000	2000	2064	2064	86	pubchem_cid			95% BCa bootstrap CI clustered by PubChem compound; uncertainty is over the observed compound panel, not broader chemical space.
gdpx2	table_10_dataset	individual_peer_corrected_percentile_spearman_logfc	mean_peer_baseline_corrected_percentile_spearman_logfc	0.9626732379988235	0.9570261115290614	0.9674652526261015	0.005219570548520069	bca	ok	0.95	2000	2000	2064	2064	86	pubchem_cid			95% BCa bootstrap CI clustered by PubChem compound; uncertainty is over the observed compound panel, not broader chemical space.
gdpx2	table_10_dataset	delta_vs_individual_peer_spearman_logfc	mean_replicate_minus_peer_baseline_spearman_logfc	0.21174128160950748	0.19226162241950934	0.2391600904280735	0.023449234004282088	bca	ok	0.95	2000	2000	2064	2064	86	pubchem_cid			95% BCa bootstrap CI clustered by PubChem compound; uncertainty is over the observed compound panel, not broader chemical space.
gdpx2	table_10_dataset	raw_observed_replicate_cosine	mean_replicate_cosine_logfc_raw	0.24247112665045573	0.2196962033872221	0.2727997779139462	0.02655178726336206	bca	ok	0.95	2000	2000	2064	2064	86	pubchem_cid			95% BCa bootstrap CI clustered by PubChem compound; uncertainty is over the observed compound panel, not broader chemical space.
gdpx2	table_10_dataset	raw_centroid_baseline_cosine	mean_replicate_baseline_cosine_logfc_raw	0.14424947701221813	0.13324681075356415	0.15604466615099924	0.011398927698717545	bca	ok	0.95	2000	2000	2064	2064	86	pubchem_cid			95% BCa bootstrap CI clustered by PubChem compound; uncertainty is over the observed compound panel, not broader chemical space.
gdpx2	table_10_dataset	raw_delta_vs_centroid_cosine	mean_replicate_minus_baseline_cosine_logfc_raw	0.09822164963823761	0.08396630407654239	0.12052839680546797	0.01828104636446279	bca	ok	0.95	2000	2000	2064	2064	86	pubchem_cid			95% BCa bootstrap CI clustered by PubChem compound; uncertainty is over the observed compound panel, not broader chemical space.
gdpx2	table_10_dataset	raw_individual_peer_mean_cosine	mean_peer_baseline_cosine_logfc_raw	0.026612925163467766	0.02494933159130773	0.028667312634959596	0.0018589905218259328	bca	ok	0.95	2000	2000	2064	2064	86	pubchem_cid			95% BCa bootstrap CI clustered by PubChem compound; uncertainty is over the observed compound panel, not broader chemical space.
gdpx2	table_10_dataset	raw_individual_peer_sd_cosine	mean_peer_baseline_sd_cosine_logfc_raw	0.05661637824912631	0.05496208300597571	0.05865842003321056	0.001848168513617427	bca	ok	0.95	2000	2000	2064	2064	86	pubchem_cid			95% BCa bootstrap CI clustered by PubChem compound; uncertainty is over the observed compound panel, not broader chemical space.
gdpx2	table_10_dataset	raw_individual_peer_fraction_below_observed_cosine	mean_peer_baseline_fraction_below_observed_cosine_logfc_raw	0.9664986780447553	0.9608013027533374	0.9708867393782954	0.005042718312478989	bca	ok	0.95	2000	2000	2064	2064	86	pubchem_cid			95% BCa bootstrap CI clustered by PubChem compound; uncertainty is over the observed compound panel, not broader chemical space.
gdpx2	table_10_dataset	raw_individual_peer_corrected_percentile_cosine	mean_peer_baseline_corrected_percentile_cosine_logfc_raw	0.9666290333831025	0.9613931433046974	0.9708044205241722	0.004705638609737384	bca	ok	0.95	2000	2000	2064	2064	86	pubchem_cid			95% BCa bootstrap CI clustered by PubChem compound; uncertainty is over the observed compound panel, not broader chemical space.
gdpx2	table_10_dataset	raw_delta_vs_individual_peer_cosine	mean_replicate_minus_peer_baseline_cosine_logfc_raw	0.21585820148698798	0.1940504607684384	0.24402456291472996	0.024987051073145777	bca	ok	0.95	2000	2000	2064	2064	86	pubchem_cid			95% BCa bootstrap CI clustered by PubChem compound; uncertainty is over the observed compound panel, not broader chemical space.
gdpx2	table_10_dataset	dataset_normalized_observed_replicate_cosine	mean_replicate_cosine_logfc_normalized_dataset	0.2480946941065392	0.22619477838283683	0.2799550600866093	0.02688014085188624	bca	ok	0.95	2000	2000	2064	2064	86	pubchem_cid			95% BCa bootstrap CI clustered by PubChem compound; uncertainty is over the observed compound panel, not broader chemical space.
gdpx2	table_10_dataset	dataset_normalized_centroid_baseline_cosine	mean_replicate_baseline_cosine_logfc_normalized_dataset	0.1288675332317936	0.12268398151303854	0.13573868860846927	0.006527353547715366	bca	ok	0.95	2000	2000	2064	2064	86	pubchem_cid			95% BCa bootstrap CI clustered by PubChem compound; uncertainty is over the observed compound panel, not broader chemical space.
gdpx2	table_10_dataset	dataset_normalized_delta_vs_centroid_cosine	mean_replicate_minus_baseline_cosine_logfc_normalized_dataset	0.11922716087474557	0.09849574593530158	0.15068029056747798	0.026092272316088197	bca	ok	0.95	2000	2000	2064	2064	86	pubchem_cid			95% BCa bootstrap CI clustered by PubChem compound; uncertainty is over the observed compound panel, not broader chemical space.
gdpx2	table_10_dataset	dataset_normalized_individual_peer_mean_cosine	mean_peer_baseline_cosine_logfc_normalized_dataset	0.022175989789303227	0.02098880724528564	0.023195630300995935	0.001103411527855147	bca	ok	0.95	2000	2000	2064	2064	86	pubchem_cid			95% BCa bootstrap CI clustered by PubChem compound; uncertainty is over the observed compound panel, not broader chemical space.
gdpx2	table_10_dataset	dataset_normalized_individual_peer_sd_cosine	mean_peer_baseline_sd_cosine_logfc_normalized_dataset	0.056729477122173605	0.0553015567073795	0.05883486836108427	0.0017666558268523876	bca	ok	0.95	2000	2000	2064	2064	86	pubchem_cid			95% BCa bootstrap CI clustered by PubChem compound; uncertainty is over the observed compound panel, not broader chemical space.
gdpx2	table_10_dataset	dataset_normalized_individual_peer_fraction_below_observed_cosine	mean_peer_baseline_fraction_below_observed_cosine_logfc_normalized_dataset	0.966574794562288	0.961398068493093	0.9708548319656972	0.004728381736302134	bca	ok	0.95	2000	2000	2064	2064	86	pubchem_cid			95% BCa bootstrap CI clustered by PubChem compound; uncertainty is over the observed compound panel, not broader chemical space.
gdpx2	table_10_dataset	dataset_normalized_individual_peer_corrected_percentile_cosine	mean_peer_baseline_corrected_percentile_cosine_logfc_normalized_dataset	0.9667048537274152	0.9612285385190106	0.9709889697522008	0.004880215616595129	bca	ok	0.95	2000	2000	2064	2064	86	pubchem_cid			95% BCa bootstrap CI clustered by PubChem compound; uncertainty is over the observed compound panel, not broader chemical space.
gdpx2	table_10_dataset	dataset_normalized_delta_vs_individual_peer_cosine	mean_replicate_minus_peer_baseline_cosine_logfc_normalized_dataset	0.2259187043172359	0.20374229883351477	0.25966501953119414	0.027961360348839684	bca	ok	0.95	2000	2000	2064	2064	86	pubchem_cid			95% BCa bootstrap CI clustered by PubChem compound; uncertainty is over the observed compound panel, not broader chemical space.
gdpx2	table_10_dataset	dataset_cell_type_normalized_observed_replicate_cosine	mean_replicate_cosine_logfc_normalized_dataset_cell_type	0.24900664255354665	0.22727592715182765	0.28035704726507765	0.026540560056625	bca	ok	0.95	2000	2000	2064	2064	86	pubchem_cid			95% BCa bootstrap CI clustered by PubChem compound; uncertainty is over the observed compound panel, not broader chemical space.
gdpx2	table_10_dataset	dataset_cell_type_normalized_centroid_baseline_cosine	mean_replicate_baseline_cosine_logfc_normalized_dataset_cell_type	0.09356539551329339	0.0857346405689896	0.09990805359541105	0.007086706513210722	bca	ok	0.95	2000	2000	2064	2064	86	pubchem_cid			95% BCa bootstrap CI clustered by PubChem compound; uncertainty is over the observed compound panel, not broader chemical space.
gdpx2	table_10_dataset	dataset_cell_type_normalized_delta_vs_centroid_cosine	mean_replicate_minus_baseline_cosine_logfc_normalized_dataset_cell_type	0.15544124704025322	0.1301115167033317	0.19006903659973928	0.029978759948203787	bca	ok	0.95	2000	2000	2064	2064	86	pubchem_cid			95% BCa bootstrap CI clustered by PubChem compound; uncertainty is over the observed compound panel, not broader chemical space.
gdpx2	table_10_dataset	dataset_cell_type_normalized_individual_peer_mean_cosine	mean_peer_baseline_cosine_logfc_normalized_dataset_cell_type	0.014593012895956511	0.01283037055101352	0.015687581583965444	0.0014286055164759622	bca	ok	0.95	2000	2000	2064	2064	86	pubchem_cid			95% BCa bootstrap CI clustered by PubChem compound; uncertainty is over the observed compound panel, not broader chemical space.
gdpx2	table_10_dataset	dataset_cell_type_normalized_individual_peer_sd_cosine	mean_peer_baseline_sd_cosine_logfc_normalized_dataset_cell_type	0.05884190878726506	0.05747237162096498	0.06069393226748139	0.001610780323258204	bca	ok	0.95	2000	2000	2064	2064	86	pubchem_cid			95% BCa bootstrap CI clustered by PubChem compound; uncertainty is over the observed compound panel, not broader chemical space.
gdpx2	table_10_dataset	dataset_cell_type_normalized_individual_peer_fraction_below_observed_cosine	mean_peer_baseline_fraction_below_observed_cosine_logfc_normalized_dataset_cell_type	0.9663769034452216	0.9608694690292057	0.9706812624191449	0.004905896694969603	bca	ok	0.95	2000	2000	2064	2064	86	pubchem_cid			95% BCa bootstrap CI clustered by PubChem compound; uncertainty is over the observed compound panel, not broader chemical space.
gdpx2	table_10_dataset	dataset_cell_type_normalized_individual_peer_corrected_percentile_cosine	mean_peer_baseline_corrected_percentile_cosine_logfc_normalized_dataset_cell_type	0.9665077326146954	0.9612606509902198	0.9708394868970108	0.004789417953395492	bca	ok	0.95	2000	2000	2064	2064	86	pubchem_cid			95% BCa bootstrap CI clustered by PubChem compound; uncertainty is over the observed compound panel, not broader chemical space.
gdpx2	table_10_dataset	dataset_cell_type_normalized_delta_vs_individual_peer_cosine	mean_replicate_minus_peer_baseline_cosine_logfc_normalized_dataset_cell_type	0.23441362965759005	0.2113788051428228	0.2671116639395819	0.02786642939837955	bca	ok	0.95	2000	2000	2064	2064	86	pubchem_cid			95% BCa bootstrap CI clustered by PubChem compound; uncertainty is over the observed compound panel, not broader chemical space.
gdpx2	table_10_dataset	dataset_normalized_observed_replicate_spearman_logfc	mean_replicate_spearman_logfc_normalized_dataset	0.2577584900261726	0.23619202471555634	0.2880382779592535	0.02592312662184859	bca	ok	0.95	2000	2000	2064	2064	86	pubchem_cid			95% BCa bootstrap CI clustered by PubChem compound; uncertainty is over the observed compound panel, not broader chemical space.
gdpx2	table_10_dataset	dataset_normalized_centroid_baseline_spearman_logfc	mean_replicate_baseline_spearman_logfc_normalized_dataset	0.1328195967430457	0.1265628254305048	0.1399672788923177	0.006702226730906452	bca	ok	0.95	2000	2000	2064	2064	86	pubchem_cid			95% BCa bootstrap CI clustered by PubChem compound; uncertainty is over the observed compound panel, not broader chemical space.
gdpx2	table_10_dataset	dataset_normalized_delta_vs_centroid_spearman_logfc	mean_replicate_minus_baseline_spearman_logfc_normalized_dataset	0.12493889328312681	0.10441869863672483	0.15651657514738793	0.026048938255331548	bca	ok	0.95	2000	2000	2064	2064	86	pubchem_cid			95% BCa bootstrap CI clustered by PubChem compound; uncertainty is over the observed compound panel, not broader chemical space.
gdpx2	table_10_dataset	dataset_normalized_individual_peer_mean_spearman_logfc	mean_peer_baseline_spearman_logfc_normalized_dataset	0.027866119370686664	0.026321916307237774	0.029055854506227125	0.0013669690994946755	bca	ok	0.95	2000	2000	2064	2064	86	pubchem_cid			95% BCa bootstrap CI clustered by PubChem compound; uncertainty is over the observed compound panel, not broader chemical space.
gdpx2	table_10_dataset	dataset_normalized_individual_peer_sd_spearman_logfc	mean_peer_baseline_sd_spearman_logfc_normalized_dataset	0.05927009872859676	0.05767315091844372	0.061187105619329045	0.0017569773504426608	bca	ok	0.95	2000	2000	2064	2064	86	pubchem_cid			95% BCa bootstrap CI clustered by PubChem compound; uncertainty is over the observed compound panel, not broader chemical space.
gdpx2	table_10_dataset	dataset_normalized_individual_peer_fraction_below_observed_spearman_logfc	mean_peer_baseline_fraction_below_observed_spearman_logfc_normalized_dataset	0.9666264260462089	0.9615767607429961	0.9707577238917339	0.004590481574368865	bca	ok	0.95	2000	2000	2064	2064	86	pubchem_cid			95% BCa bootstrap CI clustered by PubChem compound; uncertainty is over the observed compound panel, not broader chemical space.
gdpx2	table_10_dataset	dataset_normalized_individual_peer_corrected_percentile_spearman_logfc	mean_peer_baseline_corrected_percentile_spearman_logfc_normalized_dataset	0.9667562843106204	0.9616305552196547	0.9708600169951778	0.004614730887761542	bca	ok	0.95	2000	2000	2064	2064	86	pubchem_cid			95% BCa bootstrap CI clustered by PubChem compound; uncertainty is over the observed compound panel, not broader chemical space.
gdpx2	table_10_dataset	dataset_normalized_delta_vs_individual_peer_spearman_logfc	mean_replicate_minus_peer_baseline_spearman_logfc_normalized_dataset	0.22989237065548587	0.20786550486088295	0.263096424565513	0.027615459852315033	bca	ok	0.95	2000	2000	2064	2064	86	pubchem_cid			95% BCa bootstrap CI clustered by PubChem compound; uncertainty is over the observed compound panel, not broader chemical space.
gdpx2	table_10_dataset	dataset_cell_type_normalized_observed_replicate_spearman_logfc	mean_replicate_spearman_logfc_normalized_dataset_cell_type	0.2618341889828596	0.23940804190518902	0.2933582465983295	0.02697510234657023	bca	ok	0.95	2000	2000	2064	2064	86	pubchem_cid			95% BCa bootstrap CI clustered by PubChem compound; uncertainty is over the observed compound panel, not broader chemical space.
gdpx2	table_10_dataset	dataset_cell_type_normalized_centroid_baseline_spearman_logfc	mean_replicate_baseline_spearman_logfc_normalized_dataset_cell_type	0.09694834780194958	0.0879303534407187	0.10407320913168511	0.008071427845483203	bca	ok	0.95	2000	2000	2064	2064	86	pubchem_cid			95% BCa bootstrap CI clustered by PubChem compound; uncertainty is over the observed compound panel, not broader chemical space.
gdpx2	table_10_dataset	dataset_cell_type_normalized_delta_vs_centroid_spearman_logfc	mean_replicate_minus_baseline_spearman_logfc_normalized_dataset_cell_type	0.16488584118091	0.14120443115729223	0.20305106973883094	0.030923319290769358	bca	ok	0.95	2000	2000	2064	2064	86	pubchem_cid			95% BCa bootstrap CI clustered by PubChem compound; uncertainty is over the observed compound panel, not broader chemical space.
gdpx2	table_10_dataset	dataset_cell_type_normalized_individual_peer_mean_spearman_logfc	mean_peer_baseline_spearman_logfc_normalized_dataset_cell_type	0.01893624071389242	0.016547968441038494	0.020288210869422667	0.0018701212141920866	bca	ok	0.95	2000	2000	2064	2064	86	pubchem_cid			95% BCa bootstrap CI clustered by PubChem compound; uncertainty is over the observed compound panel, not broader chemical space.
gdpx2	table_10_dataset	dataset_cell_type_normalized_individual_peer_sd_spearman_logfc	mean_peer_baseline_sd_spearman_logfc_normalized_dataset_cell_type	0.06294293306016124	0.06147329164071978	0.06481348526870122	0.001670096813990718	bca	ok	0.95	2000	2000	2064	2064	86	pubchem_cid			95% BCa bootstrap CI clustered by PubChem compound; uncertainty is over the observed compound panel, not broader chemical space.
gdpx2	table_10_dataset	dataset_cell_type_normalized_individual_peer_fraction_below_observed_spearman_logfc	mean_peer_baseline_fraction_below_observed_spearman_logfc_normalized_dataset_cell_type	0.9670434404713238	0.9620598996898797	0.9712468310268922	0.004593465668506269	bca	ok	0.95	2000	2000	2064	2064	86	pubchem_cid			95% BCa bootstrap CI clustered by PubChem compound; uncertainty is over the observed compound panel, not broader chemical space.
gdpx2	table_10_dataset	dataset_cell_type_normalized_individual_peer_corrected_percentile_spearman_logfc	mean_peer_baseline_corrected_percentile_spearman_logfc_normalized_dataset_cell_type	0.9671716761115132	0.9624124515813389	0.9714351820198687	0.0045113652192648734	bca	ok	0.95	2000	2000	2064	2064	86	pubchem_cid			95% BCa bootstrap CI clustered by PubChem compound; uncertainty is over the observed compound panel, not broader chemical space.
gdpx2	table_10_dataset	dataset_cell_type_normalized_delta_vs_individual_peer_spearman_logfc	mean_replicate_minus_peer_baseline_spearman_logfc_normalized_dataset_cell_type	0.2428979482689672	0.21962778942912703	0.277313998185547	0.02884310437820997	bca	ok	0.95	2000	2000	2064	2064	86	pubchem_cid			95% BCa bootstrap CI clustered by PubChem compound; uncertainty is over the observed compound panel, not broader chemical space.
l1000_phase1	table_10_dataset	observed_replicate_spearman_logfc	mean_replicate_spearman_logfc	0.1877252193315684	0.16852538894136923	0.2132698501132411	0.02237223058593593	bca	ok	0.95	2000	2000	2517	2517	272	pubchem_cid			95% BCa bootstrap CI clustered by PubChem compound; uncertainty is over the observed compound panel, not broader chemical space.
l1000_phase1	table_10_dataset	centroid_baseline_spearman_logfc	mean_replicate_baseline_spearman_logfc	0.17404080795074975	0.16087710252117135	0.1877776660227566	0.013450281750792631	bca	ok	0.95	2000	2000	2517	2437	271	pubchem_cid			95% BCa bootstrap CI clustered by PubChem compound; uncertainty is over the observed compound panel, not broader chemical space.
l1000_phase1	table_10_dataset	delta_vs_centroid_spearman_logfc	mean_replicate_minus_baseline_spearman_logfc	0.012617072152410832	-0.0034549098589895418	0.02954838888815331	0.016501649373571424	bca	ok	0.95	2000	2000	2517	2437	271	pubchem_cid			95% BCa bootstrap CI clustered by PubChem compound; uncertainty is over the observed compound panel, not broader chemical space.
l1000_phase1	table_10_dataset	individual_peer_mean_spearman_logfc	mean_peer_baseline_spearman_logfc	0.06840603633742116	0.06197601081775567	0.0755125913361514	0.006768290259197868	bca	ok	0.95	2000	2000	2517	2437	271	pubchem_cid			95% BCa bootstrap CI clustered by PubChem compound; uncertainty is over the observed compound panel, not broader chemical space.
l1000_phase1	table_10_dataset	individual_peer_sd_spearman_logfc	mean_peer_baseline_sd_spearman_logfc	0.11408153883790234	0.11040093438050506	0.11805874756407042	0.0038289065917826784	bca	ok	0.95	2000	2000	2517	2437	271	pubchem_cid			95% BCa bootstrap CI clustered by PubChem compound; uncertainty is over the observed compound panel, not broader chemical space.
l1000_phase1	table_10_dataset	individual_peer_fraction_below_observed_spearman_logfc	mean_peer_baseline_fraction_below_observed_spearman_logfc	0.6619707124160159	0.6376109252069324	0.6870774164297695	0.02473324561141854	bca	ok	0.95	2000	2000	2517	2437	271	pubchem_cid			95% BCa bootstrap CI clustered by PubChem compound; uncertainty is over the observed compound panel, not broader chemical space.
l1000_phase1	table_10_dataset	individual_peer_corrected_percentile_spearman_logfc	mean_peer_baseline_corrected_percentile_spearman_logfc	0.6701383131672712	0.6473534843679368	0.695479978747642	0.024063247189852588	bca	ok	0.95	2000	2000	2517	2437	271	pubchem_cid			95% BCa bootstrap CI clustered by PubChem compound; uncertainty is over the observed compound panel, not broader chemical space.
l1000_phase1	table_10_dataset	delta_vs_individual_peer_spearman_logfc	mean_replicate_minus_peer_baseline_spearman_logfc	0.1182518437657394	0.10056741951190508	0.13990966974401478	0.01967112511605485	bca	ok	0.95	2000	2000	2517	2437	271	pubchem_cid			95% BCa bootstrap CI clustered by PubChem compound; uncertainty is over the observed compound panel, not broader chemical space.
l1000_phase1	table_10_dataset	raw_observed_replicate_cosine	mean_replicate_cosine_logfc_raw	0.1423929555333026	0.12379717063573026	0.16708716428670392	0.02164499682548683	bca	ok	0.95	2000	2000	2517	2517	272	pubchem_cid			95% BCa bootstrap CI clustered by PubChem compound; uncertainty is over the observed compound panel, not broader chemical space.
l1000_phase1	table_10_dataset	raw_centroid_baseline_cosine	mean_replicate_baseline_cosine_logfc_raw	0.16872453744456953	0.15579839442106505	0.1818271513019607	0.013014378440447824	bca	ok	0.95	2000	2000	2517	2437	271	pubchem_cid			95% BCa bootstrap CI clustered by PubChem compound; uncertainty is over the observed compound panel, not broader chemical space.
l1000_phase1	table_10_dataset	raw_delta_vs_centroid_cosine	mean_replicate_minus_baseline_cosine_logfc_raw	-0.027180450867978597	-0.040902518866513374	-0.009221550071117317	0.01584048439769803	bca	ok	0.95	2000	2000	2517	2437	271	pubchem_cid			95% BCa bootstrap CI clustered by PubChem compound; uncertainty is over the observed compound panel, not broader chemical space.
l1000_phase1	table_10_dataset	raw_individual_peer_mean_cosine	mean_peer_baseline_cosine_logfc_raw	0.04663499485029024	0.04219186423714728	0.05255990079542118	0.005184018279136952	bca	ok	0.95	2000	2000	2517	2437	271	pubchem_cid			95% BCa bootstrap CI clustered by PubChem compound; uncertainty is over the observed compound panel, not broader chemical space.
l1000_phase1	table_10_dataset	raw_individual_peer_sd_cosine	mean_peer_baseline_sd_cosine_logfc_raw	0.09406209206005106	0.09098431751987424	0.09803196893319399	0.0035238257066598777	bca	ok	0.95	2000	2000	2517	2437	271	pubchem_cid			95% BCa bootstrap CI clustered by PubChem compound; uncertainty is over the observed compound panel, not broader chemical space.
l1000_phase1	table_10_dataset	raw_individual_peer_fraction_below_observed_cosine	mean_peer_baseline_fraction_below_observed_cosine_logfc_raw	0.6401228171197835	0.6144989594038657	0.6645541873094342	0.025027613952784244	bca	ok	0.95	2000	2000	2517	2437	271	pubchem_cid			95% BCa bootstrap CI clustered by PubChem compound; uncertainty is over the observed compound panel, not broader chemical space.
l1000_phase1	table_10_dataset	raw_individual_peer_corrected_percentile_cosine	mean_peer_baseline_corrected_percentile_cosine_logfc_raw	0.6484328472200863	0.6280385056984082	0.6733217143947551	0.022641604348173416	bca	ok	0.95	2000	2000	2517	2437	271	pubchem_cid			95% BCa bootstrap CI clustered by PubChem compound; uncertainty is over the observed compound panel, not broader chemical space.
l1000_phase1	table_10_dataset	raw_delta_vs_individual_peer_cosine	mean_replicate_minus_peer_baseline_cosine_logfc_raw	0.09490909172630065	0.0787855005746671	0.11641379370026902	0.018814146562800962	bca	ok	0.95	2000	2000	2517	2437	271	pubchem_cid			95% BCa bootstrap CI clustered by PubChem compound; uncertainty is over the observed compound panel, not broader chemical space.
l1000_phase1	table_10_dataset	dataset_normalized_observed_replicate_cosine	mean_replicate_cosine_logfc_normalized_dataset	0.14790375199391936	0.12944922420418775	0.17249246369241558	0.021521619744113915	bca	ok	0.95	2000	2000	2517	2517	272	pubchem_cid			95% BCa bootstrap CI clustered by PubChem compound; uncertainty is over the observed compound panel, not broader chemical space.
l1000_phase1	table_10_dataset	dataset_normalized_centroid_baseline_cosine	mean_replicate_baseline_cosine_logfc_normalized_dataset	0.15419999496001183	0.14203082952954146	0.16607771500563212	0.012023442738045328	bca	ok	0.95	2000	2000	2517	2437	271	pubchem_cid			95% BCa bootstrap CI clustered by PubChem compound; uncertainty is over the observed compound panel, not broader chemical space.
l1000_phase1	table_10_dataset	dataset_normalized_delta_vs_centroid_cosine	mean_replicate_minus_baseline_cosine_logfc_normalized_dataset	-0.007193986183304525	-0.02288642184256781	0.01275805676949247	0.017822239306030142	bca	ok	0.95	2000	2000	2517	2437	271	pubchem_cid			95% BCa bootstrap CI clustered by PubChem compound; uncertainty is over the observed compound panel, not broader chemical space.
l1000_phase1	table_10_dataset	dataset_normalized_individual_peer_mean_cosine	mean_peer_baseline_cosine_logfc_normalized_dataset	0.04276895575086607	0.037727332849091244	0.049248144640409115	0.005760405895658936	bca	ok	0.95	2000	2000	2517	2437	271	pubchem_cid			95% BCa bootstrap CI clustered by PubChem compound; uncertainty is over the observed compound panel, not broader chemical space.
l1000_phase1	table_10_dataset	dataset_normalized_individual_peer_sd_cosine	mean_peer_baseline_sd_cosine_logfc_normalized_dataset	0.09581612284282261	0.09262125861037844	0.09964500999805524	0.003511875693838401	bca	ok	0.95	2000	2000	2517	2437	271	pubchem_cid			95% BCa bootstrap CI clustered by PubChem compound; uncertainty is over the observed compound panel, not broader chemical space.
l1000_phase1	table_10_dataset	dataset_normalized_individual_peer_fraction_below_observed_cosine	mean_peer_baseline_fraction_below_observed_cosine_logfc_normalized_dataset	0.6534781033866831	0.6312930942354122	0.6791438940383897	0.02392539990148873	bca	ok	0.95	2000	2000	2517	2437	271	pubchem_cid			95% BCa bootstrap CI clustered by PubChem compound; uncertainty is over the observed compound panel, not broader chemical space.
l1000_phase1	table_10_dataset	dataset_normalized_individual_peer_corrected_percentile_cosine	mean_peer_baseline_corrected_percentile_cosine_logfc_normalized_dataset	0.6616606717042072	0.6393072912101766	0.6852144375950959	0.022953573192459664	bca	ok	0.95	2000	2000	2517	2437	271	pubchem_cid			95% BCa bootstrap CI clustered by PubChem compound; uncertainty is over the observed compound panel, not broader chemical space.
l1000_phase1	table_10_dataset	dataset_normalized_delta_vs_individual_peer_cosine	mean_replicate_minus_peer_baseline_cosine_logfc_normalized_dataset	0.10423705302584117	0.08676724263763182	0.12865960821162897	0.020946182786998578	bca	ok	0.95	2000	2000	2517	2437	271	pubchem_cid			95% BCa bootstrap CI clustered by PubChem compound; uncertainty is over the observed compound panel, not broader chemical space.
l1000_phase1	table_10_dataset	dataset_cell_type_normalized_observed_replicate_cosine	mean_replicate_cosine_logfc_normalized_dataset_cell_type	0.13611913547497737	0.1177111541171638	0.16237392376545837	0.02233138482414728	bca	ok	0.95	2000	2000	2517	2517	272	pubchem_cid			95% BCa bootstrap CI clustered by PubChem compound; uncertainty is over the observed compound panel, not broader chemical space.
l1000_phase1	table_10_dataset	dataset_cell_type_normalized_centroid_baseline_cosine	mean_replicate_baseline_cosine_logfc_normalized_dataset_cell_type	0.11615779167112845	0.10526743397656427	0.1289971805428665	0.011864873283151112	bca	ok	0.95	2000	2000	2517	2437	271	pubchem_cid			95% BCa bootstrap CI clustered by PubChem compound; uncertainty is over the observed compound panel, not broader chemical space.
l1000_phase1	table_10_dataset	dataset_cell_type_normalized_delta_vs_centroid_cosine	mean_replicate_minus_baseline_cosine_logfc_normalized_dataset_cell_type	0.019384059628410125	0.00434752878358432	0.036526106901955575	0.01608928905918563	bca	ok	0.95	2000	2000	2517	2437	271	pubchem_cid			95% BCa bootstrap CI clustered by PubChem compound; uncertainty is over the observed compound panel, not broader chemical space.
l1000_phase1	table_10_dataset	dataset_cell_type_normalized_individual_peer_mean_cosine	mean_peer_baseline_cosine_logfc_normalized_dataset_cell_type	0.030531314569302567	0.02575266942735705	0.03724819658907684	0.005747763580859894	bca	ok	0.95	2000	2000	2517	2437	271	pubchem_cid			95% BCa bootstrap CI clustered by PubChem compound; uncertainty is over the observed compound panel, not broader chemical space.
l1000_phase1	table_10_dataset	dataset_cell_type_normalized_individual_peer_sd_cosine	mean_peer_baseline_sd_cosine_logfc_normalized_dataset_cell_type	0.0959338038522715	0.09281588571087422	0.09960107096567501	0.0033925926274003954	bca	ok	0.95	2000	2000	2517	2437	271	pubchem_cid			95% BCa bootstrap CI clustered by PubChem compound; uncertainty is over the observed compound panel, not broader chemical space.
l1000_phase1	table_10_dataset	dataset_cell_type_normalized_individual_peer_fraction_below_observed_cosine	mean_peer_baseline_fraction_below_observed_cosine_logfc_normalized_dataset_cell_type	0.6551303921460501	0.63123832633697	0.6797095435128434	0.02423560858793672	bca	ok	0.95	2000	2000	2517	2437	271	pubchem_cid			95% BCa bootstrap CI clustered by PubChem compound; uncertainty is over the observed compound panel, not broader chemical space.
l1000_phase1	table_10_dataset	dataset_cell_type_normalized_individual_peer_corrected_percentile_cosine	mean_peer_baseline_corrected_percentile_cosine_logfc_normalized_dataset_cell_type	0.6632912410110752	0.6410345389805641	0.6863765720767356	0.022671016548085787	bca	ok	0.95	2000	2000	2517	2437	271	pubchem_cid			95% BCa bootstrap CI clustered by PubChem compound; uncertainty is over the observed compound panel, not broader chemical space.
l1000_phase1	table_10_dataset	dataset_cell_type_normalized_delta_vs_individual_peer_cosine	mean_replicate_minus_peer_baseline_cosine_logfc_normalized_dataset_cell_type	0.10501053673023598	0.08912158874333748	0.12594093896350056	0.01840967511008154	bca	ok	0.95	2000	2000	2517	2437	271	pubchem_cid			95% BCa bootstrap CI clustered by PubChem compound; uncertainty is over the observed compound panel, not broader chemical space.
l1000_phase1	table_10_dataset	dataset_normalized_observed_replicate_spearman_logfc	mean_replicate_spearman_logfc_normalized_dataset	0.18766750265388552	0.16850275624054376	0.21128381082776268	0.021390527293609463	bca	ok	0.95	2000	2000	2517	2517	272	pubchem_cid			95% BCa bootstrap CI clustered by PubChem compound; uncertainty is over the observed compound panel, not broader chemical space.
l1000_phase1	table_10_dataset	dataset_normalized_centroid_baseline_spearman_logfc	mean_replicate_baseline_spearman_logfc_normalized_dataset	0.1584075867924596	0.14635447039492055	0.17051994261972264	0.012082736112401044	bca	ok	0.95	2000	2000	2517	2437	271	pubchem_cid			95% BCa bootstrap CI clustered by PubChem compound; uncertainty is over the observed compound panel, not broader chemical space.
l1000_phase1	table_10_dataset	dataset_normalized_delta_vs_centroid_spearman_logfc	mean_replicate_minus_baseline_spearman_logfc_normalized_dataset	0.028228781573983185	0.012688420265543699	0.04686098297936893	0.017086281356912616	bca	ok	0.95	2000	2000	2517	2437	271	pubchem_cid			95% BCa bootstrap CI clustered by PubChem compound; uncertainty is over the observed compound panel, not broader chemical space.
l1000_phase1	table_10_dataset	dataset_normalized_individual_peer_mean_spearman_logfc	mean_peer_baseline_spearman_logfc_normalized_dataset	0.06189613971474173	0.055947902356275975	0.06884965451465938	0.006450876079191703	bca	ok	0.95	2000	2000	2517	2437	271	pubchem_cid			95% BCa bootstrap CI clustered by PubChem compound; uncertainty is over the observed compound panel, not broader chemical space.
l1000_phase1	table_10_dataset	dataset_normalized_individual_peer_sd_spearman_logfc	mean_peer_baseline_sd_spearman_logfc_normalized_dataset	0.11400720011781085	0.10992322451134778	0.11794972923137154	0.004013252360011876	bca	ok	0.95	2000	2000	2517	2437	271	pubchem_cid			95% BCa bootstrap CI clustered by PubChem compound; uncertainty is over the observed compound panel, not broader chemical space.
l1000_phase1	table_10_dataset	dataset_normalized_individual_peer_fraction_below_observed_spearman_logfc	mean_peer_baseline_fraction_below_observed_spearman_logfc_normalized_dataset	0.6720245028701543	0.6482132950895884	0.6968099156754369	0.024298310292924286	bca	ok	0.95	2000	2000	2517	2437	271	pubchem_cid			95% BCa bootstrap CI clustered by PubChem compound; uncertainty is over the observed compound panel, not broader chemical space.
l1000_phase1	table_10_dataset	dataset_normalized_individual_peer_corrected_percentile_spearman_logfc	mean_peer_baseline_corrected_percentile_spearman_logfc_normalized_dataset	0.6799719130901631	0.657575394075434	0.703230918107728	0.022827762016147002	bca	ok	0.95	2000	2000	2517	2437	271	pubchem_cid			95% BCa bootstrap CI clustered by PubChem compound; uncertainty is over the observed compound panel, not broader chemical space.
l1000_phase1	table_10_dataset	dataset_normalized_delta_vs_individual_peer_spearman_logfc	mean_replicate_minus_peer_baseline_spearman_logfc_normalized_dataset	0.12474022865170102	0.10616097244925427	0.14637823487318213	0.020108631211963934	bca	ok	0.95	2000	2000	2517	2437	271	pubchem_cid			95% BCa bootstrap CI clustered by PubChem compound; uncertainty is over the observed compound panel, not broader chemical space.
l1000_phase1	table_10_dataset	dataset_cell_type_normalized_observed_replicate_spearman_logfc	mean_replicate_spearman_logfc_normalized_dataset_cell_type	0.17798098324841752	0.15831209930040005	0.20356830413209157	0.022628102415845758	bca	ok	0.95	2000	2000	2517	2517	272	pubchem_cid			95% BCa bootstrap CI clustered by PubChem compound; uncertainty is over the observed compound panel, not broader chemical space.
l1000_phase1	table_10_dataset	dataset_cell_type_normalized_centroid_baseline_spearman_logfc	mean_replicate_baseline_spearman_logfc_normalized_dataset_cell_type	0.12107665512575934	0.10963661365413062	0.1338819815582694	0.012122683952069384	bca	ok	0.95	2000	2000	2517	2437	271	pubchem_cid			95% BCa bootstrap CI clustered by PubChem compound; uncertainty is over the observed compound panel, not broader chemical space.
l1000_phase1	table_10_dataset	dataset_cell_type_normalized_delta_vs_centroid_spearman_logfc	mean_replicate_minus_baseline_spearman_logfc_normalized_dataset_cell_type	0.05645946887655127	0.040478490574726654	0.07319222882790179	0.016356869126587566	bca	ok	0.95	2000	2000	2517	2437	271	pubchem_cid			95% BCa bootstrap CI clustered by PubChem compound; uncertainty is over the observed compound panel, not broader chemical space.
l1000_phase1	table_10_dataset	dataset_cell_type_normalized_individual_peer_mean_spearman_logfc	mean_peer_baseline_spearman_logfc_normalized_dataset_cell_type	0.0480767824673187	0.04272008821046989	0.05508074837252636	0.0061803300810282374	bca	ok	0.95	2000	2000	2517	2437	271	pubchem_cid			95% BCa bootstrap CI clustered by PubChem compound; uncertainty is over the observed compound panel, not broader chemical space.
l1000_phase1	table_10_dataset	dataset_cell_type_normalized_individual_peer_sd_spearman_logfc	mean_peer_baseline_sd_spearman_logfc_normalized_dataset_cell_type	0.1159963864263674	0.11276100369454499	0.11981209395682368	0.0035255451311393474	bca	ok	0.95	2000	2000	2517	2437	271	pubchem_cid			95% BCa bootstrap CI clustered by PubChem compound; uncertainty is over the observed compound panel, not broader chemical space.
l1000_phase1	table_10_dataset	dataset_cell_type_normalized_individual_peer_fraction_below_observed_spearman_logfc	mean_peer_baseline_fraction_below_observed_spearman_logfc_normalized_dataset_cell_type	0.675025648910901	0.6501038408300223	0.6983004686970483	0.024098313933513027	bca	ok	0.95	2000	2000	2517	2437	271	pubchem_cid			95% BCa bootstrap CI clustered by PubChem compound; uncertainty is over the observed compound panel, not broader chemical space.
l1000_phase1	table_10_dataset	dataset_cell_type_normalized_individual_peer_corrected_percentile_spearman_logfc	mean_peer_baseline_corrected_percentile_spearman_logfc_normalized_dataset_cell_type	0.6829374591081699	0.6621441531194059	0.706125848421536	0.02199084765106507	bca	ok	0.95	2000	2000	2517	2437	271	pubchem_cid			95% BCa bootstrap CI clustered by PubChem compound; uncertainty is over the observed compound panel, not broader chemical space.
l1000_phase1	table_10_dataset	dataset_cell_type_normalized_delta_vs_individual_peer_spearman_logfc	mean_replicate_minus_peer_baseline_spearman_logfc_normalized_dataset_cell_type	0.12945934153499186	0.11114538354700032	0.15023423472959838	0.019544425591299028	bca	ok	0.95	2000	2000	2517	2437	271	pubchem_cid			95% BCa bootstrap CI clustered by PubChem compound; uncertainty is over the observed compound panel, not broader chemical space.
l1000_phase2	table_10_dataset	observed_replicate_spearman_logfc	mean_replicate_spearman_logfc	0.2231179097679707	0.20522439933958783	0.24348888632718002	0.019132243493796094	bca	ok	0.95	2000	2000	2729	2729	226	pubchem_cid			95% BCa bootstrap CI clustered by PubChem compound; uncertainty is over the observed compound panel, not broader chemical space.
l1000_phase2	table_10_dataset	centroid_baseline_spearman_logfc	mean_replicate_baseline_spearman_logfc	0.12083542548495343	0.10440873475056936	0.1376609569484064	0.016626111098918525	bca	ok	0.95	2000	2000	2729	2726	226	pubchem_cid			95% BCa bootstrap CI clustered by PubChem compound; uncertainty is over the observed compound panel, not broader chemical space.
l1000_phase2	table_10_dataset	delta_vs_centroid_spearman_logfc	mean_replicate_minus_baseline_spearman_logfc	0.10194043675099497	0.09012422565989156	0.1135275843817337	0.01170167936092107	bca	ok	0.95	2000	2000	2729	2726	226	pubchem_cid			95% BCa bootstrap CI clustered by PubChem compound; uncertainty is over the observed compound panel, not broader chemical space.
l1000_phase2	table_10_dataset	individual_peer_mean_spearman_logfc	mean_peer_baseline_spearman_logfc	0.058429071023547365	0.05481008294354716	0.06232197411997731	0.003755945588215074	bca	ok	0.95	2000	2000	2729	2726	226	pubchem_cid			95% BCa bootstrap CI clustered by PubChem compound; uncertainty is over the observed compound panel, not broader chemical space.
l1000_phase2	table_10_dataset	individual_peer_sd_spearman_logfc	mean_peer_baseline_sd_spearman_logfc	0.10681697448483647	0.10362739716708842	0.11017255141087627	0.0032725771218939242	bca	ok	0.95	2000	2000	2729	2726	226	pubchem_cid			95% BCa bootstrap CI clustered by PubChem compound; uncertainty is over the observed compound panel, not broader chemical space.
l1000_phase2	table_10_dataset	individual_peer_fraction_below_observed_spearman_logfc	mean_peer_baseline_fraction_below_observed_spearman_logfc	0.7508826153813134	0.7347854889819915	0.7675390853383194	0.016376798178163954	bca	ok	0.95	2000	2000	2729	2726	226	pubchem_cid			95% BCa bootstrap CI clustered by PubChem compound; uncertainty is over the observed compound panel, not broader chemical space.
l1000_phase2	table_10_dataset	individual_peer_corrected_percentile_spearman_logfc	mean_peer_baseline_corrected_percentile_spearman_logfc	0.7526291210844577	0.7359619222081893	0.7691411514146186	0.01658961460321462	bca	ok	0.95	2000	2000	2729	2726	226	pubchem_cid			95% BCa bootstrap CI clustered by PubChem compound; uncertainty is over the observed compound panel, not broader chemical space.
l1000_phase2	table_10_dataset	delta_vs_individual_peer_spearman_logfc	mean_replicate_minus_peer_baseline_spearman_logfc	0.16434679121240098	0.14784043817235	0.18303377716147817	0.01759666949456408	bca	ok	0.95	2000	2000	2729	2726	226	pubchem_cid			95% BCa bootstrap CI clustered by PubChem compound; uncertainty is over the observed compound panel, not broader chemical space.
l1000_phase2	table_10_dataset	raw_observed_replicate_cosine	mean_replicate_cosine_logfc_raw	0.13404349105423147	0.11714650590537476	0.15514611544569903	0.018999804770162138	bca	ok	0.95	2000	2000	2729	2729	226	pubchem_cid			95% BCa bootstrap CI clustered by PubChem compound; uncertainty is over the observed compound panel, not broader chemical space.
l1000_phase2	table_10_dataset	raw_centroid_baseline_cosine	mean_replicate_baseline_cosine_logfc_raw	0.11872051831886106	0.1053066797096979	0.13488813514692605	0.014790727718614075	bca	ok	0.95	2000	2000	2729	2726	226	pubchem_cid			95% BCa bootstrap CI clustered by PubChem compound; uncertainty is over the observed compound panel, not broader chemical space.
l1000_phase2	table_10_dataset	raw_delta_vs_centroid_cosine	mean_replicate_minus_baseline_cosine_logfc_raw	0.015025520079886896	0.004702469860152992	0.026851649201359736	0.011074589670603372	bca	ok	0.95	2000	2000	2729	2726	226	pubchem_cid			95% BCa bootstrap CI clustered by PubChem compound; uncertainty is over the observed compound panel, not broader chemical space.
l1000_phase2	table_10_dataset	raw_individual_peer_mean_cosine	mean_peer_baseline_cosine_logfc_raw	0.02620102219479814	0.023266014549188863	0.02964955255703045	0.003191769003920793	bca	ok	0.95	2000	2000	2729	2726	226	pubchem_cid			95% BCa bootstrap CI clustered by PubChem compound; uncertainty is over the observed compound panel, not broader chemical space.
l1000_phase2	table_10_dataset	raw_individual_peer_sd_cosine	mean_peer_baseline_sd_cosine_logfc_raw	0.08159550969342902	0.07910383961756902	0.0845526850820374	0.002724422732234187	bca	ok	0.95	2000	2000	2729	2726	226	pubchem_cid			95% BCa bootstrap CI clustered by PubChem compound; uncertainty is over the observed compound panel, not broader chemical space.
l1000_phase2	table_10_dataset	raw_individual_peer_fraction_below_observed_cosine	mean_peer_baseline_fraction_below_observed_cosine_logfc_raw	0.6738437444617531	0.6535733660174692	0.6945931097038244	0.020509871843177596	bca	ok	0.95	2000	2000	2729	2726	226	pubchem_cid			95% BCa bootstrap CI clustered by PubChem compound; uncertainty is over the observed compound panel, not broader chemical space.
l1000_phase2	table_10_dataset	raw_individual_peer_corrected_percentile_cosine	mean_peer_baseline_corrected_percentile_cosine_logfc_raw	0.6760151981978524	0.6560467187600847	0.6970617674279921	0.020507524333953697	bca	ok	0.95	2000	2000	2729	2726	226	pubchem_cid			95% BCa bootstrap CI clustered by PubChem compound; uncertainty is over the observed compound panel, not broader chemical space.
l1000_phase2	table_10_dataset	raw_delta_vs_individual_peer_cosine	mean_replicate_minus_peer_baseline_cosine_logfc_raw	0.10754501620394977	0.09306107724231075	0.12694804816067815	0.0169434854591837	bca	ok	0.95	2000	2000	2729	2726	226	pubchem_cid			95% BCa bootstrap CI clustered by PubChem compound; uncertainty is over the observed compound panel, not broader chemical space.
l1000_phase2	table_10_dataset	dataset_normalized_observed_replicate_cosine	mean_replicate_cosine_logfc_normalized_dataset	0.15337966835140177	0.13587504101160952	0.1757238956660509	0.01992442732722069	bca	ok	0.95	2000	2000	2729	2729	226	pubchem_cid			95% BCa bootstrap CI clustered by PubChem compound; uncertainty is over the observed compound panel, not broader chemical space.
l1000_phase2	table_10_dataset	dataset_normalized_centroid_baseline_cosine	mean_replicate_baseline_cosine_logfc_normalized_dataset	0.09519654485404459	0.08330712024023876	0.10838062878977167	0.012536754274766457	bca	ok	0.95	2000	2000	2729	2726	226	pubchem_cid			95% BCa bootstrap CI clustered by PubChem compound; uncertainty is over the observed compound panel, not broader chemical space.
l1000_phase2	table_10_dataset	dataset_normalized_delta_vs_centroid_cosine	mean_replicate_minus_baseline_cosine_logfc_normalized_dataset	0.05787384211218061	0.045527237477165916	0.07412542877128438	0.01429909564705923	bca	ok	0.95	2000	2000	2729	2726	226	pubchem_cid			95% BCa bootstrap CI clustered by PubChem compound; uncertainty is over the observed compound panel, not broader chemical space.
l1000_phase2	table_10_dataset	dataset_normalized_individual_peer_mean_cosine	mean_peer_baseline_cosine_logfc_normalized_dataset	0.02105202197650847	0.01847694586293395	0.023804074837519954	0.0026635644872930013	bca	ok	0.95	2000	2000	2729	2726	226	pubchem_cid			95% BCa bootstrap CI clustered by PubChem compound; uncertainty is over the observed compound panel, not broader chemical space.
l1000_phase2	table_10_dataset	dataset_normalized_individual_peer_sd_cosine	mean_peer_baseline_sd_cosine_logfc_normalized_dataset	0.08151534426530027	0.0787574653576524	0.08494978639437906	0.003096160518363325	bca	ok	0.95	2000	2000	2729	2726	226	pubchem_cid			95% BCa bootstrap CI clustered by PubChem compound; uncertainty is over the observed compound panel, not broader chemical space.
l1000_phase2	table_10_dataset	dataset_normalized_individual_peer_fraction_below_observed_cosine	mean_peer_baseline_fraction_below_observed_cosine_logfc_normalized_dataset	0.7239492740598676	0.7070447097040377	0.7423185255215369	0.01763690790874961	bca	ok	0.95	2000	2000	2729	2726	226	pubchem_cid			95% BCa bootstrap CI clustered by PubChem compound; uncertainty is over the observed compound panel, not broader chemical space.
l1000_phase2	table_10_dataset	dataset_normalized_individual_peer_corrected_percentile_cosine	mean_peer_baseline_corrected_percentile_cosine_logfc_normalized_dataset	0.725797182964776	0.7087632199349285	0.7448535565898218	0.018045168327446626	bca	ok	0.95	2000	2000	2729	2726	226	pubchem_cid			95% BCa bootstrap CI clustered by PubChem compound; uncertainty is over the observed compound panel, not broader chemical space.
l1000_phase2	table_10_dataset	dataset_normalized_delta_vs_individual_peer_cosine	mean_replicate_minus_peer_baseline_cosine_logfc_normalized_dataset	0.13201836498971667	0.11530392962559484	0.15115126329069686	0.017923666832551012	bca	ok	0.95	2000	2000	2729	2726	226	pubchem_cid			95% BCa bootstrap CI clustered by PubChem compound; uncertainty is over the observed compound panel, not broader chemical space.
l1000_phase2	table_10_dataset	dataset_cell_type_normalized_observed_replicate_cosine	mean_replicate_cosine_logfc_normalized_dataset_cell_type	0.15362569165742998	0.13657747975180565	0.1737324979741782	0.018577509111186274	bca	ok	0.95	2000	2000	2729	2729	226	pubchem_cid			95% BCa bootstrap CI clustered by PubChem compound; uncertainty is over the observed compound panel, not broader chemical space.
l1000_phase2	table_10_dataset	dataset_cell_type_normalized_centroid_baseline_cosine	mean_replicate_baseline_cosine_logfc_normalized_dataset_cell_type	0.07556750801561476	0.06584520705053089	0.0868888022363173	0.010521797592893206	bca	ok	0.95	2000	2000	2729	2726	226	pubchem_cid			95% BCa bootstrap CI clustered by PubChem compound; uncertainty is over the observed compound panel, not broader chemical space.
l1000_phase2	table_10_dataset	dataset_cell_type_normalized_delta_vs_centroid_cosine	mean_replicate_minus_baseline_cosine_logfc_normalized_dataset_cell_type	0.07775118757549232	0.06397305085443651	0.09573653203740651	0.015881740591484998	bca	ok	0.95	2000	2000	2729	2726	226	pubchem_cid			95% BCa bootstrap CI clustered by PubChem compound; uncertainty is over the observed compound panel, not broader chemical space.
l1000_phase2	table_10_dataset	dataset_cell_type_normalized_individual_peer_mean_cosine	mean_peer_baseline_cosine_logfc_normalized_dataset_cell_type	0.015987182165546336	0.013975161129080425	0.01819724511468461	0.0021110419928020924	bca	ok	0.95	2000	2000	2729	2726	226	pubchem_cid			95% BCa bootstrap CI clustered by PubChem compound; uncertainty is over the observed compound panel, not broader chemical space.
l1000_phase2	table_10_dataset	dataset_cell_type_normalized_individual_peer_sd_cosine	mean_peer_baseline_sd_cosine_logfc_normalized_dataset_cell_type	0.08214506441399791	0.07928071619781409	0.08522879704392619	0.0029740404230560527	bca	ok	0.95	2000	2000	2729	2726	226	pubchem_cid			95% BCa bootstrap CI clustered by PubChem compound; uncertainty is over the observed compound panel, not broader chemical space.
l1000_phase2	table_10_dataset	dataset_cell_type_normalized_individual_peer_fraction_below_observed_cosine	mean_peer_baseline_fraction_below_observed_cosine_logfc_normalized_dataset_cell_type	0.7369410780377054	0.7207953782004041	0.7538635613355055	0.0165340915675507	bca	ok	0.95	2000	2000	2729	2726	226	pubchem_cid			95% BCa bootstrap CI clustered by PubChem compound; uncertainty is over the observed compound panel, not broader chemical space.
l1000_phase2	table_10_dataset	dataset_cell_type_normalized_individual_peer_corrected_percentile_cosine	mean_peer_baseline_corrected_percentile_cosine_logfc_normalized_dataset_cell_type	0.7387061269079653	0.7223819394403326	0.7560274611765461	0.016822760868106745	bca	ok	0.95	2000	2000	2729	2726	226	pubchem_cid			95% BCa bootstrap CI clustered by PubChem compound; uncertainty is over the observed compound panel, not broader chemical space.
l1000_phase2	table_10_dataset	dataset_cell_type_normalized_delta_vs_individual_peer_cosine	mean_replicate_minus_peer_baseline_cosine_logfc_normalized_dataset_cell_type	0.13733151342556071	0.12036277225234182	0.15645479612988264	0.01804601193877041	bca	ok	0.95	2000	2000	2729	2726	226	pubchem_cid			95% BCa bootstrap CI clustered by PubChem compound; uncertainty is over the observed compound panel, not broader chemical space.
l1000_phase2	table_10_dataset	dataset_normalized_observed_replicate_spearman_logfc	mean_replicate_spearman_logfc_normalized_dataset	0.2217389580433628	0.2049971960861987	0.24048150861066162	0.017742156262231454	bca	ok	0.95	2000	2000	2729	2729	226	pubchem_cid			95% BCa bootstrap CI clustered by PubChem compound; uncertainty is over the observed compound panel, not broader chemical space.
l1000_phase2	table_10_dataset	dataset_normalized_centroid_baseline_spearman_logfc	mean_replicate_baseline_spearman_logfc_normalized_dataset	0.09792888976839219	0.0850379811254928	0.11147470224665423	0.01321836056058072	bca	ok	0.95	2000	2000	2729	2726	226	pubchem_cid			95% BCa bootstrap CI clustered by PubChem compound; uncertainty is over the observed compound panel, not broader chemical space.
l1000_phase2	table_10_dataset	dataset_normalized_delta_vs_centroid_spearman_logfc	mean_replicate_minus_baseline_spearman_logfc_normalized_dataset	0.12345939232651207	0.11156962047638724	0.13934714312388083	0.013888761323746793	bca	ok	0.95	2000	2000	2729	2726	226	pubchem_cid			95% BCa bootstrap CI clustered by PubChem compound; uncertainty is over the observed compound panel, not broader chemical space.
l1000_phase2	table_10_dataset	dataset_normalized_individual_peer_mean_spearman_logfc	mean_peer_baseline_spearman_logfc_normalized_dataset	0.04601693940777807	0.04300394733074296	0.0495340610280708	0.003265056848663919	bca	ok	0.95	2000	2000	2729	2726	226	pubchem_cid			95% BCa bootstrap CI clustered by PubChem compound; uncertainty is over the observed compound panel, not broader chemical space.
l1000_phase2	table_10_dataset	dataset_normalized_individual_peer_sd_spearman_logfc	mean_peer_baseline_sd_spearman_logfc_normalized_dataset	0.11038439714938861	0.10740852579291596	0.11359213795753222	0.003091806082308128	bca	ok	0.95	2000	2000	2729	2726	226	pubchem_cid			95% BCa bootstrap CI clustered by PubChem compound; uncertainty is over the observed compound panel, not broader chemical space.
l1000_phase2	table_10_dataset	dataset_normalized_individual_peer_fraction_below_observed_spearman_logfc	mean_peer_baseline_fraction_below_observed_spearman_logfc_normalized_dataset	0.7597294871782807	0.7429479425450257	0.7767286808715946	0.016890369163284458	bca	ok	0.95	2000	2000	2729	2726	226	pubchem_cid			95% BCa bootstrap CI clustered by PubChem compound; uncertainty is over the observed compound panel, not broader chemical space.
l1000_phase2	table_10_dataset	dataset_normalized_individual_peer_corrected_percentile_spearman_logfc	mean_peer_baseline_corrected_percentile_spearman_logfc_normalized_dataset	0.7614401252980357	0.7448388719700785	0.7769236925922754	0.016042410311098487	bca	ok	0.95	2000	2000	2729	2726	226	pubchem_cid			95% BCa bootstrap CI clustered by PubChem compound; uncertainty is over the observed compound panel, not broader chemical space.
l1000_phase2	table_10_dataset	dataset_normalized_delta_vs_individual_peer_spearman_logfc	mean_replicate_minus_peer_baseline_spearman_logfc_normalized_dataset	0.17537134268712617	0.1592471086849187	0.19460638451728532	0.017679637916183308	bca	ok	0.95	2000	2000	2729	2726	226	pubchem_cid			95% BCa bootstrap CI clustered by PubChem compound; uncertainty is over the observed compound panel, not broader chemical space.
l1000_phase2	table_10_dataset	dataset_cell_type_normalized_observed_replicate_spearman_logfc	mean_replicate_spearman_logfc_normalized_dataset_cell_type	0.22407840763513046	0.208163024831798	0.24180729303411347	0.016822134101157737	bca	ok	0.95	2000	2000	2729	2729	226	pubchem_cid			95% BCa bootstrap CI clustered by PubChem compound; uncertainty is over the observed compound panel, not broader chemical space.
l1000_phase2	table_10_dataset	dataset_cell_type_normalized_centroid_baseline_spearman_logfc	mean_replicate_baseline_spearman_logfc_normalized_dataset_cell_type	0.08603749694234612	0.0737265466718254	0.09983178860936989	0.013052620968772244	bca	ok	0.95	2000	2000	2729	2726	226	pubchem_cid			95% BCa bootstrap CI clustered by PubChem compound; uncertainty is over the observed compound panel, not broader chemical space.
l1000_phase2	table_10_dataset	dataset_cell_type_normalized_delta_vs_centroid_spearman_logfc	mean_replicate_minus_baseline_spearman_logfc_normalized_dataset_cell_type	0.13767185545610694	0.12348137091846981	0.15576175306692874	0.016140191074229468	bca	ok	0.95	2000	2000	2729	2726	226	pubchem_cid			95% BCa bootstrap CI clustered by PubChem compound; uncertainty is over the observed compound panel, not broader chemical space.
l1000_phase2	table_10_dataset	dataset_cell_type_normalized_individual_peer_mean_spearman_logfc	mean_peer_baseline_spearman_logfc_normalized_dataset_cell_type	0.042609197593231014	0.039130995069436944	0.04631935235556869	0.0035941786430658713	bca	ok	0.95	2000	2000	2729	2726	226	pubchem_cid			95% BCa bootstrap CI clustered by PubChem compound; uncertainty is over the observed compound panel, not broader chemical space.
l1000_phase2	table_10_dataset	dataset_cell_type_normalized_individual_peer_sd_spearman_logfc	mean_peer_baseline_sd_spearman_logfc_normalized_dataset_cell_type	0.11330012417147496	0.10993615210859806	0.11665783832508751	0.003360843108244728	bca	ok	0.95	2000	2000	2729	2726	226	pubchem_cid			95% BCa bootstrap CI clustered by PubChem compound; uncertainty is over the observed compound panel, not broader chemical space.
l1000_phase2	table_10_dataset	dataset_cell_type_normalized_individual_peer_fraction_below_observed_spearman_logfc	mean_peer_baseline_fraction_below_observed_spearman_logfc_normalized_dataset_cell_type	0.7634697166935718	0.748602689991592	0.7780505705361442	0.014723940272276137	bca	ok	0.95	2000	2000	2729	2726	226	pubchem_cid			95% BCa bootstrap CI clustered by PubChem compound; uncertainty is over the observed compound panel, not broader chemical space.
l1000_phase2	table_10_dataset	dataset_cell_type_normalized_individual_peer_corrected_percentile_spearman_logfc	mean_peer_baseline_corrected_percentile_spearman_logfc_normalized_dataset_cell_type	0.7651288995891745	0.7498497622662064	0.7800335521798775	0.01509189495683555	bca	ok	0.95	2000	2000	2729	2726	226	pubchem_cid			95% BCa bootstrap CI clustered by PubChem compound; uncertainty is over the observed compound panel, not broader chemical space.
l1000_phase2	table_10_dataset	dataset_cell_type_normalized_delta_vs_individual_peer_spearman_logfc	mean_replicate_minus_peer_baseline_spearman_logfc_normalized_dataset_cell_type	0.18110015480522204	0.16530297988905338	0.2009483123088436	0.017822666209895116	bca	ok	0.95	2000	2000	2729	2726	226	pubchem_cid			95% BCa bootstrap CI clustered by PubChem compound; uncertainty is over the observed compound panel, not broader chemical space.
novartis_batch_2500	table_10_dataset	observed_replicate_spearman_logfc	mean_replicate_spearman_logfc	0.07182474865783905	0.06916924269801014	0.07461204507324452	0.002721401187617191	bca	ok	0.95	2000	2000	15276	15276	3819	pubchem_cid			95% BCa bootstrap CI clustered by PubChem compound; uncertainty is over the observed compound panel, not broader chemical space.
novartis_batch_2500	table_10_dataset	centroid_baseline_spearman_logfc	mean_replicate_baseline_spearman_logfc	0.13614618000402748	0.1344942933728148	0.13787480551897824	0.0016902560730817223	bca	ok	0.95	2000	2000	15276	15276	3819	pubchem_cid			95% BCa bootstrap CI clustered by PubChem compound; uncertainty is over the observed compound panel, not broader chemical space.
novartis_batch_2500	table_10_dataset	delta_vs_centroid_spearman_logfc	mean_replicate_minus_baseline_spearman_logfc	-0.06432143134618838	-0.06709276675113542	-0.06146600376209474	0.002813381494520338	bca	ok	0.95	2000	2000	15276	15276	3819	pubchem_cid			95% BCa bootstrap CI clustered by PubChem compound; uncertainty is over the observed compound panel, not broader chemical space.
novartis_batch_2500	table_10_dataset	individual_peer_mean_spearman_logfc	mean_peer_baseline_spearman_logfc	0.02331318463734467	0.023071830499924173	0.023582664637954994	0.00025541706901541054	bca	ok	0.95	2000	2000	15276	15276	3819	pubchem_cid			95% BCa bootstrap CI clustered by PubChem compound; uncertainty is over the observed compound panel, not broader chemical space.
novartis_batch_2500	table_10_dataset	individual_peer_sd_spearman_logfc	mean_peer_baseline_sd_spearman_logfc	0.04393648532104885	0.04371276627484292	0.0441586012625298	0.0002229174938434414	bca	ok	0.95	2000	2000	15276	15276	3819	pubchem_cid			95% BCa bootstrap CI clustered by PubChem compound; uncertainty is over the observed compound panel, not broader chemical space.
novartis_batch_2500	table_10_dataset	individual_peer_fraction_below_observed_spearman_logfc	mean_peer_baseline_fraction_below_observed_spearman_logfc	0.7373416378224011	0.7327547249975608	0.7419072836168279	0.0045762793096335574	bca	ok	0.95	2000	2000	15276	15276	3819	pubchem_cid			95% BCa bootstrap CI clustered by PubChem compound; uncertainty is over the observed compound panel, not broader chemical space.
novartis_batch_2500	table_10_dataset	individual_peer_corrected_percentile_spearman_logfc	mean_peer_baseline_corrected_percentile_spearman_logfc	0.738363654795855	0.7341962030397661	0.7428475146127351	0.004325655786484528	bca	ok	0.95	2000	2000	15276	15276	3819	pubchem_cid			95% BCa bootstrap CI clustered by PubChem compound; uncertainty is over the observed compound panel, not broader chemical space.
novartis_batch_2500	table_10_dataset	delta_vs_individual_peer_spearman_logfc	mean_replicate_minus_peer_baseline_spearman_logfc	0.04851156402049434	0.045918448108553875	0.05163859661310502	0.0028600742522755726	bca	ok	0.95	2000	2000	15276	15276	3819	pubchem_cid			95% BCa bootstrap CI clustered by PubChem compound; uncertainty is over the observed compound panel, not broader chemical space.
novartis_batch_2500	table_10_dataset	raw_observed_replicate_cosine	mean_replicate_cosine_logfc_raw	0.06136964454121404	0.05874830468760216	0.06443437867153419	0.0028430369919660164	bca	ok	0.95	2000	2000	15276	15276	3819	pubchem_cid			95% BCa bootstrap CI clustered by PubChem compound; uncertainty is over the observed compound panel, not broader chemical space.
novartis_batch_2500	table_10_dataset	raw_centroid_baseline_cosine	mean_replicate_baseline_cosine_logfc_raw	0.13770452974013186	0.13616392104025346	0.13927898911453732	0.0015575340371419277	bca	ok	0.95	2000	2000	15276	15276	3819	pubchem_cid			95% BCa bootstrap CI clustered by PubChem compound; uncertainty is over the observed compound panel, not broader chemical space.
novartis_batch_2500	table_10_dataset	raw_delta_vs_centroid_cosine	mean_replicate_minus_baseline_cosine_logfc_raw	-0.0763348851989178	-0.0787168149198417	-0.07344103581982767	0.0026378895500070165	bca	ok	0.95	2000	2000	15276	15276	3819	pubchem_cid			95% BCa bootstrap CI clustered by PubChem compound; uncertainty is over the observed compound panel, not broader chemical space.
novartis_batch_2500	table_10_dataset	raw_individual_peer_mean_cosine	mean_peer_baseline_cosine_logfc_raw	0.01990910554424243	0.01969716700710776	0.0201186659470916	0.00021074946999192004	bca	ok	0.95	2000	2000	15276	15276	3819	pubchem_cid			95% BCa bootstrap CI clustered by PubChem compound; uncertainty is over the observed compound panel, not broader chemical space.
novartis_batch_2500	table_10_dataset	raw_individual_peer_sd_cosine	mean_peer_baseline_sd_cosine_logfc_raw	0.04332967304563259	0.04314354047772947	0.04351468671568342	0.00018557311897697548	bca	ok	0.95	2000	2000	15276	15276	3819	pubchem_cid			95% BCa bootstrap CI clustered by PubChem compound; uncertainty is over the observed compound panel, not broader chemical space.
novartis_batch_2500	table_10_dataset	raw_individual_peer_fraction_below_observed_cosine	mean_peer_baseline_fraction_below_observed_cosine_logfc_raw	0.7226877025235664	0.7182829528102171	0.7271082382370707	0.004412642713426784	bca	ok	0.95	2000	2000	15276	15276	3819	pubchem_cid			95% BCa bootstrap CI clustered by PubChem compound; uncertainty is over the observed compound panel, not broader chemical space.
novartis_batch_2500	table_10_dataset	raw_individual_peer_corrected_percentile_cosine	mean_peer_baseline_corrected_percentile_cosine_logfc_raw	0.7237667387005174	0.7187042152350138	0.7280048990350451	0.00465034190001562	bca	ok	0.95	2000	2000	15276	15276	3819	pubchem_cid			95% BCa bootstrap CI clustered by PubChem compound; uncertainty is over the observed compound panel, not broader chemical space.
novartis_batch_2500	table_10_dataset	raw_delta_vs_individual_peer_cosine	mean_replicate_minus_peer_baseline_cosine_logfc_raw	0.04146053899697159	0.03895360678438016	0.044462130228868364	0.0027542617222441022	bca	ok	0.95	2000	2000	15276	15276	3819	pubchem_cid			95% BCa bootstrap CI clustered by PubChem compound; uncertainty is over the observed compound panel, not broader chemical space.
novartis_batch_2500	table_10_dataset	dataset_normalized_observed_replicate_cosine	mean_replicate_cosine_logfc_normalized_dataset	0.06947284888365617	0.06678291011957874	0.07297182351225937	0.003094456696340314	bca	ok	0.95	2000	2000	15276	15276	3819	pubchem_cid			95% BCa bootstrap CI clustered by PubChem compound; uncertainty is over the observed compound panel, not broader chemical space.
novartis_batch_2500	table_10_dataset	dataset_normalized_centroid_baseline_cosine	mean_replicate_baseline_cosine_logfc_normalized_dataset	0.08733241439985799	0.08649274525350874	0.08814765063859452	0.0008274526925428904	bca	ok	0.95	2000	2000	15276	15276	3819	pubchem_cid			95% BCa bootstrap CI clustered by PubChem compound; uncertainty is over the observed compound panel, not broader chemical space.
novartis_batch_2500	table_10_dataset	dataset_normalized_delta_vs_centroid_cosine	mean_replicate_minus_baseline_cosine_logfc_normalized_dataset	-0.0178595655162018	-0.020690727221584923	-0.01441180948537616	0.0031394588681043813	bca	ok	0.95	2000	2000	15276	15276	3819	pubchem_cid			95% BCa bootstrap CI clustered by PubChem compound; uncertainty is over the observed compound panel, not broader chemical space.
novartis_batch_2500	table_10_dataset	dataset_normalized_individual_peer_mean_cosine	mean_peer_baseline_cosine_logfc_normalized_dataset	0.008122543964010543	0.008026452978038367	0.008219564678244945	9.655585010328888e-05	bca	ok	0.95	2000	2000	15276	15276	3819	pubchem_cid			95% BCa bootstrap CI clustered by PubChem compound; uncertainty is over the observed compound panel, not broader chemical space.
novartis_batch_2500	table_10_dataset	dataset_normalized_individual_peer_sd_cosine	mean_peer_baseline_sd_cosine_logfc_normalized_dataset	0.04869009373247607	0.04845057061658802	0.04894305308054692	0.0002462412319794473	bca	ok	0.95	2000	2000	15276	15276	3819	pubchem_cid			95% BCa bootstrap CI clustered by PubChem compound; uncertainty is over the observed compound panel, not broader chemical space.
novartis_batch_2500	table_10_dataset	dataset_normalized_individual_peer_fraction_below_observed_cosine	mean_peer_baseline_fraction_below_observed_cosine_logfc_normalized_dataset	0.7603149786975211	0.7559468916200025	0.7644063963448948	0.00422975236244616	bca	ok	0.95	2000	2000	15276	15276	3819	pubchem_cid			95% BCa bootstrap CI clustered by PubChem compound; uncertainty is over the observed compound panel, not broader chemical space.
novartis_batch_2500	table_10_dataset	dataset_normalized_individual_peer_corrected_percentile_cosine	mean_peer_baseline_corrected_percentile_cosine_logfc_normalized_dataset	0.761247605239554	0.7570020335560905	0.7653837283734495	0.004190847408679477	bca	ok	0.95	2000	2000	15276	15276	3819	pubchem_cid			95% BCa bootstrap CI clustered by PubChem compound; uncertainty is over the observed compound panel, not broader chemical space.
novartis_batch_2500	table_10_dataset	dataset_normalized_delta_vs_individual_peer_cosine	mean_replicate_minus_peer_baseline_cosine_logfc_normalized_dataset	0.06135030491964559	0.05844096051853226	0.06455079825106456	0.0030549188662661528	bca	ok	0.95	2000	2000	15276	15276	3819	pubchem_cid			95% BCa bootstrap CI clustered by PubChem compound; uncertainty is over the observed compound panel, not broader chemical space.
novartis_batch_2500	table_10_dataset	dataset_cell_type_normalized_observed_replicate_cosine	mean_replicate_cosine_logfc_normalized_dataset_cell_type	0.06947284888365617	0.06646256836369605	0.07275698905984179	0.0031472103480728736	bca	ok	0.95	2000	2000	15276	15276	3819	pubchem_cid			95% BCa bootstrap CI clustered by PubChem compound; uncertainty is over the observed compound panel, not broader chemical space.
novartis_batch_2500	table_10_dataset	dataset_cell_type_normalized_centroid_baseline_cosine	mean_replicate_baseline_cosine_logfc_normalized_dataset_cell_type	0.08733241439985799	0.08651175692286898	0.08817873738579139	0.0008334902314612036	bca	ok	0.95	2000	2000	15276	15276	3819	pubchem_cid			95% BCa bootstrap CI clustered by PubChem compound; uncertainty is over the observed compound panel, not broader chemical space.
novartis_batch_2500	table_10_dataset	dataset_cell_type_normalized_delta_vs_centroid_cosine	mean_replicate_minus_baseline_cosine_logfc_normalized_dataset_cell_type	-0.0178595655162018	-0.020773122617966877	-0.014465027558883611	0.003154047529541633	bca	ok	0.95	2000	2000	15276	15276	3819	pubchem_cid			95% BCa bootstrap CI clustered by PubChem compound; uncertainty is over the observed compound panel, not broader chemical space.
novartis_batch_2500	table_10_dataset	dataset_cell_type_normalized_individual_peer_mean_cosine	mean_peer_baseline_cosine_logfc_normalized_dataset_cell_type	0.008122543964010543	0.008024929871502088	0.008213974580344202	9.452235442105727e-05	bca	ok	0.95	2000	2000	15276	15276	3819	pubchem_cid			95% BCa bootstrap CI clustered by PubChem compound; uncertainty is over the observed compound panel, not broader chemical space.
novartis_batch_2500	table_10_dataset	dataset_cell_type_normalized_individual_peer_sd_cosine	mean_peer_baseline_sd_cosine_logfc_normalized_dataset_cell_type	0.04869009373247607	0.04844504016993154	0.048954776370479194	0.0002548681002738258	bca	ok	0.95	2000	2000	15276	15276	3819	pubchem_cid			95% BCa bootstrap CI clustered by PubChem compound; uncertainty is over the observed compound panel, not broader chemical space.
novartis_batch_2500	table_10_dataset	dataset_cell_type_normalized_individual_peer_fraction_below_observed_cosine	mean_peer_baseline_fraction_below_observed_cosine_logfc_normalized_dataset_cell_type	0.7603149786975211	0.7558646028500889	0.7646328747101183	0.004384135930014688	bca	ok	0.95	2000	2000	15276	15276	3819	pubchem_cid			95% BCa bootstrap CI clustered by PubChem compound; uncertainty is over the observed compound panel, not broader chemical space.
novartis_batch_2500	table_10_dataset	dataset_cell_type_normalized_individual_peer_corrected_percentile_cosine	mean_peer_baseline_corrected_percentile_cosine_logfc_normalized_dataset_cell_type	0.761247605239554	0.7569679127713086	0.7653954628894847	0.004213775059088043	bca	ok	0.95	2000	2000	15276	15276	3819	pubchem_cid			95% BCa bootstrap CI clustered by PubChem compound; uncertainty is over the observed compound panel, not broader chemical space.
novartis_batch_2500	table_10_dataset	dataset_cell_type_normalized_delta_vs_individual_peer_cosine	mean_replicate_minus_peer_baseline_cosine_logfc_normalized_dataset_cell_type	0.06135030491964559	0.0585641837322083	0.06462583514388641	0.0030308257058390548	bca	ok	0.95	2000	2000	15276	15276	3819	pubchem_cid			95% BCa bootstrap CI clustered by PubChem compound; uncertainty is over the observed compound panel, not broader chemical space.
novartis_batch_2500	table_10_dataset	dataset_normalized_observed_replicate_spearman_logfc	mean_replicate_spearman_logfc_normalized_dataset	0.0709015572768169	0.06816714062631836	0.07352483343799462	0.0026788464058381325	bca	ok	0.95	2000	2000	15276	15276	3819	pubchem_cid			95% BCa bootstrap CI clustered by PubChem compound; uncertainty is over the observed compound panel, not broader chemical space.
novartis_batch_2500	table_10_dataset	dataset_normalized_centroid_baseline_spearman_logfc	mean_replicate_baseline_spearman_logfc_normalized_dataset	0.08427017657820646	0.0834565565101211	0.08500816547985522	0.0007758044848670612	bca	ok	0.95	2000	2000	15276	15276	3819	pubchem_cid			95% BCa bootstrap CI clustered by PubChem compound; uncertainty is over the observed compound panel, not broader chemical space.
novartis_batch_2500	table_10_dataset	dataset_normalized_delta_vs_centroid_spearman_logfc	mean_replicate_minus_baseline_spearman_logfc_normalized_dataset	-0.01336861930138954	-0.01596221070992499	-0.010685646185015807	0.0026382822624545924	bca	ok	0.95	2000	2000	15276	15276	3819	pubchem_cid			95% BCa bootstrap CI clustered by PubChem compound; uncertainty is over the observed compound panel, not broader chemical space.
novartis_batch_2500	table_10_dataset	dataset_normalized_individual_peer_mean_spearman_logfc	mean_peer_baseline_spearman_logfc_normalized_dataset	0.008398167253051566	0.008311025936300004	0.00849236854687547	9.06713052877331e-05	bca	ok	0.95	2000	2000	15276	15276	3819	pubchem_cid			95% BCa bootstrap CI clustered by PubChem compound; uncertainty is over the observed compound panel, not broader chemical space.
novartis_batch_2500	table_10_dataset	dataset_normalized_individual_peer_sd_spearman_logfc	mean_peer_baseline_sd_spearman_logfc_normalized_dataset	0.049729355824424726	0.04947491645730662	0.04998698234894977	0.0002560329458215771	bca	ok	0.95	2000	2000	15276	15276	3819	pubchem_cid			95% BCa bootstrap CI clustered by PubChem compound; uncertainty is over the observed compound panel, not broader chemical space.
novartis_batch_2500	table_10_dataset	dataset_normalized_individual_peer_fraction_below_observed_spearman_logfc	mean_peer_baseline_fraction_below_observed_spearman_logfc_normalized_dataset	0.7660453472085842	0.761985579690233	0.7701458510080403	0.004080135658903694	bca	ok	0.95	2000	2000	15276	15276	3819	pubchem_cid			95% BCa bootstrap CI clustered by PubChem compound; uncertainty is over the observed compound panel, not broader chemical space.
novartis_batch_2500	table_10_dataset	dataset_normalized_individual_peer_corrected_percentile_spearman_logfc	mean_peer_baseline_corrected_percentile_spearman_logfc_normalized_dataset	0.7669556765968777	0.7627570566395869	0.7712049383568004	0.004223940858606723	bca	ok	0.95	2000	2000	15276	15276	3819	pubchem_cid			95% BCa bootstrap CI clustered by PubChem compound; uncertainty is over the observed compound panel, not broader chemical space.
novartis_batch_2500	table_10_dataset	dataset_normalized_delta_vs_individual_peer_spearman_logfc	mean_replicate_minus_peer_baseline_spearman_logfc_normalized_dataset	0.06250339002376529	0.05998712922205344	0.06551059801187825	0.0027617343949124067	bca	ok	0.95	2000	2000	15276	15276	3819	pubchem_cid			95% BCa bootstrap CI clustered by PubChem compound; uncertainty is over the observed compound panel, not broader chemical space.
novartis_batch_2500	table_10_dataset	dataset_cell_type_normalized_observed_replicate_spearman_logfc	mean_replicate_spearman_logfc_normalized_dataset_cell_type	0.0709015572768169	0.06819373375532727	0.0735758184405645	0.0026910423426186186	bca	ok	0.95	2000	2000	15276	15276	3819	pubchem_cid			95% BCa bootstrap CI clustered by PubChem compound; uncertainty is over the observed compound panel, not broader chemical space.
novartis_batch_2500	table_10_dataset	dataset_cell_type_normalized_centroid_baseline_spearman_logfc	mean_replicate_baseline_spearman_logfc_normalized_dataset_cell_type	0.08427017657820646	0.08352023020108762	0.08502862865420244	0.0007541992265574088	bca	ok	0.95	2000	2000	15276	15276	3819	pubchem_cid			95% BCa bootstrap CI clustered by PubChem compound; uncertainty is over the observed compound panel, not broader chemical space.
novartis_batch_2500	table_10_dataset	dataset_cell_type_normalized_delta_vs_centroid_spearman_logfc	mean_replicate_minus_baseline_spearman_logfc_normalized_dataset_cell_type	-0.01336861930138954	-0.015878218288221658	-0.010531123968162807	0.0026735471600294256	bca	ok	0.95	2000	2000	15276	15276	3819	pubchem_cid			95% BCa bootstrap CI clustered by PubChem compound; uncertainty is over the observed compound panel, not broader chemical space.
novartis_batch_2500	table_10_dataset	dataset_cell_type_normalized_individual_peer_mean_spearman_logfc	mean_peer_baseline_spearman_logfc_normalized_dataset_cell_type	0.008398167253051566	0.008309821479686065	0.00849212957475241	9.115404753317225e-05	bca	ok	0.95	2000	2000	15276	15276	3819	pubchem_cid			95% BCa bootstrap CI clustered by PubChem compound; uncertainty is over the observed compound panel, not broader chemical space.
novartis_batch_2500	table_10_dataset	dataset_cell_type_normalized_individual_peer_sd_spearman_logfc	mean_peer_baseline_sd_spearman_logfc_normalized_dataset_cell_type	0.049729355824424726	0.04947392880086903	0.049989119990037356	0.0002575955945841625	bca	ok	0.95	2000	2000	15276	15276	3819	pubchem_cid			95% BCa bootstrap CI clustered by PubChem compound; uncertainty is over the observed compound panel, not broader chemical space.
novartis_batch_2500	table_10_dataset	dataset_cell_type_normalized_individual_peer_fraction_below_observed_spearman_logfc	mean_peer_baseline_fraction_below_observed_spearman_logfc_normalized_dataset_cell_type	0.7660453472085842	0.7618998402992962	0.7702530992319988	0.004176629466351278	bca	ok	0.95	2000	2000	15276	15276	3819	pubchem_cid			95% BCa bootstrap CI clustered by PubChem compound; uncertainty is over the observed compound panel, not broader chemical space.
novartis_batch_2500	table_10_dataset	dataset_cell_type_normalized_individual_peer_corrected_percentile_spearman_logfc	mean_peer_baseline_corrected_percentile_spearman_logfc_normalized_dataset_cell_type	0.7669556765968777	0.7628402115683652	0.7710223680090331	0.0040910782203339435	bca	ok	0.95	2000	2000	15276	15276	3819	pubchem_cid			95% BCa bootstrap CI clustered by PubChem compound; uncertainty is over the observed compound panel, not broader chemical space.
novartis_batch_2500	table_10_dataset	dataset_cell_type_normalized_delta_vs_individual_peer_spearman_logfc	mean_replicate_minus_peer_baseline_spearman_logfc_normalized_dataset_cell_type	0.06250339002376529	0.05967504886366763	0.06516417271220169	0.0027445619242670305	bca	ok	0.95	2000	2000	15276	15276	3819	pubchem_cid			95% BCa bootstrap CI clustered by PubChem compound; uncertainty is over the observed compound panel, not broader chemical space.
op3	table_10_dataset	observed_replicate_spearman_logfc	mean_replicate_spearman_logfc	0.15154956313725276	0.12851810371767167	0.17845608272787994	0.024968989505104136	bca	ok	0.95	2000	2000	541	541	138	pubchem_cid			95% BCa bootstrap CI clustered by PubChem compound; uncertainty is over the observed compound panel, not broader chemical space.
op3	table_10_dataset	centroid_baseline_spearman_logfc	mean_replicate_baseline_spearman_logfc	0.20690776188401175	0.18790009020991413	0.22675372707485594	0.019426818432470905	bca	ok	0.95	2000	2000	541	541	138	pubchem_cid			95% BCa bootstrap CI clustered by PubChem compound; uncertainty is over the observed compound panel, not broader chemical space.
op3	table_10_dataset	delta_vs_centroid_spearman_logfc	mean_replicate_minus_baseline_spearman_logfc	-0.05535819874675892	-0.0732139288949456	-0.029921224992953528	0.021646351950996037	bca	ok	0.95	2000	2000	541	541	138	pubchem_cid			95% BCa bootstrap CI clustered by PubChem compound; uncertainty is over the observed compound panel, not broader chemical space.
op3	table_10_dataset	individual_peer_mean_spearman_logfc	mean_peer_baseline_spearman_logfc	0.05405097573458772	0.049141894218109446	0.05934611266303362	0.0051021092224620875	bca	ok	0.95	2000	2000	541	541	138	pubchem_cid			95% BCa bootstrap CI clustered by PubChem compound; uncertainty is over the observed compound panel, not broader chemical space.
op3	table_10_dataset	individual_peer_sd_spearman_logfc	mean_peer_baseline_sd_spearman_logfc	0.07164218549682767	0.06828223886110484	0.07544450767957574	0.003581134409235451	bca	ok	0.95	2000	2000	541	541	138	pubchem_cid			95% BCa bootstrap CI clustered by PubChem compound; uncertainty is over the observed compound panel, not broader chemical space.
op3	table_10_dataset	individual_peer_fraction_below_observed_spearman_logfc	mean_peer_baseline_fraction_below_observed_spearman_logfc	0.6506084411583487	0.6067441840792316	0.6932994328663166	0.04327762439354249	bca	ok	0.95	2000	2000	541	541	138	pubchem_cid			95% BCa bootstrap CI clustered by PubChem compound; uncertainty is over the observed compound panel, not broader chemical space.
op3	table_10_dataset	individual_peer_corrected_percentile_spearman_logfc	mean_peer_baseline_corrected_percentile_spearman_logfc	0.6519679413873045	0.6082304302416096	0.695345023961325	0.04355729685985771	bca	ok	0.95	2000	2000	541	541	138	pubchem_cid			95% BCa bootstrap CI clustered by PubChem compound; uncertainty is over the observed compound panel, not broader chemical space.
op3	table_10_dataset	delta_vs_individual_peer_spearman_logfc	mean_replicate_minus_peer_baseline_spearman_logfc	0.09749858740266504	0.07764578336389266	0.12289292723253205	0.022623571934319693	bca	ok	0.95	2000	2000	541	541	138	pubchem_cid			95% BCa bootstrap CI clustered by PubChem compound; uncertainty is over the observed compound panel, not broader chemical space.
op3	table_10_dataset	raw_observed_replicate_cosine	mean_replicate_cosine_logfc_raw	0.16327996321218774	0.13525813114717752	0.19215986327133927	0.028450866062080873	bca	ok	0.95	2000	2000	541	541	138	pubchem_cid			95% BCa bootstrap CI clustered by PubChem compound; uncertainty is over the observed compound panel, not broader chemical space.
op3	table_10_dataset	raw_centroid_baseline_cosine	mean_replicate_baseline_cosine_logfc_raw	0.23550518212087293	0.210309508790664	0.2608219126499088	0.025256201929622385	bca	ok	0.95	2000	2000	541	541	138	pubchem_cid			95% BCa bootstrap CI clustered by PubChem compound; uncertainty is over the observed compound panel, not broader chemical space.
op3	table_10_dataset	raw_delta_vs_centroid_cosine	mean_replicate_minus_baseline_cosine_logfc_raw	-0.07222521890868518	-0.0923191435992486	-0.04566532066133578	0.02332691146895641	bca	ok	0.95	2000	2000	541	541	138	pubchem_cid			95% BCa bootstrap CI clustered by PubChem compound; uncertainty is over the observed compound panel, not broader chemical space.
op3	table_10_dataset	raw_individual_peer_mean_cosine	mean_peer_baseline_cosine_logfc_raw	0.060504369907840846	0.053324825987627104	0.06677368775713603	0.006724430884754464	bca	ok	0.95	2000	2000	541	541	138	pubchem_cid			95% BCa bootstrap CI clustered by PubChem compound; uncertainty is over the observed compound panel, not broader chemical space.
op3	table_10_dataset	raw_individual_peer_sd_cosine	mean_peer_baseline_sd_cosine_logfc_raw	0.08664854654204	0.08216273101449316	0.09159485752640902	0.004716063255957928	bca	ok	0.95	2000	2000	541	541	138	pubchem_cid			95% BCa bootstrap CI clustered by PubChem compound; uncertainty is over the observed compound panel, not broader chemical space.
op3	table_10_dataset	raw_individual_peer_fraction_below_observed_cosine	mean_peer_baseline_fraction_below_observed_cosine_logfc_raw	0.6353925985828713	0.5911911971376738	0.67813884515514	0.04347382400873312	bca	ok	0.95	2000	2000	541	541	138	pubchem_cid			95% BCa bootstrap CI clustered by PubChem compound; uncertainty is over the observed compound panel, not broader chemical space.
op3	table_10_dataset	raw_individual_peer_corrected_percentile_cosine	mean_peer_baseline_corrected_percentile_cosine_logfc_raw	0.6368113044249611	0.5911090252592351	0.677853018461525	0.043371996601144935	bca	ok	0.95	2000	2000	541	541	138	pubchem_cid			95% BCa bootstrap CI clustered by PubChem compound; uncertainty is over the observed compound panel, not broader chemical space.
op3	table_10_dataset	raw_delta_vs_individual_peer_cosine	mean_replicate_minus_peer_baseline_cosine_logfc_raw	0.10277559330434687	0.08013059001048616	0.12817196288190538	0.024020686435709614	bca	ok	0.95	2000	2000	541	541	138	pubchem_cid			95% BCa bootstrap CI clustered by PubChem compound; uncertainty is over the observed compound panel, not broader chemical space.
op3	table_10_dataset	dataset_normalized_observed_replicate_cosine	mean_replicate_cosine_logfc_normalized_dataset	0.13251379248800038	0.11018364864989008	0.15822913594603183	0.024022743648070874	bca	ok	0.95	2000	2000	541	541	138	pubchem_cid			95% BCa bootstrap CI clustered by PubChem compound; uncertainty is over the observed compound panel, not broader chemical space.
op3	table_10_dataset	dataset_normalized_centroid_baseline_cosine	mean_replicate_baseline_cosine_logfc_normalized_dataset	0.13061706660320718	0.1229508814394071	0.13838529097109764	0.0077172047658452675	bca	ok	0.95	2000	2000	541	541	138	pubchem_cid			95% BCa bootstrap CI clustered by PubChem compound; uncertainty is over the observed compound panel, not broader chemical space.
op3	table_10_dataset	dataset_normalized_delta_vs_centroid_cosine	mean_replicate_minus_baseline_cosine_logfc_normalized_dataset	0.00189672588479318	-0.02099908704263482	0.028430128765392425	0.02471460790401362	bca	ok	0.95	2000	2000	541	541	138	pubchem_cid			95% BCa bootstrap CI clustered by PubChem compound; uncertainty is over the observed compound panel, not broader chemical space.
op3	table_10_dataset	dataset_normalized_individual_peer_mean_cosine	mean_peer_baseline_cosine_logfc_normalized_dataset	0.02213039711410025	0.020880748618463115	0.023249542339455587	0.0011843968604962358	bca	ok	0.95	2000	2000	541	541	138	pubchem_cid			95% BCa bootstrap CI clustered by PubChem compound; uncertainty is over the observed compound panel, not broader chemical space.
op3	table_10_dataset	dataset_normalized_individual_peer_sd_cosine	mean_peer_baseline_sd_cosine_logfc_normalized_dataset	0.06362361654174926	0.06088342397853695	0.06671722892668215	0.0029169024740725996	bca	ok	0.95	2000	2000	541	541	138	pubchem_cid			95% BCa bootstrap CI clustered by PubChem compound; uncertainty is over the observed compound panel, not broader chemical space.
op3	table_10_dataset	dataset_normalized_individual_peer_fraction_below_observed_cosine	mean_peer_baseline_fraction_below_observed_cosine_logfc_normalized_dataset	0.6936108864756624	0.6583089605866681	0.73019488954218	0.03594296447775597	bca	ok	0.95	2000	2000	541	541	138	pubchem_cid			95% BCa bootstrap CI clustered by PubChem compound; uncertainty is over the observed compound panel, not broader chemical space.
op3	table_10_dataset	dataset_normalized_individual_peer_corrected_percentile_cosine	mean_peer_baseline_corrected_percentile_cosine_logfc_normalized_dataset	0.6948030620146676	0.6588440272233899	0.731105125389039	0.03613054908282459	bca	ok	0.95	2000	2000	541	541	138	pubchem_cid			95% BCa bootstrap CI clustered by PubChem compound; uncertainty is over the observed compound panel, not broader chemical space.
op3	table_10_dataset	dataset_normalized_delta_vs_individual_peer_cosine	mean_replicate_minus_peer_baseline_cosine_logfc_normalized_dataset	0.11038339537390009	0.0887851434201059	0.1369635588146227	0.02408920769725839	bca	ok	0.95	2000	2000	541	541	138	pubchem_cid			95% BCa bootstrap CI clustered by PubChem compound; uncertainty is over the observed compound panel, not broader chemical space.
op3	table_10_dataset	dataset_cell_type_normalized_observed_replicate_cosine	mean_replicate_cosine_logfc_normalized_dataset_cell_type	0.10692694244305172	0.08525722712361483	0.13256713506383755	0.02365495397011136	bca	ok	0.95	2000	2000	541	541	138	pubchem_cid			95% BCa bootstrap CI clustered by PubChem compound; uncertainty is over the observed compound panel, not broader chemical space.
op3	table_10_dataset	dataset_cell_type_normalized_centroid_baseline_cosine	mean_replicate_baseline_cosine_logfc_normalized_dataset_cell_type	-0.07818683693101319	-0.0911554666662552	-0.06834724671658927	0.01140410997483296	bca	ok	0.95	2000	2000	541	541	138	pubchem_cid			95% BCa bootstrap CI clustered by PubChem compound; uncertainty is over the observed compound panel, not broader chemical space.
op3	table_10_dataset	dataset_cell_type_normalized_delta_vs_centroid_cosine	mean_replicate_minus_baseline_cosine_logfc_normalized_dataset_cell_type	0.18511377937406495	0.15579156053149285	0.22133754753910487	0.03277299350380601	bca	ok	0.95	2000	2000	541	541	138	pubchem_cid			95% BCa bootstrap CI clustered by PubChem compound; uncertainty is over the observed compound panel, not broader chemical space.
op3	table_10_dataset	dataset_cell_type_normalized_individual_peer_mean_cosine	mean_peer_baseline_cosine_logfc_normalized_dataset_cell_type	-0.0003997727540713403	-0.0016072757121144937	0.0006647505044806896	0.0011360131082975918	bca	ok	0.95	2000	2000	541	541	138	pubchem_cid			95% BCa bootstrap CI clustered by PubChem compound; uncertainty is over the observed compound panel, not broader chemical space.
op3	table_10_dataset	dataset_cell_type_normalized_individual_peer_sd_cosine	mean_peer_baseline_sd_cosine_logfc_normalized_dataset_cell_type	0.060916999345115	0.05871378781450411	0.06349451107869022	0.0023903616320930555	bca	ok	0.95	2000	2000	541	541	138	pubchem_cid			95% BCa bootstrap CI clustered by PubChem compound; uncertainty is over the observed compound panel, not broader chemical space.
op3	table_10_dataset	dataset_cell_type_normalized_individual_peer_fraction_below_observed_cosine	mean_peer_baseline_fraction_below_observed_cosine_logfc_normalized_dataset_cell_type	0.698210297288971	0.6635445168042932	0.7335608668935405	0.03500817504462367	bca	ok	0.95	2000	2000	541	541	138	pubchem_cid			95% BCa bootstrap CI clustered by PubChem compound; uncertainty is over the observed compound panel, not broader chemical space.
op3	table_10_dataset	dataset_cell_type_normalized_individual_peer_corrected_percentile_cosine	mean_peer_baseline_corrected_percentile_cosine_logfc_normalized_dataset_cell_type	0.6993845762878466	0.6639194422985691	0.7349140689501298	0.03549731332578032	bca	ok	0.95	2000	2000	541	541	138	pubchem_cid			95% BCa bootstrap CI clustered by PubChem compound; uncertainty is over the observed compound panel, not broader chemical space.
op3	table_10_dataset	dataset_cell_type_normalized_delta_vs_individual_peer_cosine	mean_replicate_minus_peer_baseline_cosine_logfc_normalized_dataset_cell_type	0.10732671519712304	0.08519455402608324	0.1348004320092527	0.024802938991584735	bca	ok	0.95	2000	2000	541	541	138	pubchem_cid			95% BCa bootstrap CI clustered by PubChem compound; uncertainty is over the observed compound panel, not broader chemical space.
op3	table_10_dataset	dataset_normalized_observed_replicate_spearman_logfc	mean_replicate_spearman_logfc_normalized_dataset	0.13795728306159916	0.1175662813644677	0.1631960648326261	0.022814891734079204	bca	ok	0.95	2000	2000	541	541	138	pubchem_cid			95% BCa bootstrap CI clustered by PubChem compound; uncertainty is over the observed compound panel, not broader chemical space.
op3	table_10_dataset	dataset_normalized_centroid_baseline_spearman_logfc	mean_replicate_baseline_spearman_logfc_normalized_dataset	0.13554301395240467	0.12867740853576523	0.1421442789973804	0.006733435230807591	bca	ok	0.95	2000	2000	541	541	138	pubchem_cid			95% BCa bootstrap CI clustered by PubChem compound; uncertainty is over the observed compound panel, not broader chemical space.
op3	table_10_dataset	dataset_normalized_delta_vs_centroid_spearman_logfc	mean_replicate_minus_baseline_spearman_logfc_normalized_dataset	0.002414269109194474	-0.019595331160663827	0.027916333385042146	0.023755832272852988	bca	ok	0.95	2000	2000	541	541	138	pubchem_cid			95% BCa bootstrap CI clustered by PubChem compound; uncertainty is over the observed compound panel, not broader chemical space.
op3	table_10_dataset	dataset_normalized_individual_peer_mean_spearman_logfc	mean_peer_baseline_spearman_logfc_normalized_dataset	0.026240431271573786	0.024885345109720028	0.027485444976604677	0.0013000499334423245	bca	ok	0.95	2000	2000	541	541	138	pubchem_cid			95% BCa bootstrap CI clustered by PubChem compound; uncertainty is over the observed compound panel, not broader chemical space.
op3	table_10_dataset	dataset_normalized_individual_peer_sd_spearman_logfc	mean_peer_baseline_sd_spearman_logfc_normalized_dataset	0.06630620466350308	0.063699079426624	0.06963873552000746	0.0029698280466917276	bca	ok	0.95	2000	2000	541	541	138	pubchem_cid			95% BCa bootstrap CI clustered by PubChem compound; uncertainty is over the observed compound panel, not broader chemical space.
op3	table_10_dataset	dataset_normalized_individual_peer_fraction_below_observed_spearman_logfc	mean_peer_baseline_fraction_below_observed_spearman_logfc_normalized_dataset	0.7030046595810229	0.6666718118273486	0.739885252310813	0.03660672024173223	bca	ok	0.95	2000	2000	541	541	138	pubchem_cid			95% BCa bootstrap CI clustered by PubChem compound; uncertainty is over the observed compound panel, not broader chemical space.
op3	table_10_dataset	dataset_normalized_individual_peer_corrected_percentile_spearman_logfc	mean_peer_baseline_corrected_percentile_spearman_logfc_normalized_dataset	0.7041602834737036	0.6688767874238111	0.7392622427274107	0.035192727651799816	bca	ok	0.95	2000	2000	541	541	138	pubchem_cid			95% BCa bootstrap CI clustered by PubChem compound; uncertainty is over the observed compound panel, not broader chemical space.
op3	table_10_dataset	dataset_normalized_delta_vs_individual_peer_spearman_logfc	mean_replicate_minus_peer_baseline_spearman_logfc_normalized_dataset	0.11171685179002534	0.08821590544866095	0.1369961990073482	0.02439014677934362	bca	ok	0.95	2000	2000	541	541	138	pubchem_cid			95% BCa bootstrap CI clustered by PubChem compound; uncertainty is over the observed compound panel, not broader chemical space.
op3	table_10_dataset	dataset_cell_type_normalized_observed_replicate_spearman_logfc	mean_replicate_spearman_logfc_normalized_dataset_cell_type	0.11478616765742065	0.09460262904937089	0.1401541001952037	0.0227757355729164	bca	ok	0.95	2000	2000	541	541	138	pubchem_cid			95% BCa bootstrap CI clustered by PubChem compound; uncertainty is over the observed compound panel, not broader chemical space.
op3	table_10_dataset	dataset_cell_type_normalized_centroid_baseline_spearman_logfc	mean_replicate_baseline_spearman_logfc_normalized_dataset_cell_type	-0.09471921298477005	-0.11005865153508282	-0.08279278066446039	0.013632935435311216	bca	ok	0.95	2000	2000	541	541	138	pubchem_cid			95% BCa bootstrap CI clustered by PubChem compound; uncertainty is over the observed compound panel, not broader chemical space.
op3	table_10_dataset	dataset_cell_type_normalized_delta_vs_centroid_spearman_logfc	mean_replicate_minus_baseline_spearman_logfc_normalized_dataset_cell_type	0.20950538064219074	0.1761101875145566	0.2488697310732203	0.036379771779331854	bca	ok	0.95	2000	2000	541	541	138	pubchem_cid			95% BCa bootstrap CI clustered by PubChem compound; uncertainty is over the observed compound panel, not broader chemical space.
op3	table_10_dataset	dataset_cell_type_normalized_individual_peer_mean_spearman_logfc	mean_peer_baseline_spearman_logfc_normalized_dataset_cell_type	0.0008993889175099261	-0.00033936183981356303	0.002061226803829758	0.0012002943218216607	bca	ok	0.95	2000	2000	541	541	138	pubchem_cid			95% BCa bootstrap CI clustered by PubChem compound; uncertainty is over the observed compound panel, not broader chemical space.
op3	table_10_dataset	dataset_cell_type_normalized_individual_peer_sd_spearman_logfc	mean_peer_baseline_sd_spearman_logfc_normalized_dataset_cell_type	0.0663286861653906	0.06370955403350109	0.06937736109142734	0.002833903528963122	bca	ok	0.95	2000	2000	541	541	138	pubchem_cid			95% BCa bootstrap CI clustered by PubChem compound; uncertainty is over the observed compound panel, not broader chemical space.
op3	table_10_dataset	dataset_cell_type_normalized_individual_peer_fraction_below_observed_spearman_logfc	mean_peer_baseline_fraction_below_observed_spearman_logfc_normalized_dataset_cell_type	0.7125717228897105	0.6747658049796383	0.7464082777510851	0.035821236385723376	bca	ok	0.95	2000	2000	541	541	138	pubchem_cid			95% BCa bootstrap CI clustered by PubChem compound; uncertainty is over the observed compound panel, not broader chemical space.
op3	table_10_dataset	dataset_cell_type_normalized_individual_peer_corrected_percentile_spearman_logfc	mean_peer_baseline_corrected_percentile_spearman_logfc_normalized_dataset_cell_type	0.7136901208551202	0.6757916749448278	0.7466520255648171	0.03543017530999465	bca	ok	0.95	2000	2000	541	541	138	pubchem_cid			95% BCa bootstrap CI clustered by PubChem compound; uncertainty is over the observed compound panel, not broader chemical space.
op3	table_10_dataset	dataset_cell_type_normalized_delta_vs_individual_peer_spearman_logfc	mean_replicate_minus_peer_baseline_spearman_logfc_normalized_dataset_cell_type	0.11388677873991071	0.09170209547178368	0.14107523124740431	0.024686567887810318	bca	ok	0.95	2000	2000	541	541	138	pubchem_cid			95% BCa bootstrap CI clustered by PubChem compound; uncertainty is over the observed compound panel, not broader chemical space.
sciplex	table_10_dataset	observed_replicate_spearman_logfc	mean_replicate_spearman_logfc	0.04955617400724794	0.03922686285144347	0.0634821895621753	0.012127663355365914	bca	ok	0.95	2000	2000	2224	2224	187	pubchem_cid			95% BCa bootstrap CI clustered by PubChem compound; uncertainty is over the observed compound panel, not broader chemical space.
sciplex	table_10_dataset	centroid_baseline_spearman_logfc	mean_replicate_baseline_spearman_logfc	0.2010157937499181	0.19612951500076886	0.20681237099122504	0.00534142799522809	bca	ok	0.95	2000	2000	2224	2224	187	pubchem_cid			95% BCa bootstrap CI clustered by PubChem compound; uncertainty is over the observed compound panel, not broader chemical space.
sciplex	table_10_dataset	delta_vs_centroid_spearman_logfc	mean_replicate_minus_baseline_spearman_logfc	-0.15145961974267014	-0.15776969381845937	-0.14150995550550624	0.008129869156476566	bca	ok	0.95	2000	2000	2224	2224	187	pubchem_cid			95% BCa bootstrap CI clustered by PubChem compound; uncertainty is over the observed compound panel, not broader chemical space.
sciplex	table_10_dataset	individual_peer_mean_spearman_logfc	mean_peer_baseline_spearman_logfc	0.05012211477952854	0.04839303355815503	0.05197897840376724	0.001792972422806103	bca	ok	0.95	2000	2000	2224	2224	187	pubchem_cid			95% BCa bootstrap CI clustered by PubChem compound; uncertainty is over the observed compound panel, not broader chemical space.
sciplex	table_10_dataset	individual_peer_sd_spearman_logfc	mean_peer_baseline_sd_spearman_logfc	0.06825626276354381	0.0669209837944096	0.06986469177938942	0.0014718539924899118	bca	ok	0.95	2000	2000	2224	2224	187	pubchem_cid			95% BCa bootstrap CI clustered by PubChem compound; uncertainty is over the observed compound panel, not broader chemical space.
sciplex	table_10_dataset	individual_peer_fraction_below_observed_spearman_logfc	mean_peer_baseline_fraction_below_observed_spearman_logfc	0.48512405345213766	0.46002322528396716	0.5113323660731083	0.02565457039457056	bca	ok	0.95	2000	2000	2224	2224	187	pubchem_cid			95% BCa bootstrap CI clustered by PubChem compound; uncertainty is over the observed compound panel, not broader chemical space.
sciplex	table_10_dataset	individual_peer_corrected_percentile_spearman_logfc	mean_peer_baseline_corrected_percentile_spearman_logfc	0.48756557621635443	0.4620644890092463	0.5136224721092463	0.02577899154999999	bca	ok	0.95	2000	2000	2224	2224	187	pubchem_cid			95% BCa bootstrap CI clustered by PubChem compound; uncertainty is over the observed compound panel, not broader chemical space.
sciplex	table_10_dataset	delta_vs_individual_peer_spearman_logfc	mean_replicate_minus_peer_baseline_spearman_logfc	-0.000565940772280593	-0.010142107847104127	0.012782869043683674	0.0114624884453939	bca	ok	0.95	2000	2000	2224	2224	187	pubchem_cid			95% BCa bootstrap CI clustered by PubChem compound; uncertainty is over the observed compound panel, not broader chemical space.
sciplex	table_10_dataset	raw_observed_replicate_cosine	mean_replicate_cosine_logfc_raw	0.04978998925152913	0.03877578262823063	0.06549416303300062	0.013359190202384998	bca	ok	0.95	2000	2000	2224	2224	187	pubchem_cid			95% BCa bootstrap CI clustered by PubChem compound; uncertainty is over the observed compound panel, not broader chemical space.
sciplex	table_10_dataset	raw_centroid_baseline_cosine	mean_replicate_baseline_cosine_logfc_raw	0.21906515875503943	0.21382177978333394	0.22481113690556598	0.005494678561116018	bca	ok	0.95	2000	2000	2224	2224	187	pubchem_cid			95% BCa bootstrap CI clustered by PubChem compound; uncertainty is over the observed compound panel, not broader chemical space.
sciplex	table_10_dataset	raw_delta_vs_centroid_cosine	mean_replicate_minus_baseline_cosine_logfc_raw	-0.1692751695035103	-0.17681301107605232	-0.15854088092256732	0.0091360650767425	bca	ok	0.95	2000	2000	2224	2224	187	pubchem_cid			95% BCa bootstrap CI clustered by PubChem compound; uncertainty is over the observed compound panel, not broader chemical space.
sciplex	table_10_dataset	raw_individual_peer_mean_cosine	mean_peer_baseline_cosine_logfc_raw	0.053663919585532766	0.05177409559077571	0.055653642743026845	0.0019397735761255662	bca	ok	0.95	2000	2000	2224	2224	187	pubchem_cid			95% BCa bootstrap CI clustered by PubChem compound; uncertainty is over the observed compound panel, not broader chemical space.
sciplex	table_10_dataset	raw_individual_peer_sd_cosine	mean_peer_baseline_sd_cosine_logfc_raw	0.07289085389043094	0.07147734575723935	0.07457339409146427	0.0015480241671124578	bca	ok	0.95	2000	2000	2224	2224	187	pubchem_cid			95% BCa bootstrap CI clustered by PubChem compound; uncertainty is over the observed compound panel, not broader chemical space.
sciplex	table_10_dataset	raw_individual_peer_fraction_below_observed_cosine	mean_peer_baseline_fraction_below_observed_cosine_logfc_raw	0.4790605544083318	0.45330520233347305	0.5047999080083521	0.025747352837439508	bca	ok	0.95	2000	2000	2224	2224	187	pubchem_cid			95% BCa bootstrap CI clustered by PubChem compound; uncertainty is over the observed compound panel, not broader chemical space.
sciplex	table_10_dataset	raw_individual_peer_corrected_percentile_cosine	mean_peer_baseline_corrected_percentile_cosine_logfc_raw	0.48154809343255034	0.45926169708953946	0.5099273288775568	0.025332815894008653	bca	ok	0.95	2000	2000	2224	2224	187	pubchem_cid			95% BCa bootstrap CI clustered by PubChem compound; uncertainty is over the observed compound panel, not broader chemical space.
sciplex	table_10_dataset	raw_delta_vs_individual_peer_cosine	mean_replicate_minus_peer_baseline_cosine_logfc_raw	-0.0038739303340036457	-0.013488420626071602	0.012226134732798327	0.012857277679434963	bca	ok	0.95	2000	2000	2224	2224	187	pubchem_cid			95% BCa bootstrap CI clustered by PubChem compound; uncertainty is over the observed compound panel, not broader chemical space.
sciplex	table_10_dataset	dataset_normalized_observed_replicate_cosine	mean_replicate_cosine_logfc_normalized_dataset	0.03800483944082313	0.028160760609072365	0.05193601027713797	0.011887624834032802	bca	ok	0.95	2000	2000	2224	2224	187	pubchem_cid			95% BCa bootstrap CI clustered by PubChem compound; uncertainty is over the observed compound panel, not broader chemical space.
sciplex	table_10_dataset	dataset_normalized_centroid_baseline_cosine	mean_replicate_baseline_cosine_logfc_normalized_dataset	0.18826724916789292	0.18492911360625658	0.19180791123331778	0.0034393988135306003	bca	ok	0.95	2000	2000	2224	2224	187	pubchem_cid			95% BCa bootstrap CI clustered by PubChem compound; uncertainty is over the observed compound panel, not broader chemical space.
sciplex	table_10_dataset	dataset_normalized_delta_vs_centroid_cosine	mean_replicate_minus_baseline_cosine_logfc_normalized_dataset	-0.15026240972706983	-0.15886126391547015	-0.13562386288767728	0.011618700513896435	bca	ok	0.95	2000	2000	2224	2224	187	pubchem_cid			95% BCa bootstrap CI clustered by PubChem compound; uncertainty is over the observed compound panel, not broader chemical space.
sciplex	table_10_dataset	dataset_normalized_individual_peer_mean_cosine	mean_peer_baseline_cosine_logfc_normalized_dataset	0.041687413512867595	0.04010184768739586	0.043555431292785496	0.0017267918026948187	bca	ok	0.95	2000	2000	2224	2224	187	pubchem_cid			95% BCa bootstrap CI clustered by PubChem compound; uncertainty is over the observed compound panel, not broader chemical space.
sciplex	table_10_dataset	dataset_normalized_individual_peer_sd_cosine	mean_peer_baseline_sd_cosine_logfc_normalized_dataset	0.07283164549445485	0.07145434225395723	0.07431521651052109	0.0014304371282819264	bca	ok	0.95	2000	2000	2224	2224	187	pubchem_cid			95% BCa bootstrap CI clustered by PubChem compound; uncertainty is over the observed compound panel, not broader chemical space.
sciplex	table_10_dataset	dataset_normalized_individual_peer_fraction_below_observed_cosine	mean_peer_baseline_fraction_below_observed_cosine_logfc_normalized_dataset	0.47240555366794085	0.4459290938433812	0.4991477431294359	0.026609324643027343	bca	ok	0.95	2000	2000	2224	2224	187	pubchem_cid			95% BCa bootstrap CI clustered by PubChem compound; uncertainty is over the observed compound panel, not broader chemical space.
sciplex	table_10_dataset	dataset_normalized_individual_peer_corrected_percentile_cosine	mean_peer_baseline_corrected_percentile_cosine_logfc_normalized_dataset	0.4749179446457705	0.45013175238784514	0.5029238786230007	0.026396063117577778	bca	ok	0.95	2000	2000	2224	2224	187	pubchem_cid			95% BCa bootstrap CI clustered by PubChem compound; uncertainty is over the observed compound panel, not broader chemical space.
sciplex	table_10_dataset	dataset_normalized_delta_vs_individual_peer_cosine	mean_replicate_minus_peer_baseline_cosine_logfc_normalized_dataset	-0.0036825740720444846	-0.013717657324383513	0.010448967944531602	0.012083312634457558	bca	ok	0.95	2000	2000	2224	2224	187	pubchem_cid			95% BCa bootstrap CI clustered by PubChem compound; uncertainty is over the observed compound panel, not broader chemical space.
sciplex	table_10_dataset	dataset_cell_type_normalized_observed_replicate_cosine	mean_replicate_cosine_logfc_normalized_dataset_cell_type	0.03247181410632135	0.022564038880638085	0.04630324818170688	0.011869604650534396	bca	ok	0.95	2000	2000	2224	2224	187	pubchem_cid			95% BCa bootstrap CI clustered by PubChem compound; uncertainty is over the observed compound panel, not broader chemical space.
sciplex	table_10_dataset	dataset_cell_type_normalized_centroid_baseline_cosine	mean_replicate_baseline_cosine_logfc_normalized_dataset_cell_type	0.15960563548075468	0.15569933913583894	0.16316302895900262	0.003731844911581836	bca	ok	0.95	2000	2000	2224	2224	187	pubchem_cid			95% BCa bootstrap CI clustered by PubChem compound; uncertainty is over the observed compound panel, not broader chemical space.
sciplex	table_10_dataset	dataset_cell_type_normalized_delta_vs_centroid_cosine	mean_replicate_minus_baseline_cosine_logfc_normalized_dataset_cell_type	-0.12713382137443333	-0.13703178645253927	-0.11082338018228638	0.013104203135126447	bca	ok	0.95	2000	2000	2224	2224	187	pubchem_cid			95% BCa bootstrap CI clustered by PubChem compound; uncertainty is over the observed compound panel, not broader chemical space.
sciplex	table_10_dataset	dataset_cell_type_normalized_individual_peer_mean_cosine	mean_peer_baseline_cosine_logfc_normalized_dataset_cell_type	0.032927784721930115	0.031054396276358063	0.034914689319403835	0.0019301465215228863	bca	ok	0.95	2000	2000	2224	2224	187	pubchem_cid			95% BCa bootstrap CI clustered by PubChem compound; uncertainty is over the observed compound panel, not broader chemical space.
sciplex	table_10_dataset	dataset_cell_type_normalized_individual_peer_sd_cosine	mean_peer_baseline_sd_cosine_logfc_normalized_dataset_cell_type	0.07321290457487555	0.0718759763830525	0.07479810717797968	0.0014610653974635873	bca	ok	0.95	2000	2000	2224	2224	187	pubchem_cid			95% BCa bootstrap CI clustered by PubChem compound; uncertainty is over the observed compound panel, not broader chemical space.
sciplex	table_10_dataset	dataset_cell_type_normalized_individual_peer_fraction_below_observed_cosine	mean_peer_baseline_fraction_below_observed_cosine_logfc_normalized_dataset_cell_type	0.4728405560420503	0.4477694818098017	0.49886228419952433	0.025546401194861318	bca	ok	0.95	2000	2000	2224	2224	187	pubchem_cid			95% BCa bootstrap CI clustered by PubChem compound; uncertainty is over the observed compound panel, not broader chemical space.
sciplex	table_10_dataset	dataset_cell_type_normalized_individual_peer_corrected_percentile_cosine	mean_peer_baseline_corrected_percentile_cosine_logfc_normalized_dataset_cell_type	0.4753297591717841	0.4502973576546499	0.5022429363281723	0.0259727893367612	bca	ok	0.95	2000	2000	2224	2224	187	pubchem_cid			95% BCa bootstrap CI clustered by PubChem compound; uncertainty is over the observed compound panel, not broader chemical space.
sciplex	table_10_dataset	dataset_cell_type_normalized_delta_vs_individual_peer_cosine	mean_replicate_minus_peer_baseline_cosine_logfc_normalized_dataset_cell_type	-0.00045597061560879494	-0.01038959985269704	0.015521597064699865	0.012955598458698453	bca	ok	0.95	2000	2000	2224	2224	187	pubchem_cid			95% BCa bootstrap CI clustered by PubChem compound; uncertainty is over the observed compound panel, not broader chemical space.
sciplex	table_10_dataset	dataset_normalized_observed_replicate_spearman_logfc	mean_replicate_spearman_logfc_normalized_dataset	0.04472743963173269	0.035453599288200896	0.05834709171380066	0.011446746212799883	bca	ok	0.95	2000	2000	2224	2224	187	pubchem_cid			95% BCa bootstrap CI clustered by PubChem compound; uncertainty is over the observed compound panel, not broader chemical space.
sciplex	table_10_dataset	dataset_normalized_centroid_baseline_spearman_logfc	mean_replicate_baseline_spearman_logfc_normalized_dataset	0.18247121592114832	0.1792185947356049	0.1859444778053115	0.0033629415348533087	bca	ok	0.95	2000	2000	2224	2224	187	pubchem_cid			95% BCa bootstrap CI clustered by PubChem compound; uncertainty is over the observed compound panel, not broader chemical space.
sciplex	table_10_dataset	dataset_normalized_delta_vs_centroid_spearman_logfc	mean_replicate_minus_baseline_spearman_logfc_normalized_dataset	-0.13774377628941561	-0.14687600826765276	-0.1238990967505307	0.011488455758561035	bca	ok	0.95	2000	2000	2224	2224	187	pubchem_cid			95% BCa bootstrap CI clustered by PubChem compound; uncertainty is over the observed compound panel, not broader chemical space.
sciplex	table_10_dataset	dataset_normalized_individual_peer_mean_spearman_logfc	mean_peer_baseline_spearman_logfc_normalized_dataset	0.04280727623944916	0.0411650192410965	0.04449152673168952	0.0016632537452965085	bca	ok	0.95	2000	2000	2224	2224	187	pubchem_cid			95% BCa bootstrap CI clustered by PubChem compound; uncertainty is over the observed compound panel, not broader chemical space.
sciplex	table_10_dataset	dataset_normalized_individual_peer_sd_spearman_logfc	mean_peer_baseline_sd_spearman_logfc_normalized_dataset	0.07074530680314695	0.06943848266396987	0.0722011108150303	0.0013813140755302156	bca	ok	0.95	2000	2000	2224	2224	187	pubchem_cid			95% BCa bootstrap CI clustered by PubChem compound; uncertainty is over the observed compound panel, not broader chemical space.
sciplex	table_10_dataset	dataset_normalized_individual_peer_fraction_below_observed_spearman_logfc	mean_peer_baseline_fraction_below_observed_spearman_logfc_normalized_dataset	0.4991193221935709	0.47657247088874105	0.524216792916896	0.023822161014077498	bca	ok	0.95	2000	2000	2224	2224	187	pubchem_cid			95% BCa bootstrap CI clustered by PubChem compound; uncertainty is over the observed compound panel, not broader chemical space.
sciplex	table_10_dataset	dataset_normalized_individual_peer_corrected_percentile_spearman_logfc	mean_peer_baseline_corrected_percentile_spearman_logfc_normalized_dataset	0.501498605681867	0.47886066863477245	0.5275000417113686	0.024319686538298052	bca	ok	0.95	2000	2000	2224	2224	187	pubchem_cid			95% BCa bootstrap CI clustered by PubChem compound; uncertainty is over the observed compound panel, not broader chemical space.
sciplex	table_10_dataset	dataset_normalized_delta_vs_individual_peer_spearman_logfc	mean_replicate_minus_peer_baseline_spearman_logfc_normalized_dataset	0.001920163392283521	-0.007210380904994527	0.015915025974026716	0.011562703439510621	bca	ok	0.95	2000	2000	2224	2224	187	pubchem_cid			95% BCa bootstrap CI clustered by PubChem compound; uncertainty is over the observed compound panel, not broader chemical space.
sciplex	table_10_dataset	dataset_cell_type_normalized_observed_replicate_spearman_logfc	mean_replicate_spearman_logfc_normalized_dataset_cell_type	0.038145226094902285	0.02884605284533903	0.052970126251634456	0.012062036703147714	bca	ok	0.95	2000	2000	2224	2224	187	pubchem_cid			95% BCa bootstrap CI clustered by PubChem compound; uncertainty is over the observed compound panel, not broader chemical space.
sciplex	table_10_dataset	dataset_cell_type_normalized_centroid_baseline_spearman_logfc	mean_replicate_baseline_spearman_logfc_normalized_dataset_cell_type	0.15424133567299733	0.15054571645694964	0.15802128452204361	0.003737784032546987	bca	ok	0.95	2000	2000	2224	2224	187	pubchem_cid			95% BCa bootstrap CI clustered by PubChem compound; uncertainty is over the observed compound panel, not broader chemical space.
sciplex	table_10_dataset	dataset_cell_type_normalized_delta_vs_centroid_spearman_logfc	mean_replicate_minus_baseline_spearman_logfc_normalized_dataset_cell_type	-0.11609610957809505	-0.1257302970878504	-0.10096111156726388	0.012384592760293266	bca	ok	0.95	2000	2000	2224	2224	187	pubchem_cid			95% BCa bootstrap CI clustered by PubChem compound; uncertainty is over the observed compound panel, not broader chemical space.
sciplex	table_10_dataset	dataset_cell_type_normalized_individual_peer_mean_spearman_logfc	mean_peer_baseline_spearman_logfc_normalized_dataset_cell_type	0.03378452110697031	0.03183871539012548	0.03581038737950284	0.0019858359946886804	bca	ok	0.95	2000	2000	2224	2224	187	pubchem_cid			95% BCa bootstrap CI clustered by PubChem compound; uncertainty is over the observed compound panel, not broader chemical space.
sciplex	table_10_dataset	dataset_cell_type_normalized_individual_peer_sd_spearman_logfc	mean_peer_baseline_sd_spearman_logfc_normalized_dataset_cell_type	0.07261890188698854	0.071170396226703	0.0739684657682683	0.0013990347707826464	bca	ok	0.95	2000	2000	2224	2224	187	pubchem_cid			95% BCa bootstrap CI clustered by PubChem compound; uncertainty is over the observed compound panel, not broader chemical space.
sciplex	table_10_dataset	dataset_cell_type_normalized_individual_peer_fraction_below_observed_spearman_logfc	mean_peer_baseline_fraction_below_observed_spearman_logfc_normalized_dataset_cell_type	0.5043033436475288	0.4799697206432424	0.5302631448053036	0.025146712081030587	bca	ok	0.95	2000	2000	2224	2224	187	pubchem_cid			95% BCa bootstrap CI clustered by PubChem compound; uncertainty is over the observed compound panel, not broader chemical space.
sciplex	table_10_dataset	dataset_cell_type_normalized_individual_peer_corrected_percentile_spearman_logfc	mean_peer_baseline_corrected_percentile_spearman_logfc_normalized_dataset_cell_type	0.5066356927521323	0.4827271568087262	0.5338047144871703	0.025538778839222037	bca	ok	0.95	2000	2000	2224	2224	187	pubchem_cid			95% BCa bootstrap CI clustered by PubChem compound; uncertainty is over the observed compound panel, not broader chemical space.
sciplex	table_10_dataset	dataset_cell_type_normalized_delta_vs_individual_peer_spearman_logfc	mean_replicate_minus_peer_baseline_spearman_logfc_normalized_dataset_cell_type	0.004360704987931951	-0.004531469886075736	0.018495184841616333	0.011513327363846035	bca	ok	0.95	2000	2000	2224	2224	187	pubchem_cid			95% BCa bootstrap CI clustered by PubChem compound; uncertainty is over the observed compound panel, not broader chemical space.
tahoe	table_10_dataset	observed_replicate_spearman_logfc	mean_replicate_spearman_logfc	0.12457644953066542	0.09972132153188029	0.14946229302302808	0.024870485745573892	bca	ok	0.95	2000	2000	7226	7226	114	pubchem_cid			95% BCa bootstrap CI clustered by PubChem compound; uncertainty is over the observed compound panel, not broader chemical space.
tahoe	table_10_dataset	centroid_baseline_spearman_logfc	mean_replicate_baseline_spearman_logfc	0.3476805794597089	0.32329557255144936	0.3711056949576865	0.023905061203118583	bca	ok	0.95	2000	2000	7226	7226	114	pubchem_cid			95% BCa bootstrap CI clustered by PubChem compound; uncertainty is over the observed compound panel, not broader chemical space.
tahoe	table_10_dataset	delta_vs_centroid_spearman_logfc	mean_replicate_minus_baseline_spearman_logfc	-0.22310412992904347	-0.24645035541130855	-0.18844997433866392	0.029000190536322315	bca	ok	0.95	2000	2000	7226	7226	114	pubchem_cid			95% BCa bootstrap CI clustered by PubChem compound; uncertainty is over the observed compound panel, not broader chemical space.
tahoe	table_10_dataset	individual_peer_mean_spearman_logfc	mean_peer_baseline_spearman_logfc	0.1426178326503721	0.1317363111918197	0.15481320293529907	0.011538445871739689	bca	ok	0.95	2000	2000	7226	7226	114	pubchem_cid			95% BCa bootstrap CI clustered by PubChem compound; uncertainty is over the observed compound panel, not broader chemical space.
tahoe	table_10_dataset	individual_peer_sd_spearman_logfc	mean_peer_baseline_sd_spearman_logfc	0.08777024438861987	0.0856200689185736	0.0902715690635045	0.0023257500724654517	bca	ok	0.95	2000	2000	7226	7226	114	pubchem_cid			95% BCa bootstrap CI clustered by PubChem compound; uncertainty is over the observed compound panel, not broader chemical space.
tahoe	table_10_dataset	individual_peer_fraction_below_observed_spearman_logfc	mean_peer_baseline_fraction_below_observed_spearman_logfc	0.3543232705748556	0.3016600913453094	0.4108599914761144	0.0545999500654025	bca	ok	0.95	2000	2000	7226	7226	114	pubchem_cid			95% BCa bootstrap CI clustered by PubChem compound; uncertainty is over the observed compound panel, not broader chemical space.
tahoe	table_10_dataset	individual_peer_corrected_percentile_spearman_logfc	mean_peer_baseline_corrected_percentile_spearman_logfc	0.3600242235170202	0.3140005421926552	0.4219492489037814	0.05397435335556308	bca	ok	0.95	2000	2000	7226	7226	114	pubchem_cid			95% BCa bootstrap CI clustered by PubChem compound; uncertainty is over the observed compound panel, not broader chemical space.
tahoe	table_10_dataset	delta_vs_individual_peer_spearman_logfc	mean_replicate_minus_peer_baseline_spearman_logfc	-0.018041383119706676	-0.03775350607681944	0.009793834291753468	0.023773670184286454	bca	ok	0.95	2000	2000	7226	7226	114	pubchem_cid			95% BCa bootstrap CI clustered by PubChem compound; uncertainty is over the observed compound panel, not broader chemical space.
tahoe	table_10_dataset	raw_observed_replicate_cosine	mean_replicate_cosine_logfc_raw	0.08468944581165425	0.0633067878057122	0.1101921843431023	0.02344269826869505	bca	ok	0.95	2000	2000	7226	7226	114	pubchem_cid			95% BCa bootstrap CI clustered by PubChem compound; uncertainty is over the observed compound panel, not broader chemical space.
tahoe	table_10_dataset	raw_centroid_baseline_cosine	mean_replicate_baseline_cosine_logfc_raw	0.3558118309081918	0.3299978569382957	0.3769896037379261	0.02349587339981521	bca	ok	0.95	2000	2000	7226	7226	114	pubchem_cid			95% BCa bootstrap CI clustered by PubChem compound; uncertainty is over the observed compound panel, not broader chemical space.
tahoe	table_10_dataset	raw_delta_vs_centroid_cosine	mean_replicate_minus_baseline_cosine_logfc_raw	-0.2711223850965375	-0.29795160559283873	-0.23124223627492446	0.033354684658957134	bca	ok	0.95	2000	2000	7226	7226	114	pubchem_cid			95% BCa bootstrap CI clustered by PubChem compound; uncertainty is over the observed compound panel, not broader chemical space.
tahoe	table_10_dataset	raw_individual_peer_mean_cosine	mean_peer_baseline_cosine_logfc_raw	0.1342352460518171	0.12349223276216308	0.1446575528735969	0.010582660055716918	bca	ok	0.95	2000	2000	7226	7226	114	pubchem_cid			95% BCa bootstrap CI clustered by PubChem compound; uncertainty is over the observed compound panel, not broader chemical space.
tahoe	table_10_dataset	raw_individual_peer_sd_cosine	mean_peer_baseline_sd_cosine_logfc_raw	0.08504406974534892	0.08280484995252776	0.08827043731682727	0.0027327936821497506	bca	ok	0.95	2000	2000	7226	7226	114	pubchem_cid			95% BCa bootstrap CI clustered by PubChem compound; uncertainty is over the observed compound panel, not broader chemical space.
tahoe	table_10_dataset	raw_individual_peer_fraction_below_observed_cosine	mean_peer_baseline_fraction_below_observed_cosine_logfc_raw	0.27858840090816395	0.2361881753404261	0.345434450727631	0.054623137693602455	bca	ok	0.95	2000	2000	7226	7226	114	pubchem_cid			95% BCa bootstrap CI clustered by PubChem compound; uncertainty is over the observed compound panel, not broader chemical space.
tahoe	table_10_dataset	raw_individual_peer_corrected_percentile_cosine	mean_peer_baseline_corrected_percentile_cosine_logfc_raw	0.2846273846881934	0.24012208021471318	0.3454390129064842	0.052658466345885516	bca	ok	0.95	2000	2000	7226	7226	114	pubchem_cid			95% BCa bootstrap CI clustered by PubChem compound; uncertainty is over the observed compound panel, not broader chemical space.
tahoe	table_10_dataset	raw_delta_vs_individual_peer_cosine	mean_replicate_minus_peer_baseline_cosine_logfc_raw	-0.04954580024016286	-0.07055735212016223	-0.020019257788235767	0.025269047165963232	bca	ok	0.95	2000	2000	7226	7226	114	pubchem_cid			95% BCa bootstrap CI clustered by PubChem compound; uncertainty is over the observed compound panel, not broader chemical space.
tahoe	table_10_dataset	dataset_normalized_observed_replicate_cosine	mean_replicate_cosine_logfc_normalized_dataset	0.11725684240823521	0.09651715021384448	0.14501285402429448	0.024247851905225	bca	ok	0.95	2000	2000	7226	7226	114	pubchem_cid			95% BCa bootstrap CI clustered by PubChem compound; uncertainty is over the observed compound panel, not broader chemical space.
tahoe	table_10_dataset	dataset_normalized_centroid_baseline_cosine	mean_replicate_baseline_cosine_logfc_normalized_dataset	0.34134946125021	0.3139411888911469	0.3619040492650675	0.02398143018696028	bca	ok	0.95	2000	2000	7226	7226	114	pubchem_cid			95% BCa bootstrap CI clustered by PubChem compound; uncertainty is over the observed compound panel, not broader chemical space.
tahoe	table_10_dataset	dataset_normalized_delta_vs_centroid_cosine	mean_replicate_minus_baseline_cosine_logfc_normalized_dataset	-0.22409261884197473	-0.25153624803527525	-0.18195682837174057	0.03478970983176734	bca	ok	0.95	2000	2000	7226	7226	114	pubchem_cid			95% BCa bootstrap CI clustered by PubChem compound; uncertainty is over the observed compound panel, not broader chemical space.
tahoe	table_10_dataset	dataset_normalized_individual_peer_mean_cosine	mean_peer_baseline_cosine_logfc_normalized_dataset	0.12458284662478386	0.11451539629992825	0.1339179223771046	0.009701263038588169	bca	ok	0.95	2000	2000	7226	7226	114	pubchem_cid			95% BCa bootstrap CI clustered by PubChem compound; uncertainty is over the observed compound panel, not broader chemical space.
tahoe	table_10_dataset	dataset_normalized_individual_peer_sd_cosine	mean_peer_baseline_sd_cosine_logfc_normalized_dataset	0.09711626745417656	0.09439587368420209	0.10029677139523373	0.0029504488555158193	bca	ok	0.95	2000	2000	7226	7226	114	pubchem_cid			95% BCa bootstrap CI clustered by PubChem compound; uncertainty is over the observed compound panel, not broader chemical space.
tahoe	table_10_dataset	dataset_normalized_individual_peer_fraction_below_observed_cosine	mean_peer_baseline_fraction_below_observed_cosine_logfc_normalized_dataset	0.3914225135556	0.3473176712114323	0.45242577095756364	0.05255404987306567	bca	ok	0.95	2000	2000	7226	7226	114	pubchem_cid			95% BCa bootstrap CI clustered by PubChem compound; uncertainty is over the observed compound panel, not broader chemical space.
tahoe	table_10_dataset	dataset_normalized_individual_peer_corrected_percentile_cosine	mean_peer_baseline_corrected_percentile_cosine_logfc_normalized_dataset	0.3968339267544818	0.3505270132446488	0.4526355615569827	0.05105427415616695	bca	ok	0.95	2000	2000	7226	7226	114	pubchem_cid			95% BCa bootstrap CI clustered by PubChem compound; uncertainty is over the observed compound panel, not broader chemical space.
tahoe	table_10_dataset	dataset_normalized_delta_vs_individual_peer_cosine	mean_replicate_minus_peer_baseline_cosine_logfc_normalized_dataset	-0.0073260042165486485	-0.028890379346108597	0.023030721667753544	0.025960550506931072	bca	ok	0.95	2000	2000	7226	7226	114	pubchem_cid			95% BCa bootstrap CI clustered by PubChem compound; uncertainty is over the observed compound panel, not broader chemical space.
tahoe	table_10_dataset	dataset_cell_type_normalized_observed_replicate_cosine	mean_replicate_cosine_logfc_normalized_dataset_cell_type	0.09967977707534242	0.0801607738552516	0.12634429147520307	0.023091758809975736	bca	ok	0.95	2000	2000	7226	7226	114	pubchem_cid			95% BCa bootstrap CI clustered by PubChem compound; uncertainty is over the observed compound panel, not broader chemical space.
tahoe	table_10_dataset	dataset_cell_type_normalized_centroid_baseline_cosine	mean_replicate_baseline_cosine_logfc_normalized_dataset_cell_type	0.2900757978611592	0.2576238290457533	0.31232334748306245	0.027349759218654568	bca	ok	0.95	2000	2000	7226	7226	114	pubchem_cid			95% BCa bootstrap CI clustered by PubChem compound; uncertainty is over the observed compound panel, not broader chemical space.
tahoe	table_10_dataset	dataset_cell_type_normalized_delta_vs_centroid_cosine	mean_replicate_minus_baseline_cosine_logfc_normalized_dataset_cell_type	-0.19039602078581672	-0.22300583493326553	-0.14359788103494747	0.03970397694915903	bca	ok	0.95	2000	2000	7226	7226	114	pubchem_cid			95% BCa bootstrap CI clustered by PubChem compound; uncertainty is over the observed compound panel, not broader chemical space.
tahoe	table_10_dataset	dataset_cell_type_normalized_individual_peer_mean_cosine	mean_peer_baseline_cosine_logfc_normalized_dataset_cell_type	0.09179740394153024	0.0815285722145243	0.09920935735674968	0.008840392571112694	bca	ok	0.95	2000	2000	7226	7226	114	pubchem_cid			95% BCa bootstrap CI clustered by PubChem compound; uncertainty is over the observed compound panel, not broader chemical space.
tahoe	table_10_dataset	dataset_cell_type_normalized_individual_peer_sd_cosine	mean_peer_baseline_sd_cosine_logfc_normalized_dataset_cell_type	0.10359017269166151	0.09903895535282813	0.10914332542556054	0.005052185036366209	bca	ok	0.95	2000	2000	7226	7226	114	pubchem_cid			95% BCa bootstrap CI clustered by PubChem compound; uncertainty is over the observed compound panel, not broader chemical space.
tahoe	table_10_dataset	dataset_cell_type_normalized_individual_peer_fraction_below_observed_cosine	mean_peer_baseline_fraction_below_observed_cosine_logfc_normalized_dataset_cell_type	0.4403404584788215	0.39452343616224017	0.49262317178569426	0.049049867811727044	bca	ok	0.95	2000	2000	7226	7226	114	pubchem_cid			95% BCa bootstrap CI clustered by PubChem compound; uncertainty is over the observed compound panel, not broader chemical space.
tahoe	table_10_dataset	dataset_cell_type_normalized_individual_peer_corrected_percentile_cosine	mean_peer_baseline_corrected_percentile_cosine_logfc_normalized_dataset_cell_type	0.44546608934559545	0.4018015065722191	0.5004411208538877	0.04931980714083431	bca	ok	0.95	2000	2000	7226	7226	114	pubchem_cid			95% BCa bootstrap CI clustered by PubChem compound; uncertainty is over the observed compound panel, not broader chemical space.
tahoe	table_10_dataset	dataset_cell_type_normalized_delta_vs_individual_peer_cosine	mean_replicate_minus_peer_baseline_cosine_logfc_normalized_dataset_cell_type	0.00788237313381218	-0.013585551750321214	0.038789478008346846	0.02618751487933403	bca	ok	0.95	2000	2000	7226	7226	114	pubchem_cid			95% BCa bootstrap CI clustered by PubChem compound; uncertainty is over the observed compound panel, not broader chemical space.
tahoe	table_10_dataset	dataset_normalized_observed_replicate_spearman_logfc	mean_replicate_spearman_logfc_normalized_dataset	0.12866966839063218	0.10750543419260673	0.15542738113116136	0.023960973469277315	bca	ok	0.95	2000	2000	7226	7226	114	pubchem_cid			95% BCa bootstrap CI clustered by PubChem compound; uncertainty is over the observed compound panel, not broader chemical space.
tahoe	table_10_dataset	dataset_normalized_centroid_baseline_spearman_logfc	mean_replicate_baseline_spearman_logfc_normalized_dataset	0.32931118777986956	0.30388897164391526	0.35084325174354	0.023477140049812356	bca	ok	0.95	2000	2000	7226	7226	114	pubchem_cid			95% BCa bootstrap CI clustered by PubChem compound; uncertainty is over the observed compound panel, not broader chemical space.
tahoe	table_10_dataset	dataset_normalized_delta_vs_centroid_spearman_logfc	mean_replicate_minus_baseline_spearman_logfc_normalized_dataset	-0.2006415193892373	-0.22665114535387926	-0.16265718573739646	0.0319969798082414	bca	ok	0.95	2000	2000	7226	7226	114	pubchem_cid			95% BCa bootstrap CI clustered by PubChem compound; uncertainty is over the observed compound panel, not broader chemical space.
tahoe	table_10_dataset	dataset_normalized_individual_peer_mean_spearman_logfc	mean_peer_baseline_spearman_logfc_normalized_dataset	0.12337895406773171	0.11233726214607473	0.1324896105680666	0.010076174210995936	bca	ok	0.95	2000	2000	7226	7226	114	pubchem_cid			95% BCa bootstrap CI clustered by PubChem compound; uncertainty is over the observed compound panel, not broader chemical space.
tahoe	table_10_dataset	dataset_normalized_individual_peer_sd_spearman_logfc	mean_peer_baseline_sd_spearman_logfc_normalized_dataset	0.0986460433654991	0.0957807505833822	0.10177600259857131	0.0029976260075945532	bca	ok	0.95	2000	2000	7226	7226	114	pubchem_cid			95% BCa bootstrap CI clustered by PubChem compound; uncertainty is over the observed compound panel, not broader chemical space.
tahoe	table_10_dataset	dataset_normalized_individual_peer_fraction_below_observed_spearman_logfc	mean_peer_baseline_fraction_below_observed_spearman_logfc_normalized_dataset	0.43782642080738743	0.39121321162263534	0.4919590664064568	0.05037292739191074	bca	ok	0.95	2000	2000	7226	7226	114	pubchem_cid			95% BCa bootstrap CI clustered by PubChem compound; uncertainty is over the observed compound panel, not broader chemical space.
tahoe	table_10_dataset	dataset_normalized_individual_peer_corrected_percentile_spearman_logfc	mean_peer_baseline_corrected_percentile_spearman_logfc_normalized_dataset	0.4430128552476002	0.39650026370781544	0.5005121900719736	0.05200596318207906	bca	ok	0.95	2000	2000	7226	7226	114	pubchem_cid			95% BCa bootstrap CI clustered by PubChem compound; uncertainty is over the observed compound panel, not broader chemical space.
tahoe	table_10_dataset	dataset_normalized_delta_vs_individual_peer_spearman_logfc	mean_replicate_minus_peer_baseline_spearman_logfc_normalized_dataset	0.005290714322900487	-0.015406273953168037	0.03250590942944111	0.02395609169130457	bca	ok	0.95	2000	2000	7226	7226	114	pubchem_cid			95% BCa bootstrap CI clustered by PubChem compound; uncertainty is over the observed compound panel, not broader chemical space.
tahoe	table_10_dataset	dataset_cell_type_normalized_observed_replicate_spearman_logfc	mean_replicate_spearman_logfc_normalized_dataset_cell_type	0.10276296259985994	0.08312468290827602	0.12723289058236298	0.02205410383704348	bca	ok	0.95	2000	2000	7226	7226	114	pubchem_cid			95% BCa bootstrap CI clustered by PubChem compound; uncertainty is over the observed compound panel, not broader chemical space.
tahoe	table_10_dataset	dataset_cell_type_normalized_centroid_baseline_spearman_logfc	mean_replicate_baseline_spearman_logfc_normalized_dataset_cell_type	0.2783764711102709	0.24829441527868315	0.2994860658073434	0.025595825264330116	bca	ok	0.95	2000	2000	7226	7226	114	pubchem_cid			95% BCa bootstrap CI clustered by PubChem compound; uncertainty is over the observed compound panel, not broader chemical space.
tahoe	table_10_dataset	dataset_cell_type_normalized_delta_vs_centroid_spearman_logfc	mean_replicate_minus_baseline_spearman_logfc_normalized_dataset_cell_type	-0.1756135085104109	-0.20482068100302958	-0.12999331078820534	0.03741368510741212	bca	ok	0.95	2000	2000	7226	7226	114	pubchem_cid			95% BCa bootstrap CI clustered by PubChem compound; uncertainty is over the observed compound panel, not broader chemical space.
tahoe	table_10_dataset	dataset_cell_type_normalized_individual_peer_mean_spearman_logfc	mean_peer_baseline_spearman_logfc_normalized_dataset_cell_type	0.08944671063110701	0.07951901837590024	0.09674732386287471	0.008614152743487237	bca	ok	0.95	2000	2000	7226	7226	114	pubchem_cid			95% BCa bootstrap CI clustered by PubChem compound; uncertainty is over the observed compound panel, not broader chemical space.
tahoe	table_10_dataset	dataset_cell_type_normalized_individual_peer_sd_spearman_logfc	mean_peer_baseline_sd_spearman_logfc_normalized_dataset_cell_type	0.1037122993514683	0.09925150933118909	0.10922315967674691	0.0049858251727789085	bca	ok	0.95	2000	2000	7226	7226	114	pubchem_cid			95% BCa bootstrap CI clustered by PubChem compound; uncertainty is over the observed compound panel, not broader chemical space.
tahoe	table_10_dataset	dataset_cell_type_normalized_individual_peer_fraction_below_observed_spearman_logfc	mean_peer_baseline_fraction_below_observed_spearman_logfc_normalized_dataset_cell_type	0.46440509969829674	0.41967473377405506	0.5200622992997257	0.050193782762835315	bca	ok	0.95	2000	2000	7226	7226	114	pubchem_cid			95% BCa bootstrap CI clustered by PubChem compound; uncertainty is over the observed compound panel, not broader chemical space.
tahoe	table_10_dataset	dataset_cell_type_normalized_individual_peer_corrected_percentile_spearman_logfc	mean_peer_baseline_corrected_percentile_spearman_logfc_normalized_dataset_cell_type	0.46940903397829054	0.4252894574502094	0.524391611572821	0.04955107706130579	bca	ok	0.95	2000	2000	7226	7226	114	pubchem_cid			95% BCa bootstrap CI clustered by PubChem compound; uncertainty is over the observed compound panel, not broader chemical space.
tahoe	table_10_dataset	dataset_cell_type_normalized_delta_vs_individual_peer_spearman_logfc	mean_replicate_minus_peer_baseline_spearman_logfc_normalized_dataset_cell_type	0.013316251968752944	-0.009982420112064905	0.0399518067713878	0.024967113441726353	bca	ok	0.95	2000	2000	7226	7226	114	pubchem_cid			95% BCa bootstrap CI clustered by PubChem compound; uncertainty is over the observed compound panel, not broader chemical space.
vcpi_0001	table_10_dataset	observed_replicate_spearman_logfc	mean_replicate_spearman_logfc	0.10759768781075456	0.10695129513531464	0.10830443393948415	0.0006765694020847562	bca	ok	0.95	2000	2000	13283	13283	2272	pubchem_cid			95% BCa bootstrap CI clustered by PubChem compound; uncertainty is over the observed compound panel, not broader chemical space.
vcpi_0001	table_10_dataset	centroid_baseline_spearman_logfc	mean_replicate_baseline_spearman_logfc	0.02994867470466679	0.029303126931156102	0.030638680613922845	0.0006677768413833711	bca	ok	0.95	2000	2000	13283	13283	2272	pubchem_cid			95% BCa bootstrap CI clustered by PubChem compound; uncertainty is over the observed compound panel, not broader chemical space.
vcpi_0001	table_10_dataset	delta_vs_centroid_spearman_logfc	mean_replicate_minus_baseline_spearman_logfc	0.07764901310608772	0.07677861026308148	0.07859936418550315	0.0009103769612108306	bca	ok	0.95	2000	2000	13283	13283	2272	pubchem_cid			95% BCa bootstrap CI clustered by PubChem compound; uncertainty is over the observed compound panel, not broader chemical space.
vcpi_0001	table_10_dataset	individual_peer_mean_spearman_logfc	mean_peer_baseline_spearman_logfc	0.00626979138358568	0.006217692454374183	0.006324671283851497	5.3489414738656926e-05	bca	ok	0.95	2000	2000	13283	13283	2272	pubchem_cid			95% BCa bootstrap CI clustered by PubChem compound; uncertainty is over the observed compound panel, not broader chemical space.
vcpi_0001	table_10_dataset	individual_peer_sd_spearman_logfc	mean_peer_baseline_sd_spearman_logfc	0.018593510477808904	0.018487284009059163	0.018696949513704094	0.00010483275232246562	bca	ok	0.95	2000	2000	13283	13283	2272	pubchem_cid			95% BCa bootstrap CI clustered by PubChem compound; uncertainty is over the observed compound panel, not broader chemical space.
vcpi_0001	table_10_dataset	individual_peer_fraction_below_observed_spearman_logfc	mean_peer_baseline_fraction_below_observed_spearman_logfc	0.9921599301033276	0.9915659688606501	0.9925503559719399	0.0004921935556448931	bca	ok	0.95	2000	2000	13283	13283	2272	pubchem_cid			95% BCa bootstrap CI clustered by PubChem compound; uncertainty is over the observed compound panel, not broader chemical space.
vcpi_0001	table_10_dataset	individual_peer_corrected_percentile_spearman_logfc	mean_peer_baseline_corrected_percentile_spearman_logfc	0.992190436211875	0.9915854813499697	0.9925797058618144	0.0004971122559223606	bca	ok	0.95	2000	2000	13283	13283	2272	pubchem_cid			95% BCa bootstrap CI clustered by PubChem compound; uncertainty is over the observed compound panel, not broader chemical space.
vcpi_0001	table_10_dataset	delta_vs_individual_peer_spearman_logfc	mean_replicate_minus_peer_baseline_spearman_logfc	0.1013278964271688	0.10063300054153042	0.10200741234432718	0.0006872059013983828	bca	ok	0.95	2000	2000	13283	13283	2272	pubchem_cid			95% BCa bootstrap CI clustered by PubChem compound; uncertainty is over the observed compound panel, not broader chemical space.
vcpi_0001	table_10_dataset	raw_observed_replicate_cosine	mean_replicate_cosine_logfc_raw	0.11488454429258842	0.11427492946390018	0.11551322646743191	0.0006191485017658649	bca	ok	0.95	2000	2000	13283	13283	2272	pubchem_cid			95% BCa bootstrap CI clustered by PubChem compound; uncertainty is over the observed compound panel, not broader chemical space.
vcpi_0001	table_10_dataset	raw_centroid_baseline_cosine	mean_replicate_baseline_cosine_logfc_raw	0.03686005821505053	0.03631332620266267	0.037343354101126526	0.0005150139492319274	bca	ok	0.95	2000	2000	13283	13283	2272	pubchem_cid			95% BCa bootstrap CI clustered by PubChem compound; uncertainty is over the observed compound panel, not broader chemical space.
vcpi_0001	table_10_dataset	raw_delta_vs_centroid_cosine	mean_replicate_minus_baseline_cosine_logfc_raw	0.07802448607753787	0.07729435053950806	0.07870672933770055	0.0007061893990962451	bca	ok	0.95	2000	2000	13283	13283	2272	pubchem_cid			95% BCa bootstrap CI clustered by PubChem compound; uncertainty is over the observed compound panel, not broader chemical space.
vcpi_0001	table_10_dataset	raw_individual_peer_mean_cosine	mean_peer_baseline_cosine_logfc_raw	0.0016933266137528883	0.0016629288378196042	0.001725020801316068	3.1045981748231916e-05	bca	ok	0.95	2000	2000	13283	13283	2272	pubchem_cid			95% BCa bootstrap CI clustered by PubChem compound; uncertainty is over the observed compound panel, not broader chemical space.
vcpi_0001	table_10_dataset	raw_individual_peer_sd_cosine	mean_peer_baseline_sd_cosine_logfc_raw	0.017563366301479692	0.01749810569589781	0.017630660174300268	6.627723920122827e-05	bca	ok	0.95	2000	2000	13283	13283	2272	pubchem_cid			95% BCa bootstrap CI clustered by PubChem compound; uncertainty is over the observed compound panel, not broader chemical space.
vcpi_0001	table_10_dataset	raw_individual_peer_fraction_below_observed_cosine	mean_peer_baseline_fraction_below_observed_cosine_logfc_raw	0.9933496998042611	0.9929085879468307	0.9936449821037563	0.00036819707846280636	bca	ok	0.95	2000	2000	13283	13283	2272	pubchem_cid			95% BCa bootstrap CI clustered by PubChem compound; uncertainty is over the observed compound panel, not broader chemical space.
vcpi_0001	table_10_dataset	raw_individual_peer_corrected_percentile_cosine	mean_peer_baseline_corrected_percentile_cosine_logfc_raw	0.9933755764587191	0.9929378838030759	0.9936518441115137	0.00035698015421892215	bca	ok	0.95	2000	2000	13283	13283	2272	pubchem_cid			95% BCa bootstrap CI clustered by PubChem compound; uncertainty is over the observed compound panel, not broader chemical space.
vcpi_0001	table_10_dataset	raw_delta_vs_individual_peer_cosine	mean_replicate_minus_peer_baseline_cosine_logfc_raw	0.1131912176788355	0.11260026392906147	0.11386042257468997	0.0006300793228142462	bca	ok	0.95	2000	2000	13283	13283	2272	pubchem_cid			95% BCa bootstrap CI clustered by PubChem compound; uncertainty is over the observed compound panel, not broader chemical space.
vcpi_0001	table_10_dataset	dataset_normalized_observed_replicate_cosine	mean_replicate_cosine_logfc_normalized_dataset	0.11673826689041213	0.11566665207535076	0.11791132428764531	0.001122336106147273	bca	ok	0.95	2000	2000	13283	13283	2272	pubchem_cid			95% BCa bootstrap CI clustered by PubChem compound; uncertainty is over the observed compound panel, not broader chemical space.
vcpi_0001	table_10_dataset	dataset_normalized_centroid_baseline_cosine	mean_replicate_baseline_cosine_logfc_normalized_dataset	0.008925477178839018	0.00760458365133416	0.010385239874615619	0.0013903281116407293	bca	ok	0.95	2000	2000	13283	13283	2272	pubchem_cid			95% BCa bootstrap CI clustered by PubChem compound; uncertainty is over the observed compound panel, not broader chemical space.
vcpi_0001	table_10_dataset	dataset_normalized_delta_vs_centroid_cosine	mean_replicate_minus_baseline_cosine_logfc_normalized_dataset	0.10781278971157311	0.10608983821140136	0.10950046577765356	0.0017053137831260987	bca	ok	0.95	2000	2000	13283	13283	2272	pubchem_cid			95% BCa bootstrap CI clustered by PubChem compound; uncertainty is over the observed compound panel, not broader chemical space.
vcpi_0001	table_10_dataset	dataset_normalized_individual_peer_mean_cosine	mean_peer_baseline_cosine_logfc_normalized_dataset	0.00046841330571465204	0.0004204221050442061	0.0005159442735541993	4.776108425499662e-05	bca	ok	0.95	2000	2000	13283	13283	2272	pubchem_cid			95% BCa bootstrap CI clustered by PubChem compound; uncertainty is over the observed compound panel, not broader chemical space.
vcpi_0001	table_10_dataset	dataset_normalized_individual_peer_sd_cosine	mean_peer_baseline_sd_cosine_logfc_normalized_dataset	0.030620440803194572	0.0303510524658222	0.030922342669297696	0.00028564510173774774	bca	ok	0.95	2000	2000	13283	13283	2272	pubchem_cid			95% BCa bootstrap CI clustered by PubChem compound; uncertainty is over the observed compound panel, not broader chemical space.
vcpi_0001	table_10_dataset	dataset_normalized_individual_peer_fraction_below_observed_cosine	mean_peer_baseline_fraction_below_observed_cosine_logfc_normalized_dataset	0.9753436900079049	0.9732147491043511	0.9771375489435014	0.001961399919575113	bca	ok	0.95	2000	2000	13283	13283	2272	pubchem_cid			95% BCa bootstrap CI clustered by PubChem compound; uncertainty is over the observed compound panel, not broader chemical space.
vcpi_0001	table_10_dataset	dataset_normalized_individual_peer_corrected_percentile_cosine	mean_peer_baseline_corrected_percentile_cosine_logfc_normalized_dataset	0.9754396289572903	0.9734107975267817	0.9772456805392788	0.0019174415062485628	bca	ok	0.95	2000	2000	13283	13283	2272	pubchem_cid			95% BCa bootstrap CI clustered by PubChem compound; uncertainty is over the observed compound panel, not broader chemical space.
vcpi_0001	table_10_dataset	dataset_normalized_delta_vs_individual_peer_cosine	mean_replicate_minus_peer_baseline_cosine_logfc_normalized_dataset	0.11626985358469748	0.11520994987589524	0.11745808740815529	0.0011240687661300264	bca	ok	0.95	2000	2000	13283	13283	2272	pubchem_cid			95% BCa bootstrap CI clustered by PubChem compound; uncertainty is over the observed compound panel, not broader chemical space.
vcpi_0001	table_10_dataset	dataset_cell_type_normalized_observed_replicate_cosine	mean_replicate_cosine_logfc_normalized_dataset_cell_type	0.11673826689041213	0.11561532712202031	0.11790818025995305	0.001146426568966366	bca	ok	0.95	2000	2000	13283	13283	2272	pubchem_cid			95% BCa bootstrap CI clustered by PubChem compound; uncertainty is over the observed compound panel, not broader chemical space.
vcpi_0001	table_10_dataset	dataset_cell_type_normalized_centroid_baseline_cosine	mean_replicate_baseline_cosine_logfc_normalized_dataset_cell_type	0.008925477178839018	0.007571922443237677	0.010315684369235785	0.001371880962999054	bca	ok	0.95	2000	2000	13283	13283	2272	pubchem_cid			95% BCa bootstrap CI clustered by PubChem compound; uncertainty is over the observed compound panel, not broader chemical space.
vcpi_0001	table_10_dataset	dataset_cell_type_normalized_delta_vs_centroid_cosine	mean_replicate_minus_baseline_cosine_logfc_normalized_dataset_cell_type	0.10781278971157311	0.1060032848181896	0.10945822931262084	0.0017274722472156168	bca	ok	0.95	2000	2000	13283	13283	2272	pubchem_cid			95% BCa bootstrap CI clustered by PubChem compound; uncertainty is over the observed compound panel, not broader chemical space.
vcpi_0001	table_10_dataset	dataset_cell_type_normalized_individual_peer_mean_cosine	mean_peer_baseline_cosine_logfc_normalized_dataset_cell_type	0.00046841330571465204	0.000422908467785493	0.0005192876710805712	4.81896016475391e-05	bca	ok	0.95	2000	2000	13283	13283	2272	pubchem_cid			95% BCa bootstrap CI clustered by PubChem compound; uncertainty is over the observed compound panel, not broader chemical space.
vcpi_0001	table_10_dataset	dataset_cell_type_normalized_individual_peer_sd_cosine	mean_peer_baseline_sd_cosine_logfc_normalized_dataset_cell_type	0.030620440803194572	0.03034493497862735	0.03090160158254574	0.0002783333019591959	bca	ok	0.95	2000	2000	13283	13283	2272	pubchem_cid			95% BCa bootstrap CI clustered by PubChem compound; uncertainty is over the observed compound panel, not broader chemical space.
vcpi_0001	table_10_dataset	dataset_cell_type_normalized_individual_peer_fraction_below_observed_cosine	mean_peer_baseline_fraction_below_observed_cosine_logfc_normalized_dataset_cell_type	0.9753436900079049	0.9733743666701316	0.9772377431548217	0.0019316882423450754	bca	ok	0.95	2000	2000	13283	13283	2272	pubchem_cid			95% BCa bootstrap CI clustered by PubChem compound; uncertainty is over the observed compound panel, not broader chemical space.
vcpi_0001	table_10_dataset	dataset_cell_type_normalized_individual_peer_corrected_percentile_cosine	mean_peer_baseline_corrected_percentile_cosine_logfc_normalized_dataset_cell_type	0.9754396289572903	0.973528761290715	0.9772757520552074	0.0018734953822462375	bca	ok	0.95	2000	2000	13283	13283	2272	pubchem_cid			95% BCa bootstrap CI clustered by PubChem compound; uncertainty is over the observed compound panel, not broader chemical space.
vcpi_0001	table_10_dataset	dataset_cell_type_normalized_delta_vs_individual_peer_cosine	mean_replicate_minus_peer_baseline_cosine_logfc_normalized_dataset_cell_type	0.11626985358469748	0.11522081346533725	0.11744181805853303	0.0011105022965978914	bca	ok	0.95	2000	2000	13283	13283	2272	pubchem_cid			95% BCa bootstrap CI clustered by PubChem compound; uncertainty is over the observed compound panel, not broader chemical space.
vcpi_0001	table_10_dataset	dataset_normalized_observed_replicate_spearman_logfc	mean_replicate_spearman_logfc_normalized_dataset	0.11614778418397809	0.11505023145783567	0.1172599178115283	0.0011048431768463096	bca	ok	0.95	2000	2000	13283	13283	2272	pubchem_cid			95% BCa bootstrap CI clustered by PubChem compound; uncertainty is over the observed compound panel, not broader chemical space.
vcpi_0001	table_10_dataset	dataset_normalized_centroid_baseline_spearman_logfc	mean_replicate_baseline_spearman_logfc_normalized_dataset	0.00557898490389886	0.00432590960866295	0.0068490391945244845	0.0012615647929307672	bca	ok	0.95	2000	2000	13283	13283	2272	pubchem_cid			95% BCa bootstrap CI clustered by PubChem compound; uncertainty is over the observed compound panel, not broader chemical space.
vcpi_0001	table_10_dataset	dataset_normalized_delta_vs_centroid_spearman_logfc	mean_replicate_minus_baseline_spearman_logfc_normalized_dataset	0.1105687992800792	0.10889387471019084	0.11218390587376958	0.0016450155817893733	bca	ok	0.95	2000	2000	13283	13283	2272	pubchem_cid			95% BCa bootstrap CI clustered by PubChem compound; uncertainty is over the observed compound panel, not broader chemical space.
vcpi_0001	table_10_dataset	dataset_normalized_individual_peer_mean_spearman_logfc	mean_peer_baseline_spearman_logfc_normalized_dataset	0.001204146909740642	0.0011537894638667656	0.0012520153248518353	4.911293049253483e-05	bca	ok	0.95	2000	2000	13283	13283	2272	pubchem_cid			95% BCa bootstrap CI clustered by PubChem compound; uncertainty is over the observed compound panel, not broader chemical space.
vcpi_0001	table_10_dataset	dataset_normalized_individual_peer_sd_spearman_logfc	mean_peer_baseline_sd_spearman_logfc_normalized_dataset	0.031019137149463846	0.03076322648651552	0.03130046645360815	0.00026861998354631503	bca	ok	0.95	2000	2000	13283	13283	2272	pubchem_cid			95% BCa bootstrap CI clustered by PubChem compound; uncertainty is over the observed compound panel, not broader chemical space.
vcpi_0001	table_10_dataset	dataset_normalized_individual_peer_fraction_below_observed_spearman_logfc	mean_peer_baseline_fraction_below_observed_spearman_logfc_normalized_dataset	0.9748827213355417	0.9728629852748814	0.9767033278432287	0.0019201712841736551	bca	ok	0.95	2000	2000	13283	13283	2272	pubchem_cid			95% BCa bootstrap CI clustered by PubChem compound; uncertainty is over the observed compound panel, not broader chemical space.
vcpi_0001	table_10_dataset	dataset_normalized_individual_peer_corrected_percentile_spearman_logfc	mean_peer_baseline_corrected_percentile_spearman_logfc_normalized_dataset	0.9749804539373489	0.9730090845210723	0.9769617236992618	0.001976319589094777	bca	ok	0.95	2000	2000	13283	13283	2272	pubchem_cid			95% BCa bootstrap CI clustered by PubChem compound; uncertainty is over the observed compound panel, not broader chemical space.
vcpi_0001	table_10_dataset	dataset_normalized_delta_vs_individual_peer_spearman_logfc	mean_replicate_minus_peer_baseline_spearman_logfc_normalized_dataset	0.11494363727423743	0.11394372222667194	0.11597614246231772	0.001016210117822887	bca	ok	0.95	2000	2000	13283	13283	2272	pubchem_cid			95% BCa bootstrap CI clustered by PubChem compound; uncertainty is over the observed compound panel, not broader chemical space.
vcpi_0001	table_10_dataset	dataset_cell_type_normalized_observed_replicate_spearman_logfc	mean_replicate_spearman_logfc_normalized_dataset_cell_type	0.11614778418397809	0.11511975299850548	0.11725280103802199	0.0010665240197582568	bca	ok	0.95	2000	2000	13283	13283	2272	pubchem_cid			95% BCa bootstrap CI clustered by PubChem compound; uncertainty is over the observed compound panel, not broader chemical space.
vcpi_0001	table_10_dataset	dataset_cell_type_normalized_centroid_baseline_spearman_logfc	mean_replicate_baseline_spearman_logfc_normalized_dataset_cell_type	0.00557898490389886	0.004317495589245019	0.006808796515344545	0.0012456504630497627	bca	ok	0.95	2000	2000	13283	13283	2272	pubchem_cid			95% BCa bootstrap CI clustered by PubChem compound; uncertainty is over the observed compound panel, not broader chemical space.
vcpi_0001	table_10_dataset	dataset_cell_type_normalized_delta_vs_centroid_spearman_logfc	mean_replicate_minus_baseline_spearman_logfc_normalized_dataset_cell_type	0.1105687992800792	0.10886158553226703	0.11221285045502988	0.0016756324613814225	bca	ok	0.95	2000	2000	13283	13283	2272	pubchem_cid			95% BCa bootstrap CI clustered by PubChem compound; uncertainty is over the observed compound panel, not broader chemical space.
vcpi_0001	table_10_dataset	dataset_cell_type_normalized_individual_peer_mean_spearman_logfc	mean_peer_baseline_spearman_logfc_normalized_dataset_cell_type	0.001204146909740642	0.0011519226953761767	0.0012572341433740243	5.265572399892383e-05	bca	ok	0.95	2000	2000	13283	13283	2272	pubchem_cid			95% BCa bootstrap CI clustered by PubChem compound; uncertainty is over the observed compound panel, not broader chemical space.
vcpi_0001	table_10_dataset	dataset_cell_type_normalized_individual_peer_sd_spearman_logfc	mean_peer_baseline_sd_spearman_logfc_normalized_dataset_cell_type	0.031019137149463846	0.03073795387820053	0.031288200917552134	0.00027512351967580104	bca	ok	0.95	2000	2000	13283	13283	2272	pubchem_cid			95% BCa bootstrap CI clustered by PubChem compound; uncertainty is over the observed compound panel, not broader chemical space.
vcpi_0001	table_10_dataset	dataset_cell_type_normalized_individual_peer_fraction_below_observed_spearman_logfc	mean_peer_baseline_fraction_below_observed_spearman_logfc_normalized_dataset_cell_type	0.9748827213355417	0.9728412849301888	0.9766854342597114	0.0019220746647612974	bca	ok	0.95	2000	2000	13283	13283	2272	pubchem_cid			95% BCa bootstrap CI clustered by PubChem compound; uncertainty is over the observed compound panel, not broader chemical space.
vcpi_0001	table_10_dataset	dataset_cell_type_normalized_individual_peer_corrected_percentile_spearman_logfc	mean_peer_baseline_corrected_percentile_spearman_logfc_normalized_dataset_cell_type	0.9749804539373489	0.9729704577366243	0.9768123929457335	0.0019209676045546242	bca	ok	0.95	2000	2000	13283	13283	2272	pubchem_cid			95% BCa bootstrap CI clustered by PubChem compound; uncertainty is over the observed compound panel, not broader chemical space.
vcpi_0001	table_10_dataset	dataset_cell_type_normalized_delta_vs_individual_peer_spearman_logfc	mean_replicate_minus_peer_baseline_spearman_logfc_normalized_dataset_cell_type	0.11494363727423743	0.11387091071896097	0.115980576083167	0.0010548326821030185	bca	ok	0.95	2000	2000	13283	13283	2272	pubchem_cid			95% BCa bootstrap CI clustered by PubChem compound; uncertainty is over the observed compound panel, not broader chemical space.
vcpi_0002	table_10_dataset	observed_replicate_spearman_logfc	mean_replicate_spearman_logfc	0.115518857528436	0.11444602666086974	0.11678096743240943	0.0011674703857698435	bca	ok	0.95	2000	2000	8825	8825	1488	pubchem_cid			95% BCa bootstrap CI clustered by PubChem compound; uncertainty is over the observed compound panel, not broader chemical space.
vcpi_0002	table_10_dataset	centroid_baseline_spearman_logfc	mean_replicate_baseline_spearman_logfc	0.04081053074739136	0.040006994006145054	0.0416413284344906	0.0008171672141727739	bca	ok	0.95	2000	2000	8825	8825	1488	pubchem_cid			95% BCa bootstrap CI clustered by PubChem compound; uncertainty is over the observed compound panel, not broader chemical space.
vcpi_0002	table_10_dataset	delta_vs_centroid_spearman_logfc	mean_replicate_minus_baseline_spearman_logfc	0.0747083267810446	0.07348562413797859	0.07611394913151773	0.0013141624967695706	bca	ok	0.95	2000	2000	8825	8825	1488	pubchem_cid			95% BCa bootstrap CI clustered by PubChem compound; uncertainty is over the observed compound panel, not broader chemical space.
vcpi_0002	table_10_dataset	individual_peer_mean_spearman_logfc	mean_peer_baseline_spearman_logfc	0.007608599878088924	0.007554794651760531	0.0076638017167397834	5.4503532489626194e-05	bca	ok	0.95	2000	2000	8825	8825	1488	pubchem_cid			95% BCa bootstrap CI clustered by PubChem compound; uncertainty is over the observed compound panel, not broader chemical space.
vcpi_0002	table_10_dataset	individual_peer_sd_spearman_logfc	mean_peer_baseline_sd_spearman_logfc	0.02092037286271574	0.020798741271857442	0.02104183428854167	0.00012154650834211335	bca	ok	0.95	2000	2000	8825	8825	1488	pubchem_cid			95% BCa bootstrap CI clustered by PubChem compound; uncertainty is over the observed compound panel, not broader chemical space.
vcpi_0002	table_10_dataset	individual_peer_fraction_below_observed_spearman_logfc	mean_peer_baseline_fraction_below_observed_spearman_logfc	0.9895510578966006	0.9890788165979005	0.9898472170644363	0.0003842002332679062	bca	ok	0.95	2000	2000	8825	8825	1488	pubchem_cid			95% BCa bootstrap CI clustered by PubChem compound; uncertainty is over the observed compound panel, not broader chemical space.
vcpi_0002	table_10_dataset	individual_peer_corrected_percentile_spearman_logfc	mean_peer_baseline_corrected_percentile_spearman_logfc	0.9895917152588707	0.9890913592912811	0.9899016059949743	0.00040512335184661463	bca	ok	0.95	2000	2000	8825	8825	1488	pubchem_cid			95% BCa bootstrap CI clustered by PubChem compound; uncertainty is over the observed compound panel, not broader chemical space.
vcpi_0002	table_10_dataset	delta_vs_individual_peer_spearman_logfc	mean_replicate_minus_peer_baseline_spearman_logfc	0.10791025765034704	0.10685348517128489	0.10920649449547942	0.0011765046620972677	bca	ok	0.95	2000	2000	8825	8825	1488	pubchem_cid			95% BCa bootstrap CI clustered by PubChem compound; uncertainty is over the observed compound panel, not broader chemical space.
vcpi_0002	table_10_dataset	raw_observed_replicate_cosine	mean_replicate_cosine_logfc_raw	0.11659073281033454	0.11560563247151383	0.1178572303010419	0.0011257989147640327	bca	ok	0.95	2000	2000	8825	8825	1488	pubchem_cid			95% BCa bootstrap CI clustered by PubChem compound; uncertainty is over the observed compound panel, not broader chemical space.
vcpi_0002	table_10_dataset	raw_centroid_baseline_cosine	mean_replicate_baseline_cosine_logfc_raw	0.046069554066874595	0.04544089218084567	0.046713907987178574	0.0006365079031664528	bca	ok	0.95	2000	2000	8825	8825	1488	pubchem_cid			95% BCa bootstrap CI clustered by PubChem compound; uncertainty is over the observed compound panel, not broader chemical space.
vcpi_0002	table_10_dataset	raw_delta_vs_centroid_cosine	mean_replicate_minus_baseline_cosine_logfc_raw	0.0705211787434599	0.06947134011389856	0.07180862253447393	0.0011686412102876811	bca	ok	0.95	2000	2000	8825	8825	1488	pubchem_cid			95% BCa bootstrap CI clustered by PubChem compound; uncertainty is over the observed compound panel, not broader chemical space.
vcpi_0002	table_10_dataset	raw_individual_peer_mean_cosine	mean_peer_baseline_cosine_logfc_raw	0.0026134696652935574	0.0025678746078192797	0.0026580270214335757	4.5076206807148026e-05	bca	ok	0.95	2000	2000	8825	8825	1488	pubchem_cid			95% BCa bootstrap CI clustered by PubChem compound; uncertainty is over the observed compound panel, not broader chemical space.
vcpi_0002	table_10_dataset	raw_individual_peer_sd_cosine	mean_peer_baseline_sd_cosine_logfc_raw	0.0201413265167629	0.02005418517560697	0.020225469842087996	8.564233324051367e-05	bca	ok	0.95	2000	2000	8825	8825	1488	pubchem_cid			95% BCa bootstrap CI clustered by PubChem compound; uncertainty is over the observed compound panel, not broader chemical space.
vcpi_0002	table_10_dataset	raw_individual_peer_fraction_below_observed_cosine	mean_peer_baseline_fraction_below_observed_cosine_logfc_raw	0.9906861942280454	0.9904708292114391	0.9908883693284137	0.00020877005848729535	bca	ok	0.95	2000	2000	8825	8825	1488	pubchem_cid			95% BCa bootstrap CI clustered by PubChem compound; uncertainty is over the observed compound panel, not broader chemical space.
vcpi_0002	table_10_dataset	raw_individual_peer_corrected_percentile_cosine	mean_peer_baseline_corrected_percentile_cosine_logfc_raw	0.9907224347174304	0.9904962104525517	0.9909252485791707	0.0002145190633095484	bca	ok	0.95	2000	2000	8825	8825	1488	pubchem_cid			95% BCa bootstrap CI clustered by PubChem compound; uncertainty is over the observed compound panel, not broader chemical space.
vcpi_0002	table_10_dataset	raw_delta_vs_individual_peer_cosine	mean_replicate_minus_peer_baseline_cosine_logfc_raw	0.11397726314504093	0.11306065988639323	0.11519366415181781	0.0010665021327122895	bca	ok	0.95	2000	2000	8825	8825	1488	pubchem_cid			95% BCa bootstrap CI clustered by PubChem compound; uncertainty is over the observed compound panel, not broader chemical space.
vcpi_0002	table_10_dataset	dataset_normalized_observed_replicate_cosine	mean_replicate_cosine_logfc_normalized_dataset	0.11973545921623724	0.11826872533248231	0.12137172442336892	0.0015514995454433064	bca	ok	0.95	2000	2000	8825	8825	1488	pubchem_cid			95% BCa bootstrap CI clustered by PubChem compound; uncertainty is over the observed compound panel, not broader chemical space.
vcpi_0002	table_10_dataset	dataset_normalized_centroid_baseline_cosine	mean_replicate_baseline_cosine_logfc_normalized_dataset	0.008601121531860838	0.0074889070707202	0.009715962197560225	0.0011135275634200125	bca	ok	0.95	2000	2000	8825	8825	1488	pubchem_cid			95% BCa bootstrap CI clustered by PubChem compound; uncertainty is over the observed compound panel, not broader chemical space.
vcpi_0002	table_10_dataset	dataset_normalized_delta_vs_centroid_cosine	mean_replicate_minus_baseline_cosine_logfc_normalized_dataset	0.11113433768437639	0.10948870771368219	0.11307732571889154	0.0017943090026046743	bca	ok	0.95	2000	2000	8825	8825	1488	pubchem_cid			95% BCa bootstrap CI clustered by PubChem compound; uncertainty is over the observed compound panel, not broader chemical space.
vcpi_0002	table_10_dataset	dataset_normalized_individual_peer_mean_cosine	mean_peer_baseline_cosine_logfc_normalized_dataset	0.00046365993310902847	0.0004090836712758012	0.0005134991813877229	5.220775505596087e-05	bca	ok	0.95	2000	2000	8825	8825	1488	pubchem_cid			95% BCa bootstrap CI clustered by PubChem compound; uncertainty is over the observed compound panel, not broader chemical space.
vcpi_0002	table_10_dataset	dataset_normalized_individual_peer_sd_cosine	mean_peer_baseline_sd_cosine_logfc_normalized_dataset	0.030765599369273675	0.030475250193406793	0.031091472799878537	0.000308111303235872	bca	ok	0.95	2000	2000	8825	8825	1488	pubchem_cid			95% BCa bootstrap CI clustered by PubChem compound; uncertainty is over the observed compound panel, not broader chemical space.
vcpi_0002	table_10_dataset	dataset_normalized_individual_peer_fraction_below_observed_cosine	mean_peer_baseline_fraction_below_observed_cosine_logfc_normalized_dataset	0.9774091492563739	0.9753412489735892	0.9791568475757205	0.0019077993010656602	bca	ok	0.95	2000	2000	8825	8825	1488	pubchem_cid			95% BCa bootstrap CI clustered by PubChem compound; uncertainty is over the observed compound panel, not broader chemical space.
vcpi_0002	table_10_dataset	dataset_normalized_individual_peer_corrected_percentile_cosine	mean_peer_baseline_corrected_percentile_cosine_logfc_normalized_dataset	0.9774970513993453	0.9753286878135082	0.9792360686096978	0.0019536903980947873	bca	ok	0.95	2000	2000	8825	8825	1488	pubchem_cid			95% BCa bootstrap CI clustered by PubChem compound; uncertainty is over the observed compound panel, not broader chemical space.
vcpi_0002	table_10_dataset	dataset_normalized_delta_vs_individual_peer_cosine	mean_replicate_minus_peer_baseline_cosine_logfc_normalized_dataset	0.11927179928312821	0.11780529652246702	0.12084471391742366	0.0015197086974783197	bca	ok	0.95	2000	2000	8825	8825	1488	pubchem_cid			95% BCa bootstrap CI clustered by PubChem compound; uncertainty is over the observed compound panel, not broader chemical space.
vcpi_0002	table_10_dataset	dataset_cell_type_normalized_observed_replicate_cosine	mean_replicate_cosine_logfc_normalized_dataset_cell_type	0.11973545921623724	0.11835742507696104	0.12139974528869225	0.0015211601058656085	bca	ok	0.95	2000	2000	8825	8825	1488	pubchem_cid			95% BCa bootstrap CI clustered by PubChem compound; uncertainty is over the observed compound panel, not broader chemical space.
vcpi_0002	table_10_dataset	dataset_cell_type_normalized_centroid_baseline_cosine	mean_replicate_baseline_cosine_logfc_normalized_dataset_cell_type	0.008601121531860838	0.007477173180364164	0.009660639590008924	0.00109173320482238	bca	ok	0.95	2000	2000	8825	8825	1488	pubchem_cid			95% BCa bootstrap CI clustered by PubChem compound; uncertainty is over the observed compound panel, not broader chemical space.
vcpi_0002	table_10_dataset	dataset_cell_type_normalized_delta_vs_centroid_cosine	mean_replicate_minus_baseline_cosine_logfc_normalized_dataset_cell_type	0.11113433768437639	0.1095064712702624	0.11306694958277295	0.0017802391562552755	bca	ok	0.95	2000	2000	8825	8825	1488	pubchem_cid			95% BCa bootstrap CI clustered by PubChem compound; uncertainty is over the observed compound panel, not broader chemical space.
vcpi_0002	table_10_dataset	dataset_cell_type_normalized_individual_peer_mean_cosine	mean_peer_baseline_cosine_logfc_normalized_dataset_cell_type	0.00046365993310902847	0.0004108507628550171	0.0005181126179868685	5.363092756592572e-05	bca	ok	0.95	2000	2000	8825	8825	1488	pubchem_cid			95% BCa bootstrap CI clustered by PubChem compound; uncertainty is over the observed compound panel, not broader chemical space.
vcpi_0002	table_10_dataset	dataset_cell_type_normalized_individual_peer_sd_cosine	mean_peer_baseline_sd_cosine_logfc_normalized_dataset_cell_type	0.030765599369273675	0.030468953716705476	0.031088380800751873	0.00030971354202319855	bca	ok	0.95	2000	2000	8825	8825	1488	pubchem_cid			95% BCa bootstrap CI clustered by PubChem compound; uncertainty is over the observed compound panel, not broader chemical space.
vcpi_0002	table_10_dataset	dataset_cell_type_normalized_individual_peer_fraction_below_observed_cosine	mean_peer_baseline_fraction_below_observed_cosine_logfc_normalized_dataset_cell_type	0.9774091492563739	0.9753457521003539	0.9791771994813389	0.0019157236904924768	bca	ok	0.95	2000	2000	8825	8825	1488	pubchem_cid			95% BCa bootstrap CI clustered by PubChem compound; uncertainty is over the observed compound panel, not broader chemical space.
vcpi_0002	table_10_dataset	dataset_cell_type_normalized_individual_peer_corrected_percentile_cosine	mean_peer_baseline_corrected_percentile_cosine_logfc_normalized_dataset_cell_type	0.9774970513993453	0.975544096520916	0.9792606726678982	0.0018582880734910878	bca	ok	0.95	2000	2000	8825	8825	1488	pubchem_cid			95% BCa bootstrap CI clustered by PubChem compound; uncertainty is over the observed compound panel, not broader chemical space.
vcpi_0002	table_10_dataset	dataset_cell_type_normalized_delta_vs_individual_peer_cosine	mean_replicate_minus_peer_baseline_cosine_logfc_normalized_dataset_cell_type	0.11927179928312821	0.1177703049730179	0.1208687803847264	0.001549237705854252	bca	ok	0.95	2000	2000	8825	8825	1488	pubchem_cid			95% BCa bootstrap CI clustered by PubChem compound; uncertainty is over the observed compound panel, not broader chemical space.
vcpi_0002	table_10_dataset	dataset_normalized_observed_replicate_spearman_logfc	mean_replicate_spearman_logfc_normalized_dataset	0.1208600886127312	0.11950357782699082	0.12237914220305263	0.001437782188030902	bca	ok	0.95	2000	2000	8825	8825	1488	pubchem_cid			95% BCa bootstrap CI clustered by PubChem compound; uncertainty is over the observed compound panel, not broader chemical space.
vcpi_0002	table_10_dataset	dataset_normalized_centroid_baseline_spearman_logfc	mean_replicate_baseline_spearman_logfc_normalized_dataset	0.004955524911089419	0.0038545753301051813	0.005966821621464937	0.001056123145679878	bca	ok	0.95	2000	2000	8825	8825	1488	pubchem_cid			95% BCa bootstrap CI clustered by PubChem compound; uncertainty is over the observed compound panel, not broader chemical space.
vcpi_0002	table_10_dataset	dataset_normalized_delta_vs_centroid_spearman_logfc	mean_replicate_minus_baseline_spearman_logfc_normalized_dataset	0.11590456370164176	0.11418528795268101	0.1176074926657081	0.00171110235651354	bca	ok	0.95	2000	2000	8825	8825	1488	pubchem_cid			95% BCa bootstrap CI clustered by PubChem compound; uncertainty is over the observed compound panel, not broader chemical space.
vcpi_0002	table_10_dataset	dataset_normalized_individual_peer_mean_spearman_logfc	mean_peer_baseline_spearman_logfc_normalized_dataset	0.0010155510989025606	0.0009568410804692225	0.0010734767187488062	5.831781913979186e-05	bca	ok	0.95	2000	2000	8825	8825	1488	pubchem_cid			95% BCa bootstrap CI clustered by PubChem compound; uncertainty is over the observed compound panel, not broader chemical space.
vcpi_0002	table_10_dataset	dataset_normalized_individual_peer_sd_spearman_logfc	mean_peer_baseline_sd_spearman_logfc_normalized_dataset	0.031213168496775735	0.030912816894303634	0.03152030779904857	0.000303745452372467	bca	ok	0.95	2000	2000	8825	8825	1488	pubchem_cid			95% BCa bootstrap CI clustered by PubChem compound; uncertainty is over the observed compound panel, not broader chemical space.
vcpi_0002	table_10_dataset	dataset_normalized_individual_peer_fraction_below_observed_spearman_logfc	mean_peer_baseline_fraction_below_observed_spearman_logfc_normalized_dataset	0.9786624690155807	0.9766488926934511	0.9801831191785317	0.001767113242540308	bca	ok	0.95	2000	2000	8825	8825	1488	pubchem_cid			95% BCa bootstrap CI clustered by PubChem compound; uncertainty is over the observed compound panel, not broader chemical space.
vcpi_0002	table_10_dataset	dataset_normalized_individual_peer_corrected_percentile_spearman_logfc	mean_peer_baseline_corrected_percentile_spearman_logfc_normalized_dataset	0.9787454944279715	0.9768169354256344	0.9804174874119945	0.001800275993180056	bca	ok	0.95	2000	2000	8825	8825	1488	pubchem_cid			95% BCa bootstrap CI clustered by PubChem compound; uncertainty is over the observed compound panel, not broader chemical space.
vcpi_0002	table_10_dataset	dataset_normalized_delta_vs_individual_peer_spearman_logfc	mean_replicate_minus_peer_baseline_spearman_logfc_normalized_dataset	0.11984453751382863	0.11850505042142909	0.1214131322562277	0.001454040917399306	bca	ok	0.95	2000	2000	8825	8825	1488	pubchem_cid			95% BCa bootstrap CI clustered by PubChem compound; uncertainty is over the observed compound panel, not broader chemical space.
vcpi_0002	table_10_dataset	dataset_cell_type_normalized_observed_replicate_spearman_logfc	mean_replicate_spearman_logfc_normalized_dataset_cell_type	0.1208600886127312	0.11941339630254438	0.12235057097141092	0.0014685873344332662	bca	ok	0.95	2000	2000	8825	8825	1488	pubchem_cid			95% BCa bootstrap CI clustered by PubChem compound; uncertainty is over the observed compound panel, not broader chemical space.
vcpi_0002	table_10_dataset	dataset_cell_type_normalized_centroid_baseline_spearman_logfc	mean_replicate_baseline_spearman_logfc_normalized_dataset_cell_type	0.004955524911089419	0.003908986809400489	0.005969357311602159	0.0010301852511008349	bca	ok	0.95	2000	2000	8825	8825	1488	pubchem_cid			95% BCa bootstrap CI clustered by PubChem compound; uncertainty is over the observed compound panel, not broader chemical space.
vcpi_0002	table_10_dataset	dataset_cell_type_normalized_delta_vs_centroid_spearman_logfc	mean_replicate_minus_baseline_spearman_logfc_normalized_dataset_cell_type	0.11590456370164176	0.11427740229950087	0.11774312822783589	0.0017328629641675114	bca	ok	0.95	2000	2000	8825	8825	1488	pubchem_cid			95% BCa bootstrap CI clustered by PubChem compound; uncertainty is over the observed compound panel, not broader chemical space.
vcpi_0002	table_10_dataset	dataset_cell_type_normalized_individual_peer_mean_spearman_logfc	mean_peer_baseline_spearman_logfc_normalized_dataset_cell_type	0.0010155510989025606	0.0009585985860530207	0.001074083691314494	5.7742552630736586e-05	bca	ok	0.95	2000	2000	8825	8825	1488	pubchem_cid			95% BCa bootstrap CI clustered by PubChem compound; uncertainty is over the observed compound panel, not broader chemical space.
vcpi_0002	table_10_dataset	dataset_cell_type_normalized_individual_peer_sd_spearman_logfc	mean_peer_baseline_sd_spearman_logfc_normalized_dataset_cell_type	0.031213168496775735	0.030935260891987948	0.03153779045931783	0.00030126478366494097	bca	ok	0.95	2000	2000	8825	8825	1488	pubchem_cid			95% BCa bootstrap CI clustered by PubChem compound; uncertainty is over the observed compound panel, not broader chemical space.
vcpi_0002	table_10_dataset	dataset_cell_type_normalized_individual_peer_fraction_below_observed_spearman_logfc	mean_peer_baseline_fraction_below_observed_spearman_logfc_normalized_dataset_cell_type	0.9786624690155807	0.9767396186077711	0.9802848223423052	0.0017726018672670207	bca	ok	0.95	2000	2000	8825	8825	1488	pubchem_cid			95% BCa bootstrap CI clustered by PubChem compound; uncertainty is over the observed compound panel, not broader chemical space.
vcpi_0002	table_10_dataset	dataset_cell_type_normalized_individual_peer_corrected_percentile_spearman_logfc	mean_peer_baseline_corrected_percentile_spearman_logfc_normalized_dataset_cell_type	0.9787454944279715	0.9770283950043506	0.9804301365965699	0.0017008707961096436	bca	ok	0.95	2000	2000	8825	8825	1488	pubchem_cid			95% BCa bootstrap CI clustered by PubChem compound; uncertainty is over the observed compound panel, not broader chemical space.
vcpi_0002	table_10_dataset	dataset_cell_type_normalized_delta_vs_individual_peer_spearman_logfc	mean_replicate_minus_peer_baseline_spearman_logfc_normalized_dataset_cell_type	0.11984453751382863	0.1184834714303045	0.1214412698281681	0.0014788991989318004	bca	ok	0.95	2000	2000	8825	8825	1488	pubchem_cid			95% BCa bootstrap CI clustered by PubChem compound; uncertainty is over the observed compound panel, not broader chemical space.
