dataset_name	similarity_metric	scale_variant	summary_level	metric	value_col	mean	ci_low	ci_high	ci_half_width	ci_method	ci_status	ci_level	n_bootstrap_iterations	n_bootstrap_valid	n_rows	n_finite_rows	n_compounds	cluster_col	inner_strata	outer_strata	uncertainty_scope
dilimap_train_val	cosine	raw	replicate_retrieval_dataset	observed_normalized_rank	observed_normalized_rank	0.9974310583739794	0.9963267866464739	0.9979951108819662	0.0008341621177461733	bca	ok	0.95	2000	2000	1184	1184	299	pubchem_cid			95% BCa bootstrap CI clustered by PubChem compound; uncertainty is over the observed compound panel, not broader chemical space.
dilimap_train_val	cosine	raw	replicate_retrieval_dataset	recall_at_1	recall_at_1	0.5277188879162562	0.48113680770128975	0.5741611187338096	0.04651215551625992	bca	ok	0.95	2000	2000	1184	1184	299	pubchem_cid			95% BCa bootstrap CI clustered by PubChem compound; uncertainty is over the observed compound panel, not broader chemical space.
dilimap_train_val	cosine	raw	replicate_retrieval_dataset	auroc	auroc	0.9928945167834887	0.9911817459255223	0.9938768259840235	0.0013475400292505824	bca	ok	0.95	2000	2000	1184	1184	299	pubchem_cid			95% BCa bootstrap CI clustered by PubChem compound; uncertainty is over the observed compound panel, not broader chemical space.
dilimap_train_val	cosine	raw	replicate_retrieval_dataset	null_expected_normalized_rank	null_expected_normalized_rank	0.7172851930927981	0.7073741886199837	0.7275320231469787	0.010078917263497522	bca	ok	0.95	2000	2000	1184	1184	299	pubchem_cid			95% BCa bootstrap CI clustered by PubChem compound; uncertainty is over the observed compound panel, not broader chemical space.
dilimap_train_val	cosine	raw	replicate_retrieval_dataset	observed_minus_null	observed_minus_null	0.2801458652811812	0.27020683920309135	0.2896888395075428	0.009741000152225732	bca	ok	0.95	2000	2000	1184	1184	299	pubchem_cid			95% BCa bootstrap CI clustered by PubChem compound; uncertainty is over the observed compound panel, not broader chemical space.
dilimap_train_val	cosine	raw	replicate_retrieval_dataset	centroid_normalized_rank	centroid_normalized_rank	0.7993103904807461	0.7784890132496183	0.8167058378952984	0.01910841232284005	bca	ok	0.95	2000	2000	1184	1176	299	pubchem_cid			95% BCa bootstrap CI clustered by PubChem compound; uncertainty is over the observed compound panel, not broader chemical space.
dilimap_train_val	cosine	raw	replicate_retrieval_dataset	delta_vs_centroid	observed_minus_centroid	0.19810498103422644	0.17943034500246888	0.21780225028345296	0.01918595264049204	bca	ok	0.95	2000	2000	1184	1176	299	pubchem_cid			95% BCa bootstrap CI clustered by PubChem compound; uncertainty is over the observed compound panel, not broader chemical space.
dilimap_train_val	spearman	raw	replicate_retrieval_dataset	observed_normalized_rank	observed_normalized_rank	0.9963334861478824	0.994748763111855	0.9972868404176574	0.0012690386529011777	bca	ok	0.95	2000	2000	1184	1184	299	pubchem_cid			95% BCa bootstrap CI clustered by PubChem compound; uncertainty is over the observed compound panel, not broader chemical space.
dilimap_train_val	spearman	raw	replicate_retrieval_dataset	recall_at_1	recall_at_1	0.555974623408834	0.5130400393000822	0.5985403450640487	0.04275015288198325	bca	ok	0.95	2000	2000	1184	1184	299	pubchem_cid			95% BCa bootstrap CI clustered by PubChem compound; uncertainty is over the observed compound panel, not broader chemical space.
dilimap_train_val	spearman	raw	replicate_retrieval_dataset	auroc	auroc	0.988296382958877	0.9855250043481079	0.9902963718373137	0.0023856837446029067	bca	ok	0.95	2000	2000	1184	1184	299	pubchem_cid			95% BCa bootstrap CI clustered by PubChem compound; uncertainty is over the observed compound panel, not broader chemical space.
dilimap_train_val	spearman	raw	replicate_retrieval_dataset	null_expected_normalized_rank	null_expected_normalized_rank	0.7172851930927981	0.70723621885755	0.7270960781642284	0.00992992965333922	bca	ok	0.95	2000	2000	1184	1184	299	pubchem_cid			95% BCa bootstrap CI clustered by PubChem compound; uncertainty is over the observed compound panel, not broader chemical space.
dilimap_train_val	spearman	raw	replicate_retrieval_dataset	observed_minus_null	observed_minus_null	0.27904829305508416	0.2693798622957363	0.2889727516804873	0.009796444692375506	bca	ok	0.95	2000	2000	1184	1184	299	pubchem_cid			95% BCa bootstrap CI clustered by PubChem compound; uncertainty is over the observed compound panel, not broader chemical space.
dilimap_train_val	spearman	raw	replicate_retrieval_dataset	centroid_normalized_rank	centroid_normalized_rank	0.6944135409636037	0.6715302431651653	0.7144778012248184	0.021473779029826556	bca	ok	0.95	2000	2000	1184	1176	299	pubchem_cid			95% BCa bootstrap CI clustered by PubChem compound; uncertainty is over the observed compound panel, not broader chemical space.
dilimap_train_val	spearman	raw	replicate_retrieval_dataset	delta_vs_centroid	observed_minus_centroid	0.30189599676560214	0.28172272410680044	0.3234986444391153	0.020887960166157432	bca	ok	0.95	2000	2000	1184	1176	299	pubchem_cid			95% BCa bootstrap CI clustered by PubChem compound; uncertainty is over the observed compound panel, not broader chemical space.
dilimap_train_val	cosine	per_gene_population_zscore_dataset	replicate_retrieval_dataset	observed_normalized_rank	observed_normalized_rank	0.9976489915498553	0.9963888546592717	0.9982456299427118	0.000928387641720041	bca	ok	0.95	2000	2000	1184	1184	299	pubchem_cid			95% BCa bootstrap CI clustered by PubChem compound; uncertainty is over the observed compound panel, not broader chemical space.
dilimap_train_val	cosine	per_gene_population_zscore_dataset	replicate_retrieval_dataset	recall_at_1	recall_at_1	0.5502510987708357	0.5071151022882268	0.5926511634059272	0.0427680305588502	bca	ok	0.95	2000	2000	1184	1184	299	pubchem_cid			95% BCa bootstrap CI clustered by PubChem compound; uncertainty is over the observed compound panel, not broader chemical space.
dilimap_train_val	cosine	per_gene_population_zscore_dataset	replicate_retrieval_dataset	auroc	auroc	0.9928434514969974	0.9909577580523498	0.9940624161738507	0.0015523290607504792	bca	ok	0.95	2000	2000	1184	1184	299	pubchem_cid			95% BCa bootstrap CI clustered by PubChem compound; uncertainty is over the observed compound panel, not broader chemical space.
dilimap_train_val	cosine	per_gene_population_zscore_dataset	replicate_retrieval_dataset	null_expected_normalized_rank	null_expected_normalized_rank	0.7172851930927981	0.7070551702749098	0.7274343230704163	0.010189576397753253	bca	ok	0.95	2000	2000	1184	1184	299	pubchem_cid			95% BCa bootstrap CI clustered by PubChem compound; uncertainty is over the observed compound panel, not broader chemical space.
dilimap_train_val	cosine	per_gene_population_zscore_dataset	replicate_retrieval_dataset	observed_minus_null	observed_minus_null	0.280363798457057	0.27019796496962567	0.2902653144673792	0.010033674748876759	bca	ok	0.95	2000	2000	1184	1184	299	pubchem_cid			95% BCa bootstrap CI clustered by PubChem compound; uncertainty is over the observed compound panel, not broader chemical space.
dilimap_train_val	cosine	per_gene_population_zscore_dataset	replicate_retrieval_dataset	centroid_normalized_rank	centroid_normalized_rank	0.6600472191031277	0.6407442104695934	0.6811737105190332	0.020214750024719896	bca	ok	0.95	2000	2000	1184	1176	299	pubchem_cid			95% BCa bootstrap CI clustered by PubChem compound; uncertainty is over the observed compound panel, not broader chemical space.
dilimap_train_val	cosine	per_gene_population_zscore_dataset	replicate_retrieval_dataset	delta_vs_centroid	observed_minus_centroid	0.33758722737692876	0.31763950163341387	0.35828199786204507	0.0203212481143156	bca	ok	0.95	2000	2000	1184	1176	299	pubchem_cid			95% BCa bootstrap CI clustered by PubChem compound; uncertainty is over the observed compound panel, not broader chemical space.
dilimap_train_val	spearman	per_gene_population_zscore_dataset	replicate_retrieval_dataset	observed_normalized_rank	observed_normalized_rank	0.9976589457067147	0.9963505428037621	0.9983002176621776	0.0009748374292077311	bca	ok	0.95	2000	2000	1184	1184	299	pubchem_cid			95% BCa bootstrap CI clustered by PubChem compound; uncertainty is over the observed compound panel, not broader chemical space.
dilimap_train_val	spearman	per_gene_population_zscore_dataset	replicate_retrieval_dataset	recall_at_1	recall_at_1	0.5635343719225298	0.520431280642034	0.6048184215732184	0.04219357046559219	bca	ok	0.95	2000	2000	1184	1184	299	pubchem_cid			95% BCa bootstrap CI clustered by PubChem compound; uncertainty is over the observed compound panel, not broader chemical space.
dilimap_train_val	spearman	per_gene_population_zscore_dataset	replicate_retrieval_dataset	auroc	auroc	0.9917636532838474	0.9897770807952299	0.9933659636831809	0.001794441443975503	bca	ok	0.95	2000	2000	1184	1184	299	pubchem_cid			95% BCa bootstrap CI clustered by PubChem compound; uncertainty is over the observed compound panel, not broader chemical space.
dilimap_train_val	spearman	per_gene_population_zscore_dataset	replicate_retrieval_dataset	null_expected_normalized_rank	null_expected_normalized_rank	0.7172851930927981	0.7074557033109475	0.727586013955138	0.010065155322095232	bca	ok	0.95	2000	2000	1184	1184	299	pubchem_cid			95% BCa bootstrap CI clustered by PubChem compound; uncertainty is over the observed compound panel, not broader chemical space.
dilimap_train_val	spearman	per_gene_population_zscore_dataset	replicate_retrieval_dataset	observed_minus_null	observed_minus_null	0.2803737526139164	0.27019289086221054	0.2897450424164659	0.00977607577712769	bca	ok	0.95	2000	2000	1184	1184	299	pubchem_cid			95% BCa bootstrap CI clustered by PubChem compound; uncertainty is over the observed compound panel, not broader chemical space.
dilimap_train_val	spearman	per_gene_population_zscore_dataset	replicate_retrieval_dataset	centroid_normalized_rank	centroid_normalized_rank	0.6293165742320104	0.6093741559260157	0.6487991463393635	0.019712495206673897	bca	ok	0.95	2000	2000	1184	1176	299	pubchem_cid			95% BCa bootstrap CI clustered by PubChem compound; uncertainty is over the observed compound panel, not broader chemical space.
dilimap_train_val	spearman	per_gene_population_zscore_dataset	replicate_retrieval_dataset	delta_vs_centroid	observed_minus_centroid	0.3683277805371239	0.34937465442477655	0.38749518765834623	0.019060266616784838	bca	ok	0.95	2000	2000	1184	1176	299	pubchem_cid			95% BCa bootstrap CI clustered by PubChem compound; uncertainty is over the observed compound panel, not broader chemical space.
dilimap_train_val	cosine	per_gene_population_zscore_dataset_cell_type	replicate_retrieval_dataset	observed_normalized_rank	observed_normalized_rank	0.9976489915498553	0.9963809850404673	0.9982344586179758	0.0009267367887542122	bca	ok	0.95	2000	2000	1184	1184	299	pubchem_cid			95% BCa bootstrap CI clustered by PubChem compound; uncertainty is over the observed compound panel, not broader chemical space.
dilimap_train_val	cosine	per_gene_population_zscore_dataset_cell_type	replicate_retrieval_dataset	recall_at_1	recall_at_1	0.5502510987708357	0.5088440166771658	0.593742475105134	0.042449229213984085	bca	ok	0.95	2000	2000	1184	1184	299	pubchem_cid			95% BCa bootstrap CI clustered by PubChem compound; uncertainty is over the observed compound panel, not broader chemical space.
dilimap_train_val	cosine	per_gene_population_zscore_dataset_cell_type	replicate_retrieval_dataset	auroc	auroc	0.9928434514969974	0.9909615390006783	0.9940681910451997	0.0015533260222607148	bca	ok	0.95	2000	2000	1184	1184	299	pubchem_cid			95% BCa bootstrap CI clustered by PubChem compound; uncertainty is over the observed compound panel, not broader chemical space.
dilimap_train_val	cosine	per_gene_population_zscore_dataset_cell_type	replicate_retrieval_dataset	null_expected_normalized_rank	null_expected_normalized_rank	0.7172851930927981	0.7067925165806814	0.7267291334722125	0.009968308445765517	bca	ok	0.95	2000	2000	1184	1184	299	pubchem_cid			95% BCa bootstrap CI clustered by PubChem compound; uncertainty is over the observed compound panel, not broader chemical space.
dilimap_train_val	cosine	per_gene_population_zscore_dataset_cell_type	replicate_retrieval_dataset	observed_minus_null	observed_minus_null	0.280363798457057	0.27009892655944673	0.2904435906105107	0.010172332025532	bca	ok	0.95	2000	2000	1184	1184	299	pubchem_cid			95% BCa bootstrap CI clustered by PubChem compound; uncertainty is over the observed compound panel, not broader chemical space.
dilimap_train_val	cosine	per_gene_population_zscore_dataset_cell_type	replicate_retrieval_dataset	centroid_normalized_rank	centroid_normalized_rank	0.6600472191031277	0.6398206124112351	0.6796203570582559	0.01989987232351037	bca	ok	0.95	2000	2000	1184	1176	299	pubchem_cid			95% BCa bootstrap CI clustered by PubChem compound; uncertainty is over the observed compound panel, not broader chemical space.
dilimap_train_val	cosine	per_gene_population_zscore_dataset_cell_type	replicate_retrieval_dataset	delta_vs_centroid	observed_minus_centroid	0.33758722737692876	0.3181969233030471	0.35728559428836687	0.01954433549265988	bca	ok	0.95	2000	2000	1184	1176	299	pubchem_cid			95% BCa bootstrap CI clustered by PubChem compound; uncertainty is over the observed compound panel, not broader chemical space.
dilimap_train_val	spearman	per_gene_population_zscore_dataset_cell_type	replicate_retrieval_dataset	observed_normalized_rank	observed_normalized_rank	0.9976589457067147	0.9962954165657878	0.9983116770600885	0.0010081302471503517	bca	ok	0.95	2000	2000	1184	1184	299	pubchem_cid			95% BCa bootstrap CI clustered by PubChem compound; uncertainty is over the observed compound panel, not broader chemical space.
dilimap_train_val	spearman	per_gene_population_zscore_dataset_cell_type	replicate_retrieval_dataset	recall_at_1	recall_at_1	0.5635343719225298	0.5256635679616931	0.6088984793473393	0.0416174556928231	bca	ok	0.95	2000	2000	1184	1184	299	pubchem_cid			95% BCa bootstrap CI clustered by PubChem compound; uncertainty is over the observed compound panel, not broader chemical space.
dilimap_train_val	spearman	per_gene_population_zscore_dataset_cell_type	replicate_retrieval_dataset	auroc	auroc	0.9917636532838474	0.9896187584477879	0.9931744317385683	0.0017778366453902184	bca	ok	0.95	2000	2000	1184	1184	299	pubchem_cid			95% BCa bootstrap CI clustered by PubChem compound; uncertainty is over the observed compound panel, not broader chemical space.
dilimap_train_val	spearman	per_gene_population_zscore_dataset_cell_type	replicate_retrieval_dataset	null_expected_normalized_rank	null_expected_normalized_rank	0.7172851930927981	0.7082997412895338	0.7268744982053417	0.00928737845790395	bca	ok	0.95	2000	2000	1184	1184	299	pubchem_cid			95% BCa bootstrap CI clustered by PubChem compound; uncertainty is over the observed compound panel, not broader chemical space.
dilimap_train_val	spearman	per_gene_population_zscore_dataset_cell_type	replicate_retrieval_dataset	observed_minus_null	observed_minus_null	0.2803737526139164	0.26962846126012135	0.2896474579817798	0.010009498360829233	bca	ok	0.95	2000	2000	1184	1184	299	pubchem_cid			95% BCa bootstrap CI clustered by PubChem compound; uncertainty is over the observed compound panel, not broader chemical space.
dilimap_train_val	spearman	per_gene_population_zscore_dataset_cell_type	replicate_retrieval_dataset	centroid_normalized_rank	centroid_normalized_rank	0.6293165742320104	0.6097266127959794	0.6483148373805562	0.01929411229228839	bca	ok	0.95	2000	2000	1184	1176	299	pubchem_cid			95% BCa bootstrap CI clustered by PubChem compound; uncertainty is over the observed compound panel, not broader chemical space.
dilimap_train_val	spearman	per_gene_population_zscore_dataset_cell_type	replicate_retrieval_dataset	delta_vs_centroid	observed_minus_centroid	0.3683277805371239	0.34923248248953226	0.387325994783834	0.019046756147150873	bca	ok	0.95	2000	2000	1184	1176	299	pubchem_cid			95% BCa bootstrap CI clustered by PubChem compound; uncertainty is over the observed compound panel, not broader chemical space.
gdpx2	cosine	raw	replicate_retrieval_dataset	observed_normalized_rank	observed_normalized_rank	0.9940990463247821	0.9925230326074558	0.9950550660643954	0.001266016728469821	bca	ok	0.95	2000	2000	2064	2064	86	pubchem_cid			95% BCa bootstrap CI clustered by PubChem compound; uncertainty is over the observed compound panel, not broader chemical space.
gdpx2	cosine	raw	replicate_retrieval_dataset	recall_at_1	recall_at_1	0.3658097141472868	0.3169118936069711	0.42213103710809663	0.05260957175056277	bca	ok	0.95	2000	2000	2064	2064	86	pubchem_cid			95% BCa bootstrap CI clustered by PubChem compound; uncertainty is over the observed compound panel, not broader chemical space.
gdpx2	cosine	raw	replicate_retrieval_dataset	auroc	auroc	0.984008400579298	0.9777440931132632	0.9875254965890269	0.004890701737881864	bca	ok	0.95	2000	2000	2064	2064	86	pubchem_cid			95% BCa bootstrap CI clustered by PubChem compound; uncertainty is over the observed compound panel, not broader chemical space.
gdpx2	cosine	raw	replicate_retrieval_dataset	null_expected_normalized_rank	null_expected_normalized_rank	0.7527701011575758	0.7502242152466363	0.7578618729794551	0.003818828866409385	bca	ok	0.95	2000	2000	2064	2064	86	pubchem_cid			95% BCa bootstrap CI clustered by PubChem compound; uncertainty is over the observed compound panel, not broader chemical space.
gdpx2	cosine	raw	replicate_retrieval_dataset	observed_minus_null	observed_minus_null	0.24132894516720546	0.23163275548763843	0.24427089181581157	0.006319068164086575	bca	ok	0.95	2000	2000	2064	2064	86	pubchem_cid			95% BCa bootstrap CI clustered by PubChem compound; uncertainty is over the observed compound panel, not broader chemical space.
gdpx2	cosine	raw	replicate_retrieval_dataset	centroid_normalized_rank	centroid_normalized_rank	0.9538166651790833	0.9472160159431479	0.9591450672353526	0.005964525646102392	bca	ok	0.95	2000	2000	2064	2064	86	pubchem_cid			95% BCa bootstrap CI clustered by PubChem compound; uncertainty is over the observed compound panel, not broader chemical space.
gdpx2	cosine	raw	replicate_retrieval_dataset	delta_vs_centroid	observed_minus_centroid	0.0402823811456985	0.035288784957076755	0.04684996651589809	0.005780590779410667	bca	ok	0.95	2000	2000	2064	2064	86	pubchem_cid			95% BCa bootstrap CI clustered by PubChem compound; uncertainty is over the observed compound panel, not broader chemical space.
gdpx2	spearman	raw	replicate_retrieval_dataset	observed_normalized_rank	observed_normalized_rank	0.9938523240062398	0.9924117742343302	0.9948268354757844	0.001207530620727093	bca	ok	0.95	2000	2000	2064	2064	86	pubchem_cid			95% BCa bootstrap CI clustered by PubChem compound; uncertainty is over the observed compound panel, not broader chemical space.
gdpx2	spearman	raw	replicate_retrieval_dataset	recall_at_1	recall_at_1	0.3777404312015504	0.32585570846421885	0.43273074127906974	0.053437516407425445	bca	ok	0.95	2000	2000	2064	2064	86	pubchem_cid			95% BCa bootstrap CI clustered by PubChem compound; uncertainty is over the observed compound panel, not broader chemical space.
gdpx2	spearman	raw	replicate_retrieval_dataset	auroc	auroc	0.9816786715180671	0.9764543560576409	0.9847545932155559	0.004150118578957529	bca	ok	0.95	2000	2000	2064	2064	86	pubchem_cid			95% BCa bootstrap CI clustered by PubChem compound; uncertainty is over the observed compound panel, not broader chemical space.
gdpx2	spearman	raw	replicate_retrieval_dataset	null_expected_normalized_rank	null_expected_normalized_rank	0.7527701011575758	0.7502242152466363	0.7578618729794551	0.003818828866409385	bca	ok	0.95	2000	2000	2064	2064	86	pubchem_cid			95% BCa bootstrap CI clustered by PubChem compound; uncertainty is over the observed compound panel, not broader chemical space.
gdpx2	spearman	raw	replicate_retrieval_dataset	observed_minus_null	observed_minus_null	0.24108222284866343	0.22809854252110662	0.2439711510553213	0.007936304267107341	bca	ok	0.95	2000	2000	2064	2064	86	pubchem_cid			95% BCa bootstrap CI clustered by PubChem compound; uncertainty is over the observed compound panel, not broader chemical space.
gdpx2	spearman	raw	replicate_retrieval_dataset	centroid_normalized_rank	centroid_normalized_rank	0.9470562775040045	0.941250178512843	0.9524266176647982	0.005588219575977604	bca	ok	0.95	2000	2000	2064	2064	86	pubchem_cid			95% BCa bootstrap CI clustered by PubChem compound; uncertainty is over the observed compound panel, not broader chemical space.
gdpx2	spearman	raw	replicate_retrieval_dataset	delta_vs_centroid	observed_minus_centroid	0.046796046502235206	0.042037446215445855	0.051947151599162064	0.004954852691858105	bca	ok	0.95	2000	2000	2064	2064	86	pubchem_cid			95% BCa bootstrap CI clustered by PubChem compound; uncertainty is over the observed compound panel, not broader chemical space.
gdpx2	cosine	per_gene_population_zscore_dataset	replicate_retrieval_dataset	observed_normalized_rank	observed_normalized_rank	0.9939518371745404	0.9926797654173424	0.9948564653074705	0.001088349945064071	bca	ok	0.95	2000	2000	2064	2064	86	pubchem_cid			95% BCa bootstrap CI clustered by PubChem compound; uncertainty is over the observed compound panel, not broader chemical space.
gdpx2	cosine	per_gene_population_zscore_dataset	replicate_retrieval_dataset	recall_at_1	recall_at_1	0.3639777131782946	0.31516472868217055	0.4183587045091324	0.05159698791348091	bca	ok	0.95	2000	2000	2064	2064	86	pubchem_cid			95% BCa bootstrap CI clustered by PubChem compound; uncertainty is over the observed compound panel, not broader chemical space.
gdpx2	cosine	per_gene_population_zscore_dataset	replicate_retrieval_dataset	auroc	auroc	0.9812260145676381	0.9754617392971237	0.9845742073124419	0.0045562340076591434	bca	ok	0.95	2000	2000	2064	2064	86	pubchem_cid			95% BCa bootstrap CI clustered by PubChem compound; uncertainty is over the observed compound panel, not broader chemical space.
gdpx2	cosine	per_gene_population_zscore_dataset	replicate_retrieval_dataset	null_expected_normalized_rank	null_expected_normalized_rank	0.7527701011575758	0.7502242152466363	0.7578618729794551	0.003818828866409385	bca	ok	0.95	2000	2000	2064	2064	86	pubchem_cid			95% BCa bootstrap CI clustered by PubChem compound; uncertainty is over the observed compound panel, not broader chemical space.
gdpx2	cosine	per_gene_population_zscore_dataset	replicate_retrieval_dataset	observed_minus_null	observed_minus_null	0.24118173601696383	0.23036146407126087	0.24399917078373498	0.0068188533562370535	bca	ok	0.95	2000	2000	2064	2064	86	pubchem_cid			95% BCa bootstrap CI clustered by PubChem compound; uncertainty is over the observed compound panel, not broader chemical space.
gdpx2	cosine	per_gene_population_zscore_dataset	replicate_retrieval_dataset	centroid_normalized_rank	centroid_normalized_rank	0.9096790764235629	0.8910539665476976	0.9220805535738287	0.015513293513065518	bca	ok	0.95	2000	2000	2064	2064	86	pubchem_cid			95% BCa bootstrap CI clustered by PubChem compound; uncertainty is over the observed compound panel, not broader chemical space.
gdpx2	cosine	per_gene_population_zscore_dataset	replicate_retrieval_dataset	delta_vs_centroid	observed_minus_centroid	0.08427276075097723	0.07221108399971157	0.10233316408075833	0.015061040040523381	bca	ok	0.95	2000	2000	2064	2064	86	pubchem_cid			95% BCa bootstrap CI clustered by PubChem compound; uncertainty is over the observed compound panel, not broader chemical space.
gdpx2	spearman	per_gene_population_zscore_dataset	replicate_retrieval_dataset	observed_normalized_rank	observed_normalized_rank	0.9939492843362185	0.9928050125902965	0.9948430493273541	0.0010190183685288012	bca	ok	0.95	2000	2000	2064	2064	86	pubchem_cid			95% BCa bootstrap CI clustered by PubChem compound; uncertainty is over the observed compound panel, not broader chemical space.
gdpx2	spearman	per_gene_population_zscore_dataset	replicate_retrieval_dataset	recall_at_1	recall_at_1	0.38405402131782945	0.33368312414274964	0.4437647071573897	0.055040791507320025	bca	ok	0.95	2000	2000	2064	2064	86	pubchem_cid			95% BCa bootstrap CI clustered by PubChem compound; uncertainty is over the observed compound panel, not broader chemical space.
gdpx2	spearman	per_gene_population_zscore_dataset	replicate_retrieval_dataset	auroc	auroc	0.9800620578349298	0.9742572769046663	0.9833144535035077	0.004528588299420655	bca	ok	0.95	2000	2000	2064	2064	86	pubchem_cid			95% BCa bootstrap CI clustered by PubChem compound; uncertainty is over the observed compound panel, not broader chemical space.
gdpx2	spearman	per_gene_population_zscore_dataset	replicate_retrieval_dataset	null_expected_normalized_rank	null_expected_normalized_rank	0.7527701011575758	0.7502242152466363	0.7578618729794551	0.003818828866409385	bca	ok	0.95	2000	2000	2064	2064	86	pubchem_cid			95% BCa bootstrap CI clustered by PubChem compound; uncertainty is over the observed compound panel, not broader chemical space.
gdpx2	spearman	per_gene_population_zscore_dataset	replicate_retrieval_dataset	observed_minus_null	observed_minus_null	0.24117918317864218	0.23054037451518525	0.24403995655889177	0.00674979102185326	bca	ok	0.95	2000	2000	2064	2064	86	pubchem_cid			95% BCa bootstrap CI clustered by PubChem compound; uncertainty is over the observed compound panel, not broader chemical space.
gdpx2	spearman	per_gene_population_zscore_dataset	replicate_retrieval_dataset	centroid_normalized_rank	centroid_normalized_rank	0.9006036846679453	0.8821068018098598	0.9128818288026336	0.015387513496386895	bca	ok	0.95	2000	2000	2064	2064	86	pubchem_cid			95% BCa bootstrap CI clustered by PubChem compound; uncertainty is over the observed compound panel, not broader chemical space.
gdpx2	spearman	per_gene_population_zscore_dataset	replicate_retrieval_dataset	delta_vs_centroid	observed_minus_centroid	0.0933455996682732	0.08121661766481629	0.11183542344682214	0.015309402891002924	bca	ok	0.95	2000	2000	2064	2064	86	pubchem_cid			95% BCa bootstrap CI clustered by PubChem compound; uncertainty is over the observed compound panel, not broader chemical space.
gdpx2	cosine	per_gene_population_zscore_dataset_cell_type	replicate_retrieval_dataset	observed_normalized_rank	observed_normalized_rank	0.993812768591181	0.9924359350440763	0.9947584880490487	0.0011612765024861527	bca	ok	0.95	2000	2000	2064	2064	86	pubchem_cid			95% BCa bootstrap CI clustered by PubChem compound; uncertainty is over the observed compound panel, not broader chemical space.
gdpx2	cosine	per_gene_population_zscore_dataset_cell_type	replicate_retrieval_dataset	recall_at_1	recall_at_1	0.3712905765503876	0.3211093275521391	0.42758262167549055	0.05323664706167572	bca	ok	0.95	2000	2000	2064	2064	86	pubchem_cid			95% BCa bootstrap CI clustered by PubChem compound; uncertainty is over the observed compound panel, not broader chemical space.
gdpx2	cosine	per_gene_population_zscore_dataset_cell_type	replicate_retrieval_dataset	auroc	auroc	0.9807876635622248	0.9752128530971067	0.9841696456656286	0.004478396284260944	bca	ok	0.95	2000	2000	2064	2064	86	pubchem_cid			95% BCa bootstrap CI clustered by PubChem compound; uncertainty is over the observed compound panel, not broader chemical space.
gdpx2	cosine	per_gene_population_zscore_dataset_cell_type	replicate_retrieval_dataset	null_expected_normalized_rank	null_expected_normalized_rank	0.7527701011575758	0.7502242152466363	0.7578618729794551	0.003818828866409385	bca	ok	0.95	2000	2000	2064	2064	86	pubchem_cid			95% BCa bootstrap CI clustered by PubChem compound; uncertainty is over the observed compound panel, not broader chemical space.
gdpx2	cosine	per_gene_population_zscore_dataset_cell_type	replicate_retrieval_dataset	observed_minus_null	observed_minus_null	0.24104266743360447	0.2298502539797281	0.24385808650645283	0.007003916263362359	bca	ok	0.95	2000	2000	2064	2064	86	pubchem_cid			95% BCa bootstrap CI clustered by PubChem compound; uncertainty is over the observed compound panel, not broader chemical space.
gdpx2	cosine	per_gene_population_zscore_dataset_cell_type	replicate_retrieval_dataset	centroid_normalized_rank	centroid_normalized_rank	0.8201965065028023	0.7958610609391621	0.8418233257345012	0.02298113239766958	bca	ok	0.95	2000	2000	2064	2064	86	pubchem_cid			95% BCa bootstrap CI clustered by PubChem compound; uncertainty is over the observed compound panel, not broader chemical space.
gdpx2	cosine	per_gene_population_zscore_dataset_cell_type	replicate_retrieval_dataset	delta_vs_centroid	observed_minus_centroid	0.17361626208837852	0.1534273164233601	0.19849713163400054	0.022534907605320217	bca	ok	0.95	2000	2000	2064	2064	86	pubchem_cid			95% BCa bootstrap CI clustered by PubChem compound; uncertainty is over the observed compound panel, not broader chemical space.
gdpx2	spearman	per_gene_population_zscore_dataset_cell_type	replicate_retrieval_dataset	observed_normalized_rank	observed_normalized_rank	0.9939774673997114	0.9928397027378069	0.9948679532170308	0.0010141252396119738	bca	ok	0.95	2000	2000	2064	2064	86	pubchem_cid			95% BCa bootstrap CI clustered by PubChem compound; uncertainty is over the observed compound panel, not broader chemical space.
gdpx2	spearman	per_gene_population_zscore_dataset_cell_type	replicate_retrieval_dataset	recall_at_1	recall_at_1	0.3885961724806202	0.33526422664914135	0.44903706395348836	0.056886418652173504	bca	ok	0.95	2000	2000	2064	2064	86	pubchem_cid			95% BCa bootstrap CI clustered by PubChem compound; uncertainty is over the observed compound panel, not broader chemical space.
gdpx2	spearman	per_gene_population_zscore_dataset_cell_type	replicate_retrieval_dataset	auroc	auroc	0.9802461101713636	0.9753099242966519	0.9832711622418507	0.003980618972599437	bca	ok	0.95	2000	2000	2064	2064	86	pubchem_cid			95% BCa bootstrap CI clustered by PubChem compound; uncertainty is over the observed compound panel, not broader chemical space.
gdpx2	spearman	per_gene_population_zscore_dataset_cell_type	replicate_retrieval_dataset	null_expected_normalized_rank	null_expected_normalized_rank	0.7527701011575758	0.7502242152466363	0.7578618729794551	0.003818828866409385	bca	ok	0.95	2000	2000	2064	2064	86	pubchem_cid			95% BCa bootstrap CI clustered by PubChem compound; uncertainty is over the observed compound panel, not broader chemical space.
gdpx2	spearman	per_gene_population_zscore_dataset_cell_type	replicate_retrieval_dataset	observed_minus_null	observed_minus_null	0.24120736624213512	0.22995264080726888	0.24399746112251805	0.007022410157624587	bca	ok	0.95	2000	2000	2064	2064	86	pubchem_cid			95% BCa bootstrap CI clustered by PubChem compound; uncertainty is over the observed compound panel, not broader chemical space.
gdpx2	spearman	per_gene_population_zscore_dataset_cell_type	replicate_retrieval_dataset	centroid_normalized_rank	centroid_normalized_rank	0.8032523010308409	0.7773163077131184	0.8242584988232078	0.023471095555044674	bca	ok	0.95	2000	2000	2064	2064	86	pubchem_cid			95% BCa bootstrap CI clustered by PubChem compound; uncertainty is over the observed compound panel, not broader chemical space.
gdpx2	spearman	per_gene_population_zscore_dataset_cell_type	replicate_retrieval_dataset	delta_vs_centroid	observed_minus_centroid	0.1907251663688705	0.17038214595511214	0.216383063707118	0.023000458876002924	bca	ok	0.95	2000	2000	2064	2064	86	pubchem_cid			95% BCa bootstrap CI clustered by PubChem compound; uncertainty is over the observed compound panel, not broader chemical space.
novartis_batch_2500	cosine	raw	replicate_retrieval_dataset	observed_normalized_rank	observed_normalized_rank	0.8651841464764887	0.8622865191557503	0.8679411818829356	0.0028273313635926445	bca	ok	0.95	2000	2000	15276	15276	3819	pubchem_cid			95% BCa bootstrap CI clustered by PubChem compound; uncertainty is over the observed compound panel, not broader chemical space.
novartis_batch_2500	cosine	raw	replicate_retrieval_dataset	recall_at_1	recall_at_1	0.05450816094963777	0.04769731703139398	0.06217686046908244	0.00723977171884423	bca	ok	0.95	2000	2000	15276	15276	3819	pubchem_cid			95% BCa bootstrap CI clustered by PubChem compound; uncertainty is over the observed compound panel, not broader chemical space.
novartis_batch_2500	cosine	raw	replicate_retrieval_dataset	auroc	auroc	0.7537552386125426	0.7498108013058056	0.7582369389229919	0.004213068808593179	bca	ok	0.95	2000	2000	15276	15276	3819	pubchem_cid			95% BCa bootstrap CI clustered by PubChem compound; uncertainty is over the observed compound panel, not broader chemical space.
novartis_batch_2500	cosine	raw	replicate_retrieval_dataset	null_expected_normalized_rank	null_expected_normalized_rank	0.6766241827115096	0.6754319478429338	0.6779056607312235	0.0012368564441448404	bca	ok	0.95	2000	2000	15276	15276	3819	pubchem_cid			95% BCa bootstrap CI clustered by PubChem compound; uncertainty is over the observed compound panel, not broader chemical space.
novartis_batch_2500	cosine	raw	replicate_retrieval_dataset	observed_minus_null	observed_minus_null	0.18855996376497922	0.18593429072779233	0.19125632529588943	0.00266101728404855	bca	ok	0.95	2000	2000	15276	15276	3819	pubchem_cid			95% BCa bootstrap CI clustered by PubChem compound; uncertainty is over the observed compound panel, not broader chemical space.
novartis_batch_2500	cosine	raw	replicate_retrieval_dataset	centroid_normalized_rank	centroid_normalized_rank	0.964739638786626	0.9621989260552432	0.9670641457444509	0.0024326098446038613	bca	ok	0.95	2000	2000	15276	15276	3819	pubchem_cid			95% BCa bootstrap CI clustered by PubChem compound; uncertainty is over the observed compound panel, not broader chemical space.
novartis_batch_2500	cosine	raw	replicate_retrieval_dataset	delta_vs_centroid	observed_minus_centroid	-0.09955549231013731	-0.10328120947645046	-0.09551040665748185	0.0038854014094843042	bca	ok	0.95	2000	2000	15276	15276	3819	pubchem_cid			95% BCa bootstrap CI clustered by PubChem compound; uncertainty is over the observed compound panel, not broader chemical space.
novartis_batch_2500	spearman	raw	replicate_retrieval_dataset	observed_normalized_rank	observed_normalized_rank	0.8726368335633707	0.8701288910240783	0.8753738054804611	0.002622457228191377	bca	ok	0.95	2000	2000	15276	15276	3819	pubchem_cid			95% BCa bootstrap CI clustered by PubChem compound; uncertainty is over the observed compound panel, not broader chemical space.
novartis_batch_2500	spearman	raw	replicate_retrieval_dataset	recall_at_1	recall_at_1	0.05437723662389806	0.047918303220738416	0.0612939365844739	0.006687816681867742	bca	ok	0.95	2000	2000	15276	15276	3819	pubchem_cid			95% BCa bootstrap CI clustered by PubChem compound; uncertainty is over the observed compound panel, not broader chemical space.
novartis_batch_2500	spearman	raw	replicate_retrieval_dataset	auroc	auroc	0.7668462282267344	0.7626661971632079	0.7707462873352946	0.004040045086043331	bca	ok	0.95	2000	2000	15276	15276	3819	pubchem_cid			95% BCa bootstrap CI clustered by PubChem compound; uncertainty is over the observed compound panel, not broader chemical space.
novartis_batch_2500	spearman	raw	replicate_retrieval_dataset	null_expected_normalized_rank	null_expected_normalized_rank	0.6766241827115096	0.6753803504388932	0.6779209032354231	0.0012702763982649357	bca	ok	0.95	2000	2000	15276	15276	3819	pubchem_cid			95% BCa bootstrap CI clustered by PubChem compound; uncertainty is over the observed compound panel, not broader chemical space.
novartis_batch_2500	spearman	raw	replicate_retrieval_dataset	observed_minus_null	observed_minus_null	0.19601265085186137	0.1935240244086275	0.19851411881617748	0.0024950472037749832	bca	ok	0.95	2000	2000	15276	15276	3819	pubchem_cid			95% BCa bootstrap CI clustered by PubChem compound; uncertainty is over the observed compound panel, not broader chemical space.
novartis_batch_2500	spearman	raw	replicate_retrieval_dataset	centroid_normalized_rank	centroid_normalized_rank	0.9469109562616108	0.9436667019445252	0.9498526627050508	0.0030929803802627887	bca	ok	0.95	2000	2000	15276	15276	3819	pubchem_cid			95% BCa bootstrap CI clustered by PubChem compound; uncertainty is over the observed compound panel, not broader chemical space.
novartis_batch_2500	spearman	raw	replicate_retrieval_dataset	delta_vs_centroid	observed_minus_centroid	-0.07427412269824005	-0.07827711517357132	-0.07003721073845971	0.004119952217555803	bca	ok	0.95	2000	2000	15276	15276	3819	pubchem_cid			95% BCa bootstrap CI clustered by PubChem compound; uncertainty is over the observed compound panel, not broader chemical space.
novartis_batch_2500	cosine	per_gene_population_zscore_dataset	replicate_retrieval_dataset	observed_normalized_rank	observed_normalized_rank	0.8899616420133911	0.8875767131111748	0.8923437127547934	0.0023834998218092984	bca	ok	0.95	2000	2000	15276	15276	3819	pubchem_cid			95% BCa bootstrap CI clustered by PubChem compound; uncertainty is over the observed compound panel, not broader chemical space.
novartis_batch_2500	cosine	per_gene_population_zscore_dataset	replicate_retrieval_dataset	recall_at_1	recall_at_1	0.05834860783800296	0.051878764074365015	0.06532761303483851	0.006724424480236749	bca	ok	0.95	2000	2000	15276	15276	3819	pubchem_cid			95% BCa bootstrap CI clustered by PubChem compound; uncertainty is over the observed compound panel, not broader chemical space.
novartis_batch_2500	cosine	per_gene_population_zscore_dataset	replicate_retrieval_dataset	auroc	auroc	0.7922370051445123	0.7884873102085914	0.7961293079880791	0.003820998889743854	bca	ok	0.95	2000	2000	15276	15276	3819	pubchem_cid			95% BCa bootstrap CI clustered by PubChem compound; uncertainty is over the observed compound panel, not broader chemical space.
novartis_batch_2500	cosine	per_gene_population_zscore_dataset	replicate_retrieval_dataset	null_expected_normalized_rank	null_expected_normalized_rank	0.6766241827115096	0.6753830413921861	0.6778898366029436	0.0012533976053787366	bca	ok	0.95	2000	2000	15276	15276	3819	pubchem_cid			95% BCa bootstrap CI clustered by PubChem compound; uncertainty is over the observed compound panel, not broader chemical space.
novartis_batch_2500	cosine	per_gene_population_zscore_dataset	replicate_retrieval_dataset	observed_minus_null	observed_minus_null	0.21333745930188175	0.21093232909493412	0.21567380152647977	0.0023707362157728284	bca	ok	0.95	2000	2000	15276	15276	3819	pubchem_cid			95% BCa bootstrap CI clustered by PubChem compound; uncertainty is over the observed compound panel, not broader chemical space.
novartis_batch_2500	cosine	per_gene_population_zscore_dataset	replicate_retrieval_dataset	centroid_normalized_rank	centroid_normalized_rank	0.8995246018552746	0.8969604310207852	0.9021041439391865	0.002571856459200661	bca	ok	0.95	2000	2000	15276	15276	3819	pubchem_cid			95% BCa bootstrap CI clustered by PubChem compound; uncertainty is over the observed compound panel, not broader chemical space.
novartis_batch_2500	cosine	per_gene_population_zscore_dataset	replicate_retrieval_dataset	delta_vs_centroid	observed_minus_centroid	-0.00956295984188345	-0.013182711327656183	-0.005687313683848699	0.003747698821903742	bca	ok	0.95	2000	2000	15276	15276	3819	pubchem_cid			95% BCa bootstrap CI clustered by PubChem compound; uncertainty is over the observed compound panel, not broader chemical space.
novartis_batch_2500	spearman	per_gene_population_zscore_dataset	replicate_retrieval_dataset	observed_normalized_rank	observed_normalized_rank	0.8923933736212277	0.890084499626879	0.8948370413195054	0.0023762708463132	bca	ok	0.95	2000	2000	15276	15276	3819	pubchem_cid			95% BCa bootstrap CI clustered by PubChem compound; uncertainty is over the observed compound panel, not broader chemical space.
novartis_batch_2500	spearman	per_gene_population_zscore_dataset	replicate_retrieval_dataset	recall_at_1	recall_at_1	0.056472025835733616	0.050190660113782364	0.06390099889476347	0.006855169390490554	bca	ok	0.95	2000	2000	15276	15276	3819	pubchem_cid			95% BCa bootstrap CI clustered by PubChem compound; uncertainty is over the observed compound panel, not broader chemical space.
novartis_batch_2500	spearman	per_gene_population_zscore_dataset	replicate_retrieval_dataset	auroc	auroc	0.7957651742232947	0.7918365092739987	0.799676121328312	0.003919806027156636	bca	ok	0.95	2000	2000	15276	15276	3819	pubchem_cid			95% BCa bootstrap CI clustered by PubChem compound; uncertainty is over the observed compound panel, not broader chemical space.
novartis_batch_2500	spearman	per_gene_population_zscore_dataset	replicate_retrieval_dataset	null_expected_normalized_rank	null_expected_normalized_rank	0.6766241827115096	0.6754362557484407	0.6779423294284469	0.0012530368400031078	bca	ok	0.95	2000	2000	15276	15276	3819	pubchem_cid			95% BCa bootstrap CI clustered by PubChem compound; uncertainty is over the observed compound panel, not broader chemical space.
novartis_batch_2500	spearman	per_gene_population_zscore_dataset	replicate_retrieval_dataset	observed_minus_null	observed_minus_null	0.21576919090971833	0.21349456997149985	0.21810491566286724	0.002305172845683698	bca	ok	0.95	2000	2000	15276	15276	3819	pubchem_cid			95% BCa bootstrap CI clustered by PubChem compound; uncertainty is over the observed compound panel, not broader chemical space.
novartis_batch_2500	spearman	per_gene_population_zscore_dataset	replicate_retrieval_dataset	centroid_normalized_rank	centroid_normalized_rank	0.882015440685484	0.8795124299547553	0.8845606600141961	0.0025241150297203863	bca	ok	0.95	2000	2000	15276	15276	3819	pubchem_cid			95% BCa bootstrap CI clustered by PubChem compound; uncertainty is over the observed compound panel, not broader chemical space.
novartis_batch_2500	spearman	per_gene_population_zscore_dataset	replicate_retrieval_dataset	delta_vs_centroid	observed_minus_centroid	0.010377932935743753	0.006547946315537394	0.014287792454532267	0.0038699230694974364	bca	ok	0.95	2000	2000	15276	15276	3819	pubchem_cid			95% BCa bootstrap CI clustered by PubChem compound; uncertainty is over the observed compound panel, not broader chemical space.
novartis_batch_2500	cosine	per_gene_population_zscore_dataset_cell_type	replicate_retrieval_dataset	observed_normalized_rank	observed_normalized_rank	0.8899616420133911	0.8873680135637282	0.8923300137879792	0.0024810001121254865	bca	ok	0.95	2000	2000	15276	15276	3819	pubchem_cid			95% BCa bootstrap CI clustered by PubChem compound; uncertainty is over the observed compound panel, not broader chemical space.
novartis_batch_2500	cosine	per_gene_population_zscore_dataset_cell_type	replicate_retrieval_dataset	recall_at_1	recall_at_1	0.05834860783800296	0.05183391873716183	0.06564222346962925	0.00690415236623371	bca	ok	0.95	2000	2000	15276	15276	3819	pubchem_cid			95% BCa bootstrap CI clustered by PubChem compound; uncertainty is over the observed compound panel, not broader chemical space.
novartis_batch_2500	cosine	per_gene_population_zscore_dataset_cell_type	replicate_retrieval_dataset	auroc	auroc	0.7922370051445123	0.7884837542176631	0.7960740975845928	0.0037951716834648264	bca	ok	0.95	2000	2000	15276	15276	3819	pubchem_cid			95% BCa bootstrap CI clustered by PubChem compound; uncertainty is over the observed compound panel, not broader chemical space.
novartis_batch_2500	cosine	per_gene_population_zscore_dataset_cell_type	replicate_retrieval_dataset	null_expected_normalized_rank	null_expected_normalized_rank	0.6766241827115096	0.6754177893096119	0.6779714148535119	0.0012768127719499645	bca	ok	0.95	2000	2000	15276	15276	3819	pubchem_cid			95% BCa bootstrap CI clustered by PubChem compound; uncertainty is over the observed compound panel, not broader chemical space.
novartis_batch_2500	cosine	per_gene_population_zscore_dataset_cell_type	replicate_retrieval_dataset	observed_minus_null	observed_minus_null	0.21333745930188175	0.21093825396997506	0.21566712175573113	0.0023644338928780345	bca	ok	0.95	2000	2000	15276	15276	3819	pubchem_cid			95% BCa bootstrap CI clustered by PubChem compound; uncertainty is over the observed compound panel, not broader chemical space.
novartis_batch_2500	cosine	per_gene_population_zscore_dataset_cell_type	replicate_retrieval_dataset	centroid_normalized_rank	centroid_normalized_rank	0.8995246018552746	0.8969906221339087	0.9020277289392906	0.0025185534026909706	bca	ok	0.95	2000	2000	15276	15276	3819	pubchem_cid			95% BCa bootstrap CI clustered by PubChem compound; uncertainty is over the observed compound panel, not broader chemical space.
novartis_batch_2500	cosine	per_gene_population_zscore_dataset_cell_type	replicate_retrieval_dataset	delta_vs_centroid	observed_minus_centroid	-0.00956295984188345	-0.013494220054849083	-0.005668344330167639	0.003912937862340721	bca	ok	0.95	2000	2000	15276	15276	3819	pubchem_cid			95% BCa bootstrap CI clustered by PubChem compound; uncertainty is over the observed compound panel, not broader chemical space.
novartis_batch_2500	spearman	per_gene_population_zscore_dataset_cell_type	replicate_retrieval_dataset	observed_normalized_rank	observed_normalized_rank	0.8923933736212277	0.8899236213441656	0.8947373519232109	0.002406865289522664	bca	ok	0.95	2000	2000	15276	15276	3819	pubchem_cid			95% BCa bootstrap CI clustered by PubChem compound; uncertainty is over the observed compound panel, not broader chemical space.
novartis_batch_2500	spearman	per_gene_population_zscore_dataset_cell_type	replicate_retrieval_dataset	recall_at_1	recall_at_1	0.056472025835733616	0.04976215414157284	0.06360650446080165	0.006922175159614408	bca	ok	0.95	2000	2000	15276	15276	3819	pubchem_cid			95% BCa bootstrap CI clustered by PubChem compound; uncertainty is over the observed compound panel, not broader chemical space.
novartis_batch_2500	spearman	per_gene_population_zscore_dataset_cell_type	replicate_retrieval_dataset	auroc	auroc	0.7957651742232947	0.7917650865330857	0.7995329564231985	0.0038839349450564	bca	ok	0.95	2000	2000	15276	15276	3819	pubchem_cid			95% BCa bootstrap CI clustered by PubChem compound; uncertainty is over the observed compound panel, not broader chemical space.
novartis_batch_2500	spearman	per_gene_population_zscore_dataset_cell_type	replicate_retrieval_dataset	null_expected_normalized_rank	null_expected_normalized_rank	0.6766241827115096	0.6754755499477709	0.6779553014593972	0.0012398757558131357	bca	ok	0.95	2000	2000	15276	15276	3819	pubchem_cid			95% BCa bootstrap CI clustered by PubChem compound; uncertainty is over the observed compound panel, not broader chemical space.
novartis_batch_2500	spearman	per_gene_population_zscore_dataset_cell_type	replicate_retrieval_dataset	observed_minus_null	observed_minus_null	0.21576919090971833	0.21334286825373996	0.21800050812680521	0.002328819936532625	bca	ok	0.95	2000	2000	15276	15276	3819	pubchem_cid			95% BCa bootstrap CI clustered by PubChem compound; uncertainty is over the observed compound panel, not broader chemical space.
novartis_batch_2500	spearman	per_gene_population_zscore_dataset_cell_type	replicate_retrieval_dataset	centroid_normalized_rank	centroid_normalized_rank	0.882015440685484	0.8794911415943062	0.884482164395313	0.002495511400503414	bca	ok	0.95	2000	2000	15276	15276	3819	pubchem_cid			95% BCa bootstrap CI clustered by PubChem compound; uncertainty is over the observed compound panel, not broader chemical space.
novartis_batch_2500	spearman	per_gene_population_zscore_dataset_cell_type	replicate_retrieval_dataset	delta_vs_centroid	observed_minus_centroid	0.010377932935743753	0.0065639176082951224	0.013871929986733336	0.0036540061892191065	bca	ok	0.95	2000	2000	15276	15276	3819	pubchem_cid			95% BCa bootstrap CI clustered by PubChem compound; uncertainty is over the observed compound panel, not broader chemical space.
op3	cosine	raw	replicate_retrieval_dataset	observed_normalized_rank	observed_normalized_rank	0.7693405440160063	0.7416608808073619	0.7980844205314666	0.028211769862052316	bca	ok	0.95	2000	2000	541	541	138	pubchem_cid			95% BCa bootstrap CI clustered by PubChem compound; uncertainty is over the observed compound panel, not broader chemical space.
op3	cosine	raw	replicate_retrieval_dataset	recall_at_1	recall_at_1	0.11182994454713494	0.0794857282453635	0.15957012271652815	0.040042197235582326	bca	ok	0.95	2000	2000	541	541	138	pubchem_cid			95% BCa bootstrap CI clustered by PubChem compound; uncertainty is over the observed compound panel, not broader chemical space.
op3	cosine	raw	replicate_retrieval_dataset	auroc	auroc	0.6652781646783383	0.6251099226337056	0.7032840866311564	0.039087081998725404	bca	ok	0.95	2000	2000	541	541	138	pubchem_cid			95% BCa bootstrap CI clustered by PubChem compound; uncertainty is over the observed compound panel, not broader chemical space.
op3	cosine	raw	replicate_retrieval_dataset	null_expected_normalized_rank	null_expected_normalized_rank	0.6625466736320047	0.6561080723053127	0.6656316847349432	0.004761806214815256	bca	ok	0.95	2000	2000	541	541	138	pubchem_cid			95% BCa bootstrap CI clustered by PubChem compound; uncertainty is over the observed compound panel, not broader chemical space.
op3	cosine	raw	replicate_retrieval_dataset	observed_minus_null	observed_minus_null	0.10679387038400143	0.07747852407773645	0.13541191819127782	0.028966697056770685	bca	ok	0.95	2000	2000	541	541	138	pubchem_cid			95% BCa bootstrap CI clustered by PubChem compound; uncertainty is over the observed compound panel, not broader chemical space.
op3	cosine	raw	replicate_retrieval_dataset	centroid_normalized_rank	centroid_normalized_rank	0.8634281981508993	0.835692375719495	0.8874255371658798	0.025866580723192423	bca	ok	0.95	2000	2000	541	541	138	pubchem_cid			95% BCa bootstrap CI clustered by PubChem compound; uncertainty is over the observed compound panel, not broader chemical space.
op3	cosine	raw	replicate_retrieval_dataset	delta_vs_centroid	observed_minus_centroid	-0.09408765413489324	-0.12379250233626789	-0.05893238481981801	0.03243005875822494	bca	ok	0.95	2000	2000	541	541	138	pubchem_cid			95% BCa bootstrap CI clustered by PubChem compound; uncertainty is over the observed compound panel, not broader chemical space.
op3	spearman	raw	replicate_retrieval_dataset	observed_normalized_rank	observed_normalized_rank	0.7761438700088827	0.7464186704133466	0.8021811865505263	0.02788125806858982	bca	ok	0.95	2000	2000	541	541	138	pubchem_cid			95% BCa bootstrap CI clustered by PubChem compound; uncertainty is over the observed compound panel, not broader chemical space.
op3	spearman	raw	replicate_retrieval_dataset	recall_at_1	recall_at_1	0.11460258780036968	0.08032076214037717	0.15616298098400444	0.037921109421813634	bca	ok	0.95	2000	2000	541	541	138	pubchem_cid			95% BCa bootstrap CI clustered by PubChem compound; uncertainty is over the observed compound panel, not broader chemical space.
op3	spearman	raw	replicate_retrieval_dataset	auroc	auroc	0.67570594113901	0.6381575273921921	0.7112831347530058	0.03656280368040682	bca	ok	0.95	2000	2000	541	541	138	pubchem_cid			95% BCa bootstrap CI clustered by PubChem compound; uncertainty is over the observed compound panel, not broader chemical space.
op3	spearman	raw	replicate_retrieval_dataset	null_expected_normalized_rank	null_expected_normalized_rank	0.6625466736320047	0.6563434495582492	0.6656429877820658	0.004649769111908286	bca	ok	0.95	2000	2000	541	541	138	pubchem_cid			95% BCa bootstrap CI clustered by PubChem compound; uncertainty is over the observed compound panel, not broader chemical space.
op3	spearman	raw	replicate_retrieval_dataset	observed_minus_null	observed_minus_null	0.11359719637687796	0.08454866142560492	0.14245692058533788	0.028954129579866476	bca	ok	0.95	2000	2000	541	541	138	pubchem_cid			95% BCa bootstrap CI clustered by PubChem compound; uncertainty is over the observed compound panel, not broader chemical space.
op3	spearman	raw	replicate_retrieval_dataset	centroid_normalized_rank	centroid_normalized_rank	0.8764101210998501	0.8496981784759977	0.8963797710541567	0.02334079628907948	bca	ok	0.95	2000	2000	541	541	138	pubchem_cid			95% BCa bootstrap CI clustered by PubChem compound; uncertainty is over the observed compound panel, not broader chemical space.
op3	spearman	raw	replicate_retrieval_dataset	delta_vs_centroid	observed_minus_centroid	-0.10026625109096725	-0.128502453531163	-0.06859627535753875	0.029953089086812122	bca	ok	0.95	2000	2000	541	541	138	pubchem_cid			95% BCa bootstrap CI clustered by PubChem compound; uncertainty is over the observed compound panel, not broader chemical space.
op3	cosine	per_gene_population_zscore_dataset	replicate_retrieval_dataset	observed_normalized_rank	observed_normalized_rank	0.7982051271007625	0.7745729409348789	0.8234491648171066	0.024438111941113838	bca	ok	0.95	2000	2000	541	541	138	pubchem_cid			95% BCa bootstrap CI clustered by PubChem compound; uncertainty is over the observed compound panel, not broader chemical space.
op3	cosine	per_gene_population_zscore_dataset	replicate_retrieval_dataset	recall_at_1	recall_at_1	0.11213801601971658	0.08093221117504587	0.1592992979135466	0.03918354336925037	bca	ok	0.95	2000	2000	541	541	138	pubchem_cid			95% BCa bootstrap CI clustered by PubChem compound; uncertainty is over the observed compound panel, not broader chemical space.
op3	cosine	per_gene_population_zscore_dataset	replicate_retrieval_dataset	auroc	auroc	0.7103042227036044	0.6776645113542198	0.7441669410742441	0.033251214860012146	bca	ok	0.95	2000	2000	541	541	138	pubchem_cid			95% BCa bootstrap CI clustered by PubChem compound; uncertainty is over the observed compound panel, not broader chemical space.
op3	cosine	per_gene_population_zscore_dataset	replicate_retrieval_dataset	null_expected_normalized_rank	null_expected_normalized_rank	0.6625466736320047	0.6563049349919646	0.6653532699928729	0.004524167500454146	bca	ok	0.95	2000	2000	541	541	138	pubchem_cid			95% BCa bootstrap CI clustered by PubChem compound; uncertainty is over the observed compound panel, not broader chemical space.
op3	cosine	per_gene_population_zscore_dataset	replicate_retrieval_dataset	observed_minus_null	observed_minus_null	0.13565845346875774	0.10955850946725203	0.16032733755427162	0.025384414043509794	bca	ok	0.95	2000	2000	541	541	138	pubchem_cid			95% BCa bootstrap CI clustered by PubChem compound; uncertainty is over the observed compound panel, not broader chemical space.
op3	cosine	per_gene_population_zscore_dataset	replicate_retrieval_dataset	centroid_normalized_rank	centroid_normalized_rank	0.8574791188122524	0.8432114356630842	0.8703641635341884	0.013576363935552116	bca	ok	0.95	2000	2000	541	541	138	pubchem_cid			95% BCa bootstrap CI clustered by PubChem compound; uncertainty is over the observed compound panel, not broader chemical space.
op3	cosine	per_gene_population_zscore_dataset	replicate_retrieval_dataset	delta_vs_centroid	observed_minus_centroid	-0.0592739917114898	-0.08455922800949306	-0.032455124675516894	0.026052051666988083	bca	ok	0.95	2000	2000	541	541	138	pubchem_cid			95% BCa bootstrap CI clustered by PubChem compound; uncertainty is over the observed compound panel, not broader chemical space.
op3	spearman	per_gene_population_zscore_dataset	replicate_retrieval_dataset	observed_normalized_rank	observed_normalized_rank	0.8056092794316283	0.7803221662071296	0.827260105132758	0.023468969462814238	bca	ok	0.95	2000	2000	541	541	138	pubchem_cid			95% BCa bootstrap CI clustered by PubChem compound; uncertainty is over the observed compound panel, not broader chemical space.
op3	spearman	per_gene_population_zscore_dataset	replicate_retrieval_dataset	recall_at_1	recall_at_1	0.11367837338262475	0.07810521936255577	0.1553817362955767	0.038638258466510464	bca	ok	0.95	2000	2000	541	541	138	pubchem_cid			95% BCa bootstrap CI clustered by PubChem compound; uncertainty is over the observed compound panel, not broader chemical space.
op3	spearman	per_gene_population_zscore_dataset	replicate_retrieval_dataset	auroc	auroc	0.7175275156786863	0.6846962158761886	0.7490404383615619	0.03217211124268665	bca	ok	0.95	2000	2000	541	541	138	pubchem_cid			95% BCa bootstrap CI clustered by PubChem compound; uncertainty is over the observed compound panel, not broader chemical space.
op3	spearman	per_gene_population_zscore_dataset	replicate_retrieval_dataset	null_expected_normalized_rank	null_expected_normalized_rank	0.6625466736320047	0.6562559718790872	0.6656531200333339	0.004698574077123319	bca	ok	0.95	2000	2000	541	541	138	pubchem_cid			95% BCa bootstrap CI clustered by PubChem compound; uncertainty is over the observed compound panel, not broader chemical space.
op3	spearman	per_gene_population_zscore_dataset	replicate_retrieval_dataset	observed_minus_null	observed_minus_null	0.14306260579962346	0.11853464783389896	0.16704611899287744	0.024255735579489242	bca	ok	0.95	2000	2000	541	541	138	pubchem_cid			95% BCa bootstrap CI clustered by PubChem compound; uncertainty is over the observed compound panel, not broader chemical space.
op3	spearman	per_gene_population_zscore_dataset	replicate_retrieval_dataset	centroid_normalized_rank	centroid_normalized_rank	0.8564418447252445	0.8425416453298318	0.8674527810289973	0.012455567849582738	bca	ok	0.95	2000	2000	541	541	138	pubchem_cid			95% BCa bootstrap CI clustered by PubChem compound; uncertainty is over the observed compound panel, not broader chemical space.
op3	spearman	per_gene_population_zscore_dataset	replicate_retrieval_dataset	delta_vs_centroid	observed_minus_centroid	-0.050832565293616315	-0.0764824994509353	-0.024984836539251567	0.025748831455841864	bca	ok	0.95	2000	2000	541	541	138	pubchem_cid			95% BCa bootstrap CI clustered by PubChem compound; uncertainty is over the observed compound panel, not broader chemical space.
op3	cosine	per_gene_population_zscore_dataset_cell_type	replicate_retrieval_dataset	observed_normalized_rank	observed_normalized_rank	0.7996642369000153	0.7739690242693704	0.8222523592030015	0.024141667466815564	bca	ok	0.95	2000	2000	541	541	138	pubchem_cid			95% BCa bootstrap CI clustered by PubChem compound; uncertainty is over the observed compound panel, not broader chemical space.
op3	cosine	per_gene_population_zscore_dataset_cell_type	replicate_retrieval_dataset	recall_at_1	recall_at_1	0.11367837338262475	0.08026718302924742	0.15983992416153256	0.03978637056614257	bca	ok	0.95	2000	2000	541	541	138	pubchem_cid			95% BCa bootstrap CI clustered by PubChem compound; uncertainty is over the observed compound panel, not broader chemical space.
op3	cosine	per_gene_population_zscore_dataset_cell_type	replicate_retrieval_dataset	auroc	auroc	0.7125783332623813	0.6809452257653101	0.7449707507745225	0.03201276250460616	bca	ok	0.95	2000	2000	541	541	138	pubchem_cid			95% BCa bootstrap CI clustered by PubChem compound; uncertainty is over the observed compound panel, not broader chemical space.
op3	cosine	per_gene_population_zscore_dataset_cell_type	replicate_retrieval_dataset	null_expected_normalized_rank	null_expected_normalized_rank	0.6625466736320047	0.6557143942198715	0.6653570821817644	0.004821343980946413	bca	ok	0.95	2000	2000	541	541	138	pubchem_cid			95% BCa bootstrap CI clustered by PubChem compound; uncertainty is over the observed compound panel, not broader chemical space.
op3	cosine	per_gene_population_zscore_dataset_cell_type	replicate_retrieval_dataset	observed_minus_null	observed_minus_null	0.13711756326801053	0.11230331243190382	0.1634798751101774	0.025588281339136786	bca	ok	0.95	2000	2000	541	541	138	pubchem_cid			95% BCa bootstrap CI clustered by PubChem compound; uncertainty is over the observed compound panel, not broader chemical space.
op3	cosine	per_gene_population_zscore_dataset_cell_type	replicate_retrieval_dataset	centroid_normalized_rank	centroid_normalized_rank	0.27311159800000817	0.2525467323930285	0.2887579240578011	0.0181055958323863	bca	ok	0.95	2000	2000	541	541	138	pubchem_cid			95% BCa bootstrap CI clustered by PubChem compound; uncertainty is over the observed compound panel, not broader chemical space.
op3	cosine	per_gene_population_zscore_dataset_cell_type	replicate_retrieval_dataset	delta_vs_centroid	observed_minus_centroid	0.5265526389000071	0.4919586076792321	0.5675523797711721	0.03779688604597001	bca	ok	0.95	2000	2000	541	541	138	pubchem_cid			95% BCa bootstrap CI clustered by PubChem compound; uncertainty is over the observed compound panel, not broader chemical space.
op3	spearman	per_gene_population_zscore_dataset_cell_type	replicate_retrieval_dataset	observed_normalized_rank	observed_normalized_rank	0.8110226375939962	0.7880504521451945	0.8316400922819636	0.021794820068384513	bca	ok	0.95	2000	2000	541	541	138	pubchem_cid			95% BCa bootstrap CI clustered by PubChem compound; uncertainty is over the observed compound panel, not broader chemical space.
op3	spearman	per_gene_population_zscore_dataset_cell_type	replicate_retrieval_dataset	recall_at_1	recall_at_1	0.11521873074553297	0.08176706498050228	0.15905883929156986	0.03864588715553379	bca	ok	0.95	2000	2000	541	541	138	pubchem_cid			95% BCa bootstrap CI clustered by PubChem compound; uncertainty is over the observed compound panel, not broader chemical space.
op3	spearman	per_gene_population_zscore_dataset_cell_type	replicate_retrieval_dataset	auroc	auroc	0.7243722064318089	0.6918936631073825	0.7536016433456231	0.030853990119120267	bca	ok	0.95	2000	2000	541	541	138	pubchem_cid			95% BCa bootstrap CI clustered by PubChem compound; uncertainty is over the observed compound panel, not broader chemical space.
op3	spearman	per_gene_population_zscore_dataset_cell_type	replicate_retrieval_dataset	null_expected_normalized_rank	null_expected_normalized_rank	0.6625466736320047	0.6560153516741901	0.6656288160678633	0.004806732196836583	bca	ok	0.95	2000	2000	541	541	138	pubchem_cid			95% BCa bootstrap CI clustered by PubChem compound; uncertainty is over the observed compound panel, not broader chemical space.
op3	spearman	per_gene_population_zscore_dataset_cell_type	replicate_retrieval_dataset	observed_minus_null	observed_minus_null	0.14847596396199128	0.12465859791074865	0.1734992643124629	0.024420333200857125	bca	ok	0.95	2000	2000	541	541	138	pubchem_cid			95% BCa bootstrap CI clustered by PubChem compound; uncertainty is over the observed compound panel, not broader chemical space.
op3	spearman	per_gene_population_zscore_dataset_cell_type	replicate_retrieval_dataset	centroid_normalized_rank	centroid_normalized_rank	0.25436410367038625	0.2356325526686653	0.27317275903426763	0.01877010318280116	bca	ok	0.95	2000	2000	541	541	138	pubchem_cid			95% BCa bootstrap CI clustered by PubChem compound; uncertainty is over the observed compound panel, not broader chemical space.
op3	spearman	per_gene_population_zscore_dataset_cell_type	replicate_retrieval_dataset	delta_vs_centroid	observed_minus_centroid	0.5566585339236099	0.5199824935199615	0.5932926034404165	0.03665505496022747	bca	ok	0.95	2000	2000	541	541	138	pubchem_cid			95% BCa bootstrap CI clustered by PubChem compound; uncertainty is over the observed compound panel, not broader chemical space.
sciplex	cosine	raw	replicate_retrieval_dataset	observed_normalized_rank	observed_normalized_rank	0.6112991923950999	0.5902713337646762	0.635028389049505	0.02237852764241438	bca	ok	0.95	2000	2000	2224	2224	187	pubchem_cid			95% BCa bootstrap CI clustered by PubChem compound; uncertainty is over the observed compound panel, not broader chemical space.
sciplex	cosine	raw	replicate_retrieval_dataset	recall_at_1	recall_at_1	0.0020233812949640288	0.0009047203249481644	0.0038900540210406055	0.0014926668480462206	bca	ok	0.95	2000	2000	2224	2224	187	pubchem_cid			95% BCa bootstrap CI clustered by PubChem compound; uncertainty is over the observed compound panel, not broader chemical space.
sciplex	cosine	raw	replicate_retrieval_dataset	auroc	auroc	0.6104779363553632	0.5885850975572238	0.6341604005360595	0.02278765148941786	bca	ok	0.95	2000	2000	2224	2224	187	pubchem_cid			95% BCa bootstrap CI clustered by PubChem compound; uncertainty is over the observed compound panel, not broader chemical space.
sciplex	cosine	raw	replicate_retrieval_dataset	null_expected_normalized_rank	null_expected_normalized_rank	0.5012383139586968	0.5	0.5064964849778795	0.0032482424889397343	bca	ok	0.95	2000	2000	2224	2224	187	pubchem_cid			95% BCa bootstrap CI clustered by PubChem compound; uncertainty is over the observed compound panel, not broader chemical space.
sciplex	cosine	raw	replicate_retrieval_dataset	observed_minus_null	observed_minus_null	0.11006087843640296	0.0860481115408411	0.13171229017359565	0.02283208931637727	bca	ok	0.95	2000	2000	2224	2224	187	pubchem_cid			95% BCa bootstrap CI clustered by PubChem compound; uncertainty is over the observed compound panel, not broader chemical space.
sciplex	cosine	raw	replicate_retrieval_dataset	centroid_normalized_rank	centroid_normalized_rank	0.9420807956342024	0.9406637404499625	0.9436744232444022	0.0015053413972198615	bca	ok	0.95	2000	2000	2224	2224	187	pubchem_cid			95% BCa bootstrap CI clustered by PubChem compound; uncertainty is over the observed compound panel, not broader chemical space.
sciplex	cosine	raw	replicate_retrieval_dataset	delta_vs_centroid	observed_minus_centroid	-0.3307816032391025	-0.35258611679929114	-0.3090285105981561	0.021778803100567512	bca	ok	0.95	2000	2000	2224	2224	187	pubchem_cid			95% BCa bootstrap CI clustered by PubChem compound; uncertainty is over the observed compound panel, not broader chemical space.
sciplex	spearman	raw	replicate_retrieval_dataset	observed_normalized_rank	observed_normalized_rank	0.6158629408874259	0.5942322439330971	0.6387008966323333	0.022234326349618083	bca	ok	0.95	2000	2000	2224	2224	187	pubchem_cid			95% BCa bootstrap CI clustered by PubChem compound; uncertainty is over the observed compound panel, not broader chemical space.
sciplex	spearman	raw	replicate_retrieval_dataset	recall_at_1	recall_at_1	0.0020233812949640288	0.0008948545861297539	0.004288137843794866	0.001696641628832556	bca	ok	0.95	2000	2000	2224	2224	187	pubchem_cid			95% BCa bootstrap CI clustered by PubChem compound; uncertainty is over the observed compound panel, not broader chemical space.
sciplex	spearman	raw	replicate_retrieval_dataset	auroc	auroc	0.6150138699767269	0.5935619438113003	0.6389257213266897	0.022681888757694668	bca	ok	0.95	2000	2000	2224	2224	187	pubchem_cid			95% BCa bootstrap CI clustered by PubChem compound; uncertainty is over the observed compound panel, not broader chemical space.
sciplex	spearman	raw	replicate_retrieval_dataset	null_expected_normalized_rank	null_expected_normalized_rank	0.5012383139586968	0.5	0.5062183947447145	0.003109197372357264	bca	ok	0.95	2000	2000	2224	2224	187	pubchem_cid			95% BCa bootstrap CI clustered by PubChem compound; uncertainty is over the observed compound panel, not broader chemical space.
sciplex	spearman	raw	replicate_retrieval_dataset	observed_minus_null	observed_minus_null	0.11462462692872907	0.09224600226189306	0.139813944602827	0.023783971170466975	bca	ok	0.95	2000	2000	2224	2224	187	pubchem_cid			95% BCa bootstrap CI clustered by PubChem compound; uncertainty is over the observed compound panel, not broader chemical space.
sciplex	spearman	raw	replicate_retrieval_dataset	centroid_normalized_rank	centroid_normalized_rank	0.9417668557759707	0.940319551210526	0.9433303441101264	0.0015053964498001893	bca	ok	0.95	2000	2000	2224	2224	187	pubchem_cid			95% BCa bootstrap CI clustered by PubChem compound; uncertainty is over the observed compound panel, not broader chemical space.
sciplex	spearman	raw	replicate_retrieval_dataset	delta_vs_centroid	observed_minus_centroid	-0.32590391488854475	-0.34688789443522755	-0.30269914509026863	0.02209437467247946	bca	ok	0.95	2000	2000	2224	2224	187	pubchem_cid			95% BCa bootstrap CI clustered by PubChem compound; uncertainty is over the observed compound panel, not broader chemical space.
sciplex	cosine	per_gene_population_zscore_dataset	replicate_retrieval_dataset	observed_normalized_rank	observed_normalized_rank	0.615618453030583	0.5952286262682694	0.6384971393411742	0.0216342565364524	bca	ok	0.95	2000	2000	2224	2224	187	pubchem_cid			95% BCa bootstrap CI clustered by PubChem compound; uncertainty is over the observed compound panel, not broader chemical space.
sciplex	cosine	per_gene_population_zscore_dataset	replicate_retrieval_dataset	recall_at_1	recall_at_1	0.0024730215827338128	0.0013333989576820465	0.0046839860676462525	0.001675293554982103	bca	ok	0.95	2000	2000	2224	2224	187	pubchem_cid			95% BCa bootstrap CI clustered by PubChem compound; uncertainty is over the observed compound panel, not broader chemical space.
sciplex	cosine	per_gene_population_zscore_dataset	replicate_retrieval_dataset	auroc	auroc	0.614777791976585	0.5932948691436686	0.6351190843835303	0.020912107619930842	bca	ok	0.95	2000	2000	2224	2224	187	pubchem_cid			95% BCa bootstrap CI clustered by PubChem compound; uncertainty is over the observed compound panel, not broader chemical space.
sciplex	cosine	per_gene_population_zscore_dataset	replicate_retrieval_dataset	null_expected_normalized_rank	null_expected_normalized_rank	0.5012383139586968	0.5	0.5069220988472014	0.003461049423600704	bca	ok	0.95	2000	2000	2224	2224	187	pubchem_cid			95% BCa bootstrap CI clustered by PubChem compound; uncertainty is over the observed compound panel, not broader chemical space.
sciplex	cosine	per_gene_population_zscore_dataset	replicate_retrieval_dataset	observed_minus_null	observed_minus_null	0.11438013907188628	0.0925617418899916	0.13417001530111136	0.020804136705559882	bca	ok	0.95	2000	2000	2224	2224	187	pubchem_cid			95% BCa bootstrap CI clustered by PubChem compound; uncertainty is over the observed compound panel, not broader chemical space.
sciplex	cosine	per_gene_population_zscore_dataset	replicate_retrieval_dataset	centroid_normalized_rank	centroid_normalized_rank	0.9369634161944156	0.933584209804485	0.9388334427770684	0.0026246164862916976	bca	ok	0.95	2000	2000	2224	2224	187	pubchem_cid			95% BCa bootstrap CI clustered by PubChem compound; uncertainty is over the observed compound panel, not broader chemical space.
sciplex	cosine	per_gene_population_zscore_dataset	replicate_retrieval_dataset	delta_vs_centroid	observed_minus_centroid	-0.32134496316383215	-0.3432871563674787	-0.2989402674188919	0.022173444474293397	bca	ok	0.95	2000	2000	2224	2224	187	pubchem_cid			95% BCa bootstrap CI clustered by PubChem compound; uncertainty is over the observed compound panel, not broader chemical space.
sciplex	spearman	per_gene_population_zscore_dataset	replicate_retrieval_dataset	observed_normalized_rank	observed_normalized_rank	0.6393578485121798	0.6198572188073983	0.6615920443743035	0.02086741278345261	bca	ok	0.95	2000	2000	2224	2224	187	pubchem_cid			95% BCa bootstrap CI clustered by PubChem compound; uncertainty is over the observed compound panel, not broader chemical space.
sciplex	spearman	per_gene_population_zscore_dataset	replicate_retrieval_dataset	recall_at_1	recall_at_1	0.0020233812949640288	0.000892458723784025	0.004227159068895114	0.0016673501725555445	bca	ok	0.95	2000	2000	2224	2224	187	pubchem_cid			95% BCa bootstrap CI clustered by PubChem compound; uncertainty is over the observed compound panel, not broader chemical space.
sciplex	spearman	per_gene_population_zscore_dataset	replicate_retrieval_dataset	auroc	auroc	0.6385135893296848	0.6180192878480161	0.6594880662353036	0.020734389193643787	bca	ok	0.95	2000	2000	2224	2224	187	pubchem_cid			95% BCa bootstrap CI clustered by PubChem compound; uncertainty is over the observed compound panel, not broader chemical space.
sciplex	spearman	per_gene_population_zscore_dataset	replicate_retrieval_dataset	null_expected_normalized_rank	null_expected_normalized_rank	0.5012383139586968	0.5	0.5062426320988436	0.003121316049421785	bca	ok	0.95	2000	2000	2224	2224	187	pubchem_cid			95% BCa bootstrap CI clustered by PubChem compound; uncertainty is over the observed compound panel, not broader chemical space.
sciplex	spearman	per_gene_population_zscore_dataset	replicate_retrieval_dataset	observed_minus_null	observed_minus_null	0.13811953455348294	0.11666324521271172	0.16011230590141828	0.02172453034435328	bca	ok	0.95	2000	2000	2224	2224	187	pubchem_cid			95% BCa bootstrap CI clustered by PubChem compound; uncertainty is over the observed compound panel, not broader chemical space.
sciplex	spearman	per_gene_population_zscore_dataset	replicate_retrieval_dataset	centroid_normalized_rank	centroid_normalized_rank	0.9358823226719609	0.9323151103337034	0.9379348846128064	0.0028098871395514924	bca	ok	0.95	2000	2000	2224	2224	187	pubchem_cid			95% BCa bootstrap CI clustered by PubChem compound; uncertainty is over the observed compound panel, not broader chemical space.
sciplex	spearman	per_gene_population_zscore_dataset	replicate_retrieval_dataset	delta_vs_centroid	observed_minus_centroid	-0.296524474159781	-0.31651081153129845	-0.2735811692566055	0.021464821137346463	bca	ok	0.95	2000	2000	2224	2224	187	pubchem_cid			95% BCa bootstrap CI clustered by PubChem compound; uncertainty is over the observed compound panel, not broader chemical space.
sciplex	cosine	per_gene_population_zscore_dataset_cell_type	replicate_retrieval_dataset	observed_normalized_rank	observed_normalized_rank	0.6158391274440134	0.5940007216017347	0.6386275650600973	0.022313421729181326	bca	ok	0.95	2000	2000	2224	2224	187	pubchem_cid			95% BCa bootstrap CI clustered by PubChem compound; uncertainty is over the observed compound panel, not broader chemical space.
sciplex	cosine	per_gene_population_zscore_dataset_cell_type	replicate_retrieval_dataset	recall_at_1	recall_at_1	0.003147482014388489	0.0016086483009404404	0.0058398826121291315	0.0021156171555943458	bca	ok	0.95	2000	2000	2224	2224	187	pubchem_cid			95% BCa bootstrap CI clustered by PubChem compound; uncertainty is over the observed compound panel, not broader chemical space.
sciplex	cosine	per_gene_population_zscore_dataset_cell_type	replicate_retrieval_dataset	auroc	auroc	0.6150330064247153	0.5940678160592032	0.6397248730868971	0.022828528513846924	bca	ok	0.95	2000	2000	2224	2224	187	pubchem_cid			95% BCa bootstrap CI clustered by PubChem compound; uncertainty is over the observed compound panel, not broader chemical space.
sciplex	cosine	per_gene_population_zscore_dataset_cell_type	replicate_retrieval_dataset	null_expected_normalized_rank	null_expected_normalized_rank	0.5012383139586968	0.5	0.5073901832089238	0.0036950916044619087	bca	ok	0.95	2000	2000	2224	2224	187	pubchem_cid			95% BCa bootstrap CI clustered by PubChem compound; uncertainty is over the observed compound panel, not broader chemical space.
sciplex	cosine	per_gene_population_zscore_dataset_cell_type	replicate_retrieval_dataset	observed_minus_null	observed_minus_null	0.11460081348531649	0.09316207214204915	0.1387874108293969	0.02281266934367388	bca	ok	0.95	2000	2000	2224	2224	187	pubchem_cid			95% BCa bootstrap CI clustered by PubChem compound; uncertainty is over the observed compound panel, not broader chemical space.
sciplex	cosine	per_gene_population_zscore_dataset_cell_type	replicate_retrieval_dataset	centroid_normalized_rank	centroid_normalized_rank	0.9197001081310128	0.9081504279294996	0.9251997159932326	0.00852464403186648	bca	ok	0.95	2000	2000	2224	2224	187	pubchem_cid			95% BCa bootstrap CI clustered by PubChem compound; uncertainty is over the observed compound panel, not broader chemical space.
sciplex	cosine	per_gene_population_zscore_dataset_cell_type	replicate_retrieval_dataset	delta_vs_centroid	observed_minus_centroid	-0.3038609806869994	-0.3275530788269716	-0.2758159661238102	0.025868556351580696	bca	ok	0.95	2000	2000	2224	2224	187	pubchem_cid			95% BCa bootstrap CI clustered by PubChem compound; uncertainty is over the observed compound panel, not broader chemical space.
sciplex	spearman	per_gene_population_zscore_dataset_cell_type	replicate_retrieval_dataset	observed_normalized_rank	observed_normalized_rank	0.6435568894216828	0.6226374296271313	0.6650410618383724	0.021201816105620552	bca	ok	0.95	2000	2000	2224	2224	187	pubchem_cid			95% BCa bootstrap CI clustered by PubChem compound; uncertainty is over the observed compound panel, not broader chemical space.
sciplex	spearman	per_gene_population_zscore_dataset_cell_type	replicate_retrieval_dataset	recall_at_1	recall_at_1	0.002697841726618705	0.0013374944271065537	0.005304551502959572	0.001983528537926509	bca	ok	0.95	2000	2000	2224	2224	187	pubchem_cid			95% BCa bootstrap CI clustered by PubChem compound; uncertainty is over the observed compound panel, not broader chemical space.
sciplex	spearman	per_gene_population_zscore_dataset_cell_type	replicate_retrieval_dataset	auroc	auroc	0.6427489655145032	0.6222367965045116	0.6645383495899901	0.02115077654273928	bca	ok	0.95	2000	2000	2224	2224	187	pubchem_cid			95% BCa bootstrap CI clustered by PubChem compound; uncertainty is over the observed compound panel, not broader chemical space.
sciplex	spearman	per_gene_population_zscore_dataset_cell_type	replicate_retrieval_dataset	null_expected_normalized_rank	null_expected_normalized_rank	0.5012383139586968	0.5	0.5062652050070118	0.003132602503505888	bca	ok	0.95	2000	2000	2224	2224	187	pubchem_cid			95% BCa bootstrap CI clustered by PubChem compound; uncertainty is over the observed compound panel, not broader chemical space.
sciplex	spearman	per_gene_population_zscore_dataset_cell_type	replicate_retrieval_dataset	observed_minus_null	observed_minus_null	0.14231857546298599	0.12284792426750546	0.16337433701679638	0.02026320637464546	bca	ok	0.95	2000	2000	2224	2224	187	pubchem_cid			95% BCa bootstrap CI clustered by PubChem compound; uncertainty is over the observed compound panel, not broader chemical space.
sciplex	spearman	per_gene_population_zscore_dataset_cell_type	replicate_retrieval_dataset	centroid_normalized_rank	centroid_normalized_rank	0.91244735585062	0.9015882201395277	0.9184717917698129	0.0084417858151426	bca	ok	0.95	2000	2000	2224	2224	187	pubchem_cid			95% BCa bootstrap CI clustered by PubChem compound; uncertainty is over the observed compound panel, not broader chemical space.
sciplex	spearman	per_gene_population_zscore_dataset_cell_type	replicate_retrieval_dataset	delta_vs_centroid	observed_minus_centroid	-0.2688904664289372	-0.2906991524500308	-0.24142715662090722	0.024635997914561794	bca	ok	0.95	2000	2000	2224	2224	187	pubchem_cid			95% BCa bootstrap CI clustered by PubChem compound; uncertainty is over the observed compound panel, not broader chemical space.
tahoe	cosine	raw	replicate_retrieval_dataset	observed_normalized_rank	observed_normalized_rank	0.5772453773251437	0.5370097776600158	0.6216510082177018	0.04232061527884301	bca	ok	0.95	2000	2000	7226	7226	114	pubchem_cid			95% BCa bootstrap CI clustered by PubChem compound; uncertainty is over the observed compound panel, not broader chemical space.
tahoe	cosine	raw	replicate_retrieval_dataset	recall_at_1	recall_at_1	0.01634721837807916	0.004314823066702531	0.047223975940601765	0.02145457643694962	bca	ok	0.95	2000	2000	7226	7226	114	pubchem_cid			95% BCa bootstrap CI clustered by PubChem compound; uncertainty is over the observed compound panel, not broader chemical space.
tahoe	cosine	raw	replicate_retrieval_dataset	auroc	auroc	0.5704465888978936	0.5304874790098115	0.6117421064603451	0.04062731372526679	bca	ok	0.95	2000	2000	7226	7226	114	pubchem_cid			95% BCa bootstrap CI clustered by PubChem compound; uncertainty is over the observed compound panel, not broader chemical space.
tahoe	cosine	raw	replicate_retrieval_dataset	null_expected_normalized_rank	null_expected_normalized_rank	0.5094894530988479	0.5029231534159188	0.5248628898768287	0.010969868230454982	bca	ok	0.95	2000	2000	7226	7226	114	pubchem_cid			95% BCa bootstrap CI clustered by PubChem compound; uncertainty is over the observed compound panel, not broader chemical space.
tahoe	cosine	raw	replicate_retrieval_dataset	observed_minus_null	observed_minus_null	0.06775592422629584	0.0270292944127769	0.11160931407107981	0.04229000982915146	bca	ok	0.95	2000	2000	7226	7226	114	pubchem_cid			95% BCa bootstrap CI clustered by PubChem compound; uncertainty is over the observed compound panel, not broader chemical space.
tahoe	cosine	raw	replicate_retrieval_dataset	centroid_normalized_rank	centroid_normalized_rank	0.9321947063283393	0.9185257879960967	0.9453524482301916	0.013413330117047428	bca	ok	0.95	2000	2000	7226	7226	114	pubchem_cid			95% BCa bootstrap CI clustered by PubChem compound; uncertainty is over the observed compound panel, not broader chemical space.
tahoe	cosine	raw	replicate_retrieval_dataset	delta_vs_centroid	observed_minus_centroid	-0.35494932900319565	-0.39037150989587355	-0.3037807890970926	0.04329536039939047	bca	ok	0.95	2000	2000	7226	7226	114	pubchem_cid			95% BCa bootstrap CI clustered by PubChem compound; uncertainty is over the observed compound panel, not broader chemical space.
tahoe	spearman	raw	replicate_retrieval_dataset	observed_normalized_rank	observed_normalized_rank	0.612178781129563	0.5678784349311703	0.6481783168393992	0.04014994095411445	bca	ok	0.95	2000	2000	7226	7226	114	pubchem_cid			95% BCa bootstrap CI clustered by PubChem compound; uncertainty is over the observed compound panel, not broader chemical space.
tahoe	spearman	raw	replicate_retrieval_dataset	recall_at_1	recall_at_1	0.017362072146877017	0.0053510723882675875	0.047029686373044104	0.020839306992388257	bca	ok	0.95	2000	2000	7226	7226	114	pubchem_cid			95% BCa bootstrap CI clustered by PubChem compound; uncertainty is over the observed compound panel, not broader chemical space.
tahoe	spearman	raw	replicate_retrieval_dataset	auroc	auroc	0.6053813439178398	0.5661123027560696	0.6452328591286051	0.03956027818626773	bca	ok	0.95	2000	2000	7226	7226	114	pubchem_cid			95% BCa bootstrap CI clustered by PubChem compound; uncertainty is over the observed compound panel, not broader chemical space.
tahoe	spearman	raw	replicate_retrieval_dataset	null_expected_normalized_rank	null_expected_normalized_rank	0.5094894530988479	0.5028055088839812	0.5244198616135716	0.010807176364795168	bca	ok	0.95	2000	2000	7226	7226	114	pubchem_cid			95% BCa bootstrap CI clustered by PubChem compound; uncertainty is over the observed compound panel, not broader chemical space.
tahoe	spearman	raw	replicate_retrieval_dataset	observed_minus_null	observed_minus_null	0.10268932803071507	0.06327283010932092	0.1408855378728258	0.03880635388175244	bca	ok	0.95	2000	2000	7226	7226	114	pubchem_cid			95% BCa bootstrap CI clustered by PubChem compound; uncertainty is over the observed compound panel, not broader chemical space.
tahoe	spearman	raw	replicate_retrieval_dataset	centroid_normalized_rank	centroid_normalized_rank	0.9201844380628524	0.9031622347187744	0.9351814110190596	0.016009588150142584	bca	ok	0.95	2000	2000	7226	7226	114	pubchem_cid			95% BCa bootstrap CI clustered by PubChem compound; uncertainty is over the observed compound panel, not broader chemical space.
tahoe	spearman	raw	replicate_retrieval_dataset	delta_vs_centroid	observed_minus_centroid	-0.30800565693328963	-0.3446984211949536	-0.258517374298398	0.043090523448277795	bca	ok	0.95	2000	2000	7226	7226	114	pubchem_cid			95% BCa bootstrap CI clustered by PubChem compound; uncertainty is over the observed compound panel, not broader chemical space.
tahoe	cosine	per_gene_population_zscore_dataset	replicate_retrieval_dataset	observed_normalized_rank	observed_normalized_rank	0.6475042101129451	0.6107978453077959	0.6872963086865358	0.038249231689369945	bca	ok	0.95	2000	2000	7226	7226	114	pubchem_cid			95% BCa bootstrap CI clustered by PubChem compound; uncertainty is over the observed compound panel, not broader chemical space.
tahoe	cosine	per_gene_population_zscore_dataset	replicate_retrieval_dataset	recall_at_1	recall_at_1	0.024033582433803855	0.008447208213635569	0.059680069264467936	0.025616430525416185	bca	ok	0.95	2000	2000	7226	7226	114	pubchem_cid			95% BCa bootstrap CI clustered by PubChem compound; uncertainty is over the observed compound panel, not broader chemical space.
tahoe	cosine	per_gene_population_zscore_dataset	replicate_retrieval_dataset	auroc	auroc	0.6418298090427633	0.605272031791961	0.6792692775546612	0.036998622881350085	bca	ok	0.95	2000	2000	7226	7226	114	pubchem_cid			95% BCa bootstrap CI clustered by PubChem compound; uncertainty is over the observed compound panel, not broader chemical space.
tahoe	cosine	per_gene_population_zscore_dataset	replicate_retrieval_dataset	null_expected_normalized_rank	null_expected_normalized_rank	0.5094894530988479	0.5029647118202462	0.526043647480502	0.011539467830127936	bca	ok	0.95	2000	2000	7226	7226	114	pubchem_cid			95% BCa bootstrap CI clustered by PubChem compound; uncertainty is over the observed compound panel, not broader chemical space.
tahoe	cosine	per_gene_population_zscore_dataset	replicate_retrieval_dataset	observed_minus_null	observed_minus_null	0.13801475701409743	0.1020781841723253	0.1736599303816324	0.03579087310465356	bca	ok	0.95	2000	2000	7226	7226	114	pubchem_cid			95% BCa bootstrap CI clustered by PubChem compound; uncertainty is over the observed compound panel, not broader chemical space.
tahoe	cosine	per_gene_population_zscore_dataset	replicate_retrieval_dataset	centroid_normalized_rank	centroid_normalized_rank	0.9018249223105687	0.8814784188327656	0.9194281779244146	0.018974879545824497	bca	ok	0.95	2000	2000	7226	7226	114	pubchem_cid			95% BCa bootstrap CI clustered by PubChem compound; uncertainty is over the observed compound panel, not broader chemical space.
tahoe	cosine	per_gene_population_zscore_dataset	replicate_retrieval_dataset	delta_vs_centroid	observed_minus_centroid	-0.2543207121976233	-0.2921783544303041	-0.20496329077469044	0.04360753182780683	bca	ok	0.95	2000	2000	7226	7226	114	pubchem_cid			95% BCa bootstrap CI clustered by PubChem compound; uncertainty is over the observed compound panel, not broader chemical space.
tahoe	spearman	per_gene_population_zscore_dataset	replicate_retrieval_dataset	observed_normalized_rank	observed_normalized_rank	0.6579648274561315	0.6206750640825156	0.6952715202958881	0.03729822810668626	bca	ok	0.95	2000	2000	7226	7226	114	pubchem_cid			95% BCa bootstrap CI clustered by PubChem compound; uncertainty is over the observed compound panel, not broader chemical space.
tahoe	spearman	per_gene_population_zscore_dataset	replicate_retrieval_dataset	recall_at_1	recall_at_1	0.022560314604668327	0.008125360137329125	0.057193154184435095	0.024533897023552985	bca	ok	0.95	2000	2000	7226	7226	114	pubchem_cid			95% BCa bootstrap CI clustered by PubChem compound; uncertainty is over the observed compound panel, not broader chemical space.
tahoe	spearman	per_gene_population_zscore_dataset	replicate_retrieval_dataset	auroc	auroc	0.6521975889337479	0.6155566501351978	0.6862901180073485	0.03536673393607537	bca	ok	0.95	2000	2000	7226	7226	114	pubchem_cid			95% BCa bootstrap CI clustered by PubChem compound; uncertainty is over the observed compound panel, not broader chemical space.
tahoe	spearman	per_gene_population_zscore_dataset	replicate_retrieval_dataset	null_expected_normalized_rank	null_expected_normalized_rank	0.5094894530988479	0.5028870202261926	0.524721199870282	0.010917089822044701	bca	ok	0.95	2000	2000	7226	7226	114	pubchem_cid			95% BCa bootstrap CI clustered by PubChem compound; uncertainty is over the observed compound panel, not broader chemical space.
tahoe	spearman	per_gene_population_zscore_dataset	replicate_retrieval_dataset	observed_minus_null	observed_minus_null	0.14847537435728372	0.112198291247365	0.1826608720876753	0.03523129042015516	bca	ok	0.95	2000	2000	7226	7226	114	pubchem_cid			95% BCa bootstrap CI clustered by PubChem compound; uncertainty is over the observed compound panel, not broader chemical space.
tahoe	spearman	per_gene_population_zscore_dataset	replicate_retrieval_dataset	centroid_normalized_rank	centroid_normalized_rank	0.8886164737758699	0.865483196614518	0.9066204640630509	0.020568633724266427	bca	ok	0.95	2000	2000	7226	7226	114	pubchem_cid			95% BCa bootstrap CI clustered by PubChem compound; uncertainty is over the observed compound panel, not broader chemical space.
tahoe	spearman	per_gene_population_zscore_dataset	replicate_retrieval_dataset	delta_vs_centroid	observed_minus_centroid	-0.23065164631973836	-0.26921152071334675	-0.18192855801316712	0.043641481350089814	bca	ok	0.95	2000	2000	7226	7226	114	pubchem_cid			95% BCa bootstrap CI clustered by PubChem compound; uncertainty is over the observed compound panel, not broader chemical space.
tahoe	cosine	per_gene_population_zscore_dataset_cell_type	replicate_retrieval_dataset	observed_normalized_rank	observed_normalized_rank	0.669371846579813	0.63405360087157	0.7022215818217301	0.03408399047508004	bca	ok	0.95	2000	2000	7226	7226	114	pubchem_cid			95% BCa bootstrap CI clustered by PubChem compound; uncertainty is over the observed compound panel, not broader chemical space.
tahoe	cosine	per_gene_population_zscore_dataset_cell_type	replicate_retrieval_dataset	recall_at_1	recall_at_1	0.02643809392010333	0.009456465173133248	0.06149537994123208	0.026019457384049417	bca	ok	0.95	2000	2000	7226	7226	114	pubchem_cid			95% BCa bootstrap CI clustered by PubChem compound; uncertainty is over the observed compound panel, not broader chemical space.
tahoe	cosine	per_gene_population_zscore_dataset_cell_type	replicate_retrieval_dataset	auroc	auroc	0.6639819424985924	0.6299671563825594	0.696427809014056	0.03323032631574829	bca	ok	0.95	2000	2000	7226	7226	114	pubchem_cid			95% BCa bootstrap CI clustered by PubChem compound; uncertainty is over the observed compound panel, not broader chemical space.
tahoe	cosine	per_gene_population_zscore_dataset_cell_type	replicate_retrieval_dataset	null_expected_normalized_rank	null_expected_normalized_rank	0.5094894530988479	0.5028830744990341	0.5257093247719953	0.011413125136480573	bca	ok	0.95	2000	2000	7226	7226	114	pubchem_cid			95% BCa bootstrap CI clustered by PubChem compound; uncertainty is over the observed compound panel, not broader chemical space.
tahoe	cosine	per_gene_population_zscore_dataset_cell_type	replicate_retrieval_dataset	observed_minus_null	observed_minus_null	0.159882393480965	0.12609186215529444	0.19080464112459056	0.03235638948464806	bca	ok	0.95	2000	2000	7226	7226	114	pubchem_cid			95% BCa bootstrap CI clustered by PubChem compound; uncertainty is over the observed compound panel, not broader chemical space.
tahoe	cosine	per_gene_population_zscore_dataset_cell_type	replicate_retrieval_dataset	centroid_normalized_rank	centroid_normalized_rank	0.8323418423838618	0.7935283055484875	0.8606260685676718	0.03354888150959212	bca	ok	0.95	2000	2000	7226	7226	114	pubchem_cid			95% BCa bootstrap CI clustered by PubChem compound; uncertainty is over the observed compound panel, not broader chemical space.
tahoe	cosine	per_gene_population_zscore_dataset_cell_type	replicate_retrieval_dataset	delta_vs_centroid	observed_minus_centroid	-0.16296999580404892	-0.20640493493069928	-0.09638233899065035	0.055011297970024464	bca	ok	0.95	2000	2000	7226	7226	114	pubchem_cid			95% BCa bootstrap CI clustered by PubChem compound; uncertainty is over the observed compound panel, not broader chemical space.
tahoe	spearman	per_gene_population_zscore_dataset_cell_type	replicate_retrieval_dataset	observed_normalized_rank	observed_normalized_rank	0.6748820724730555	0.643291416119061	0.7073300571662164	0.0320193205235777	bca	ok	0.95	2000	2000	7226	7226	114	pubchem_cid			95% BCa bootstrap CI clustered by PubChem compound; uncertainty is over the observed compound panel, not broader chemical space.
tahoe	spearman	per_gene_population_zscore_dataset_cell_type	replicate_retrieval_dataset	recall_at_1	recall_at_1	0.024924462588799705	0.008569053518669642	0.059073517327042	0.025252231904186177	bca	ok	0.95	2000	2000	7226	7226	114	pubchem_cid			95% BCa bootstrap CI clustered by PubChem compound; uncertainty is over the observed compound panel, not broader chemical space.
tahoe	spearman	per_gene_population_zscore_dataset_cell_type	replicate_retrieval_dataset	auroc	auroc	0.6694103503234007	0.6354673713408694	0.7010179031056736	0.032775265882402094	bca	ok	0.95	2000	2000	7226	7226	114	pubchem_cid			95% BCa bootstrap CI clustered by PubChem compound; uncertainty is over the observed compound panel, not broader chemical space.
tahoe	spearman	per_gene_population_zscore_dataset_cell_type	replicate_retrieval_dataset	null_expected_normalized_rank	null_expected_normalized_rank	0.5094894530988479	0.5029022939672372	0.5254057466606462	0.011251726346704516	bca	ok	0.95	2000	2000	7226	7226	114	pubchem_cid			95% BCa bootstrap CI clustered by PubChem compound; uncertainty is over the observed compound panel, not broader chemical space.
tahoe	spearman	per_gene_population_zscore_dataset_cell_type	replicate_retrieval_dataset	observed_minus_null	observed_minus_null	0.16539261937420774	0.1313442193257505	0.19515787835024662	0.03190682951224806	bca	ok	0.95	2000	2000	7226	7226	114	pubchem_cid			95% BCa bootstrap CI clustered by PubChem compound; uncertainty is over the observed compound panel, not broader chemical space.
tahoe	spearman	per_gene_population_zscore_dataset_cell_type	replicate_retrieval_dataset	centroid_normalized_rank	centroid_normalized_rank	0.8262743003544967	0.7873959749257816	0.8540664802244209	0.033335252649319635	bca	ok	0.95	2000	2000	7226	7226	114	pubchem_cid			95% BCa bootstrap CI clustered by PubChem compound; uncertainty is over the observed compound panel, not broader chemical space.
tahoe	spearman	per_gene_population_zscore_dataset_cell_type	replicate_retrieval_dataset	delta_vs_centroid	observed_minus_centroid	-0.1513922278814409	-0.19682868132234976	-0.0925939504659267	0.052117365428211535	bca	ok	0.95	2000	2000	7226	7226	114	pubchem_cid			95% BCa bootstrap CI clustered by PubChem compound; uncertainty is over the observed compound panel, not broader chemical space.
vcpi_0001	cosine	raw	replicate_retrieval_dataset	observed_normalized_rank	observed_normalized_rank	0.9932003976532299	0.9928281124359483	0.9934342536221752	0.0003030705931134636	bca	ok	0.95	2000	2000	13283	13283	2272	pubchem_cid			95% BCa bootstrap CI clustered by PubChem compound; uncertainty is over the observed compound panel, not broader chemical space.
vcpi_0001	cosine	raw	replicate_retrieval_dataset	recall_at_1	recall_at_1	0.03455544681171422	0.02853419748979333	0.041427167709260006	0.006446485109733337	bca	ok	0.95	2000	2000	13283	13283	2272	pubchem_cid			95% BCa bootstrap CI clustered by PubChem compound; uncertainty is over the observed compound panel, not broader chemical space.
vcpi_0001	cosine	raw	replicate_retrieval_dataset	auroc	auroc	0.9931012478006351	0.9927163956821758	0.9933166852740986	0.00030014479596135457	bca	ok	0.95	2000	2000	13283	13283	2272	pubchem_cid			95% BCa bootstrap CI clustered by PubChem compound; uncertainty is over the observed compound panel, not broader chemical space.
vcpi_0001	cosine	raw	replicate_retrieval_dataset	null_expected_normalized_rank	null_expected_normalized_rank	0.5054396840963888	0.503970198111774	0.5070117084880428	0.0015207551881343817	bca	ok	0.95	2000	2000	13283	13283	2272	pubchem_cid			95% BCa bootstrap CI clustered by PubChem compound; uncertainty is over the observed compound panel, not broader chemical space.
vcpi_0001	cosine	raw	replicate_retrieval_dataset	observed_minus_null	observed_minus_null	0.48776071355684114	0.4860639153616353	0.4891229914143938	0.0015295380263792568	bca	ok	0.95	2000	2000	13283	13283	2272	pubchem_cid			95% BCa bootstrap CI clustered by PubChem compound; uncertainty is over the observed compound panel, not broader chemical space.
vcpi_0001	cosine	raw	replicate_retrieval_dataset	centroid_normalized_rank	centroid_normalized_rank	0.8936376813499957	0.8906200961349606	0.8961501568333156	0.0027650303491774664	bca	ok	0.95	2000	2000	13283	13283	2272	pubchem_cid			95% BCa bootstrap CI clustered by PubChem compound; uncertainty is over the observed compound panel, not broader chemical space.
vcpi_0001	cosine	raw	replicate_retrieval_dataset	delta_vs_centroid	observed_minus_centroid	0.09956271630323422	0.0968571312444534	0.10246513043504739	0.0028039995952969937	bca	ok	0.95	2000	2000	13283	13283	2272	pubchem_cid			95% BCa bootstrap CI clustered by PubChem compound; uncertainty is over the observed compound panel, not broader chemical space.
vcpi_0001	spearman	raw	replicate_retrieval_dataset	observed_normalized_rank	observed_normalized_rank	0.9900002131878065	0.9893810258351449	0.9904808669714504	0.0005499205681527841	bca	ok	0.95	2000	2000	13283	13283	2272	pubchem_cid			95% BCa bootstrap CI clustered by PubChem compound; uncertainty is over the observed compound panel, not broader chemical space.
vcpi_0001	spearman	raw	replicate_retrieval_dataset	recall_at_1	recall_at_1	0.035684709779417303	0.030145843624553182	0.04254648468585739	0.006200320530652103	bca	ok	0.95	2000	2000	13283	13283	2272	pubchem_cid			95% BCa bootstrap CI clustered by PubChem compound; uncertainty is over the observed compound panel, not broader chemical space.
vcpi_0001	spearman	raw	replicate_retrieval_dataset	auroc	auroc	0.9898579714074734	0.9892448552447943	0.9903202798325873	0.0005377122938964862	bca	ok	0.95	2000	2000	13283	13283	2272	pubchem_cid			95% BCa bootstrap CI clustered by PubChem compound; uncertainty is over the observed compound panel, not broader chemical space.
vcpi_0001	spearman	raw	replicate_retrieval_dataset	null_expected_normalized_rank	null_expected_normalized_rank	0.5054396840963888	0.5041151473647925	0.5071118734490951	0.0014983630421513405	bca	ok	0.95	2000	2000	13283	13283	2272	pubchem_cid			95% BCa bootstrap CI clustered by PubChem compound; uncertainty is over the observed compound panel, not broader chemical space.
vcpi_0001	spearman	raw	replicate_retrieval_dataset	observed_minus_null	observed_minus_null	0.4845605290914177	0.48277437738738477	0.48580221440774346	0.0015139185101793462	bca	ok	0.95	2000	2000	13283	13283	2272	pubchem_cid			95% BCa bootstrap CI clustered by PubChem compound; uncertainty is over the observed compound panel, not broader chemical space.
vcpi_0001	spearman	raw	replicate_retrieval_dataset	centroid_normalized_rank	centroid_normalized_rank	0.7482314419466737	0.7428283633119163	0.7535046286928759	0.005338132690479835	bca	ok	0.95	2000	2000	13283	13283	2272	pubchem_cid			95% BCa bootstrap CI clustered by PubChem compound; uncertainty is over the observed compound panel, not broader chemical space.
vcpi_0001	spearman	raw	replicate_retrieval_dataset	delta_vs_centroid	observed_minus_centroid	0.24176877124113288	0.23628300948978867	0.2469627279677684	0.005339859238989858	bca	ok	0.95	2000	2000	13283	13283	2272	pubchem_cid			95% BCa bootstrap CI clustered by PubChem compound; uncertainty is over the observed compound panel, not broader chemical space.
vcpi_0001	cosine	per_gene_population_zscore_dataset	replicate_retrieval_dataset	observed_normalized_rank	observed_normalized_rank	0.9588875331027048	0.9568514941225227	0.9608437966067689	0.001996151242123101	bca	ok	0.95	2000	2000	13283	13283	2272	pubchem_cid			95% BCa bootstrap CI clustered by PubChem compound; uncertainty is over the observed compound panel, not broader chemical space.
vcpi_0001	cosine	per_gene_population_zscore_dataset	replicate_retrieval_dataset	recall_at_1	recall_at_1	0.035458857185876685	0.02969116021340335	0.04232479513074925	0.006316817458672949	bca	ok	0.95	2000	2000	13283	13283	2272	pubchem_cid			95% BCa bootstrap CI clustered by PubChem compound; uncertainty is over the observed compound panel, not broader chemical space.
vcpi_0001	cosine	per_gene_population_zscore_dataset	replicate_retrieval_dataset	auroc	auroc	0.95832179228188	0.9563574057513023	0.9601943526546682	0.001918473451682945	bca	ok	0.95	2000	2000	13283	13283	2272	pubchem_cid			95% BCa bootstrap CI clustered by PubChem compound; uncertainty is over the observed compound panel, not broader chemical space.
vcpi_0001	cosine	per_gene_population_zscore_dataset	replicate_retrieval_dataset	null_expected_normalized_rank	null_expected_normalized_rank	0.5054396840963888	0.5040257741722025	0.5070570336213911	0.0015156297245942918	bca	ok	0.95	2000	2000	13283	13283	2272	pubchem_cid			95% BCa bootstrap CI clustered by PubChem compound; uncertainty is over the observed compound panel, not broader chemical space.
vcpi_0001	cosine	per_gene_population_zscore_dataset	replicate_retrieval_dataset	observed_minus_null	observed_minus_null	0.4534478490063159	0.451014198112423	0.45579083704570106	0.002388319466639033	bca	ok	0.95	2000	2000	13283	13283	2272	pubchem_cid			95% BCa bootstrap CI clustered by PubChem compound; uncertainty is over the observed compound panel, not broader chemical space.
vcpi_0001	cosine	per_gene_population_zscore_dataset	replicate_retrieval_dataset	centroid_normalized_rank	centroid_normalized_rank	0.5418587469302926	0.5360171273130441	0.5484347477993956	0.006208810243175766	bca	ok	0.95	2000	2000	13283	13283	2272	pubchem_cid			95% BCa bootstrap CI clustered by PubChem compound; uncertainty is over the observed compound panel, not broader chemical space.
vcpi_0001	cosine	per_gene_population_zscore_dataset	replicate_retrieval_dataset	delta_vs_centroid	observed_minus_centroid	0.4170287861724122	0.41065066759351065	0.42341078098076546	0.006380056693627401	bca	ok	0.95	2000	2000	13283	13283	2272	pubchem_cid			95% BCa bootstrap CI clustered by PubChem compound; uncertainty is over the observed compound panel, not broader chemical space.
vcpi_0001	spearman	per_gene_population_zscore_dataset	replicate_retrieval_dataset	observed_normalized_rank	observed_normalized_rank	0.9569475420918742	0.9548164426821194	0.9588667316018581	0.0020251444598693435	bca	ok	0.95	2000	2000	13283	13283	2272	pubchem_cid			95% BCa bootstrap CI clustered by PubChem compound; uncertainty is over the observed compound panel, not broader chemical space.
vcpi_0001	spearman	per_gene_population_zscore_dataset	replicate_retrieval_dataset	recall_at_1	recall_at_1	0.037190393736354736	0.03139577301161548	0.043741220631901064	0.006172723810142791	bca	ok	0.95	2000	2000	13283	13283	2272	pubchem_cid			95% BCa bootstrap CI clustered by PubChem compound; uncertainty is over the observed compound panel, not broader chemical space.
vcpi_0001	spearman	per_gene_population_zscore_dataset	replicate_retrieval_dataset	auroc	auroc	0.9563433357801071	0.9543288029697846	0.9582849533013118	0.001978075165763593	bca	ok	0.95	2000	2000	13283	13283	2272	pubchem_cid			95% BCa bootstrap CI clustered by PubChem compound; uncertainty is over the observed compound panel, not broader chemical space.
vcpi_0001	spearman	per_gene_population_zscore_dataset	replicate_retrieval_dataset	null_expected_normalized_rank	null_expected_normalized_rank	0.5054396840963888	0.5041253159326766	0.5070430391836277	0.0014588616254755382	bca	ok	0.95	2000	2000	13283	13283	2272	pubchem_cid			95% BCa bootstrap CI clustered by PubChem compound; uncertainty is over the observed compound panel, not broader chemical space.
vcpi_0001	spearman	per_gene_population_zscore_dataset	replicate_retrieval_dataset	observed_minus_null	observed_minus_null	0.4515078579954855	0.4489858686787123	0.4538119671004972	0.002413049210892443	bca	ok	0.95	2000	2000	13283	13283	2272	pubchem_cid			95% BCa bootstrap CI clustered by PubChem compound; uncertainty is over the observed compound panel, not broader chemical space.
vcpi_0001	spearman	per_gene_population_zscore_dataset	replicate_retrieval_dataset	centroid_normalized_rank	centroid_normalized_rank	0.5283059673670087	0.5224610707388702	0.534342501311966	0.005940715286547937	bca	ok	0.95	2000	2000	13283	13283	2272	pubchem_cid			95% BCa bootstrap CI clustered by PubChem compound; uncertainty is over the observed compound panel, not broader chemical space.
vcpi_0001	spearman	per_gene_population_zscore_dataset	replicate_retrieval_dataset	delta_vs_centroid	observed_minus_centroid	0.4286415747248656	0.4227098098611072	0.43521811034635316	0.006254150242622991	bca	ok	0.95	2000	2000	13283	13283	2272	pubchem_cid			95% BCa bootstrap CI clustered by PubChem compound; uncertainty is over the observed compound panel, not broader chemical space.
vcpi_0001	cosine	per_gene_population_zscore_dataset_cell_type	replicate_retrieval_dataset	observed_normalized_rank	observed_normalized_rank	0.9588875331027048	0.9568587151312518	0.9609288194952708	0.0020350521820095002	bca	ok	0.95	2000	2000	13283	13283	2272	pubchem_cid			95% BCa bootstrap CI clustered by PubChem compound; uncertainty is over the observed compound panel, not broader chemical space.
vcpi_0001	cosine	per_gene_population_zscore_dataset_cell_type	replicate_retrieval_dataset	recall_at_1	recall_at_1	0.035458857185876685	0.02962463370590039	0.04260406930234547	0.006489717798222539	bca	ok	0.95	2000	2000	13283	13283	2272	pubchem_cid			95% BCa bootstrap CI clustered by PubChem compound; uncertainty is over the observed compound panel, not broader chemical space.
vcpi_0001	cosine	per_gene_population_zscore_dataset_cell_type	replicate_retrieval_dataset	auroc	auroc	0.95832179228188	0.9563668557893821	0.9603428835345488	0.0019880138725833496	bca	ok	0.95	2000	2000	13283	13283	2272	pubchem_cid			95% BCa bootstrap CI clustered by PubChem compound; uncertainty is over the observed compound panel, not broader chemical space.
vcpi_0001	cosine	per_gene_population_zscore_dataset_cell_type	replicate_retrieval_dataset	null_expected_normalized_rank	null_expected_normalized_rank	0.5054396840963888	0.5041036556560015	0.5071729693553926	0.0015346568496955593	bca	ok	0.95	2000	2000	13283	13283	2272	pubchem_cid			95% BCa bootstrap CI clustered by PubChem compound; uncertainty is over the observed compound panel, not broader chemical space.
vcpi_0001	cosine	per_gene_population_zscore_dataset_cell_type	replicate_retrieval_dataset	observed_minus_null	observed_minus_null	0.4534478490063159	0.4510598187745493	0.45568744972842906	0.0023138154769398733	bca	ok	0.95	2000	2000	13283	13283	2272	pubchem_cid			95% BCa bootstrap CI clustered by PubChem compound; uncertainty is over the observed compound panel, not broader chemical space.
vcpi_0001	cosine	per_gene_population_zscore_dataset_cell_type	replicate_retrieval_dataset	centroid_normalized_rank	centroid_normalized_rank	0.5418587469302926	0.535720556987242	0.5477780770404519	0.006028760026604962	bca	ok	0.95	2000	2000	13283	13283	2272	pubchem_cid			95% BCa bootstrap CI clustered by PubChem compound; uncertainty is over the observed compound panel, not broader chemical space.
vcpi_0001	cosine	per_gene_population_zscore_dataset_cell_type	replicate_retrieval_dataset	delta_vs_centroid	observed_minus_centroid	0.4170287861724122	0.410488464018609	0.4237565442891458	0.0066340401352683875	bca	ok	0.95	2000	2000	13283	13283	2272	pubchem_cid			95% BCa bootstrap CI clustered by PubChem compound; uncertainty is over the observed compound panel, not broader chemical space.
vcpi_0001	spearman	per_gene_population_zscore_dataset_cell_type	replicate_retrieval_dataset	observed_normalized_rank	observed_normalized_rank	0.9569475420918742	0.954952159989046	0.9590328264023108	0.002040333206632383	bca	ok	0.95	2000	2000	13283	13283	2272	pubchem_cid			95% BCa bootstrap CI clustered by PubChem compound; uncertainty is over the observed compound panel, not broader chemical space.
vcpi_0001	spearman	per_gene_population_zscore_dataset_cell_type	replicate_retrieval_dataset	recall_at_1	recall_at_1	0.037190393736354736	0.03140572291681138	0.04386296337358255	0.006228620228385585	bca	ok	0.95	2000	2000	13283	13283	2272	pubchem_cid			95% BCa bootstrap CI clustered by PubChem compound; uncertainty is over the observed compound panel, not broader chemical space.
vcpi_0001	spearman	per_gene_population_zscore_dataset_cell_type	replicate_retrieval_dataset	auroc	auroc	0.9563433357801071	0.9542580961819463	0.9584460190177988	0.0020939614179262267	bca	ok	0.95	2000	2000	13283	13283	2272	pubchem_cid			95% BCa bootstrap CI clustered by PubChem compound; uncertainty is over the observed compound panel, not broader chemical space.
vcpi_0001	spearman	per_gene_population_zscore_dataset_cell_type	replicate_retrieval_dataset	null_expected_normalized_rank	null_expected_normalized_rank	0.5054396840963888	0.5041420303724246	0.507205749409619	0.001531859518597245	bca	ok	0.95	2000	2000	13283	13283	2272	pubchem_cid			95% BCa bootstrap CI clustered by PubChem compound; uncertainty is over the observed compound panel, not broader chemical space.
vcpi_0001	spearman	per_gene_population_zscore_dataset_cell_type	replicate_retrieval_dataset	observed_minus_null	observed_minus_null	0.4515078579954855	0.44913498382345907	0.4537750739359088	0.0023200450562248787	bca	ok	0.95	2000	2000	13283	13283	2272	pubchem_cid			95% BCa bootstrap CI clustered by PubChem compound; uncertainty is over the observed compound panel, not broader chemical space.
vcpi_0001	spearman	per_gene_population_zscore_dataset_cell_type	replicate_retrieval_dataset	centroid_normalized_rank	centroid_normalized_rank	0.5283059673670087	0.5223336869946112	0.5344798857286472	0.006073099367017998	bca	ok	0.95	2000	2000	13283	13283	2272	pubchem_cid			95% BCa bootstrap CI clustered by PubChem compound; uncertainty is over the observed compound panel, not broader chemical space.
vcpi_0001	spearman	per_gene_population_zscore_dataset_cell_type	replicate_retrieval_dataset	delta_vs_centroid	observed_minus_centroid	0.4286415747248656	0.42168732371230067	0.4352040605866535	0.006758368437176421	bca	ok	0.95	2000	2000	13283	13283	2272	pubchem_cid			95% BCa bootstrap CI clustered by PubChem compound; uncertainty is over the observed compound panel, not broader chemical space.
vcpi_0002	cosine	raw	replicate_retrieval_dataset	observed_normalized_rank	observed_normalized_rank	0.9910915679127095	0.9907730742374535	0.9913549354499678	0.00029093060625712264	bca	ok	0.95	2000	2000	8825	8825	1488	pubchem_cid			95% BCa bootstrap CI clustered by PubChem compound; uncertainty is over the observed compound panel, not broader chemical space.
vcpi_0002	cosine	raw	replicate_retrieval_dataset	recall_at_1	recall_at_1	0.1411898016997167	0.1242424057879609	0.15900197240913544	0.017379783310587267	bca	ok	0.95	2000	2000	8825	8825	1488	pubchem_cid			95% BCa bootstrap CI clustered by PubChem compound; uncertainty is over the observed compound panel, not broader chemical space.
vcpi_0002	cosine	raw	replicate_retrieval_dataset	auroc	auroc	0.990239536498299	0.9899359299776267	0.9904571638405666	0.000260616931469948	bca	ok	0.95	2000	2000	8825	8825	1488	pubchem_cid			95% BCa bootstrap CI clustered by PubChem compound; uncertainty is over the observed compound panel, not broader chemical space.
vcpi_0002	cosine	raw	replicate_retrieval_dataset	null_expected_normalized_rank	null_expected_normalized_rank	0.5315895802924753	0.5277002260090333	0.5358067941204725	0.004053284055719586	bca	ok	0.95	2000	2000	8825	8825	1488	pubchem_cid			95% BCa bootstrap CI clustered by PubChem compound; uncertainty is over the observed compound panel, not broader chemical space.
vcpi_0002	cosine	raw	replicate_retrieval_dataset	observed_minus_null	observed_minus_null	0.45950198762023414	0.4552912114598006	0.46332680628068723	0.004017797410443308	bca	ok	0.95	2000	2000	8825	8825	1488	pubchem_cid			95% BCa bootstrap CI clustered by PubChem compound; uncertainty is over the observed compound panel, not broader chemical space.
vcpi_0002	cosine	raw	replicate_retrieval_dataset	centroid_normalized_rank	centroid_normalized_rank	0.9155184175878798	0.9123482920743972	0.9181801399274596	0.0029159239265312276	bca	ok	0.95	2000	2000	8825	8825	1488	pubchem_cid			95% BCa bootstrap CI clustered by PubChem compound; uncertainty is over the observed compound panel, not broader chemical space.
vcpi_0002	cosine	raw	replicate_retrieval_dataset	delta_vs_centroid	observed_minus_centroid	0.07557315032482964	0.0728336071488693	0.07885413384724871	0.003010263349189704	bca	ok	0.95	2000	2000	8825	8825	1488	pubchem_cid			95% BCa bootstrap CI clustered by PubChem compound; uncertainty is over the observed compound panel, not broader chemical space.
vcpi_0002	spearman	raw	replicate_retrieval_dataset	observed_normalized_rank	observed_normalized_rank	0.9892916079871923	0.9886969119918577	0.9897631165311822	0.0005331022696622445	bca	ok	0.95	2000	2000	8825	8825	1488	pubchem_cid			95% BCa bootstrap CI clustered by PubChem compound; uncertainty is over the observed compound panel, not broader chemical space.
vcpi_0002	spearman	raw	replicate_retrieval_dataset	recall_at_1	recall_at_1	0.14362606232294617	0.1275812307913894	0.1606995310427136	0.0165591501256621	bca	ok	0.95	2000	2000	8825	8825	1488	pubchem_cid			95% BCa bootstrap CI clustered by PubChem compound; uncertainty is over the observed compound panel, not broader chemical space.
vcpi_0002	spearman	raw	replicate_retrieval_dataset	auroc	auroc	0.988250451209885	0.9876875415481966	0.9886781889733873	0.0004953237125953636	bca	ok	0.95	2000	2000	8825	8825	1488	pubchem_cid			95% BCa bootstrap CI clustered by PubChem compound; uncertainty is over the observed compound panel, not broader chemical space.
vcpi_0002	spearman	raw	replicate_retrieval_dataset	null_expected_normalized_rank	null_expected_normalized_rank	0.5315895802924753	0.5274677102065195	0.5358480738578943	0.004190181825687422	bca	ok	0.95	2000	2000	8825	8825	1488	pubchem_cid			95% BCa bootstrap CI clustered by PubChem compound; uncertainty is over the observed compound panel, not broader chemical space.
vcpi_0002	spearman	raw	replicate_retrieval_dataset	observed_minus_null	observed_minus_null	0.4577020276947168	0.4536506068238142	0.4613776281759892	0.003863510676087506	bca	ok	0.95	2000	2000	8825	8825	1488	pubchem_cid			95% BCa bootstrap CI clustered by PubChem compound; uncertainty is over the observed compound panel, not broader chemical space.
vcpi_0002	spearman	raw	replicate_retrieval_dataset	centroid_normalized_rank	centroid_normalized_rank	0.8369942472069334	0.8314730738320422	0.8418099327881899	0.005168429478073888	bca	ok	0.95	2000	2000	8825	8825	1488	pubchem_cid			95% BCa bootstrap CI clustered by PubChem compound; uncertainty is over the observed compound panel, not broader chemical space.
vcpi_0002	spearman	raw	replicate_retrieval_dataset	delta_vs_centroid	observed_minus_centroid	0.1522973607802587	0.14697513045149063	0.15730509182173813	0.005164980685123749	bca	ok	0.95	2000	2000	8825	8825	1488	pubchem_cid			95% BCa bootstrap CI clustered by PubChem compound; uncertainty is over the observed compound panel, not broader chemical space.
vcpi_0002	cosine	per_gene_population_zscore_dataset	replicate_retrieval_dataset	observed_normalized_rank	observed_normalized_rank	0.9711309811379158	0.9690550788325835	0.9728724507389693	0.0019086859531929345	bca	ok	0.95	2000	2000	8825	8825	1488	pubchem_cid			95% BCa bootstrap CI clustered by PubChem compound; uncertainty is over the observed compound panel, not broader chemical space.
vcpi_0002	cosine	per_gene_population_zscore_dataset	replicate_retrieval_dataset	recall_at_1	recall_at_1	0.14328611898016996	0.12707388054542193	0.16045315569212495	0.016689637573351512	bca	ok	0.95	2000	2000	8825	8825	1488	pubchem_cid			95% BCa bootstrap CI clustered by PubChem compound; uncertainty is over the observed compound panel, not broader chemical space.
vcpi_0002	cosine	per_gene_population_zscore_dataset	replicate_retrieval_dataset	auroc	auroc	0.9681929570790245	0.9662059651580778	0.9699750440407375	0.00188453944132988	bca	ok	0.95	2000	2000	8825	8825	1488	pubchem_cid			95% BCa bootstrap CI clustered by PubChem compound; uncertainty is over the observed compound panel, not broader chemical space.
vcpi_0002	cosine	per_gene_population_zscore_dataset	replicate_retrieval_dataset	null_expected_normalized_rank	null_expected_normalized_rank	0.5315895802924753	0.5274936479142347	0.5359467661409684	0.0042265591133668345	bca	ok	0.95	2000	2000	8825	8825	1488	pubchem_cid			95% BCa bootstrap CI clustered by PubChem compound; uncertainty is over the observed compound panel, not broader chemical space.
vcpi_0002	cosine	per_gene_population_zscore_dataset	replicate_retrieval_dataset	observed_minus_null	observed_minus_null	0.43954140084544047	0.4352120286642585	0.4434296712372401	0.004108821286490788	bca	ok	0.95	2000	2000	8825	8825	1488	pubchem_cid			95% BCa bootstrap CI clustered by PubChem compound; uncertainty is over the observed compound panel, not broader chemical space.
vcpi_0002	cosine	per_gene_population_zscore_dataset	replicate_retrieval_dataset	centroid_normalized_rank	centroid_normalized_rank	0.5545419661473159	0.5480868792344497	0.5612452200014562	0.006579170383503252	bca	ok	0.95	2000	2000	8825	8825	1488	pubchem_cid			95% BCa bootstrap CI clustered by PubChem compound; uncertainty is over the observed compound panel, not broader chemical space.
vcpi_0002	cosine	per_gene_population_zscore_dataset	replicate_retrieval_dataset	delta_vs_centroid	observed_minus_centroid	0.41658901499059986	0.4096940391121522	0.4232714660938555	0.006788713490851667	bca	ok	0.95	2000	2000	8825	8825	1488	pubchem_cid			95% BCa bootstrap CI clustered by PubChem compound; uncertainty is over the observed compound panel, not broader chemical space.
vcpi_0002	spearman	per_gene_population_zscore_dataset	replicate_retrieval_dataset	observed_normalized_rank	observed_normalized_rank	0.9709868412614397	0.9690107063529156	0.9727253220396292	0.0018573078433568035	bca	ok	0.95	2000	2000	8825	8825	1488	pubchem_cid			95% BCa bootstrap CI clustered by PubChem compound; uncertainty is over the observed compound panel, not broader chemical space.
vcpi_0002	spearman	per_gene_population_zscore_dataset	replicate_retrieval_dataset	recall_at_1	recall_at_1	0.144985835694051	0.12794353451935786	0.1626338569049515	0.017345161192796818	bca	ok	0.95	2000	2000	8825	8825	1488	pubchem_cid			95% BCa bootstrap CI clustered by PubChem compound; uncertainty is over the observed compound panel, not broader chemical space.
vcpi_0002	spearman	per_gene_population_zscore_dataset	replicate_retrieval_dataset	auroc	auroc	0.9679884685365702	0.9661213614281935	0.9697051992841659	0.0017919189279861913	bca	ok	0.95	2000	2000	8825	8825	1488	pubchem_cid			95% BCa bootstrap CI clustered by PubChem compound; uncertainty is over the observed compound panel, not broader chemical space.
vcpi_0002	spearman	per_gene_population_zscore_dataset	replicate_retrieval_dataset	null_expected_normalized_rank	null_expected_normalized_rank	0.5315895802924753	0.5274644729755811	0.53618515250515	0.004360339764784449	bca	ok	0.95	2000	2000	8825	8825	1488	pubchem_cid			95% BCa bootstrap CI clustered by PubChem compound; uncertainty is over the observed compound panel, not broader chemical space.
vcpi_0002	spearman	per_gene_population_zscore_dataset	replicate_retrieval_dataset	observed_minus_null	observed_minus_null	0.43939726096896453	0.43502620256340757	0.4431866442817621	0.004080220859177253	bca	ok	0.95	2000	2000	8825	8825	1488	pubchem_cid			95% BCa bootstrap CI clustered by PubChem compound; uncertainty is over the observed compound panel, not broader chemical space.
vcpi_0002	spearman	per_gene_population_zscore_dataset	replicate_retrieval_dataset	centroid_normalized_rank	centroid_normalized_rank	0.5299247187695187	0.5238665571534511	0.5362927771698381	0.006213110008193523	bca	ok	0.95	2000	2000	8825	8825	1488	pubchem_cid			95% BCa bootstrap CI clustered by PubChem compound; uncertainty is over the observed compound panel, not broader chemical space.
vcpi_0002	spearman	per_gene_population_zscore_dataset	replicate_retrieval_dataset	delta_vs_centroid	observed_minus_centroid	0.44106212249192106	0.434173484866351	0.4478585395898354	0.006842527361742207	bca	ok	0.95	2000	2000	8825	8825	1488	pubchem_cid			95% BCa bootstrap CI clustered by PubChem compound; uncertainty is over the observed compound panel, not broader chemical space.
vcpi_0002	cosine	per_gene_population_zscore_dataset_cell_type	replicate_retrieval_dataset	observed_normalized_rank	observed_normalized_rank	0.9711309811379158	0.969047626805235	0.9729097852605078	0.0019310792276363564	bca	ok	0.95	2000	2000	8825	8825	1488	pubchem_cid			95% BCa bootstrap CI clustered by PubChem compound; uncertainty is over the observed compound panel, not broader chemical space.
vcpi_0002	cosine	per_gene_population_zscore_dataset_cell_type	replicate_retrieval_dataset	recall_at_1	recall_at_1	0.14328611898016996	0.12713356014942132	0.16119137110001638	0.017028905475297534	bca	ok	0.95	2000	2000	8825	8825	1488	pubchem_cid			95% BCa bootstrap CI clustered by PubChem compound; uncertainty is over the observed compound panel, not broader chemical space.
vcpi_0002	cosine	per_gene_population_zscore_dataset_cell_type	replicate_retrieval_dataset	auroc	auroc	0.9681929570790245	0.9662892987288239	0.9700379123027935	0.001874306786984803	bca	ok	0.95	2000	2000	8825	8825	1488	pubchem_cid			95% BCa bootstrap CI clustered by PubChem compound; uncertainty is over the observed compound panel, not broader chemical space.
vcpi_0002	cosine	per_gene_population_zscore_dataset_cell_type	replicate_retrieval_dataset	null_expected_normalized_rank	null_expected_normalized_rank	0.5315895802924753	0.5277415755249474	0.5361132437125651	0.004185834093808849	bca	ok	0.95	2000	2000	8825	8825	1488	pubchem_cid			95% BCa bootstrap CI clustered by PubChem compound; uncertainty is over the observed compound panel, not broader chemical space.
vcpi_0002	cosine	per_gene_population_zscore_dataset_cell_type	replicate_retrieval_dataset	observed_minus_null	observed_minus_null	0.43954140084544047	0.4351811132140688	0.44352216999845717	0.004170528392194173	bca	ok	0.95	2000	2000	8825	8825	1488	pubchem_cid			95% BCa bootstrap CI clustered by PubChem compound; uncertainty is over the observed compound panel, not broader chemical space.
vcpi_0002	cosine	per_gene_population_zscore_dataset_cell_type	replicate_retrieval_dataset	centroid_normalized_rank	centroid_normalized_rank	0.5545419661473159	0.5482151003252076	0.5606093725755402	0.006197136125166314	bca	ok	0.95	2000	2000	8825	8825	1488	pubchem_cid			95% BCa bootstrap CI clustered by PubChem compound; uncertainty is over the observed compound panel, not broader chemical space.
vcpi_0002	cosine	per_gene_population_zscore_dataset_cell_type	replicate_retrieval_dataset	delta_vs_centroid	observed_minus_centroid	0.41658901499059986	0.4097751222898093	0.4232665856412544	0.006745731675722566	bca	ok	0.95	2000	2000	8825	8825	1488	pubchem_cid			95% BCa bootstrap CI clustered by PubChem compound; uncertainty is over the observed compound panel, not broader chemical space.
vcpi_0002	spearman	per_gene_population_zscore_dataset_cell_type	replicate_retrieval_dataset	observed_normalized_rank	observed_normalized_rank	0.9709868412614397	0.9689999694510444	0.972664107317265	0.0018320689331103313	bca	ok	0.95	2000	2000	8825	8825	1488	pubchem_cid			95% BCa bootstrap CI clustered by PubChem compound; uncertainty is over the observed compound panel, not broader chemical space.
vcpi_0002	spearman	per_gene_population_zscore_dataset_cell_type	replicate_retrieval_dataset	recall_at_1	recall_at_1	0.144985835694051	0.128364729393656	0.16318478826911023	0.017410029437727112	bca	ok	0.95	2000	2000	8825	8825	1488	pubchem_cid			95% BCa bootstrap CI clustered by PubChem compound; uncertainty is over the observed compound panel, not broader chemical space.
vcpi_0002	spearman	per_gene_population_zscore_dataset_cell_type	replicate_retrieval_dataset	auroc	auroc	0.9679884685365702	0.9660070840703636	0.9696542798008442	0.0018235978652402784	bca	ok	0.95	2000	2000	8825	8825	1488	pubchem_cid			95% BCa bootstrap CI clustered by PubChem compound; uncertainty is over the observed compound panel, not broader chemical space.
vcpi_0002	spearman	per_gene_population_zscore_dataset_cell_type	replicate_retrieval_dataset	null_expected_normalized_rank	null_expected_normalized_rank	0.5315895802924753	0.5273766603631872	0.5357552368714403	0.004189288254126566	bca	ok	0.95	2000	2000	8825	8825	1488	pubchem_cid			95% BCa bootstrap CI clustered by PubChem compound; uncertainty is over the observed compound panel, not broader chemical space.
vcpi_0002	spearman	per_gene_population_zscore_dataset_cell_type	replicate_retrieval_dataset	observed_minus_null	observed_minus_null	0.43939726096896453	0.43522021291891594	0.443256109600173	0.004017948340628519	bca	ok	0.95	2000	2000	8825	8825	1488	pubchem_cid			95% BCa bootstrap CI clustered by PubChem compound; uncertainty is over the observed compound panel, not broader chemical space.
vcpi_0002	spearman	per_gene_population_zscore_dataset_cell_type	replicate_retrieval_dataset	centroid_normalized_rank	centroid_normalized_rank	0.5299247187695187	0.523434371993889	0.5362773568847607	0.0064214924454358835	bca	ok	0.95	2000	2000	8825	8825	1488	pubchem_cid			95% BCa bootstrap CI clustered by PubChem compound; uncertainty is over the observed compound panel, not broader chemical space.
vcpi_0002	spearman	per_gene_population_zscore_dataset_cell_type	replicate_retrieval_dataset	delta_vs_centroid	observed_minus_centroid	0.44106212249192106	0.4342214558761293	0.4479535445549827	0.006866044339426697	bca	ok	0.95	2000	2000	8825	8825	1488	pubchem_cid			95% BCa bootstrap CI clustered by PubChem compound; uncertainty is over the observed compound panel, not broader chemical space.
cigs_mce	cosine	raw	replicate_retrieval_dataset	observed_normalized_rank	observed_normalized_rank	0.7919488879729489	0.7893733310259405	0.7946178120339464	0.0026222405040029484	bca	ok	0.95	2000	2000	21426	21426	11126	pubchem_cid			95% BCa bootstrap CI clustered by PubChem compound; uncertainty is over the observed compound panel, not broader chemical space.
cigs_mce	cosine	raw	replicate_retrieval_dataset	recall_at_1	recall_at_1	0.06684635489592083	0.06385266713955894	0.07013650926063905	0.003141921060540058	bca	ok	0.95	2000	2000	21426	21426	11126	pubchem_cid			95% BCa bootstrap CI clustered by PubChem compound; uncertainty is over the observed compound panel, not broader chemical space.
cigs_mce	cosine	raw	replicate_retrieval_dataset	auroc	auroc	0.6708498140470915	0.6675706172469532	0.6740738469326961	0.003251614842871453	bca	ok	0.95	2000	2000	21426	21426	11126	pubchem_cid			95% BCa bootstrap CI clustered by PubChem compound; uncertainty is over the observed compound panel, not broader chemical space.
cigs_mce	cosine	raw	replicate_retrieval_dataset	null_expected_normalized_rank	null_expected_normalized_rank	0.6516845975551968	0.6507078930430871	0.652602067403902	0.0009470871804074799	bca	ok	0.95	2000	2000	21426	21426	11126	pubchem_cid			95% BCa bootstrap CI clustered by PubChem compound; uncertainty is over the observed compound panel, not broader chemical space.
cigs_mce	cosine	raw	replicate_retrieval_dataset	observed_minus_null	observed_minus_null	0.14026429041775235	0.13758104340151905	0.14279527317191695	0.0026071148851989495	bca	ok	0.95	2000	2000	21426	21426	11126	pubchem_cid			95% BCa bootstrap CI clustered by PubChem compound; uncertainty is over the observed compound panel, not broader chemical space.
cigs_mce	cosine	raw	replicate_retrieval_dataset	centroid_normalized_rank	centroid_normalized_rank	0.7612894755135206	0.7582018179502823	0.7641786644734293	0.002988423261573503	bca	ok	0.95	2000	2000	21426	21426	11126	pubchem_cid			95% BCa bootstrap CI clustered by PubChem compound; uncertainty is over the observed compound panel, not broader chemical space.
cigs_mce	cosine	raw	replicate_retrieval_dataset	delta_vs_centroid	observed_minus_centroid	0.03065941245942847	0.026880095262309257	0.034490685170723456	0.0038052949542070995	bca	ok	0.95	2000	2000	21426	21426	11126	pubchem_cid			95% BCa bootstrap CI clustered by PubChem compound; uncertainty is over the observed compound panel, not broader chemical space.
cigs_mce	spearman	raw	replicate_retrieval_dataset	observed_normalized_rank	observed_normalized_rank	0.7959227085887561	0.7932714323395252	0.7987812304566411	0.0027548990585579136	bca	ok	0.95	2000	2000	21426	21426	11126	pubchem_cid			95% BCa bootstrap CI clustered by PubChem compound; uncertainty is over the observed compound panel, not broader chemical space.
cigs_mce	spearman	raw	replicate_retrieval_dataset	recall_at_1	recall_at_1	0.065793635977058	0.06273551125408536	0.06923675948921587	0.0032506241175652567	bca	ok	0.95	2000	2000	21426	21426	11126	pubchem_cid			95% BCa bootstrap CI clustered by PubChem compound; uncertainty is over the observed compound panel, not broader chemical space.
cigs_mce	spearman	raw	replicate_retrieval_dataset	auroc	auroc	0.6751672355066274	0.6720890684701778	0.6785253285616307	0.003218130045726464	bca	ok	0.95	2000	2000	21426	21426	11126	pubchem_cid			95% BCa bootstrap CI clustered by PubChem compound; uncertainty is over the observed compound panel, not broader chemical space.
cigs_mce	spearman	raw	replicate_retrieval_dataset	null_expected_normalized_rank	null_expected_normalized_rank	0.6516845975551968	0.6507583212992278	0.6527080072014109	0.0009748429510915146	bca	ok	0.95	2000	2000	21426	21426	11126	pubchem_cid			95% BCa bootstrap CI clustered by PubChem compound; uncertainty is over the observed compound panel, not broader chemical space.
cigs_mce	spearman	raw	replicate_retrieval_dataset	observed_minus_null	observed_minus_null	0.1442381110335596	0.1417015887374774	0.1467544193992704	0.002526415330896495	bca	ok	0.95	2000	2000	21426	21426	11126	pubchem_cid			95% BCa bootstrap CI clustered by PubChem compound; uncertainty is over the observed compound panel, not broader chemical space.
cigs_mce	spearman	raw	replicate_retrieval_dataset	centroid_normalized_rank	centroid_normalized_rank	0.7390634202882564	0.7359377065895072	0.7421823860459944	0.003122339728243606	bca	ok	0.95	2000	2000	21426	21426	11126	pubchem_cid			95% BCa bootstrap CI clustered by PubChem compound; uncertainty is over the observed compound panel, not broader chemical space.
cigs_mce	spearman	raw	replicate_retrieval_dataset	delta_vs_centroid	observed_minus_centroid	0.05685928830049987	0.05315091433335577	0.06041369167274127	0.003631388669692752	bca	ok	0.95	2000	2000	21426	21426	11126	pubchem_cid			95% BCa bootstrap CI clustered by PubChem compound; uncertainty is over the observed compound panel, not broader chemical space.
cigs_mce	cosine	per_gene_population_zscore_dataset	replicate_retrieval_dataset	observed_normalized_rank	observed_normalized_rank	0.8070314675497359	0.8044795075295018	0.8097303353992105	0.002625413934854326	bca	ok	0.95	2000	2000	21426	21426	11126	pubchem_cid			95% BCa bootstrap CI clustered by PubChem compound; uncertainty is over the observed compound panel, not broader chemical space.
cigs_mce	cosine	per_gene_population_zscore_dataset	replicate_retrieval_dataset	recall_at_1	recall_at_1	0.0701419355507846	0.0669423433219565	0.0734547200993736	0.0032561883887085447	bca	ok	0.95	2000	2000	21426	21426	11126	pubchem_cid			95% BCa bootstrap CI clustered by PubChem compound; uncertainty is over the observed compound panel, not broader chemical space.
cigs_mce	cosine	per_gene_population_zscore_dataset	replicate_retrieval_dataset	auroc	auroc	0.6870892578889398	0.6835573936079895	0.690163233492959	0.003302919942484772	bca	ok	0.95	2000	2000	21426	21426	11126	pubchem_cid			95% BCa bootstrap CI clustered by PubChem compound; uncertainty is over the observed compound panel, not broader chemical space.
cigs_mce	cosine	per_gene_population_zscore_dataset	replicate_retrieval_dataset	null_expected_normalized_rank	null_expected_normalized_rank	0.6516845975551968	0.6506924970743462	0.6525874869569983	0.0009474949413260658	bca	ok	0.95	2000	2000	21426	21426	11126	pubchem_cid			95% BCa bootstrap CI clustered by PubChem compound; uncertainty is over the observed compound panel, not broader chemical space.
cigs_mce	cosine	per_gene_population_zscore_dataset	replicate_retrieval_dataset	observed_minus_null	observed_minus_null	0.15534686999453914	0.15275528734912547	0.1579218238646781	0.002583268257776314	bca	ok	0.95	2000	2000	21426	21426	11126	pubchem_cid			95% BCa bootstrap CI clustered by PubChem compound; uncertainty is over the observed compound panel, not broader chemical space.
cigs_mce	cosine	per_gene_population_zscore_dataset	replicate_retrieval_dataset	centroid_normalized_rank	centroid_normalized_rank	0.727598561879678	0.7243544945544356	0.7309663799348791	0.0033059426902217748	bca	ok	0.95	2000	2000	21426	21426	11126	pubchem_cid			95% BCa bootstrap CI clustered by PubChem compound; uncertainty is over the observed compound panel, not broader chemical space.
cigs_mce	cosine	per_gene_population_zscore_dataset	replicate_retrieval_dataset	delta_vs_centroid	observed_minus_centroid	0.07943290567005794	0.07532577743765456	0.08340986295210433	0.004042042757224883	bca	ok	0.95	2000	2000	21426	21426	11126	pubchem_cid			95% BCa bootstrap CI clustered by PubChem compound; uncertainty is over the observed compound panel, not broader chemical space.
cigs_mce	spearman	per_gene_population_zscore_dataset	replicate_retrieval_dataset	observed_normalized_rank	observed_normalized_rank	0.8106586293224289	0.8081414749068986	0.8133610481659205	0.002609786629510946	bca	ok	0.95	2000	2000	21426	21426	11126	pubchem_cid			95% BCa bootstrap CI clustered by PubChem compound; uncertainty is over the observed compound panel, not broader chemical space.
cigs_mce	spearman	per_gene_population_zscore_dataset	replicate_retrieval_dataset	recall_at_1	recall_at_1	0.06885844819896907	0.06544040130651069	0.07201088288895223	0.0032852407912207712	bca	ok	0.95	2000	2000	21426	21426	11126	pubchem_cid			95% BCa bootstrap CI clustered by PubChem compound; uncertainty is over the observed compound panel, not broader chemical space.
cigs_mce	spearman	per_gene_population_zscore_dataset	replicate_retrieval_dataset	auroc	auroc	0.6919294269400548	0.6887082239754927	0.6950141621202156	0.0031529690723614556	bca	ok	0.95	2000	2000	21426	21426	11126	pubchem_cid			95% BCa bootstrap CI clustered by PubChem compound; uncertainty is over the observed compound panel, not broader chemical space.
cigs_mce	spearman	per_gene_population_zscore_dataset	replicate_retrieval_dataset	null_expected_normalized_rank	null_expected_normalized_rank	0.6516845975551968	0.6507318372304477	0.652629155405985	0.000948659087768644	bca	ok	0.95	2000	2000	21426	21426	11126	pubchem_cid			95% BCa bootstrap CI clustered by PubChem compound; uncertainty is over the observed compound panel, not broader chemical space.
cigs_mce	spearman	per_gene_population_zscore_dataset	replicate_retrieval_dataset	observed_minus_null	observed_minus_null	0.15897403176723213	0.15657627791062928	0.16137239636798514	0.0023980592286779318	bca	ok	0.95	2000	2000	21426	21426	11126	pubchem_cid			95% BCa bootstrap CI clustered by PubChem compound; uncertainty is over the observed compound panel, not broader chemical space.
cigs_mce	spearman	per_gene_population_zscore_dataset	replicate_retrieval_dataset	centroid_normalized_rank	centroid_normalized_rank	0.7063203763509733	0.7028266827329902	0.7096300502880136	0.0034016837775117104	bca	ok	0.95	2000	2000	21426	21426	11126	pubchem_cid			95% BCa bootstrap CI clustered by PubChem compound; uncertainty is over the observed compound panel, not broader chemical space.
cigs_mce	spearman	per_gene_population_zscore_dataset	replicate_retrieval_dataset	delta_vs_centroid	observed_minus_centroid	0.10433825297145555	0.10066187721672644	0.10831976035248922	0.00382894156788139	bca	ok	0.95	2000	2000	21426	21426	11126	pubchem_cid			95% BCa bootstrap CI clustered by PubChem compound; uncertainty is over the observed compound panel, not broader chemical space.
cigs_mce	cosine	per_gene_population_zscore_dataset_cell_type	replicate_retrieval_dataset	observed_normalized_rank	observed_normalized_rank	0.8144364080969886	0.8119995208806471	0.8172841441898828	0.002642311654617868	bca	ok	0.95	2000	2000	21426	21426	11126	pubchem_cid			95% BCa bootstrap CI clustered by PubChem compound; uncertainty is over the observed compound panel, not broader chemical space.
cigs_mce	cosine	per_gene_population_zscore_dataset_cell_type	replicate_retrieval_dataset	recall_at_1	recall_at_1	0.07131807668772104	0.06817259745171106	0.07480619680397102	0.0033167996761299806	bca	ok	0.95	2000	2000	21426	21426	11126	pubchem_cid			95% BCa bootstrap CI clustered by PubChem compound; uncertainty is over the observed compound panel, not broader chemical space.
cigs_mce	cosine	per_gene_population_zscore_dataset_cell_type	replicate_retrieval_dataset	auroc	auroc	0.6956813093031574	0.6927277610916323	0.6989785024560389	0.00312537068220331	bca	ok	0.95	2000	2000	21426	21426	11126	pubchem_cid			95% BCa bootstrap CI clustered by PubChem compound; uncertainty is over the observed compound panel, not broader chemical space.
cigs_mce	cosine	per_gene_population_zscore_dataset_cell_type	replicate_retrieval_dataset	null_expected_normalized_rank	null_expected_normalized_rank	0.6516845975551968	0.6506543420473714	0.652625473608654	0.0009855657806412954	bca	ok	0.95	2000	2000	21426	21426	11126	pubchem_cid			95% BCa bootstrap CI clustered by PubChem compound; uncertainty is over the observed compound panel, not broader chemical space.
cigs_mce	cosine	per_gene_population_zscore_dataset_cell_type	replicate_retrieval_dataset	observed_minus_null	observed_minus_null	0.16275181054179183	0.16032181897008288	0.16515854414274816	0.0024183625863326424	bca	ok	0.95	2000	2000	21426	21426	11126	pubchem_cid			95% BCa bootstrap CI clustered by PubChem compound; uncertainty is over the observed compound panel, not broader chemical space.
cigs_mce	cosine	per_gene_population_zscore_dataset_cell_type	replicate_retrieval_dataset	centroid_normalized_rank	centroid_normalized_rank	0.39860383100245933	0.3951461863840465	0.4021051336275863	0.0034794736217698963	bca	ok	0.95	2000	2000	21426	21426	11126	pubchem_cid			95% BCa bootstrap CI clustered by PubChem compound; uncertainty is over the observed compound panel, not broader chemical space.
cigs_mce	cosine	per_gene_population_zscore_dataset_cell_type	replicate_retrieval_dataset	delta_vs_centroid	observed_minus_centroid	0.41583257709452914	0.4112316480340975	0.42037791903236854	0.004573135499135517	bca	ok	0.95	2000	2000	21426	21426	11126	pubchem_cid			95% BCa bootstrap CI clustered by PubChem compound; uncertainty is over the observed compound panel, not broader chemical space.
cigs_mce	spearman	per_gene_population_zscore_dataset_cell_type	replicate_retrieval_dataset	observed_normalized_rank	observed_normalized_rank	0.8178658307190169	0.8151455289073614	0.8202531354198863	0.002553803256262477	bca	ok	0.95	2000	2000	21426	21426	11126	pubchem_cid			95% BCa bootstrap CI clustered by PubChem compound; uncertainty is over the observed compound panel, not broader chemical space.
cigs_mce	spearman	per_gene_population_zscore_dataset_cell_type	replicate_retrieval_dataset	recall_at_1	recall_at_1	0.069941244801228	0.06645156003834445	0.07295394853057738	0.0032511942461164664	bca	ok	0.95	2000	2000	21426	21426	11126	pubchem_cid			95% BCa bootstrap CI clustered by PubChem compound; uncertainty is over the observed compound panel, not broader chemical space.
cigs_mce	spearman	per_gene_population_zscore_dataset_cell_type	replicate_retrieval_dataset	auroc	auroc	0.7002062430491421	0.6968872590641777	0.7031713738454644	0.003142057390643327	bca	ok	0.95	2000	2000	21426	21426	11126	pubchem_cid			95% BCa bootstrap CI clustered by PubChem compound; uncertainty is over the observed compound panel, not broader chemical space.
cigs_mce	spearman	per_gene_population_zscore_dataset_cell_type	replicate_retrieval_dataset	null_expected_normalized_rank	null_expected_normalized_rank	0.6516845975551968	0.650733283335847	0.652644109590007	0.0009554131270799737	bca	ok	0.95	2000	2000	21426	21426	11126	pubchem_cid			95% BCa bootstrap CI clustered by PubChem compound; uncertainty is over the observed compound panel, not broader chemical space.
cigs_mce	spearman	per_gene_population_zscore_dataset_cell_type	replicate_retrieval_dataset	observed_minus_null	observed_minus_null	0.16618123316382008	0.16386769441769564	0.16854760924583403	0.002339957414069199	bca	ok	0.95	2000	2000	21426	21426	11126	pubchem_cid			95% BCa bootstrap CI clustered by PubChem compound; uncertainty is over the observed compound panel, not broader chemical space.
cigs_mce	spearman	per_gene_population_zscore_dataset_cell_type	replicate_retrieval_dataset	centroid_normalized_rank	centroid_normalized_rank	0.416644211314365	0.413102581469288	0.4202845499952467	0.003590984262979352	bca	ok	0.95	2000	2000	21426	21426	11126	pubchem_cid			95% BCa bootstrap CI clustered by PubChem compound; uncertainty is over the observed compound panel, not broader chemical space.
cigs_mce	spearman	per_gene_population_zscore_dataset_cell_type	replicate_retrieval_dataset	delta_vs_centroid	observed_minus_centroid	0.4012216194046517	0.3965319746947249	0.40582340492891705	0.0046457151170960775	bca	ok	0.95	2000	2000	21426	21426	11126	pubchem_cid			95% BCa bootstrap CI clustered by PubChem compound; uncertainty is over the observed compound panel, not broader chemical space.
cigs_tcm	cosine	raw	replicate_retrieval_dataset	observed_normalized_rank	observed_normalized_rank	0.9634693186142385	0.9617054236308049	0.9650551081156202	0.0016748422424076592	bca	ok	0.95	2000	2000	7020	7020	1816	pubchem_cid			95% BCa bootstrap CI clustered by PubChem compound; uncertainty is over the observed compound panel, not broader chemical space.
cigs_tcm	cosine	raw	replicate_retrieval_dataset	recall_at_1	recall_at_1	0.2332716049382716	0.22035558305651334	0.24604508316172435	0.012844750052605505	bca	ok	0.95	2000	2000	7020	7020	1816	pubchem_cid			95% BCa bootstrap CI clustered by PubChem compound; uncertainty is over the observed compound panel, not broader chemical space.
cigs_tcm	cosine	raw	replicate_retrieval_dataset	auroc	auroc	0.8983449809389241	0.8951068740729341	0.9013322609662483	0.0031126934466571	bca	ok	0.95	2000	2000	7020	7020	1816	pubchem_cid			95% BCa bootstrap CI clustered by PubChem compound; uncertainty is over the observed compound panel, not broader chemical space.
cigs_tcm	cosine	raw	replicate_retrieval_dataset	null_expected_normalized_rank	null_expected_normalized_rank	0.6880059605120437	0.6856648438747388	0.6907404148276508	0.0025377854764560004	bca	ok	0.95	2000	2000	7020	7020	1816	pubchem_cid			95% BCa bootstrap CI clustered by PubChem compound; uncertainty is over the observed compound panel, not broader chemical space.
cigs_tcm	cosine	raw	replicate_retrieval_dataset	observed_minus_null	observed_minus_null	0.27546335810219486	0.2729816899192775	0.2779913578478647	0.0025048339642936013	bca	ok	0.95	2000	2000	7020	7020	1816	pubchem_cid			95% BCa bootstrap CI clustered by PubChem compound; uncertainty is over the observed compound panel, not broader chemical space.
cigs_tcm	cosine	raw	replicate_retrieval_dataset	centroid_normalized_rank	centroid_normalized_rank	0.8617233226275749	0.8578465901094283	0.8660144984908787	0.004083954190725214	bca	ok	0.95	2000	2000	7020	7020	1816	pubchem_cid			95% BCa bootstrap CI clustered by PubChem compound; uncertainty is over the observed compound panel, not broader chemical space.
cigs_tcm	cosine	raw	replicate_retrieval_dataset	delta_vs_centroid	observed_minus_centroid	0.10174599598666353	0.09799135194980109	0.10588891862833676	0.003948783339267833	bca	ok	0.95	2000	2000	7020	7020	1816	pubchem_cid			95% BCa bootstrap CI clustered by PubChem compound; uncertainty is over the observed compound panel, not broader chemical space.
cigs_tcm	spearman	raw	replicate_retrieval_dataset	observed_normalized_rank	observed_normalized_rank	0.9761240280367045	0.9746274797777215	0.9773241316213641	0.001348325921821325	bca	ok	0.95	2000	2000	7020	7020	1816	pubchem_cid			95% BCa bootstrap CI clustered by PubChem compound; uncertainty is over the observed compound panel, not broader chemical space.
cigs_tcm	spearman	raw	replicate_retrieval_dataset	recall_at_1	recall_at_1	0.24651946818613485	0.23314143705152443	0.2598681486503182	0.01336335579939689	bca	ok	0.95	2000	2000	7020	7020	1816	pubchem_cid			95% BCa bootstrap CI clustered by PubChem compound; uncertainty is over the observed compound panel, not broader chemical space.
cigs_tcm	spearman	raw	replicate_retrieval_dataset	auroc	auroc	0.9292598439282187	0.9263870645190802	0.9316979037168913	0.002655419598905584	bca	ok	0.95	2000	2000	7020	7020	1816	pubchem_cid			95% BCa bootstrap CI clustered by PubChem compound; uncertainty is over the observed compound panel, not broader chemical space.
cigs_tcm	spearman	raw	replicate_retrieval_dataset	null_expected_normalized_rank	null_expected_normalized_rank	0.6880059605120437	0.6856923760610426	0.6905408844174741	0.0024242541782157345	bca	ok	0.95	2000	2000	7020	7020	1816	pubchem_cid			95% BCa bootstrap CI clustered by PubChem compound; uncertainty is over the observed compound panel, not broader chemical space.
cigs_tcm	spearman	raw	replicate_retrieval_dataset	observed_minus_null	observed_minus_null	0.2881180675246609	0.2856465775127994	0.2905660139961763	0.0024597182416884467	bca	ok	0.95	2000	2000	7020	7020	1816	pubchem_cid			95% BCa bootstrap CI clustered by PubChem compound; uncertainty is over the observed compound panel, not broader chemical space.
cigs_tcm	spearman	raw	replicate_retrieval_dataset	centroid_normalized_rank	centroid_normalized_rank	0.8634075049663602	0.859225503022462	0.867414286039035	0.004094391508286499	bca	ok	0.95	2000	2000	7020	7020	1816	pubchem_cid			95% BCa bootstrap CI clustered by PubChem compound; uncertainty is over the observed compound panel, not broader chemical space.
cigs_tcm	spearman	raw	replicate_retrieval_dataset	delta_vs_centroid	observed_minus_centroid	0.11271652307034417	0.10854931282934425	0.11667266461048069	0.004061675890568217	bca	ok	0.95	2000	2000	7020	7020	1816	pubchem_cid			95% BCa bootstrap CI clustered by PubChem compound; uncertainty is over the observed compound panel, not broader chemical space.
cigs_tcm	cosine	per_gene_population_zscore_dataset	replicate_retrieval_dataset	observed_normalized_rank	observed_normalized_rank	0.9769612508509344	0.9756396377226428	0.978124920538025	0.0012426414076910919	bca	ok	0.95	2000	2000	7020	7020	1816	pubchem_cid			95% BCa bootstrap CI clustered by PubChem compound; uncertainty is over the observed compound panel, not broader chemical space.
cigs_tcm	cosine	per_gene_population_zscore_dataset	replicate_retrieval_dataset	recall_at_1	recall_at_1	0.2507692307692308	0.23737422454933088	0.2642044721385895	0.013415123794629308	bca	ok	0.95	2000	2000	7020	7020	1816	pubchem_cid			95% BCa bootstrap CI clustered by PubChem compound; uncertainty is over the observed compound panel, not broader chemical space.
cigs_tcm	cosine	per_gene_population_zscore_dataset	replicate_retrieval_dataset	auroc	auroc	0.9306422569120522	0.9278664170555005	0.9330230605655749	0.002578321755037194	bca	ok	0.95	2000	2000	7020	7020	1816	pubchem_cid			95% BCa bootstrap CI clustered by PubChem compound; uncertainty is over the observed compound panel, not broader chemical space.
cigs_tcm	cosine	per_gene_population_zscore_dataset	replicate_retrieval_dataset	null_expected_normalized_rank	null_expected_normalized_rank	0.6880059605120437	0.6855849307081565	0.690629044716588	0.002522057004215761	bca	ok	0.95	2000	2000	7020	7020	1816	pubchem_cid			95% BCa bootstrap CI clustered by PubChem compound; uncertainty is over the observed compound panel, not broader chemical space.
cigs_tcm	cosine	per_gene_population_zscore_dataset	replicate_retrieval_dataset	observed_minus_null	observed_minus_null	0.28895529033889106	0.28646973910831347	0.29132305957219895	0.00242666023194274	bca	ok	0.95	2000	2000	7020	7020	1816	pubchem_cid			95% BCa bootstrap CI clustered by PubChem compound; uncertainty is over the observed compound panel, not broader chemical space.
cigs_tcm	cosine	per_gene_population_zscore_dataset	replicate_retrieval_dataset	centroid_normalized_rank	centroid_normalized_rank	0.8380808051314291	0.8338089269174562	0.8422159740700756	0.004203523576309709	bca	ok	0.95	2000	2000	7020	7020	1816	pubchem_cid			95% BCa bootstrap CI clustered by PubChem compound; uncertainty is over the observed compound panel, not broader chemical space.
cigs_tcm	cosine	per_gene_population_zscore_dataset	replicate_retrieval_dataset	delta_vs_centroid	observed_minus_centroid	0.13888044571950536	0.13458575125559413	0.143269059549066	0.004341654146735929	bca	ok	0.95	2000	2000	7020	7020	1816	pubchem_cid			95% BCa bootstrap CI clustered by PubChem compound; uncertainty is over the observed compound panel, not broader chemical space.
cigs_tcm	spearman	per_gene_population_zscore_dataset	replicate_retrieval_dataset	observed_normalized_rank	observed_normalized_rank	0.9802456606731013	0.9790075434126984	0.9813580263231964	0.0011752414552489987	bca	ok	0.95	2000	2000	7020	7020	1816	pubchem_cid			95% BCa bootstrap CI clustered by PubChem compound; uncertainty is over the observed compound panel, not broader chemical space.
cigs_tcm	spearman	per_gene_population_zscore_dataset	replicate_retrieval_dataset	recall_at_1	recall_at_1	0.26285375118708454	0.24944914320760675	0.2763014472606746	0.013426152026533938	bca	ok	0.95	2000	2000	7020	7020	1816	pubchem_cid			95% BCa bootstrap CI clustered by PubChem compound; uncertainty is over the observed compound panel, not broader chemical space.
cigs_tcm	spearman	per_gene_population_zscore_dataset	replicate_retrieval_dataset	auroc	auroc	0.9399412894349151	0.9374988623402674	0.9423874588633665	0.002444298261549571	bca	ok	0.95	2000	2000	7020	7020	1816	pubchem_cid			95% BCa bootstrap CI clustered by PubChem compound; uncertainty is over the observed compound panel, not broader chemical space.
cigs_tcm	spearman	per_gene_population_zscore_dataset	replicate_retrieval_dataset	null_expected_normalized_rank	null_expected_normalized_rank	0.6880059605120437	0.6855469177761909	0.6903950110667917	0.0024240466453003817	bca	ok	0.95	2000	2000	7020	7020	1816	pubchem_cid			95% BCa bootstrap CI clustered by PubChem compound; uncertainty is over the observed compound panel, not broader chemical space.
cigs_tcm	spearman	per_gene_population_zscore_dataset	replicate_retrieval_dataset	observed_minus_null	observed_minus_null	0.29223970016105794	0.28981206048040503	0.29460799420646083	0.0023979668630279005	bca	ok	0.95	2000	2000	7020	7020	1816	pubchem_cid			95% BCa bootstrap CI clustered by PubChem compound; uncertainty is over the observed compound panel, not broader chemical space.
cigs_tcm	spearman	per_gene_population_zscore_dataset	replicate_retrieval_dataset	centroid_normalized_rank	centroid_normalized_rank	0.8411631375620572	0.8370780887850122	0.8452579858424023	0.004089948528695042	bca	ok	0.95	2000	2000	7020	7020	1816	pubchem_cid			95% BCa bootstrap CI clustered by PubChem compound; uncertainty is over the observed compound panel, not broader chemical space.
cigs_tcm	spearman	per_gene_population_zscore_dataset	replicate_retrieval_dataset	delta_vs_centroid	observed_minus_centroid	0.1390825231110442	0.13527399964965744	0.1435812447297769	0.004153622540059729	bca	ok	0.95	2000	2000	7020	7020	1816	pubchem_cid			95% BCa bootstrap CI clustered by PubChem compound; uncertainty is over the observed compound panel, not broader chemical space.
cigs_tcm	cosine	per_gene_population_zscore_dataset_cell_type	replicate_retrieval_dataset	observed_normalized_rank	observed_normalized_rank	0.9781965569999098	0.9768741238969769	0.9793274364903305	0.0012266562966767869	bca	ok	0.95	2000	2000	7020	7020	1816	pubchem_cid			95% BCa bootstrap CI clustered by PubChem compound; uncertainty is over the observed compound panel, not broader chemical space.
cigs_tcm	cosine	per_gene_population_zscore_dataset_cell_type	replicate_retrieval_dataset	recall_at_1	recall_at_1	0.2553988603988604	0.24207339171205663	0.27006898171553023	0.013997795001736799	bca	ok	0.95	2000	2000	7020	7020	1816	pubchem_cid			95% BCa bootstrap CI clustered by PubChem compound; uncertainty is over the observed compound panel, not broader chemical space.
cigs_tcm	cosine	per_gene_population_zscore_dataset_cell_type	replicate_retrieval_dataset	auroc	auroc	0.93425340804194	0.9317558932863275	0.9367375886999967	0.002490847706834609	bca	ok	0.95	2000	2000	7020	7020	1816	pubchem_cid			95% BCa bootstrap CI clustered by PubChem compound; uncertainty is over the observed compound panel, not broader chemical space.
cigs_tcm	cosine	per_gene_population_zscore_dataset_cell_type	replicate_retrieval_dataset	null_expected_normalized_rank	null_expected_normalized_rank	0.6880059605120437	0.6854683789015307	0.6903491327398961	0.0024403769191826963	bca	ok	0.95	2000	2000	7020	7020	1816	pubchem_cid			95% BCa bootstrap CI clustered by PubChem compound; uncertainty is over the observed compound panel, not broader chemical space.
cigs_tcm	cosine	per_gene_population_zscore_dataset_cell_type	replicate_retrieval_dataset	observed_minus_null	observed_minus_null	0.29019059648786616	0.2878529711631277	0.2926944920039314	0.0024207604204018462	bca	ok	0.95	2000	2000	7020	7020	1816	pubchem_cid			95% BCa bootstrap CI clustered by PubChem compound; uncertainty is over the observed compound panel, not broader chemical space.
cigs_tcm	cosine	per_gene_population_zscore_dataset_cell_type	replicate_retrieval_dataset	centroid_normalized_rank	centroid_normalized_rank	0.7886987247305289	0.7835286452594754	0.7935877035000091	0.005029529120266829	bca	ok	0.95	2000	2000	7020	7020	1816	pubchem_cid			95% BCa bootstrap CI clustered by PubChem compound; uncertainty is over the observed compound panel, not broader chemical space.
cigs_tcm	cosine	per_gene_population_zscore_dataset_cell_type	replicate_retrieval_dataset	delta_vs_centroid	observed_minus_centroid	0.18949783226938077	0.18417602794552324	0.19460517056791435	0.005214571311195557	bca	ok	0.95	2000	2000	7020	7020	1816	pubchem_cid			95% BCa bootstrap CI clustered by PubChem compound; uncertainty is over the observed compound panel, not broader chemical space.
cigs_tcm	spearman	per_gene_population_zscore_dataset_cell_type	replicate_retrieval_dataset	observed_normalized_rank	observed_normalized_rank	0.9808834628212859	0.9797259823714354	0.9819880441156265	0.0011310308720955398	bca	ok	0.95	2000	2000	7020	7020	1816	pubchem_cid			95% BCa bootstrap CI clustered by PubChem compound; uncertainty is over the observed compound panel, not broader chemical space.
cigs_tcm	spearman	per_gene_population_zscore_dataset_cell_type	replicate_retrieval_dataset	recall_at_1	recall_at_1	0.26679487179487177	0.2534756440334178	0.2799578114126405	0.013241083689611327	bca	ok	0.95	2000	2000	7020	7020	1816	pubchem_cid			95% BCa bootstrap CI clustered by PubChem compound; uncertainty is over the observed compound panel, not broader chemical space.
cigs_tcm	spearman	per_gene_population_zscore_dataset_cell_type	replicate_retrieval_dataset	auroc	auroc	0.9417313215748729	0.9391943419678684	0.9439587841900544	0.002382221111092986	bca	ok	0.95	2000	2000	7020	7020	1816	pubchem_cid			95% BCa bootstrap CI clustered by PubChem compound; uncertainty is over the observed compound panel, not broader chemical space.
cigs_tcm	spearman	per_gene_population_zscore_dataset_cell_type	replicate_retrieval_dataset	null_expected_normalized_rank	null_expected_normalized_rank	0.6880059605120437	0.6855362334538748	0.6905029271445616	0.0024833468453434038	bca	ok	0.95	2000	2000	7020	7020	1816	pubchem_cid			95% BCa bootstrap CI clustered by PubChem compound; uncertainty is over the observed compound panel, not broader chemical space.
cigs_tcm	spearman	per_gene_population_zscore_dataset_cell_type	replicate_retrieval_dataset	observed_minus_null	observed_minus_null	0.2928775023092423	0.29057448700894195	0.2952973769931569	0.00236144499210747	bca	ok	0.95	2000	2000	7020	7020	1816	pubchem_cid			95% BCa bootstrap CI clustered by PubChem compound; uncertainty is over the observed compound panel, not broader chemical space.
cigs_tcm	spearman	per_gene_population_zscore_dataset_cell_type	replicate_retrieval_dataset	centroid_normalized_rank	centroid_normalized_rank	0.7835527740217256	0.7783392344619392	0.7885503275890245	0.005105546563542673	bca	ok	0.95	2000	2000	7020	7020	1816	pubchem_cid			95% BCa bootstrap CI clustered by PubChem compound; uncertainty is over the observed compound panel, not broader chemical space.
cigs_tcm	spearman	per_gene_population_zscore_dataset_cell_type	replicate_retrieval_dataset	delta_vs_centroid	observed_minus_centroid	0.19733068879956017	0.19210282729100298	0.20228319464635927	0.005090183677678148	bca	ok	0.95	2000	2000	7020	7020	1816	pubchem_cid			95% BCa bootstrap CI clustered by PubChem compound; uncertainty is over the observed compound panel, not broader chemical space.
l1000_phase1	cosine	raw	replicate_retrieval_dataset	observed_normalized_rank	observed_normalized_rank	0.8339391976007295	0.8168871787839044	0.848436435912404	0.015774628564249826	bca	ok	0.95	2000	2000	2517	2517	272	pubchem_cid			95% BCa bootstrap CI clustered by PubChem compound; uncertainty is over the observed compound panel, not broader chemical space.
l1000_phase1	cosine	raw	replicate_retrieval_dataset	recall_at_1	recall_at_1	0.10309520746153614	0.084380511333851	0.12687923151126176	0.021249360088705385	bca	ok	0.95	2000	2000	2517	2517	272	pubchem_cid			95% BCa bootstrap CI clustered by PubChem compound; uncertainty is over the observed compound panel, not broader chemical space.
l1000_phase1	cosine	raw	replicate_retrieval_dataset	auroc	auroc	0.6748551102915795	0.6535898019609848	0.6953744408894071	0.020892319464211162	bca	ok	0.95	2000	2000	2517	2517	272	pubchem_cid			95% BCa bootstrap CI clustered by PubChem compound; uncertainty is over the observed compound panel, not broader chemical space.
l1000_phase1	cosine	raw	replicate_retrieval_dataset	null_expected_normalized_rank	null_expected_normalized_rank	0.7124388762764542	0.7040539277569939	0.7230335782791232	0.009489825261064622	bca	ok	0.95	2000	2000	2517	2517	272	pubchem_cid			95% BCa bootstrap CI clustered by PubChem compound; uncertainty is over the observed compound panel, not broader chemical space.
l1000_phase1	cosine	raw	replicate_retrieval_dataset	observed_minus_null	observed_minus_null	0.12150032132427538	0.10895823162098145	0.1352599525570405	0.013150860468029532	bca	ok	0.95	2000	2000	2517	2517	272	pubchem_cid			95% BCa bootstrap CI clustered by PubChem compound; uncertainty is over the observed compound panel, not broader chemical space.
l1000_phase1	cosine	raw	replicate_retrieval_dataset	centroid_normalized_rank	centroid_normalized_rank	0.775507420065987	0.7593417240682003	0.7888895848884959	0.014773930410147795	bca	ok	0.95	2000	2000	2517	2437	271	pubchem_cid			95% BCa bootstrap CI clustered by PubChem compound; uncertainty is over the observed compound panel, not broader chemical space.
l1000_phase1	cosine	raw	replicate_retrieval_dataset	delta_vs_centroid	observed_minus_centroid	0.059501707871932284	0.04400364672871941	0.07514954229337414	0.015572947782327366	bca	ok	0.95	2000	2000	2517	2437	271	pubchem_cid			95% BCa bootstrap CI clustered by PubChem compound; uncertainty is over the observed compound panel, not broader chemical space.
l1000_phase1	spearman	raw	replicate_retrieval_dataset	observed_normalized_rank	observed_normalized_rank	0.8548141610054852	0.8397612811775799	0.869074179095293	0.014656448958856594	bca	ok	0.95	2000	2000	2517	2517	272	pubchem_cid			95% BCa bootstrap CI clustered by PubChem compound; uncertainty is over the observed compound panel, not broader chemical space.
l1000_phase1	spearman	raw	replicate_retrieval_dataset	recall_at_1	recall_at_1	0.11239322873303238	0.09230792616822507	0.13479870281270465	0.021245388322239787	bca	ok	0.95	2000	2000	2517	2517	272	pubchem_cid			95% BCa bootstrap CI clustered by PubChem compound; uncertainty is over the observed compound panel, not broader chemical space.
l1000_phase1	spearman	raw	replicate_retrieval_dataset	auroc	auroc	0.7012270356048	0.682307903197432	0.7247494901315408	0.02122079346705441	bca	ok	0.95	2000	2000	2517	2517	272	pubchem_cid			95% BCa bootstrap CI clustered by PubChem compound; uncertainty is over the observed compound panel, not broader chemical space.
l1000_phase1	spearman	raw	replicate_retrieval_dataset	null_expected_normalized_rank	null_expected_normalized_rank	0.7124388762764542	0.7043066081170516	0.7239654082049757	0.009829400043962044	bca	ok	0.95	2000	2000	2517	2517	272	pubchem_cid			95% BCa bootstrap CI clustered by PubChem compound; uncertainty is over the observed compound panel, not broader chemical space.
l1000_phase1	spearman	raw	replicate_retrieval_dataset	observed_minus_null	observed_minus_null	0.14237528472903105	0.1290812292069541	0.15453527492712	0.01272702286008294	bca	ok	0.95	2000	2000	2517	2517	272	pubchem_cid			95% BCa bootstrap CI clustered by PubChem compound; uncertainty is over the observed compound panel, not broader chemical space.
l1000_phase1	spearman	raw	replicate_retrieval_dataset	centroid_normalized_rank	centroid_normalized_rank	0.7281526599417462	0.714187768706952	0.7433759745169931	0.014594102905020556	bca	ok	0.95	2000	2000	2517	2437	271	pubchem_cid			95% BCa bootstrap CI clustered by PubChem compound; uncertainty is over the observed compound panel, not broader chemical space.
l1000_phase1	spearman	raw	replicate_retrieval_dataset	delta_vs_centroid	observed_minus_centroid	0.12721953692495172	0.10957621836688712	0.14201324640072405	0.016218514016918463	bca	ok	0.95	2000	2000	2517	2437	271	pubchem_cid			95% BCa bootstrap CI clustered by PubChem compound; uncertainty is over the observed compound panel, not broader chemical space.
l1000_phase1	cosine	per_gene_population_zscore_dataset	replicate_retrieval_dataset	observed_normalized_rank	observed_normalized_rank	0.8456148155848182	0.8310350035733113	0.8604983409582712	0.014731668692479938	bca	ok	0.95	2000	2000	2517	2517	272	pubchem_cid			95% BCa bootstrap CI clustered by PubChem compound; uncertainty is over the observed compound panel, not broader chemical space.
l1000_phase1	cosine	per_gene_population_zscore_dataset	replicate_retrieval_dataset	recall_at_1	recall_at_1	0.11011444096359638	0.09006404347943812	0.13368513802004567	0.021810547270303772	bca	ok	0.95	2000	2000	2517	2517	272	pubchem_cid			95% BCa bootstrap CI clustered by PubChem compound; uncertainty is over the observed compound panel, not broader chemical space.
l1000_phase1	cosine	per_gene_population_zscore_dataset	replicate_retrieval_dataset	auroc	auroc	0.6901219543715247	0.6700203667441025	0.7122312491670955	0.02110544121149649	bca	ok	0.95	2000	2000	2517	2517	272	pubchem_cid			95% BCa bootstrap CI clustered by PubChem compound; uncertainty is over the observed compound panel, not broader chemical space.
l1000_phase1	cosine	per_gene_population_zscore_dataset	replicate_retrieval_dataset	null_expected_normalized_rank	null_expected_normalized_rank	0.7124388762764542	0.7043330394085677	0.7234934272452173	0.009580193918324764	bca	ok	0.95	2000	2000	2517	2517	272	pubchem_cid			95% BCa bootstrap CI clustered by PubChem compound; uncertainty is over the observed compound panel, not broader chemical space.
l1000_phase1	cosine	per_gene_population_zscore_dataset	replicate_retrieval_dataset	observed_minus_null	observed_minus_null	0.13317593930836397	0.12024440462465623	0.1461522220791846	0.012953908727264186	bca	ok	0.95	2000	2000	2517	2517	272	pubchem_cid			95% BCa bootstrap CI clustered by PubChem compound; uncertainty is over the observed compound panel, not broader chemical space.
l1000_phase1	cosine	per_gene_population_zscore_dataset	replicate_retrieval_dataset	centroid_normalized_rank	centroid_normalized_rank	0.7606553504946327	0.7452511421737706	0.7739961308664188	0.014372494346324094	bca	ok	0.95	2000	2000	2517	2437	271	pubchem_cid			95% BCa bootstrap CI clustered by PubChem compound; uncertainty is over the observed compound panel, not broader chemical space.
l1000_phase1	cosine	per_gene_population_zscore_dataset	replicate_retrieval_dataset	delta_vs_centroid	observed_minus_centroid	0.08573906304403699	0.07082019259606231	0.10212397536800848	0.01565189138597308	bca	ok	0.95	2000	2000	2517	2437	271	pubchem_cid			95% BCa bootstrap CI clustered by PubChem compound; uncertainty is over the observed compound panel, not broader chemical space.
l1000_phase1	spearman	per_gene_population_zscore_dataset	replicate_retrieval_dataset	observed_normalized_rank	observed_normalized_rank	0.8613467264478668	0.8461080076113202	0.8746010321207455	0.014246512254712629	bca	ok	0.95	2000	2000	2517	2517	272	pubchem_cid			95% BCa bootstrap CI clustered by PubChem compound; uncertainty is over the observed compound panel, not broader chemical space.
l1000_phase1	spearman	per_gene_population_zscore_dataset	replicate_retrieval_dataset	recall_at_1	recall_at_1	0.1153422147206066	0.09507867949339056	0.14130432707651427	0.023112823791561855	bca	ok	0.95	2000	2000	2517	2517	272	pubchem_cid			95% BCa bootstrap CI clustered by PubChem compound; uncertainty is over the observed compound panel, not broader chemical space.
l1000_phase1	spearman	per_gene_population_zscore_dataset	replicate_retrieval_dataset	auroc	auroc	0.7111131743880893	0.6923233286738621	0.7332879966634893	0.020482333994813584	bca	ok	0.95	2000	2000	2517	2517	272	pubchem_cid			95% BCa bootstrap CI clustered by PubChem compound; uncertainty is over the observed compound panel, not broader chemical space.
l1000_phase1	spearman	per_gene_population_zscore_dataset	replicate_retrieval_dataset	null_expected_normalized_rank	null_expected_normalized_rank	0.7124388762764542	0.7047359162340442	0.7233809306279388	0.009322507196947327	bca	ok	0.95	2000	2000	2517	2517	272	pubchem_cid			95% BCa bootstrap CI clustered by PubChem compound; uncertainty is over the observed compound panel, not broader chemical space.
l1000_phase1	spearman	per_gene_population_zscore_dataset	replicate_retrieval_dataset	observed_minus_null	observed_minus_null	0.1489078501714127	0.1363763479501708	0.1608721477637997	0.01224789990681445	bca	ok	0.95	2000	2000	2517	2517	272	pubchem_cid			95% BCa bootstrap CI clustered by PubChem compound; uncertainty is over the observed compound panel, not broader chemical space.
l1000_phase1	spearman	per_gene_population_zscore_dataset	replicate_retrieval_dataset	centroid_normalized_rank	centroid_normalized_rank	0.7148307306061945	0.6999572786340443	0.7289003102960897	0.014471515831022685	bca	ok	0.95	2000	2000	2517	2437	271	pubchem_cid			95% BCa bootstrap CI clustered by PubChem compound; uncertainty is over the observed compound panel, not broader chemical space.
l1000_phase1	spearman	per_gene_population_zscore_dataset	replicate_retrieval_dataset	delta_vs_centroid	observed_minus_centroid	0.14702747622048293	0.13011594656266257	0.16310493602915221	0.016494494733244824	bca	ok	0.95	2000	2000	2517	2437	271	pubchem_cid			95% BCa bootstrap CI clustered by PubChem compound; uncertainty is over the observed compound panel, not broader chemical space.
l1000_phase1	cosine	per_gene_population_zscore_dataset_cell_type	replicate_retrieval_dataset	observed_normalized_rank	observed_normalized_rank	0.8474564722965244	0.8327090564713828	0.8618756012907242	0.014583272409670667	bca	ok	0.95	2000	2000	2517	2517	272	pubchem_cid			95% BCa bootstrap CI clustered by PubChem compound; uncertainty is over the observed compound panel, not broader chemical space.
l1000_phase1	cosine	per_gene_population_zscore_dataset_cell_type	replicate_retrieval_dataset	recall_at_1	recall_at_1	0.11027308827682472	0.09017354682531888	0.1334304503029982	0.021628451738839656	bca	ok	0.95	2000	2000	2517	2517	272	pubchem_cid			95% BCa bootstrap CI clustered by PubChem compound; uncertainty is over the observed compound panel, not broader chemical space.
l1000_phase1	cosine	per_gene_population_zscore_dataset_cell_type	replicate_retrieval_dataset	auroc	auroc	0.6931445967942573	0.673114394614438	0.7144592584340945	0.02067243190982826	bca	ok	0.95	2000	2000	2517	2517	272	pubchem_cid			95% BCa bootstrap CI clustered by PubChem compound; uncertainty is over the observed compound panel, not broader chemical space.
l1000_phase1	cosine	per_gene_population_zscore_dataset_cell_type	replicate_retrieval_dataset	null_expected_normalized_rank	null_expected_normalized_rank	0.7124388762764542	0.7045514926038874	0.7238930437183932	0.00967077555725293	bca	ok	0.95	2000	2000	2517	2517	272	pubchem_cid			95% BCa bootstrap CI clustered by PubChem compound; uncertainty is over the observed compound panel, not broader chemical space.
l1000_phase1	cosine	per_gene_population_zscore_dataset_cell_type	replicate_retrieval_dataset	observed_minus_null	observed_minus_null	0.1350175960200702	0.12270644055110014	0.1478955090596659	0.012594534254282877	bca	ok	0.95	2000	2000	2517	2517	272	pubchem_cid			95% BCa bootstrap CI clustered by PubChem compound; uncertainty is over the observed compound panel, not broader chemical space.
l1000_phase1	cosine	per_gene_population_zscore_dataset_cell_type	replicate_retrieval_dataset	centroid_normalized_rank	centroid_normalized_rank	0.7098238766117424	0.6964659261136206	0.7256573925832724	0.014595733234825936	bca	ok	0.95	2000	2000	2517	2437	271	pubchem_cid			95% BCa bootstrap CI clustered by PubChem compound; uncertainty is over the observed compound panel, not broader chemical space.
l1000_phase1	cosine	per_gene_population_zscore_dataset_cell_type	replicate_retrieval_dataset	delta_vs_centroid	observed_minus_centroid	0.13828378839869196	0.12109188458536617	0.15568894117892731	0.017298528296780573	bca	ok	0.95	2000	2000	2517	2437	271	pubchem_cid			95% BCa bootstrap CI clustered by PubChem compound; uncertainty is over the observed compound panel, not broader chemical space.
l1000_phase1	spearman	per_gene_population_zscore_dataset_cell_type	replicate_retrieval_dataset	observed_normalized_rank	observed_normalized_rank	0.8643339779575593	0.849107905854651	0.8780091863509077	0.014450640248128366	bca	ok	0.95	2000	2000	2517	2517	272	pubchem_cid			95% BCa bootstrap CI clustered by PubChem compound; uncertainty is over the observed compound panel, not broader chemical space.
l1000_phase1	spearman	per_gene_population_zscore_dataset_cell_type	replicate_retrieval_dataset	recall_at_1	recall_at_1	0.11505923658672051	0.09627179443694969	0.13981135467312236	0.021769780118086335	bca	ok	0.95	2000	2000	2517	2517	272	pubchem_cid			95% BCa bootstrap CI clustered by PubChem compound; uncertainty is over the observed compound panel, not broader chemical space.
l1000_phase1	spearman	per_gene_population_zscore_dataset_cell_type	replicate_retrieval_dataset	auroc	auroc	0.7156474504409399	0.6969287454503101	0.7360292690106884	0.01955026178018915	bca	ok	0.95	2000	2000	2517	2517	272	pubchem_cid			95% BCa bootstrap CI clustered by PubChem compound; uncertainty is over the observed compound panel, not broader chemical space.
l1000_phase1	spearman	per_gene_population_zscore_dataset_cell_type	replicate_retrieval_dataset	null_expected_normalized_rank	null_expected_normalized_rank	0.7124388762764542	0.7043684549246854	0.7231421316668605	0.009386838371087558	bca	ok	0.95	2000	2000	2517	2517	272	pubchem_cid			95% BCa bootstrap CI clustered by PubChem compound; uncertainty is over the observed compound panel, not broader chemical space.
l1000_phase1	spearman	per_gene_population_zscore_dataset_cell_type	replicate_retrieval_dataset	observed_minus_null	observed_minus_null	0.1518951016811049	0.13943165084023787	0.16436407696105995	0.012466213060411041	bca	ok	0.95	2000	2000	2517	2517	272	pubchem_cid			95% BCa bootstrap CI clustered by PubChem compound; uncertainty is over the observed compound panel, not broader chemical space.
l1000_phase1	spearman	per_gene_population_zscore_dataset_cell_type	replicate_retrieval_dataset	centroid_normalized_rank	centroid_normalized_rank	0.6681673130823298	0.6531002790525939	0.6848489107655555	0.015874315856480803	bca	ok	0.95	2000	2000	2517	2437	271	pubchem_cid			95% BCa bootstrap CI clustered by PubChem compound; uncertainty is over the observed compound panel, not broader chemical space.
l1000_phase1	spearman	per_gene_population_zscore_dataset_cell_type	replicate_retrieval_dataset	delta_vs_centroid	observed_minus_centroid	0.19680984654520622	0.17938303975641695	0.21307318433009828	0.016845072286840665	bca	ok	0.95	2000	2000	2517	2437	271	pubchem_cid			95% BCa bootstrap CI clustered by PubChem compound; uncertainty is over the observed compound panel, not broader chemical space.
l1000_phase2	cosine	raw	replicate_retrieval_dataset	observed_normalized_rank	observed_normalized_rank	0.8375942592373805	0.8236463545469642	0.8506373182479022	0.013495481850469004	bca	ok	0.95	2000	2000	2614	2614	226	pubchem_cid			95% BCa bootstrap CI clustered by PubChem compound; uncertainty is over the observed compound panel, not broader chemical space.
l1000_phase2	cosine	raw	replicate_retrieval_dataset	recall_at_1	recall_at_1	0.1471072778494128	0.11648115120759561	0.18838047505813912	0.035949661925271756	bca	ok	0.95	2000	2000	2614	2614	226	pubchem_cid			95% BCa bootstrap CI clustered by PubChem compound; uncertainty is over the observed compound panel, not broader chemical space.
l1000_phase2	cosine	raw	replicate_retrieval_dataset	auroc	auroc	0.6835418705785741	0.6671164728060911	0.702595027897537	0.017739277545722965	bca	ok	0.95	2000	2000	2614	2614	226	pubchem_cid			95% BCa bootstrap CI clustered by PubChem compound; uncertainty is over the observed compound panel, not broader chemical space.
l1000_phase2	cosine	raw	replicate_retrieval_dataset	null_expected_normalized_rank	null_expected_normalized_rank	0.6936237534498197	0.6860254143519267	0.7025054145820107	0.008240000115042001	bca	ok	0.95	2000	2000	2614	2614	226	pubchem_cid			95% BCa bootstrap CI clustered by PubChem compound; uncertainty is over the observed compound panel, not broader chemical space.
l1000_phase2	cosine	raw	replicate_retrieval_dataset	observed_minus_null	observed_minus_null	0.14397050578756074	0.13330500101132514	0.15512101656404018	0.010908007776357517	bca	ok	0.95	2000	2000	2614	2614	226	pubchem_cid			95% BCa bootstrap CI clustered by PubChem compound; uncertainty is over the observed compound panel, not broader chemical space.
l1000_phase2	cosine	raw	replicate_retrieval_dataset	centroid_normalized_rank	centroid_normalized_rank	0.6990282506510214	0.680104019472171	0.7183798317525623	0.019137906140195615	bca	ok	0.95	2000	2000	2614	2612	226	pubchem_cid			95% BCa bootstrap CI clustered by PubChem compound; uncertainty is over the observed compound panel, not broader chemical space.
l1000_phase2	cosine	raw	replicate_retrieval_dataset	delta_vs_centroid	observed_minus_centroid	0.13848669602024063	0.12126046923135408	0.1563020008365838	0.017520765802614857	bca	ok	0.95	2000	2000	2614	2612	226	pubchem_cid			95% BCa bootstrap CI clustered by PubChem compound; uncertainty is over the observed compound panel, not broader chemical space.
l1000_phase2	spearman	raw	replicate_retrieval_dataset	observed_normalized_rank	observed_normalized_rank	0.8868014483057224	0.8771643759362316	0.8969137398781367	0.009874681970952537	bca	ok	0.95	2000	2000	2614	2614	226	pubchem_cid			95% BCa bootstrap CI clustered by PubChem compound; uncertainty is over the observed compound panel, not broader chemical space.
l1000_phase2	spearman	raw	replicate_retrieval_dataset	recall_at_1	recall_at_1	0.16336930880966624	0.13099641364977538	0.19927986917294305	0.034141727761583834	bca	ok	0.95	2000	2000	2614	2614	226	pubchem_cid			95% BCa bootstrap CI clustered by PubChem compound; uncertainty is over the observed compound panel, not broader chemical space.
l1000_phase2	spearman	raw	replicate_retrieval_dataset	auroc	auroc	0.7622647505054875	0.7487760450047748	0.7782761118792699	0.014750033437247567	bca	ok	0.95	2000	2000	2614	2614	226	pubchem_cid			95% BCa bootstrap CI clustered by PubChem compound; uncertainty is over the observed compound panel, not broader chemical space.
l1000_phase2	spearman	raw	replicate_retrieval_dataset	null_expected_normalized_rank	null_expected_normalized_rank	0.6936237534498197	0.6857865334320083	0.702507529036615	0.008360497802303302	bca	ok	0.95	2000	2000	2614	2614	226	pubchem_cid			95% BCa bootstrap CI clustered by PubChem compound; uncertainty is over the observed compound panel, not broader chemical space.
l1000_phase2	spearman	raw	replicate_retrieval_dataset	observed_minus_null	observed_minus_null	0.19317769485590267	0.1847891537840109	0.20196704995777695	0.008588948086883028	bca	ok	0.95	2000	2000	2614	2614	226	pubchem_cid			95% BCa bootstrap CI clustered by PubChem compound; uncertainty is over the observed compound panel, not broader chemical space.
l1000_phase2	spearman	raw	replicate_retrieval_dataset	centroid_normalized_rank	centroid_normalized_rank	0.6075689544227589	0.5853329737072629	0.6315056599003519	0.023086343096544504	bca	ok	0.95	2000	2000	2614	2612	226	pubchem_cid			95% BCa bootstrap CI clustered by PubChem compound; uncertainty is over the observed compound panel, not broader chemical space.
l1000_phase2	spearman	raw	replicate_retrieval_dataset	delta_vs_centroid	observed_minus_centroid	0.2791458181159693	0.2587250080811964	0.30019548082738057	0.020735236373092075	bca	ok	0.95	2000	2000	2614	2612	226	pubchem_cid			95% BCa bootstrap CI clustered by PubChem compound; uncertainty is over the observed compound panel, not broader chemical space.
l1000_phase2	cosine	per_gene_population_zscore_dataset	replicate_retrieval_dataset	observed_normalized_rank	observed_normalized_rank	0.8676287287408878	0.8557080279065951	0.8795028742850585	0.011897423189231704	bca	ok	0.95	2000	2000	2614	2614	226	pubchem_cid			95% BCa bootstrap CI clustered by PubChem compound; uncertainty is over the observed compound panel, not broader chemical space.
l1000_phase2	cosine	per_gene_population_zscore_dataset	replicate_retrieval_dataset	recall_at_1	recall_at_1	0.15749852075771556	0.1250889253841168	0.19774399023583267	0.03632753242585793	bca	ok	0.95	2000	2000	2614	2614	226	pubchem_cid			95% BCa bootstrap CI clustered by PubChem compound; uncertainty is over the observed compound panel, not broader chemical space.
l1000_phase2	cosine	per_gene_population_zscore_dataset	replicate_retrieval_dataset	auroc	auroc	0.7315760748390482	0.7159168909050427	0.7481751682527689	0.016129138673863064	bca	ok	0.95	2000	2000	2614	2614	226	pubchem_cid			95% BCa bootstrap CI clustered by PubChem compound; uncertainty is over the observed compound panel, not broader chemical space.
l1000_phase2	cosine	per_gene_population_zscore_dataset	replicate_retrieval_dataset	null_expected_normalized_rank	null_expected_normalized_rank	0.6936237534498197	0.6862374448508579	0.7029879457471969	0.008375250448169502	bca	ok	0.95	2000	2000	2614	2614	226	pubchem_cid			95% BCa bootstrap CI clustered by PubChem compound; uncertainty is over the observed compound panel, not broader chemical space.
l1000_phase2	cosine	per_gene_population_zscore_dataset	replicate_retrieval_dataset	observed_minus_null	observed_minus_null	0.174004975291068	0.164669131276639	0.1843143771162472	0.009822622919804097	bca	ok	0.95	2000	2000	2614	2614	226	pubchem_cid			95% BCa bootstrap CI clustered by PubChem compound; uncertainty is over the observed compound panel, not broader chemical space.
l1000_phase2	cosine	per_gene_population_zscore_dataset	replicate_retrieval_dataset	centroid_normalized_rank	centroid_normalized_rank	0.6720260975496019	0.6533595097809088	0.6906595670838553	0.01865002865147325	bca	ok	0.95	2000	2000	2614	2612	226	pubchem_cid			95% BCa bootstrap CI clustered by PubChem compound; uncertainty is over the observed compound panel, not broader chemical space.
l1000_phase2	cosine	per_gene_population_zscore_dataset	replicate_retrieval_dataset	delta_vs_centroid	observed_minus_centroid	0.1955237954282283	0.1788839745634469	0.212808246633971	0.016962136035262046	bca	ok	0.95	2000	2000	2614	2612	226	pubchem_cid			95% BCa bootstrap CI clustered by PubChem compound; uncertainty is over the observed compound panel, not broader chemical space.
l1000_phase2	spearman	per_gene_population_zscore_dataset	replicate_retrieval_dataset	observed_normalized_rank	observed_normalized_rank	0.8926691800494981	0.8831801703505742	0.9013609690652054	0.009090399357315593	bca	ok	0.95	2000	2000	2614	2614	226	pubchem_cid			95% BCa bootstrap CI clustered by PubChem compound; uncertainty is over the observed compound panel, not broader chemical space.
l1000_phase2	spearman	per_gene_population_zscore_dataset	replicate_retrieval_dataset	recall_at_1	recall_at_1	0.16848025961030239	0.13746592355209367	0.2096017839814284	0.036067930214667365	bca	ok	0.95	2000	2000	2614	2614	226	pubchem_cid			95% BCa bootstrap CI clustered by PubChem compound; uncertainty is over the observed compound panel, not broader chemical space.
l1000_phase2	spearman	per_gene_population_zscore_dataset	replicate_retrieval_dataset	auroc	auroc	0.7732180960699349	0.7592417552643127	0.7863282406910951	0.01354324271339119	bca	ok	0.95	2000	2000	2614	2614	226	pubchem_cid			95% BCa bootstrap CI clustered by PubChem compound; uncertainty is over the observed compound panel, not broader chemical space.
l1000_phase2	spearman	per_gene_population_zscore_dataset	replicate_retrieval_dataset	null_expected_normalized_rank	null_expected_normalized_rank	0.6936237534498197	0.6857823518665289	0.7028396746063025	0.00852866136988678	bca	ok	0.95	2000	2000	2614	2614	226	pubchem_cid			95% BCa bootstrap CI clustered by PubChem compound; uncertainty is over the observed compound panel, not broader chemical space.
l1000_phase2	spearman	per_gene_population_zscore_dataset	replicate_retrieval_dataset	observed_minus_null	observed_minus_null	0.19904542659967836	0.18985548799249607	0.20735033733279787	0.008747424670150897	bca	ok	0.95	2000	2000	2614	2614	226	pubchem_cid			95% BCa bootstrap CI clustered by PubChem compound; uncertainty is over the observed compound panel, not broader chemical space.
l1000_phase2	spearman	per_gene_population_zscore_dataset	replicate_retrieval_dataset	centroid_normalized_rank	centroid_normalized_rank	0.5976313267078752	0.5765925730258539	0.6186437450899691	0.02102558603205762	bca	ok	0.95	2000	2000	2614	2612	226	pubchem_cid			95% BCa bootstrap CI clustered by PubChem compound; uncertainty is over the observed compound panel, not broader chemical space.
l1000_phase2	spearman	per_gene_population_zscore_dataset	replicate_retrieval_dataset	delta_vs_centroid	observed_minus_centroid	0.29495567047795485	0.2763601272898362	0.31398899092488397	0.018814431817523875	bca	ok	0.95	2000	2000	2614	2612	226	pubchem_cid			95% BCa bootstrap CI clustered by PubChem compound; uncertainty is over the observed compound panel, not broader chemical space.
l1000_phase2	cosine	per_gene_population_zscore_dataset_cell_type	replicate_retrieval_dataset	observed_normalized_rank	observed_normalized_rank	0.8750752469496625	0.864264969174724	0.8848323747568086	0.010283702791042348	bca	ok	0.95	2000	2000	2614	2614	226	pubchem_cid			95% BCa bootstrap CI clustered by PubChem compound; uncertainty is over the observed compound panel, not broader chemical space.
l1000_phase2	cosine	per_gene_population_zscore_dataset_cell_type	replicate_retrieval_dataset	recall_at_1	recall_at_1	0.1611190954304841	0.1280991652649217	0.202163934286415	0.03703238451074664	bca	ok	0.95	2000	2000	2614	2614	226	pubchem_cid			95% BCa bootstrap CI clustered by PubChem compound; uncertainty is over the observed compound panel, not broader chemical space.
l1000_phase2	cosine	per_gene_population_zscore_dataset_cell_type	replicate_retrieval_dataset	auroc	auroc	0.7459674091655137	0.7302450454862196	0.761382029305019	0.015568491909399684	bca	ok	0.95	2000	2000	2614	2614	226	pubchem_cid			95% BCa bootstrap CI clustered by PubChem compound; uncertainty is over the observed compound panel, not broader chemical space.
l1000_phase2	cosine	per_gene_population_zscore_dataset_cell_type	replicate_retrieval_dataset	null_expected_normalized_rank	null_expected_normalized_rank	0.6936237534498197	0.6862160111658212	0.7030452954293073	0.008414642131743033	bca	ok	0.95	2000	2000	2614	2614	226	pubchem_cid			95% BCa bootstrap CI clustered by PubChem compound; uncertainty is over the observed compound panel, not broader chemical space.
l1000_phase2	cosine	per_gene_population_zscore_dataset_cell_type	replicate_retrieval_dataset	observed_minus_null	observed_minus_null	0.18145149349984271	0.1717710341212757	0.1899346551669655	0.009081810522844902	bca	ok	0.95	2000	2000	2614	2614	226	pubchem_cid			95% BCa bootstrap CI clustered by PubChem compound; uncertainty is over the observed compound panel, not broader chemical space.
l1000_phase2	cosine	per_gene_population_zscore_dataset_cell_type	replicate_retrieval_dataset	centroid_normalized_rank	centroid_normalized_rank	0.6295587135259232	0.610516085837326	0.6489974689605862	0.019240691561630108	bca	ok	0.95	2000	2000	2614	2612	226	pubchem_cid			95% BCa bootstrap CI clustered by PubChem compound; uncertainty is over the observed compound panel, not broader chemical space.
l1000_phase2	cosine	per_gene_population_zscore_dataset_cell_type	replicate_retrieval_dataset	delta_vs_centroid	observed_minus_centroid	0.24545465968255137	0.2254908197456498	0.2641783371492712	0.019343758701810695	bca	ok	0.95	2000	2000	2614	2612	226	pubchem_cid			95% BCa bootstrap CI clustered by PubChem compound; uncertainty is over the observed compound panel, not broader chemical space.
l1000_phase2	spearman	per_gene_population_zscore_dataset_cell_type	replicate_retrieval_dataset	observed_normalized_rank	observed_normalized_rank	0.8950530507266604	0.8860947839700029	0.9041448912836965	0.009025053656846804	bca	ok	0.95	2000	2000	2614	2614	226	pubchem_cid			95% BCa bootstrap CI clustered by PubChem compound; uncertainty is over the observed compound panel, not broader chemical space.
l1000_phase2	spearman	per_gene_population_zscore_dataset_cell_type	replicate_retrieval_dataset	recall_at_1	recall_at_1	0.17028750690960803	0.13817053088110332	0.21015725058589807	0.03599335985239738	bca	ok	0.95	2000	2000	2614	2614	226	pubchem_cid			95% BCa bootstrap CI clustered by PubChem compound; uncertainty is over the observed compound panel, not broader chemical space.
l1000_phase2	spearman	per_gene_population_zscore_dataset_cell_type	replicate_retrieval_dataset	auroc	auroc	0.7778048597627599	0.7650006915840315	0.7920533032114014	0.013526305813684969	bca	ok	0.95	2000	2000	2614	2614	226	pubchem_cid			95% BCa bootstrap CI clustered by PubChem compound; uncertainty is over the observed compound panel, not broader chemical space.
l1000_phase2	spearman	per_gene_population_zscore_dataset_cell_type	replicate_retrieval_dataset	null_expected_normalized_rank	null_expected_normalized_rank	0.6936237534498197	0.6863030556805888	0.7031115562119121	0.008404250265661661	bca	ok	0.95	2000	2000	2614	2614	226	pubchem_cid			95% BCa bootstrap CI clustered by PubChem compound; uncertainty is over the observed compound panel, not broader chemical space.
l1000_phase2	spearman	per_gene_population_zscore_dataset_cell_type	replicate_retrieval_dataset	observed_minus_null	observed_minus_null	0.20142929727684064	0.19293882117958433	0.20958846969133196	0.008324824255873817	bca	ok	0.95	2000	2000	2614	2614	226	pubchem_cid			95% BCa bootstrap CI clustered by PubChem compound; uncertainty is over the observed compound panel, not broader chemical space.
l1000_phase2	spearman	per_gene_population_zscore_dataset_cell_type	replicate_retrieval_dataset	centroid_normalized_rank	centroid_normalized_rank	0.5798191193204117	0.558715545615253	0.5999531848595148	0.020618819622130857	bca	ok	0.95	2000	2000	2614	2612	226	pubchem_cid			95% BCa bootstrap CI clustered by PubChem compound; uncertainty is over the observed compound panel, not broader chemical space.
l1000_phase2	spearman	per_gene_population_zscore_dataset_cell_type	replicate_retrieval_dataset	delta_vs_centroid	observed_minus_centroid	0.3151573272802999	0.29442021057821416	0.3346445735236673	0.02011218147272656	bca	ok	0.95	2000	2000	2614	2612	226	pubchem_cid			95% BCa bootstrap CI clustered by PubChem compound; uncertainty is over the observed compound panel, not broader chemical space.
dilimap_train_val	l2	raw	replicate_retrieval_dataset	observed_normalized_rank	observed_normalized_rank	0.9928465159397285	0.9847236452656875	0.9961497679508141	0.00571306134256333	bca	ok	0.95	2000	2000	1184	1184	299	pubchem_cid			95% BCa bootstrap CI clustered by PubChem compound; uncertainty is over the observed compound panel, not broader chemical space.
dilimap_train_val	l2	raw	replicate_retrieval_dataset	recall_at_1	recall_at_1	0.5685643259656418	0.5257657658363394	0.6110845318929654	0.042659383028313014	bca	ok	0.95	2000	2000	1184	1184	299	pubchem_cid			95% BCa bootstrap CI clustered by PubChem compound; uncertainty is over the observed compound panel, not broader chemical space.
dilimap_train_val	l2	raw	replicate_retrieval_dataset	auroc	auroc	0.9762314145333896	0.9669497405179786	0.9820971738346205	0.007573716658320961	bca	ok	0.95	2000	2000	1184	1184	299	pubchem_cid			95% BCa bootstrap CI clustered by PubChem compound; uncertainty is over the observed compound panel, not broader chemical space.
dilimap_train_val	l2	raw	replicate_retrieval_dataset	null_expected_normalized_rank	null_expected_normalized_rank	0.7172851930927981	0.7073163922190109	0.7273833397565229	0.010033473768756018	bca	ok	0.95	2000	2000	1184	1184	299	pubchem_cid			95% BCa bootstrap CI clustered by PubChem compound; uncertainty is over the observed compound panel, not broader chemical space.
dilimap_train_val	l2	raw	replicate_retrieval_dataset	observed_minus_null	observed_minus_null	0.27556132284693025	0.26505713894167443	0.2862212363111882	0.010582048684756873	bca	ok	0.95	2000	2000	1184	1184	299	pubchem_cid			95% BCa bootstrap CI clustered by PubChem compound; uncertainty is over the observed compound panel, not broader chemical space.
dilimap_train_val	l2	raw	replicate_retrieval_dataset	centroid_normalized_rank	centroid_normalized_rank	0.999090991042258	0.9965353482977305	0.9997167577909422	0.001590704746605831	bca	ok	0.95	2000	2000	1184	1176	299	pubchem_cid			95% BCa bootstrap CI clustered by PubChem compound; uncertainty is over the observed compound panel, not broader chemical space.
dilimap_train_val	l2	raw	replicate_retrieval_dataset	delta_vs_centroid	observed_minus_centroid	-0.006292059219624698	-0.014441753403622177	-0.002761681507504875	0.005840035948058651	bca	ok	0.95	2000	2000	1184	1176	299	pubchem_cid			95% BCa bootstrap CI clustered by PubChem compound; uncertainty is over the observed compound panel, not broader chemical space.
dilimap_train_val	l2	per_gene_population_zscore_dataset	replicate_retrieval_dataset	observed_normalized_rank	observed_normalized_rank	0.986059652811286	0.974707899191432	0.991552572487918	0.00842233664824299	bca	ok	0.95	2000	2000	1184	1184	299	pubchem_cid			95% BCa bootstrap CI clustered by PubChem compound; uncertainty is over the observed compound panel, not broader chemical space.
dilimap_train_val	l2	per_gene_population_zscore_dataset	replicate_retrieval_dataset	recall_at_1	recall_at_1	0.5914020042309516	0.5485989662911644	0.6330285649714213	0.04221479934012845	bca	ok	0.95	2000	2000	1184	1184	299	pubchem_cid			95% BCa bootstrap CI clustered by PubChem compound; uncertainty is over the observed compound panel, not broader chemical space.
dilimap_train_val	l2	per_gene_population_zscore_dataset	replicate_retrieval_dataset	auroc	auroc	0.9545459784957794	0.9415439973117367	0.9632558160943244	0.010855909391293883	bca	ok	0.95	2000	2000	1184	1184	299	pubchem_cid			95% BCa bootstrap CI clustered by PubChem compound; uncertainty is over the observed compound panel, not broader chemical space.
dilimap_train_val	l2	per_gene_population_zscore_dataset	replicate_retrieval_dataset	null_expected_normalized_rank	null_expected_normalized_rank	0.7172851930927981	0.7071216991764991	0.7275600210833713	0.010219160953436057	bca	ok	0.95	2000	2000	1184	1184	299	pubchem_cid			95% BCa bootstrap CI clustered by PubChem compound; uncertainty is over the observed compound panel, not broader chemical space.
dilimap_train_val	l2	per_gene_population_zscore_dataset	replicate_retrieval_dataset	observed_minus_null	observed_minus_null	0.2687744597184878	0.25616571741384153	0.2794974561405187	0.011665869363338577	bca	ok	0.95	2000	2000	1184	1184	299	pubchem_cid			95% BCa bootstrap CI clustered by PubChem compound; uncertainty is over the observed compound panel, not broader chemical space.
dilimap_train_val	l2	per_gene_population_zscore_dataset	replicate_retrieval_dataset	centroid_normalized_rank	centroid_normalized_rank	0.9980026466221579	0.994786045055664	0.9990718420066684	0.0021428984755021974	bca	ok	0.95	2000	2000	1184	1176	299	pubchem_cid			95% BCa bootstrap CI clustered by PubChem compound; uncertainty is over the observed compound panel, not broader chemical space.
dilimap_train_val	l2	per_gene_population_zscore_dataset	replicate_retrieval_dataset	delta_vs_centroid	observed_minus_centroid	-0.012036519898626384	-0.0223776083239158	-0.0062239319002562014	0.0080768382118298	bca	ok	0.95	2000	2000	1184	1176	299	pubchem_cid			95% BCa bootstrap CI clustered by PubChem compound; uncertainty is over the observed compound panel, not broader chemical space.
dilimap_train_val	l2	per_gene_population_zscore_dataset_cell_type	replicate_retrieval_dataset	observed_normalized_rank	observed_normalized_rank	0.986059652811286	0.9746587849931925	0.9914617798201802	0.008401497413493886	bca	ok	0.95	2000	2000	1184	1184	299	pubchem_cid			95% BCa bootstrap CI clustered by PubChem compound; uncertainty is over the observed compound panel, not broader chemical space.
dilimap_train_val	l2	per_gene_population_zscore_dataset_cell_type	replicate_retrieval_dataset	recall_at_1	recall_at_1	0.5914020042309516	0.5491454452750831	0.6334542938288551	0.04215442427688598	bca	ok	0.95	2000	2000	1184	1184	299	pubchem_cid			95% BCa bootstrap CI clustered by PubChem compound; uncertainty is over the observed compound panel, not broader chemical space.
dilimap_train_val	l2	per_gene_population_zscore_dataset_cell_type	replicate_retrieval_dataset	auroc	auroc	0.9545459784957794	0.9420569003135258	0.9629122427609652	0.010427671223719681	bca	ok	0.95	2000	2000	1184	1184	299	pubchem_cid			95% BCa bootstrap CI clustered by PubChem compound; uncertainty is over the observed compound panel, not broader chemical space.
dilimap_train_val	l2	per_gene_population_zscore_dataset_cell_type	replicate_retrieval_dataset	null_expected_normalized_rank	null_expected_normalized_rank	0.7172851930927981	0.7078806065143862	0.7278043569935805	0.009961875239597129	bca	ok	0.95	2000	2000	1184	1184	299	pubchem_cid			95% BCa bootstrap CI clustered by PubChem compound; uncertainty is over the observed compound panel, not broader chemical space.
dilimap_train_val	l2	per_gene_population_zscore_dataset_cell_type	replicate_retrieval_dataset	observed_minus_null	observed_minus_null	0.2687744597184878	0.25623005050695236	0.27930275452965303	0.011536352011350337	bca	ok	0.95	2000	2000	1184	1184	299	pubchem_cid			95% BCa bootstrap CI clustered by PubChem compound; uncertainty is over the observed compound panel, not broader chemical space.
dilimap_train_val	l2	per_gene_population_zscore_dataset_cell_type	replicate_retrieval_dataset	centroid_normalized_rank	centroid_normalized_rank	0.9980026466221579	0.9948676174207658	0.9991060828021645	0.0021192326906993575	bca	ok	0.95	2000	2000	1184	1176	299	pubchem_cid			95% BCa bootstrap CI clustered by PubChem compound; uncertainty is over the observed compound panel, not broader chemical space.
dilimap_train_val	l2	per_gene_population_zscore_dataset_cell_type	replicate_retrieval_dataset	delta_vs_centroid	observed_minus_centroid	-0.012036519898626384	-0.022441192121421153	-0.0059204932531760806	0.008260349434122537	bca	ok	0.95	2000	2000	1184	1176	299	pubchem_cid			95% BCa bootstrap CI clustered by PubChem compound; uncertainty is over the observed compound panel, not broader chemical space.
gdpx2	l2	raw	replicate_retrieval_dataset	observed_normalized_rank	observed_normalized_rank	0.992801695247593	0.9912166642244779	0.993952004602449	0.0013676701889855924	bca	ok	0.95	2000	2000	2064	2064	86	pubchem_cid			95% BCa bootstrap CI clustered by PubChem compound; uncertainty is over the observed compound panel, not broader chemical space.
gdpx2	l2	raw	replicate_retrieval_dataset	recall_at_1	recall_at_1	0.30284035852713176	0.25225752837725324	0.3609736476568208	0.05435805963978377	bca	ok	0.95	2000	2000	2064	2064	86	pubchem_cid			95% BCa bootstrap CI clustered by PubChem compound; uncertainty is over the observed compound panel, not broader chemical space.
gdpx2	l2	raw	replicate_retrieval_dataset	auroc	auroc	0.9544213215731603	0.9468478499350824	0.9604565370044074	0.0068043435346624714	bca	ok	0.95	2000	2000	2064	2064	86	pubchem_cid			95% BCa bootstrap CI clustered by PubChem compound; uncertainty is over the observed compound panel, not broader chemical space.
gdpx2	l2	raw	replicate_retrieval_dataset	null_expected_normalized_rank	null_expected_normalized_rank	0.7527701011575758	0.7502242152466363	0.7578618729794551	0.003818828866409385	bca	ok	0.95	2000	2000	2064	2064	86	pubchem_cid			95% BCa bootstrap CI clustered by PubChem compound; uncertainty is over the observed compound panel, not broader chemical space.
gdpx2	l2	raw	replicate_retrieval_dataset	observed_minus_null	observed_minus_null	0.24003159409001634	0.22954599017619506	0.24291089946583516	0.006682454644820049	bca	ok	0.95	2000	2000	2064	2064	86	pubchem_cid			95% BCa bootstrap CI clustered by PubChem compound; uncertainty is over the observed compound panel, not broader chemical space.
gdpx2	l2	raw	replicate_retrieval_dataset	centroid_normalized_rank	centroid_normalized_rank	0.9991207920936139	0.9985536412635817	0.999474541035886	0.00046044988615212556	bca	ok	0.95	2000	2000	2064	2064	86	pubchem_cid			95% BCa bootstrap CI clustered by PubChem compound; uncertainty is over the observed compound panel, not broader chemical space.
gdpx2	l2	raw	replicate_retrieval_dataset	delta_vs_centroid	observed_minus_centroid	-0.006319096846021183	-0.007868869133855231	-0.00486411887140799	0.0015023751312236207	bca	ok	0.95	2000	2000	2064	2064	86	pubchem_cid			95% BCa bootstrap CI clustered by PubChem compound; uncertainty is over the observed compound panel, not broader chemical space.
gdpx2	l2	per_gene_population_zscore_dataset	replicate_retrieval_dataset	observed_normalized_rank	observed_normalized_rank	0.9893348185963954	0.9874168237387948	0.9908730920674004	0.0017281341643027859	bca	ok	0.95	2000	2000	2064	2064	86	pubchem_cid			95% BCa bootstrap CI clustered by PubChem compound; uncertainty is over the observed compound panel, not broader chemical space.
gdpx2	l2	per_gene_population_zscore_dataset	replicate_retrieval_dataset	recall_at_1	recall_at_1	0.27817647771317827	0.22843992248062014	0.3377826640740925	0.05467137079673619	bca	ok	0.95	2000	2000	2064	2064	86	pubchem_cid			95% BCa bootstrap CI clustered by PubChem compound; uncertainty is over the observed compound panel, not broader chemical space.
gdpx2	l2	per_gene_population_zscore_dataset	replicate_retrieval_dataset	auroc	auroc	0.9330210261957947	0.9238561626694402	0.9406393745783761	0.008391605954467973	bca	ok	0.95	2000	2000	2064	2064	86	pubchem_cid			95% BCa bootstrap CI clustered by PubChem compound; uncertainty is over the observed compound panel, not broader chemical space.
gdpx2	l2	per_gene_population_zscore_dataset	replicate_retrieval_dataset	null_expected_normalized_rank	null_expected_normalized_rank	0.7527701011575758	0.7502242152466363	0.7578618729794552	0.0038188288664094405	bca	ok	0.95	2000	2000	2064	2064	86	pubchem_cid			95% BCa bootstrap CI clustered by PubChem compound; uncertainty is over the observed compound panel, not broader chemical space.
gdpx2	l2	per_gene_population_zscore_dataset	replicate_retrieval_dataset	observed_minus_null	observed_minus_null	0.2365647174388188	0.2273124052277897	0.23963339145878437	0.006160493115497337	bca	ok	0.95	2000	2000	2064	2064	86	pubchem_cid			95% BCa bootstrap CI clustered by PubChem compound; uncertainty is over the observed compound panel, not broader chemical space.
gdpx2	l2	per_gene_population_zscore_dataset	replicate_retrieval_dataset	centroid_normalized_rank	centroid_normalized_rank	0.9990750244745464	0.9984375585026766	0.9994047958413581	0.00048361866934076847	bca	ok	0.95	2000	2000	2064	2064	86	pubchem_cid			95% BCa bootstrap CI clustered by PubChem compound; uncertainty is over the observed compound panel, not broader chemical space.
gdpx2	l2	per_gene_population_zscore_dataset	replicate_retrieval_dataset	delta_vs_centroid	observed_minus_centroid	-0.009740205878151267	-0.01176296744726616	-0.0080072134356669	0.0018778770057996308	bca	ok	0.95	2000	2000	2064	2064	86	pubchem_cid			95% BCa bootstrap CI clustered by PubChem compound; uncertainty is over the observed compound panel, not broader chemical space.
gdpx2	l2	per_gene_population_zscore_dataset_cell_type	replicate_retrieval_dataset	observed_normalized_rank	observed_normalized_rank	0.988003601674662	0.9859831398229943	0.9897998828476748	0.0019083715123402456	bca	ok	0.95	2000	2000	2064	2064	86	pubchem_cid			95% BCa bootstrap CI clustered by PubChem compound; uncertainty is over the observed compound panel, not broader chemical space.
gdpx2	l2	per_gene_population_zscore_dataset_cell_type	replicate_retrieval_dataset	recall_at_1	recall_at_1	0.27704093992248063	0.22895387366292239	0.33566669255095727	0.05335640944401744	bca	ok	0.95	2000	2000	2064	2064	86	pubchem_cid			95% BCa bootstrap CI clustered by PubChem compound; uncertainty is over the observed compound panel, not broader chemical space.
gdpx2	l2	per_gene_population_zscore_dataset_cell_type	replicate_retrieval_dataset	auroc	auroc	0.9275490445620038	0.9176739151788348	0.9357271266905431	0.009026605755854178	bca	ok	0.95	2000	2000	2064	2064	86	pubchem_cid			95% BCa bootstrap CI clustered by PubChem compound; uncertainty is over the observed compound panel, not broader chemical space.
gdpx2	l2	per_gene_population_zscore_dataset_cell_type	replicate_retrieval_dataset	null_expected_normalized_rank	null_expected_normalized_rank	0.7527701011575758	0.7502242152466363	0.7578618729794551	0.003818828866409385	bca	ok	0.95	2000	2000	2064	2064	86	pubchem_cid			95% BCa bootstrap CI clustered by PubChem compound; uncertainty is over the observed compound panel, not broader chemical space.
gdpx2	l2	per_gene_population_zscore_dataset_cell_type	replicate_retrieval_dataset	observed_minus_null	observed_minus_null	0.23523350051708553	0.22579187949992133	0.23833469994036854	0.006271410220223608	bca	ok	0.95	2000	2000	2064	2064	86	pubchem_cid			95% BCa bootstrap CI clustered by PubChem compound; uncertainty is over the observed compound panel, not broader chemical space.
gdpx2	l2	per_gene_population_zscore_dataset_cell_type	replicate_retrieval_dataset	centroid_normalized_rank	centroid_normalized_rank	0.999073300723769	0.9985243135651447	0.9994229609480161	0.00044932369143568796	bca	ok	0.95	2000	2000	2064	2064	86	pubchem_cid			95% BCa bootstrap CI clustered by PubChem compound; uncertainty is over the observed compound panel, not broader chemical space.
gdpx2	l2	per_gene_population_zscore_dataset_cell_type	replicate_retrieval_dataset	delta_vs_centroid	observed_minus_centroid	-0.011069699049107047	-0.013374939669035506	-0.00898004762246977	0.0021974460232828683	bca	ok	0.95	2000	2000	2064	2064	86	pubchem_cid			95% BCa bootstrap CI clustered by PubChem compound; uncertainty is over the observed compound panel, not broader chemical space.
novartis_batch_2500	l2	raw	replicate_retrieval_dataset	observed_normalized_rank	observed_normalized_rank	0.7517389216972762	0.7470347852262036	0.7563964983190705	0.004680856546433465	bca	ok	0.95	2000	2000	15276	15276	3819	pubchem_cid			95% BCa bootstrap CI clustered by PubChem compound; uncertainty is over the observed compound panel, not broader chemical space.
novartis_batch_2500	l2	raw	replicate_retrieval_dataset	recall_at_1	recall_at_1	0.05331893165750196	0.04682289250521712	0.06031469499199931	0.006745901243391094	bca	ok	0.95	2000	2000	15276	15276	3819	pubchem_cid			95% BCa bootstrap CI clustered by PubChem compound; uncertainty is over the observed compound panel, not broader chemical space.
novartis_batch_2500	l2	raw	replicate_retrieval_dataset	auroc	auroc	0.6249458399123782	0.6200888141157384	0.6300192326323012	0.004965209258281422	bca	ok	0.95	2000	2000	15276	15276	3819	pubchem_cid			95% BCa bootstrap CI clustered by PubChem compound; uncertainty is over the observed compound panel, not broader chemical space.
novartis_batch_2500	l2	raw	replicate_retrieval_dataset	null_expected_normalized_rank	null_expected_normalized_rank	0.6766241827115096	0.6754349044859379	0.677973349258652	0.0012692223863570717	bca	ok	0.95	2000	2000	15276	15276	3819	pubchem_cid			95% BCa bootstrap CI clustered by PubChem compound; uncertainty is over the observed compound panel, not broader chemical space.
novartis_batch_2500	l2	raw	replicate_retrieval_dataset	observed_minus_null	observed_minus_null	0.07511473898576679	0.07058271593774927	0.07957878686444747	0.0044980354633491	bca	ok	0.95	2000	2000	15276	15276	3819	pubchem_cid			95% BCa bootstrap CI clustered by PubChem compound; uncertainty is over the observed compound panel, not broader chemical space.
novartis_batch_2500	l2	raw	replicate_retrieval_dataset	centroid_normalized_rank	centroid_normalized_rank	0.999824926390049	0.9997727768956349	0.9998577785392959	4.250082183049342e-05	bca	ok	0.95	2000	2000	15276	15276	3819	pubchem_cid			95% BCa bootstrap CI clustered by PubChem compound; uncertainty is over the observed compound panel, not broader chemical space.
novartis_batch_2500	l2	raw	replicate_retrieval_dataset	delta_vs_centroid	observed_minus_centroid	-0.24808600469277275	-0.25282798754202696	-0.2433147061951135	0.004756640673456727	bca	ok	0.95	2000	2000	15276	15276	3819	pubchem_cid			95% BCa bootstrap CI clustered by PubChem compound; uncertainty is over the observed compound panel, not broader chemical space.
novartis_batch_2500	l2	per_gene_population_zscore_dataset	replicate_retrieval_dataset	observed_normalized_rank	observed_normalized_rank	0.7734177745223485	0.7688195508694373	0.7776713251196341	0.004425887125098393	bca	ok	0.95	2000	2000	15276	15276	3819	pubchem_cid			95% BCa bootstrap CI clustered by PubChem compound; uncertainty is over the observed compound panel, not broader chemical space.
novartis_batch_2500	l2	per_gene_population_zscore_dataset	replicate_retrieval_dataset	recall_at_1	recall_at_1	0.05757397224404295	0.05034642820108097	0.06466762214202429	0.00716059697047166	bca	ok	0.95	2000	2000	15276	15276	3819	pubchem_cid			95% BCa bootstrap CI clustered by PubChem compound; uncertainty is over the observed compound panel, not broader chemical space.
novartis_batch_2500	l2	per_gene_population_zscore_dataset	replicate_retrieval_dataset	auroc	auroc	0.641680957412267	0.6372150096518077	0.6466522581175493	0.004718624232870838	bca	ok	0.95	2000	2000	15276	15276	3819	pubchem_cid			95% BCa bootstrap CI clustered by PubChem compound; uncertainty is over the observed compound panel, not broader chemical space.
novartis_batch_2500	l2	per_gene_population_zscore_dataset	replicate_retrieval_dataset	null_expected_normalized_rank	null_expected_normalized_rank	0.6766241827115096	0.6754784116596457	0.6779145981737174	0.0012180932570358127	bca	ok	0.95	2000	2000	15276	15276	3819	pubchem_cid			95% BCa bootstrap CI clustered by PubChem compound; uncertainty is over the observed compound panel, not broader chemical space.
novartis_batch_2500	l2	per_gene_population_zscore_dataset	replicate_retrieval_dataset	observed_minus_null	observed_minus_null	0.09679359181083913	0.0924917977003128	0.10094515317509675	0.004226677737391979	bca	ok	0.95	2000	2000	15276	15276	3819	pubchem_cid			95% BCa bootstrap CI clustered by PubChem compound; uncertainty is over the observed compound panel, not broader chemical space.
novartis_batch_2500	l2	per_gene_population_zscore_dataset	replicate_retrieval_dataset	centroid_normalized_rank	centroid_normalized_rank	0.9995979001201994	0.999488561078629	0.9996685671663265	9.000304384870761e-05	bca	ok	0.95	2000	2000	15276	15276	3819	pubchem_cid			95% BCa bootstrap CI clustered by PubChem compound; uncertainty is over the observed compound panel, not broader chemical space.
novartis_batch_2500	l2	per_gene_population_zscore_dataset	replicate_retrieval_dataset	delta_vs_centroid	observed_minus_centroid	-0.22618012559785086	-0.23067873853429788	-0.22221162886674983	0.0042335548337740225	bca	ok	0.95	2000	2000	15276	15276	3819	pubchem_cid			95% BCa bootstrap CI clustered by PubChem compound; uncertainty is over the observed compound panel, not broader chemical space.
novartis_batch_2500	l2	per_gene_population_zscore_dataset_cell_type	replicate_retrieval_dataset	observed_normalized_rank	observed_normalized_rank	0.7734177745223485	0.769023016247126	0.7781634172527707	0.0045702005028223636	bca	ok	0.95	2000	2000	15276	15276	3819	pubchem_cid			95% BCa bootstrap CI clustered by PubChem compound; uncertainty is over the observed compound panel, not broader chemical space.
novartis_batch_2500	l2	per_gene_population_zscore_dataset_cell_type	replicate_retrieval_dataset	recall_at_1	recall_at_1	0.05757397224404295	0.05141819299766501	0.06525164370611192	0.006916725354223455	bca	ok	0.95	2000	2000	15276	15276	3819	pubchem_cid			95% BCa bootstrap CI clustered by PubChem compound; uncertainty is over the observed compound panel, not broader chemical space.
novartis_batch_2500	l2	per_gene_population_zscore_dataset_cell_type	replicate_retrieval_dataset	auroc	auroc	0.641680957412267	0.6369599365476623	0.6467998049625613	0.004919934207449517	bca	ok	0.95	2000	2000	15276	15276	3819	pubchem_cid			95% BCa bootstrap CI clustered by PubChem compound; uncertainty is over the observed compound panel, not broader chemical space.
novartis_batch_2500	l2	per_gene_population_zscore_dataset_cell_type	replicate_retrieval_dataset	null_expected_normalized_rank	null_expected_normalized_rank	0.6766241827115096	0.6754463619244768	0.677981520334212	0.001267579204867586	bca	ok	0.95	2000	2000	15276	15276	3819	pubchem_cid			95% BCa bootstrap CI clustered by PubChem compound; uncertainty is over the observed compound panel, not broader chemical space.
novartis_batch_2500	l2	per_gene_population_zscore_dataset_cell_type	replicate_retrieval_dataset	observed_minus_null	observed_minus_null	0.09679359181083913	0.0928100552649117	0.10110443135806498	0.0041471880465766345	bca	ok	0.95	2000	2000	15276	15276	3819	pubchem_cid			95% BCa bootstrap CI clustered by PubChem compound; uncertainty is over the observed compound panel, not broader chemical space.
novartis_batch_2500	l2	per_gene_population_zscore_dataset_cell_type	replicate_retrieval_dataset	centroid_normalized_rank	centroid_normalized_rank	0.9995979001201994	0.9994832692047049	0.9996672505087837	9.19906520394087e-05	bca	ok	0.95	2000	2000	15276	15276	3819	pubchem_cid			95% BCa bootstrap CI clustered by PubChem compound; uncertainty is over the observed compound panel, not broader chemical space.
novartis_batch_2500	l2	per_gene_population_zscore_dataset_cell_type	replicate_retrieval_dataset	delta_vs_centroid	observed_minus_centroid	-0.22618012559785086	-0.23073987325278278	-0.2213889867918329	0.004675443230474946	bca	ok	0.95	2000	2000	15276	15276	3819	pubchem_cid			95% BCa bootstrap CI clustered by PubChem compound; uncertainty is over the observed compound panel, not broader chemical space.
op3	l2	raw	replicate_retrieval_dataset	observed_normalized_rank	observed_normalized_rank	0.8008312283069424	0.780776924505703	0.8189718432432774	0.019097459368787206	bca	ok	0.95	2000	2000	541	541	138	pubchem_cid			95% BCa bootstrap CI clustered by PubChem compound; uncertainty is over the observed compound panel, not broader chemical space.
op3	l2	raw	replicate_retrieval_dataset	recall_at_1	recall_at_1	0.08379544054220578	0.06025822400653546	0.11602587399148716	0.02788382499247585	bca	ok	0.95	2000	2000	541	541	138	pubchem_cid			95% BCa bootstrap CI clustered by PubChem compound; uncertainty is over the observed compound panel, not broader chemical space.
op3	l2	raw	replicate_retrieval_dataset	auroc	auroc	0.674992783088312	0.6508949736581137	0.7001163170488993	0.024610671695392827	bca	ok	0.95	2000	2000	541	541	138	pubchem_cid			95% BCa bootstrap CI clustered by PubChem compound; uncertainty is over the observed compound panel, not broader chemical space.
op3	l2	raw	replicate_retrieval_dataset	null_expected_normalized_rank	null_expected_normalized_rank	0.6625466736320047	0.6565271948625163	0.6656428528899776	0.004557829013730641	bca	ok	0.95	2000	2000	541	541	138	pubchem_cid			95% BCa bootstrap CI clustered by PubChem compound; uncertainty is over the observed compound panel, not broader chemical space.
op3	l2	raw	replicate_retrieval_dataset	observed_minus_null	observed_minus_null	0.13828455467493764	0.11815201075091838	0.15780487277054617	0.01982643100981389	bca	ok	0.95	2000	2000	541	541	138	pubchem_cid			95% BCa bootstrap CI clustered by PubChem compound; uncertainty is over the observed compound panel, not broader chemical space.
op3	l2	raw	replicate_retrieval_dataset	centroid_normalized_rank	centroid_normalized_rank	0.9957264298018605	0.9940552570845659	0.9969317234444004	0.0014382331799172587	bca	ok	0.95	2000	2000	541	541	138	pubchem_cid			95% BCa bootstrap CI clustered by PubChem compound; uncertainty is over the observed compound panel, not broader chemical space.
op3	l2	raw	replicate_retrieval_dataset	delta_vs_centroid	observed_minus_centroid	-0.19489520149491787	-0.21442966658941276	-0.17698461978299104	0.01872252340321086	bca	ok	0.95	2000	2000	541	541	138	pubchem_cid			95% BCa bootstrap CI clustered by PubChem compound; uncertainty is over the observed compound panel, not broader chemical space.
op3	l2	per_gene_population_zscore_dataset	replicate_retrieval_dataset	observed_normalized_rank	observed_normalized_rank	0.7884214643227673	0.7664184798425476	0.8079208630511249	0.02075119160428862	bca	ok	0.95	2000	2000	541	541	138	pubchem_cid			95% BCa bootstrap CI clustered by PubChem compound; uncertainty is over the observed compound panel, not broader chemical space.
op3	l2	per_gene_population_zscore_dataset	replicate_retrieval_dataset	recall_at_1	recall_at_1	0.08348736906962415	0.05941357495375491	0.11524080185366785	0.027913613449956468	bca	ok	0.95	2000	2000	541	541	138	pubchem_cid			95% BCa bootstrap CI clustered by PubChem compound; uncertainty is over the observed compound panel, not broader chemical space.
op3	l2	per_gene_population_zscore_dataset	replicate_retrieval_dataset	auroc	auroc	0.6598753973914853	0.6365461849378914	0.6845491205385	0.02400146780030432	bca	ok	0.95	2000	2000	541	541	138	pubchem_cid			95% BCa bootstrap CI clustered by PubChem compound; uncertainty is over the observed compound panel, not broader chemical space.
op3	l2	per_gene_population_zscore_dataset	replicate_retrieval_dataset	null_expected_normalized_rank	null_expected_normalized_rank	0.6625466736320047	0.6557660299062841	0.6656357687930646	0.004934869443390277	bca	ok	0.95	2000	2000	541	541	138	pubchem_cid			95% BCa bootstrap CI clustered by PubChem compound; uncertainty is over the observed compound panel, not broader chemical space.
op3	l2	per_gene_population_zscore_dataset	replicate_retrieval_dataset	observed_minus_null	observed_minus_null	0.12587479069076238	0.10370225947987055	0.14688052489269227	0.021589132706410857	bca	ok	0.95	2000	2000	541	541	138	pubchem_cid			95% BCa bootstrap CI clustered by PubChem compound; uncertainty is over the observed compound panel, not broader chemical space.
op3	l2	per_gene_population_zscore_dataset	replicate_retrieval_dataset	centroid_normalized_rank	centroid_normalized_rank	0.9978893734569493	0.997065608318098	0.99851576410889	0.000725077895395998	bca	ok	0.95	2000	2000	541	541	138	pubchem_cid			95% BCa bootstrap CI clustered by PubChem compound; uncertainty is over the observed compound panel, not broader chemical space.
op3	l2	per_gene_population_zscore_dataset	replicate_retrieval_dataset	delta_vs_centroid	observed_minus_centroid	-0.20946790913418217	-0.23157735922361547	-0.18977084924578788	0.020903254988913794	bca	ok	0.95	2000	2000	541	541	138	pubchem_cid			95% BCa bootstrap CI clustered by PubChem compound; uncertainty is over the observed compound panel, not broader chemical space.
op3	l2	per_gene_population_zscore_dataset_cell_type	replicate_retrieval_dataset	observed_normalized_rank	observed_normalized_rank	0.780057304570393	0.7583327415302893	0.8003464238195329	0.021006841144621813	bca	ok	0.95	2000	2000	541	541	138	pubchem_cid			95% BCa bootstrap CI clustered by PubChem compound; uncertainty is over the observed compound panel, not broader chemical space.
op3	l2	per_gene_population_zscore_dataset_cell_type	replicate_retrieval_dataset	recall_at_1	recall_at_1	0.07948243992606285	0.05483691387076432	0.1138443227642553	0.029503704446745486	bca	ok	0.95	2000	2000	541	541	138	pubchem_cid			95% BCa bootstrap CI clustered by PubChem compound; uncertainty is over the observed compound panel, not broader chemical space.
op3	l2	per_gene_population_zscore_dataset_cell_type	replicate_retrieval_dataset	auroc	auroc	0.6512246929965817	0.625654937793245	0.6746677815488459	0.024506421877800444	bca	ok	0.95	2000	2000	541	541	138	pubchem_cid			95% BCa bootstrap CI clustered by PubChem compound; uncertainty is over the observed compound panel, not broader chemical space.
op3	l2	per_gene_population_zscore_dataset_cell_type	replicate_retrieval_dataset	null_expected_normalized_rank	null_expected_normalized_rank	0.6625466736320047	0.656491105642357	0.6656357970934021	0.004572345725522564	bca	ok	0.95	2000	2000	541	541	138	pubchem_cid			95% BCa bootstrap CI clustered by PubChem compound; uncertainty is over the observed compound panel, not broader chemical space.
op3	l2	per_gene_population_zscore_dataset_cell_type	replicate_retrieval_dataset	observed_minus_null	observed_minus_null	0.11751063093838822	0.09470551279132551	0.13966782493584665	0.022481156072260568	bca	ok	0.95	2000	2000	541	541	138	pubchem_cid			95% BCa bootstrap CI clustered by PubChem compound; uncertainty is over the observed compound panel, not broader chemical space.
op3	l2	per_gene_population_zscore_dataset_cell_type	replicate_retrieval_dataset	centroid_normalized_rank	centroid_normalized_rank	0.9984597851616588	0.9976971791825764	0.9989068325021617	0.0006048266597926677	bca	ok	0.95	2000	2000	541	541	138	pubchem_cid			95% BCa bootstrap CI clustered by PubChem compound; uncertainty is over the observed compound panel, not broader chemical space.
op3	l2	per_gene_population_zscore_dataset_cell_type	replicate_retrieval_dataset	delta_vs_centroid	observed_minus_centroid	-0.21840248059126569	-0.2396866419764165	-0.19614893516784115	0.021768853404287677	bca	ok	0.95	2000	2000	541	541	138	pubchem_cid			95% BCa bootstrap CI clustered by PubChem compound; uncertainty is over the observed compound panel, not broader chemical space.
sciplex	l2	raw	replicate_retrieval_dataset	observed_normalized_rank	observed_normalized_rank	0.5912502797132861	0.5784372634572305	0.6088008191300932	0.015181777836431376	bca	ok	0.95	2000	2000	2224	2224	187	pubchem_cid			95% BCa bootstrap CI clustered by PubChem compound; uncertainty is over the observed compound panel, not broader chemical space.
sciplex	l2	raw	replicate_retrieval_dataset	recall_at_1	recall_at_1	0.0011241007194244604	0.0002249775966876242	0.0033628943288816497	0.0015689583660970128	bca	ok	0.95	2000	2000	2224	2224	187	pubchem_cid			95% BCa bootstrap CI clustered by PubChem compound; uncertainty is over the observed compound panel, not broader chemical space.
sciplex	l2	raw	replicate_retrieval_dataset	auroc	auroc	0.5901603144043033	0.5775191768952008	0.6064255305336878	0.014453176819243463	bca	ok	0.95	2000	2000	2224	2224	187	pubchem_cid			95% BCa bootstrap CI clustered by PubChem compound; uncertainty is over the observed compound panel, not broader chemical space.
sciplex	l2	raw	replicate_retrieval_dataset	null_expected_normalized_rank	null_expected_normalized_rank	0.5012383139586968	0.5	0.5062017226951956	0.003100861347597794	bca	ok	0.95	2000	2000	2224	2224	187	pubchem_cid			95% BCa bootstrap CI clustered by PubChem compound; uncertainty is over the observed compound panel, not broader chemical space.
sciplex	l2	raw	replicate_retrieval_dataset	observed_minus_null	observed_minus_null	0.0900119657545892	0.07687108884648394	0.10500774746950925	0.014068329311512653	bca	ok	0.95	2000	2000	2224	2224	187	pubchem_cid			95% BCa bootstrap CI clustered by PubChem compound; uncertainty is over the observed compound panel, not broader chemical space.
sciplex	l2	raw	replicate_retrieval_dataset	centroid_normalized_rank	centroid_normalized_rank	0.9994367744525383	0.9990597349941337	0.9996279762765599	0.00028412064121308145	bca	ok	0.95	2000	2000	2224	2224	187	pubchem_cid			95% BCa bootstrap CI clustered by PubChem compound; uncertainty is over the observed compound panel, not broader chemical space.
sciplex	l2	raw	replicate_retrieval_dataset	delta_vs_centroid	observed_minus_centroid	-0.4081864947392523	-0.42177220510917535	-0.39226459310768075	0.0147538060007473	bca	ok	0.95	2000	2000	2224	2224	187	pubchem_cid			95% BCa bootstrap CI clustered by PubChem compound; uncertainty is over the observed compound panel, not broader chemical space.
sciplex	l2	per_gene_population_zscore_dataset	replicate_retrieval_dataset	observed_normalized_rank	observed_normalized_rank	0.5691778643352012	0.5559900671920335	0.5845969690120054	0.01430345090998597	bca	ok	0.95	2000	2000	2224	2224	187	pubchem_cid			95% BCa bootstrap CI clustered by PubChem compound; uncertainty is over the observed compound panel, not broader chemical space.
sciplex	l2	per_gene_population_zscore_dataset	replicate_retrieval_dataset	recall_at_1	recall_at_1	0.0011241007194244604	0.00022779043280182233	0.002937189335743335	0.0013546994514707562	bca	ok	0.95	2000	2000	2224	2224	187	pubchem_cid			95% BCa bootstrap CI clustered by PubChem compound; uncertainty is over the observed compound panel, not broader chemical space.
sciplex	l2	per_gene_population_zscore_dataset	replicate_retrieval_dataset	auroc	auroc	0.5680462164723309	0.5540119717704534	0.5826595196830192	0.014323773956282926	bca	ok	0.95	2000	2000	2224	2224	187	pubchem_cid			95% BCa bootstrap CI clustered by PubChem compound; uncertainty is over the observed compound panel, not broader chemical space.
sciplex	l2	per_gene_population_zscore_dataset	replicate_retrieval_dataset	null_expected_normalized_rank	null_expected_normalized_rank	0.5012383139586968	0.5	0.5062392619939778	0.00311963099698892	bca	ok	0.95	2000	2000	2224	2224	187	pubchem_cid			95% BCa bootstrap CI clustered by PubChem compound; uncertainty is over the observed compound panel, not broader chemical space.
sciplex	l2	per_gene_population_zscore_dataset	replicate_retrieval_dataset	observed_minus_null	observed_minus_null	0.06793955037650445	0.054827959858931276	0.08337744591442002	0.014274743027744372	bca	ok	0.95	2000	2000	2224	2224	187	pubchem_cid			95% BCa bootstrap CI clustered by PubChem compound; uncertainty is over the observed compound panel, not broader chemical space.
sciplex	l2	per_gene_population_zscore_dataset	replicate_retrieval_dataset	centroid_normalized_rank	centroid_normalized_rank	0.9992823485933954	0.9989446436708382	0.9994646883719415	0.00026002235055161416	bca	ok	0.95	2000	2000	2224	2224	187	pubchem_cid			95% BCa bootstrap CI clustered by PubChem compound; uncertainty is over the observed compound panel, not broader chemical space.
sciplex	l2	per_gene_population_zscore_dataset	replicate_retrieval_dataset	delta_vs_centroid	observed_minus_centroid	-0.4301044842581941	-0.442847450750189	-0.4134532138669059	0.014697118441641538	bca	ok	0.95	2000	2000	2224	2224	187	pubchem_cid			95% BCa bootstrap CI clustered by PubChem compound; uncertainty is over the observed compound panel, not broader chemical space.
sciplex	l2	per_gene_population_zscore_dataset_cell_type	replicate_retrieval_dataset	observed_normalized_rank	observed_normalized_rank	0.5653205900475219	0.5522088951304622	0.5812718984851387	0.014531501677338243	bca	ok	0.95	2000	2000	2224	2224	187	pubchem_cid			95% BCa bootstrap CI clustered by PubChem compound; uncertainty is over the observed compound panel, not broader chemical space.
sciplex	l2	per_gene_population_zscore_dataset_cell_type	replicate_retrieval_dataset	recall_at_1	recall_at_1	0.0013489208633093526	0.00045167118337850043	0.0031447817593549523	0.0013465552879882259	bca	ok	0.95	2000	2000	2224	2224	187	pubchem_cid			95% BCa bootstrap CI clustered by PubChem compound; uncertainty is over the observed compound panel, not broader chemical space.
sciplex	l2	per_gene_population_zscore_dataset_cell_type	replicate_retrieval_dataset	auroc	auroc	0.5641615747463059	0.5512605054168939	0.5796136481293245	0.014176571356215306	bca	ok	0.95	2000	2000	2224	2224	187	pubchem_cid			95% BCa bootstrap CI clustered by PubChem compound; uncertainty is over the observed compound panel, not broader chemical space.
sciplex	l2	per_gene_population_zscore_dataset_cell_type	replicate_retrieval_dataset	null_expected_normalized_rank	null_expected_normalized_rank	0.5012383139586968	0.5	0.5068376348580714	0.0034188174290357143	bca	ok	0.95	2000	2000	2224	2224	187	pubchem_cid			95% BCa bootstrap CI clustered by PubChem compound; uncertainty is over the observed compound panel, not broader chemical space.
sciplex	l2	per_gene_population_zscore_dataset_cell_type	replicate_retrieval_dataset	observed_minus_null	observed_minus_null	0.06408227608882494	0.050358657696304765	0.0796651784118601	0.01465326035777767	bca	ok	0.95	2000	2000	2224	2224	187	pubchem_cid			95% BCa bootstrap CI clustered by PubChem compound; uncertainty is over the observed compound panel, not broader chemical space.
sciplex	l2	per_gene_population_zscore_dataset_cell_type	replicate_retrieval_dataset	centroid_normalized_rank	centroid_normalized_rank	0.9993035746410048	0.9989711252418291	0.999494528166616	0.00026170146239345993	bca	ok	0.95	2000	2000	2224	2224	187	pubchem_cid			95% BCa bootstrap CI clustered by PubChem compound; uncertainty is over the observed compound panel, not broader chemical space.
sciplex	l2	per_gene_population_zscore_dataset_cell_type	replicate_retrieval_dataset	delta_vs_centroid	observed_minus_centroid	-0.43398298459348295	-0.4478163755973353	-0.418565970095762	0.014625202750786631	bca	ok	0.95	2000	2000	2224	2224	187	pubchem_cid			95% BCa bootstrap CI clustered by PubChem compound; uncertainty is over the observed compound panel, not broader chemical space.
tahoe	l2	raw	replicate_retrieval_dataset	observed_normalized_rank	observed_normalized_rank	0.5368325528957019	0.5053282746007342	0.5685887792320601	0.031630252315662966	bca	ok	0.95	2000	2000	7226	7226	114	pubchem_cid			95% BCa bootstrap CI clustered by PubChem compound; uncertainty is over the observed compound panel, not broader chemical space.
tahoe	l2	raw	replicate_retrieval_dataset	recall_at_1	recall_at_1	0.01748427154080351	0.0049782040295376665	0.041904000165329844	0.01846289806789609	bca	ok	0.95	2000	2000	7226	7226	114	pubchem_cid			95% BCa bootstrap CI clustered by PubChem compound; uncertainty is over the observed compound panel, not broader chemical space.
tahoe	l2	raw	replicate_retrieval_dataset	auroc	auroc	0.5272791570824061	0.4990291096860132	0.5559749644111759	0.028472927362581335	bca	ok	0.95	2000	2000	7226	7226	114	pubchem_cid			95% BCa bootstrap CI clustered by PubChem compound; uncertainty is over the observed compound panel, not broader chemical space.
tahoe	l2	raw	replicate_retrieval_dataset	null_expected_normalized_rank	null_expected_normalized_rank	0.5094894530988479	0.5028415763448507	0.52361704923673	0.010387736445939655	bca	ok	0.95	2000	2000	7226	7226	114	pubchem_cid			95% BCa bootstrap CI clustered by PubChem compound; uncertainty is over the observed compound panel, not broader chemical space.
tahoe	l2	raw	replicate_retrieval_dataset	observed_minus_null	observed_minus_null	0.027343099796854058	-0.000611429119840535	0.05713408394843873	0.028872756534139635	bca	ok	0.95	2000	2000	7226	7226	114	pubchem_cid			95% BCa bootstrap CI clustered by PubChem compound; uncertainty is over the observed compound panel, not broader chemical space.
tahoe	l2	raw	replicate_retrieval_dataset	centroid_normalized_rank	centroid_normalized_rank	0.997983867259368	0.9968332278543939	0.9987091363683923	0.0009379542569992183	bca	ok	0.95	2000	2000	7226	7226	114	pubchem_cid			95% BCa bootstrap CI clustered by PubChem compound; uncertainty is over the observed compound panel, not broader chemical space.
tahoe	l2	raw	replicate_retrieval_dataset	delta_vs_centroid	observed_minus_centroid	-0.46115131436366624	-0.48978367464249106	-0.4289297910688763	0.030426941786807382	bca	ok	0.95	2000	2000	7226	7226	114	pubchem_cid			95% BCa bootstrap CI clustered by PubChem compound; uncertainty is over the observed compound panel, not broader chemical space.
tahoe	l2	per_gene_population_zscore_dataset	replicate_retrieval_dataset	observed_normalized_rank	observed_normalized_rank	0.5791183202942957	0.548997880069213	0.6100846206816136	0.0305433703062003	bca	ok	0.95	2000	2000	7226	7226	114	pubchem_cid			95% BCa bootstrap CI clustered by PubChem compound; uncertainty is over the observed compound panel, not broader chemical space.
tahoe	l2	per_gene_population_zscore_dataset	replicate_retrieval_dataset	recall_at_1	recall_at_1	0.023688407957021297	0.009641364563036726	0.05399502405407217	0.022176829745517723	bca	ok	0.95	2000	2000	7226	7226	114	pubchem_cid			95% BCa bootstrap CI clustered by PubChem compound; uncertainty is over the observed compound panel, not broader chemical space.
tahoe	l2	per_gene_population_zscore_dataset	replicate_retrieval_dataset	auroc	auroc	0.5699376616734806	0.5385562159865595	0.5964607676760258	0.0289522758447332	bca	ok	0.95	2000	2000	7226	7226	114	pubchem_cid			95% BCa bootstrap CI clustered by PubChem compound; uncertainty is over the observed compound panel, not broader chemical space.
tahoe	l2	per_gene_population_zscore_dataset	replicate_retrieval_dataset	null_expected_normalized_rank	null_expected_normalized_rank	0.5094894530988479	0.5029785144041063	0.5253821097121335	0.011201797654013579	bca	ok	0.95	2000	2000	7226	7226	114	pubchem_cid			95% BCa bootstrap CI clustered by PubChem compound; uncertainty is over the observed compound panel, not broader chemical space.
tahoe	l2	per_gene_population_zscore_dataset	replicate_retrieval_dataset	observed_minus_null	observed_minus_null	0.0696288671954478	0.03648293212037013	0.09737057763306654	0.030443822756348205	bca	ok	0.95	2000	2000	7226	7226	114	pubchem_cid			95% BCa bootstrap CI clustered by PubChem compound; uncertainty is over the observed compound panel, not broader chemical space.
tahoe	l2	per_gene_population_zscore_dataset	replicate_retrieval_dataset	centroid_normalized_rank	centroid_normalized_rank	0.9957995925361154	0.9942351827461539	0.9971724715778895	0.0014686444158678036	bca	ok	0.95	2000	2000	7226	7226	114	pubchem_cid			95% BCa bootstrap CI clustered by PubChem compound; uncertainty is over the observed compound panel, not broader chemical space.
tahoe	l2	per_gene_population_zscore_dataset	replicate_retrieval_dataset	delta_vs_centroid	observed_minus_centroid	-0.4166812722418196	-0.4480390839251558	-0.38633815673482313	0.030850463595166328	bca	ok	0.95	2000	2000	7226	7226	114	pubchem_cid			95% BCa bootstrap CI clustered by PubChem compound; uncertainty is over the observed compound panel, not broader chemical space.
tahoe	l2	per_gene_population_zscore_dataset_cell_type	replicate_retrieval_dataset	observed_normalized_rank	observed_normalized_rank	0.5913435308602568	0.5574822881975775	0.6211289874338268	0.03182334961812466	bca	ok	0.95	2000	2000	7226	7226	114	pubchem_cid			95% BCa bootstrap CI clustered by PubChem compound; uncertainty is over the observed compound panel, not broader chemical space.
tahoe	l2	per_gene_population_zscore_dataset_cell_type	replicate_retrieval_dataset	recall_at_1	recall_at_1	0.024380930329933926	0.009967607056564944	0.054398257438431	0.022215325190933027	bca	ok	0.95	2000	2000	7226	7226	114	pubchem_cid			95% BCa bootstrap CI clustered by PubChem compound; uncertainty is over the observed compound panel, not broader chemical space.
tahoe	l2	per_gene_population_zscore_dataset_cell_type	replicate_retrieval_dataset	auroc	auroc	0.5822663759548522	0.5485316444520673	0.6089567493107587	0.03021255242934573	bca	ok	0.95	2000	2000	7226	7226	114	pubchem_cid			95% BCa bootstrap CI clustered by PubChem compound; uncertainty is over the observed compound panel, not broader chemical space.
tahoe	l2	per_gene_population_zscore_dataset_cell_type	replicate_retrieval_dataset	null_expected_normalized_rank	null_expected_normalized_rank	0.5094894530988479	0.502920402486365	0.5255934807776541	0.01133653914564453	bca	ok	0.95	2000	2000	7226	7226	114	pubchem_cid			95% BCa bootstrap CI clustered by PubChem compound; uncertainty is over the observed compound panel, not broader chemical space.
tahoe	l2	per_gene_population_zscore_dataset_cell_type	replicate_retrieval_dataset	observed_minus_null	observed_minus_null	0.08185407776140902	0.050893631539931296	0.11046413888020706	0.029785253670137884	bca	ok	0.95	2000	2000	7226	7226	114	pubchem_cid			95% BCa bootstrap CI clustered by PubChem compound; uncertainty is over the observed compound panel, not broader chemical space.
tahoe	l2	per_gene_population_zscore_dataset_cell_type	replicate_retrieval_dataset	centroid_normalized_rank	centroid_normalized_rank	0.9948026184997115	0.992928109094701	0.9963139942445842	0.001692942574941625	bca	ok	0.95	2000	2000	7226	7226	114	pubchem_cid			95% BCa bootstrap CI clustered by PubChem compound; uncertainty is over the observed compound panel, not broader chemical space.
tahoe	l2	per_gene_population_zscore_dataset_cell_type	replicate_retrieval_dataset	delta_vs_centroid	observed_minus_centroid	-0.4034590876394544	-0.43699483254611976	-0.3740624617231449	0.031466185411487435	bca	ok	0.95	2000	2000	7226	7226	114	pubchem_cid			95% BCa bootstrap CI clustered by PubChem compound; uncertainty is over the observed compound panel, not broader chemical space.
vcpi_0001	l2	raw	replicate_retrieval_dataset	observed_normalized_rank	observed_normalized_rank	0.7965759536369608	0.7886142514859954	0.8040598538168877	0.007722801165446158	bca	ok	0.95	2000	2000	13283	13283	2272	pubchem_cid			95% BCa bootstrap CI clustered by PubChem compound; uncertainty is over the observed compound panel, not broader chemical space.
vcpi_0001	l2	raw	replicate_retrieval_dataset	recall_at_1	recall_at_1	0.026010690356094254	0.020790084009963444	0.033191908472183854	0.006200912231110205	bca	ok	0.95	2000	2000	13283	13283	2272	pubchem_cid			95% BCa bootstrap CI clustered by PubChem compound; uncertainty is over the observed compound panel, not broader chemical space.
vcpi_0001	l2	raw	replicate_retrieval_dataset	auroc	auroc	0.7940111623937911	0.7858324400702221	0.80177944912157	0.007973504525673913	bca	ok	0.95	2000	2000	13283	13283	2272	pubchem_cid			95% BCa bootstrap CI clustered by PubChem compound; uncertainty is over the observed compound panel, not broader chemical space.
vcpi_0001	l2	raw	replicate_retrieval_dataset	null_expected_normalized_rank	null_expected_normalized_rank	0.5054396840963888	0.5040520580157114	0.5070836196913225	0.0015157808378055693	bca	ok	0.95	2000	2000	13283	13283	2272	pubchem_cid			95% BCa bootstrap CI clustered by PubChem compound; uncertainty is over the observed compound panel, not broader chemical space.
vcpi_0001	l2	raw	replicate_retrieval_dataset	observed_minus_null	observed_minus_null	0.2911362695405722	0.28255282473758614	0.2985631977404754	0.008005186501444633	bca	ok	0.95	2000	2000	13283	13283	2272	pubchem_cid			95% BCa bootstrap CI clustered by PubChem compound; uncertainty is over the observed compound panel, not broader chemical space.
vcpi_0001	l2	raw	replicate_retrieval_dataset	centroid_normalized_rank	centroid_normalized_rank	0.9999988850072751	0.9999985585962573	0.9999991525074317	2.969555871756846e-07	bca	ok	0.95	2000	2000	13283	13283	2272	pubchem_cid			95% BCa bootstrap CI clustered by PubChem compound; uncertainty is over the observed compound panel, not broader chemical space.
vcpi_0001	l2	raw	replicate_retrieval_dataset	delta_vs_centroid	observed_minus_centroid	-0.20342293137031403	-0.21148655786441725	-0.195674283443236	0.007906137210590622	bca	ok	0.95	2000	2000	13283	13283	2272	pubchem_cid			95% BCa bootstrap CI clustered by PubChem compound; uncertainty is over the observed compound panel, not broader chemical space.
vcpi_0001	l2	per_gene_population_zscore_dataset	replicate_retrieval_dataset	observed_normalized_rank	observed_normalized_rank	0.7361490167900958	0.7278252720959234	0.7444343328618644	0.00830453038297052	bca	ok	0.95	2000	2000	13283	13283	2272	pubchem_cid			95% BCa bootstrap CI clustered by PubChem compound; uncertainty is over the observed compound panel, not broader chemical space.
vcpi_0001	l2	per_gene_population_zscore_dataset	replicate_retrieval_dataset	recall_at_1	recall_at_1	0.028382142588270723	0.02293092951012281	0.035043111368453415	0.006056090929165302	bca	ok	0.95	2000	2000	13283	13283	2272	pubchem_cid			95% BCa bootstrap CI clustered by PubChem compound; uncertainty is over the observed compound panel, not broader chemical space.
vcpi_0001	l2	per_gene_population_zscore_dataset	replicate_retrieval_dataset	auroc	auroc	0.7327653323644399	0.7242967426733041	0.740996828272321	0.008350042799508461	bca	ok	0.95	2000	2000	13283	13283	2272	pubchem_cid			95% BCa bootstrap CI clustered by PubChem compound; uncertainty is over the observed compound panel, not broader chemical space.
vcpi_0001	l2	per_gene_population_zscore_dataset	replicate_retrieval_dataset	null_expected_normalized_rank	null_expected_normalized_rank	0.5054396840963888	0.5040397275052465	0.5070861693642753	0.0015232209295144017	bca	ok	0.95	2000	2000	13283	13283	2272	pubchem_cid			95% BCa bootstrap CI clustered by PubChem compound; uncertainty is over the observed compound panel, not broader chemical space.
vcpi_0001	l2	per_gene_population_zscore_dataset	replicate_retrieval_dataset	observed_minus_null	observed_minus_null	0.23070933269370703	0.22204375723111092	0.23919144038879525	0.008573841578842167	bca	ok	0.95	2000	2000	13283	13283	2272	pubchem_cid			95% BCa bootstrap CI clustered by PubChem compound; uncertainty is over the observed compound panel, not broader chemical space.
vcpi_0001	l2	per_gene_population_zscore_dataset	replicate_retrieval_dataset	centroid_normalized_rank	centroid_normalized_rank	0.9999778679491317	0.9999695779646431	0.9999829242781165	6.6731567366917766e-06	bca	ok	0.95	2000	2000	13283	13283	2272	pubchem_cid			95% BCa bootstrap CI clustered by PubChem compound; uncertainty is over the observed compound panel, not broader chemical space.
vcpi_0001	l2	per_gene_population_zscore_dataset	replicate_retrieval_dataset	delta_vs_centroid	observed_minus_centroid	-0.2638288511590358	-0.2726367900398712	-0.25529396091216694	0.00867141456385212	bca	ok	0.95	2000	2000	13283	13283	2272	pubchem_cid			95% BCa bootstrap CI clustered by PubChem compound; uncertainty is over the observed compound panel, not broader chemical space.
vcpi_0001	l2	per_gene_population_zscore_dataset_cell_type	replicate_retrieval_dataset	observed_normalized_rank	observed_normalized_rank	0.7361490167900958	0.7279465718743988	0.7446686796342753	0.00836105387993824	bca	ok	0.95	2000	2000	13283	13283	2272	pubchem_cid			95% BCa bootstrap CI clustered by PubChem compound; uncertainty is over the observed compound panel, not broader chemical space.
vcpi_0001	l2	per_gene_population_zscore_dataset_cell_type	replicate_retrieval_dataset	recall_at_1	recall_at_1	0.028382142588270723	0.022734886843611204	0.03511060200277424	0.006187857579581516	bca	ok	0.95	2000	2000	13283	13283	2272	pubchem_cid			95% BCa bootstrap CI clustered by PubChem compound; uncertainty is over the observed compound panel, not broader chemical space.
vcpi_0001	l2	per_gene_population_zscore_dataset_cell_type	replicate_retrieval_dataset	auroc	auroc	0.7327653323644399	0.724484463897124	0.741185232531069	0.008350384316972548	bca	ok	0.95	2000	2000	13283	13283	2272	pubchem_cid			95% BCa bootstrap CI clustered by PubChem compound; uncertainty is over the observed compound panel, not broader chemical space.
vcpi_0001	l2	per_gene_population_zscore_dataset_cell_type	replicate_retrieval_dataset	null_expected_normalized_rank	null_expected_normalized_rank	0.5054396840963888	0.5041023530669938	0.5069821183131675	0.0014398826230868633	bca	ok	0.95	2000	2000	13283	13283	2272	pubchem_cid			95% BCa bootstrap CI clustered by PubChem compound; uncertainty is over the observed compound panel, not broader chemical space.
vcpi_0001	l2	per_gene_population_zscore_dataset_cell_type	replicate_retrieval_dataset	observed_minus_null	observed_minus_null	0.23070933269370703	0.22212746486454615	0.23910098908812036	0.008486762111787102	bca	ok	0.95	2000	2000	13283	13283	2272	pubchem_cid			95% BCa bootstrap CI clustered by PubChem compound; uncertainty is over the observed compound panel, not broader chemical space.
vcpi_0001	l2	per_gene_population_zscore_dataset_cell_type	replicate_retrieval_dataset	centroid_normalized_rank	centroid_normalized_rank	0.9999778679491317	0.9999697562288672	0.9999825797572193	6.411764176039725e-06	bca	ok	0.95	2000	2000	13283	13283	2272	pubchem_cid			95% BCa bootstrap CI clustered by PubChem compound; uncertainty is over the observed compound panel, not broader chemical space.
vcpi_0001	l2	per_gene_population_zscore_dataset_cell_type	replicate_retrieval_dataset	delta_vs_centroid	observed_minus_centroid	-0.2638288511590358	-0.2726407630313356	-0.255456793316944	0.008591984857195811	bca	ok	0.95	2000	2000	13283	13283	2272	pubchem_cid			95% BCa bootstrap CI clustered by PubChem compound; uncertainty is over the observed compound panel, not broader chemical space.
vcpi_0002	l2	raw	replicate_retrieval_dataset	observed_normalized_rank	observed_normalized_rank	0.8943370537616572	0.8889785352960938	0.8995422296872789	0.005281847195592548	bca	ok	0.95	2000	2000	8825	8825	1488	pubchem_cid			95% BCa bootstrap CI clustered by PubChem compound; uncertainty is over the observed compound panel, not broader chemical space.
vcpi_0002	l2	raw	replicate_retrieval_dataset	recall_at_1	recall_at_1	0.12974504249291785	0.11390705001748555	0.14712002234005947	0.01660648616128696	bca	ok	0.95	2000	2000	8825	8825	1488	pubchem_cid			95% BCa bootstrap CI clustered by PubChem compound; uncertainty is over the observed compound panel, not broader chemical space.
vcpi_0002	l2	raw	replicate_retrieval_dataset	auroc	auroc	0.8841179379252467	0.8788805440889044	0.8890387340868812	0.005079094998988398	bca	ok	0.95	2000	2000	8825	8825	1488	pubchem_cid			95% BCa bootstrap CI clustered by PubChem compound; uncertainty is over the observed compound panel, not broader chemical space.
vcpi_0002	l2	raw	replicate_retrieval_dataset	null_expected_normalized_rank	null_expected_normalized_rank	0.5315895802924753	0.5272337415895099	0.5357803027474319	0.004273280578961036	bca	ok	0.95	2000	2000	8825	8825	1488	pubchem_cid			95% BCa bootstrap CI clustered by PubChem compound; uncertainty is over the observed compound panel, not broader chemical space.
vcpi_0002	l2	raw	replicate_retrieval_dataset	observed_minus_null	observed_minus_null	0.3627474734691818	0.35722226569249593	0.3679327263520153	0.00535523032975968	bca	ok	0.95	2000	2000	8825	8825	1488	pubchem_cid			95% BCa bootstrap CI clustered by PubChem compound; uncertainty is over the observed compound panel, not broader chemical space.
vcpi_0002	l2	raw	replicate_retrieval_dataset	centroid_normalized_rank	centroid_normalized_rank	0.999993439059853	0.9999924921500525	0.999994195230158	8.515400527486783e-07	bca	ok	0.95	2000	2000	8825	8825	1488	pubchem_cid			95% BCa bootstrap CI clustered by PubChem compound; uncertainty is over the observed compound panel, not broader chemical space.
vcpi_0002	l2	raw	replicate_retrieval_dataset	delta_vs_centroid	observed_minus_centroid	-0.10565638529819599	-0.11100207283459519	-0.10041563376129056	0.005293219536652315	bca	ok	0.95	2000	2000	8825	8825	1488	pubchem_cid			95% BCa bootstrap CI clustered by PubChem compound; uncertainty is over the observed compound panel, not broader chemical space.
vcpi_0002	l2	per_gene_population_zscore_dataset	replicate_retrieval_dataset	observed_normalized_rank	observed_normalized_rank	0.8469460194438199	0.8403955485781667	0.8535255831915923	0.006565017306712828	bca	ok	0.95	2000	2000	8825	8825	1488	pubchem_cid			95% BCa bootstrap CI clustered by PubChem compound; uncertainty is over the observed compound panel, not broader chemical space.
vcpi_0002	l2	per_gene_population_zscore_dataset	replicate_retrieval_dataset	recall_at_1	recall_at_1	0.13144475920679888	0.11522614794723064	0.14919351268173714	0.01698368236725325	bca	ok	0.95	2000	2000	8825	8825	1488	pubchem_cid			95% BCa bootstrap CI clustered by PubChem compound; uncertainty is over the observed compound panel, not broader chemical space.
vcpi_0002	l2	per_gene_population_zscore_dataset	replicate_retrieval_dataset	auroc	auroc	0.8322385365437013	0.8258589672391262	0.8383408118418433	0.006240922301358531	bca	ok	0.95	2000	2000	8825	8825	1488	pubchem_cid			95% BCa bootstrap CI clustered by PubChem compound; uncertainty is over the observed compound panel, not broader chemical space.
vcpi_0002	l2	per_gene_population_zscore_dataset	replicate_retrieval_dataset	null_expected_normalized_rank	null_expected_normalized_rank	0.5315895802924753	0.5276442708520401	0.536155365727203	0.004255547437581442	bca	ok	0.95	2000	2000	8825	8825	1488	pubchem_cid			95% BCa bootstrap CI clustered by PubChem compound; uncertainty is over the observed compound panel, not broader chemical space.
vcpi_0002	l2	per_gene_population_zscore_dataset	replicate_retrieval_dataset	observed_minus_null	observed_minus_null	0.3153564391513444	0.30929998211894005	0.32169072713632846	0.006195372508694202	bca	ok	0.95	2000	2000	8825	8825	1488	pubchem_cid			95% BCa bootstrap CI clustered by PubChem compound; uncertainty is over the observed compound panel, not broader chemical space.
vcpi_0002	l2	per_gene_population_zscore_dataset	replicate_retrieval_dataset	centroid_normalized_rank	centroid_normalized_rank	0.9999488520278564	0.9999353707215943	0.9999583065063004	1.1467892353012044e-05	bca	ok	0.95	2000	2000	8825	8825	1488	pubchem_cid			95% BCa bootstrap CI clustered by PubChem compound; uncertainty is over the observed compound panel, not broader chemical space.
vcpi_0002	l2	per_gene_population_zscore_dataset	replicate_retrieval_dataset	delta_vs_centroid	observed_minus_centroid	-0.15300283258403655	-0.16038194376850304	-0.1472719321243941	0.006555005822054469	bca	ok	0.95	2000	2000	8825	8825	1488	pubchem_cid			95% BCa bootstrap CI clustered by PubChem compound; uncertainty is over the observed compound panel, not broader chemical space.
vcpi_0002	l2	per_gene_population_zscore_dataset_cell_type	replicate_retrieval_dataset	observed_normalized_rank	observed_normalized_rank	0.8469460194438199	0.840037320462407	0.8531451450476691	0.006553912292631081	bca	ok	0.95	2000	2000	8825	8825	1488	pubchem_cid			95% BCa bootstrap CI clustered by PubChem compound; uncertainty is over the observed compound panel, not broader chemical space.
vcpi_0002	l2	per_gene_population_zscore_dataset_cell_type	replicate_retrieval_dataset	recall_at_1	recall_at_1	0.13144475920679888	0.11619068091982333	0.14923181138353955	0.01652056523185811	bca	ok	0.95	2000	2000	8825	8825	1488	pubchem_cid			95% BCa bootstrap CI clustered by PubChem compound; uncertainty is over the observed compound panel, not broader chemical space.
vcpi_0002	l2	per_gene_population_zscore_dataset_cell_type	replicate_retrieval_dataset	auroc	auroc	0.8322385365437013	0.8259155728055059	0.8383965615072354	0.006240494350864767	bca	ok	0.95	2000	2000	8825	8825	1488	pubchem_cid			95% BCa bootstrap CI clustered by PubChem compound; uncertainty is over the observed compound panel, not broader chemical space.
vcpi_0002	l2	per_gene_population_zscore_dataset_cell_type	replicate_retrieval_dataset	null_expected_normalized_rank	null_expected_normalized_rank	0.5315895802924753	0.5275360963687298	0.5357389750167951	0.004101439324032674	bca	ok	0.95	2000	2000	8825	8825	1488	pubchem_cid			95% BCa bootstrap CI clustered by PubChem compound; uncertainty is over the observed compound panel, not broader chemical space.
vcpi_0002	l2	per_gene_population_zscore_dataset_cell_type	replicate_retrieval_dataset	observed_minus_null	observed_minus_null	0.3153564391513444	0.3092957519261851	0.3215286185020372	0.006116433287926049	bca	ok	0.95	2000	2000	8825	8825	1488	pubchem_cid			95% BCa bootstrap CI clustered by PubChem compound; uncertainty is over the observed compound panel, not broader chemical space.
vcpi_0002	l2	per_gene_population_zscore_dataset_cell_type	replicate_retrieval_dataset	centroid_normalized_rank	centroid_normalized_rank	0.9999488520278564	0.9999349430333442	0.9999584464245826	1.1751695619233171e-05	bca	ok	0.95	2000	2000	8825	8825	1488	pubchem_cid			95% BCa bootstrap CI clustered by PubChem compound; uncertainty is over the observed compound panel, not broader chemical space.
vcpi_0002	l2	per_gene_population_zscore_dataset_cell_type	replicate_retrieval_dataset	delta_vs_centroid	observed_minus_centroid	-0.15300283258403655	-0.159661418325105	-0.14633174553839337	0.006664836393355814	bca	ok	0.95	2000	2000	8825	8825	1488	pubchem_cid			95% BCa bootstrap CI clustered by PubChem compound; uncertainty is over the observed compound panel, not broader chemical space.
cigs_mce	l2	raw	replicate_retrieval_dataset	observed_normalized_rank	observed_normalized_rank	0.7443566490287744	0.7416851089159615	0.7468939038743214	0.002604397479179954	bca	ok	0.95	2000	2000	21426	21426	11126	pubchem_cid			95% BCa bootstrap CI clustered by PubChem compound; uncertainty is over the observed compound panel, not broader chemical space.
cigs_mce	l2	raw	replicate_retrieval_dataset	recall_at_1	recall_at_1	0.0587746455500586	0.055749480796345396	0.06204779899983048	0.00314915910174254	bca	ok	0.95	2000	2000	21426	21426	11126	pubchem_cid			95% BCa bootstrap CI clustered by PubChem compound; uncertainty is over the observed compound panel, not broader chemical space.
cigs_mce	l2	raw	replicate_retrieval_dataset	auroc	auroc	0.6293917265655083	0.6266098215119588	0.6321090841087956	0.0027496312984184312	bca	ok	0.95	2000	2000	21426	21426	11126	pubchem_cid			95% BCa bootstrap CI clustered by PubChem compound; uncertainty is over the observed compound panel, not broader chemical space.
cigs_mce	l2	raw	replicate_retrieval_dataset	null_expected_normalized_rank	null_expected_normalized_rank	0.6516845975551968	0.6507589415805897	0.6526253069735418	0.0009331826964760759	bca	ok	0.95	2000	2000	21426	21426	11126	pubchem_cid			95% BCa bootstrap CI clustered by PubChem compound; uncertainty is over the observed compound panel, not broader chemical space.
cigs_mce	l2	raw	replicate_retrieval_dataset	observed_minus_null	observed_minus_null	0.09267205147357781	0.09038198698700314	0.0951236164929537	0.002370814752975278	bca	ok	0.95	2000	2000	21426	21426	11126	pubchem_cid			95% BCa bootstrap CI clustered by PubChem compound; uncertainty is over the observed compound panel, not broader chemical space.
cigs_mce	l2	raw	replicate_retrieval_dataset	centroid_normalized_rank	centroid_normalized_rank	0.9988027666076678	0.9987474614916259	0.9988582170234086	5.537776589137344e-05	bca	ok	0.95	2000	2000	21426	21426	11126	pubchem_cid			95% BCa bootstrap CI clustered by PubChem compound; uncertainty is over the observed compound panel, not broader chemical space.
cigs_mce	l2	raw	replicate_retrieval_dataset	delta_vs_centroid	observed_minus_centroid	-0.2544461175788933	-0.2571140891337616	-0.2518984140504269	0.0026078375416673516	bca	ok	0.95	2000	2000	21426	21426	11126	pubchem_cid			95% BCa bootstrap CI clustered by PubChem compound; uncertainty is over the observed compound panel, not broader chemical space.
cigs_mce	l2	per_gene_population_zscore_dataset	replicate_retrieval_dataset	observed_normalized_rank	observed_normalized_rank	0.7305963771688343	0.7279493888380352	0.7335023902854652	0.002776500723714992	bca	ok	0.95	2000	2000	21426	21426	11126	pubchem_cid			95% BCa bootstrap CI clustered by PubChem compound; uncertainty is over the observed compound panel, not broader chemical space.
cigs_mce	l2	per_gene_population_zscore_dataset	replicate_retrieval_dataset	recall_at_1	recall_at_1	0.059495472790068143	0.0564909479735241	0.06283372220394089	0.0031713871152083926	bca	ok	0.95	2000	2000	21426	21426	11126	pubchem_cid			95% BCa bootstrap CI clustered by PubChem compound; uncertainty is over the observed compound panel, not broader chemical space.
cigs_mce	l2	per_gene_population_zscore_dataset	replicate_retrieval_dataset	auroc	auroc	0.6152722861491031	0.6122515099859108	0.618005839177725	0.002877164595907089	bca	ok	0.95	2000	2000	21426	21426	11126	pubchem_cid			95% BCa bootstrap CI clustered by PubChem compound; uncertainty is over the observed compound panel, not broader chemical space.
cigs_mce	l2	per_gene_population_zscore_dataset	replicate_retrieval_dataset	null_expected_normalized_rank	null_expected_normalized_rank	0.6516845975551968	0.650790599376148	0.6526175447273872	0.0009134726756195866	bca	ok	0.95	2000	2000	21426	21426	11126	pubchem_cid			95% BCa bootstrap CI clustered by PubChem compound; uncertainty is over the observed compound panel, not broader chemical space.
cigs_mce	l2	per_gene_population_zscore_dataset	replicate_retrieval_dataset	observed_minus_null	observed_minus_null	0.07891177961363767	0.07651103181399689	0.08135000881592196	0.0024194885009625328	bca	ok	0.95	2000	2000	21426	21426	11126	pubchem_cid			95% BCa bootstrap CI clustered by PubChem compound; uncertainty is over the observed compound panel, not broader chemical space.
cigs_mce	l2	per_gene_population_zscore_dataset	replicate_retrieval_dataset	centroid_normalized_rank	centroid_normalized_rank	0.9979610813666361	0.9978812029419191	0.9980401956012223	7.949632965159603e-05	bca	ok	0.95	2000	2000	21426	21426	11126	pubchem_cid			95% BCa bootstrap CI clustered by PubChem compound; uncertainty is over the observed compound panel, not broader chemical space.
cigs_mce	l2	per_gene_population_zscore_dataset	replicate_retrieval_dataset	delta_vs_centroid	observed_minus_centroid	-0.26736470419780173	-0.27009512121405366	-0.2643599859761596	0.00286756761894702	bca	ok	0.95	2000	2000	21426	21426	11126	pubchem_cid			95% BCa bootstrap CI clustered by PubChem compound; uncertainty is over the observed compound panel, not broader chemical space.
cigs_mce	l2	per_gene_population_zscore_dataset_cell_type	replicate_retrieval_dataset	observed_normalized_rank	observed_normalized_rank	0.7317262158796239	0.7288668792985873	0.7344220331906909	0.0027775769460517963	bca	ok	0.95	2000	2000	21426	21426	11126	pubchem_cid			95% BCa bootstrap CI clustered by PubChem compound; uncertainty is over the observed compound panel, not broader chemical space.
cigs_mce	l2	per_gene_population_zscore_dataset_cell_type	replicate_retrieval_dataset	recall_at_1	recall_at_1	0.059658825725753754	0.05658347783161091	0.06277159802232096	0.003094060095355025	bca	ok	0.95	2000	2000	21426	21426	11126	pubchem_cid			95% BCa bootstrap CI clustered by PubChem compound; uncertainty is over the observed compound panel, not broader chemical space.
cigs_mce	l2	per_gene_population_zscore_dataset_cell_type	replicate_retrieval_dataset	auroc	auroc	0.6161478177400387	0.613370881750696	0.6188633247244197	0.0027462214868618773	bca	ok	0.95	2000	2000	21426	21426	11126	pubchem_cid			95% BCa bootstrap CI clustered by PubChem compound; uncertainty is over the observed compound panel, not broader chemical space.
cigs_mce	l2	per_gene_population_zscore_dataset_cell_type	replicate_retrieval_dataset	null_expected_normalized_rank	null_expected_normalized_rank	0.6516845975551968	0.6507778838525264	0.6526404516311646	0.0009312838893190678	bca	ok	0.95	2000	2000	21426	21426	11126	pubchem_cid			95% BCa bootstrap CI clustered by PubChem compound; uncertainty is over the observed compound panel, not broader chemical space.
cigs_mce	l2	per_gene_population_zscore_dataset_cell_type	replicate_retrieval_dataset	observed_minus_null	observed_minus_null	0.08004161832442737	0.07750183538938639	0.08255203126949559	0.0025250979400546006	bca	ok	0.95	2000	2000	21426	21426	11126	pubchem_cid			95% BCa bootstrap CI clustered by PubChem compound; uncertainty is over the observed compound panel, not broader chemical space.
cigs_mce	l2	per_gene_population_zscore_dataset_cell_type	replicate_retrieval_dataset	centroid_normalized_rank	centroid_normalized_rank	0.9977536487704549	0.9976694010568493	0.9978348758566612	8.273739990594109e-05	bca	ok	0.95	2000	2000	21426	21426	11126	pubchem_cid			95% BCa bootstrap CI clustered by PubChem compound; uncertainty is over the observed compound panel, not broader chemical space.
cigs_mce	l2	per_gene_population_zscore_dataset_cell_type	replicate_retrieval_dataset	delta_vs_centroid	observed_minus_centroid	-0.26602743289083064	-0.2689005198900082	-0.26337441890828633	0.0027630504908609244	bca	ok	0.95	2000	2000	21426	21426	11126	pubchem_cid			95% BCa bootstrap CI clustered by PubChem compound; uncertainty is over the observed compound panel, not broader chemical space.
cigs_tcm	l2	raw	replicate_retrieval_dataset	observed_normalized_rank	observed_normalized_rank	0.8008897590180619	0.7962803279728773	0.8060086646850698	0.004864168356096266	bca	ok	0.95	2000	2000	7020	7020	1816	pubchem_cid			95% BCa bootstrap CI clustered by PubChem compound; uncertainty is over the observed compound panel, not broader chemical space.
cigs_tcm	l2	raw	replicate_retrieval_dataset	recall_at_1	recall_at_1	0.2009235517568851	0.18790152786499797	0.21369508038364884	0.012896776259325435	bca	ok	0.95	2000	2000	7020	7020	1816	pubchem_cid			95% BCa bootstrap CI clustered by PubChem compound; uncertainty is over the observed compound panel, not broader chemical space.
cigs_tcm	l2	raw	replicate_retrieval_dataset	auroc	auroc	0.6930092976671121	0.6890431936679613	0.6969860872789211	0.003971446805479895	bca	ok	0.95	2000	2000	7020	7020	1816	pubchem_cid			95% BCa bootstrap CI clustered by PubChem compound; uncertainty is over the observed compound panel, not broader chemical space.
cigs_tcm	l2	raw	replicate_retrieval_dataset	null_expected_normalized_rank	null_expected_normalized_rank	0.6880059605120437	0.6857162451829298	0.6903637095561793	0.0023237321866247385	bca	ok	0.95	2000	2000	7020	7020	1816	pubchem_cid			95% BCa bootstrap CI clustered by PubChem compound; uncertainty is over the observed compound panel, not broader chemical space.
cigs_tcm	l2	raw	replicate_retrieval_dataset	observed_minus_null	observed_minus_null	0.11288379850601839	0.10928126767098217	0.11667134384220659	0.0036950380856122095	bca	ok	0.95	2000	2000	7020	7020	1816	pubchem_cid			95% BCa bootstrap CI clustered by PubChem compound; uncertainty is over the observed compound panel, not broader chemical space.
cigs_tcm	l2	raw	replicate_retrieval_dataset	centroid_normalized_rank	centroid_normalized_rank	0.9999307853705137	0.9999093203214441	0.9999467863212281	1.8732999892023816e-05	bca	ok	0.95	2000	2000	7020	7020	1816	pubchem_cid			95% BCa bootstrap CI clustered by PubChem compound; uncertainty is over the observed compound panel, not broader chemical space.
cigs_tcm	l2	raw	replicate_retrieval_dataset	delta_vs_centroid	observed_minus_centroid	-0.19904102635245177	-0.2037533279466861	-0.1939701322497527	0.004891597848466697	bca	ok	0.95	2000	2000	7020	7020	1816	pubchem_cid			95% BCa bootstrap CI clustered by PubChem compound; uncertainty is over the observed compound panel, not broader chemical space.
cigs_tcm	l2	per_gene_population_zscore_dataset	replicate_retrieval_dataset	observed_normalized_rank	observed_normalized_rank	0.8015808993599932	0.7969217548947346	0.8064743854164966	0.0047763152608810144	bca	ok	0.95	2000	2000	7020	7020	1816	pubchem_cid			95% BCa bootstrap CI clustered by PubChem compound; uncertainty is over the observed compound panel, not broader chemical space.
cigs_tcm	l2	per_gene_population_zscore_dataset	replicate_retrieval_dataset	recall_at_1	recall_at_1	0.20815883190883192	0.19601307628594372	0.2214854617371645	0.012736192725610385	bca	ok	0.95	2000	2000	7020	7020	1816	pubchem_cid			95% BCa bootstrap CI clustered by PubChem compound; uncertainty is over the observed compound panel, not broader chemical space.
cigs_tcm	l2	per_gene_population_zscore_dataset	replicate_retrieval_dataset	auroc	auroc	0.6956775138530475	0.6914386860345281	0.6995837103722864	0.004072512168879161	bca	ok	0.95	2000	2000	7020	7020	1816	pubchem_cid			95% BCa bootstrap CI clustered by PubChem compound; uncertainty is over the observed compound panel, not broader chemical space.
cigs_tcm	l2	per_gene_population_zscore_dataset	replicate_retrieval_dataset	null_expected_normalized_rank	null_expected_normalized_rank	0.6880059605120437	0.6857286127605036	0.6906170973502864	0.00244424229489143	bca	ok	0.95	2000	2000	7020	7020	1816	pubchem_cid			95% BCa bootstrap CI clustered by PubChem compound; uncertainty is over the observed compound panel, not broader chemical space.
cigs_tcm	l2	per_gene_population_zscore_dataset	replicate_retrieval_dataset	observed_minus_null	observed_minus_null	0.11357493884794961	0.10991745696351796	0.11728387598814015	0.003683209512311096	bca	ok	0.95	2000	2000	7020	7020	1816	pubchem_cid			95% BCa bootstrap CI clustered by PubChem compound; uncertainty is over the observed compound panel, not broader chemical space.
cigs_tcm	l2	per_gene_population_zscore_dataset	replicate_retrieval_dataset	centroid_normalized_rank	centroid_normalized_rank	0.9998726023976481	0.99984366662011	0.9998951838662139	2.575862305193022e-05	bca	ok	0.95	2000	2000	7020	7020	1816	pubchem_cid			95% BCa bootstrap CI clustered by PubChem compound; uncertainty is over the observed compound panel, not broader chemical space.
cigs_tcm	l2	per_gene_population_zscore_dataset	replicate_retrieval_dataset	delta_vs_centroid	observed_minus_centroid	-0.1982917030376548	-0.20315376843279054	-0.1933264828086025	0.004913642812094013	bca	ok	0.95	2000	2000	7020	7020	1816	pubchem_cid			95% BCa bootstrap CI clustered by PubChem compound; uncertainty is over the observed compound panel, not broader chemical space.
cigs_tcm	l2	per_gene_population_zscore_dataset_cell_type	replicate_retrieval_dataset	observed_normalized_rank	observed_normalized_rank	0.8030158385685341	0.7981519058706948	0.8077142354963175	0.004781164812811323	bca	ok	0.95	2000	2000	7020	7020	1816	pubchem_cid			95% BCa bootstrap CI clustered by PubChem compound; uncertainty is over the observed compound panel, not broader chemical space.
cigs_tcm	l2	per_gene_population_zscore_dataset_cell_type	replicate_retrieval_dataset	recall_at_1	recall_at_1	0.20939339981006647	0.195936754880378	0.2215040984216775	0.012783671770649749	bca	ok	0.95	2000	2000	7020	7020	1816	pubchem_cid			95% BCa bootstrap CI clustered by PubChem compound; uncertainty is over the observed compound panel, not broader chemical space.
cigs_tcm	l2	per_gene_population_zscore_dataset_cell_type	replicate_retrieval_dataset	auroc	auroc	0.6974544464275255	0.6934060446773095	0.7014372611863833	0.004015608254536895	bca	ok	0.95	2000	2000	7020	7020	1816	pubchem_cid			95% BCa bootstrap CI clustered by PubChem compound; uncertainty is over the observed compound panel, not broader chemical space.
cigs_tcm	l2	per_gene_population_zscore_dataset_cell_type	replicate_retrieval_dataset	null_expected_normalized_rank	null_expected_normalized_rank	0.6880059605120437	0.6856864141893063	0.6904572064224754	0.0023853961165845594	bca	ok	0.95	2000	2000	7020	7020	1816	pubchem_cid			95% BCa bootstrap CI clustered by PubChem compound; uncertainty is over the observed compound panel, not broader chemical space.
cigs_tcm	l2	per_gene_population_zscore_dataset_cell_type	replicate_retrieval_dataset	observed_minus_null	observed_minus_null	0.11500987805649053	0.11141173858340288	0.11902638590773551	0.003807323662166316	bca	ok	0.95	2000	2000	7020	7020	1816	pubchem_cid			95% BCa bootstrap CI clustered by PubChem compound; uncertainty is over the observed compound panel, not broader chemical space.
cigs_tcm	l2	per_gene_population_zscore_dataset_cell_type	replicate_retrieval_dataset	centroid_normalized_rank	centroid_normalized_rank	0.9998650518078849	0.9998351552898799	0.9998899438106178	2.739426036896253e-05	bca	ok	0.95	2000	2000	7020	7020	1816	pubchem_cid			95% BCa bootstrap CI clustered by PubChem compound; uncertainty is over the observed compound panel, not broader chemical space.
cigs_tcm	l2	per_gene_population_zscore_dataset_cell_type	replicate_retrieval_dataset	delta_vs_centroid	observed_minus_centroid	-0.19684921323935078	-0.20161425858764345	-0.19196969877208073	0.004822279907781363	bca	ok	0.95	2000	2000	7020	7020	1816	pubchem_cid			95% BCa bootstrap CI clustered by PubChem compound; uncertainty is over the observed compound panel, not broader chemical space.
l1000_phase1	l2	raw	replicate_retrieval_dataset	observed_normalized_rank	observed_normalized_rank	0.7965859957246672	0.775436595405075	0.8147820623462476	0.01967273347058629	bca	ok	0.95	2000	2000	2517	2517	272	pubchem_cid			95% BCa bootstrap CI clustered by PubChem compound; uncertainty is over the observed compound panel, not broader chemical space.
l1000_phase1	l2	raw	replicate_retrieval_dataset	recall_at_1	recall_at_1	0.09038325174360619	0.07157225003825113	0.11524249493638056	0.021835122449064714	bca	ok	0.95	2000	2000	2517	2517	272	pubchem_cid			95% BCa bootstrap CI clustered by PubChem compound; uncertainty is over the observed compound panel, not broader chemical space.
l1000_phase1	l2	raw	replicate_retrieval_dataset	auroc	auroc	0.6276273792689803	0.6072874951126696	0.6475961313324827	0.020154318109906588	bca	ok	0.95	2000	2000	2517	2517	272	pubchem_cid			95% BCa bootstrap CI clustered by PubChem compound; uncertainty is over the observed compound panel, not broader chemical space.
l1000_phase1	l2	raw	replicate_retrieval_dataset	null_expected_normalized_rank	null_expected_normalized_rank	0.7124388762764542	0.7040663290614839	0.7227078317881688	0.009320751363342428	bca	ok	0.95	2000	2000	2517	2517	272	pubchem_cid			95% BCa bootstrap CI clustered by PubChem compound; uncertainty is over the observed compound panel, not broader chemical space.
l1000_phase1	l2	raw	replicate_retrieval_dataset	observed_minus_null	observed_minus_null	0.0841471194482129	0.06754744119867914	0.09995251967056244	0.01620253923594165	bca	ok	0.95	2000	2000	2517	2517	272	pubchem_cid			95% BCa bootstrap CI clustered by PubChem compound; uncertainty is over the observed compound panel, not broader chemical space.
l1000_phase1	l2	raw	replicate_retrieval_dataset	centroid_normalized_rank	centroid_normalized_rank	0.980844307801824	0.9752452709899342	0.9847089078680417	0.0047318184390537366	bca	ok	0.95	2000	2000	2517	2437	271	pubchem_cid			95% BCa bootstrap CI clustered by PubChem compound; uncertainty is over the observed compound panel, not broader chemical space.
l1000_phase1	l2	raw	replicate_retrieval_dataset	delta_vs_centroid	observed_minus_centroid	-0.18382713572125253	-0.20561776083200647	-0.1630039842915548	0.021306888270225838	bca	ok	0.95	2000	2000	2517	2437	271	pubchem_cid			95% BCa bootstrap CI clustered by PubChem compound; uncertainty is over the observed compound panel, not broader chemical space.
l1000_phase1	l2	per_gene_population_zscore_dataset	replicate_retrieval_dataset	observed_normalized_rank	observed_normalized_rank	0.8027506610040146	0.7832178422177845	0.8200257683289176	0.018403963055566575	bca	ok	0.95	2000	2000	2517	2517	272	pubchem_cid			95% BCa bootstrap CI clustered by PubChem compound; uncertainty is over the observed compound panel, not broader chemical space.
l1000_phase1	l2	per_gene_population_zscore_dataset	replicate_retrieval_dataset	recall_at_1	recall_at_1	0.09596523732429244	0.07688977024470671	0.12007863581298309	0.02159443278413819	bca	ok	0.95	2000	2000	2517	2517	272	pubchem_cid			95% BCa bootstrap CI clustered by PubChem compound; uncertainty is over the observed compound panel, not broader chemical space.
l1000_phase1	l2	per_gene_population_zscore_dataset	replicate_retrieval_dataset	auroc	auroc	0.6344090977634713	0.6149240585196761	0.653625967732893	0.01935095460660846	bca	ok	0.95	2000	2000	2517	2517	272	pubchem_cid			95% BCa bootstrap CI clustered by PubChem compound; uncertainty is over the observed compound panel, not broader chemical space.
l1000_phase1	l2	per_gene_population_zscore_dataset	replicate_retrieval_dataset	null_expected_normalized_rank	null_expected_normalized_rank	0.7124388762764542	0.7044207259714175	0.7230298139213819	0.009304543974982205	bca	ok	0.95	2000	2000	2517	2517	272	pubchem_cid			95% BCa bootstrap CI clustered by PubChem compound; uncertainty is over the observed compound panel, not broader chemical space.
l1000_phase1	l2	per_gene_population_zscore_dataset	replicate_retrieval_dataset	observed_minus_null	observed_minus_null	0.09031178472756039	0.07399524728242134	0.10604707322071198	0.016025912969145323	bca	ok	0.95	2000	2000	2517	2517	272	pubchem_cid			95% BCa bootstrap CI clustered by PubChem compound; uncertainty is over the observed compound panel, not broader chemical space.
l1000_phase1	l2	per_gene_population_zscore_dataset	replicate_retrieval_dataset	centroid_normalized_rank	centroid_normalized_rank	0.9788118569600391	0.9733110846783817	0.9826549839749447	0.004671949648281493	bca	ok	0.95	2000	2000	2517	2437	271	pubchem_cid			95% BCa bootstrap CI clustered by PubChem compound; uncertainty is over the observed compound panel, not broader chemical space.
l1000_phase1	l2	per_gene_population_zscore_dataset	replicate_retrieval_dataset	delta_vs_centroid	observed_minus_centroid	-0.17538639368727954	-0.19656815232195488	-0.1559361360627125	0.020316008129621185	bca	ok	0.95	2000	2000	2517	2437	271	pubchem_cid			95% BCa bootstrap CI clustered by PubChem compound; uncertainty is over the observed compound panel, not broader chemical space.
l1000_phase1	l2	per_gene_population_zscore_dataset_cell_type	replicate_retrieval_dataset	observed_normalized_rank	observed_normalized_rank	0.800381291585675	0.7793251022530723	0.8193424163909664	0.020008657068947056	bca	ok	0.95	2000	2000	2517	2517	272	pubchem_cid			95% BCa bootstrap CI clustered by PubChem compound; uncertainty is over the observed compound panel, not broader chemical space.
l1000_phase1	l2	per_gene_population_zscore_dataset_cell_type	replicate_retrieval_dataset	recall_at_1	recall_at_1	0.09712505417145251	0.07910945832897621	0.12257602567567646	0.021733283673350125	bca	ok	0.95	2000	2000	2517	2517	272	pubchem_cid			95% BCa bootstrap CI clustered by PubChem compound; uncertainty is over the observed compound panel, not broader chemical space.
l1000_phase1	l2	per_gene_population_zscore_dataset_cell_type	replicate_retrieval_dataset	auroc	auroc	0.6302602760147119	0.6095601494730494	0.6496574982491293	0.020048674388039978	bca	ok	0.95	2000	2000	2517	2517	272	pubchem_cid			95% BCa bootstrap CI clustered by PubChem compound; uncertainty is over the observed compound panel, not broader chemical space.
l1000_phase1	l2	per_gene_population_zscore_dataset_cell_type	replicate_retrieval_dataset	null_expected_normalized_rank	null_expected_normalized_rank	0.7124388762764542	0.7043168037025693	0.7226235998631892	0.00915339808030996	bca	ok	0.95	2000	2000	2517	2517	272	pubchem_cid			95% BCa bootstrap CI clustered by PubChem compound; uncertainty is over the observed compound panel, not broader chemical space.
l1000_phase1	l2	per_gene_population_zscore_dataset_cell_type	replicate_retrieval_dataset	observed_minus_null	observed_minus_null	0.08794241530922078	0.07209186314361064	0.10345957364835742	0.01568385525237339	bca	ok	0.95	2000	2000	2517	2517	272	pubchem_cid			95% BCa bootstrap CI clustered by PubChem compound; uncertainty is over the observed compound panel, not broader chemical space.
l1000_phase1	l2	per_gene_population_zscore_dataset_cell_type	replicate_retrieval_dataset	centroid_normalized_rank	centroid_normalized_rank	0.9793294240647815	0.9738148800537236	0.9831476032336056	0.004666361589940993	bca	ok	0.95	2000	2000	2517	2437	271	pubchem_cid			95% BCa bootstrap CI clustered by PubChem compound; uncertainty is over the observed compound panel, not broader chemical space.
l1000_phase1	l2	per_gene_population_zscore_dataset_cell_type	replicate_retrieval_dataset	delta_vs_centroid	observed_minus_centroid	-0.1781399482637779	-0.19938651075984154	-0.15879951080658114	0.0202934999766302	bca	ok	0.95	2000	2000	2517	2437	271	pubchem_cid			95% BCa bootstrap CI clustered by PubChem compound; uncertainty is over the observed compound panel, not broader chemical space.
l1000_phase2	l2	raw	replicate_retrieval_dataset	observed_normalized_rank	observed_normalized_rank	0.8297540011213445	0.8157799435910117	0.8427387401562106	0.013479398282599475	bca	ok	0.95	2000	2000	2614	2614	226	pubchem_cid			95% BCa bootstrap CI clustered by PubChem compound; uncertainty is over the observed compound panel, not broader chemical space.
l1000_phase2	l2	raw	replicate_retrieval_dataset	recall_at_1	recall_at_1	0.14419809101316095	0.11200399895705541	0.17970127261674676	0.03384863682984567	bca	ok	0.95	2000	2000	2614	2614	226	pubchem_cid			95% BCa bootstrap CI clustered by PubChem compound; uncertainty is over the observed compound panel, not broader chemical space.
l1000_phase2	l2	raw	replicate_retrieval_dataset	auroc	auroc	0.673319611740663	0.6589680979545867	0.6880614675836638	0.01454668481453858	bca	ok	0.95	2000	2000	2614	2614	226	pubchem_cid			95% BCa bootstrap CI clustered by PubChem compound; uncertainty is over the observed compound panel, not broader chemical space.
l1000_phase2	l2	raw	replicate_retrieval_dataset	null_expected_normalized_rank	null_expected_normalized_rank	0.6936237534498197	0.6855940604172983	0.7023091521103326	0.008357545846517156	bca	ok	0.95	2000	2000	2614	2614	226	pubchem_cid			95% BCa bootstrap CI clustered by PubChem compound; uncertainty is over the observed compound panel, not broader chemical space.
l1000_phase2	l2	raw	replicate_retrieval_dataset	observed_minus_null	observed_minus_null	0.13613024767152476	0.1235667556073301	0.14745123868620733	0.011942241539438611	bca	ok	0.95	2000	2000	2614	2614	226	pubchem_cid			95% BCa bootstrap CI clustered by PubChem compound; uncertainty is over the observed compound panel, not broader chemical space.
l1000_phase2	l2	raw	replicate_retrieval_dataset	centroid_normalized_rank	centroid_normalized_rank	0.9951125859564822	0.9936437023933604	0.9960074957971965	0.0011818967019180393	bca	ok	0.95	2000	2000	2614	2612	226	pubchem_cid			95% BCa bootstrap CI clustered by PubChem compound; uncertainty is over the observed compound panel, not broader chemical space.
l1000_phase2	l2	raw	replicate_retrieval_dataset	delta_vs_centroid	observed_minus_centroid	-0.16541387333681637	-0.17930715512649142	-0.15251880762980863	0.013394173748341398	bca	ok	0.95	2000	2000	2614	2612	226	pubchem_cid			95% BCa bootstrap CI clustered by PubChem compound; uncertainty is over the observed compound panel, not broader chemical space.
l1000_phase2	l2	per_gene_population_zscore_dataset	replicate_retrieval_dataset	observed_normalized_rank	observed_normalized_rank	0.8401512052089463	0.827021802757337	0.8532710358623813	0.013124616552522117	bca	ok	0.95	2000	2000	2614	2614	226	pubchem_cid			95% BCa bootstrap CI clustered by PubChem compound; uncertainty is over the observed compound panel, not broader chemical space.
l1000_phase2	l2	per_gene_population_zscore_dataset	replicate_retrieval_dataset	recall_at_1	recall_at_1	0.15462900329279802	0.12237129455343969	0.19118108128563222	0.03440489336609626	bca	ok	0.95	2000	2000	2614	2614	226	pubchem_cid			95% BCa bootstrap CI clustered by PubChem compound; uncertainty is over the observed compound panel, not broader chemical space.
l1000_phase2	l2	per_gene_population_zscore_dataset	replicate_retrieval_dataset	auroc	auroc	0.6964902985577311	0.6798462882589175	0.7119552941183104	0.016054502929696457	bca	ok	0.95	2000	2000	2614	2614	226	pubchem_cid			95% BCa bootstrap CI clustered by PubChem compound; uncertainty is over the observed compound panel, not broader chemical space.
l1000_phase2	l2	per_gene_population_zscore_dataset	replicate_retrieval_dataset	null_expected_normalized_rank	null_expected_normalized_rank	0.6936237534498197	0.6857759876441404	0.7027917759415576	0.008507894148708617	bca	ok	0.95	2000	2000	2614	2614	226	pubchem_cid			95% BCa bootstrap CI clustered by PubChem compound; uncertainty is over the observed compound panel, not broader chemical space.
l1000_phase2	l2	per_gene_population_zscore_dataset	replicate_retrieval_dataset	observed_minus_null	observed_minus_null	0.1465274517591265	0.13426018067879816	0.15876319486886598	0.012251507095033906	bca	ok	0.95	2000	2000	2614	2614	226	pubchem_cid			95% BCa bootstrap CI clustered by PubChem compound; uncertainty is over the observed compound panel, not broader chemical space.
l1000_phase2	l2	per_gene_population_zscore_dataset	replicate_retrieval_dataset	centroid_normalized_rank	centroid_normalized_rank	0.9932080436000646	0.99152722426709	0.9944896812891907	0.0014812285110503698	bca	ok	0.95	2000	2000	2614	2612	226	pubchem_cid			95% BCa bootstrap CI clustered by PubChem compound; uncertainty is over the observed compound panel, not broader chemical space.
l1000_phase2	l2	per_gene_population_zscore_dataset	replicate_retrieval_dataset	delta_vs_centroid	observed_minus_centroid	-0.15313419311192944	-0.16699466786670428	-0.14045774086668258	0.013268463500010846	bca	ok	0.95	2000	2000	2614	2612	226	pubchem_cid			95% BCa bootstrap CI clustered by PubChem compound; uncertainty is over the observed compound panel, not broader chemical space.
l1000_phase2	l2	per_gene_population_zscore_dataset_cell_type	replicate_retrieval_dataset	observed_normalized_rank	observed_normalized_rank	0.8398752259992032	0.8273535925315043	0.8527881800801483	0.012717293774322014	bca	ok	0.95	2000	2000	2614	2614	226	pubchem_cid			95% BCa bootstrap CI clustered by PubChem compound; uncertainty is over the observed compound panel, not broader chemical space.
l1000_phase2	l2	per_gene_population_zscore_dataset_cell_type	replicate_retrieval_dataset	recall_at_1	recall_at_1	0.15497018037499388	0.12411792429681606	0.19241121420123192	0.03414664495220793	bca	ok	0.95	2000	2000	2614	2614	226	pubchem_cid			95% BCa bootstrap CI clustered by PubChem compound; uncertainty is over the observed compound panel, not broader chemical space.
l1000_phase2	l2	per_gene_population_zscore_dataset_cell_type	replicate_retrieval_dataset	auroc	auroc	0.6975238901980643	0.6822800829441344	0.7127763558511897	0.015248136453527628	bca	ok	0.95	2000	2000	2614	2614	226	pubchem_cid			95% BCa bootstrap CI clustered by PubChem compound; uncertainty is over the observed compound panel, not broader chemical space.
l1000_phase2	l2	per_gene_population_zscore_dataset_cell_type	replicate_retrieval_dataset	null_expected_normalized_rank	null_expected_normalized_rank	0.6936237534498197	0.6857188522745017	0.7030401057814089	0.008660626753453582	bca	ok	0.95	2000	2000	2614	2614	226	pubchem_cid			95% BCa bootstrap CI clustered by PubChem compound; uncertainty is over the observed compound panel, not broader chemical space.
l1000_phase2	l2	per_gene_population_zscore_dataset_cell_type	replicate_retrieval_dataset	observed_minus_null	observed_minus_null	0.14625147254938348	0.1346315388132581	0.15852851570915283	0.011948488447947367	bca	ok	0.95	2000	2000	2614	2614	226	pubchem_cid			95% BCa bootstrap CI clustered by PubChem compound; uncertainty is over the observed compound panel, not broader chemical space.
l1000_phase2	l2	per_gene_population_zscore_dataset_cell_type	replicate_retrieval_dataset	centroid_normalized_rank	centroid_normalized_rank	0.9930783465995371	0.9913333529679323	0.9943965136269419	0.0015315803295047892	bca	ok	0.95	2000	2000	2614	2612	226	pubchem_cid			95% BCa bootstrap CI clustered by PubChem compound; uncertainty is over the observed compound panel, not broader chemical space.
l1000_phase2	l2	per_gene_population_zscore_dataset_cell_type	replicate_retrieval_dataset	delta_vs_centroid	observed_minus_centroid	-0.15326191955949717	-0.16681222357405848	-0.1405298185557186	0.013141202509169933	bca	ok	0.95	2000	2000	2614	2612	226	pubchem_cid			95% BCa bootstrap CI clustered by PubChem compound; uncertainty is over the observed compound panel, not broader chemical space.
