dose_threshold	threshold_order	max_fold_difference	max_abs_delta_log10_dose	is_reference	dataset_a	dataset_b	summary_level	metric	value_col	mean	ci_low	ci_high	ci_half_width	ci_method	ci_status	ci_level	n_bootstrap_iterations	n_bootstrap_valid	n_rows	n_finite_rows	n_compounds	cluster_col	inner_strata	outer_strata	uncertainty_scope	cell_type
exact	0	1.0	0.0	False	l1000_phase1	l1000_phase2	dose_threshold_dataset_pair	observed_deg_lfc_spearman_sym_p05	mean_observed_deg_lfc_spearman_sym_p05	0.4776997132741828	0.43449319465347935	0.5183842698012705	0.041945537573895575	bca	ok	0.95	2000	2000	972	880	221	pubchem_cid			95% BCa bootstrap CI clustered by PubChem compound; uncertainty is over the observed compound panel, not broader chemical space.	
exact	0	1.0	0.0	False	l1000_phase1	l1000_phase2	dose_threshold_dataset_pair	baseline_pair_deg_lfc_spearman_p05	mean_baseline_pair_deg_lfc_spearman_p05	0.5170735926530414	0.4907976795058232	0.5441628004285285	0.026682560461352645	bca	ok	0.95	2000	2000	972	963	235	pubchem_cid			95% BCa bootstrap CI clustered by PubChem compound; uncertainty is over the observed compound panel, not broader chemical space.	
exact	0	1.0	0.0	False	l1000_phase1	l1000_phase2	dose_threshold_dataset_pair	delta_vs_baseline_pair_deg_lfc_spearman_p05	mean_delta_vs_baseline_pair_deg_lfc_spearman_p05	-0.05258756424208581	-0.08520523844068835	-0.01866418711498479	0.03327052566285178	bca	ok	0.95	2000	2000	972	880	221	pubchem_cid			95% BCa bootstrap CI clustered by PubChem compound; uncertainty is over the observed compound panel, not broader chemical space.	
exact	0	1.0	0.0	False	l1000_phase1	l1000_phase2	dose_threshold_dataset_pair	observed_direction_agreement_p05	mean_observed_direction_agreement_p05	0.9289449660352361	0.9133478806982155	0.9411531015117318	0.013902610406758165	bca	ok	0.95	2000	2000	972	755	191	pubchem_cid			95% BCa bootstrap CI clustered by PubChem compound; uncertainty is over the observed compound panel, not broader chemical space.	
exact	0	1.0	0.0	False	l1000_phase1	l1000_phase2	dose_threshold_dataset_pair	baseline_pair_direction_agreement_p05	mean_baseline_pair_direction_agreement_p05	0.7524343339340409	0.7374469912933184	0.7667679844693132	0.014660496587997396	bca	ok	0.95	2000	2000	972	969	236	pubchem_cid			95% BCa bootstrap CI clustered by PubChem compound; uncertainty is over the observed compound panel, not broader chemical space.	
exact	0	1.0	0.0	False	l1000_phase1	l1000_phase2	dose_threshold_dataset_pair	delta_vs_baseline_pair_direction_agreement_p05	mean_delta_vs_baseline_pair_direction_agreement_p05	0.15181871437699737	0.13542203538376493	0.16882383680630556	0.01670090071127031	bca	ok	0.95	2000	2000	972	755	191	pubchem_cid			95% BCa bootstrap CI clustered by PubChem compound; uncertainty is over the observed compound panel, not broader chemical space.	
exact	0	1.0	0.0	False	l1000_phase1	sciplex	dose_threshold_dataset_pair	observed_deg_lfc_spearman_sym_p05	mean_observed_deg_lfc_spearman_sym_p05	0.42845050364482606	0.36712485558962055	0.48813296564852177	0.06050405502945061	bca	ok	0.95	2000	2000	158	66	49	pubchem_cid			95% BCa bootstrap CI clustered by PubChem compound; uncertainty is over the observed compound panel, not broader chemical space.	
exact	0	1.0	0.0	False	l1000_phase1	sciplex	dose_threshold_dataset_pair	baseline_pair_deg_lfc_spearman_p05	mean_baseline_pair_deg_lfc_spearman_p05	0.49442863420896416	0.4227123666543749	0.5445724185905191	0.060930025968072093	bca	ok	0.95	2000	2000	158	142	86	pubchem_cid			95% BCa bootstrap CI clustered by PubChem compound; uncertainty is over the observed compound panel, not broader chemical space.	
exact	0	1.0	0.0	False	l1000_phase1	sciplex	dose_threshold_dataset_pair	delta_vs_baseline_pair_deg_lfc_spearman_p05	mean_delta_vs_baseline_pair_deg_lfc_spearman_p05	-0.1743885803726946	-0.23237040246481924	-0.11691591018084335	0.057727246141987945	bca	ok	0.95	2000	2000	158	66	49	pubchem_cid			95% BCa bootstrap CI clustered by PubChem compound; uncertainty is over the observed compound panel, not broader chemical space.	
exact	0	1.0	0.0	False	l1000_phase1	sciplex	dose_threshold_dataset_pair	observed_direction_agreement_p05	mean_observed_direction_agreement_p05	0.8990159313844172	0.8516647885722884	0.9335434440008692	0.040939327714290374	bca	ok	0.95	2000	2000	158	59	41	pubchem_cid			95% BCa bootstrap CI clustered by PubChem compound; uncertainty is over the observed compound panel, not broader chemical space.	
exact	0	1.0	0.0	False	l1000_phase1	sciplex	dose_threshold_dataset_pair	baseline_pair_direction_agreement_p05	mean_baseline_pair_direction_agreement_p05	0.7294034836157993	0.697045694313468	0.7575842281283118	0.030269266907421932	bca	ok	0.95	2000	2000	158	150	89	pubchem_cid			95% BCa bootstrap CI clustered by PubChem compound; uncertainty is over the observed compound panel, not broader chemical space.	
exact	0	1.0	0.0	False	l1000_phase1	sciplex	dose_threshold_dataset_pair	delta_vs_baseline_pair_direction_agreement_p05	mean_delta_vs_baseline_pair_direction_agreement_p05	0.13008933397655142	0.07387038906130615	0.17761796574641447	0.05187378834255416	bca	ok	0.95	2000	2000	158	59	41	pubchem_cid			95% BCa bootstrap CI clustered by PubChem compound; uncertainty is over the observed compound panel, not broader chemical space.	
exact	0	1.0	0.0	False	l1000_phase2	sciplex	dose_threshold_dataset_pair	observed_deg_lfc_spearman_sym_p05	mean_observed_deg_lfc_spearman_sym_p05	0.5377525125611939	0.4730102579987344	0.5881482904250477	0.05756901621315663	bca	ok	0.95	2000	2000	124	58	47	pubchem_cid			95% BCa bootstrap CI clustered by PubChem compound; uncertainty is over the observed compound panel, not broader chemical space.	
exact	0	1.0	0.0	False	l1000_phase2	sciplex	dose_threshold_dataset_pair	baseline_pair_deg_lfc_spearman_p05	mean_baseline_pair_deg_lfc_spearman_p05	0.5333169205839141	0.42466230479197936	0.6002021751802558	0.0877699351941382	bca	ok	0.95	2000	2000	124	111	74	pubchem_cid			95% BCa bootstrap CI clustered by PubChem compound; uncertainty is over the observed compound panel, not broader chemical space.	
exact	0	1.0	0.0	False	l1000_phase2	sciplex	dose_threshold_dataset_pair	delta_vs_baseline_pair_deg_lfc_spearman_p05	mean_delta_vs_baseline_pair_deg_lfc_spearman_p05	-0.11518474517412033	-0.18122718082461906	-0.05545878366553211	0.06288419857954347	bca	ok	0.95	2000	2000	124	58	47	pubchem_cid			95% BCa bootstrap CI clustered by PubChem compound; uncertainty is over the observed compound panel, not broader chemical space.	
exact	0	1.0	0.0	False	l1000_phase2	sciplex	dose_threshold_dataset_pair	observed_direction_agreement_p05	mean_observed_direction_agreement_p05	0.9494054646551109	0.9099331290506022	0.968400572340668	0.029233721645032906	bca	ok	0.95	2000	2000	124	58	46	pubchem_cid			95% BCa bootstrap CI clustered by PubChem compound; uncertainty is over the observed compound panel, not broader chemical space.	
exact	0	1.0	0.0	False	l1000_phase2	sciplex	dose_threshold_dataset_pair	baseline_pair_direction_agreement_p05	mean_baseline_pair_direction_agreement_p05	0.7117099373219526	0.6606518392020804	0.7522184492979374	0.04578330504792849	bca	ok	0.95	2000	2000	124	115	77	pubchem_cid			95% BCa bootstrap CI clustered by PubChem compound; uncertainty is over the observed compound panel, not broader chemical space.	
exact	0	1.0	0.0	False	l1000_phase2	sciplex	dose_threshold_dataset_pair	delta_vs_baseline_pair_direction_agreement_p05	mean_delta_vs_baseline_pair_direction_agreement_p05	0.18359924927529472	0.147437340986845	0.22604293025996483	0.03930279463655992	bca	ok	0.95	2000	2000	124	58	46	pubchem_cid			95% BCa bootstrap CI clustered by PubChem compound; uncertainty is over the observed compound panel, not broader chemical space.	
exact	0	1.0	0.0	False	l1000_phase1	l1000_phase2	dose_threshold_dataset_pair_line	observed_deg_lfc_spearman_sym_p05	mean_observed_deg_lfc_spearman_sym_p05	0.4696873322805851	0.39962985818420754	0.5243513712900523	0.062360756552922364	bca	ok	0.95	2000	2000	140	131	127	pubchem_cid			95% BCa bootstrap CI clustered by PubChem compound; uncertainty is over the observed compound panel, not broader chemical space.	CVCL_0023
exact	0	1.0	0.0	False	l1000_phase1	l1000_phase2	dose_threshold_dataset_pair_line	baseline_pair_deg_lfc_spearman_p05	mean_baseline_pair_deg_lfc_spearman_p05	0.48311570483402033	0.4363038920579295	0.5216639832938614	0.042680045617965956	bca	ok	0.95	2000	2000	140	138	133	pubchem_cid			95% BCa bootstrap CI clustered by PubChem compound; uncertainty is over the observed compound panel, not broader chemical space.	CVCL_0023
exact	0	1.0	0.0	False	l1000_phase1	l1000_phase2	dose_threshold_dataset_pair_line	delta_vs_baseline_pair_deg_lfc_spearman_p05	mean_delta_vs_baseline_pair_deg_lfc_spearman_p05	-0.018265359599363068	-0.08508879500080789	0.03372981645266575	0.05940930572673682	bca	ok	0.95	2000	2000	140	131	127	pubchem_cid			95% BCa bootstrap CI clustered by PubChem compound; uncertainty is over the observed compound panel, not broader chemical space.	CVCL_0023
exact	0	1.0	0.0	False	l1000_phase1	l1000_phase2	dose_threshold_dataset_pair_line	observed_direction_agreement_p05	mean_observed_direction_agreement_p05	0.9127459593865053	0.873636903519156	0.9372324589808481	0.03179777773084602	bca	ok	0.95	2000	2000	140	120	116	pubchem_cid			95% BCa bootstrap CI clustered by PubChem compound; uncertainty is over the observed compound panel, not broader chemical space.	CVCL_0023
exact	0	1.0	0.0	False	l1000_phase1	l1000_phase2	dose_threshold_dataset_pair_line	baseline_pair_direction_agreement_p05	mean_baseline_pair_direction_agreement_p05	0.7359865221999857	0.7146607403533183	0.7579590868589235	0.021649173252802634	bca	ok	0.95	2000	2000	140	139	134	pubchem_cid			95% BCa bootstrap CI clustered by PubChem compound; uncertainty is over the observed compound panel, not broader chemical space.	CVCL_0023
exact	0	1.0	0.0	False	l1000_phase1	l1000_phase2	dose_threshold_dataset_pair_line	delta_vs_baseline_pair_direction_agreement_p05	mean_delta_vs_baseline_pair_direction_agreement_p05	0.16746054195964344	0.12977918027135826	0.19675930867482247	0.0334900642017321	bca	ok	0.95	2000	2000	140	120	116	pubchem_cid			95% BCa bootstrap CI clustered by PubChem compound; uncertainty is over the observed compound panel, not broader chemical space.	CVCL_0023
exact	0	1.0	0.0	False	l1000_phase1	l1000_phase2	dose_threshold_dataset_pair_line	observed_deg_lfc_spearman_sym_p05	mean_observed_deg_lfc_spearman_sym_p05	0.5068692033798718	0.4537533109253774	0.5557803289496376	0.05101350901213009	bca	ok	0.95	2000	2000	178	153	153	pubchem_cid			95% BCa bootstrap CI clustered by PubChem compound; uncertainty is over the observed compound panel, not broader chemical space.	CVCL_0031
exact	0	1.0	0.0	False	l1000_phase1	l1000_phase2	dose_threshold_dataset_pair_line	baseline_pair_deg_lfc_spearman_p05	mean_baseline_pair_deg_lfc_spearman_p05	0.5227845599214624	0.4777498583217927	0.5591017213683169	0.04067593152326213	bca	ok	0.95	2000	2000	178	175	175	pubchem_cid			95% BCa bootstrap CI clustered by PubChem compound; uncertainty is over the observed compound panel, not broader chemical space.	CVCL_0031
exact	0	1.0	0.0	False	l1000_phase1	l1000_phase2	dose_threshold_dataset_pair_line	delta_vs_baseline_pair_deg_lfc_spearman_p05	mean_delta_vs_baseline_pair_deg_lfc_spearman_p05	-0.033264320756082565	-0.08913383050490956	0.013275076577359527	0.051204453541134544	bca	ok	0.95	2000	2000	178	153	153	pubchem_cid			95% BCa bootstrap CI clustered by PubChem compound; uncertainty is over the observed compound panel, not broader chemical space.	CVCL_0031
exact	0	1.0	0.0	False	l1000_phase1	l1000_phase2	dose_threshold_dataset_pair_line	observed_direction_agreement_p05	mean_observed_direction_agreement_p05	0.9158164595395754	0.8740149600209718	0.9425250108413021	0.034255025410165174	bca	ok	0.95	2000	2000	178	132	132	pubchem_cid			95% BCa bootstrap CI clustered by PubChem compound; uncertainty is over the observed compound panel, not broader chemical space.	CVCL_0031
exact	0	1.0	0.0	False	l1000_phase1	l1000_phase2	dose_threshold_dataset_pair_line	baseline_pair_direction_agreement_p05	mean_baseline_pair_direction_agreement_p05	0.765266242713465	0.7392705390929746	0.7853578869118749	0.02304367390945017	bca	ok	0.95	2000	2000	178	177	177	pubchem_cid			95% BCa bootstrap CI clustered by PubChem compound; uncertainty is over the observed compound panel, not broader chemical space.	CVCL_0031
exact	0	1.0	0.0	False	l1000_phase1	l1000_phase2	dose_threshold_dataset_pair_line	delta_vs_baseline_pair_direction_agreement_p05	mean_delta_vs_baseline_pair_direction_agreement_p05	0.12784086531154465	0.09508555929192551	0.15447563342662404	0.029695037067349266	bca	ok	0.95	2000	2000	178	132	132	pubchem_cid			95% BCa bootstrap CI clustered by PubChem compound; uncertainty is over the observed compound panel, not broader chemical space.	CVCL_0031
exact	0	1.0	0.0	False	l1000_phase1	l1000_phase2	dose_threshold_dataset_pair_line	observed_deg_lfc_spearman_sym_p05	mean_observed_deg_lfc_spearman_sym_p05	0.39640365304188474	0.29813351098555985	0.48005625183024414	0.09096137042234215	bca	ok	0.95	2000	2000	59	59	59	pubchem_cid			95% BCa bootstrap CI clustered by PubChem compound; uncertainty is over the observed compound panel, not broader chemical space.	CVCL_0033
exact	0	1.0	0.0	False	l1000_phase1	l1000_phase2	dose_threshold_dataset_pair_line	baseline_pair_deg_lfc_spearman_p05	mean_baseline_pair_deg_lfc_spearman_p05	0.49909966462089234	0.4381143684863352	0.552464277538178	0.05717495452592136	bca	ok	0.95	2000	2000	59	59	59	pubchem_cid			95% BCa bootstrap CI clustered by PubChem compound; uncertainty is over the observed compound panel, not broader chemical space.	CVCL_0033
exact	0	1.0	0.0	False	l1000_phase1	l1000_phase2	dose_threshold_dataset_pair_line	delta_vs_baseline_pair_deg_lfc_spearman_p05	mean_delta_vs_baseline_pair_deg_lfc_spearman_p05	-0.10269601157900764	-0.20926535500857935	-0.011278327324593917	0.09899351384199272	bca	ok	0.95	2000	2000	59	59	59	pubchem_cid			95% BCa bootstrap CI clustered by PubChem compound; uncertainty is over the observed compound panel, not broader chemical space.	CVCL_0033
exact	0	1.0	0.0	False	l1000_phase1	l1000_phase2	dose_threshold_dataset_pair_line	observed_direction_agreement_p05	mean_observed_direction_agreement_p05	0.8980911838316511	0.8434446848180646	0.9351066794108824	0.04583099729640894	bca	ok	0.95	2000	2000	59	54	54	pubchem_cid			95% BCa bootstrap CI clustered by PubChem compound; uncertainty is over the observed compound panel, not broader chemical space.	CVCL_0033
exact	0	1.0	0.0	False	l1000_phase1	l1000_phase2	dose_threshold_dataset_pair_line	baseline_pair_direction_agreement_p05	mean_baseline_pair_direction_agreement_p05	0.7420244971982018	0.7093581683194065	0.7716454753494647	0.031143653515029124	bca	ok	0.95	2000	2000	59	59	59	pubchem_cid			95% BCa bootstrap CI clustered by PubChem compound; uncertainty is over the observed compound panel, not broader chemical space.	CVCL_0033
exact	0	1.0	0.0	False	l1000_phase1	l1000_phase2	dose_threshold_dataset_pair_line	delta_vs_baseline_pair_direction_agreement_p05	mean_delta_vs_baseline_pair_direction_agreement_p05	0.15005113619257	0.08655002191322855	0.20169870377890972	0.057574340932840584	bca	ok	0.95	2000	2000	59	54	54	pubchem_cid			95% BCa bootstrap CI clustered by PubChem compound; uncertainty is over the observed compound panel, not broader chemical space.	CVCL_0033
exact	0	1.0	0.0	False	l1000_phase1	l1000_phase2	dose_threshold_dataset_pair_line	observed_deg_lfc_spearman_sym_p05	mean_observed_deg_lfc_spearman_sym_p05	0.4139688833003584	0.339663143346646	0.4796414910752755	0.06998917386431475	bca	ok	0.95	2000	2000	112	103	103	pubchem_cid			95% BCa bootstrap CI clustered by PubChem compound; uncertainty is over the observed compound panel, not broader chemical space.	CVCL_0035
exact	0	1.0	0.0	False	l1000_phase1	l1000_phase2	dose_threshold_dataset_pair_line	baseline_pair_deg_lfc_spearman_p05	mean_baseline_pair_deg_lfc_spearman_p05	0.41228120254426626	0.3504112154926272	0.46556374791318317	0.05757626621027798	bca	ok	0.95	2000	2000	112	112	112	pubchem_cid			95% BCa bootstrap CI clustered by PubChem compound; uncertainty is over the observed compound panel, not broader chemical space.	CVCL_0035
exact	0	1.0	0.0	False	l1000_phase1	l1000_phase2	dose_threshold_dataset_pair_line	delta_vs_baseline_pair_deg_lfc_spearman_p05	mean_delta_vs_baseline_pair_deg_lfc_spearman_p05	-0.016846574424153302	-0.09463314432244246	0.05053346708702541	0.07258330570473394	bca	ok	0.95	2000	2000	112	103	103	pubchem_cid			95% BCa bootstrap CI clustered by PubChem compound; uncertainty is over the observed compound panel, not broader chemical space.	CVCL_0035
exact	0	1.0	0.0	False	l1000_phase1	l1000_phase2	dose_threshold_dataset_pair_line	observed_direction_agreement_p05	mean_observed_direction_agreement_p05	0.9115528387750893	0.8599828499098623	0.9439019537183158	0.04195955190422673	bca	ok	0.95	2000	2000	112	90	90	pubchem_cid			95% BCa bootstrap CI clustered by PubChem compound; uncertainty is over the observed compound panel, not broader chemical space.	CVCL_0035
exact	0	1.0	0.0	False	l1000_phase1	l1000_phase2	dose_threshold_dataset_pair_line	baseline_pair_direction_agreement_p05	mean_baseline_pair_direction_agreement_p05	0.6987192644529119	0.6716845195611246	0.7241600291469289	0.026237754792902135	bca	ok	0.95	2000	2000	112	112	112	pubchem_cid			95% BCa bootstrap CI clustered by PubChem compound; uncertainty is over the observed compound panel, not broader chemical space.	CVCL_0035
exact	0	1.0	0.0	False	l1000_phase1	l1000_phase2	dose_threshold_dataset_pair_line	delta_vs_baseline_pair_direction_agreement_p05	mean_delta_vs_baseline_pair_direction_agreement_p05	0.19808197132017827	0.1466809605319796	0.240991151864443	0.0471550956662317	bca	ok	0.95	2000	2000	112	90	90	pubchem_cid			95% BCa bootstrap CI clustered by PubChem compound; uncertainty is over the observed compound panel, not broader chemical space.	CVCL_0035
exact	0	1.0	0.0	False	l1000_phase1	l1000_phase2	dose_threshold_dataset_pair_line	observed_deg_lfc_spearman_sym_p05	mean_observed_deg_lfc_spearman_sym_p05	0.5908605987002088	0.5103410094497544	0.6475799381213194	0.06861946433578253	bca	ok	0.95	2000	2000	89	86	86	pubchem_cid			95% BCa bootstrap CI clustered by PubChem compound; uncertainty is over the observed compound panel, not broader chemical space.	CVCL_0062
exact	0	1.0	0.0	False	l1000_phase1	l1000_phase2	dose_threshold_dataset_pair_line	baseline_pair_deg_lfc_spearman_p05	mean_baseline_pair_deg_lfc_spearman_p05	0.6347881284551324	0.5812670842530512	0.6780034411212971	0.048368178434122944	bca	ok	0.95	2000	2000	89	89	89	pubchem_cid			95% BCa bootstrap CI clustered by PubChem compound; uncertainty is over the observed compound panel, not broader chemical space.	CVCL_0062
exact	0	1.0	0.0	False	l1000_phase1	l1000_phase2	dose_threshold_dataset_pair_line	delta_vs_baseline_pair_deg_lfc_spearman_p05	mean_delta_vs_baseline_pair_deg_lfc_spearman_p05	-0.04215103589704629	-0.10608326976978147	0.010068317340650591	0.058075793555216026	bca	ok	0.95	2000	2000	89	86	86	pubchem_cid			95% BCa bootstrap CI clustered by PubChem compound; uncertainty is over the observed compound panel, not broader chemical space.	CVCL_0062
exact	0	1.0	0.0	False	l1000_phase1	l1000_phase2	dose_threshold_dataset_pair_line	observed_direction_agreement_p05	mean_observed_direction_agreement_p05	0.9576252903431015	0.9367888230943725	0.9704434468775315	0.01682731189157949	bca	ok	0.95	2000	2000	89	75	75	pubchem_cid			95% BCa bootstrap CI clustered by PubChem compound; uncertainty is over the observed compound panel, not broader chemical space.	CVCL_0062
exact	0	1.0	0.0	False	l1000_phase1	l1000_phase2	dose_threshold_dataset_pair_line	baseline_pair_direction_agreement_p05	mean_baseline_pair_direction_agreement_p05	0.8260711523935761	0.802509665216162	0.846867104461983	0.022178719622910514	bca	ok	0.95	2000	2000	89	89	89	pubchem_cid			95% BCa bootstrap CI clustered by PubChem compound; uncertainty is over the observed compound panel, not broader chemical space.	CVCL_0062
exact	0	1.0	0.0	False	l1000_phase1	l1000_phase2	dose_threshold_dataset_pair_line	delta_vs_baseline_pair_direction_agreement_p05	mean_delta_vs_baseline_pair_direction_agreement_p05	0.12522668565695455	0.10142473457593291	0.1556827435486608	0.02712900448636394	bca	ok	0.95	2000	2000	89	75	75	pubchem_cid			95% BCa bootstrap CI clustered by PubChem compound; uncertainty is over the observed compound panel, not broader chemical space.	CVCL_0062
exact	0	1.0	0.0	False	l1000_phase1	l1000_phase2	dose_threshold_dataset_pair_line	observed_deg_lfc_spearman_sym_p05	mean_observed_deg_lfc_spearman_sym_p05	0.6540086776259697	0.38805556678789405	0.756248717390947	0.18409657530152648	bca	ok	0.95	2000	2000	31	28	28	pubchem_cid			95% BCa bootstrap CI clustered by PubChem compound; uncertainty is over the observed compound panel, not broader chemical space.	CVCL_0132
exact	0	1.0	0.0	False	l1000_phase1	l1000_phase2	dose_threshold_dataset_pair_line	baseline_pair_deg_lfc_spearman_p05	mean_baseline_pair_deg_lfc_spearman_p05	0.6334363795597284	0.4440835578719746	0.7053357884955221	0.13062611531177376	bca	ok	0.95	2000	2000	31	31	31	pubchem_cid			95% BCa bootstrap CI clustered by PubChem compound; uncertainty is over the observed compound panel, not broader chemical space.	CVCL_0132
exact	0	1.0	0.0	False	l1000_phase1	l1000_phase2	dose_threshold_dataset_pair_line	delta_vs_baseline_pair_deg_lfc_spearman_p05	mean_delta_vs_baseline_pair_deg_lfc_spearman_p05	-0.011061450855771917	-0.19757494389058208	0.06954804119370998	0.13356149254214603	bca	ok	0.95	2000	2000	31	28	28	pubchem_cid			95% BCa bootstrap CI clustered by PubChem compound; uncertainty is over the observed compound panel, not broader chemical space.	CVCL_0132
exact	0	1.0	0.0	False	l1000_phase1	l1000_phase2	dose_threshold_dataset_pair_line	observed_direction_agreement_p05	mean_observed_direction_agreement_p05	0.9607259587746241	0.9397515336791111	0.9743398129593023	0.017294139640095574	bca	ok	0.95	2000	2000	31	26	26	pubchem_cid			95% BCa bootstrap CI clustered by PubChem compound; uncertainty is over the observed compound panel, not broader chemical space.	CVCL_0132
exact	0	1.0	0.0	False	l1000_phase1	l1000_phase2	dose_threshold_dataset_pair_line	baseline_pair_direction_agreement_p05	mean_baseline_pair_direction_agreement_p05	0.788293194413149	0.7075235722463836	0.8342597111107667	0.06336806943219153	bca	ok	0.95	2000	2000	31	31	31	pubchem_cid			95% BCa bootstrap CI clustered by PubChem compound; uncertainty is over the observed compound panel, not broader chemical space.	CVCL_0132
exact	0	1.0	0.0	False	l1000_phase1	l1000_phase2	dose_threshold_dataset_pair_line	delta_vs_baseline_pair_direction_agreement_p05	mean_delta_vs_baseline_pair_direction_agreement_p05	0.13088842104850132	0.101432460467954	0.15774183168668732	0.02815468560936666	bca	ok	0.95	2000	2000	31	26	26	pubchem_cid			95% BCa bootstrap CI clustered by PubChem compound; uncertainty is over the observed compound panel, not broader chemical space.	CVCL_0132
exact	0	1.0	0.0	False	l1000_phase1	l1000_phase2	dose_threshold_dataset_pair_line	observed_deg_lfc_spearman_sym_p05	mean_observed_deg_lfc_spearman_sym_p05	0.5190919396550746	0.4188364129989827	0.5974458136253215	0.08930470031316937	bca	ok	0.95	2000	2000	62	57	57	pubchem_cid			95% BCa bootstrap CI clustered by PubChem compound; uncertainty is over the observed compound panel, not broader chemical space.	CVCL_0178
exact	0	1.0	0.0	False	l1000_phase1	l1000_phase2	dose_threshold_dataset_pair_line	baseline_pair_deg_lfc_spearman_p05	mean_baseline_pair_deg_lfc_spearman_p05	0.5959213323401256	0.543925173077524	0.6391987808677456	0.047636803895110824	bca	ok	0.95	2000	2000	62	62	62	pubchem_cid			95% BCa bootstrap CI clustered by PubChem compound; uncertainty is over the observed compound panel, not broader chemical space.	CVCL_0178
exact	0	1.0	0.0	False	l1000_phase1	l1000_phase2	dose_threshold_dataset_pair_line	delta_vs_baseline_pair_deg_lfc_spearman_p05	mean_delta_vs_baseline_pair_deg_lfc_spearman_p05	-0.06767273590242529	-0.17921474366381226	0.013659172945833704	0.09643695830482299	bca	ok	0.95	2000	2000	62	57	57	pubchem_cid			95% BCa bootstrap CI clustered by PubChem compound; uncertainty is over the observed compound panel, not broader chemical space.	CVCL_0178
exact	0	1.0	0.0	False	l1000_phase1	l1000_phase2	dose_threshold_dataset_pair_line	observed_direction_agreement_p05	mean_observed_direction_agreement_p05	0.9019748531984035	0.8183334727340538	0.9457700480570103	0.06371828766147825	bca	ok	0.95	2000	2000	62	52	52	pubchem_cid			95% BCa bootstrap CI clustered by PubChem compound; uncertainty is over the observed compound panel, not broader chemical space.	CVCL_0178
exact	0	1.0	0.0	False	l1000_phase1	l1000_phase2	dose_threshold_dataset_pair_line	baseline_pair_direction_agreement_p05	mean_baseline_pair_direction_agreement_p05	0.8071657430947645	0.7810812919369585	0.8304396689652491	0.0246791885141453	bca	ok	0.95	2000	2000	62	62	62	pubchem_cid			95% BCa bootstrap CI clustered by PubChem compound; uncertainty is over the observed compound panel, not broader chemical space.	CVCL_0178
exact	0	1.0	0.0	False	l1000_phase1	l1000_phase2	dose_threshold_dataset_pair_line	delta_vs_baseline_pair_direction_agreement_p05	mean_delta_vs_baseline_pair_direction_agreement_p05	0.10583429449052431	0.032706136007537474	0.15038463546484798	0.05883924972865526	bca	ok	0.95	2000	2000	62	52	52	pubchem_cid			95% BCa bootstrap CI clustered by PubChem compound; uncertainty is over the observed compound panel, not broader chemical space.	CVCL_0178
exact	0	1.0	0.0	False	l1000_phase1	l1000_phase2	dose_threshold_dataset_pair_line	observed_deg_lfc_spearman_sym_p05	mean_observed_deg_lfc_spearman_sym_p05	0.5107456161429262	0.24730106498206125	0.6688894165171226	0.21079417576753068	bca	ok	0.95	2000	2000	22	20	20	pubchem_cid			95% BCa bootstrap CI clustered by PubChem compound; uncertainty is over the observed compound panel, not broader chemical space.	CVCL_0320
exact	0	1.0	0.0	False	l1000_phase1	l1000_phase2	dose_threshold_dataset_pair_line	baseline_pair_deg_lfc_spearman_p05	mean_baseline_pair_deg_lfc_spearman_p05	0.4542544172053262	0.3081243076914436	0.5564664416933717	0.12417106700096403	bca	ok	0.95	2000	2000	22	22	22	pubchem_cid			95% BCa bootstrap CI clustered by PubChem compound; uncertainty is over the observed compound panel, not broader chemical space.	CVCL_0320
exact	0	1.0	0.0	False	l1000_phase1	l1000_phase2	dose_threshold_dataset_pair_line	delta_vs_baseline_pair_deg_lfc_spearman_p05	mean_delta_vs_baseline_pair_deg_lfc_spearman_p05	-0.0008818122377385107	-0.20578209025807584	0.13937365268669474	0.1725778714723853	bca	ok	0.95	2000	2000	22	20	20	pubchem_cid			95% BCa bootstrap CI clustered by PubChem compound; uncertainty is over the observed compound panel, not broader chemical space.	CVCL_0320
exact	0	1.0	0.0	False	l1000_phase1	l1000_phase2	dose_threshold_dataset_pair_line	observed_direction_agreement_p05	mean_observed_direction_agreement_p05	0.971789867564554	0.9291604790754013	0.9871460054957583	0.028992763210178463	bca	ok	0.95	2000	2000	22	16	16	pubchem_cid			95% BCa bootstrap CI clustered by PubChem compound; uncertainty is over the observed compound panel, not broader chemical space.	CVCL_0320
exact	0	1.0	0.0	False	l1000_phase1	l1000_phase2	dose_threshold_dataset_pair_line	baseline_pair_direction_agreement_p05	mean_baseline_pair_direction_agreement_p05	0.7219492997019972	0.6609352323751944	0.7725600251229009	0.05581239637385327	bca	ok	0.95	2000	2000	22	22	22	pubchem_cid			95% BCa bootstrap CI clustered by PubChem compound; uncertainty is over the observed compound panel, not broader chemical space.	CVCL_0320
exact	0	1.0	0.0	False	l1000_phase1	l1000_phase2	dose_threshold_dataset_pair_line	delta_vs_baseline_pair_direction_agreement_p05	mean_delta_vs_baseline_pair_direction_agreement_p05	0.21738250266860076	0.16025979407230861	0.2796586126490877	0.05969940928838954	bca	ok	0.95	2000	2000	22	16	16	pubchem_cid			95% BCa bootstrap CI clustered by PubChem compound; uncertainty is over the observed compound panel, not broader chemical space.	CVCL_0320
exact	0	1.0	0.0	False	l1000_phase1	l1000_phase2	dose_threshold_dataset_pair_line	observed_deg_lfc_spearman_sym_p05	mean_observed_deg_lfc_spearman_sym_p05	0.5018406611038541	0.3981062572553255	0.5798637288703302	0.09087873580750236	bca	ok	0.95	2000	2000	62	58	58	pubchem_cid			95% BCa bootstrap CI clustered by PubChem compound; uncertainty is over the observed compound panel, not broader chemical space.	CVCL_0332
exact	0	1.0	0.0	False	l1000_phase1	l1000_phase2	dose_threshold_dataset_pair_line	baseline_pair_deg_lfc_spearman_p05	mean_baseline_pair_deg_lfc_spearman_p05	0.5734254761620138	0.5142524453765974	0.6210678702355875	0.05340771242949505	bca	ok	0.95	2000	2000	62	62	62	pubchem_cid			95% BCa bootstrap CI clustered by PubChem compound; uncertainty is over the observed compound panel, not broader chemical space.	CVCL_0332
exact	0	1.0	0.0	False	l1000_phase1	l1000_phase2	dose_threshold_dataset_pair_line	delta_vs_baseline_pair_deg_lfc_spearman_p05	mean_delta_vs_baseline_pair_deg_lfc_spearman_p05	-0.07231376631040486	-0.153874047486454	-0.011007682628937535	0.07143318242875824	bca	ok	0.95	2000	2000	62	58	58	pubchem_cid			95% BCa bootstrap CI clustered by PubChem compound; uncertainty is over the observed compound panel, not broader chemical space.	CVCL_0332
exact	0	1.0	0.0	False	l1000_phase1	l1000_phase2	dose_threshold_dataset_pair_line	observed_direction_agreement_p05	mean_observed_direction_agreement_p05	0.9719097547711747	0.9537891327484128	0.982695897566499	0.014453382409043092	bca	ok	0.95	2000	2000	62	52	52	pubchem_cid			95% BCa bootstrap CI clustered by PubChem compound; uncertainty is over the observed compound panel, not broader chemical space.	CVCL_0332
exact	0	1.0	0.0	False	l1000_phase1	l1000_phase2	dose_threshold_dataset_pair_line	baseline_pair_direction_agreement_p05	mean_baseline_pair_direction_agreement_p05	0.7977784602620523	0.7619728744268199	0.8255747569643491	0.03180094126876459	bca	ok	0.95	2000	2000	62	62	62	pubchem_cid			95% BCa bootstrap CI clustered by PubChem compound; uncertainty is over the observed compound panel, not broader chemical space.	CVCL_0332
exact	0	1.0	0.0	False	l1000_phase1	l1000_phase2	dose_threshold_dataset_pair_line	delta_vs_baseline_pair_direction_agreement_p05	mean_delta_vs_baseline_pair_direction_agreement_p05	0.15055775954168404	0.12221735538163482	0.18382126406518898	0.03080195434177708	bca	ok	0.95	2000	2000	62	52	52	pubchem_cid			95% BCa bootstrap CI clustered by PubChem compound; uncertainty is over the observed compound panel, not broader chemical space.	CVCL_0332
exact	0	1.0	0.0	False	l1000_phase1	l1000_phase2	dose_threshold_dataset_pair_line	observed_deg_lfc_spearman_sym_p05	mean_observed_deg_lfc_spearman_sym_p05	0.5870451177048912	0.5020400297862436	0.6506857966588312	0.07432288343629379	bca	ok	0.95	2000	2000	61	58	58	pubchem_cid			95% BCa bootstrap CI clustered by PubChem compound; uncertainty is over the observed compound panel, not broader chemical space.	CVCL_0598
exact	0	1.0	0.0	False	l1000_phase1	l1000_phase2	dose_threshold_dataset_pair_line	baseline_pair_deg_lfc_spearman_p05	mean_baseline_pair_deg_lfc_spearman_p05	0.6704187294741748	0.6018498173198488	0.7221345494389664	0.060142366059558805	bca	ok	0.95	2000	2000	61	61	61	pubchem_cid			95% BCa bootstrap CI clustered by PubChem compound; uncertainty is over the observed compound panel, not broader chemical space.	CVCL_0598
exact	0	1.0	0.0	False	l1000_phase1	l1000_phase2	dose_threshold_dataset_pair_line	delta_vs_baseline_pair_deg_lfc_spearman_p05	mean_delta_vs_baseline_pair_deg_lfc_spearman_p05	-0.08167792397857558	-0.14012957562446807	-0.01527843141472087	0.062425572104873595	bca	ok	0.95	2000	2000	61	58	58	pubchem_cid			95% BCa bootstrap CI clustered by PubChem compound; uncertainty is over the observed compound panel, not broader chemical space.	CVCL_0598
exact	0	1.0	0.0	False	l1000_phase1	l1000_phase2	dose_threshold_dataset_pair_line	observed_direction_agreement_p05	mean_observed_direction_agreement_p05	0.970135474359417	0.9528705162082785	0.9786542642424915	0.012891874017106508	bca	ok	0.95	2000	2000	61	47	47	pubchem_cid			95% BCa bootstrap CI clustered by PubChem compound; uncertainty is over the observed compound panel, not broader chemical space.	CVCL_0598
exact	0	1.0	0.0	False	l1000_phase1	l1000_phase2	dose_threshold_dataset_pair_line	baseline_pair_direction_agreement_p05	mean_baseline_pair_direction_agreement_p05	0.8405661450273603	0.8044749214100424	0.8652658220481919	0.030395450319074757	bca	ok	0.95	2000	2000	61	61	61	pubchem_cid			95% BCa bootstrap CI clustered by PubChem compound; uncertainty is over the observed compound panel, not broader chemical space.	CVCL_0598
exact	0	1.0	0.0	False	l1000_phase1	l1000_phase2	dose_threshold_dataset_pair_line	delta_vs_baseline_pair_direction_agreement_p05	mean_delta_vs_baseline_pair_direction_agreement_p05	0.09554134277697801	0.06978336129072563	0.12953796347162272	0.029877301090448546	bca	ok	0.95	2000	2000	61	47	47	pubchem_cid			95% BCa bootstrap CI clustered by PubChem compound; uncertainty is over the observed compound panel, not broader chemical space.	CVCL_0598
exact	0	1.0	0.0	False	l1000_phase1	l1000_phase2	dose_threshold_dataset_pair_line	observed_deg_lfc_spearman_sym_p05	mean_observed_deg_lfc_spearman_sym_p05	0.6016040866233369	0.45964087983480595	0.7013573350280128	0.12085822759660342	bca	ok	0.95	2000	2000	25	21	21	pubchem_cid			95% BCa bootstrap CI clustered by PubChem compound; uncertainty is over the observed compound panel, not broader chemical space.	CVCL_5136
exact	0	1.0	0.0	False	l1000_phase1	l1000_phase2	dose_threshold_dataset_pair_line	baseline_pair_deg_lfc_spearman_p05	mean_baseline_pair_deg_lfc_spearman_p05	0.42874579859948786	0.2859639676512148	0.5450237416852534	0.12952988701701929	bca	ok	0.95	2000	2000	25	24	24	pubchem_cid			95% BCa bootstrap CI clustered by PubChem compound; uncertainty is over the observed compound panel, not broader chemical space.	CVCL_5136
exact	0	1.0	0.0	False	l1000_phase1	l1000_phase2	dose_threshold_dataset_pair_line	delta_vs_baseline_pair_deg_lfc_spearman_p05	mean_delta_vs_baseline_pair_deg_lfc_spearman_p05	0.1287992421443992	0.0032159128406267223	0.2636118450325136	0.13019796609594345	bca	ok	0.95	2000	2000	25	21	21	pubchem_cid			95% BCa bootstrap CI clustered by PubChem compound; uncertainty is over the observed compound panel, not broader chemical space.	CVCL_5136
exact	0	1.0	0.0	False	l1000_phase1	l1000_phase2	dose_threshold_dataset_pair_line	observed_direction_agreement_p05	mean_observed_direction_agreement_p05	0.9578232224850798	0.9114732721560934	0.9849898576211967	0.036758292732551656	bca	ok	0.95	2000	2000	25	20	20	pubchem_cid			95% BCa bootstrap CI clustered by PubChem compound; uncertainty is over the observed compound panel, not broader chemical space.	CVCL_5136
exact	0	1.0	0.0	False	l1000_phase1	l1000_phase2	dose_threshold_dataset_pair_line	baseline_pair_direction_agreement_p05	mean_baseline_pair_direction_agreement_p05	0.6590019778998879	0.5413741003515636	0.7436757371952231	0.10115081842182971	bca	ok	0.95	2000	2000	25	25	25	pubchem_cid			95% BCa bootstrap CI clustered by PubChem compound; uncertainty is over the observed compound panel, not broader chemical space.	CVCL_5136
exact	0	1.0	0.0	False	l1000_phase1	l1000_phase2	dose_threshold_dataset_pair_line	delta_vs_baseline_pair_direction_agreement_p05	mean_delta_vs_baseline_pair_direction_agreement_p05	0.23886141451068466	0.17057189814721255	0.3443359686563195	0.08688203525455347	bca	ok	0.95	2000	2000	25	20	20	pubchem_cid			95% BCa bootstrap CI clustered by PubChem compound; uncertainty is over the observed compound panel, not broader chemical space.	CVCL_5136
exact	0	1.0	0.0	False	l1000_phase1	l1000_phase2	dose_threshold_dataset_pair_line	observed_deg_lfc_spearman_sym_p05	mean_observed_deg_lfc_spearman_sym_p05	0.2169554262522991	0.036787903840048534	0.3569394591019331	0.16007577763094227	bca	ok	0.95	2000	2000	34	26	26	pubchem_cid			95% BCa bootstrap CI clustered by PubChem compound; uncertainty is over the observed compound panel, not broader chemical space.	CVCL_U602
exact	0	1.0	0.0	False	l1000_phase1	l1000_phase2	dose_threshold_dataset_pair_line	baseline_pair_deg_lfc_spearman_p05	mean_baseline_pair_deg_lfc_spearman_p05	0.33891751724058755	0.1520894098539564	0.46477629387730224	0.15634344201167294	bca	ok	0.95	2000	2000	34	33	33	pubchem_cid			95% BCa bootstrap CI clustered by PubChem compound; uncertainty is over the observed compound panel, not broader chemical space.	CVCL_U602
exact	0	1.0	0.0	False	l1000_phase1	l1000_phase2	dose_threshold_dataset_pair_line	delta_vs_baseline_pair_deg_lfc_spearman_p05	mean_delta_vs_baseline_pair_deg_lfc_spearman_p05	-0.21215303094409907	-0.4656554909671325	-0.0413699154331606	0.21214278776698595	bca	ok	0.95	2000	2000	34	26	26	pubchem_cid			95% BCa bootstrap CI clustered by PubChem compound; uncertainty is over the observed compound panel, not broader chemical space.	CVCL_U602
exact	0	1.0	0.0	False	l1000_phase1	l1000_phase2	dose_threshold_dataset_pair_line	observed_direction_agreement_p05	mean_observed_direction_agreement_p05	0.8377333540345003	0.5662487047790975	0.9558757230569941	0.1948135091389483	bca	ok	0.95	2000	2000	34	12	12	pubchem_cid			95% BCa bootstrap CI clustered by PubChem compound; uncertainty is over the observed compound panel, not broader chemical space.	CVCL_U602
exact	0	1.0	0.0	False	l1000_phase1	l1000_phase2	dose_threshold_dataset_pair_line	baseline_pair_direction_agreement_p05	mean_baseline_pair_direction_agreement_p05	0.647004481425555	0.5793831297715074	0.7010075173165968	0.06081219377254471	bca	ok	0.95	2000	2000	34	34	34	pubchem_cid			95% BCa bootstrap CI clustered by PubChem compound; uncertainty is over the observed compound panel, not broader chemical space.	CVCL_U602
exact	0	1.0	0.0	False	l1000_phase1	l1000_phase2	dose_threshold_dataset_pair_line	delta_vs_baseline_pair_direction_agreement_p05	mean_delta_vs_baseline_pair_direction_agreement_p05	0.10976308718778575	-0.14876950335684958	0.2289005276540203	0.18883501550543494	bca	ok	0.95	2000	2000	34	12	12	pubchem_cid			95% BCa bootstrap CI clustered by PubChem compound; uncertainty is over the observed compound panel, not broader chemical space.	CVCL_U602
exact	0	1.0	0.0	False	l1000_phase1	l1000_phase2	dose_threshold_dataset_pair_line	observed_deg_lfc_spearman_sym_p05	mean_observed_deg_lfc_spearman_sym_p05	0.5462635162305085	0.399763317327942	0.6540756367259042	0.12715615969898109	bca	ok	0.95	2000	2000	32	28	28	pubchem_cid			95% BCa bootstrap CI clustered by PubChem compound; uncertainty is over the observed compound panel, not broader chemical space.	CVCL_VU89
exact	0	1.0	0.0	False	l1000_phase1	l1000_phase2	dose_threshold_dataset_pair_line	baseline_pair_deg_lfc_spearman_p05	mean_baseline_pair_deg_lfc_spearman_p05	0.5009824051890006	0.39479961722716206	0.5791184077555993	0.09215939526421862	bca	ok	0.95	2000	2000	32	31	31	pubchem_cid			95% BCa bootstrap CI clustered by PubChem compound; uncertainty is over the observed compound panel, not broader chemical space.	CVCL_VU89
exact	0	1.0	0.0	False	l1000_phase1	l1000_phase2	dose_threshold_dataset_pair_line	delta_vs_baseline_pair_deg_lfc_spearman_p05	mean_delta_vs_baseline_pair_deg_lfc_spearman_p05	0.06067148538751872	-0.0667583969799469	0.15945690455783268	0.11310765076888979	bca	ok	0.95	2000	2000	32	28	28	pubchem_cid			95% BCa bootstrap CI clustered by PubChem compound; uncertainty is over the observed compound panel, not broader chemical space.	CVCL_VU89
exact	0	1.0	0.0	False	l1000_phase1	l1000_phase2	dose_threshold_dataset_pair_line	observed_direction_agreement_p05	mean_observed_direction_agreement_p05	0.963481945365343	0.9311424262635483	0.9801708229110704	0.02451419832376106	bca	ok	0.95	2000	2000	32	27	27	pubchem_cid			95% BCa bootstrap CI clustered by PubChem compound; uncertainty is over the observed compound panel, not broader chemical space.	CVCL_VU89
exact	0	1.0	0.0	False	l1000_phase1	l1000_phase2	dose_threshold_dataset_pair_line	baseline_pair_direction_agreement_p05	mean_baseline_pair_direction_agreement_p05	0.7048644426299597	0.6146754317429483	0.7533967328944172	0.06936065057573448	bca	ok	0.95	2000	2000	32	32	32	pubchem_cid			95% BCa bootstrap CI clustered by PubChem compound; uncertainty is over the observed compound panel, not broader chemical space.	CVCL_VU89
exact	0	1.0	0.0	False	l1000_phase1	l1000_phase2	dose_threshold_dataset_pair_line	delta_vs_baseline_pair_direction_agreement_p05	mean_delta_vs_baseline_pair_direction_agreement_p05	0.20981242378854195	0.16467773584486117	0.2533256795088643	0.04432397183200157	bca	ok	0.95	2000	2000	32	27	27	pubchem_cid			95% BCa bootstrap CI clustered by PubChem compound; uncertainty is over the observed compound panel, not broader chemical space.	CVCL_VU89
exact	0	1.0	0.0	False	l1000_phase1	l1000_phase2	dose_threshold_dataset_pair_line	observed_deg_lfc_spearman_sym_p05	mean_observed_deg_lfc_spearman_sym_p05	0.10296020071000536	-0.10429405749988466	0.28775558342893626	0.19602482046441044	bca	ok	0.95	2000	2000	31	23	23	pubchem_cid			95% BCa bootstrap CI clustered by PubChem compound; uncertainty is over the observed compound panel, not broader chemical space.	NEU
exact	0	1.0	0.0	False	l1000_phase1	l1000_phase2	dose_threshold_dataset_pair_line	baseline_pair_deg_lfc_spearman_p05	mean_baseline_pair_deg_lfc_spearman_p05	0.3282604568385017	0.1544817725206063	0.4634393398653369	0.1544787836723653	bca	ok	0.95	2000	2000	31	31	31	pubchem_cid			95% BCa bootstrap CI clustered by PubChem compound; uncertainty is over the observed compound panel, not broader chemical space.	NEU
exact	0	1.0	0.0	False	l1000_phase1	l1000_phase2	dose_threshold_dataset_pair_line	delta_vs_baseline_pair_deg_lfc_spearman_p05	mean_delta_vs_baseline_pair_deg_lfc_spearman_p05	-0.2361267850196734	-0.41921876260735536	-0.08857075408480482	0.16532400426127528	bca	ok	0.95	2000	2000	31	23	23	pubchem_cid			95% BCa bootstrap CI clustered by PubChem compound; uncertainty is over the observed compound panel, not broader chemical space.	NEU
exact	0	1.0	0.0	False	l1000_phase1	l1000_phase2	dose_threshold_dataset_pair_line	observed_direction_agreement_p05	mean_observed_direction_agreement_p05	0.9980888676540851	0.9904443382704252	1.0	0.004777830864787391	bca	ok	0.95	2000	2000	31	13	13	pubchem_cid			95% BCa bootstrap CI clustered by PubChem compound; uncertainty is over the observed compound panel, not broader chemical space.	NEU
exact	0	1.0	0.0	False	l1000_phase1	l1000_phase2	dose_threshold_dataset_pair_line	baseline_pair_direction_agreement_p05	mean_baseline_pair_direction_agreement_p05	0.6665406664286813	0.5980013722523653	0.7210090659485299	0.0615038468480823	bca	ok	0.95	2000	2000	31	31	31	pubchem_cid			95% BCa bootstrap CI clustered by PubChem compound; uncertainty is over the observed compound panel, not broader chemical space.	NEU
exact	0	1.0	0.0	False	l1000_phase1	l1000_phase2	dose_threshold_dataset_pair_line	delta_vs_baseline_pair_direction_agreement_p05	mean_delta_vs_baseline_pair_direction_agreement_p05	0.28209772063443295	0.2305414057137111	0.33728684959891186	0.053372721942600385	bca	ok	0.95	2000	2000	31	13	13	pubchem_cid			95% BCa bootstrap CI clustered by PubChem compound; uncertainty is over the observed compound panel, not broader chemical space.	NEU
exact	0	1.0	0.0	False	l1000_phase1	l1000_phase2	dose_threshold_dataset_pair_line	observed_deg_lfc_spearman_sym_p05	mean_observed_deg_lfc_spearman_sym_p05	0.2498736564728081	0.10586795290237111	0.3812333179338248	0.13768268251572685	bca	ok	0.95	2000	2000	34	29	29	pubchem_cid			95% BCa bootstrap CI clustered by PubChem compound; uncertainty is over the observed compound panel, not broader chemical space.	NPC
exact	0	1.0	0.0	False	l1000_phase1	l1000_phase2	dose_threshold_dataset_pair_line	baseline_pair_deg_lfc_spearman_p05	mean_baseline_pair_deg_lfc_spearman_p05	0.5290972913128813	0.441932160804191	0.5993879745814275	0.07872790688861822	bca	ok	0.95	2000	2000	34	33	33	pubchem_cid			95% BCa bootstrap CI clustered by PubChem compound; uncertainty is over the observed compound panel, not broader chemical space.	NPC
exact	0	1.0	0.0	False	l1000_phase1	l1000_phase2	dose_threshold_dataset_pair_line	delta_vs_baseline_pair_deg_lfc_spearman_p05	mean_delta_vs_baseline_pair_deg_lfc_spearman_p05	-0.26607146130384307	-0.4018500762244298	-0.13259117780175875	0.13462944921133552	bca	ok	0.95	2000	2000	34	29	29	pubchem_cid			95% BCa bootstrap CI clustered by PubChem compound; uncertainty is over the observed compound panel, not broader chemical space.	NPC
exact	0	1.0	0.0	False	l1000_phase1	l1000_phase2	dose_threshold_dataset_pair_line	observed_direction_agreement_p05	mean_observed_direction_agreement_p05	0.8849091135595849	0.773961308265035	0.940135439455681	0.08308706559532303	bca	ok	0.95	2000	2000	34	19	19	pubchem_cid			95% BCa bootstrap CI clustered by PubChem compound; uncertainty is over the observed compound panel, not broader chemical space.	NPC
exact	0	1.0	0.0	False	l1000_phase1	l1000_phase2	dose_threshold_dataset_pair_line	baseline_pair_direction_agreement_p05	mean_baseline_pair_direction_agreement_p05	0.6971396607605732	0.6307216831879696	0.7521920717678933	0.060735194289961825	bca	ok	0.95	2000	2000	34	33	33	pubchem_cid			95% BCa bootstrap CI clustered by PubChem compound; uncertainty is over the observed compound panel, not broader chemical space.	NPC
exact	0	1.0	0.0	False	l1000_phase1	l1000_phase2	dose_threshold_dataset_pair_line	delta_vs_baseline_pair_direction_agreement_p05	mean_delta_vs_baseline_pair_direction_agreement_p05	0.11579420230045741	0.006680187974136585	0.1838971745736143	0.08860849329973886	bca	ok	0.95	2000	2000	34	19	19	pubchem_cid			95% BCa bootstrap CI clustered by PubChem compound; uncertainty is over the observed compound panel, not broader chemical space.	NPC
exact	0	1.0	0.0	False	l1000_phase1	sciplex	dose_threshold_dataset_pair_line	observed_deg_lfc_spearman_sym_p05	mean_observed_deg_lfc_spearman_sym_p05	0.3828587917934206	0.25763030176947466	0.4832066060533099	0.11278815214191762	bca	ok	0.95	2000	2000	71	23	23	pubchem_cid			95% BCa bootstrap CI clustered by PubChem compound; uncertainty is over the observed compound panel, not broader chemical space.	CVCL_0023
exact	0	1.0	0.0	False	l1000_phase1	sciplex	dose_threshold_dataset_pair_line	baseline_pair_deg_lfc_spearman_p05	mean_baseline_pair_deg_lfc_spearman_p05	0.39132094626847713	0.2813518730298548	0.47975247492051637	0.09920030094533078	bca	ok	0.95	2000	2000	71	63	63	pubchem_cid			95% BCa bootstrap CI clustered by PubChem compound; uncertainty is over the observed compound panel, not broader chemical space.	CVCL_0023
exact	0	1.0	0.0	False	l1000_phase1	sciplex	dose_threshold_dataset_pair_line	delta_vs_baseline_pair_deg_lfc_spearman_p05	mean_delta_vs_baseline_pair_deg_lfc_spearman_p05	-0.10771957865488238	-0.2184696730606327	-0.01732904128683166	0.10057031588690052	bca	ok	0.95	2000	2000	71	23	23	pubchem_cid			95% BCa bootstrap CI clustered by PubChem compound; uncertainty is over the observed compound panel, not broader chemical space.	CVCL_0023
exact	0	1.0	0.0	False	l1000_phase1	sciplex	dose_threshold_dataset_pair_line	observed_direction_agreement_p05	mean_observed_direction_agreement_p05	0.8999335851170113	0.8166340287544857	0.9513532509454831	0.0673596110954987	bca	ok	0.95	2000	2000	71	22	22	pubchem_cid			95% BCa bootstrap CI clustered by PubChem compound; uncertainty is over the observed compound panel, not broader chemical space.	CVCL_0023
exact	0	1.0	0.0	False	l1000_phase1	sciplex	dose_threshold_dataset_pair_line	baseline_pair_direction_agreement_p05	mean_baseline_pair_direction_agreement_p05	0.7025230765498168	0.6523725872991225	0.7456829115537371	0.046655162127307304	bca	ok	0.95	2000	2000	71	67	67	pubchem_cid			95% BCa bootstrap CI clustered by PubChem compound; uncertainty is over the observed compound panel, not broader chemical space.	CVCL_0023
exact	0	1.0	0.0	False	l1000_phase1	sciplex	dose_threshold_dataset_pair_line	delta_vs_baseline_pair_direction_agreement_p05	mean_delta_vs_baseline_pair_direction_agreement_p05	0.13435228225815715	0.06669721581208815	0.19304105650070866	0.06317192034431025	bca	ok	0.95	2000	2000	71	22	22	pubchem_cid			95% BCa bootstrap CI clustered by PubChem compound; uncertainty is over the observed compound panel, not broader chemical space.	CVCL_0023
exact	0	1.0	0.0	False	l1000_phase1	sciplex	dose_threshold_dataset_pair_line	observed_deg_lfc_spearman_sym_p05	mean_observed_deg_lfc_spearman_sym_p05	0.45283676812348483	0.3823094805559385	0.5142106817823835	0.0659506006132225	bca	ok	0.95	2000	2000	87	43	43	pubchem_cid			95% BCa bootstrap CI clustered by PubChem compound; uncertainty is over the observed compound panel, not broader chemical space.	CVCL_0031
exact	0	1.0	0.0	False	l1000_phase1	sciplex	dose_threshold_dataset_pair_line	baseline_pair_deg_lfc_spearman_p05	mean_baseline_pair_deg_lfc_spearman_p05	0.5766537524399853	0.49661094824085167	0.6329024703895904	0.06814576107436934	bca	ok	0.95	2000	2000	87	79	79	pubchem_cid			95% BCa bootstrap CI clustered by PubChem compound; uncertainty is over the observed compound panel, not broader chemical space.	CVCL_0031
exact	0	1.0	0.0	False	l1000_phase1	sciplex	dose_threshold_dataset_pair_line	delta_vs_baseline_pair_deg_lfc_spearman_p05	mean_delta_vs_baseline_pair_deg_lfc_spearman_p05	-0.21004874408222204	-0.28106798641391195	-0.14553582278655697	0.06776608181367749	bca	ok	0.95	2000	2000	87	43	43	pubchem_cid			95% BCa bootstrap CI clustered by PubChem compound; uncertainty is over the observed compound panel, not broader chemical space.	CVCL_0031
exact	0	1.0	0.0	False	l1000_phase1	sciplex	dose_threshold_dataset_pair_line	observed_direction_agreement_p05	mean_observed_direction_agreement_p05	0.8984702994353071	0.8398994747650887	0.9364766053990647	0.048288565316988	bca	ok	0.95	2000	2000	87	37	37	pubchem_cid			95% BCa bootstrap CI clustered by PubChem compound; uncertainty is over the observed compound panel, not broader chemical space.	CVCL_0031
exact	0	1.0	0.0	False	l1000_phase1	sciplex	dose_threshold_dataset_pair_line	baseline_pair_direction_agreement_p05	mean_baseline_pair_direction_agreement_p05	0.7511021254642428	0.7070949485423339	0.7849877840779023	0.03894641776778418	bca	ok	0.95	2000	2000	87	83	83	pubchem_cid			95% BCa bootstrap CI clustered by PubChem compound; uncertainty is over the observed compound panel, not broader chemical space.	CVCL_0031
exact	0	1.0	0.0	False	l1000_phase1	sciplex	dose_threshold_dataset_pair_line	delta_vs_baseline_pair_direction_agreement_p05	mean_delta_vs_baseline_pair_direction_agreement_p05	0.12755460797127235	0.06369447919589781	0.1838244749700522	0.06006499788707719	bca	ok	0.95	2000	2000	87	37	37	pubchem_cid			95% BCa bootstrap CI clustered by PubChem compound; uncertainty is over the observed compound panel, not broader chemical space.	CVCL_0031
exact	0	1.0	0.0	False	l1000_phase2	sciplex	dose_threshold_dataset_pair_line	observed_deg_lfc_spearman_sym_p05	mean_observed_deg_lfc_spearman_sym_p05	0.6264049789300862	0.5286981387248028	0.6848992564990835	0.07810055888714035	bca	ok	0.95	2000	2000	42	14	14	pubchem_cid			95% BCa bootstrap CI clustered by PubChem compound; uncertainty is over the observed compound panel, not broader chemical space.	CVCL_0023
exact	0	1.0	0.0	False	l1000_phase2	sciplex	dose_threshold_dataset_pair_line	baseline_pair_deg_lfc_spearman_p05	mean_baseline_pair_deg_lfc_spearman_p05	0.5168990809833137	0.33411171163394826	0.6188450401920557	0.1423666642790537	bca	ok	0.95	2000	2000	42	38	38	pubchem_cid			95% BCa bootstrap CI clustered by PubChem compound; uncertainty is over the observed compound panel, not broader chemical space.	CVCL_0023
exact	0	1.0	0.0	False	l1000_phase2	sciplex	dose_threshold_dataset_pair_line	delta_vs_baseline_pair_deg_lfc_spearman_p05	mean_delta_vs_baseline_pair_deg_lfc_spearman_p05	-0.0013484587911785323	-0.10165561588027483	0.09318242835654916	0.097419022118412	bca	ok	0.95	2000	2000	42	14	14	pubchem_cid			95% BCa bootstrap CI clustered by PubChem compound; uncertainty is over the observed compound panel, not broader chemical space.	CVCL_0023
exact	0	1.0	0.0	False	l1000_phase2	sciplex	dose_threshold_dataset_pair_line	observed_direction_agreement_p05	mean_observed_direction_agreement_p05	0.9440648253436273	0.814119436473577	0.984013605442177	0.0849470844843	bca	ok	0.95	2000	2000	42	14	14	pubchem_cid			95% BCa bootstrap CI clustered by PubChem compound; uncertainty is over the observed compound panel, not broader chemical space.	CVCL_0023
exact	0	1.0	0.0	False	l1000_phase2	sciplex	dose_threshold_dataset_pair_line	baseline_pair_direction_agreement_p05	mean_baseline_pair_direction_agreement_p05	0.7453080185195694	0.6809066207829754	0.7924313811509466	0.055762380183985605	bca	ok	0.95	2000	2000	42	39	39	pubchem_cid			95% BCa bootstrap CI clustered by PubChem compound; uncertainty is over the observed compound panel, not broader chemical space.	CVCL_0023
exact	0	1.0	0.0	False	l1000_phase2	sciplex	dose_threshold_dataset_pair_line	delta_vs_baseline_pair_direction_agreement_p05	mean_delta_vs_baseline_pair_direction_agreement_p05	0.18072324673783388	0.08338943017317352	0.2700050083314826	0.09330778907915455	bca	ok	0.95	2000	2000	42	14	14	pubchem_cid			95% BCa bootstrap CI clustered by PubChem compound; uncertainty is over the observed compound panel, not broader chemical space.	CVCL_0023
exact	0	1.0	0.0	False	l1000_phase2	sciplex	dose_threshold_dataset_pair_line	observed_deg_lfc_spearman_sym_p05	mean_observed_deg_lfc_spearman_sym_p05	0.5095449096256371	0.4398144678887492	0.5678589968026996	0.06402226445697518	bca	ok	0.95	2000	2000	82	44	44	pubchem_cid			95% BCa bootstrap CI clustered by PubChem compound; uncertainty is over the observed compound panel, not broader chemical space.	CVCL_0031
exact	0	1.0	0.0	False	l1000_phase2	sciplex	dose_threshold_dataset_pair_line	baseline_pair_deg_lfc_spearman_p05	mean_baseline_pair_deg_lfc_spearman_p05	0.5418631932527197	0.4238586269786913	0.6136266858250154	0.09488402942316207	bca	ok	0.95	2000	2000	82	73	73	pubchem_cid			95% BCa bootstrap CI clustered by PubChem compound; uncertainty is over the observed compound panel, not broader chemical space.	CVCL_0031
exact	0	1.0	0.0	False	l1000_phase2	sciplex	dose_threshold_dataset_pair_line	delta_vs_baseline_pair_deg_lfc_spearman_p05	mean_delta_vs_baseline_pair_deg_lfc_spearman_p05	-0.15140538175051088	-0.22879594428113495	-0.08530322372583792	0.07174636027764852	bca	ok	0.95	2000	2000	82	44	44	pubchem_cid			95% BCa bootstrap CI clustered by PubChem compound; uncertainty is over the observed compound panel, not broader chemical space.	CVCL_0031
exact	0	1.0	0.0	False	l1000_phase2	sciplex	dose_threshold_dataset_pair_line	observed_direction_agreement_p05	mean_observed_direction_agreement_p05	0.9511047589814919	0.908254365343461	0.9703249305288074	0.031035282592673186	bca	ok	0.95	2000	2000	82	44	44	pubchem_cid			95% BCa bootstrap CI clustered by PubChem compound; uncertainty is over the observed compound panel, not broader chemical space.	CVCL_0031
exact	0	1.0	0.0	False	l1000_phase2	sciplex	dose_threshold_dataset_pair_line	baseline_pair_direction_agreement_p05	mean_baseline_pair_direction_agreement_p05	0.694468816707386	0.6392616336002402	0.7388883349848786	0.04981335069231918	bca	ok	0.95	2000	2000	82	76	76	pubchem_cid			95% BCa bootstrap CI clustered by PubChem compound; uncertainty is over the observed compound panel, not broader chemical space.	CVCL_0031
exact	0	1.0	0.0	False	l1000_phase2	sciplex	dose_threshold_dataset_pair_line	delta_vs_baseline_pair_direction_agreement_p05	mean_delta_vs_baseline_pair_direction_agreement_p05	0.1845143409917595	0.1485132494568471	0.22405685123665942	0.03777180088990616	bca	ok	0.95	2000	2000	82	44	44	pubchem_cid			95% BCa bootstrap CI clustered by PubChem compound; uncertainty is over the observed compound panel, not broader chemical space.	CVCL_0031
2x	1	2.0	0.3010299956639812	False	l1000_phase1	l1000_phase2	dose_threshold_dataset_pair	observed_deg_lfc_spearman_sym_p05	mean_observed_deg_lfc_spearman_sym_p05	0.37331127833287514	0.33213251616765976	0.4122356004592962	0.040051542145818214	bca	ok	0.95	2000	2000	1016	947	233	pubchem_cid			95% BCa bootstrap CI clustered by PubChem compound; uncertainty is over the observed compound panel, not broader chemical space.	
2x	1	2.0	0.3010299956639812	False	l1000_phase1	l1000_phase2	dose_threshold_dataset_pair	baseline_pair_deg_lfc_spearman_p05	mean_baseline_pair_deg_lfc_spearman_p05	0.458761209325534	0.4350826373756172	0.48008888453328935	0.022503123578836076	bca	ok	0.95	2000	2000	1016	1006	243	pubchem_cid			95% BCa bootstrap CI clustered by PubChem compound; uncertainty is over the observed compound panel, not broader chemical space.	
2x	1	2.0	0.3010299956639812	False	l1000_phase1	l1000_phase2	dose_threshold_dataset_pair	delta_vs_baseline_pair_deg_lfc_spearman_p05	mean_delta_vs_baseline_pair_deg_lfc_spearman_p05	-0.0948925079804854	-0.12543684833070257	-0.06251464450846343	0.03146110191111957	bca	ok	0.95	2000	2000	1016	947	233	pubchem_cid			95% BCa bootstrap CI clustered by PubChem compound; uncertainty is over the observed compound panel, not broader chemical space.	
2x	1	2.0	0.3010299956639812	False	l1000_phase1	l1000_phase2	dose_threshold_dataset_pair	observed_direction_agreement_p05	mean_observed_direction_agreement_p05	0.9198336383204192	0.905163355367775	0.9318395776222397	0.013338111127232322	bca	ok	0.95	2000	2000	1016	816	205	pubchem_cid			95% BCa bootstrap CI clustered by PubChem compound; uncertainty is over the observed compound panel, not broader chemical space.	
2x	1	2.0	0.3010299956639812	False	l1000_phase1	l1000_phase2	dose_threshold_dataset_pair	baseline_pair_direction_agreement_p05	mean_baseline_pair_direction_agreement_p05	0.725162782476999	0.7121427937799576	0.7368698954714019	0.01236355084572216	bca	ok	0.95	2000	2000	1016	1011	245	pubchem_cid			95% BCa bootstrap CI clustered by PubChem compound; uncertainty is over the observed compound panel, not broader chemical space.	
2x	1	2.0	0.3010299956639812	False	l1000_phase1	l1000_phase2	dose_threshold_dataset_pair	delta_vs_baseline_pair_direction_agreement_p05	mean_delta_vs_baseline_pair_direction_agreement_p05	0.15768172026170468	0.14192105631922355	0.17383696279445504	0.015957953237615743	bca	ok	0.95	2000	2000	1016	816	205	pubchem_cid			95% BCa bootstrap CI clustered by PubChem compound; uncertainty is over the observed compound panel, not broader chemical space.	
2x	1	2.0	0.3010299956639812	False	l1000_phase1	sciplex	dose_threshold_dataset_pair	observed_deg_lfc_spearman_sym_p05	mean_observed_deg_lfc_spearman_sym_p05	0.39513772113210355	0.3327930445999267	0.4541456287632864	0.06067629208167985	bca	ok	0.95	2000	2000	161	71	51	pubchem_cid			95% BCa bootstrap CI clustered by PubChem compound; uncertainty is over the observed compound panel, not broader chemical space.	
2x	1	2.0	0.3010299956639812	False	l1000_phase1	sciplex	dose_threshold_dataset_pair	baseline_pair_deg_lfc_spearman_p05	mean_baseline_pair_deg_lfc_spearman_p05	0.4763361865227275	0.4179842961574337	0.5259035744950071	0.05395963916878671	bca	ok	0.95	2000	2000	161	146	86	pubchem_cid			95% BCa bootstrap CI clustered by PubChem compound; uncertainty is over the observed compound panel, not broader chemical space.	
2x	1	2.0	0.3010299956639812	False	l1000_phase1	sciplex	dose_threshold_dataset_pair	delta_vs_baseline_pair_deg_lfc_spearman_p05	mean_delta_vs_baseline_pair_deg_lfc_spearman_p05	-0.18834554743883364	-0.24523762489026793	-0.1271611321335807	0.05903824637834361	bca	ok	0.95	2000	2000	161	71	51	pubchem_cid			95% BCa bootstrap CI clustered by PubChem compound; uncertainty is over the observed compound panel, not broader chemical space.	
2x	1	2.0	0.3010299956639812	False	l1000_phase1	sciplex	dose_threshold_dataset_pair	observed_direction_agreement_p05	mean_observed_direction_agreement_p05	0.8881999170482607	0.8456652986297276	0.9224771342601523	0.038405917815212354	bca	ok	0.95	2000	2000	161	65	45	pubchem_cid			95% BCa bootstrap CI clustered by PubChem compound; uncertainty is over the observed compound panel, not broader chemical space.	
2x	1	2.0	0.3010299956639812	False	l1000_phase1	sciplex	dose_threshold_dataset_pair	baseline_pair_direction_agreement_p05	mean_baseline_pair_direction_agreement_p05	0.7236901149332148	0.6909442557862644	0.7507520290958476	0.0299038866547916	bca	ok	0.95	2000	2000	161	154	89	pubchem_cid			95% BCa bootstrap CI clustered by PubChem compound; uncertainty is over the observed compound panel, not broader chemical space.	
2x	1	2.0	0.3010299956639812	False	l1000_phase1	sciplex	dose_threshold_dataset_pair	delta_vs_baseline_pair_direction_agreement_p05	mean_delta_vs_baseline_pair_direction_agreement_p05	0.12935290901567637	0.07880693161340599	0.1779271981126443	0.04956013324961915	bca	ok	0.95	2000	2000	161	65	45	pubchem_cid			95% BCa bootstrap CI clustered by PubChem compound; uncertainty is over the observed compound panel, not broader chemical space.	
2x	1	2.0	0.3010299956639812	False	l1000_phase1	tahoe	dose_threshold_dataset_pair	observed_deg_lfc_spearman_sym_p05	mean_observed_deg_lfc_spearman_sym_p05	0.17415392046766848	0.07004804167863889	0.25988139394565396	0.09491667613350754	bca	ok	0.95	2000	2000	111	50	40	pubchem_cid			95% BCa bootstrap CI clustered by PubChem compound; uncertainty is over the observed compound panel, not broader chemical space.	
2x	1	2.0	0.3010299956639812	False	l1000_phase1	tahoe	dose_threshold_dataset_pair	baseline_pair_deg_lfc_spearman_p05	mean_baseline_pair_deg_lfc_spearman_p05	0.36124198911238525	0.2735440650595655	0.4303330626319425	0.07839449878618848	bca	ok	0.95	2000	2000	111	103	80	pubchem_cid			95% BCa bootstrap CI clustered by PubChem compound; uncertainty is over the observed compound panel, not broader chemical space.	
2x	1	2.0	0.3010299956639812	False	l1000_phase1	tahoe	dose_threshold_dataset_pair	delta_vs_baseline_pair_deg_lfc_spearman_p05	mean_delta_vs_baseline_pair_deg_lfc_spearman_p05	-0.2499971928932846	-0.37416066715998514	-0.137166238841166	0.11849721415940957	bca	ok	0.95	2000	2000	111	50	40	pubchem_cid			95% BCa bootstrap CI clustered by PubChem compound; uncertainty is over the observed compound panel, not broader chemical space.	
2x	1	2.0	0.3010299956639812	False	l1000_phase1	tahoe	dose_threshold_dataset_pair	observed_direction_agreement_p05	mean_observed_direction_agreement_p05	0.735567815403538	0.612357000054116	0.8262795739363215	0.10696128694110274	bca	ok	0.95	2000	2000	111	32	26	pubchem_cid			95% BCa bootstrap CI clustered by PubChem compound; uncertainty is over the observed compound panel, not broader chemical space.	
2x	1	2.0	0.3010299956639812	False	l1000_phase1	tahoe	dose_threshold_dataset_pair	baseline_pair_direction_agreement_p05	mean_baseline_pair_direction_agreement_p05	0.7293357409685798	0.6893671767015742	0.7630184481208494	0.036825635709637594	bca	ok	0.95	2000	2000	111	108	85	pubchem_cid			95% BCa bootstrap CI clustered by PubChem compound; uncertainty is over the observed compound panel, not broader chemical space.	
2x	1	2.0	0.3010299956639812	False	l1000_phase1	tahoe	dose_threshold_dataset_pair	delta_vs_baseline_pair_direction_agreement_p05	mean_delta_vs_baseline_pair_direction_agreement_p05	-0.017595526335950493	-0.14928880358940536	0.0840904389992986	0.11668962129435198	bca	ok	0.95	2000	2000	111	32	26	pubchem_cid			95% BCa bootstrap CI clustered by PubChem compound; uncertainty is over the observed compound panel, not broader chemical space.	
2x	1	2.0	0.3010299956639812	False	l1000_phase2	sciplex	dose_threshold_dataset_pair	observed_deg_lfc_spearman_sym_p05	mean_observed_deg_lfc_spearman_sym_p05	0.49083671164745035	0.42663857928742205	0.5424814582877714	0.05792143950017467	bca	ok	0.95	2000	2000	127	65	51	pubchem_cid			95% BCa bootstrap CI clustered by PubChem compound; uncertainty is over the observed compound panel, not broader chemical space.	
2x	1	2.0	0.3010299956639812	False	l1000_phase2	sciplex	dose_threshold_dataset_pair	baseline_pair_deg_lfc_spearman_p05	mean_baseline_pair_deg_lfc_spearman_p05	0.39457233859393404	0.32569223804514374	0.45192750567008744	0.06311763381247185	bca	ok	0.95	2000	2000	127	123	81	pubchem_cid			95% BCa bootstrap CI clustered by PubChem compound; uncertainty is over the observed compound panel, not broader chemical space.	
2x	1	2.0	0.3010299956639812	False	l1000_phase2	sciplex	dose_threshold_dataset_pair	delta_vs_baseline_pair_deg_lfc_spearman_p05	mean_delta_vs_baseline_pair_deg_lfc_spearman_p05	-0.10704485277801415	-0.1681896189634962	-0.05228231235606251	0.05795365330371685	bca	ok	0.95	2000	2000	127	65	51	pubchem_cid			95% BCa bootstrap CI clustered by PubChem compound; uncertainty is over the observed compound panel, not broader chemical space.	
2x	1	2.0	0.3010299956639812	False	l1000_phase2	sciplex	dose_threshold_dataset_pair	observed_direction_agreement_p05	mean_observed_direction_agreement_p05	0.9492136233388188	0.9140770284306982	0.9674946408673395	0.02670880621832067	bca	ok	0.95	2000	2000	127	65	50	pubchem_cid			95% BCa bootstrap CI clustered by PubChem compound; uncertainty is over the observed compound panel, not broader chemical space.	
2x	1	2.0	0.3010299956639812	False	l1000_phase2	sciplex	dose_threshold_dataset_pair	baseline_pair_direction_agreement_p05	mean_baseline_pair_direction_agreement_p05	0.6826053698142059	0.6500689699909354	0.7105936400427323	0.030262335025898424	bca	ok	0.95	2000	2000	127	125	82	pubchem_cid			95% BCa bootstrap CI clustered by PubChem compound; uncertainty is over the observed compound panel, not broader chemical space.	
2x	1	2.0	0.3010299956639812	False	l1000_phase2	sciplex	dose_threshold_dataset_pair	delta_vs_baseline_pair_direction_agreement_p05	mean_delta_vs_baseline_pair_direction_agreement_p05	0.18624377057611716	0.15368679833428198	0.22623768753144655	0.036275444598582285	bca	ok	0.95	2000	2000	127	65	50	pubchem_cid			95% BCa bootstrap CI clustered by PubChem compound; uncertainty is over the observed compound panel, not broader chemical space.	
2x	1	2.0	0.3010299956639812	False	l1000_phase2	tahoe	dose_threshold_dataset_pair	observed_deg_lfc_spearman_sym_p05	mean_observed_deg_lfc_spearman_sym_p05	0.08424644027302705	-0.0016302621765477631	0.16166203779333652	0.08164614998494214	bca	ok	0.95	2000	2000	134	77	63	pubchem_cid			95% BCa bootstrap CI clustered by PubChem compound; uncertainty is over the observed compound panel, not broader chemical space.	
2x	1	2.0	0.3010299956639812	False	l1000_phase2	tahoe	dose_threshold_dataset_pair	baseline_pair_deg_lfc_spearman_p05	mean_baseline_pair_deg_lfc_spearman_p05	0.30161398369145254	0.23086350571933795	0.3651013034333732	0.06711889885701763	bca	ok	0.95	2000	2000	134	132	108	pubchem_cid			95% BCa bootstrap CI clustered by PubChem compound; uncertainty is over the observed compound panel, not broader chemical space.	
2x	1	2.0	0.3010299956639812	False	l1000_phase2	tahoe	dose_threshold_dataset_pair	delta_vs_baseline_pair_deg_lfc_spearman_p05	mean_delta_vs_baseline_pair_deg_lfc_spearman_p05	-0.30535169974086596	-0.3849937099728608	-0.21230023032516104	0.08634673982384988	bca	ok	0.95	2000	2000	134	77	63	pubchem_cid			95% BCa bootstrap CI clustered by PubChem compound; uncertainty is over the observed compound panel, not broader chemical space.	
2x	1	2.0	0.3010299956639812	False	l1000_phase2	tahoe	dose_threshold_dataset_pair	observed_direction_agreement_p05	mean_observed_direction_agreement_p05	0.6748082536247473	0.5654402509585769	0.7705332898278475	0.10254651943463533	bca	ok	0.95	2000	2000	134	40	32	pubchem_cid			95% BCa bootstrap CI clustered by PubChem compound; uncertainty is over the observed compound panel, not broader chemical space.	
2x	1	2.0	0.3010299956639812	False	l1000_phase2	tahoe	dose_threshold_dataset_pair	baseline_pair_direction_agreement_p05	mean_baseline_pair_direction_agreement_p05	0.6862125906499086	0.6576475016737137	0.7117126403403886	0.027032569333337475	bca	ok	0.95	2000	2000	134	134	110	pubchem_cid			95% BCa bootstrap CI clustered by PubChem compound; uncertainty is over the observed compound panel, not broader chemical space.	
2x	1	2.0	0.3010299956639812	False	l1000_phase2	tahoe	dose_threshold_dataset_pair	delta_vs_baseline_pair_direction_agreement_p05	mean_delta_vs_baseline_pair_direction_agreement_p05	-0.09307537171183426	-0.20313558084938718	-0.0004063123533429781	0.1013646342480221	bca	ok	0.95	2000	2000	134	40	32	pubchem_cid			95% BCa bootstrap CI clustered by PubChem compound; uncertainty is over the observed compound panel, not broader chemical space.	
2x	1	2.0	0.3010299956639812	False	tahoe	sciplex	dose_threshold_dataset_pair	observed_deg_lfc_spearman_sym_p05	mean_observed_deg_lfc_spearman_sym_p05	0.12383918823035202	-0.06283908230142649	0.29588488382457323	0.17936198306299986	bca	ok	0.95	2000	2000	23	14	14	pubchem_cid			95% BCa bootstrap CI clustered by PubChem compound; uncertainty is over the observed compound panel, not broader chemical space.	
2x	1	2.0	0.3010299956639812	False	tahoe	sciplex	dose_threshold_dataset_pair	baseline_pair_deg_lfc_spearman_p05	mean_baseline_pair_deg_lfc_spearman_p05	0.5993371814454158	0.48143372013319075	0.6807348026706203	0.09965054126871475	bca	ok	0.95	2000	2000	23	23	23	pubchem_cid			95% BCa bootstrap CI clustered by PubChem compound; uncertainty is over the observed compound panel, not broader chemical space.	
2x	1	2.0	0.3010299956639812	False	tahoe	sciplex	dose_threshold_dataset_pair	delta_vs_baseline_pair_deg_lfc_spearman_p05	mean_delta_vs_baseline_pair_deg_lfc_spearman_p05	-0.46548863878874897	-0.6786006598904047	-0.26119885375489027	0.20870090306775724	bca	ok	0.95	2000	2000	23	14	14	pubchem_cid			95% BCa bootstrap CI clustered by PubChem compound; uncertainty is over the observed compound panel, not broader chemical space.	
2x	1	2.0	0.3010299956639812	False	tahoe	sciplex	dose_threshold_dataset_pair	observed_direction_agreement_p05	mean_observed_direction_agreement_p05	0.8957179320303899	0.8284707003114189	0.9500828421243962	0.06080607090648865	bca	ok	0.95	2000	2000	23	8	8	pubchem_cid			95% BCa bootstrap CI clustered by PubChem compound; uncertainty is over the observed compound panel, not broader chemical space.	
2x	1	2.0	0.3010299956639812	False	tahoe	sciplex	dose_threshold_dataset_pair	baseline_pair_direction_agreement_p05	mean_baseline_pair_direction_agreement_p05	0.8316508665979963	0.7856647357976746	0.8774665169016974	0.04590089055201141	bca	ok	0.95	2000	2000	23	23	23	pubchem_cid			95% BCa bootstrap CI clustered by PubChem compound; uncertainty is over the observed compound panel, not broader chemical space.	
2x	1	2.0	0.3010299956639812	False	tahoe	sciplex	dose_threshold_dataset_pair	delta_vs_baseline_pair_direction_agreement_p05	mean_delta_vs_baseline_pair_direction_agreement_p05	0.08321488503243149	-0.004207482549099186	0.13100460195640729	0.06760604225275324	bca	ok	0.95	2000	2000	23	8	8	pubchem_cid			95% BCa bootstrap CI clustered by PubChem compound; uncertainty is over the observed compound panel, not broader chemical space.	
2x	1	2.0	0.3010299956639812	False	l1000_phase1	l1000_phase2	dose_threshold_dataset_pair_line	observed_deg_lfc_spearman_sym_p05	mean_observed_deg_lfc_spearman_sym_p05	0.453839111671789	0.39050322109947855	0.5070300021271268	0.05826339051382412	bca	ok	0.95	2000	2000	153	144	138	pubchem_cid			95% BCa bootstrap CI clustered by PubChem compound; uncertainty is over the observed compound panel, not broader chemical space.	CVCL_0023
2x	1	2.0	0.3010299956639812	False	l1000_phase1	l1000_phase2	dose_threshold_dataset_pair_line	baseline_pair_deg_lfc_spearman_p05	mean_baseline_pair_deg_lfc_spearman_p05	0.4837021890260163	0.44305100880198356	0.5212711274417561	0.03911005931988626	bca	ok	0.95	2000	2000	153	151	143	pubchem_cid			95% BCa bootstrap CI clustered by PubChem compound; uncertainty is over the observed compound panel, not broader chemical space.	CVCL_0023
2x	1	2.0	0.3010299956639812	False	l1000_phase1	l1000_phase2	dose_threshold_dataset_pair_line	delta_vs_baseline_pair_deg_lfc_spearman_p05	mean_delta_vs_baseline_pair_deg_lfc_spearman_p05	-0.035860809923402154	-0.09415492889958516	0.013094651268120273	0.053624790083852715	bca	ok	0.95	2000	2000	153	144	138	pubchem_cid			95% BCa bootstrap CI clustered by PubChem compound; uncertainty is over the observed compound panel, not broader chemical space.	CVCL_0023
2x	1	2.0	0.3010299956639812	False	l1000_phase1	l1000_phase2	dose_threshold_dataset_pair_line	observed_direction_agreement_p05	mean_observed_direction_agreement_p05	0.9123527487252387	0.8778990536423246	0.938149803413532	0.03012537488560374	bca	ok	0.95	2000	2000	153	132	126	pubchem_cid			95% BCa bootstrap CI clustered by PubChem compound; uncertainty is over the observed compound panel, not broader chemical space.	CVCL_0023
2x	1	2.0	0.3010299956639812	False	l1000_phase1	l1000_phase2	dose_threshold_dataset_pair_line	baseline_pair_direction_agreement_p05	mean_baseline_pair_direction_agreement_p05	0.7327630240265359	0.7090649114641179	0.7527555395736856	0.02184531405478385	bca	ok	0.95	2000	2000	153	152	144	pubchem_cid			95% BCa bootstrap CI clustered by PubChem compound; uncertainty is over the observed compound panel, not broader chemical space.	CVCL_0023
2x	1	2.0	0.3010299956639812	False	l1000_phase1	l1000_phase2	dose_threshold_dataset_pair_line	delta_vs_baseline_pair_direction_agreement_p05	mean_delta_vs_baseline_pair_direction_agreement_p05	0.16859577277386315	0.1314021329288336	0.19913073221583322	0.03386429964349981	bca	ok	0.95	2000	2000	153	132	126	pubchem_cid			95% BCa bootstrap CI clustered by PubChem compound; uncertainty is over the observed compound panel, not broader chemical space.	CVCL_0023
2x	1	2.0	0.3010299956639812	False	l1000_phase1	l1000_phase2	dose_threshold_dataset_pair_line	observed_deg_lfc_spearman_sym_p05	mean_observed_deg_lfc_spearman_sym_p05	0.33442187912822374	0.2853327642937508	0.38524857406332685	0.04995790488478802	bca	ok	0.95	2000	2000	179	163	163	pubchem_cid			95% BCa bootstrap CI clustered by PubChem compound; uncertainty is over the observed compound panel, not broader chemical space.	CVCL_0031
2x	1	2.0	0.3010299956639812	False	l1000_phase1	l1000_phase2	dose_threshold_dataset_pair_line	baseline_pair_deg_lfc_spearman_p05	mean_baseline_pair_deg_lfc_spearman_p05	0.44022130000774934	0.4028107249608431	0.4740108370574217	0.03560005604828931	bca	ok	0.95	2000	2000	179	176	176	pubchem_cid			95% BCa bootstrap CI clustered by PubChem compound; uncertainty is over the observed compound panel, not broader chemical space.	CVCL_0031
2x	1	2.0	0.3010299956639812	False	l1000_phase1	l1000_phase2	dose_threshold_dataset_pair_line	delta_vs_baseline_pair_deg_lfc_spearman_p05	mean_delta_vs_baseline_pair_deg_lfc_spearman_p05	-0.10557403940896225	-0.15278732986118193	-0.057320984547641375	0.04773317265677028	bca	ok	0.95	2000	2000	179	163	163	pubchem_cid			95% BCa bootstrap CI clustered by PubChem compound; uncertainty is over the observed compound panel, not broader chemical space.	CVCL_0031
2x	1	2.0	0.3010299956639812	False	l1000_phase1	l1000_phase2	dose_threshold_dataset_pair_line	observed_direction_agreement_p05	mean_observed_direction_agreement_p05	0.8838277674263718	0.8422210968794035	0.9131436087877038	0.03546125595415017	bca	ok	0.95	2000	2000	179	138	138	pubchem_cid			95% BCa bootstrap CI clustered by PubChem compound; uncertainty is over the observed compound panel, not broader chemical space.	CVCL_0031
2x	1	2.0	0.3010299956639812	False	l1000_phase1	l1000_phase2	dose_threshold_dataset_pair_line	baseline_pair_direction_agreement_p05	mean_baseline_pair_direction_agreement_p05	0.7316497123150533	0.7102484038996922	0.7503165465963384	0.02003407134832308	bca	ok	0.95	2000	2000	179	177	177	pubchem_cid			95% BCa bootstrap CI clustered by PubChem compound; uncertainty is over the observed compound panel, not broader chemical space.	CVCL_0031
2x	1	2.0	0.3010299956639812	False	l1000_phase1	l1000_phase2	dose_threshold_dataset_pair_line	delta_vs_baseline_pair_direction_agreement_p05	mean_delta_vs_baseline_pair_direction_agreement_p05	0.11707080624080493	0.07681778881183422	0.14782272567670873	0.035502468432437255	bca	ok	0.95	2000	2000	179	138	138	pubchem_cid			95% BCa bootstrap CI clustered by PubChem compound; uncertainty is over the observed compound panel, not broader chemical space.	CVCL_0031
2x	1	2.0	0.3010299956639812	False	l1000_phase1	l1000_phase2	dose_threshold_dataset_pair_line	observed_deg_lfc_spearman_sym_p05	mean_observed_deg_lfc_spearman_sym_p05	0.2880905492547467	0.20761789761744695	0.35286739093932357	0.07262474666093831	bca	ok	0.95	2000	2000	63	63	63	pubchem_cid			95% BCa bootstrap CI clustered by PubChem compound; uncertainty is over the observed compound panel, not broader chemical space.	CVCL_0033
2x	1	2.0	0.3010299956639812	False	l1000_phase1	l1000_phase2	dose_threshold_dataset_pair_line	baseline_pair_deg_lfc_spearman_p05	mean_baseline_pair_deg_lfc_spearman_p05	0.42061836665623437	0.36999043143806054	0.464826562004439	0.04741806528318923	bca	ok	0.95	2000	2000	63	63	63	pubchem_cid			95% BCa bootstrap CI clustered by PubChem compound; uncertainty is over the observed compound panel, not broader chemical space.	CVCL_0033
2x	1	2.0	0.3010299956639812	False	l1000_phase1	l1000_phase2	dose_threshold_dataset_pair_line	delta_vs_baseline_pair_deg_lfc_spearman_p05	mean_delta_vs_baseline_pair_deg_lfc_spearman_p05	-0.14287140265557752	-0.22846114558366087	-0.07046638866114997	0.07899737846125546	bca	ok	0.95	2000	2000	63	63	63	pubchem_cid			95% BCa bootstrap CI clustered by PubChem compound; uncertainty is over the observed compound panel, not broader chemical space.	CVCL_0033
2x	1	2.0	0.3010299956639812	False	l1000_phase1	l1000_phase2	dose_threshold_dataset_pair_line	observed_direction_agreement_p05	mean_observed_direction_agreement_p05	0.9100304770733141	0.858350719629156	0.9422400056947369	0.04194464303279044	bca	ok	0.95	2000	2000	63	58	58	pubchem_cid			95% BCa bootstrap CI clustered by PubChem compound; uncertainty is over the observed compound panel, not broader chemical space.	CVCL_0033
2x	1	2.0	0.3010299956639812	False	l1000_phase1	l1000_phase2	dose_threshold_dataset_pair_line	baseline_pair_direction_agreement_p05	mean_baseline_pair_direction_agreement_p05	0.6987782122349956	0.6729172246003817	0.7236258188075388	0.02535429710357856	bca	ok	0.95	2000	2000	63	63	63	pubchem_cid			95% BCa bootstrap CI clustered by PubChem compound; uncertainty is over the observed compound panel, not broader chemical space.	CVCL_0033
2x	1	2.0	0.3010299956639812	False	l1000_phase1	l1000_phase2	dose_threshold_dataset_pair_line	delta_vs_baseline_pair_direction_agreement_p05	mean_delta_vs_baseline_pair_direction_agreement_p05	0.16940975617553952	0.10874513951397956	0.2141212019180167	0.05268803120201857	bca	ok	0.95	2000	2000	63	58	58	pubchem_cid			95% BCa bootstrap CI clustered by PubChem compound; uncertainty is over the observed compound panel, not broader chemical space.	CVCL_0033
2x	1	2.0	0.3010299956639812	False	l1000_phase1	l1000_phase2	dose_threshold_dataset_pair_line	observed_deg_lfc_spearman_sym_p05	mean_observed_deg_lfc_spearman_sym_p05	0.406413003004244	0.3365619112667431	0.4749582312899381	0.06919816001159748	bca	ok	0.95	2000	2000	116	107	107	pubchem_cid			95% BCa bootstrap CI clustered by PubChem compound; uncertainty is over the observed compound panel, not broader chemical space.	CVCL_0035
2x	1	2.0	0.3010299956639812	False	l1000_phase1	l1000_phase2	dose_threshold_dataset_pair_line	baseline_pair_deg_lfc_spearman_p05	mean_baseline_pair_deg_lfc_spearman_p05	0.40981438634371825	0.35027313630606566	0.46055163806670835	0.055139250880321344	bca	ok	0.95	2000	2000	116	115	115	pubchem_cid			95% BCa bootstrap CI clustered by PubChem compound; uncertainty is over the observed compound panel, not broader chemical space.	CVCL_0035
2x	1	2.0	0.3010299956639812	False	l1000_phase1	l1000_phase2	dose_threshold_dataset_pair_line	delta_vs_baseline_pair_deg_lfc_spearman_p05	mean_delta_vs_baseline_pair_deg_lfc_spearman_p05	-0.022688926128030605	-0.09687602075818794	0.042324299165084345	0.06960015996163614	bca	ok	0.95	2000	2000	116	107	107	pubchem_cid			95% BCa bootstrap CI clustered by PubChem compound; uncertainty is over the observed compound panel, not broader chemical space.	CVCL_0035
2x	1	2.0	0.3010299956639812	False	l1000_phase1	l1000_phase2	dose_threshold_dataset_pair_line	observed_direction_agreement_p05	mean_observed_direction_agreement_p05	0.8949008695683774	0.8411093784959164	0.9311331377499812	0.0450118796270324	bca	ok	0.95	2000	2000	116	95	95	pubchem_cid			95% BCa bootstrap CI clustered by PubChem compound; uncertainty is over the observed compound panel, not broader chemical space.	CVCL_0035
2x	1	2.0	0.3010299956639812	False	l1000_phase1	l1000_phase2	dose_threshold_dataset_pair_line	baseline_pair_direction_agreement_p05	mean_baseline_pair_direction_agreement_p05	0.69822579230797	0.6714539746482524	0.72175922505911	0.025152625205428825	bca	ok	0.95	2000	2000	116	115	115	pubchem_cid			95% BCa bootstrap CI clustered by PubChem compound; uncertainty is over the observed compound panel, not broader chemical space.	CVCL_0035
2x	1	2.0	0.3010299956639812	False	l1000_phase1	l1000_phase2	dose_threshold_dataset_pair_line	delta_vs_baseline_pair_direction_agreement_p05	mean_delta_vs_baseline_pair_direction_agreement_p05	0.18116413690482464	0.1276656579040124	0.22275809939594685	0.04754622074596722	bca	ok	0.95	2000	2000	116	95	95	pubchem_cid			95% BCa bootstrap CI clustered by PubChem compound; uncertainty is over the observed compound panel, not broader chemical space.	CVCL_0035
2x	1	2.0	0.3010299956639812	False	l1000_phase1	l1000_phase2	dose_threshold_dataset_pair_line	observed_deg_lfc_spearman_sym_p05	mean_observed_deg_lfc_spearman_sym_p05	0.35796625851518854	0.2976581459904307	0.41808959138666124	0.06021572269811526	bca	ok	0.95	2000	2000	94	93	93	pubchem_cid			95% BCa bootstrap CI clustered by PubChem compound; uncertainty is over the observed compound panel, not broader chemical space.	CVCL_0062
2x	1	2.0	0.3010299956639812	False	l1000_phase1	l1000_phase2	dose_threshold_dataset_pair_line	baseline_pair_deg_lfc_spearman_p05	mean_baseline_pair_deg_lfc_spearman_p05	0.46112905146257244	0.41577185360766267	0.4996658159812817	0.04194698118680951	bca	ok	0.95	2000	2000	94	94	94	pubchem_cid			95% BCa bootstrap CI clustered by PubChem compound; uncertainty is over the observed compound panel, not broader chemical space.	CVCL_0062
2x	1	2.0	0.3010299956639812	False	l1000_phase1	l1000_phase2	dose_threshold_dataset_pair_line	delta_vs_baseline_pair_deg_lfc_spearman_p05	mean_delta_vs_baseline_pair_deg_lfc_spearman_p05	-0.1108521489287036	-0.16370771934929979	-0.06498345920072343	0.04936213007428818	bca	ok	0.95	2000	2000	94	93	93	pubchem_cid			95% BCa bootstrap CI clustered by PubChem compound; uncertainty is over the observed compound panel, not broader chemical space.	CVCL_0062
2x	1	2.0	0.3010299956639812	False	l1000_phase1	l1000_phase2	dose_threshold_dataset_pair_line	observed_direction_agreement_p05	mean_observed_direction_agreement_p05	0.9489708736326241	0.9260611225145283	0.9642139347000824	0.019076406092777054	bca	ok	0.95	2000	2000	94	84	84	pubchem_cid			95% BCa bootstrap CI clustered by PubChem compound; uncertainty is over the observed compound panel, not broader chemical space.	CVCL_0062
2x	1	2.0	0.3010299956639812	False	l1000_phase1	l1000_phase2	dose_threshold_dataset_pair_line	baseline_pair_direction_agreement_p05	mean_baseline_pair_direction_agreement_p05	0.7408601873774534	0.7193282170761267	0.7627777367903024	0.021724759857087828	bca	ok	0.95	2000	2000	94	94	94	pubchem_cid			95% BCa bootstrap CI clustered by PubChem compound; uncertainty is over the observed compound panel, not broader chemical space.	CVCL_0062
2x	1	2.0	0.3010299956639812	False	l1000_phase1	l1000_phase2	dose_threshold_dataset_pair_line	delta_vs_baseline_pair_direction_agreement_p05	mean_delta_vs_baseline_pair_direction_agreement_p05	0.15583624155483872	0.1313412552719056	0.18661853261894362	0.02763863867351901	bca	ok	0.95	2000	2000	94	84	84	pubchem_cid			95% BCa bootstrap CI clustered by PubChem compound; uncertainty is over the observed compound panel, not broader chemical space.	CVCL_0062
2x	1	2.0	0.3010299956639812	False	l1000_phase1	l1000_phase2	dose_threshold_dataset_pair_line	observed_deg_lfc_spearman_sym_p05	mean_observed_deg_lfc_spearman_sym_p05	0.5898369011344	0.37320082860757314	0.6984752337351615	0.1626372025637942	bca	ok	0.95	2000	2000	34	32	32	pubchem_cid			95% BCa bootstrap CI clustered by PubChem compound; uncertainty is over the observed compound panel, not broader chemical space.	CVCL_0132
2x	1	2.0	0.3010299956639812	False	l1000_phase1	l1000_phase2	dose_threshold_dataset_pair_line	baseline_pair_deg_lfc_spearman_p05	mean_baseline_pair_deg_lfc_spearman_p05	0.6013981522915743	0.47303659103235424	0.66410307680838	0.09553324288801288	bca	ok	0.95	2000	2000	34	34	34	pubchem_cid			95% BCa bootstrap CI clustered by PubChem compound; uncertainty is over the observed compound panel, not broader chemical space.	CVCL_0132
2x	1	2.0	0.3010299956639812	False	l1000_phase1	l1000_phase2	dose_threshold_dataset_pair_line	delta_vs_baseline_pair_deg_lfc_spearman_p05	mean_delta_vs_baseline_pair_deg_lfc_spearman_p05	-0.04405897957144925	-0.22693611063116687	0.03713782517906258	0.1320369679051147	bca	ok	0.95	2000	2000	34	32	32	pubchem_cid			95% BCa bootstrap CI clustered by PubChem compound; uncertainty is over the observed compound panel, not broader chemical space.	CVCL_0132
2x	1	2.0	0.3010299956639812	False	l1000_phase1	l1000_phase2	dose_threshold_dataset_pair_line	observed_direction_agreement_p05	mean_observed_direction_agreement_p05	0.95192477646643	0.9217034736471912	0.9685846120029046	0.023440569177856696	bca	ok	0.95	2000	2000	34	29	29	pubchem_cid			95% BCa bootstrap CI clustered by PubChem compound; uncertainty is over the observed compound panel, not broader chemical space.	CVCL_0132
2x	1	2.0	0.3010299956639812	False	l1000_phase1	l1000_phase2	dose_threshold_dataset_pair_line	baseline_pair_direction_agreement_p05	mean_baseline_pair_direction_agreement_p05	0.7794189594199599	0.7164232852387974	0.8142513926755559	0.04891405371837926	bca	ok	0.95	2000	2000	34	34	34	pubchem_cid			95% BCa bootstrap CI clustered by PubChem compound; uncertainty is over the observed compound panel, not broader chemical space.	CVCL_0132
2x	1	2.0	0.3010299956639812	False	l1000_phase1	l1000_phase2	dose_threshold_dataset_pair_line	delta_vs_baseline_pair_direction_agreement_p05	mean_delta_vs_baseline_pair_direction_agreement_p05	0.12231448705652354	0.09324205386992653	0.1462339572424469	0.026495951686260184	bca	ok	0.95	2000	2000	34	29	29	pubchem_cid			95% BCa bootstrap CI clustered by PubChem compound; uncertainty is over the observed compound panel, not broader chemical space.	CVCL_0132
2x	1	2.0	0.3010299956639812	False	l1000_phase1	l1000_phase2	dose_threshold_dataset_pair_line	observed_deg_lfc_spearman_sym_p05	mean_observed_deg_lfc_spearman_sym_p05	0.35647539445720666	0.2762796830858767	0.43084359517279713	0.07728195604346022	bca	ok	0.95	2000	2000	63	62	62	pubchem_cid			95% BCa bootstrap CI clustered by PubChem compound; uncertainty is over the observed compound panel, not broader chemical space.	CVCL_0178
2x	1	2.0	0.3010299956639812	False	l1000_phase1	l1000_phase2	dose_threshold_dataset_pair_line	baseline_pair_deg_lfc_spearman_p05	mean_baseline_pair_deg_lfc_spearman_p05	0.5216293585988762	0.4739101526487899	0.5634018133353712	0.04474583034329066	bca	ok	0.95	2000	2000	63	63	63	pubchem_cid			95% BCa bootstrap CI clustered by PubChem compound; uncertainty is over the observed compound panel, not broader chemical space.	CVCL_0178
2x	1	2.0	0.3010299956639812	False	l1000_phase1	l1000_phase2	dose_threshold_dataset_pair_line	delta_vs_baseline_pair_deg_lfc_spearman_p05	mean_delta_vs_baseline_pair_deg_lfc_spearman_p05	-0.12996866657371764	-0.22332940999670423	-0.04991896089905996	0.08670522454882214	bca	ok	0.95	2000	2000	63	62	62	pubchem_cid			95% BCa bootstrap CI clustered by PubChem compound; uncertainty is over the observed compound panel, not broader chemical space.	CVCL_0178
2x	1	2.0	0.3010299956639812	False	l1000_phase1	l1000_phase2	dose_threshold_dataset_pair_line	observed_direction_agreement_p05	mean_observed_direction_agreement_p05	0.8933037866454855	0.8152531033438107	0.9351876895800365	0.059967293118112885	bca	ok	0.95	2000	2000	63	55	55	pubchem_cid			95% BCa bootstrap CI clustered by PubChem compound; uncertainty is over the observed compound panel, not broader chemical space.	CVCL_0178
2x	1	2.0	0.3010299956639812	False	l1000_phase1	l1000_phase2	dose_threshold_dataset_pair_line	baseline_pair_direction_agreement_p05	mean_baseline_pair_direction_agreement_p05	0.7714016734575337	0.7391464236868319	0.7985580378441947	0.029705807078681368	bca	ok	0.95	2000	2000	63	63	63	pubchem_cid			95% BCa bootstrap CI clustered by PubChem compound; uncertainty is over the observed compound panel, not broader chemical space.	CVCL_0178
2x	1	2.0	0.3010299956639812	False	l1000_phase1	l1000_phase2	dose_threshold_dataset_pair_line	delta_vs_baseline_pair_direction_agreement_p05	mean_delta_vs_baseline_pair_direction_agreement_p05	0.12159909317781657	0.045816266979398695	0.17012097467936757	0.06215235384998444	bca	ok	0.95	2000	2000	63	55	55	pubchem_cid			95% BCa bootstrap CI clustered by PubChem compound; uncertainty is over the observed compound panel, not broader chemical space.	CVCL_0178
2x	1	2.0	0.3010299956639812	False	l1000_phase1	l1000_phase2	dose_threshold_dataset_pair_line	observed_deg_lfc_spearman_sym_p05	mean_observed_deg_lfc_spearman_sym_p05	0.46916829871955185	0.2561453482743741	0.6109442772472794	0.17739946448645266	bca	ok	0.95	2000	2000	26	24	24	pubchem_cid			95% BCa bootstrap CI clustered by PubChem compound; uncertainty is over the observed compound panel, not broader chemical space.	CVCL_0320
2x	1	2.0	0.3010299956639812	False	l1000_phase1	l1000_phase2	dose_threshold_dataset_pair_line	baseline_pair_deg_lfc_spearman_p05	mean_baseline_pair_deg_lfc_spearman_p05	0.45547084040475183	0.32786058761784587	0.5374913105789813	0.10481536148056769	bca	ok	0.95	2000	2000	26	26	26	pubchem_cid			95% BCa bootstrap CI clustered by PubChem compound; uncertainty is over the observed compound panel, not broader chemical space.	CVCL_0320
2x	1	2.0	0.3010299956639812	False	l1000_phase1	l1000_phase2	dose_threshold_dataset_pair_line	delta_vs_baseline_pair_deg_lfc_spearman_p05	mean_delta_vs_baseline_pair_deg_lfc_spearman_p05	-0.033942024674370415	-0.204796459785911	0.10077548291216666	0.15278597134903882	bca	ok	0.95	2000	2000	26	24	24	pubchem_cid			95% BCa bootstrap CI clustered by PubChem compound; uncertainty is over the observed compound panel, not broader chemical space.	CVCL_0320
2x	1	2.0	0.3010299956639812	False	l1000_phase1	l1000_phase2	dose_threshold_dataset_pair_line	observed_direction_agreement_p05	mean_observed_direction_agreement_p05	0.9652306873488558	0.9234409430792574	0.982823931305793	0.029691494113267825	bca	ok	0.95	2000	2000	26	20	20	pubchem_cid			95% BCa bootstrap CI clustered by PubChem compound; uncertainty is over the observed compound panel, not broader chemical space.	CVCL_0320
2x	1	2.0	0.3010299956639812	False	l1000_phase1	l1000_phase2	dose_threshold_dataset_pair_line	baseline_pair_direction_agreement_p05	mean_baseline_pair_direction_agreement_p05	0.7112668562517928	0.6595978397446938	0.7525232133878487	0.04646268682157745	bca	ok	0.95	2000	2000	26	26	26	pubchem_cid			95% BCa bootstrap CI clustered by PubChem compound; uncertainty is over the observed compound panel, not broader chemical space.	CVCL_0320
2x	1	2.0	0.3010299956639812	False	l1000_phase1	l1000_phase2	dose_threshold_dataset_pair_line	delta_vs_baseline_pair_direction_agreement_p05	mean_delta_vs_baseline_pair_direction_agreement_p05	0.20578451584573004	0.15985374324880536	0.25969686916635976	0.0499215629587772	bca	ok	0.95	2000	2000	26	20	20	pubchem_cid			95% BCa bootstrap CI clustered by PubChem compound; uncertainty is over the observed compound panel, not broader chemical space.	CVCL_0320
2x	1	2.0	0.3010299956639812	False	l1000_phase1	l1000_phase2	dose_threshold_dataset_pair_line	observed_deg_lfc_spearman_sym_p05	mean_observed_deg_lfc_spearman_sym_p05	0.30239788154583047	0.2139991742590017	0.37401542182976	0.08000812378537915	bca	ok	0.95	2000	2000	63	63	63	pubchem_cid			95% BCa bootstrap CI clustered by PubChem compound; uncertainty is over the observed compound panel, not broader chemical space.	CVCL_0332
2x	1	2.0	0.3010299956639812	False	l1000_phase1	l1000_phase2	dose_threshold_dataset_pair_line	baseline_pair_deg_lfc_spearman_p05	mean_baseline_pair_deg_lfc_spearman_p05	0.45748576772408384	0.4045618575527605	0.5042795096207784	0.04985882603400896	bca	ok	0.95	2000	2000	63	63	63	pubchem_cid			95% BCa bootstrap CI clustered by PubChem compound; uncertainty is over the observed compound panel, not broader chemical space.	CVCL_0332
2x	1	2.0	0.3010299956639812	False	l1000_phase1	l1000_phase2	dose_threshold_dataset_pair_line	delta_vs_baseline_pair_deg_lfc_spearman_p05	mean_delta_vs_baseline_pair_deg_lfc_spearman_p05	-0.1726516494939566	-0.256589690175248	-0.10360510541742936	0.07649229237890934	bca	ok	0.95	2000	2000	63	63	63	pubchem_cid			95% BCa bootstrap CI clustered by PubChem compound; uncertainty is over the observed compound panel, not broader chemical space.	CVCL_0332
2x	1	2.0	0.3010299956639812	False	l1000_phase1	l1000_phase2	dose_threshold_dataset_pair_line	observed_direction_agreement_p05	mean_observed_direction_agreement_p05	0.9740719990117012	0.9563509337936253	0.9832629936957549	0.013456029951064763	bca	ok	0.95	2000	2000	63	55	55	pubchem_cid			95% BCa bootstrap CI clustered by PubChem compound; uncertainty is over the observed compound panel, not broader chemical space.	CVCL_0332
2x	1	2.0	0.3010299956639812	False	l1000_phase1	l1000_phase2	dose_threshold_dataset_pair_line	baseline_pair_direction_agreement_p05	mean_baseline_pair_direction_agreement_p05	0.7352143979449137	0.7099036568825419	0.7597291013724395	0.024912722244948837	bca	ok	0.95	2000	2000	63	63	63	pubchem_cid			95% BCa bootstrap CI clustered by PubChem compound; uncertainty is over the observed compound panel, not broader chemical space.	CVCL_0332
2x	1	2.0	0.3010299956639812	False	l1000_phase1	l1000_phase2	dose_threshold_dataset_pair_line	delta_vs_baseline_pair_direction_agreement_p05	mean_delta_vs_baseline_pair_direction_agreement_p05	0.20681871154880221	0.17462617836348582	0.24520821774628881	0.0352910196914015	bca	ok	0.95	2000	2000	63	55	55	pubchem_cid			95% BCa bootstrap CI clustered by PubChem compound; uncertainty is over the observed compound panel, not broader chemical space.	CVCL_0332
2x	1	2.0	0.3010299956639812	False	l1000_phase1	l1000_phase2	dose_threshold_dataset_pair_line	observed_deg_lfc_spearman_sym_p05	mean_observed_deg_lfc_spearman_sym_p05	0.38395278283865986	0.2876920218126814	0.46406534198050947	0.08818666008391404	bca	ok	0.95	2000	2000	63	63	63	pubchem_cid			95% BCa bootstrap CI clustered by PubChem compound; uncertainty is over the observed compound panel, not broader chemical space.	CVCL_0598
2x	1	2.0	0.3010299956639812	False	l1000_phase1	l1000_phase2	dose_threshold_dataset_pair_line	baseline_pair_deg_lfc_spearman_p05	mean_baseline_pair_deg_lfc_spearman_p05	0.5179759612268138	0.4667323243262325	0.5694614873993644	0.05136458153656595	bca	ok	0.95	2000	2000	63	63	63	pubchem_cid			95% BCa bootstrap CI clustered by PubChem compound; uncertainty is over the observed compound panel, not broader chemical space.	CVCL_0598
2x	1	2.0	0.3010299956639812	False	l1000_phase1	l1000_phase2	dose_threshold_dataset_pair_line	delta_vs_baseline_pair_deg_lfc_spearman_p05	mean_delta_vs_baseline_pair_deg_lfc_spearman_p05	-0.12326527620362965	-0.18912315905376562	-0.05722944888437568	0.06594685508469497	bca	ok	0.95	2000	2000	63	63	63	pubchem_cid			95% BCa bootstrap CI clustered by PubChem compound; uncertainty is over the observed compound panel, not broader chemical space.	CVCL_0598
2x	1	2.0	0.3010299956639812	False	l1000_phase1	l1000_phase2	dose_threshold_dataset_pair_line	observed_direction_agreement_p05	mean_observed_direction_agreement_p05	0.9527588023830746	0.9015734028925086	0.9743706083257442	0.03639860271661777	bca	ok	0.95	2000	2000	63	53	53	pubchem_cid			95% BCa bootstrap CI clustered by PubChem compound; uncertainty is over the observed compound panel, not broader chemical space.	CVCL_0598
2x	1	2.0	0.3010299956639812	False	l1000_phase1	l1000_phase2	dose_threshold_dataset_pair_line	baseline_pair_direction_agreement_p05	mean_baseline_pair_direction_agreement_p05	0.7795421279110675	0.7516811000189005	0.8066479427342762	0.02748342135768783	bca	ok	0.95	2000	2000	63	63	63	pubchem_cid			95% BCa bootstrap CI clustered by PubChem compound; uncertainty is over the observed compound panel, not broader chemical space.	CVCL_0598
2x	1	2.0	0.3010299956639812	False	l1000_phase1	l1000_phase2	dose_threshold_dataset_pair_line	delta_vs_baseline_pair_direction_agreement_p05	mean_delta_vs_baseline_pair_direction_agreement_p05	0.10980478278379627	0.07062509829841151	0.14808328853458178	0.03872909511808513	bca	ok	0.95	2000	2000	63	53	53	pubchem_cid			95% BCa bootstrap CI clustered by PubChem compound; uncertainty is over the observed compound panel, not broader chemical space.	CVCL_0598
2x	1	2.0	0.3010299956639812	False	l1000_phase1	l1000_phase2	dose_threshold_dataset_pair_line	observed_deg_lfc_spearman_sym_p05	mean_observed_deg_lfc_spearman_sym_p05	0.5391013861257115	0.3727041759205024	0.6608340164074974	0.14406492024349749	bca	ok	0.95	2000	2000	28	24	24	pubchem_cid			95% BCa bootstrap CI clustered by PubChem compound; uncertainty is over the observed compound panel, not broader chemical space.	CVCL_5136
2x	1	2.0	0.3010299956639812	False	l1000_phase1	l1000_phase2	dose_threshold_dataset_pair_line	baseline_pair_deg_lfc_spearman_p05	mean_baseline_pair_deg_lfc_spearman_p05	0.41651028933640405	0.283226759541654	0.5205921444768405	0.11868269246759328	bca	ok	0.95	2000	2000	28	27	27	pubchem_cid			95% BCa bootstrap CI clustered by PubChem compound; uncertainty is over the observed compound panel, not broader chemical space.	CVCL_5136
2x	1	2.0	0.3010299956639812	False	l1000_phase1	l1000_phase2	dose_threshold_dataset_pair_line	delta_vs_baseline_pair_deg_lfc_spearman_p05	mean_delta_vs_baseline_pair_deg_lfc_spearman_p05	0.08851473883255567	-0.03444002459246441	0.23168566240956026	0.13306284350101233	bca	ok	0.95	2000	2000	28	24	24	pubchem_cid			95% BCa bootstrap CI clustered by PubChem compound; uncertainty is over the observed compound panel, not broader chemical space.	CVCL_5136
2x	1	2.0	0.3010299956639812	False	l1000_phase1	l1000_phase2	dose_threshold_dataset_pair_line	observed_direction_agreement_p05	mean_observed_direction_agreement_p05	0.9709343699843701	0.9346980111456376	0.9896373869168943	0.02746968788562837	bca	ok	0.95	2000	2000	28	24	24	pubchem_cid			95% BCa bootstrap CI clustered by PubChem compound; uncertainty is over the observed compound panel, not broader chemical space.	CVCL_5136
2x	1	2.0	0.3010299956639812	False	l1000_phase1	l1000_phase2	dose_threshold_dataset_pair_line	baseline_pair_direction_agreement_p05	mean_baseline_pair_direction_agreement_p05	0.6834663680857699	0.5701402017295929	0.7519443398626576	0.09090206906653236	bca	ok	0.95	2000	2000	28	28	28	pubchem_cid			95% BCa bootstrap CI clustered by PubChem compound; uncertainty is over the observed compound panel, not broader chemical space.	CVCL_5136
2x	1	2.0	0.3010299956639812	False	l1000_phase1	l1000_phase2	dose_threshold_dataset_pair_line	delta_vs_baseline_pair_direction_agreement_p05	mean_delta_vs_baseline_pair_direction_agreement_p05	0.23853986679378927	0.18199369650482075	0.3322494130711101	0.07512785828314468	bca	ok	0.95	2000	2000	28	24	24	pubchem_cid			95% BCa bootstrap CI clustered by PubChem compound; uncertainty is over the observed compound panel, not broader chemical space.	CVCL_5136
2x	1	2.0	0.3010299956639812	False	l1000_phase1	l1000_phase2	dose_threshold_dataset_pair_line	observed_deg_lfc_spearman_sym_p05	mean_observed_deg_lfc_spearman_sym_p05	0.2169554262522991	0.036787903840048534	0.3569394591019331	0.16007577763094227	bca	ok	0.95	2000	2000	34	26	26	pubchem_cid			95% BCa bootstrap CI clustered by PubChem compound; uncertainty is over the observed compound panel, not broader chemical space.	CVCL_U602
2x	1	2.0	0.3010299956639812	False	l1000_phase1	l1000_phase2	dose_threshold_dataset_pair_line	baseline_pair_deg_lfc_spearman_p05	mean_baseline_pair_deg_lfc_spearman_p05	0.33891751724058755	0.1520894098539564	0.46477629387730224	0.15634344201167294	bca	ok	0.95	2000	2000	34	33	33	pubchem_cid			95% BCa bootstrap CI clustered by PubChem compound; uncertainty is over the observed compound panel, not broader chemical space.	CVCL_U602
2x	1	2.0	0.3010299956639812	False	l1000_phase1	l1000_phase2	dose_threshold_dataset_pair_line	delta_vs_baseline_pair_deg_lfc_spearman_p05	mean_delta_vs_baseline_pair_deg_lfc_spearman_p05	-0.21215303094409907	-0.4656554909671325	-0.0413699154331606	0.21214278776698595	bca	ok	0.95	2000	2000	34	26	26	pubchem_cid			95% BCa bootstrap CI clustered by PubChem compound; uncertainty is over the observed compound panel, not broader chemical space.	CVCL_U602
2x	1	2.0	0.3010299956639812	False	l1000_phase1	l1000_phase2	dose_threshold_dataset_pair_line	observed_direction_agreement_p05	mean_observed_direction_agreement_p05	0.8377333540345003	0.5662487047790975	0.9558757230569941	0.1948135091389483	bca	ok	0.95	2000	2000	34	12	12	pubchem_cid			95% BCa bootstrap CI clustered by PubChem compound; uncertainty is over the observed compound panel, not broader chemical space.	CVCL_U602
2x	1	2.0	0.3010299956639812	False	l1000_phase1	l1000_phase2	dose_threshold_dataset_pair_line	baseline_pair_direction_agreement_p05	mean_baseline_pair_direction_agreement_p05	0.647004481425555	0.5793831297715074	0.7010075173165968	0.06081219377254471	bca	ok	0.95	2000	2000	34	34	34	pubchem_cid			95% BCa bootstrap CI clustered by PubChem compound; uncertainty is over the observed compound panel, not broader chemical space.	CVCL_U602
2x	1	2.0	0.3010299956639812	False	l1000_phase1	l1000_phase2	dose_threshold_dataset_pair_line	delta_vs_baseline_pair_direction_agreement_p05	mean_delta_vs_baseline_pair_direction_agreement_p05	0.10976308718778575	-0.14876950335684958	0.2289005276540203	0.18883501550543494	bca	ok	0.95	2000	2000	34	12	12	pubchem_cid			95% BCa bootstrap CI clustered by PubChem compound; uncertainty is over the observed compound panel, not broader chemical space.	CVCL_U602
2x	1	2.0	0.3010299956639812	False	l1000_phase1	l1000_phase2	dose_threshold_dataset_pair_line	observed_deg_lfc_spearman_sym_p05	mean_observed_deg_lfc_spearman_sym_p05	0.4892326726057205	0.3443755561369853	0.6047246721746194	0.13017455801881708	bca	ok	0.95	2000	2000	35	31	31	pubchem_cid			95% BCa bootstrap CI clustered by PubChem compound; uncertainty is over the observed compound panel, not broader chemical space.	CVCL_VU89
2x	1	2.0	0.3010299956639812	False	l1000_phase1	l1000_phase2	dose_threshold_dataset_pair_line	baseline_pair_deg_lfc_spearman_p05	mean_baseline_pair_deg_lfc_spearman_p05	0.5115470810356586	0.4107177597351936	0.5922226316989292	0.0907524359818678	bca	ok	0.95	2000	2000	35	34	34	pubchem_cid			95% BCa bootstrap CI clustered by PubChem compound; uncertainty is over the observed compound panel, not broader chemical space.	CVCL_VU89
2x	1	2.0	0.3010299956639812	False	l1000_phase1	l1000_phase2	dose_threshold_dataset_pair_line	delta_vs_baseline_pair_deg_lfc_spearman_p05	mean_delta_vs_baseline_pair_deg_lfc_spearman_p05	-0.007465088681510846	-0.13870775354046014	0.10673392811701636	0.12272084082873824	bca	ok	0.95	2000	2000	35	31	31	pubchem_cid			95% BCa bootstrap CI clustered by PubChem compound; uncertainty is over the observed compound panel, not broader chemical space.	CVCL_VU89
2x	1	2.0	0.3010299956639812	False	l1000_phase1	l1000_phase2	dose_threshold_dataset_pair_line	observed_direction_agreement_p05	mean_observed_direction_agreement_p05	0.9453471721012207	0.857108707574687	0.9759874023340132	0.059439347379663054	bca	ok	0.95	2000	2000	35	29	29	pubchem_cid			95% BCa bootstrap CI clustered by PubChem compound; uncertainty is over the observed compound panel, not broader chemical space.	CVCL_VU89
2x	1	2.0	0.3010299956639812	False	l1000_phase1	l1000_phase2	dose_threshold_dataset_pair_line	baseline_pair_direction_agreement_p05	mean_baseline_pair_direction_agreement_p05	0.6995930944211846	0.6148322189263997	0.7458560443574697	0.06551191271553497	bca	ok	0.95	2000	2000	35	35	35	pubchem_cid			95% BCa bootstrap CI clustered by PubChem compound; uncertainty is over the observed compound panel, not broader chemical space.	CVCL_VU89
2x	1	2.0	0.3010299956639812	False	l1000_phase1	l1000_phase2	dose_threshold_dataset_pair_line	delta_vs_baseline_pair_direction_agreement_p05	mean_delta_vs_baseline_pair_direction_agreement_p05	0.19548742896270893	0.10983123320836623	0.2433294797925603	0.06674912329209703	bca	ok	0.95	2000	2000	35	29	29	pubchem_cid			95% BCa bootstrap CI clustered by PubChem compound; uncertainty is over the observed compound panel, not broader chemical space.	CVCL_VU89
2x	1	2.0	0.3010299956639812	False	l1000_phase1	l1000_phase2	dose_threshold_dataset_pair_line	observed_deg_lfc_spearman_sym_p05	mean_observed_deg_lfc_spearman_sym_p05	0.09955260579225822	-0.10976576131605272	0.28156468305582594	0.19566522218593932	bca	ok	0.95	2000	2000	31	23	23	pubchem_cid			95% BCa bootstrap CI clustered by PubChem compound; uncertainty is over the observed compound panel, not broader chemical space.	NEU
2x	1	2.0	0.3010299956639812	False	l1000_phase1	l1000_phase2	dose_threshold_dataset_pair_line	baseline_pair_deg_lfc_spearman_p05	mean_baseline_pair_deg_lfc_spearman_p05	0.32677277958904877	0.15319856522321834	0.4626307072366057	0.15471607100669368	bca	ok	0.95	2000	2000	31	31	31	pubchem_cid			95% BCa bootstrap CI clustered by PubChem compound; uncertainty is over the observed compound panel, not broader chemical space.	NEU
2x	1	2.0	0.3010299956639812	False	l1000_phase1	l1000_phase2	dose_threshold_dataset_pair_line	delta_vs_baseline_pair_deg_lfc_spearman_p05	mean_delta_vs_baseline_pair_deg_lfc_spearman_p05	-0.2375292497316362	-0.4207577368896597	-0.09190260679229537	0.16442756504868217	bca	ok	0.95	2000	2000	31	23	23	pubchem_cid			95% BCa bootstrap CI clustered by PubChem compound; uncertainty is over the observed compound panel, not broader chemical space.	NEU
2x	1	2.0	0.3010299956639812	False	l1000_phase1	l1000_phase2	dose_threshold_dataset_pair_line	observed_direction_agreement_p05	mean_observed_direction_agreement_p05	0.9982422695815163	0.9912113479075816	1.0	0.004394326046209207	bca	ok	0.95	2000	2000	31	13	13	pubchem_cid			95% BCa bootstrap CI clustered by PubChem compound; uncertainty is over the observed compound panel, not broader chemical space.	NEU
2x	1	2.0	0.3010299956639812	False	l1000_phase1	l1000_phase2	dose_threshold_dataset_pair_line	baseline_pair_direction_agreement_p05	mean_baseline_pair_direction_agreement_p05	0.6659376359447596	0.5978232261055884	0.7210897211582619	0.061633247526336754	bca	ok	0.95	2000	2000	31	31	31	pubchem_cid			95% BCa bootstrap CI clustered by PubChem compound; uncertainty is over the observed compound panel, not broader chemical space.	NEU
2x	1	2.0	0.3010299956639812	False	l1000_phase1	l1000_phase2	dose_threshold_dataset_pair_line	delta_vs_baseline_pair_direction_agreement_p05	mean_delta_vs_baseline_pair_direction_agreement_p05	0.28299358601689534	0.2306269758261436	0.33656759485895427	0.05297030951640533	bca	ok	0.95	2000	2000	31	13	13	pubchem_cid			95% BCa bootstrap CI clustered by PubChem compound; uncertainty is over the observed compound panel, not broader chemical space.	NEU
2x	1	2.0	0.3010299956639812	False	l1000_phase1	l1000_phase2	dose_threshold_dataset_pair_line	observed_deg_lfc_spearman_sym_p05	mean_observed_deg_lfc_spearman_sym_p05	0.2490979580849346	0.10482309382390612	0.3796889223645703	0.1374329142703321	bca	ok	0.95	2000	2000	34	29	29	pubchem_cid			95% BCa bootstrap CI clustered by PubChem compound; uncertainty is over the observed compound panel, not broader chemical space.	NPC
2x	1	2.0	0.3010299956639812	False	l1000_phase1	l1000_phase2	dose_threshold_dataset_pair_line	baseline_pair_deg_lfc_spearman_p05	mean_baseline_pair_deg_lfc_spearman_p05	0.5291795310083254	0.44213934884819833	0.5993820478698181	0.07862134951080987	bca	ok	0.95	2000	2000	34	33	33	pubchem_cid			95% BCa bootstrap CI clustered by PubChem compound; uncertainty is over the observed compound panel, not broader chemical space.	NPC
2x	1	2.0	0.3010299956639812	False	l1000_phase1	l1000_phase2	dose_threshold_dataset_pair_line	delta_vs_baseline_pair_deg_lfc_spearman_p05	mean_delta_vs_baseline_pair_deg_lfc_spearman_p05	-0.2669407427934289	-0.4025768786572479	-0.13377123813356048	0.1344028202618437	bca	ok	0.95	2000	2000	34	29	29	pubchem_cid			95% BCa bootstrap CI clustered by PubChem compound; uncertainty is over the observed compound panel, not broader chemical space.	NPC
2x	1	2.0	0.3010299956639812	False	l1000_phase1	l1000_phase2	dose_threshold_dataset_pair_line	observed_direction_agreement_p05	mean_observed_direction_agreement_p05	0.8849889917377316	0.774057378713384	0.9401705060306452	0.08305656365863062	bca	ok	0.95	2000	2000	34	19	19	pubchem_cid			95% BCa bootstrap CI clustered by PubChem compound; uncertainty is over the observed compound panel, not broader chemical space.	NPC
2x	1	2.0	0.3010299956639812	False	l1000_phase1	l1000_phase2	dose_threshold_dataset_pair_line	baseline_pair_direction_agreement_p05	mean_baseline_pair_direction_agreement_p05	0.6973199430081841	0.6307947188044963	0.7523018526275179	0.06075356691151079	bca	ok	0.95	2000	2000	34	33	33	pubchem_cid			95% BCa bootstrap CI clustered by PubChem compound; uncertainty is over the observed compound panel, not broader chemical space.	NPC
2x	1	2.0	0.3010299956639812	False	l1000_phase1	l1000_phase2	dose_threshold_dataset_pair_line	delta_vs_baseline_pair_direction_agreement_p05	mean_delta_vs_baseline_pair_direction_agreement_p05	0.11556095868012187	0.006639988664756361	0.18378836821326597	0.0885741897742548	bca	ok	0.95	2000	2000	34	19	19	pubchem_cid			95% BCa bootstrap CI clustered by PubChem compound; uncertainty is over the observed compound panel, not broader chemical space.	NPC
2x	1	2.0	0.3010299956639812	False	l1000_phase1	sciplex	dose_threshold_dataset_pair_line	observed_deg_lfc_spearman_sym_p05	mean_observed_deg_lfc_spearman_sym_p05	0.34870017136700826	0.21514093462486306	0.4506541329173607	0.11775659914624881	bca	ok	0.95	2000	2000	73	26	26	pubchem_cid			95% BCa bootstrap CI clustered by PubChem compound; uncertainty is over the observed compound panel, not broader chemical space.	CVCL_0023
2x	1	2.0	0.3010299956639812	False	l1000_phase1	sciplex	dose_threshold_dataset_pair_line	baseline_pair_deg_lfc_spearman_p05	mean_baseline_pair_deg_lfc_spearman_p05	0.4105921717845459	0.307601004675537	0.48547035202111277	0.08893467367278787	bca	ok	0.95	2000	2000	73	66	66	pubchem_cid			95% BCa bootstrap CI clustered by PubChem compound; uncertainty is over the observed compound panel, not broader chemical space.	CVCL_0023
2x	1	2.0	0.3010299956639812	False	l1000_phase1	sciplex	dose_threshold_dataset_pair_line	delta_vs_baseline_pair_deg_lfc_spearman_p05	mean_delta_vs_baseline_pair_deg_lfc_spearman_p05	-0.13957341544387408	-0.25977481353852794	-0.04040250667084774	0.1096861534338401	bca	ok	0.95	2000	2000	73	26	26	pubchem_cid			95% BCa bootstrap CI clustered by PubChem compound; uncertainty is over the observed compound panel, not broader chemical space.	CVCL_0023
2x	1	2.0	0.3010299956639812	False	l1000_phase1	sciplex	dose_threshold_dataset_pair_line	observed_direction_agreement_p05	mean_observed_direction_agreement_p05	0.9072051718830051	0.8343897142142422	0.953296336150498	0.05945331096812789	bca	ok	0.95	2000	2000	73	25	25	pubchem_cid			95% BCa bootstrap CI clustered by PubChem compound; uncertainty is over the observed compound panel, not broader chemical space.	CVCL_0023
2x	1	2.0	0.3010299956639812	False	l1000_phase1	sciplex	dose_threshold_dataset_pair_line	baseline_pair_direction_agreement_p05	mean_baseline_pair_direction_agreement_p05	0.6944342624169308	0.6452853107408328	0.7381242048248854	0.046419447042026274	bca	ok	0.95	2000	2000	73	70	70	pubchem_cid			95% BCa bootstrap CI clustered by PubChem compound; uncertainty is over the observed compound panel, not broader chemical space.	CVCL_0023
2x	1	2.0	0.3010299956639812	False	l1000_phase1	sciplex	dose_threshold_dataset_pair_line	delta_vs_baseline_pair_direction_agreement_p05	mean_delta_vs_baseline_pair_direction_agreement_p05	0.15376698201988978	0.09190860837869116	0.21852653391486734	0.06330896276808809	bca	ok	0.95	2000	2000	73	25	25	pubchem_cid			95% BCa bootstrap CI clustered by PubChem compound; uncertainty is over the observed compound panel, not broader chemical space.	CVCL_0023
2x	1	2.0	0.3010299956639812	False	l1000_phase1	sciplex	dose_threshold_dataset_pair_line	observed_deg_lfc_spearman_sym_p05	mean_observed_deg_lfc_spearman_sym_p05	0.42196830544082525	0.35204814647664223	0.48040018019618036	0.06417601685976906	bca	ok	0.95	2000	2000	88	45	45	pubchem_cid			95% BCa bootstrap CI clustered by PubChem compound; uncertainty is over the observed compound panel, not broader chemical space.	CVCL_0031
2x	1	2.0	0.3010299956639812	False	l1000_phase1	sciplex	dose_threshold_dataset_pair_line	baseline_pair_deg_lfc_spearman_p05	mean_baseline_pair_deg_lfc_spearman_p05	0.5305749986817274	0.4502459284389284	0.5920681315011553	0.07091110153111346	bca	ok	0.95	2000	2000	88	80	80	pubchem_cid			95% BCa bootstrap CI clustered by PubChem compound; uncertainty is over the observed compound panel, not broader chemical space.	CVCL_0031
2x	1	2.0	0.3010299956639812	False	l1000_phase1	sciplex	dose_threshold_dataset_pair_line	delta_vs_baseline_pair_deg_lfc_spearman_p05	mean_delta_vs_baseline_pair_deg_lfc_spearman_p05	-0.2165250014803658	-0.28497876161321956	-0.15714394896560394	0.06391740632380781	bca	ok	0.95	2000	2000	88	45	45	pubchem_cid			95% BCa bootstrap CI clustered by PubChem compound; uncertainty is over the observed compound panel, not broader chemical space.	CVCL_0031
2x	1	2.0	0.3010299956639812	False	l1000_phase1	sciplex	dose_threshold_dataset_pair_line	observed_direction_agreement_p05	mean_observed_direction_agreement_p05	0.8763216327765455	0.8062221648286013	0.9184761860345725	0.05612701060298558	bca	ok	0.95	2000	2000	88	40	40	pubchem_cid			95% BCa bootstrap CI clustered by PubChem compound; uncertainty is over the observed compound panel, not broader chemical space.	CVCL_0031
2x	1	2.0	0.3010299956639812	False	l1000_phase1	sciplex	dose_threshold_dataset_pair_line	baseline_pair_direction_agreement_p05	mean_baseline_pair_direction_agreement_p05	0.7480699920301179	0.70735996701696	0.7790307301416008	0.03583538156232041	bca	ok	0.95	2000	2000	88	84	84	pubchem_cid			95% BCa bootstrap CI clustered by PubChem compound; uncertainty is over the observed compound panel, not broader chemical space.	CVCL_0031
2x	1	2.0	0.3010299956639812	False	l1000_phase1	sciplex	dose_threshold_dataset_pair_line	delta_vs_baseline_pair_direction_agreement_p05	mean_delta_vs_baseline_pair_direction_agreement_p05	0.11409411338804301	0.04139915049512366	0.17474381992631657	0.06667233471559646	bca	ok	0.95	2000	2000	88	40	40	pubchem_cid			95% BCa bootstrap CI clustered by PubChem compound; uncertainty is over the observed compound panel, not broader chemical space.	CVCL_0031
2x	1	2.0	0.3010299956639812	False	l1000_phase1	tahoe	dose_threshold_dataset_pair_line	observed_deg_lfc_spearman_sym_p05	mean_observed_deg_lfc_spearman_sym_p05	0.19044005746928527	0.09622362366961233	0.2821356602047115	0.09295601826754957	bca	ok	0.95	2000	2000	82	36	36	pubchem_cid			95% BCa bootstrap CI clustered by PubChem compound; uncertainty is over the observed compound panel, not broader chemical space.	CVCL_0023
2x	1	2.0	0.3010299956639812	False	l1000_phase1	tahoe	dose_threshold_dataset_pair_line	baseline_pair_deg_lfc_spearman_p05	mean_baseline_pair_deg_lfc_spearman_p05	0.33097788866272887	0.22121270287252454	0.4113949903238226	0.09509114372564903	bca	ok	0.95	2000	2000	82	76	76	pubchem_cid			95% BCa bootstrap CI clustered by PubChem compound; uncertainty is over the observed compound panel, not broader chemical space.	CVCL_0023
2x	1	2.0	0.3010299956639812	False	l1000_phase1	tahoe	dose_threshold_dataset_pair_line	delta_vs_baseline_pair_deg_lfc_spearman_p05	mean_delta_vs_baseline_pair_deg_lfc_spearman_p05	-0.20358604125200194	-0.3351687097124157	-0.06507632050806644	0.13504619460217462	bca	ok	0.95	2000	2000	82	36	36	pubchem_cid			95% BCa bootstrap CI clustered by PubChem compound; uncertainty is over the observed compound panel, not broader chemical space.	CVCL_0023
2x	1	2.0	0.3010299956639812	False	l1000_phase1	tahoe	dose_threshold_dataset_pair_line	observed_direction_agreement_p05	mean_observed_direction_agreement_p05	0.7098703901244506	0.56690771537272	0.8170362261271822	0.1250642553772311	bca	ok	0.95	2000	2000	82	22	22	pubchem_cid			95% BCa bootstrap CI clustered by PubChem compound; uncertainty is over the observed compound panel, not broader chemical space.	CVCL_0023
2x	1	2.0	0.3010299956639812	False	l1000_phase1	tahoe	dose_threshold_dataset_pair_line	baseline_pair_direction_agreement_p05	mean_baseline_pair_direction_agreement_p05	0.7202295108370752	0.6748975825556447	0.7560294229506377	0.0405659201974965	bca	ok	0.95	2000	2000	82	81	81	pubchem_cid			95% BCa bootstrap CI clustered by PubChem compound; uncertainty is over the observed compound panel, not broader chemical space.	CVCL_0023
2x	1	2.0	0.3010299956639812	False	l1000_phase1	tahoe	dose_threshold_dataset_pair_line	delta_vs_baseline_pair_direction_agreement_p05	mean_delta_vs_baseline_pair_direction_agreement_p05	-0.0336630780646642	-0.1855810692628341	0.08753692969400154	0.13655899947841782	bca	ok	0.95	2000	2000	82	22	22	pubchem_cid			95% BCa bootstrap CI clustered by PubChem compound; uncertainty is over the observed compound panel, not broader chemical space.	CVCL_0023
2x	1	2.0	0.3010299956639812	False	l1000_phase1	tahoe	dose_threshold_dataset_pair_line	observed_deg_lfc_spearman_sym_p05	mean_observed_deg_lfc_spearman_sym_p05	0.1341720691585119	-0.22537393713238987	0.42327559930974457	0.3243247682210672	bca	ok	0.95	2000	2000	18	7	7	pubchem_cid			95% BCa bootstrap CI clustered by PubChem compound; uncertainty is over the observed compound panel, not broader chemical space.	CVCL_0320
2x	1	2.0	0.3010299956639812	False	l1000_phase1	tahoe	dose_threshold_dataset_pair_line	baseline_pair_deg_lfc_spearman_p05	mean_baseline_pair_deg_lfc_spearman_p05	0.4797625683718463	0.22593835041848703	0.6283707105991335	0.20121618009032324	bca	ok	0.95	2000	2000	18	16	16	pubchem_cid			95% BCa bootstrap CI clustered by PubChem compound; uncertainty is over the observed compound panel, not broader chemical space.	CVCL_0320
2x	1	2.0	0.3010299956639812	False	l1000_phase1	tahoe	dose_threshold_dataset_pair_line	delta_vs_baseline_pair_deg_lfc_spearman_p05	mean_delta_vs_baseline_pair_deg_lfc_spearman_p05	-0.42549615817563335	-0.8146166699954684	-0.12867098301354774	0.34297284349096036	bca	ok	0.95	2000	2000	18	7	7	pubchem_cid			95% BCa bootstrap CI clustered by PubChem compound; uncertainty is over the observed compound panel, not broader chemical space.	CVCL_0320
2x	1	2.0	0.3010299956639812	False	l1000_phase1	tahoe	dose_threshold_dataset_pair_line	observed_direction_agreement_p05	mean_observed_direction_agreement_p05	0.9061524618859415	0.8313045860883914	0.975085910652921	0.07189066228226482	bca	ok	0.95	2000	2000	18	6	6	pubchem_cid			95% BCa bootstrap CI clustered by PubChem compound; uncertainty is over the observed compound panel, not broader chemical space.	CVCL_0320
2x	1	2.0	0.3010299956639812	False	l1000_phase1	tahoe	dose_threshold_dataset_pair_line	baseline_pair_direction_agreement_p05	mean_baseline_pair_direction_agreement_p05	0.7637823866771739	0.5912683497003732	0.8491329553333856	0.1289323028165062	bca	ok	0.95	2000	2000	18	16	16	pubchem_cid			95% BCa bootstrap CI clustered by PubChem compound; uncertainty is over the observed compound panel, not broader chemical space.	CVCL_0320
2x	1	2.0	0.3010299956639812	False	l1000_phase1	tahoe	dose_threshold_dataset_pair_line	delta_vs_baseline_pair_direction_agreement_p05	mean_delta_vs_baseline_pair_direction_agreement_p05	0.13981073123544405	0.09132800787367185	0.20275075416939403	0.05571137314786109	bca	ok	0.95	2000	2000	18	6	6	pubchem_cid			95% BCa bootstrap CI clustered by PubChem compound; uncertainty is over the observed compound panel, not broader chemical space.	CVCL_0320
2x	1	2.0	0.3010299956639812	False	l1000_phase1	tahoe	dose_threshold_dataset_pair_line	observed_deg_lfc_spearman_sym_p05	mean_observed_deg_lfc_spearman_sym_p05	0.13037849576851027	-0.20075940401261755	0.3512671205626322	0.2760132622876249	bca	ok	0.95	2000	2000	11	7	7	pubchem_cid			95% BCa bootstrap CI clustered by PubChem compound; uncertainty is over the observed compound panel, not broader chemical space.	CVCL_0332
2x	1	2.0	0.3010299956639812	False	l1000_phase1	tahoe	dose_threshold_dataset_pair_line	baseline_pair_deg_lfc_spearman_p05	mean_baseline_pair_deg_lfc_spearman_p05	0.3979458405689773	0.2647534867503285	0.4922213770136888	0.11373394513168014	bca	ok	0.95	2000	2000	11	11	11	pubchem_cid			95% BCa bootstrap CI clustered by PubChem compound; uncertainty is over the observed compound panel, not broader chemical space.	CVCL_0332
2x	1	2.0	0.3010299956639812	False	l1000_phase1	tahoe	dose_threshold_dataset_pair_line	delta_vs_baseline_pair_deg_lfc_spearman_p05	mean_delta_vs_baseline_pair_deg_lfc_spearman_p05	-0.31318415033753266	-0.4576095142008268	-0.12174249321829367	0.16793351049126656	bca	ok	0.95	2000	2000	11	7	7	pubchem_cid			95% BCa bootstrap CI clustered by PubChem compound; uncertainty is over the observed compound panel, not broader chemical space.	CVCL_0332
2x	1	2.0	0.3010299956639812	False	l1000_phase1	tahoe	dose_threshold_dataset_pair_line	observed_direction_agreement_p05	mean_observed_direction_agreement_p05	0.621026684714914	0.0	0.871026684714914	0.435513342357457	bca	ok	0.95	2000	2000	11	4	4	pubchem_cid			95% BCa bootstrap CI clustered by PubChem compound; uncertainty is over the observed compound panel, not broader chemical space.	CVCL_0332
2x	1	2.0	0.3010299956639812	False	l1000_phase1	tahoe	dose_threshold_dataset_pair_line	baseline_pair_direction_agreement_p05	mean_baseline_pair_direction_agreement_p05	0.7462864963607949	0.6848369342322667	0.8007700075763129	0.05796653667202312	bca	ok	0.95	2000	2000	11	11	11	pubchem_cid			95% BCa bootstrap CI clustered by PubChem compound; uncertainty is over the observed compound panel, not broader chemical space.	CVCL_0332
2x	1	2.0	0.3010299956639812	False	l1000_phase1	tahoe	dose_threshold_dataset_pair_line	delta_vs_baseline_pair_direction_agreement_p05	mean_delta_vs_baseline_pair_direction_agreement_p05	-0.16533337818511684	-0.7468946540880503	0.05167673986908082	0.3992856969785656	bca	ok	0.95	2000	2000	11	4	4	pubchem_cid			95% BCa bootstrap CI clustered by PubChem compound; uncertainty is over the observed compound panel, not broader chemical space.	CVCL_0332
2x	1	2.0	0.3010299956639812	False	l1000_phase2	sciplex	dose_threshold_dataset_pair_line	observed_deg_lfc_spearman_sym_p05	mean_observed_deg_lfc_spearman_sym_p05	0.5668820127339008	0.4166470572016391	0.648813641484146	0.11608329214125346	bca	ok	0.95	2000	2000	44	17	17	pubchem_cid			95% BCa bootstrap CI clustered by PubChem compound; uncertainty is over the observed compound panel, not broader chemical space.	CVCL_0023
2x	1	2.0	0.3010299956639812	False	l1000_phase2	sciplex	dose_threshold_dataset_pair_line	baseline_pair_deg_lfc_spearman_p05	mean_baseline_pair_deg_lfc_spearman_p05	0.4126772118368824	0.2826544795004715	0.5142437196157204	0.11579462005762442	bca	ok	0.95	2000	2000	44	42	42	pubchem_cid			95% BCa bootstrap CI clustered by PubChem compound; uncertainty is over the observed compound panel, not broader chemical space.	CVCL_0023
2x	1	2.0	0.3010299956639812	False	l1000_phase2	sciplex	dose_threshold_dataset_pair_line	delta_vs_baseline_pair_deg_lfc_spearman_p05	mean_delta_vs_baseline_pair_deg_lfc_spearman_p05	-0.009200160183867604	-0.08988509370248456	0.07950913221899227	0.08469711296073841	bca	ok	0.95	2000	2000	44	17	17	pubchem_cid			95% BCa bootstrap CI clustered by PubChem compound; uncertainty is over the observed compound panel, not broader chemical space.	CVCL_0023
2x	1	2.0	0.3010299956639812	False	l1000_phase2	sciplex	dose_threshold_dataset_pair_line	observed_direction_agreement_p05	mean_observed_direction_agreement_p05	0.9552941997913535	0.8453234048450852	0.9889132925897632	0.07179494387233903	bca	ok	0.95	2000	2000	44	17	17	pubchem_cid			95% BCa bootstrap CI clustered by PubChem compound; uncertainty is over the observed compound panel, not broader chemical space.	CVCL_0023
2x	1	2.0	0.3010299956639812	False	l1000_phase2	sciplex	dose_threshold_dataset_pair_line	baseline_pair_direction_agreement_p05	mean_baseline_pair_direction_agreement_p05	0.7279090926331776	0.6708993080491553	0.7759867915374346	0.052543741744139616	bca	ok	0.95	2000	2000	44	43	43	pubchem_cid			95% BCa bootstrap CI clustered by PubChem compound; uncertainty is over the observed compound panel, not broader chemical space.	CVCL_0023
2x	1	2.0	0.3010299956639812	False	l1000_phase2	sciplex	dose_threshold_dataset_pair_line	delta_vs_baseline_pair_direction_agreement_p05	mean_delta_vs_baseline_pair_direction_agreement_p05	0.17296230756084685	0.08580958347335864	0.25888748728633354	0.08653895190648744	bca	ok	0.95	2000	2000	44	17	17	pubchem_cid			95% BCa bootstrap CI clustered by PubChem compound; uncertainty is over the observed compound panel, not broader chemical space.	CVCL_0023
2x	1	2.0	0.3010299956639812	False	l1000_phase2	sciplex	dose_threshold_dataset_pair_line	observed_deg_lfc_spearman_sym_p05	mean_observed_deg_lfc_spearman_sym_p05	0.46390400084599914	0.4031145038940976	0.5116718706843046	0.05427868339510353	bca	ok	0.95	2000	2000	83	48	48	pubchem_cid			95% BCa bootstrap CI clustered by PubChem compound; uncertainty is over the observed compound panel, not broader chemical space.	CVCL_0031
2x	1	2.0	0.3010299956639812	False	l1000_phase2	sciplex	dose_threshold_dataset_pair_line	baseline_pair_deg_lfc_spearman_p05	mean_baseline_pair_deg_lfc_spearman_p05	0.3851846265420348	0.3122792456628143	0.44767684149739273	0.06769879791728922	bca	ok	0.95	2000	2000	83	81	81	pubchem_cid			95% BCa bootstrap CI clustered by PubChem compound; uncertainty is over the observed compound panel, not broader chemical space.	CVCL_0031
2x	1	2.0	0.3010299956639812	False	l1000_phase2	sciplex	dose_threshold_dataset_pair_line	delta_vs_baseline_pair_deg_lfc_spearman_p05	mean_delta_vs_baseline_pair_deg_lfc_spearman_p05	-0.14169818140510773	-0.2102488946314508	-0.06752048142687986	0.07136420660228547	bca	ok	0.95	2000	2000	83	48	48	pubchem_cid			95% BCa bootstrap CI clustered by PubChem compound; uncertainty is over the observed compound panel, not broader chemical space.	CVCL_0031
2x	1	2.0	0.3010299956639812	False	l1000_phase2	sciplex	dose_threshold_dataset_pair_line	observed_direction_agreement_p05	mean_observed_direction_agreement_p05	0.9470600858452128	0.9061202200612938	0.9680194440911846	0.030949612014945393	bca	ok	0.95	2000	2000	83	48	48	pubchem_cid			95% BCa bootstrap CI clustered by PubChem compound; uncertainty is over the observed compound panel, not broader chemical space.	CVCL_0031
2x	1	2.0	0.3010299956639812	False	l1000_phase2	sciplex	dose_threshold_dataset_pair_line	baseline_pair_direction_agreement_p05	mean_baseline_pair_direction_agreement_p05	0.6588485395554768	0.6244518803523876	0.6926895653274509	0.03411884248753161	bca	ok	0.95	2000	2000	83	82	82	pubchem_cid			95% BCa bootstrap CI clustered by PubChem compound; uncertainty is over the observed compound panel, not broader chemical space.	CVCL_0031
2x	1	2.0	0.3010299956639812	False	l1000_phase2	sciplex	dose_threshold_dataset_pair_line	delta_vs_baseline_pair_direction_agreement_p05	mean_delta_vs_baseline_pair_direction_agreement_p05	0.19094762206069205	0.15800243259898428	0.22999372182854685	0.03599564461478129	bca	ok	0.95	2000	2000	83	48	48	pubchem_cid			95% BCa bootstrap CI clustered by PubChem compound; uncertainty is over the observed compound panel, not broader chemical space.	CVCL_0031
2x	1	2.0	0.3010299956639812	False	l1000_phase2	tahoe	dose_threshold_dataset_pair_line	observed_deg_lfc_spearman_sym_p05	mean_observed_deg_lfc_spearman_sym_p05	0.21426484746437824	0.06862729377148444	0.33638335002345804	0.13387802812598681	bca	ok	0.95	2000	2000	24	18	18	pubchem_cid			95% BCa bootstrap CI clustered by PubChem compound; uncertainty is over the observed compound panel, not broader chemical space.	CVCL_0023
2x	1	2.0	0.3010299956639812	False	l1000_phase2	tahoe	dose_threshold_dataset_pair_line	baseline_pair_deg_lfc_spearman_p05	mean_baseline_pair_deg_lfc_spearman_p05	0.4738032138311918	0.34554747173485334	0.5732514615177885	0.11385199489146758	bca	ok	0.95	2000	2000	24	24	24	pubchem_cid			95% BCa bootstrap CI clustered by PubChem compound; uncertainty is over the observed compound panel, not broader chemical space.	CVCL_0023
2x	1	2.0	0.3010299956639812	False	l1000_phase2	tahoe	dose_threshold_dataset_pair_line	delta_vs_baseline_pair_deg_lfc_spearman_p05	mean_delta_vs_baseline_pair_deg_lfc_spearman_p05	-0.23945992830248233	-0.35199992864311735	-0.10063004485231025	0.12568494189540355	bca	ok	0.95	2000	2000	24	18	18	pubchem_cid			95% BCa bootstrap CI clustered by PubChem compound; uncertainty is over the observed compound panel, not broader chemical space.	CVCL_0023
2x	1	2.0	0.3010299956639812	False	l1000_phase2	tahoe	dose_threshold_dataset_pair_line	observed_direction_agreement_p05	mean_observed_direction_agreement_p05	0.7041399223527868	0.48614147042610567	0.8383399200782478	0.17609922482607104	bca	ok	0.95	2000	2000	24	11	11	pubchem_cid			95% BCa bootstrap CI clustered by PubChem compound; uncertainty is over the observed compound panel, not broader chemical space.	CVCL_0023
2x	1	2.0	0.3010299956639812	False	l1000_phase2	tahoe	dose_threshold_dataset_pair_line	baseline_pair_direction_agreement_p05	mean_baseline_pair_direction_agreement_p05	0.7410848362485633	0.6668260510616658	0.7865019816659353	0.059837965302134755	bca	ok	0.95	2000	2000	24	24	24	pubchem_cid			95% BCa bootstrap CI clustered by PubChem compound; uncertainty is over the observed compound panel, not broader chemical space.	CVCL_0023
2x	1	2.0	0.3010299956639812	False	l1000_phase2	tahoe	dose_threshold_dataset_pair_line	delta_vs_baseline_pair_direction_agreement_p05	mean_delta_vs_baseline_pair_direction_agreement_p05	-0.07425804160091586	-0.3275169680307363	0.05205004423048757	0.18978350613061196	bca	ok	0.95	2000	2000	24	11	11	pubchem_cid			95% BCa bootstrap CI clustered by PubChem compound; uncertainty is over the observed compound panel, not broader chemical space.	CVCL_0023
2x	1	2.0	0.3010299956639812	False	l1000_phase2	tahoe	dose_threshold_dataset_pair_line	observed_deg_lfc_spearman_sym_p05	mean_observed_deg_lfc_spearman_sym_p05	0.04457980757058095	-0.044664813884077996	0.13377090543813422	0.08921785966110611	bca	ok	0.95	2000	2000	110	59	59	pubchem_cid			95% BCa bootstrap CI clustered by PubChem compound; uncertainty is over the observed compound panel, not broader chemical space.	CVCL_0320
2x	1	2.0	0.3010299956639812	False	l1000_phase2	tahoe	dose_threshold_dataset_pair_line	baseline_pair_deg_lfc_spearman_p05	mean_baseline_pair_deg_lfc_spearman_p05	0.263349710327066	0.18425012736521093	0.332226312899679	0.07398809276723405	bca	ok	0.95	2000	2000	110	108	108	pubchem_cid			95% BCa bootstrap CI clustered by PubChem compound; uncertainty is over the observed compound panel, not broader chemical space.	CVCL_0320
2x	1	2.0	0.3010299956639812	False	l1000_phase2	tahoe	dose_threshold_dataset_pair_line	delta_vs_baseline_pair_deg_lfc_spearman_p05	mean_delta_vs_baseline_pair_deg_lfc_spearman_p05	-0.3254542740779999	-0.4190878435013547	-0.21339776063033605	0.10284504143550932	bca	ok	0.95	2000	2000	110	59	59	pubchem_cid			95% BCa bootstrap CI clustered by PubChem compound; uncertainty is over the observed compound panel, not broader chemical space.	CVCL_0320
2x	1	2.0	0.3010299956639812	False	l1000_phase2	tahoe	dose_threshold_dataset_pair_line	observed_direction_agreement_p05	mean_observed_direction_agreement_p05	0.6636824482451461	0.5430120456034305	0.7632832366987949	0.11013559554768221	bca	ok	0.95	2000	2000	110	29	29	pubchem_cid			95% BCa bootstrap CI clustered by PubChem compound; uncertainty is over the observed compound panel, not broader chemical space.	CVCL_0320
2x	1	2.0	0.3010299956639812	False	l1000_phase2	tahoe	dose_threshold_dataset_pair_line	baseline_pair_direction_agreement_p05	mean_baseline_pair_direction_agreement_p05	0.674240464337475	0.6421249916980073	0.7029961246835533	0.030435566492773014	bca	ok	0.95	2000	2000	110	110	110	pubchem_cid			95% BCa bootstrap CI clustered by PubChem compound; uncertainty is over the observed compound panel, not broader chemical space.	CVCL_0320
2x	1	2.0	0.3010299956639812	False	l1000_phase2	tahoe	dose_threshold_dataset_pair_line	delta_vs_baseline_pair_direction_agreement_p05	mean_delta_vs_baseline_pair_direction_agreement_p05	-0.10021297968494126	-0.22782287285924172	0.0038636093010441016	0.1158432410801429	bca	ok	0.95	2000	2000	110	29	29	pubchem_cid			95% BCa bootstrap CI clustered by PubChem compound; uncertainty is over the observed compound panel, not broader chemical space.	CVCL_0320
2x	1	2.0	0.3010299956639812	False	tahoe	sciplex	dose_threshold_dataset_pair_line	observed_deg_lfc_spearman_sym_p05	mean_observed_deg_lfc_spearman_sym_p05	0.12383918823035202	-0.06055468587211455	0.2920867883674391	0.17632073711977683	bca	ok	0.95	2000	2000	23	14	14	pubchem_cid			95% BCa bootstrap CI clustered by PubChem compound; uncertainty is over the observed compound panel, not broader chemical space.	CVCL_0023
2x	1	2.0	0.3010299956639812	False	tahoe	sciplex	dose_threshold_dataset_pair_line	baseline_pair_deg_lfc_spearman_p05	mean_baseline_pair_deg_lfc_spearman_p05	0.5993371814454158	0.48615188311367685	0.6807359613960405	0.09729203914118184	bca	ok	0.95	2000	2000	23	23	23	pubchem_cid			95% BCa bootstrap CI clustered by PubChem compound; uncertainty is over the observed compound panel, not broader chemical space.	CVCL_0023
2x	1	2.0	0.3010299956639812	False	tahoe	sciplex	dose_threshold_dataset_pair_line	delta_vs_baseline_pair_deg_lfc_spearman_p05	mean_delta_vs_baseline_pair_deg_lfc_spearman_p05	-0.46548863878874897	-0.6736452123128974	-0.2572277589020871	0.20820872670540516	bca	ok	0.95	2000	2000	23	14	14	pubchem_cid			95% BCa bootstrap CI clustered by PubChem compound; uncertainty is over the observed compound panel, not broader chemical space.	CVCL_0023
2x	1	2.0	0.3010299956639812	False	tahoe	sciplex	dose_threshold_dataset_pair_line	observed_direction_agreement_p05	mean_observed_direction_agreement_p05	0.8957179320303899	0.8345505264501365	0.9491584868290304	0.057303980189446935	bca	ok	0.95	2000	2000	23	8	8	pubchem_cid			95% BCa bootstrap CI clustered by PubChem compound; uncertainty is over the observed compound panel, not broader chemical space.	CVCL_0023
2x	1	2.0	0.3010299956639812	False	tahoe	sciplex	dose_threshold_dataset_pair_line	baseline_pair_direction_agreement_p05	mean_baseline_pair_direction_agreement_p05	0.8316508665979963	0.7890543187580514	0.8774701379727661	0.04420790960735732	bca	ok	0.95	2000	2000	23	23	23	pubchem_cid			95% BCa bootstrap CI clustered by PubChem compound; uncertainty is over the observed compound panel, not broader chemical space.	CVCL_0023
2x	1	2.0	0.3010299956639812	False	tahoe	sciplex	dose_threshold_dataset_pair_line	delta_vs_baseline_pair_direction_agreement_p05	mean_delta_vs_baseline_pair_direction_agreement_p05	0.08321488503243149	0.0054177272785077375	0.13374425289498396	0.06416326280823811	bca	ok	0.95	2000	2000	23	8	8	pubchem_cid			95% BCa bootstrap CI clustered by PubChem compound; uncertainty is over the observed compound panel, not broader chemical space.	CVCL_0023
3x	2	3.0	0.47712125471966244	False	l1000_phase1	l1000_phase2	dose_threshold_dataset_pair	observed_deg_lfc_spearman_sym_p05	mean_observed_deg_lfc_spearman_sym_p05	0.37175833452314677	0.3314848482526508	0.411578458587487	0.0400468051674181	bca	ok	0.95	2000	2000	1019	950	235	pubchem_cid			95% BCa bootstrap CI clustered by PubChem compound; uncertainty is over the observed compound panel, not broader chemical space.	
3x	2	3.0	0.47712125471966244	False	l1000_phase1	l1000_phase2	dose_threshold_dataset_pair	baseline_pair_deg_lfc_spearman_p05	mean_baseline_pair_deg_lfc_spearman_p05	0.4577594898946657	0.43579278359036394	0.47880268460199676	0.02150495050581641	bca	ok	0.95	2000	2000	1019	1009	245	pubchem_cid			95% BCa bootstrap CI clustered by PubChem compound; uncertainty is over the observed compound panel, not broader chemical space.	
3x	2	3.0	0.47712125471966244	False	l1000_phase1	l1000_phase2	dose_threshold_dataset_pair	delta_vs_baseline_pair_deg_lfc_spearman_p05	mean_delta_vs_baseline_pair_deg_lfc_spearman_p05	-0.09535174381788367	-0.12759340470637692	-0.062433681933802165	0.03257986138628738	bca	ok	0.95	2000	2000	1019	950	235	pubchem_cid			95% BCa bootstrap CI clustered by PubChem compound; uncertainty is over the observed compound panel, not broader chemical space.	
3x	2	3.0	0.47712125471966244	False	l1000_phase1	l1000_phase2	dose_threshold_dataset_pair	observed_direction_agreement_p05	mean_observed_direction_agreement_p05	0.9189525689956697	0.905136669640914	0.9309970962787663	0.012930213318926131	bca	ok	0.95	2000	2000	1019	817	206	pubchem_cid			95% BCa bootstrap CI clustered by PubChem compound; uncertainty is over the observed compound panel, not broader chemical space.	
3x	2	3.0	0.47712125471966244	False	l1000_phase1	l1000_phase2	dose_threshold_dataset_pair	baseline_pair_direction_agreement_p05	mean_baseline_pair_direction_agreement_p05	0.7251095975240517	0.7119682210342365	0.7369894913416973	0.01251063515373041	bca	ok	0.95	2000	2000	1019	1014	247	pubchem_cid			95% BCa bootstrap CI clustered by PubChem compound; uncertainty is over the observed compound panel, not broader chemical space.	
3x	2	3.0	0.47712125471966244	False	l1000_phase1	l1000_phase2	dose_threshold_dataset_pair	delta_vs_baseline_pair_direction_agreement_p05	mean_delta_vs_baseline_pair_direction_agreement_p05	0.1567395065058899	0.140271516680867	0.17277862119294787	0.016253552256040443	bca	ok	0.95	2000	2000	1019	817	206	pubchem_cid			95% BCa bootstrap CI clustered by PubChem compound; uncertainty is over the observed compound panel, not broader chemical space.	
3x	2	3.0	0.47712125471966244	False	l1000_phase1	sciplex	dose_threshold_dataset_pair	observed_deg_lfc_spearman_sym_p05	mean_observed_deg_lfc_spearman_sym_p05	0.39513772113210355	0.3327930445999267	0.4541456287632864	0.06067629208167985	bca	ok	0.95	2000	2000	161	71	51	pubchem_cid			95% BCa bootstrap CI clustered by PubChem compound; uncertainty is over the observed compound panel, not broader chemical space.	
3x	2	3.0	0.47712125471966244	False	l1000_phase1	sciplex	dose_threshold_dataset_pair	baseline_pair_deg_lfc_spearman_p05	mean_baseline_pair_deg_lfc_spearman_p05	0.4763361865227275	0.4179842961574337	0.5259035744950071	0.05395963916878671	bca	ok	0.95	2000	2000	161	146	86	pubchem_cid			95% BCa bootstrap CI clustered by PubChem compound; uncertainty is over the observed compound panel, not broader chemical space.	
3x	2	3.0	0.47712125471966244	False	l1000_phase1	sciplex	dose_threshold_dataset_pair	delta_vs_baseline_pair_deg_lfc_spearman_p05	mean_delta_vs_baseline_pair_deg_lfc_spearman_p05	-0.18834554743883364	-0.24523762489026793	-0.1271611321335807	0.05903824637834361	bca	ok	0.95	2000	2000	161	71	51	pubchem_cid			95% BCa bootstrap CI clustered by PubChem compound; uncertainty is over the observed compound panel, not broader chemical space.	
3x	2	3.0	0.47712125471966244	False	l1000_phase1	sciplex	dose_threshold_dataset_pair	observed_direction_agreement_p05	mean_observed_direction_agreement_p05	0.8881999170482607	0.8456652986297276	0.9224771342601523	0.038405917815212354	bca	ok	0.95	2000	2000	161	65	45	pubchem_cid			95% BCa bootstrap CI clustered by PubChem compound; uncertainty is over the observed compound panel, not broader chemical space.	
3x	2	3.0	0.47712125471966244	False	l1000_phase1	sciplex	dose_threshold_dataset_pair	baseline_pair_direction_agreement_p05	mean_baseline_pair_direction_agreement_p05	0.7236901149332148	0.6909442557862644	0.7507520290958476	0.0299038866547916	bca	ok	0.95	2000	2000	161	154	89	pubchem_cid			95% BCa bootstrap CI clustered by PubChem compound; uncertainty is over the observed compound panel, not broader chemical space.	
3x	2	3.0	0.47712125471966244	False	l1000_phase1	sciplex	dose_threshold_dataset_pair	delta_vs_baseline_pair_direction_agreement_p05	mean_delta_vs_baseline_pair_direction_agreement_p05	0.12935290901567637	0.07880693161340599	0.1779271981126443	0.04956013324961915	bca	ok	0.95	2000	2000	161	65	45	pubchem_cid			95% BCa bootstrap CI clustered by PubChem compound; uncertainty is over the observed compound panel, not broader chemical space.	
3x	2	3.0	0.47712125471966244	False	l1000_phase1	tahoe	dose_threshold_dataset_pair	observed_deg_lfc_spearman_sym_p05	mean_observed_deg_lfc_spearman_sym_p05	0.17415392046766848	0.07004804167863889	0.25988139394565396	0.09491667613350754	bca	ok	0.95	2000	2000	111	50	40	pubchem_cid			95% BCa bootstrap CI clustered by PubChem compound; uncertainty is over the observed compound panel, not broader chemical space.	
3x	2	3.0	0.47712125471966244	False	l1000_phase1	tahoe	dose_threshold_dataset_pair	baseline_pair_deg_lfc_spearman_p05	mean_baseline_pair_deg_lfc_spearman_p05	0.36124198911238525	0.2735440650595655	0.4303330626319425	0.07839449878618848	bca	ok	0.95	2000	2000	111	103	80	pubchem_cid			95% BCa bootstrap CI clustered by PubChem compound; uncertainty is over the observed compound panel, not broader chemical space.	
3x	2	3.0	0.47712125471966244	False	l1000_phase1	tahoe	dose_threshold_dataset_pair	delta_vs_baseline_pair_deg_lfc_spearman_p05	mean_delta_vs_baseline_pair_deg_lfc_spearman_p05	-0.2499971928932846	-0.37416066715998514	-0.137166238841166	0.11849721415940957	bca	ok	0.95	2000	2000	111	50	40	pubchem_cid			95% BCa bootstrap CI clustered by PubChem compound; uncertainty is over the observed compound panel, not broader chemical space.	
3x	2	3.0	0.47712125471966244	False	l1000_phase1	tahoe	dose_threshold_dataset_pair	observed_direction_agreement_p05	mean_observed_direction_agreement_p05	0.735567815403538	0.612357000054116	0.8262795739363215	0.10696128694110274	bca	ok	0.95	2000	2000	111	32	26	pubchem_cid			95% BCa bootstrap CI clustered by PubChem compound; uncertainty is over the observed compound panel, not broader chemical space.	
3x	2	3.0	0.47712125471966244	False	l1000_phase1	tahoe	dose_threshold_dataset_pair	baseline_pair_direction_agreement_p05	mean_baseline_pair_direction_agreement_p05	0.7293357409685798	0.6893671767015742	0.7630184481208494	0.036825635709637594	bca	ok	0.95	2000	2000	111	108	85	pubchem_cid			95% BCa bootstrap CI clustered by PubChem compound; uncertainty is over the observed compound panel, not broader chemical space.	
3x	2	3.0	0.47712125471966244	False	l1000_phase1	tahoe	dose_threshold_dataset_pair	delta_vs_baseline_pair_direction_agreement_p05	mean_delta_vs_baseline_pair_direction_agreement_p05	-0.017595526335950493	-0.14928880358940536	0.0840904389992986	0.11668962129435198	bca	ok	0.95	2000	2000	111	32	26	pubchem_cid			95% BCa bootstrap CI clustered by PubChem compound; uncertainty is over the observed compound panel, not broader chemical space.	
3x	2	3.0	0.47712125471966244	False	l1000_phase2	sciplex	dose_threshold_dataset_pair	observed_deg_lfc_spearman_sym_p05	mean_observed_deg_lfc_spearman_sym_p05	0.49083671164745035	0.42663857928742205	0.5424814582877714	0.05792143950017467	bca	ok	0.95	2000	2000	127	65	51	pubchem_cid			95% BCa bootstrap CI clustered by PubChem compound; uncertainty is over the observed compound panel, not broader chemical space.	
3x	2	3.0	0.47712125471966244	False	l1000_phase2	sciplex	dose_threshold_dataset_pair	baseline_pair_deg_lfc_spearman_p05	mean_baseline_pair_deg_lfc_spearman_p05	0.39457233859393404	0.32569223804514374	0.45192750567008744	0.06311763381247185	bca	ok	0.95	2000	2000	127	123	81	pubchem_cid			95% BCa bootstrap CI clustered by PubChem compound; uncertainty is over the observed compound panel, not broader chemical space.	
3x	2	3.0	0.47712125471966244	False	l1000_phase2	sciplex	dose_threshold_dataset_pair	delta_vs_baseline_pair_deg_lfc_spearman_p05	mean_delta_vs_baseline_pair_deg_lfc_spearman_p05	-0.10704485277801415	-0.1681896189634962	-0.05228231235606251	0.05795365330371685	bca	ok	0.95	2000	2000	127	65	51	pubchem_cid			95% BCa bootstrap CI clustered by PubChem compound; uncertainty is over the observed compound panel, not broader chemical space.	
3x	2	3.0	0.47712125471966244	False	l1000_phase2	sciplex	dose_threshold_dataset_pair	observed_direction_agreement_p05	mean_observed_direction_agreement_p05	0.9492136233388188	0.9140770284306982	0.9674946408673395	0.02670880621832067	bca	ok	0.95	2000	2000	127	65	50	pubchem_cid			95% BCa bootstrap CI clustered by PubChem compound; uncertainty is over the observed compound panel, not broader chemical space.	
3x	2	3.0	0.47712125471966244	False	l1000_phase2	sciplex	dose_threshold_dataset_pair	baseline_pair_direction_agreement_p05	mean_baseline_pair_direction_agreement_p05	0.6826053698142059	0.6500689699909354	0.7105936400427323	0.030262335025898424	bca	ok	0.95	2000	2000	127	125	82	pubchem_cid			95% BCa bootstrap CI clustered by PubChem compound; uncertainty is over the observed compound panel, not broader chemical space.	
3x	2	3.0	0.47712125471966244	False	l1000_phase2	sciplex	dose_threshold_dataset_pair	delta_vs_baseline_pair_direction_agreement_p05	mean_delta_vs_baseline_pair_direction_agreement_p05	0.18624377057611716	0.15368679833428198	0.22623768753144655	0.036275444598582285	bca	ok	0.95	2000	2000	127	65	50	pubchem_cid			95% BCa bootstrap CI clustered by PubChem compound; uncertainty is over the observed compound panel, not broader chemical space.	
3x	2	3.0	0.47712125471966244	False	l1000_phase2	tahoe	dose_threshold_dataset_pair	observed_deg_lfc_spearman_sym_p05	mean_observed_deg_lfc_spearman_sym_p05	0.08424644027302705	-0.0016302621765477631	0.16166203779333652	0.08164614998494214	bca	ok	0.95	2000	2000	134	77	63	pubchem_cid			95% BCa bootstrap CI clustered by PubChem compound; uncertainty is over the observed compound panel, not broader chemical space.	
3x	2	3.0	0.47712125471966244	False	l1000_phase2	tahoe	dose_threshold_dataset_pair	baseline_pair_deg_lfc_spearman_p05	mean_baseline_pair_deg_lfc_spearman_p05	0.30180600730734247	0.23084576919900596	0.36515389692034855	0.0671540638606713	bca	ok	0.95	2000	2000	134	132	108	pubchem_cid			95% BCa bootstrap CI clustered by PubChem compound; uncertainty is over the observed compound panel, not broader chemical space.	
3x	2	3.0	0.47712125471966244	False	l1000_phase2	tahoe	dose_threshold_dataset_pair	delta_vs_baseline_pair_deg_lfc_spearman_p05	mean_delta_vs_baseline_pair_deg_lfc_spearman_p05	-0.30535169974086596	-0.3849937099728608	-0.21230023032516104	0.08634673982384988	bca	ok	0.95	2000	2000	134	77	63	pubchem_cid			95% BCa bootstrap CI clustered by PubChem compound; uncertainty is over the observed compound panel, not broader chemical space.	
3x	2	3.0	0.47712125471966244	False	l1000_phase2	tahoe	dose_threshold_dataset_pair	observed_direction_agreement_p05	mean_observed_direction_agreement_p05	0.6748082536247473	0.5654402509585769	0.7705332898278475	0.10254651943463533	bca	ok	0.95	2000	2000	134	40	32	pubchem_cid			95% BCa bootstrap CI clustered by PubChem compound; uncertainty is over the observed compound panel, not broader chemical space.	
3x	2	3.0	0.47712125471966244	False	l1000_phase2	tahoe	dose_threshold_dataset_pair	baseline_pair_direction_agreement_p05	mean_baseline_pair_direction_agreement_p05	0.6857835363247601	0.6576442732517059	0.7114817870599165	0.02691875690410528	bca	ok	0.95	2000	2000	134	134	110	pubchem_cid			95% BCa bootstrap CI clustered by PubChem compound; uncertainty is over the observed compound panel, not broader chemical space.	
3x	2	3.0	0.47712125471966244	False	l1000_phase2	tahoe	dose_threshold_dataset_pair	delta_vs_baseline_pair_direction_agreement_p05	mean_delta_vs_baseline_pair_direction_agreement_p05	-0.09307537171183426	-0.20313558084938718	-0.0004063123533429781	0.1013646342480221	bca	ok	0.95	2000	2000	134	40	32	pubchem_cid			95% BCa bootstrap CI clustered by PubChem compound; uncertainty is over the observed compound panel, not broader chemical space.	
3x	2	3.0	0.47712125471966244	False	tahoe	sciplex	dose_threshold_dataset_pair	observed_deg_lfc_spearman_sym_p05	mean_observed_deg_lfc_spearman_sym_p05	0.12383918823035202	-0.06283908230142649	0.29588488382457323	0.17936198306299986	bca	ok	0.95	2000	2000	23	14	14	pubchem_cid			95% BCa bootstrap CI clustered by PubChem compound; uncertainty is over the observed compound panel, not broader chemical space.	
3x	2	3.0	0.47712125471966244	False	tahoe	sciplex	dose_threshold_dataset_pair	baseline_pair_deg_lfc_spearman_p05	mean_baseline_pair_deg_lfc_spearman_p05	0.5993371814454158	0.48143372013319075	0.6807348026706203	0.09965054126871475	bca	ok	0.95	2000	2000	23	23	23	pubchem_cid			95% BCa bootstrap CI clustered by PubChem compound; uncertainty is over the observed compound panel, not broader chemical space.	
3x	2	3.0	0.47712125471966244	False	tahoe	sciplex	dose_threshold_dataset_pair	delta_vs_baseline_pair_deg_lfc_spearman_p05	mean_delta_vs_baseline_pair_deg_lfc_spearman_p05	-0.46548863878874897	-0.6786006598904047	-0.26119885375489027	0.20870090306775724	bca	ok	0.95	2000	2000	23	14	14	pubchem_cid			95% BCa bootstrap CI clustered by PubChem compound; uncertainty is over the observed compound panel, not broader chemical space.	
3x	2	3.0	0.47712125471966244	False	tahoe	sciplex	dose_threshold_dataset_pair	observed_direction_agreement_p05	mean_observed_direction_agreement_p05	0.8957179320303899	0.8284707003114189	0.9500828421243962	0.06080607090648865	bca	ok	0.95	2000	2000	23	8	8	pubchem_cid			95% BCa bootstrap CI clustered by PubChem compound; uncertainty is over the observed compound panel, not broader chemical space.	
3x	2	3.0	0.47712125471966244	False	tahoe	sciplex	dose_threshold_dataset_pair	baseline_pair_direction_agreement_p05	mean_baseline_pair_direction_agreement_p05	0.8316508665979963	0.7856647357976746	0.8774665169016974	0.04590089055201141	bca	ok	0.95	2000	2000	23	23	23	pubchem_cid			95% BCa bootstrap CI clustered by PubChem compound; uncertainty is over the observed compound panel, not broader chemical space.	
3x	2	3.0	0.47712125471966244	False	tahoe	sciplex	dose_threshold_dataset_pair	delta_vs_baseline_pair_direction_agreement_p05	mean_delta_vs_baseline_pair_direction_agreement_p05	0.08321488503243149	-0.004207482549099186	0.13100460195640729	0.06760604225275324	bca	ok	0.95	2000	2000	23	8	8	pubchem_cid			95% BCa bootstrap CI clustered by PubChem compound; uncertainty is over the observed compound panel, not broader chemical space.	
3x	2	3.0	0.47712125471966244	False	l1000_phase1	l1000_phase2	dose_threshold_dataset_pair_line	observed_deg_lfc_spearman_sym_p05	mean_observed_deg_lfc_spearman_sym_p05	0.44218446572139164	0.381178636638382	0.4990558773379763	0.05893862034979716	bca	ok	0.95	2000	2000	156	147	140	pubchem_cid			95% BCa bootstrap CI clustered by PubChem compound; uncertainty is over the observed compound panel, not broader chemical space.	CVCL_0023
3x	2	3.0	0.47712125471966244	False	l1000_phase1	l1000_phase2	dose_threshold_dataset_pair_line	baseline_pair_deg_lfc_spearman_p05	mean_baseline_pair_deg_lfc_spearman_p05	0.47670275680733876	0.43953191495656274	0.5135491974012586	0.03700864122234793	bca	ok	0.95	2000	2000	156	154	145	pubchem_cid			95% BCa bootstrap CI clustered by PubChem compound; uncertainty is over the observed compound panel, not broader chemical space.	CVCL_0023
3x	2	3.0	0.47712125471966244	False	l1000_phase1	l1000_phase2	dose_threshold_dataset_pair_line	delta_vs_baseline_pair_deg_lfc_spearman_p05	mean_delta_vs_baseline_pair_deg_lfc_spearman_p05	-0.040060314653501274	-0.10279120735142416	0.010121941013930187	0.056456574182677174	bca	ok	0.95	2000	2000	156	147	140	pubchem_cid			95% BCa bootstrap CI clustered by PubChem compound; uncertainty is over the observed compound panel, not broader chemical space.	CVCL_0023
3x	2	3.0	0.47712125471966244	False	l1000_phase1	l1000_phase2	dose_threshold_dataset_pair_line	observed_direction_agreement_p05	mean_observed_direction_agreement_p05	0.9069967130205376	0.870735239955925	0.9319131131907057	0.030588936617390372	bca	ok	0.95	2000	2000	156	133	127	pubchem_cid			95% BCa bootstrap CI clustered by PubChem compound; uncertainty is over the observed compound panel, not broader chemical space.	CVCL_0023
3x	2	3.0	0.47712125471966244	False	l1000_phase1	l1000_phase2	dose_threshold_dataset_pair_line	baseline_pair_direction_agreement_p05	mean_baseline_pair_direction_agreement_p05	0.7322876552920803	0.7116835364170228	0.7530041467830845	0.020660305183030858	bca	ok	0.95	2000	2000	156	155	146	pubchem_cid			95% BCa bootstrap CI clustered by PubChem compound; uncertainty is over the observed compound panel, not broader chemical space.	CVCL_0023
3x	2	3.0	0.47712125471966244	False	l1000_phase1	l1000_phase2	dose_threshold_dataset_pair_line	delta_vs_baseline_pair_direction_agreement_p05	mean_delta_vs_baseline_pair_direction_agreement_p05	0.16272582772865368	0.12098537383244631	0.19546051657489832	0.037237571371226005	bca	ok	0.95	2000	2000	156	133	127	pubchem_cid			95% BCa bootstrap CI clustered by PubChem compound; uncertainty is over the observed compound panel, not broader chemical space.	CVCL_0023
3x	2	3.0	0.47712125471966244	False	l1000_phase1	l1000_phase2	dose_threshold_dataset_pair_line	observed_deg_lfc_spearman_sym_p05	mean_observed_deg_lfc_spearman_sym_p05	0.33439950388558404	0.2853205073483708	0.3852262087850849	0.04995285071835706	bca	ok	0.95	2000	2000	179	163	163	pubchem_cid			95% BCa bootstrap CI clustered by PubChem compound; uncertainty is over the observed compound panel, not broader chemical space.	CVCL_0031
3x	2	3.0	0.47712125471966244	False	l1000_phase1	l1000_phase2	dose_threshold_dataset_pair_line	baseline_pair_deg_lfc_spearman_p05	mean_baseline_pair_deg_lfc_spearman_p05	0.4401778608988216	0.40266216583163544	0.4738892994923506	0.035613566830357574	bca	ok	0.95	2000	2000	179	176	176	pubchem_cid			95% BCa bootstrap CI clustered by PubChem compound; uncertainty is over the observed compound panel, not broader chemical space.	CVCL_0031
3x	2	3.0	0.47712125471966244	False	l1000_phase1	l1000_phase2	dose_threshold_dataset_pair_line	delta_vs_baseline_pair_deg_lfc_spearman_p05	mean_delta_vs_baseline_pair_deg_lfc_spearman_p05	-0.10554975685911579	-0.152763148626176	-0.05729752905637572	0.04773280978490013	bca	ok	0.95	2000	2000	179	163	163	pubchem_cid			95% BCa bootstrap CI clustered by PubChem compound; uncertainty is over the observed compound panel, not broader chemical space.	CVCL_0031
3x	2	3.0	0.47712125471966244	False	l1000_phase1	l1000_phase2	dose_threshold_dataset_pair_line	observed_direction_agreement_p05	mean_observed_direction_agreement_p05	0.8838277674263718	0.8422210968794035	0.9131436087877038	0.03546125595415017	bca	ok	0.95	2000	2000	179	138	138	pubchem_cid			95% BCa bootstrap CI clustered by PubChem compound; uncertainty is over the observed compound panel, not broader chemical space.	CVCL_0031
3x	2	3.0	0.47712125471966244	False	l1000_phase1	l1000_phase2	dose_threshold_dataset_pair_line	baseline_pair_direction_agreement_p05	mean_baseline_pair_direction_agreement_p05	0.7316324913371061	0.7102317965381859	0.7503018902291089	0.02003504684546148	bca	ok	0.95	2000	2000	179	177	177	pubchem_cid			95% BCa bootstrap CI clustered by PubChem compound; uncertainty is over the observed compound panel, not broader chemical space.	CVCL_0031
3x	2	3.0	0.47712125471966244	False	l1000_phase1	l1000_phase2	dose_threshold_dataset_pair_line	delta_vs_baseline_pair_direction_agreement_p05	mean_delta_vs_baseline_pair_direction_agreement_p05	0.11707080624080493	0.07681778881183422	0.14782272567670873	0.035502468432437255	bca	ok	0.95	2000	2000	179	138	138	pubchem_cid			95% BCa bootstrap CI clustered by PubChem compound; uncertainty is over the observed compound panel, not broader chemical space.	CVCL_0031
3x	2	3.0	0.47712125471966244	False	l1000_phase1	l1000_phase2	dose_threshold_dataset_pair_line	observed_deg_lfc_spearman_sym_p05	mean_observed_deg_lfc_spearman_sym_p05	0.2880905492547467	0.20761789761744695	0.35286739093932357	0.07262474666093831	bca	ok	0.95	2000	2000	63	63	63	pubchem_cid			95% BCa bootstrap CI clustered by PubChem compound; uncertainty is over the observed compound panel, not broader chemical space.	CVCL_0033
3x	2	3.0	0.47712125471966244	False	l1000_phase1	l1000_phase2	dose_threshold_dataset_pair_line	baseline_pair_deg_lfc_spearman_p05	mean_baseline_pair_deg_lfc_spearman_p05	0.42061836665623437	0.36999043143806054	0.464826562004439	0.04741806528318923	bca	ok	0.95	2000	2000	63	63	63	pubchem_cid			95% BCa bootstrap CI clustered by PubChem compound; uncertainty is over the observed compound panel, not broader chemical space.	CVCL_0033
3x	2	3.0	0.47712125471966244	False	l1000_phase1	l1000_phase2	dose_threshold_dataset_pair_line	delta_vs_baseline_pair_deg_lfc_spearman_p05	mean_delta_vs_baseline_pair_deg_lfc_spearman_p05	-0.14287140265557752	-0.22846114558366087	-0.07046638866114997	0.07899737846125546	bca	ok	0.95	2000	2000	63	63	63	pubchem_cid			95% BCa bootstrap CI clustered by PubChem compound; uncertainty is over the observed compound panel, not broader chemical space.	CVCL_0033
3x	2	3.0	0.47712125471966244	False	l1000_phase1	l1000_phase2	dose_threshold_dataset_pair_line	observed_direction_agreement_p05	mean_observed_direction_agreement_p05	0.9100304770733141	0.858350719629156	0.9422400056947369	0.04194464303279044	bca	ok	0.95	2000	2000	63	58	58	pubchem_cid			95% BCa bootstrap CI clustered by PubChem compound; uncertainty is over the observed compound panel, not broader chemical space.	CVCL_0033
3x	2	3.0	0.47712125471966244	False	l1000_phase1	l1000_phase2	dose_threshold_dataset_pair_line	baseline_pair_direction_agreement_p05	mean_baseline_pair_direction_agreement_p05	0.6987782122349956	0.6729172246003817	0.7236258188075388	0.02535429710357856	bca	ok	0.95	2000	2000	63	63	63	pubchem_cid			95% BCa bootstrap CI clustered by PubChem compound; uncertainty is over the observed compound panel, not broader chemical space.	CVCL_0033
3x	2	3.0	0.47712125471966244	False	l1000_phase1	l1000_phase2	dose_threshold_dataset_pair_line	delta_vs_baseline_pair_direction_agreement_p05	mean_delta_vs_baseline_pair_direction_agreement_p05	0.16940975617553952	0.10874513951397956	0.2141212019180167	0.05268803120201857	bca	ok	0.95	2000	2000	63	58	58	pubchem_cid			95% BCa bootstrap CI clustered by PubChem compound; uncertainty is over the observed compound panel, not broader chemical space.	CVCL_0033
3x	2	3.0	0.47712125471966244	False	l1000_phase1	l1000_phase2	dose_threshold_dataset_pair_line	observed_deg_lfc_spearman_sym_p05	mean_observed_deg_lfc_spearman_sym_p05	0.406413003004244	0.3365619112667431	0.4749582312899381	0.06919816001159748	bca	ok	0.95	2000	2000	116	107	107	pubchem_cid			95% BCa bootstrap CI clustered by PubChem compound; uncertainty is over the observed compound panel, not broader chemical space.	CVCL_0035
3x	2	3.0	0.47712125471966244	False	l1000_phase1	l1000_phase2	dose_threshold_dataset_pair_line	baseline_pair_deg_lfc_spearman_p05	mean_baseline_pair_deg_lfc_spearman_p05	0.40981438634371825	0.35027313630606566	0.46055163806670835	0.055139250880321344	bca	ok	0.95	2000	2000	116	115	115	pubchem_cid			95% BCa bootstrap CI clustered by PubChem compound; uncertainty is over the observed compound panel, not broader chemical space.	CVCL_0035
3x	2	3.0	0.47712125471966244	False	l1000_phase1	l1000_phase2	dose_threshold_dataset_pair_line	delta_vs_baseline_pair_deg_lfc_spearman_p05	mean_delta_vs_baseline_pair_deg_lfc_spearman_p05	-0.022688926128030605	-0.09687602075818794	0.042324299165084345	0.06960015996163614	bca	ok	0.95	2000	2000	116	107	107	pubchem_cid			95% BCa bootstrap CI clustered by PubChem compound; uncertainty is over the observed compound panel, not broader chemical space.	CVCL_0035
3x	2	3.0	0.47712125471966244	False	l1000_phase1	l1000_phase2	dose_threshold_dataset_pair_line	observed_direction_agreement_p05	mean_observed_direction_agreement_p05	0.8949008695683774	0.8411093784959164	0.9311331377499812	0.0450118796270324	bca	ok	0.95	2000	2000	116	95	95	pubchem_cid			95% BCa bootstrap CI clustered by PubChem compound; uncertainty is over the observed compound panel, not broader chemical space.	CVCL_0035
3x	2	3.0	0.47712125471966244	False	l1000_phase1	l1000_phase2	dose_threshold_dataset_pair_line	baseline_pair_direction_agreement_p05	mean_baseline_pair_direction_agreement_p05	0.69822579230797	0.6714539746482524	0.72175922505911	0.025152625205428825	bca	ok	0.95	2000	2000	116	115	115	pubchem_cid			95% BCa bootstrap CI clustered by PubChem compound; uncertainty is over the observed compound panel, not broader chemical space.	CVCL_0035
3x	2	3.0	0.47712125471966244	False	l1000_phase1	l1000_phase2	dose_threshold_dataset_pair_line	delta_vs_baseline_pair_direction_agreement_p05	mean_delta_vs_baseline_pair_direction_agreement_p05	0.18116413690482464	0.1276656579040124	0.22275809939594685	0.04754622074596722	bca	ok	0.95	2000	2000	116	95	95	pubchem_cid			95% BCa bootstrap CI clustered by PubChem compound; uncertainty is over the observed compound panel, not broader chemical space.	CVCL_0035
3x	2	3.0	0.47712125471966244	False	l1000_phase1	l1000_phase2	dose_threshold_dataset_pair_line	observed_deg_lfc_spearman_sym_p05	mean_observed_deg_lfc_spearman_sym_p05	0.35796625851518854	0.2976581459904307	0.41808959138666124	0.06021572269811526	bca	ok	0.95	2000	2000	94	93	93	pubchem_cid			95% BCa bootstrap CI clustered by PubChem compound; uncertainty is over the observed compound panel, not broader chemical space.	CVCL_0062
3x	2	3.0	0.47712125471966244	False	l1000_phase1	l1000_phase2	dose_threshold_dataset_pair_line	baseline_pair_deg_lfc_spearman_p05	mean_baseline_pair_deg_lfc_spearman_p05	0.46112905146257244	0.41577185360766267	0.4996658159812817	0.04194698118680951	bca	ok	0.95	2000	2000	94	94	94	pubchem_cid			95% BCa bootstrap CI clustered by PubChem compound; uncertainty is over the observed compound panel, not broader chemical space.	CVCL_0062
3x	2	3.0	0.47712125471966244	False	l1000_phase1	l1000_phase2	dose_threshold_dataset_pair_line	delta_vs_baseline_pair_deg_lfc_spearman_p05	mean_delta_vs_baseline_pair_deg_lfc_spearman_p05	-0.1108521489287036	-0.16370771934929979	-0.06498345920072343	0.04936213007428818	bca	ok	0.95	2000	2000	94	93	93	pubchem_cid			95% BCa bootstrap CI clustered by PubChem compound; uncertainty is over the observed compound panel, not broader chemical space.	CVCL_0062
3x	2	3.0	0.47712125471966244	False	l1000_phase1	l1000_phase2	dose_threshold_dataset_pair_line	observed_direction_agreement_p05	mean_observed_direction_agreement_p05	0.9489708736326241	0.9260611225145283	0.9642139347000824	0.019076406092777054	bca	ok	0.95	2000	2000	94	84	84	pubchem_cid			95% BCa bootstrap CI clustered by PubChem compound; uncertainty is over the observed compound panel, not broader chemical space.	CVCL_0062
3x	2	3.0	0.47712125471966244	False	l1000_phase1	l1000_phase2	dose_threshold_dataset_pair_line	baseline_pair_direction_agreement_p05	mean_baseline_pair_direction_agreement_p05	0.7408601873774534	0.7193282170761267	0.7627777367903024	0.021724759857087828	bca	ok	0.95	2000	2000	94	94	94	pubchem_cid			95% BCa bootstrap CI clustered by PubChem compound; uncertainty is over the observed compound panel, not broader chemical space.	CVCL_0062
3x	2	3.0	0.47712125471966244	False	l1000_phase1	l1000_phase2	dose_threshold_dataset_pair_line	delta_vs_baseline_pair_direction_agreement_p05	mean_delta_vs_baseline_pair_direction_agreement_p05	0.15583624155483872	0.1313412552719056	0.18661853261894362	0.02763863867351901	bca	ok	0.95	2000	2000	94	84	84	pubchem_cid			95% BCa bootstrap CI clustered by PubChem compound; uncertainty is over the observed compound panel, not broader chemical space.	CVCL_0062
3x	2	3.0	0.47712125471966244	False	l1000_phase1	l1000_phase2	dose_threshold_dataset_pair_line	observed_deg_lfc_spearman_sym_p05	mean_observed_deg_lfc_spearman_sym_p05	0.5898369011344	0.37320082860757314	0.6984752337351615	0.1626372025637942	bca	ok	0.95	2000	2000	34	32	32	pubchem_cid			95% BCa bootstrap CI clustered by PubChem compound; uncertainty is over the observed compound panel, not broader chemical space.	CVCL_0132
3x	2	3.0	0.47712125471966244	False	l1000_phase1	l1000_phase2	dose_threshold_dataset_pair_line	baseline_pair_deg_lfc_spearman_p05	mean_baseline_pair_deg_lfc_spearman_p05	0.6013981522915743	0.47303659103235424	0.66410307680838	0.09553324288801288	bca	ok	0.95	2000	2000	34	34	34	pubchem_cid			95% BCa bootstrap CI clustered by PubChem compound; uncertainty is over the observed compound panel, not broader chemical space.	CVCL_0132
3x	2	3.0	0.47712125471966244	False	l1000_phase1	l1000_phase2	dose_threshold_dataset_pair_line	delta_vs_baseline_pair_deg_lfc_spearman_p05	mean_delta_vs_baseline_pair_deg_lfc_spearman_p05	-0.04405897957144925	-0.22693611063116687	0.03713782517906258	0.1320369679051147	bca	ok	0.95	2000	2000	34	32	32	pubchem_cid			95% BCa bootstrap CI clustered by PubChem compound; uncertainty is over the observed compound panel, not broader chemical space.	CVCL_0132
3x	2	3.0	0.47712125471966244	False	l1000_phase1	l1000_phase2	dose_threshold_dataset_pair_line	observed_direction_agreement_p05	mean_observed_direction_agreement_p05	0.95192477646643	0.9217034736471912	0.9685846120029046	0.023440569177856696	bca	ok	0.95	2000	2000	34	29	29	pubchem_cid			95% BCa bootstrap CI clustered by PubChem compound; uncertainty is over the observed compound panel, not broader chemical space.	CVCL_0132
3x	2	3.0	0.47712125471966244	False	l1000_phase1	l1000_phase2	dose_threshold_dataset_pair_line	baseline_pair_direction_agreement_p05	mean_baseline_pair_direction_agreement_p05	0.7794189594199599	0.7164232852387974	0.8142513926755559	0.04891405371837926	bca	ok	0.95	2000	2000	34	34	34	pubchem_cid			95% BCa bootstrap CI clustered by PubChem compound; uncertainty is over the observed compound panel, not broader chemical space.	CVCL_0132
3x	2	3.0	0.47712125471966244	False	l1000_phase1	l1000_phase2	dose_threshold_dataset_pair_line	delta_vs_baseline_pair_direction_agreement_p05	mean_delta_vs_baseline_pair_direction_agreement_p05	0.12231448705652354	0.09324205386992653	0.1462339572424469	0.026495951686260184	bca	ok	0.95	2000	2000	34	29	29	pubchem_cid			95% BCa bootstrap CI clustered by PubChem compound; uncertainty is over the observed compound panel, not broader chemical space.	CVCL_0132
3x	2	3.0	0.47712125471966244	False	l1000_phase1	l1000_phase2	dose_threshold_dataset_pair_line	observed_deg_lfc_spearman_sym_p05	mean_observed_deg_lfc_spearman_sym_p05	0.35647539445720666	0.2762796830858767	0.43084359517279713	0.07728195604346022	bca	ok	0.95	2000	2000	63	62	62	pubchem_cid			95% BCa bootstrap CI clustered by PubChem compound; uncertainty is over the observed compound panel, not broader chemical space.	CVCL_0178
3x	2	3.0	0.47712125471966244	False	l1000_phase1	l1000_phase2	dose_threshold_dataset_pair_line	baseline_pair_deg_lfc_spearman_p05	mean_baseline_pair_deg_lfc_spearman_p05	0.5216293585988762	0.4739101526487899	0.5634018133353712	0.04474583034329066	bca	ok	0.95	2000	2000	63	63	63	pubchem_cid			95% BCa bootstrap CI clustered by PubChem compound; uncertainty is over the observed compound panel, not broader chemical space.	CVCL_0178
3x	2	3.0	0.47712125471966244	False	l1000_phase1	l1000_phase2	dose_threshold_dataset_pair_line	delta_vs_baseline_pair_deg_lfc_spearman_p05	mean_delta_vs_baseline_pair_deg_lfc_spearman_p05	-0.12996866657371764	-0.22332940999670423	-0.04991896089905996	0.08670522454882214	bca	ok	0.95	2000	2000	63	62	62	pubchem_cid			95% BCa bootstrap CI clustered by PubChem compound; uncertainty is over the observed compound panel, not broader chemical space.	CVCL_0178
3x	2	3.0	0.47712125471966244	False	l1000_phase1	l1000_phase2	dose_threshold_dataset_pair_line	observed_direction_agreement_p05	mean_observed_direction_agreement_p05	0.8933037866454855	0.8152531033438107	0.9351876895800365	0.059967293118112885	bca	ok	0.95	2000	2000	63	55	55	pubchem_cid			95% BCa bootstrap CI clustered by PubChem compound; uncertainty is over the observed compound panel, not broader chemical space.	CVCL_0178
3x	2	3.0	0.47712125471966244	False	l1000_phase1	l1000_phase2	dose_threshold_dataset_pair_line	baseline_pair_direction_agreement_p05	mean_baseline_pair_direction_agreement_p05	0.7714016734575337	0.7391464236868319	0.7985580378441947	0.029705807078681368	bca	ok	0.95	2000	2000	63	63	63	pubchem_cid			95% BCa bootstrap CI clustered by PubChem compound; uncertainty is over the observed compound panel, not broader chemical space.	CVCL_0178
3x	2	3.0	0.47712125471966244	False	l1000_phase1	l1000_phase2	dose_threshold_dataset_pair_line	delta_vs_baseline_pair_direction_agreement_p05	mean_delta_vs_baseline_pair_direction_agreement_p05	0.12159909317781657	0.045816266979398695	0.17012097467936757	0.06215235384998444	bca	ok	0.95	2000	2000	63	55	55	pubchem_cid			95% BCa bootstrap CI clustered by PubChem compound; uncertainty is over the observed compound panel, not broader chemical space.	CVCL_0178
3x	2	3.0	0.47712125471966244	False	l1000_phase1	l1000_phase2	dose_threshold_dataset_pair_line	observed_deg_lfc_spearman_sym_p05	mean_observed_deg_lfc_spearman_sym_p05	0.46916829871955185	0.2561453482743741	0.6109442772472794	0.17739946448645266	bca	ok	0.95	2000	2000	26	24	24	pubchem_cid			95% BCa bootstrap CI clustered by PubChem compound; uncertainty is over the observed compound panel, not broader chemical space.	CVCL_0320
3x	2	3.0	0.47712125471966244	False	l1000_phase1	l1000_phase2	dose_threshold_dataset_pair_line	baseline_pair_deg_lfc_spearman_p05	mean_baseline_pair_deg_lfc_spearman_p05	0.45547084040475183	0.32786058761784587	0.5374913105789813	0.10481536148056769	bca	ok	0.95	2000	2000	26	26	26	pubchem_cid			95% BCa bootstrap CI clustered by PubChem compound; uncertainty is over the observed compound panel, not broader chemical space.	CVCL_0320
3x	2	3.0	0.47712125471966244	False	l1000_phase1	l1000_phase2	dose_threshold_dataset_pair_line	delta_vs_baseline_pair_deg_lfc_spearman_p05	mean_delta_vs_baseline_pair_deg_lfc_spearman_p05	-0.033942024674370415	-0.204796459785911	0.10077548291216666	0.15278597134903882	bca	ok	0.95	2000	2000	26	24	24	pubchem_cid			95% BCa bootstrap CI clustered by PubChem compound; uncertainty is over the observed compound panel, not broader chemical space.	CVCL_0320
3x	2	3.0	0.47712125471966244	False	l1000_phase1	l1000_phase2	dose_threshold_dataset_pair_line	observed_direction_agreement_p05	mean_observed_direction_agreement_p05	0.9652306873488558	0.9234409430792574	0.982823931305793	0.029691494113267825	bca	ok	0.95	2000	2000	26	20	20	pubchem_cid			95% BCa bootstrap CI clustered by PubChem compound; uncertainty is over the observed compound panel, not broader chemical space.	CVCL_0320
3x	2	3.0	0.47712125471966244	False	l1000_phase1	l1000_phase2	dose_threshold_dataset_pair_line	baseline_pair_direction_agreement_p05	mean_baseline_pair_direction_agreement_p05	0.7112668562517928	0.6595978397446938	0.7525232133878487	0.04646268682157745	bca	ok	0.95	2000	2000	26	26	26	pubchem_cid			95% BCa bootstrap CI clustered by PubChem compound; uncertainty is over the observed compound panel, not broader chemical space.	CVCL_0320
3x	2	3.0	0.47712125471966244	False	l1000_phase1	l1000_phase2	dose_threshold_dataset_pair_line	delta_vs_baseline_pair_direction_agreement_p05	mean_delta_vs_baseline_pair_direction_agreement_p05	0.20578451584573004	0.15985374324880536	0.25969686916635976	0.0499215629587772	bca	ok	0.95	2000	2000	26	20	20	pubchem_cid			95% BCa bootstrap CI clustered by PubChem compound; uncertainty is over the observed compound panel, not broader chemical space.	CVCL_0320
3x	2	3.0	0.47712125471966244	False	l1000_phase1	l1000_phase2	dose_threshold_dataset_pair_line	observed_deg_lfc_spearman_sym_p05	mean_observed_deg_lfc_spearman_sym_p05	0.30239788154583047	0.2139991742590017	0.37401542182976	0.08000812378537915	bca	ok	0.95	2000	2000	63	63	63	pubchem_cid			95% BCa bootstrap CI clustered by PubChem compound; uncertainty is over the observed compound panel, not broader chemical space.	CVCL_0332
3x	2	3.0	0.47712125471966244	False	l1000_phase1	l1000_phase2	dose_threshold_dataset_pair_line	baseline_pair_deg_lfc_spearman_p05	mean_baseline_pair_deg_lfc_spearman_p05	0.45748576772408384	0.4045618575527605	0.5042795096207784	0.04985882603400896	bca	ok	0.95	2000	2000	63	63	63	pubchem_cid			95% BCa bootstrap CI clustered by PubChem compound; uncertainty is over the observed compound panel, not broader chemical space.	CVCL_0332
3x	2	3.0	0.47712125471966244	False	l1000_phase1	l1000_phase2	dose_threshold_dataset_pair_line	delta_vs_baseline_pair_deg_lfc_spearman_p05	mean_delta_vs_baseline_pair_deg_lfc_spearman_p05	-0.1726516494939566	-0.256589690175248	-0.10360510541742936	0.07649229237890934	bca	ok	0.95	2000	2000	63	63	63	pubchem_cid			95% BCa bootstrap CI clustered by PubChem compound; uncertainty is over the observed compound panel, not broader chemical space.	CVCL_0332
3x	2	3.0	0.47712125471966244	False	l1000_phase1	l1000_phase2	dose_threshold_dataset_pair_line	observed_direction_agreement_p05	mean_observed_direction_agreement_p05	0.9740719990117012	0.9563509337936253	0.9832629936957549	0.013456029951064763	bca	ok	0.95	2000	2000	63	55	55	pubchem_cid			95% BCa bootstrap CI clustered by PubChem compound; uncertainty is over the observed compound panel, not broader chemical space.	CVCL_0332
3x	2	3.0	0.47712125471966244	False	l1000_phase1	l1000_phase2	dose_threshold_dataset_pair_line	baseline_pair_direction_agreement_p05	mean_baseline_pair_direction_agreement_p05	0.7352143979449137	0.7099036568825419	0.7597291013724395	0.024912722244948837	bca	ok	0.95	2000	2000	63	63	63	pubchem_cid			95% BCa bootstrap CI clustered by PubChem compound; uncertainty is over the observed compound panel, not broader chemical space.	CVCL_0332
3x	2	3.0	0.47712125471966244	False	l1000_phase1	l1000_phase2	dose_threshold_dataset_pair_line	delta_vs_baseline_pair_direction_agreement_p05	mean_delta_vs_baseline_pair_direction_agreement_p05	0.20681871154880221	0.17462617836348582	0.24520821774628881	0.0352910196914015	bca	ok	0.95	2000	2000	63	55	55	pubchem_cid			95% BCa bootstrap CI clustered by PubChem compound; uncertainty is over the observed compound panel, not broader chemical space.	CVCL_0332
3x	2	3.0	0.47712125471966244	False	l1000_phase1	l1000_phase2	dose_threshold_dataset_pair_line	observed_deg_lfc_spearman_sym_p05	mean_observed_deg_lfc_spearman_sym_p05	0.38395278283865986	0.2876920218126814	0.46406534198050947	0.08818666008391404	bca	ok	0.95	2000	2000	63	63	63	pubchem_cid			95% BCa bootstrap CI clustered by PubChem compound; uncertainty is over the observed compound panel, not broader chemical space.	CVCL_0598
3x	2	3.0	0.47712125471966244	False	l1000_phase1	l1000_phase2	dose_threshold_dataset_pair_line	baseline_pair_deg_lfc_spearman_p05	mean_baseline_pair_deg_lfc_spearman_p05	0.5179759612268138	0.4667323243262325	0.5694614873993644	0.05136458153656595	bca	ok	0.95	2000	2000	63	63	63	pubchem_cid			95% BCa bootstrap CI clustered by PubChem compound; uncertainty is over the observed compound panel, not broader chemical space.	CVCL_0598
3x	2	3.0	0.47712125471966244	False	l1000_phase1	l1000_phase2	dose_threshold_dataset_pair_line	delta_vs_baseline_pair_deg_lfc_spearman_p05	mean_delta_vs_baseline_pair_deg_lfc_spearman_p05	-0.12326527620362965	-0.18912315905376562	-0.05722944888437568	0.06594685508469497	bca	ok	0.95	2000	2000	63	63	63	pubchem_cid			95% BCa bootstrap CI clustered by PubChem compound; uncertainty is over the observed compound panel, not broader chemical space.	CVCL_0598
3x	2	3.0	0.47712125471966244	False	l1000_phase1	l1000_phase2	dose_threshold_dataset_pair_line	observed_direction_agreement_p05	mean_observed_direction_agreement_p05	0.9527588023830746	0.9015734028925086	0.9743706083257442	0.03639860271661777	bca	ok	0.95	2000	2000	63	53	53	pubchem_cid			95% BCa bootstrap CI clustered by PubChem compound; uncertainty is over the observed compound panel, not broader chemical space.	CVCL_0598
3x	2	3.0	0.47712125471966244	False	l1000_phase1	l1000_phase2	dose_threshold_dataset_pair_line	baseline_pair_direction_agreement_p05	mean_baseline_pair_direction_agreement_p05	0.7795421279110675	0.7516811000189005	0.8066479427342762	0.02748342135768783	bca	ok	0.95	2000	2000	63	63	63	pubchem_cid			95% BCa bootstrap CI clustered by PubChem compound; uncertainty is over the observed compound panel, not broader chemical space.	CVCL_0598
3x	2	3.0	0.47712125471966244	False	l1000_phase1	l1000_phase2	dose_threshold_dataset_pair_line	delta_vs_baseline_pair_direction_agreement_p05	mean_delta_vs_baseline_pair_direction_agreement_p05	0.10980478278379627	0.07062509829841151	0.14808328853458178	0.03872909511808513	bca	ok	0.95	2000	2000	63	53	53	pubchem_cid			95% BCa bootstrap CI clustered by PubChem compound; uncertainty is over the observed compound panel, not broader chemical space.	CVCL_0598
3x	2	3.0	0.47712125471966244	False	l1000_phase1	l1000_phase2	dose_threshold_dataset_pair_line	observed_deg_lfc_spearman_sym_p05	mean_observed_deg_lfc_spearman_sym_p05	0.5391013861257115	0.3727041759205024	0.6608340164074974	0.14406492024349749	bca	ok	0.95	2000	2000	28	24	24	pubchem_cid			95% BCa bootstrap CI clustered by PubChem compound; uncertainty is over the observed compound panel, not broader chemical space.	CVCL_5136
3x	2	3.0	0.47712125471966244	False	l1000_phase1	l1000_phase2	dose_threshold_dataset_pair_line	baseline_pair_deg_lfc_spearman_p05	mean_baseline_pair_deg_lfc_spearman_p05	0.41651028933640405	0.283226759541654	0.5205921444768405	0.11868269246759328	bca	ok	0.95	2000	2000	28	27	27	pubchem_cid			95% BCa bootstrap CI clustered by PubChem compound; uncertainty is over the observed compound panel, not broader chemical space.	CVCL_5136
3x	2	3.0	0.47712125471966244	False	l1000_phase1	l1000_phase2	dose_threshold_dataset_pair_line	delta_vs_baseline_pair_deg_lfc_spearman_p05	mean_delta_vs_baseline_pair_deg_lfc_spearman_p05	0.08851473883255567	-0.03444002459246441	0.23168566240956026	0.13306284350101233	bca	ok	0.95	2000	2000	28	24	24	pubchem_cid			95% BCa bootstrap CI clustered by PubChem compound; uncertainty is over the observed compound panel, not broader chemical space.	CVCL_5136
3x	2	3.0	0.47712125471966244	False	l1000_phase1	l1000_phase2	dose_threshold_dataset_pair_line	observed_direction_agreement_p05	mean_observed_direction_agreement_p05	0.9709343699843701	0.9346980111456376	0.9896373869168943	0.02746968788562837	bca	ok	0.95	2000	2000	28	24	24	pubchem_cid			95% BCa bootstrap CI clustered by PubChem compound; uncertainty is over the observed compound panel, not broader chemical space.	CVCL_5136
3x	2	3.0	0.47712125471966244	False	l1000_phase1	l1000_phase2	dose_threshold_dataset_pair_line	baseline_pair_direction_agreement_p05	mean_baseline_pair_direction_agreement_p05	0.6834663680857699	0.5701402017295929	0.7519443398626576	0.09090206906653236	bca	ok	0.95	2000	2000	28	28	28	pubchem_cid			95% BCa bootstrap CI clustered by PubChem compound; uncertainty is over the observed compound panel, not broader chemical space.	CVCL_5136
3x	2	3.0	0.47712125471966244	False	l1000_phase1	l1000_phase2	dose_threshold_dataset_pair_line	delta_vs_baseline_pair_direction_agreement_p05	mean_delta_vs_baseline_pair_direction_agreement_p05	0.23853986679378927	0.18199369650482075	0.3322494130711101	0.07512785828314468	bca	ok	0.95	2000	2000	28	24	24	pubchem_cid			95% BCa bootstrap CI clustered by PubChem compound; uncertainty is over the observed compound panel, not broader chemical space.	CVCL_5136
3x	2	3.0	0.47712125471966244	False	l1000_phase1	l1000_phase2	dose_threshold_dataset_pair_line	observed_deg_lfc_spearman_sym_p05	mean_observed_deg_lfc_spearman_sym_p05	0.2169554262522991	0.036787903840048534	0.3569394591019331	0.16007577763094227	bca	ok	0.95	2000	2000	34	26	26	pubchem_cid			95% BCa bootstrap CI clustered by PubChem compound; uncertainty is over the observed compound panel, not broader chemical space.	CVCL_U602
3x	2	3.0	0.47712125471966244	False	l1000_phase1	l1000_phase2	dose_threshold_dataset_pair_line	baseline_pair_deg_lfc_spearman_p05	mean_baseline_pair_deg_lfc_spearman_p05	0.33891751724058755	0.1520894098539564	0.46477629387730224	0.15634344201167294	bca	ok	0.95	2000	2000	34	33	33	pubchem_cid			95% BCa bootstrap CI clustered by PubChem compound; uncertainty is over the observed compound panel, not broader chemical space.	CVCL_U602
3x	2	3.0	0.47712125471966244	False	l1000_phase1	l1000_phase2	dose_threshold_dataset_pair_line	delta_vs_baseline_pair_deg_lfc_spearman_p05	mean_delta_vs_baseline_pair_deg_lfc_spearman_p05	-0.21215303094409907	-0.4656554909671325	-0.0413699154331606	0.21214278776698595	bca	ok	0.95	2000	2000	34	26	26	pubchem_cid			95% BCa bootstrap CI clustered by PubChem compound; uncertainty is over the observed compound panel, not broader chemical space.	CVCL_U602
3x	2	3.0	0.47712125471966244	False	l1000_phase1	l1000_phase2	dose_threshold_dataset_pair_line	observed_direction_agreement_p05	mean_observed_direction_agreement_p05	0.8377333540345003	0.5662487047790975	0.9558757230569941	0.1948135091389483	bca	ok	0.95	2000	2000	34	12	12	pubchem_cid			95% BCa bootstrap CI clustered by PubChem compound; uncertainty is over the observed compound panel, not broader chemical space.	CVCL_U602
3x	2	3.0	0.47712125471966244	False	l1000_phase1	l1000_phase2	dose_threshold_dataset_pair_line	baseline_pair_direction_agreement_p05	mean_baseline_pair_direction_agreement_p05	0.647004481425555	0.5793831297715074	0.7010075173165968	0.06081219377254471	bca	ok	0.95	2000	2000	34	34	34	pubchem_cid			95% BCa bootstrap CI clustered by PubChem compound; uncertainty is over the observed compound panel, not broader chemical space.	CVCL_U602
3x	2	3.0	0.47712125471966244	False	l1000_phase1	l1000_phase2	dose_threshold_dataset_pair_line	delta_vs_baseline_pair_direction_agreement_p05	mean_delta_vs_baseline_pair_direction_agreement_p05	0.10976308718778575	-0.14876950335684958	0.2289005276540203	0.18883501550543494	bca	ok	0.95	2000	2000	34	12	12	pubchem_cid			95% BCa bootstrap CI clustered by PubChem compound; uncertainty is over the observed compound panel, not broader chemical space.	CVCL_U602
3x	2	3.0	0.47712125471966244	False	l1000_phase1	l1000_phase2	dose_threshold_dataset_pair_line	observed_deg_lfc_spearman_sym_p05	mean_observed_deg_lfc_spearman_sym_p05	0.4892326726057205	0.3443755561369853	0.6047246721746194	0.13017455801881708	bca	ok	0.95	2000	2000	35	31	31	pubchem_cid			95% BCa bootstrap CI clustered by PubChem compound; uncertainty is over the observed compound panel, not broader chemical space.	CVCL_VU89
3x	2	3.0	0.47712125471966244	False	l1000_phase1	l1000_phase2	dose_threshold_dataset_pair_line	baseline_pair_deg_lfc_spearman_p05	mean_baseline_pair_deg_lfc_spearman_p05	0.5115470810356586	0.4107177597351936	0.5922226316989292	0.0907524359818678	bca	ok	0.95	2000	2000	35	34	34	pubchem_cid			95% BCa bootstrap CI clustered by PubChem compound; uncertainty is over the observed compound panel, not broader chemical space.	CVCL_VU89
3x	2	3.0	0.47712125471966244	False	l1000_phase1	l1000_phase2	dose_threshold_dataset_pair_line	delta_vs_baseline_pair_deg_lfc_spearman_p05	mean_delta_vs_baseline_pair_deg_lfc_spearman_p05	-0.007465088681510846	-0.13870775354046014	0.10673392811701636	0.12272084082873824	bca	ok	0.95	2000	2000	35	31	31	pubchem_cid			95% BCa bootstrap CI clustered by PubChem compound; uncertainty is over the observed compound panel, not broader chemical space.	CVCL_VU89
3x	2	3.0	0.47712125471966244	False	l1000_phase1	l1000_phase2	dose_threshold_dataset_pair_line	observed_direction_agreement_p05	mean_observed_direction_agreement_p05	0.9453471721012207	0.857108707574687	0.9759874023340132	0.059439347379663054	bca	ok	0.95	2000	2000	35	29	29	pubchem_cid			95% BCa bootstrap CI clustered by PubChem compound; uncertainty is over the observed compound panel, not broader chemical space.	CVCL_VU89
3x	2	3.0	0.47712125471966244	False	l1000_phase1	l1000_phase2	dose_threshold_dataset_pair_line	baseline_pair_direction_agreement_p05	mean_baseline_pair_direction_agreement_p05	0.6995930944211846	0.6148322189263997	0.7458560443574697	0.06551191271553497	bca	ok	0.95	2000	2000	35	35	35	pubchem_cid			95% BCa bootstrap CI clustered by PubChem compound; uncertainty is over the observed compound panel, not broader chemical space.	CVCL_VU89
3x	2	3.0	0.47712125471966244	False	l1000_phase1	l1000_phase2	dose_threshold_dataset_pair_line	delta_vs_baseline_pair_direction_agreement_p05	mean_delta_vs_baseline_pair_direction_agreement_p05	0.19548742896270893	0.10983123320836623	0.2433294797925603	0.06674912329209703	bca	ok	0.95	2000	2000	35	29	29	pubchem_cid			95% BCa bootstrap CI clustered by PubChem compound; uncertainty is over the observed compound panel, not broader chemical space.	CVCL_VU89
3x	2	3.0	0.47712125471966244	False	l1000_phase1	l1000_phase2	dose_threshold_dataset_pair_line	observed_deg_lfc_spearman_sym_p05	mean_observed_deg_lfc_spearman_sym_p05	0.09955260579225822	-0.10976576131605272	0.28156468305582594	0.19566522218593932	bca	ok	0.95	2000	2000	31	23	23	pubchem_cid			95% BCa bootstrap CI clustered by PubChem compound; uncertainty is over the observed compound panel, not broader chemical space.	NEU
3x	2	3.0	0.47712125471966244	False	l1000_phase1	l1000_phase2	dose_threshold_dataset_pair_line	baseline_pair_deg_lfc_spearman_p05	mean_baseline_pair_deg_lfc_spearman_p05	0.32677277958904877	0.15319856522321834	0.4626307072366057	0.15471607100669368	bca	ok	0.95	2000	2000	31	31	31	pubchem_cid			95% BCa bootstrap CI clustered by PubChem compound; uncertainty is over the observed compound panel, not broader chemical space.	NEU
3x	2	3.0	0.47712125471966244	False	l1000_phase1	l1000_phase2	dose_threshold_dataset_pair_line	delta_vs_baseline_pair_deg_lfc_spearman_p05	mean_delta_vs_baseline_pair_deg_lfc_spearman_p05	-0.2375292497316362	-0.4207577368896597	-0.09190260679229537	0.16442756504868217	bca	ok	0.95	2000	2000	31	23	23	pubchem_cid			95% BCa bootstrap CI clustered by PubChem compound; uncertainty is over the observed compound panel, not broader chemical space.	NEU
3x	2	3.0	0.47712125471966244	False	l1000_phase1	l1000_phase2	dose_threshold_dataset_pair_line	observed_direction_agreement_p05	mean_observed_direction_agreement_p05	0.9982422695815163	0.9912113479075816	1.0	0.004394326046209207	bca	ok	0.95	2000	2000	31	13	13	pubchem_cid			95% BCa bootstrap CI clustered by PubChem compound; uncertainty is over the observed compound panel, not broader chemical space.	NEU
3x	2	3.0	0.47712125471966244	False	l1000_phase1	l1000_phase2	dose_threshold_dataset_pair_line	baseline_pair_direction_agreement_p05	mean_baseline_pair_direction_agreement_p05	0.6659376359447596	0.5978232261055884	0.7210897211582619	0.061633247526336754	bca	ok	0.95	2000	2000	31	31	31	pubchem_cid			95% BCa bootstrap CI clustered by PubChem compound; uncertainty is over the observed compound panel, not broader chemical space.	NEU
3x	2	3.0	0.47712125471966244	False	l1000_phase1	l1000_phase2	dose_threshold_dataset_pair_line	delta_vs_baseline_pair_direction_agreement_p05	mean_delta_vs_baseline_pair_direction_agreement_p05	0.28299358601689534	0.2306269758261436	0.33656759485895427	0.05297030951640533	bca	ok	0.95	2000	2000	31	13	13	pubchem_cid			95% BCa bootstrap CI clustered by PubChem compound; uncertainty is over the observed compound panel, not broader chemical space.	NEU
3x	2	3.0	0.47712125471966244	False	l1000_phase1	l1000_phase2	dose_threshold_dataset_pair_line	observed_deg_lfc_spearman_sym_p05	mean_observed_deg_lfc_spearman_sym_p05	0.2490979580849346	0.10482309382390612	0.3796889223645703	0.1374329142703321	bca	ok	0.95	2000	2000	34	29	29	pubchem_cid			95% BCa bootstrap CI clustered by PubChem compound; uncertainty is over the observed compound panel, not broader chemical space.	NPC
3x	2	3.0	0.47712125471966244	False	l1000_phase1	l1000_phase2	dose_threshold_dataset_pair_line	baseline_pair_deg_lfc_spearman_p05	mean_baseline_pair_deg_lfc_spearman_p05	0.5291795310083254	0.44213934884819833	0.5993820478698181	0.07862134951080987	bca	ok	0.95	2000	2000	34	33	33	pubchem_cid			95% BCa bootstrap CI clustered by PubChem compound; uncertainty is over the observed compound panel, not broader chemical space.	NPC
3x	2	3.0	0.47712125471966244	False	l1000_phase1	l1000_phase2	dose_threshold_dataset_pair_line	delta_vs_baseline_pair_deg_lfc_spearman_p05	mean_delta_vs_baseline_pair_deg_lfc_spearman_p05	-0.2669407427934289	-0.4025768786572479	-0.13377123813356048	0.1344028202618437	bca	ok	0.95	2000	2000	34	29	29	pubchem_cid			95% BCa bootstrap CI clustered by PubChem compound; uncertainty is over the observed compound panel, not broader chemical space.	NPC
3x	2	3.0	0.47712125471966244	False	l1000_phase1	l1000_phase2	dose_threshold_dataset_pair_line	observed_direction_agreement_p05	mean_observed_direction_agreement_p05	0.8849889917377316	0.774057378713384	0.9401705060306452	0.08305656365863062	bca	ok	0.95	2000	2000	34	19	19	pubchem_cid			95% BCa bootstrap CI clustered by PubChem compound; uncertainty is over the observed compound panel, not broader chemical space.	NPC
3x	2	3.0	0.47712125471966244	False	l1000_phase1	l1000_phase2	dose_threshold_dataset_pair_line	baseline_pair_direction_agreement_p05	mean_baseline_pair_direction_agreement_p05	0.6973199430081841	0.6307947188044963	0.7523018526275179	0.06075356691151079	bca	ok	0.95	2000	2000	34	33	33	pubchem_cid			95% BCa bootstrap CI clustered by PubChem compound; uncertainty is over the observed compound panel, not broader chemical space.	NPC
3x	2	3.0	0.47712125471966244	False	l1000_phase1	l1000_phase2	dose_threshold_dataset_pair_line	delta_vs_baseline_pair_direction_agreement_p05	mean_delta_vs_baseline_pair_direction_agreement_p05	0.11556095868012187	0.006639988664756361	0.18378836821326597	0.0885741897742548	bca	ok	0.95	2000	2000	34	19	19	pubchem_cid			95% BCa bootstrap CI clustered by PubChem compound; uncertainty is over the observed compound panel, not broader chemical space.	NPC
3x	2	3.0	0.47712125471966244	False	l1000_phase1	sciplex	dose_threshold_dataset_pair_line	observed_deg_lfc_spearman_sym_p05	mean_observed_deg_lfc_spearman_sym_p05	0.34870017136700826	0.21514093462486306	0.4506541329173607	0.11775659914624881	bca	ok	0.95	2000	2000	73	26	26	pubchem_cid			95% BCa bootstrap CI clustered by PubChem compound; uncertainty is over the observed compound panel, not broader chemical space.	CVCL_0023
3x	2	3.0	0.47712125471966244	False	l1000_phase1	sciplex	dose_threshold_dataset_pair_line	baseline_pair_deg_lfc_spearman_p05	mean_baseline_pair_deg_lfc_spearman_p05	0.4105921717845459	0.307601004675537	0.48547035202111277	0.08893467367278787	bca	ok	0.95	2000	2000	73	66	66	pubchem_cid			95% BCa bootstrap CI clustered by PubChem compound; uncertainty is over the observed compound panel, not broader chemical space.	CVCL_0023
3x	2	3.0	0.47712125471966244	False	l1000_phase1	sciplex	dose_threshold_dataset_pair_line	delta_vs_baseline_pair_deg_lfc_spearman_p05	mean_delta_vs_baseline_pair_deg_lfc_spearman_p05	-0.13957341544387408	-0.25977481353852794	-0.04040250667084774	0.1096861534338401	bca	ok	0.95	2000	2000	73	26	26	pubchem_cid			95% BCa bootstrap CI clustered by PubChem compound; uncertainty is over the observed compound panel, not broader chemical space.	CVCL_0023
3x	2	3.0	0.47712125471966244	False	l1000_phase1	sciplex	dose_threshold_dataset_pair_line	observed_direction_agreement_p05	mean_observed_direction_agreement_p05	0.9072051718830051	0.8343897142142422	0.953296336150498	0.05945331096812789	bca	ok	0.95	2000	2000	73	25	25	pubchem_cid			95% BCa bootstrap CI clustered by PubChem compound; uncertainty is over the observed compound panel, not broader chemical space.	CVCL_0023
3x	2	3.0	0.47712125471966244	False	l1000_phase1	sciplex	dose_threshold_dataset_pair_line	baseline_pair_direction_agreement_p05	mean_baseline_pair_direction_agreement_p05	0.6944342624169308	0.6452853107408328	0.7381242048248854	0.046419447042026274	bca	ok	0.95	2000	2000	73	70	70	pubchem_cid			95% BCa bootstrap CI clustered by PubChem compound; uncertainty is over the observed compound panel, not broader chemical space.	CVCL_0023
3x	2	3.0	0.47712125471966244	False	l1000_phase1	sciplex	dose_threshold_dataset_pair_line	delta_vs_baseline_pair_direction_agreement_p05	mean_delta_vs_baseline_pair_direction_agreement_p05	0.15376698201988978	0.09190860837869116	0.21852653391486734	0.06330896276808809	bca	ok	0.95	2000	2000	73	25	25	pubchem_cid			95% BCa bootstrap CI clustered by PubChem compound; uncertainty is over the observed compound panel, not broader chemical space.	CVCL_0023
3x	2	3.0	0.47712125471966244	False	l1000_phase1	sciplex	dose_threshold_dataset_pair_line	observed_deg_lfc_spearman_sym_p05	mean_observed_deg_lfc_spearman_sym_p05	0.42196830544082525	0.35204814647664223	0.48040018019618036	0.06417601685976906	bca	ok	0.95	2000	2000	88	45	45	pubchem_cid			95% BCa bootstrap CI clustered by PubChem compound; uncertainty is over the observed compound panel, not broader chemical space.	CVCL_0031
3x	2	3.0	0.47712125471966244	False	l1000_phase1	sciplex	dose_threshold_dataset_pair_line	baseline_pair_deg_lfc_spearman_p05	mean_baseline_pair_deg_lfc_spearman_p05	0.5305749986817274	0.4502459284389284	0.5920681315011553	0.07091110153111346	bca	ok	0.95	2000	2000	88	80	80	pubchem_cid			95% BCa bootstrap CI clustered by PubChem compound; uncertainty is over the observed compound panel, not broader chemical space.	CVCL_0031
3x	2	3.0	0.47712125471966244	False	l1000_phase1	sciplex	dose_threshold_dataset_pair_line	delta_vs_baseline_pair_deg_lfc_spearman_p05	mean_delta_vs_baseline_pair_deg_lfc_spearman_p05	-0.2165250014803658	-0.28497876161321956	-0.15714394896560394	0.06391740632380781	bca	ok	0.95	2000	2000	88	45	45	pubchem_cid			95% BCa bootstrap CI clustered by PubChem compound; uncertainty is over the observed compound panel, not broader chemical space.	CVCL_0031
3x	2	3.0	0.47712125471966244	False	l1000_phase1	sciplex	dose_threshold_dataset_pair_line	observed_direction_agreement_p05	mean_observed_direction_agreement_p05	0.8763216327765455	0.8062221648286013	0.9184761860345725	0.05612701060298558	bca	ok	0.95	2000	2000	88	40	40	pubchem_cid			95% BCa bootstrap CI clustered by PubChem compound; uncertainty is over the observed compound panel, not broader chemical space.	CVCL_0031
3x	2	3.0	0.47712125471966244	False	l1000_phase1	sciplex	dose_threshold_dataset_pair_line	baseline_pair_direction_agreement_p05	mean_baseline_pair_direction_agreement_p05	0.7480699920301179	0.70735996701696	0.7790307301416008	0.03583538156232041	bca	ok	0.95	2000	2000	88	84	84	pubchem_cid			95% BCa bootstrap CI clustered by PubChem compound; uncertainty is over the observed compound panel, not broader chemical space.	CVCL_0031
3x	2	3.0	0.47712125471966244	False	l1000_phase1	sciplex	dose_threshold_dataset_pair_line	delta_vs_baseline_pair_direction_agreement_p05	mean_delta_vs_baseline_pair_direction_agreement_p05	0.11409411338804301	0.04139915049512366	0.17474381992631657	0.06667233471559646	bca	ok	0.95	2000	2000	88	40	40	pubchem_cid			95% BCa bootstrap CI clustered by PubChem compound; uncertainty is over the observed compound panel, not broader chemical space.	CVCL_0031
3x	2	3.0	0.47712125471966244	False	l1000_phase1	tahoe	dose_threshold_dataset_pair_line	observed_deg_lfc_spearman_sym_p05	mean_observed_deg_lfc_spearman_sym_p05	0.19044005746928527	0.09622362366961233	0.2821356602047115	0.09295601826754957	bca	ok	0.95	2000	2000	82	36	36	pubchem_cid			95% BCa bootstrap CI clustered by PubChem compound; uncertainty is over the observed compound panel, not broader chemical space.	CVCL_0023
3x	2	3.0	0.47712125471966244	False	l1000_phase1	tahoe	dose_threshold_dataset_pair_line	baseline_pair_deg_lfc_spearman_p05	mean_baseline_pair_deg_lfc_spearman_p05	0.33097788866272887	0.22121270287252454	0.4113949903238226	0.09509114372564903	bca	ok	0.95	2000	2000	82	76	76	pubchem_cid			95% BCa bootstrap CI clustered by PubChem compound; uncertainty is over the observed compound panel, not broader chemical space.	CVCL_0023
3x	2	3.0	0.47712125471966244	False	l1000_phase1	tahoe	dose_threshold_dataset_pair_line	delta_vs_baseline_pair_deg_lfc_spearman_p05	mean_delta_vs_baseline_pair_deg_lfc_spearman_p05	-0.20358604125200194	-0.3351687097124157	-0.06507632050806644	0.13504619460217462	bca	ok	0.95	2000	2000	82	36	36	pubchem_cid			95% BCa bootstrap CI clustered by PubChem compound; uncertainty is over the observed compound panel, not broader chemical space.	CVCL_0023
3x	2	3.0	0.47712125471966244	False	l1000_phase1	tahoe	dose_threshold_dataset_pair_line	observed_direction_agreement_p05	mean_observed_direction_agreement_p05	0.7098703901244506	0.56690771537272	0.8170362261271822	0.1250642553772311	bca	ok	0.95	2000	2000	82	22	22	pubchem_cid			95% BCa bootstrap CI clustered by PubChem compound; uncertainty is over the observed compound panel, not broader chemical space.	CVCL_0023
3x	2	3.0	0.47712125471966244	False	l1000_phase1	tahoe	dose_threshold_dataset_pair_line	baseline_pair_direction_agreement_p05	mean_baseline_pair_direction_agreement_p05	0.7202295108370752	0.6748975825556447	0.7560294229506377	0.0405659201974965	bca	ok	0.95	2000	2000	82	81	81	pubchem_cid			95% BCa bootstrap CI clustered by PubChem compound; uncertainty is over the observed compound panel, not broader chemical space.	CVCL_0023
3x	2	3.0	0.47712125471966244	False	l1000_phase1	tahoe	dose_threshold_dataset_pair_line	delta_vs_baseline_pair_direction_agreement_p05	mean_delta_vs_baseline_pair_direction_agreement_p05	-0.0336630780646642	-0.1855810692628341	0.08753692969400154	0.13655899947841782	bca	ok	0.95	2000	2000	82	22	22	pubchem_cid			95% BCa bootstrap CI clustered by PubChem compound; uncertainty is over the observed compound panel, not broader chemical space.	CVCL_0023
3x	2	3.0	0.47712125471966244	False	l1000_phase1	tahoe	dose_threshold_dataset_pair_line	observed_deg_lfc_spearman_sym_p05	mean_observed_deg_lfc_spearman_sym_p05	0.1341720691585119	-0.22537393713238987	0.42327559930974457	0.3243247682210672	bca	ok	0.95	2000	2000	18	7	7	pubchem_cid			95% BCa bootstrap CI clustered by PubChem compound; uncertainty is over the observed compound panel, not broader chemical space.	CVCL_0320
3x	2	3.0	0.47712125471966244	False	l1000_phase1	tahoe	dose_threshold_dataset_pair_line	baseline_pair_deg_lfc_spearman_p05	mean_baseline_pair_deg_lfc_spearman_p05	0.4797625683718463	0.22593835041848703	0.6283707105991335	0.20121618009032324	bca	ok	0.95	2000	2000	18	16	16	pubchem_cid			95% BCa bootstrap CI clustered by PubChem compound; uncertainty is over the observed compound panel, not broader chemical space.	CVCL_0320
3x	2	3.0	0.47712125471966244	False	l1000_phase1	tahoe	dose_threshold_dataset_pair_line	delta_vs_baseline_pair_deg_lfc_spearman_p05	mean_delta_vs_baseline_pair_deg_lfc_spearman_p05	-0.42549615817563335	-0.8146166699954684	-0.12867098301354774	0.34297284349096036	bca	ok	0.95	2000	2000	18	7	7	pubchem_cid			95% BCa bootstrap CI clustered by PubChem compound; uncertainty is over the observed compound panel, not broader chemical space.	CVCL_0320
3x	2	3.0	0.47712125471966244	False	l1000_phase1	tahoe	dose_threshold_dataset_pair_line	observed_direction_agreement_p05	mean_observed_direction_agreement_p05	0.9061524618859415	0.8313045860883914	0.975085910652921	0.07189066228226482	bca	ok	0.95	2000	2000	18	6	6	pubchem_cid			95% BCa bootstrap CI clustered by PubChem compound; uncertainty is over the observed compound panel, not broader chemical space.	CVCL_0320
3x	2	3.0	0.47712125471966244	False	l1000_phase1	tahoe	dose_threshold_dataset_pair_line	baseline_pair_direction_agreement_p05	mean_baseline_pair_direction_agreement_p05	0.7637823866771739	0.5912683497003732	0.8491329553333856	0.1289323028165062	bca	ok	0.95	2000	2000	18	16	16	pubchem_cid			95% BCa bootstrap CI clustered by PubChem compound; uncertainty is over the observed compound panel, not broader chemical space.	CVCL_0320
3x	2	3.0	0.47712125471966244	False	l1000_phase1	tahoe	dose_threshold_dataset_pair_line	delta_vs_baseline_pair_direction_agreement_p05	mean_delta_vs_baseline_pair_direction_agreement_p05	0.13981073123544405	0.09132800787367185	0.20275075416939403	0.05571137314786109	bca	ok	0.95	2000	2000	18	6	6	pubchem_cid			95% BCa bootstrap CI clustered by PubChem compound; uncertainty is over the observed compound panel, not broader chemical space.	CVCL_0320
3x	2	3.0	0.47712125471966244	False	l1000_phase1	tahoe	dose_threshold_dataset_pair_line	observed_deg_lfc_spearman_sym_p05	mean_observed_deg_lfc_spearman_sym_p05	0.13037849576851027	-0.20075940401261755	0.3512671205626322	0.2760132622876249	bca	ok	0.95	2000	2000	11	7	7	pubchem_cid			95% BCa bootstrap CI clustered by PubChem compound; uncertainty is over the observed compound panel, not broader chemical space.	CVCL_0332
3x	2	3.0	0.47712125471966244	False	l1000_phase1	tahoe	dose_threshold_dataset_pair_line	baseline_pair_deg_lfc_spearman_p05	mean_baseline_pair_deg_lfc_spearman_p05	0.3979458405689773	0.2647534867503285	0.4922213770136888	0.11373394513168014	bca	ok	0.95	2000	2000	11	11	11	pubchem_cid			95% BCa bootstrap CI clustered by PubChem compound; uncertainty is over the observed compound panel, not broader chemical space.	CVCL_0332
3x	2	3.0	0.47712125471966244	False	l1000_phase1	tahoe	dose_threshold_dataset_pair_line	delta_vs_baseline_pair_deg_lfc_spearman_p05	mean_delta_vs_baseline_pair_deg_lfc_spearman_p05	-0.31318415033753266	-0.4576095142008268	-0.12174249321829367	0.16793351049126656	bca	ok	0.95	2000	2000	11	7	7	pubchem_cid			95% BCa bootstrap CI clustered by PubChem compound; uncertainty is over the observed compound panel, not broader chemical space.	CVCL_0332
3x	2	3.0	0.47712125471966244	False	l1000_phase1	tahoe	dose_threshold_dataset_pair_line	observed_direction_agreement_p05	mean_observed_direction_agreement_p05	0.621026684714914	0.0	0.871026684714914	0.435513342357457	bca	ok	0.95	2000	2000	11	4	4	pubchem_cid			95% BCa bootstrap CI clustered by PubChem compound; uncertainty is over the observed compound panel, not broader chemical space.	CVCL_0332
3x	2	3.0	0.47712125471966244	False	l1000_phase1	tahoe	dose_threshold_dataset_pair_line	baseline_pair_direction_agreement_p05	mean_baseline_pair_direction_agreement_p05	0.7462864963607949	0.6848369342322667	0.8007700075763129	0.05796653667202312	bca	ok	0.95	2000	2000	11	11	11	pubchem_cid			95% BCa bootstrap CI clustered by PubChem compound; uncertainty is over the observed compound panel, not broader chemical space.	CVCL_0332
3x	2	3.0	0.47712125471966244	False	l1000_phase1	tahoe	dose_threshold_dataset_pair_line	delta_vs_baseline_pair_direction_agreement_p05	mean_delta_vs_baseline_pair_direction_agreement_p05	-0.16533337818511684	-0.7468946540880503	0.05167673986908082	0.3992856969785656	bca	ok	0.95	2000	2000	11	4	4	pubchem_cid			95% BCa bootstrap CI clustered by PubChem compound; uncertainty is over the observed compound panel, not broader chemical space.	CVCL_0332
3x	2	3.0	0.47712125471966244	False	l1000_phase2	sciplex	dose_threshold_dataset_pair_line	observed_deg_lfc_spearman_sym_p05	mean_observed_deg_lfc_spearman_sym_p05	0.5668820127339008	0.4166470572016391	0.648813641484146	0.11608329214125346	bca	ok	0.95	2000	2000	44	17	17	pubchem_cid			95% BCa bootstrap CI clustered by PubChem compound; uncertainty is over the observed compound panel, not broader chemical space.	CVCL_0023
3x	2	3.0	0.47712125471966244	False	l1000_phase2	sciplex	dose_threshold_dataset_pair_line	baseline_pair_deg_lfc_spearman_p05	mean_baseline_pair_deg_lfc_spearman_p05	0.4126772118368824	0.2826544795004715	0.5142437196157204	0.11579462005762442	bca	ok	0.95	2000	2000	44	42	42	pubchem_cid			95% BCa bootstrap CI clustered by PubChem compound; uncertainty is over the observed compound panel, not broader chemical space.	CVCL_0023
3x	2	3.0	0.47712125471966244	False	l1000_phase2	sciplex	dose_threshold_dataset_pair_line	delta_vs_baseline_pair_deg_lfc_spearman_p05	mean_delta_vs_baseline_pair_deg_lfc_spearman_p05	-0.009200160183867604	-0.08988509370248456	0.07950913221899227	0.08469711296073841	bca	ok	0.95	2000	2000	44	17	17	pubchem_cid			95% BCa bootstrap CI clustered by PubChem compound; uncertainty is over the observed compound panel, not broader chemical space.	CVCL_0023
3x	2	3.0	0.47712125471966244	False	l1000_phase2	sciplex	dose_threshold_dataset_pair_line	observed_direction_agreement_p05	mean_observed_direction_agreement_p05	0.9552941997913535	0.8453234048450852	0.9889132925897632	0.07179494387233903	bca	ok	0.95	2000	2000	44	17	17	pubchem_cid			95% BCa bootstrap CI clustered by PubChem compound; uncertainty is over the observed compound panel, not broader chemical space.	CVCL_0023
3x	2	3.0	0.47712125471966244	False	l1000_phase2	sciplex	dose_threshold_dataset_pair_line	baseline_pair_direction_agreement_p05	mean_baseline_pair_direction_agreement_p05	0.7279090926331776	0.6708993080491553	0.7759867915374346	0.052543741744139616	bca	ok	0.95	2000	2000	44	43	43	pubchem_cid			95% BCa bootstrap CI clustered by PubChem compound; uncertainty is over the observed compound panel, not broader chemical space.	CVCL_0023
3x	2	3.0	0.47712125471966244	False	l1000_phase2	sciplex	dose_threshold_dataset_pair_line	delta_vs_baseline_pair_direction_agreement_p05	mean_delta_vs_baseline_pair_direction_agreement_p05	0.17296230756084685	0.08580958347335864	0.25888748728633354	0.08653895190648744	bca	ok	0.95	2000	2000	44	17	17	pubchem_cid			95% BCa bootstrap CI clustered by PubChem compound; uncertainty is over the observed compound panel, not broader chemical space.	CVCL_0023
3x	2	3.0	0.47712125471966244	False	l1000_phase2	sciplex	dose_threshold_dataset_pair_line	observed_deg_lfc_spearman_sym_p05	mean_observed_deg_lfc_spearman_sym_p05	0.46390400084599914	0.4031145038940976	0.5116718706843046	0.05427868339510353	bca	ok	0.95	2000	2000	83	48	48	pubchem_cid			95% BCa bootstrap CI clustered by PubChem compound; uncertainty is over the observed compound panel, not broader chemical space.	CVCL_0031
3x	2	3.0	0.47712125471966244	False	l1000_phase2	sciplex	dose_threshold_dataset_pair_line	baseline_pair_deg_lfc_spearman_p05	mean_baseline_pair_deg_lfc_spearman_p05	0.3851846265420348	0.3122792456628143	0.44767684149739273	0.06769879791728922	bca	ok	0.95	2000	2000	83	81	81	pubchem_cid			95% BCa bootstrap CI clustered by PubChem compound; uncertainty is over the observed compound panel, not broader chemical space.	CVCL_0031
3x	2	3.0	0.47712125471966244	False	l1000_phase2	sciplex	dose_threshold_dataset_pair_line	delta_vs_baseline_pair_deg_lfc_spearman_p05	mean_delta_vs_baseline_pair_deg_lfc_spearman_p05	-0.14169818140510773	-0.2102488946314508	-0.06752048142687986	0.07136420660228547	bca	ok	0.95	2000	2000	83	48	48	pubchem_cid			95% BCa bootstrap CI clustered by PubChem compound; uncertainty is over the observed compound panel, not broader chemical space.	CVCL_0031
3x	2	3.0	0.47712125471966244	False	l1000_phase2	sciplex	dose_threshold_dataset_pair_line	observed_direction_agreement_p05	mean_observed_direction_agreement_p05	0.9470600858452128	0.9061202200612938	0.9680194440911846	0.030949612014945393	bca	ok	0.95	2000	2000	83	48	48	pubchem_cid			95% BCa bootstrap CI clustered by PubChem compound; uncertainty is over the observed compound panel, not broader chemical space.	CVCL_0031
3x	2	3.0	0.47712125471966244	False	l1000_phase2	sciplex	dose_threshold_dataset_pair_line	baseline_pair_direction_agreement_p05	mean_baseline_pair_direction_agreement_p05	0.6588485395554768	0.6244518803523876	0.6926895653274509	0.03411884248753161	bca	ok	0.95	2000	2000	83	82	82	pubchem_cid			95% BCa bootstrap CI clustered by PubChem compound; uncertainty is over the observed compound panel, not broader chemical space.	CVCL_0031
3x	2	3.0	0.47712125471966244	False	l1000_phase2	sciplex	dose_threshold_dataset_pair_line	delta_vs_baseline_pair_direction_agreement_p05	mean_delta_vs_baseline_pair_direction_agreement_p05	0.19094762206069205	0.15800243259898428	0.22999372182854685	0.03599564461478129	bca	ok	0.95	2000	2000	83	48	48	pubchem_cid			95% BCa bootstrap CI clustered by PubChem compound; uncertainty is over the observed compound panel, not broader chemical space.	CVCL_0031
3x	2	3.0	0.47712125471966244	False	l1000_phase2	tahoe	dose_threshold_dataset_pair_line	observed_deg_lfc_spearman_sym_p05	mean_observed_deg_lfc_spearman_sym_p05	0.21426484746437824	0.06862729377148444	0.33638335002345804	0.13387802812598681	bca	ok	0.95	2000	2000	24	18	18	pubchem_cid			95% BCa bootstrap CI clustered by PubChem compound; uncertainty is over the observed compound panel, not broader chemical space.	CVCL_0023
3x	2	3.0	0.47712125471966244	False	l1000_phase2	tahoe	dose_threshold_dataset_pair_line	baseline_pair_deg_lfc_spearman_p05	mean_baseline_pair_deg_lfc_spearman_p05	0.47485934371858657	0.34696304747308604	0.5742932117502823	0.1136650821385981	bca	ok	0.95	2000	2000	24	24	24	pubchem_cid			95% BCa bootstrap CI clustered by PubChem compound; uncertainty is over the observed compound panel, not broader chemical space.	CVCL_0023
3x	2	3.0	0.47712125471966244	False	l1000_phase2	tahoe	dose_threshold_dataset_pair_line	delta_vs_baseline_pair_deg_lfc_spearman_p05	mean_delta_vs_baseline_pair_deg_lfc_spearman_p05	-0.23945992830248233	-0.35199992864311735	-0.10063004485231025	0.12568494189540355	bca	ok	0.95	2000	2000	24	18	18	pubchem_cid			95% BCa bootstrap CI clustered by PubChem compound; uncertainty is over the observed compound panel, not broader chemical space.	CVCL_0023
3x	2	3.0	0.47712125471966244	False	l1000_phase2	tahoe	dose_threshold_dataset_pair_line	observed_direction_agreement_p05	mean_observed_direction_agreement_p05	0.7041399223527868	0.48614147042610567	0.8383399200782478	0.17609922482607104	bca	ok	0.95	2000	2000	24	11	11	pubchem_cid			95% BCa bootstrap CI clustered by PubChem compound; uncertainty is over the observed compound panel, not broader chemical space.	CVCL_0023
3x	2	3.0	0.47712125471966244	False	l1000_phase2	tahoe	dose_threshold_dataset_pair_line	baseline_pair_direction_agreement_p05	mean_baseline_pair_direction_agreement_p05	0.7386892829331511	0.6640920238719747	0.7838217506164322	0.05986486337222874	bca	ok	0.95	2000	2000	24	24	24	pubchem_cid			95% BCa bootstrap CI clustered by PubChem compound; uncertainty is over the observed compound panel, not broader chemical space.	CVCL_0023
3x	2	3.0	0.47712125471966244	False	l1000_phase2	tahoe	dose_threshold_dataset_pair_line	delta_vs_baseline_pair_direction_agreement_p05	mean_delta_vs_baseline_pair_direction_agreement_p05	-0.07425804160091586	-0.3275169680307363	0.05205004423048757	0.18978350613061196	bca	ok	0.95	2000	2000	24	11	11	pubchem_cid			95% BCa bootstrap CI clustered by PubChem compound; uncertainty is over the observed compound panel, not broader chemical space.	CVCL_0023
3x	2	3.0	0.47712125471966244	False	l1000_phase2	tahoe	dose_threshold_dataset_pair_line	observed_deg_lfc_spearman_sym_p05	mean_observed_deg_lfc_spearman_sym_p05	0.04457980757058095	-0.044664813884077996	0.13377090543813422	0.08921785966110611	bca	ok	0.95	2000	2000	110	59	59	pubchem_cid			95% BCa bootstrap CI clustered by PubChem compound; uncertainty is over the observed compound panel, not broader chemical space.	CVCL_0320
3x	2	3.0	0.47712125471966244	False	l1000_phase2	tahoe	dose_threshold_dataset_pair_line	baseline_pair_deg_lfc_spearman_p05	mean_baseline_pair_deg_lfc_spearman_p05	0.263349710327066	0.18425012736521093	0.332226312899679	0.07398809276723405	bca	ok	0.95	2000	2000	110	108	108	pubchem_cid			95% BCa bootstrap CI clustered by PubChem compound; uncertainty is over the observed compound panel, not broader chemical space.	CVCL_0320
3x	2	3.0	0.47712125471966244	False	l1000_phase2	tahoe	dose_threshold_dataset_pair_line	delta_vs_baseline_pair_deg_lfc_spearman_p05	mean_delta_vs_baseline_pair_deg_lfc_spearman_p05	-0.3254542740779999	-0.4190878435013547	-0.21339776063033605	0.10284504143550932	bca	ok	0.95	2000	2000	110	59	59	pubchem_cid			95% BCa bootstrap CI clustered by PubChem compound; uncertainty is over the observed compound panel, not broader chemical space.	CVCL_0320
3x	2	3.0	0.47712125471966244	False	l1000_phase2	tahoe	dose_threshold_dataset_pair_line	observed_direction_agreement_p05	mean_observed_direction_agreement_p05	0.6636824482451461	0.5430120456034305	0.7632832366987949	0.11013559554768221	bca	ok	0.95	2000	2000	110	29	29	pubchem_cid			95% BCa bootstrap CI clustered by PubChem compound; uncertainty is over the observed compound panel, not broader chemical space.	CVCL_0320
3x	2	3.0	0.47712125471966244	False	l1000_phase2	tahoe	dose_threshold_dataset_pair_line	baseline_pair_direction_agreement_p05	mean_baseline_pair_direction_agreement_p05	0.674240464337475	0.6421249916980073	0.7029961246835533	0.030435566492773014	bca	ok	0.95	2000	2000	110	110	110	pubchem_cid			95% BCa bootstrap CI clustered by PubChem compound; uncertainty is over the observed compound panel, not broader chemical space.	CVCL_0320
3x	2	3.0	0.47712125471966244	False	l1000_phase2	tahoe	dose_threshold_dataset_pair_line	delta_vs_baseline_pair_direction_agreement_p05	mean_delta_vs_baseline_pair_direction_agreement_p05	-0.10021297968494126	-0.22782287285924172	0.0038636093010441016	0.1158432410801429	bca	ok	0.95	2000	2000	110	29	29	pubchem_cid			95% BCa bootstrap CI clustered by PubChem compound; uncertainty is over the observed compound panel, not broader chemical space.	CVCL_0320
3x	2	3.0	0.47712125471966244	False	tahoe	sciplex	dose_threshold_dataset_pair_line	observed_deg_lfc_spearman_sym_p05	mean_observed_deg_lfc_spearman_sym_p05	0.12383918823035202	-0.06055468587211455	0.2920867883674391	0.17632073711977683	bca	ok	0.95	2000	2000	23	14	14	pubchem_cid			95% BCa bootstrap CI clustered by PubChem compound; uncertainty is over the observed compound panel, not broader chemical space.	CVCL_0023
3x	2	3.0	0.47712125471966244	False	tahoe	sciplex	dose_threshold_dataset_pair_line	baseline_pair_deg_lfc_spearman_p05	mean_baseline_pair_deg_lfc_spearman_p05	0.5993371814454158	0.48615188311367685	0.6807359613960405	0.09729203914118184	bca	ok	0.95	2000	2000	23	23	23	pubchem_cid			95% BCa bootstrap CI clustered by PubChem compound; uncertainty is over the observed compound panel, not broader chemical space.	CVCL_0023
3x	2	3.0	0.47712125471966244	False	tahoe	sciplex	dose_threshold_dataset_pair_line	delta_vs_baseline_pair_deg_lfc_spearman_p05	mean_delta_vs_baseline_pair_deg_lfc_spearman_p05	-0.46548863878874897	-0.6736452123128974	-0.2572277589020871	0.20820872670540516	bca	ok	0.95	2000	2000	23	14	14	pubchem_cid			95% BCa bootstrap CI clustered by PubChem compound; uncertainty is over the observed compound panel, not broader chemical space.	CVCL_0023
3x	2	3.0	0.47712125471966244	False	tahoe	sciplex	dose_threshold_dataset_pair_line	observed_direction_agreement_p05	mean_observed_direction_agreement_p05	0.8957179320303899	0.8345505264501365	0.9491584868290304	0.057303980189446935	bca	ok	0.95	2000	2000	23	8	8	pubchem_cid			95% BCa bootstrap CI clustered by PubChem compound; uncertainty is over the observed compound panel, not broader chemical space.	CVCL_0023
3x	2	3.0	0.47712125471966244	False	tahoe	sciplex	dose_threshold_dataset_pair_line	baseline_pair_direction_agreement_p05	mean_baseline_pair_direction_agreement_p05	0.8316508665979963	0.7890543187580514	0.8774701379727661	0.04420790960735732	bca	ok	0.95	2000	2000	23	23	23	pubchem_cid			95% BCa bootstrap CI clustered by PubChem compound; uncertainty is over the observed compound panel, not broader chemical space.	CVCL_0023
3x	2	3.0	0.47712125471966244	False	tahoe	sciplex	dose_threshold_dataset_pair_line	delta_vs_baseline_pair_direction_agreement_p05	mean_delta_vs_baseline_pair_direction_agreement_p05	0.08321488503243149	0.0054177272785077375	0.13374425289498396	0.06416326280823811	bca	ok	0.95	2000	2000	23	8	8	pubchem_cid			95% BCa bootstrap CI clustered by PubChem compound; uncertainty is over the observed compound panel, not broader chemical space.	CVCL_0023
10x_reference	3	10.0	1.0	True	l1000_phase1	l1000_phase2	dose_threshold_dataset_pair	observed_deg_lfc_spearman_sym_p05	mean_observed_deg_lfc_spearman_sym_p05	0.3715759013036289	0.33113783403987884	0.40805918545874864	0.0384606757094349	bca	ok	0.95	2000	2000	1060	985	242	pubchem_cid			95% BCa bootstrap CI clustered by PubChem compound; uncertainty is over the observed compound panel, not broader chemical space.	
10x_reference	3	10.0	1.0	True	l1000_phase1	l1000_phase2	dose_threshold_dataset_pair	baseline_pair_deg_lfc_spearman_p05	mean_baseline_pair_deg_lfc_spearman_p05	0.4558129229163247	0.4332851358396693	0.477602627146718	0.022158745653524325	bca	ok	0.95	2000	2000	1060	1049	254	pubchem_cid			95% BCa bootstrap CI clustered by PubChem compound; uncertainty is over the observed compound panel, not broader chemical space.	
10x_reference	3	10.0	1.0	True	l1000_phase1	l1000_phase2	dose_threshold_dataset_pair	delta_vs_baseline_pair_deg_lfc_spearman_p05	mean_delta_vs_baseline_pair_deg_lfc_spearman_p05	-0.09433094474177611	-0.12741909428388073	-0.06130286329325315	0.03305811549531379	bca	ok	0.95	2000	2000	1060	985	242	pubchem_cid			95% BCa bootstrap CI clustered by PubChem compound; uncertainty is over the observed compound panel, not broader chemical space.	
10x_reference	3	10.0	1.0	True	l1000_phase1	l1000_phase2	dose_threshold_dataset_pair	observed_direction_agreement_p05	mean_observed_direction_agreement_p05	0.9174928909719515	0.9020883809020731	0.9292380526127071	0.013574835855316991	bca	ok	0.95	2000	2000	1060	845	211	pubchem_cid			95% BCa bootstrap CI clustered by PubChem compound; uncertainty is over the observed compound panel, not broader chemical space.	
10x_reference	3	10.0	1.0	True	l1000_phase1	l1000_phase2	dose_threshold_dataset_pair	baseline_pair_direction_agreement_p05	mean_baseline_pair_direction_agreement_p05	0.7244357240285955	0.712192757718935	0.7357530473973901	0.011780144839227569	bca	ok	0.95	2000	2000	1060	1054	256	pubchem_cid			95% BCa bootstrap CI clustered by PubChem compound; uncertainty is over the observed compound panel, not broader chemical space.	
10x_reference	3	10.0	1.0	True	l1000_phase1	l1000_phase2	dose_threshold_dataset_pair	delta_vs_baseline_pair_direction_agreement_p05	mean_delta_vs_baseline_pair_direction_agreement_p05	0.15615018324475022	0.14108625173229905	0.17262378182347957	0.015768765045590258	bca	ok	0.95	2000	2000	1060	845	211	pubchem_cid			95% BCa bootstrap CI clustered by PubChem compound; uncertainty is over the observed compound panel, not broader chemical space.	
10x_reference	3	10.0	1.0	True	l1000_phase1	sciplex	dose_threshold_dataset_pair	observed_deg_lfc_spearman_sym_p05	mean_observed_deg_lfc_spearman_sym_p05	0.39513772113210355	0.3327930445999267	0.4541456287632864	0.06067629208167985	bca	ok	0.95	2000	2000	162	71	51	pubchem_cid			95% BCa bootstrap CI clustered by PubChem compound; uncertainty is over the observed compound panel, not broader chemical space.	
10x_reference	3	10.0	1.0	True	l1000_phase1	sciplex	dose_threshold_dataset_pair	baseline_pair_deg_lfc_spearman_p05	mean_baseline_pair_deg_lfc_spearman_p05	0.4750175049533004	0.4149135712291112	0.524242854124387	0.054664641447637885	bca	ok	0.95	2000	2000	162	147	87	pubchem_cid			95% BCa bootstrap CI clustered by PubChem compound; uncertainty is over the observed compound panel, not broader chemical space.	
10x_reference	3	10.0	1.0	True	l1000_phase1	sciplex	dose_threshold_dataset_pair	delta_vs_baseline_pair_deg_lfc_spearman_p05	mean_delta_vs_baseline_pair_deg_lfc_spearman_p05	-0.18834554743883364	-0.24523762489026793	-0.1271611321335807	0.05903824637834361	bca	ok	0.95	2000	2000	162	71	51	pubchem_cid			95% BCa bootstrap CI clustered by PubChem compound; uncertainty is over the observed compound panel, not broader chemical space.	
10x_reference	3	10.0	1.0	True	l1000_phase1	sciplex	dose_threshold_dataset_pair	observed_direction_agreement_p05	mean_observed_direction_agreement_p05	0.8898938576990447	0.8472006566448592	0.9251265465853907	0.038962944970265756	bca	ok	0.95	2000	2000	162	66	46	pubchem_cid			95% BCa bootstrap CI clustered by PubChem compound; uncertainty is over the observed compound panel, not broader chemical space.	
10x_reference	3	10.0	1.0	True	l1000_phase1	sciplex	dose_threshold_dataset_pair	baseline_pair_direction_agreement_p05	mean_baseline_pair_direction_agreement_p05	0.7241214080016491	0.6923626040850485	0.7521609509616396	0.029899173438295568	bca	ok	0.95	2000	2000	162	155	90	pubchem_cid			95% BCa bootstrap CI clustered by PubChem compound; uncertainty is over the observed compound panel, not broader chemical space.	
10x_reference	3	10.0	1.0	True	l1000_phase1	sciplex	dose_threshold_dataset_pair	delta_vs_baseline_pair_direction_agreement_p05	mean_delta_vs_baseline_pair_direction_agreement_p05	0.13056664462846093	0.07499040044730468	0.17606870721263898	0.05053915338266715	bca	ok	0.95	2000	2000	162	66	46	pubchem_cid			95% BCa bootstrap CI clustered by PubChem compound; uncertainty is over the observed compound panel, not broader chemical space.	
10x_reference	3	10.0	1.0	True	l1000_phase1	tahoe	dose_threshold_dataset_pair	observed_deg_lfc_spearman_sym_p05	mean_observed_deg_lfc_spearman_sym_p05	0.17415392046766848	0.07004804167863889	0.25988139394565396	0.09491667613350754	bca	ok	0.95	2000	2000	114	50	40	pubchem_cid			95% BCa bootstrap CI clustered by PubChem compound; uncertainty is over the observed compound panel, not broader chemical space.	
10x_reference	3	10.0	1.0	True	l1000_phase1	tahoe	dose_threshold_dataset_pair	baseline_pair_deg_lfc_spearman_p05	mean_baseline_pair_deg_lfc_spearman_p05	0.36247854047859424	0.2774774212657448	0.4275071119615225	0.07501484534788885	bca	ok	0.95	2000	2000	114	105	80	pubchem_cid			95% BCa bootstrap CI clustered by PubChem compound; uncertainty is over the observed compound panel, not broader chemical space.	
10x_reference	3	10.0	1.0	True	l1000_phase1	tahoe	dose_threshold_dataset_pair	delta_vs_baseline_pair_deg_lfc_spearman_p05	mean_delta_vs_baseline_pair_deg_lfc_spearman_p05	-0.2499971928932846	-0.37416066715998514	-0.137166238841166	0.11849721415940957	bca	ok	0.95	2000	2000	114	50	40	pubchem_cid			95% BCa bootstrap CI clustered by PubChem compound; uncertainty is over the observed compound panel, not broader chemical space.	
10x_reference	3	10.0	1.0	True	l1000_phase1	tahoe	dose_threshold_dataset_pair	observed_direction_agreement_p05	mean_observed_direction_agreement_p05	0.735567815403538	0.612357000054116	0.8262795739363215	0.10696128694110274	bca	ok	0.95	2000	2000	114	32	26	pubchem_cid			95% BCa bootstrap CI clustered by PubChem compound; uncertainty is over the observed compound panel, not broader chemical space.	
10x_reference	3	10.0	1.0	True	l1000_phase1	tahoe	dose_threshold_dataset_pair	baseline_pair_direction_agreement_p05	mean_baseline_pair_direction_agreement_p05	0.7306995970616411	0.6896796699665165	0.7645551517368573	0.03743774088517038	bca	ok	0.95	2000	2000	114	110	85	pubchem_cid			95% BCa bootstrap CI clustered by PubChem compound; uncertainty is over the observed compound panel, not broader chemical space.	
10x_reference	3	10.0	1.0	True	l1000_phase1	tahoe	dose_threshold_dataset_pair	delta_vs_baseline_pair_direction_agreement_p05	mean_delta_vs_baseline_pair_direction_agreement_p05	-0.017595526335950493	-0.14928880358940536	0.0840904389992986	0.11668962129435198	bca	ok	0.95	2000	2000	114	32	26	pubchem_cid			95% BCa bootstrap CI clustered by PubChem compound; uncertainty is over the observed compound panel, not broader chemical space.	
10x_reference	3	10.0	1.0	True	l1000_phase2	sciplex	dose_threshold_dataset_pair	observed_deg_lfc_spearman_sym_p05	mean_observed_deg_lfc_spearman_sym_p05	0.49083671164745035	0.42663857928742205	0.5424814582877714	0.05792143950017467	bca	ok	0.95	2000	2000	127	65	51	pubchem_cid			95% BCa bootstrap CI clustered by PubChem compound; uncertainty is over the observed compound panel, not broader chemical space.	
10x_reference	3	10.0	1.0	True	l1000_phase2	sciplex	dose_threshold_dataset_pair	baseline_pair_deg_lfc_spearman_p05	mean_baseline_pair_deg_lfc_spearman_p05	0.39457233859393404	0.32569223804514374	0.45192750567008744	0.06311763381247185	bca	ok	0.95	2000	2000	127	123	81	pubchem_cid			95% BCa bootstrap CI clustered by PubChem compound; uncertainty is over the observed compound panel, not broader chemical space.	
10x_reference	3	10.0	1.0	True	l1000_phase2	sciplex	dose_threshold_dataset_pair	delta_vs_baseline_pair_deg_lfc_spearman_p05	mean_delta_vs_baseline_pair_deg_lfc_spearman_p05	-0.10704485277801415	-0.1681896189634962	-0.05228231235606251	0.05795365330371685	bca	ok	0.95	2000	2000	127	65	51	pubchem_cid			95% BCa bootstrap CI clustered by PubChem compound; uncertainty is over the observed compound panel, not broader chemical space.	
10x_reference	3	10.0	1.0	True	l1000_phase2	sciplex	dose_threshold_dataset_pair	observed_direction_agreement_p05	mean_observed_direction_agreement_p05	0.9492136233388188	0.9140770284306982	0.9674946408673395	0.02670880621832067	bca	ok	0.95	2000	2000	127	65	50	pubchem_cid			95% BCa bootstrap CI clustered by PubChem compound; uncertainty is over the observed compound panel, not broader chemical space.	
10x_reference	3	10.0	1.0	True	l1000_phase2	sciplex	dose_threshold_dataset_pair	baseline_pair_direction_agreement_p05	mean_baseline_pair_direction_agreement_p05	0.6826053698142059	0.6500689699909354	0.7105936400427323	0.030262335025898424	bca	ok	0.95	2000	2000	127	125	82	pubchem_cid			95% BCa bootstrap CI clustered by PubChem compound; uncertainty is over the observed compound panel, not broader chemical space.	
10x_reference	3	10.0	1.0	True	l1000_phase2	sciplex	dose_threshold_dataset_pair	delta_vs_baseline_pair_direction_agreement_p05	mean_delta_vs_baseline_pair_direction_agreement_p05	0.18624377057611716	0.15368679833428198	0.22623768753144655	0.036275444598582285	bca	ok	0.95	2000	2000	127	65	50	pubchem_cid			95% BCa bootstrap CI clustered by PubChem compound; uncertainty is over the observed compound panel, not broader chemical space.	
10x_reference	3	10.0	1.0	True	l1000_phase2	tahoe	dose_threshold_dataset_pair	observed_deg_lfc_spearman_sym_p05	mean_observed_deg_lfc_spearman_sym_p05	0.08424644027302705	-0.0016302621765477631	0.16166203779333652	0.08164614998494214	bca	ok	0.95	2000	2000	134	77	63	pubchem_cid			95% BCa bootstrap CI clustered by PubChem compound; uncertainty is over the observed compound panel, not broader chemical space.	
10x_reference	3	10.0	1.0	True	l1000_phase2	tahoe	dose_threshold_dataset_pair	baseline_pair_deg_lfc_spearman_p05	mean_baseline_pair_deg_lfc_spearman_p05	0.30180600730734247	0.23084576919900596	0.36515389692034855	0.0671540638606713	bca	ok	0.95	2000	2000	134	132	108	pubchem_cid			95% BCa bootstrap CI clustered by PubChem compound; uncertainty is over the observed compound panel, not broader chemical space.	
10x_reference	3	10.0	1.0	True	l1000_phase2	tahoe	dose_threshold_dataset_pair	delta_vs_baseline_pair_deg_lfc_spearman_p05	mean_delta_vs_baseline_pair_deg_lfc_spearman_p05	-0.30535169974086596	-0.3849937099728608	-0.21230023032516104	0.08634673982384988	bca	ok	0.95	2000	2000	134	77	63	pubchem_cid			95% BCa bootstrap CI clustered by PubChem compound; uncertainty is over the observed compound panel, not broader chemical space.	
10x_reference	3	10.0	1.0	True	l1000_phase2	tahoe	dose_threshold_dataset_pair	observed_direction_agreement_p05	mean_observed_direction_agreement_p05	0.6748082536247473	0.5654402509585769	0.7705332898278475	0.10254651943463533	bca	ok	0.95	2000	2000	134	40	32	pubchem_cid			95% BCa bootstrap CI clustered by PubChem compound; uncertainty is over the observed compound panel, not broader chemical space.	
10x_reference	3	10.0	1.0	True	l1000_phase2	tahoe	dose_threshold_dataset_pair	baseline_pair_direction_agreement_p05	mean_baseline_pair_direction_agreement_p05	0.6857835363247601	0.6576442732517059	0.7114817870599165	0.02691875690410528	bca	ok	0.95	2000	2000	134	134	110	pubchem_cid			95% BCa bootstrap CI clustered by PubChem compound; uncertainty is over the observed compound panel, not broader chemical space.	
10x_reference	3	10.0	1.0	True	l1000_phase2	tahoe	dose_threshold_dataset_pair	delta_vs_baseline_pair_direction_agreement_p05	mean_delta_vs_baseline_pair_direction_agreement_p05	-0.09307537171183426	-0.20313558084938718	-0.0004063123533429781	0.1013646342480221	bca	ok	0.95	2000	2000	134	40	32	pubchem_cid			95% BCa bootstrap CI clustered by PubChem compound; uncertainty is over the observed compound panel, not broader chemical space.	
10x_reference	3	10.0	1.0	True	tahoe	sciplex	dose_threshold_dataset_pair	observed_deg_lfc_spearman_sym_p05	mean_observed_deg_lfc_spearman_sym_p05	0.12383918823035202	-0.06283908230142649	0.29588488382457323	0.17936198306299986	bca	ok	0.95	2000	2000	23	14	14	pubchem_cid			95% BCa bootstrap CI clustered by PubChem compound; uncertainty is over the observed compound panel, not broader chemical space.	
10x_reference	3	10.0	1.0	True	tahoe	sciplex	dose_threshold_dataset_pair	baseline_pair_deg_lfc_spearman_p05	mean_baseline_pair_deg_lfc_spearman_p05	0.5993371814454158	0.48143372013319075	0.6807348026706203	0.09965054126871475	bca	ok	0.95	2000	2000	23	23	23	pubchem_cid			95% BCa bootstrap CI clustered by PubChem compound; uncertainty is over the observed compound panel, not broader chemical space.	
10x_reference	3	10.0	1.0	True	tahoe	sciplex	dose_threshold_dataset_pair	delta_vs_baseline_pair_deg_lfc_spearman_p05	mean_delta_vs_baseline_pair_deg_lfc_spearman_p05	-0.46548863878874897	-0.6786006598904047	-0.26119885375489027	0.20870090306775724	bca	ok	0.95	2000	2000	23	14	14	pubchem_cid			95% BCa bootstrap CI clustered by PubChem compound; uncertainty is over the observed compound panel, not broader chemical space.	
10x_reference	3	10.0	1.0	True	tahoe	sciplex	dose_threshold_dataset_pair	observed_direction_agreement_p05	mean_observed_direction_agreement_p05	0.8957179320303899	0.8284707003114189	0.9500828421243962	0.06080607090648865	bca	ok	0.95	2000	2000	23	8	8	pubchem_cid			95% BCa bootstrap CI clustered by PubChem compound; uncertainty is over the observed compound panel, not broader chemical space.	
10x_reference	3	10.0	1.0	True	tahoe	sciplex	dose_threshold_dataset_pair	baseline_pair_direction_agreement_p05	mean_baseline_pair_direction_agreement_p05	0.8316508665979963	0.7856647357976746	0.8774665169016974	0.04590089055201141	bca	ok	0.95	2000	2000	23	23	23	pubchem_cid			95% BCa bootstrap CI clustered by PubChem compound; uncertainty is over the observed compound panel, not broader chemical space.	
10x_reference	3	10.0	1.0	True	tahoe	sciplex	dose_threshold_dataset_pair	delta_vs_baseline_pair_direction_agreement_p05	mean_delta_vs_baseline_pair_direction_agreement_p05	0.08321488503243149	-0.004207482549099186	0.13100460195640729	0.06760604225275324	bca	ok	0.95	2000	2000	23	8	8	pubchem_cid			95% BCa bootstrap CI clustered by PubChem compound; uncertainty is over the observed compound panel, not broader chemical space.	
10x_reference	3	10.0	1.0	True	l1000_phase1	l1000_phase2	dose_threshold_dataset_pair_line	observed_deg_lfc_spearman_sym_p05	mean_observed_deg_lfc_spearman_sym_p05	0.4424426444128184	0.38067572182037523	0.49295676139372097	0.056140519786672866	bca	ok	0.95	2000	2000	163	153	145	pubchem_cid			95% BCa bootstrap CI clustered by PubChem compound; uncertainty is over the observed compound panel, not broader chemical space.	CVCL_0023
10x_reference	3	10.0	1.0	True	l1000_phase1	l1000_phase2	dose_threshold_dataset_pair_line	baseline_pair_deg_lfc_spearman_p05	mean_baseline_pair_deg_lfc_spearman_p05	0.4819345270723958	0.4427145762987624	0.516030722267517	0.036658072984377316	bca	ok	0.95	2000	2000	163	161	151	pubchem_cid			95% BCa bootstrap CI clustered by PubChem compound; uncertainty is over the observed compound panel, not broader chemical space.	CVCL_0023
10x_reference	3	10.0	1.0	True	l1000_phase1	l1000_phase2	dose_threshold_dataset_pair_line	delta_vs_baseline_pair_deg_lfc_spearman_p05	mean_delta_vs_baseline_pair_deg_lfc_spearman_p05	-0.04166988516518684	-0.09421033192281165	0.007996718109816022	0.051103525016313836	bca	ok	0.95	2000	2000	163	153	145	pubchem_cid			95% BCa bootstrap CI clustered by PubChem compound; uncertainty is over the observed compound panel, not broader chemical space.	CVCL_0023
10x_reference	3	10.0	1.0	True	l1000_phase1	l1000_phase2	dose_threshold_dataset_pair_line	observed_direction_agreement_p05	mean_observed_direction_agreement_p05	0.9081464755462486	0.8736519270879141	0.931953165291677	0.029150619101881492	bca	ok	0.95	2000	2000	163	138	131	pubchem_cid			95% BCa bootstrap CI clustered by PubChem compound; uncertainty is over the observed compound panel, not broader chemical space.	CVCL_0023
10x_reference	3	10.0	1.0	True	l1000_phase1	l1000_phase2	dose_threshold_dataset_pair_line	baseline_pair_direction_agreement_p05	mean_baseline_pair_direction_agreement_p05	0.7348360805783859	0.7110585022925273	0.7541939570920746	0.02156772739977364	bca	ok	0.95	2000	2000	163	162	152	pubchem_cid			95% BCa bootstrap CI clustered by PubChem compound; uncertainty is over the observed compound panel, not broader chemical space.	CVCL_0023
10x_reference	3	10.0	1.0	True	l1000_phase1	l1000_phase2	dose_threshold_dataset_pair_line	delta_vs_baseline_pair_direction_agreement_p05	mean_delta_vs_baseline_pair_direction_agreement_p05	0.16157483621837423	0.12264130001320242	0.19249396044076986	0.03492633021378372	bca	ok	0.95	2000	2000	163	138	131	pubchem_cid			95% BCa bootstrap CI clustered by PubChem compound; uncertainty is over the observed compound panel, not broader chemical space.	CVCL_0023
10x_reference	3	10.0	1.0	True	l1000_phase1	l1000_phase2	dose_threshold_dataset_pair_line	observed_deg_lfc_spearman_sym_p05	mean_observed_deg_lfc_spearman_sym_p05	0.33439950388558404	0.2853205073483708	0.3852262087850849	0.04995285071835706	bca	ok	0.95	2000	2000	179	163	163	pubchem_cid			95% BCa bootstrap CI clustered by PubChem compound; uncertainty is over the observed compound panel, not broader chemical space.	CVCL_0031
10x_reference	3	10.0	1.0	True	l1000_phase1	l1000_phase2	dose_threshold_dataset_pair_line	baseline_pair_deg_lfc_spearman_p05	mean_baseline_pair_deg_lfc_spearman_p05	0.4401778608988216	0.40266216583163544	0.4738892994923506	0.035613566830357574	bca	ok	0.95	2000	2000	179	176	176	pubchem_cid			95% BCa bootstrap CI clustered by PubChem compound; uncertainty is over the observed compound panel, not broader chemical space.	CVCL_0031
10x_reference	3	10.0	1.0	True	l1000_phase1	l1000_phase2	dose_threshold_dataset_pair_line	delta_vs_baseline_pair_deg_lfc_spearman_p05	mean_delta_vs_baseline_pair_deg_lfc_spearman_p05	-0.10554975685911579	-0.152763148626176	-0.05729752905637572	0.04773280978490013	bca	ok	0.95	2000	2000	179	163	163	pubchem_cid			95% BCa bootstrap CI clustered by PubChem compound; uncertainty is over the observed compound panel, not broader chemical space.	CVCL_0031
10x_reference	3	10.0	1.0	True	l1000_phase1	l1000_phase2	dose_threshold_dataset_pair_line	observed_direction_agreement_p05	mean_observed_direction_agreement_p05	0.8838277674263718	0.8422210968794035	0.9131436087877038	0.03546125595415017	bca	ok	0.95	2000	2000	179	138	138	pubchem_cid			95% BCa bootstrap CI clustered by PubChem compound; uncertainty is over the observed compound panel, not broader chemical space.	CVCL_0031
10x_reference	3	10.0	1.0	True	l1000_phase1	l1000_phase2	dose_threshold_dataset_pair_line	baseline_pair_direction_agreement_p05	mean_baseline_pair_direction_agreement_p05	0.7316324913371061	0.7102317965381859	0.7503018902291089	0.02003504684546148	bca	ok	0.95	2000	2000	179	177	177	pubchem_cid			95% BCa bootstrap CI clustered by PubChem compound; uncertainty is over the observed compound panel, not broader chemical space.	CVCL_0031
10x_reference	3	10.0	1.0	True	l1000_phase1	l1000_phase2	dose_threshold_dataset_pair_line	delta_vs_baseline_pair_direction_agreement_p05	mean_delta_vs_baseline_pair_direction_agreement_p05	0.11707080624080493	0.07681778881183422	0.14782272567670873	0.035502468432437255	bca	ok	0.95	2000	2000	179	138	138	pubchem_cid			95% BCa bootstrap CI clustered by PubChem compound; uncertainty is over the observed compound panel, not broader chemical space.	CVCL_0031
10x_reference	3	10.0	1.0	True	l1000_phase1	l1000_phase2	dose_threshold_dataset_pair_line	observed_deg_lfc_spearman_sym_p05	mean_observed_deg_lfc_spearman_sym_p05	0.2880905492547467	0.20761789761744695	0.35286739093932357	0.07262474666093831	bca	ok	0.95	2000	2000	63	63	63	pubchem_cid			95% BCa bootstrap CI clustered by PubChem compound; uncertainty is over the observed compound panel, not broader chemical space.	CVCL_0033
10x_reference	3	10.0	1.0	True	l1000_phase1	l1000_phase2	dose_threshold_dataset_pair_line	baseline_pair_deg_lfc_spearman_p05	mean_baseline_pair_deg_lfc_spearman_p05	0.42061836665623437	0.36999043143806054	0.464826562004439	0.04741806528318923	bca	ok	0.95	2000	2000	63	63	63	pubchem_cid			95% BCa bootstrap CI clustered by PubChem compound; uncertainty is over the observed compound panel, not broader chemical space.	CVCL_0033
10x_reference	3	10.0	1.0	True	l1000_phase1	l1000_phase2	dose_threshold_dataset_pair_line	delta_vs_baseline_pair_deg_lfc_spearman_p05	mean_delta_vs_baseline_pair_deg_lfc_spearman_p05	-0.14287140265557752	-0.22846114558366087	-0.07046638866114997	0.07899737846125546	bca	ok	0.95	2000	2000	63	63	63	pubchem_cid			95% BCa bootstrap CI clustered by PubChem compound; uncertainty is over the observed compound panel, not broader chemical space.	CVCL_0033
10x_reference	3	10.0	1.0	True	l1000_phase1	l1000_phase2	dose_threshold_dataset_pair_line	observed_direction_agreement_p05	mean_observed_direction_agreement_p05	0.9100304770733141	0.858350719629156	0.9422400056947369	0.04194464303279044	bca	ok	0.95	2000	2000	63	58	58	pubchem_cid			95% BCa bootstrap CI clustered by PubChem compound; uncertainty is over the observed compound panel, not broader chemical space.	CVCL_0033
10x_reference	3	10.0	1.0	True	l1000_phase1	l1000_phase2	dose_threshold_dataset_pair_line	baseline_pair_direction_agreement_p05	mean_baseline_pair_direction_agreement_p05	0.6987782122349956	0.6729172246003817	0.7236258188075388	0.02535429710357856	bca	ok	0.95	2000	2000	63	63	63	pubchem_cid			95% BCa bootstrap CI clustered by PubChem compound; uncertainty is over the observed compound panel, not broader chemical space.	CVCL_0033
10x_reference	3	10.0	1.0	True	l1000_phase1	l1000_phase2	dose_threshold_dataset_pair_line	delta_vs_baseline_pair_direction_agreement_p05	mean_delta_vs_baseline_pair_direction_agreement_p05	0.16940975617553952	0.10874513951397956	0.2141212019180167	0.05268803120201857	bca	ok	0.95	2000	2000	63	58	58	pubchem_cid			95% BCa bootstrap CI clustered by PubChem compound; uncertainty is over the observed compound panel, not broader chemical space.	CVCL_0033
10x_reference	3	10.0	1.0	True	l1000_phase1	l1000_phase2	dose_threshold_dataset_pair_line	observed_deg_lfc_spearman_sym_p05	mean_observed_deg_lfc_spearman_sym_p05	0.4095116554682441	0.3395259357607919	0.47784796053972195	0.06916101238946504	bca	ok	0.95	2000	2000	118	108	108	pubchem_cid			95% BCa bootstrap CI clustered by PubChem compound; uncertainty is over the observed compound panel, not broader chemical space.	CVCL_0035
10x_reference	3	10.0	1.0	True	l1000_phase1	l1000_phase2	dose_threshold_dataset_pair_line	baseline_pair_deg_lfc_spearman_p05	mean_baseline_pair_deg_lfc_spearman_p05	0.4083001561239626	0.34735426058744423	0.45864628042324107	0.05564600991789842	bca	ok	0.95	2000	2000	118	117	117	pubchem_cid			95% BCa bootstrap CI clustered by PubChem compound; uncertainty is over the observed compound panel, not broader chemical space.	CVCL_0035
10x_reference	3	10.0	1.0	True	l1000_phase1	l1000_phase2	dose_threshold_dataset_pair_line	delta_vs_baseline_pair_deg_lfc_spearman_p05	mean_delta_vs_baseline_pair_deg_lfc_spearman_p05	-0.021124929777222332	-0.09214824916439093	0.0468399506112478	0.06949409988781936	bca	ok	0.95	2000	2000	118	108	108	pubchem_cid			95% BCa bootstrap CI clustered by PubChem compound; uncertainty is over the observed compound panel, not broader chemical space.	CVCL_0035
10x_reference	3	10.0	1.0	True	l1000_phase1	l1000_phase2	dose_threshold_dataset_pair_line	observed_direction_agreement_p05	mean_observed_direction_agreement_p05	0.8959956521770401	0.838934066734791	0.9291969005120283	0.04513141688861866	bca	ok	0.95	2000	2000	118	96	96	pubchem_cid			95% BCa bootstrap CI clustered by PubChem compound; uncertainty is over the observed compound panel, not broader chemical space.	CVCL_0035
10x_reference	3	10.0	1.0	True	l1000_phase1	l1000_phase2	dose_threshold_dataset_pair_line	baseline_pair_direction_agreement_p05	mean_baseline_pair_direction_agreement_p05	0.699363335471313	0.6701785509822977	0.7224955284734039	0.0261584887455531	bca	ok	0.95	2000	2000	118	117	117	pubchem_cid			95% BCa bootstrap CI clustered by PubChem compound; uncertainty is over the observed compound panel, not broader chemical space.	CVCL_0035
10x_reference	3	10.0	1.0	True	l1000_phase1	l1000_phase2	dose_threshold_dataset_pair_line	delta_vs_baseline_pair_direction_agreement_p05	mean_delta_vs_baseline_pair_direction_agreement_p05	0.1809223840753258	0.12633538396439578	0.22451878987392893	0.04909170295476657	bca	ok	0.95	2000	2000	118	96	96	pubchem_cid			95% BCa bootstrap CI clustered by PubChem compound; uncertainty is over the observed compound panel, not broader chemical space.	CVCL_0035
10x_reference	3	10.0	1.0	True	l1000_phase1	l1000_phase2	dose_threshold_dataset_pair_line	observed_deg_lfc_spearman_sym_p05	mean_observed_deg_lfc_spearman_sym_p05	0.35796625851518854	0.2976581459904307	0.41808959138666124	0.06021572269811526	bca	ok	0.95	2000	2000	94	93	93	pubchem_cid			95% BCa bootstrap CI clustered by PubChem compound; uncertainty is over the observed compound panel, not broader chemical space.	CVCL_0062
10x_reference	3	10.0	1.0	True	l1000_phase1	l1000_phase2	dose_threshold_dataset_pair_line	baseline_pair_deg_lfc_spearman_p05	mean_baseline_pair_deg_lfc_spearman_p05	0.46112905146257244	0.41577185360766267	0.4996658159812817	0.04194698118680951	bca	ok	0.95	2000	2000	94	94	94	pubchem_cid			95% BCa bootstrap CI clustered by PubChem compound; uncertainty is over the observed compound panel, not broader chemical space.	CVCL_0062
10x_reference	3	10.0	1.0	True	l1000_phase1	l1000_phase2	dose_threshold_dataset_pair_line	delta_vs_baseline_pair_deg_lfc_spearman_p05	mean_delta_vs_baseline_pair_deg_lfc_spearman_p05	-0.1108521489287036	-0.16370771934929979	-0.06498345920072343	0.04936213007428818	bca	ok	0.95	2000	2000	94	93	93	pubchem_cid			95% BCa bootstrap CI clustered by PubChem compound; uncertainty is over the observed compound panel, not broader chemical space.	CVCL_0062
10x_reference	3	10.0	1.0	True	l1000_phase1	l1000_phase2	dose_threshold_dataset_pair_line	observed_direction_agreement_p05	mean_observed_direction_agreement_p05	0.9489708736326241	0.9260611225145283	0.9642139347000824	0.019076406092777054	bca	ok	0.95	2000	2000	94	84	84	pubchem_cid			95% BCa bootstrap CI clustered by PubChem compound; uncertainty is over the observed compound panel, not broader chemical space.	CVCL_0062
10x_reference	3	10.0	1.0	True	l1000_phase1	l1000_phase2	dose_threshold_dataset_pair_line	baseline_pair_direction_agreement_p05	mean_baseline_pair_direction_agreement_p05	0.7408601873774534	0.7193282170761267	0.7627777367903024	0.021724759857087828	bca	ok	0.95	2000	2000	94	94	94	pubchem_cid			95% BCa bootstrap CI clustered by PubChem compound; uncertainty is over the observed compound panel, not broader chemical space.	CVCL_0062
10x_reference	3	10.0	1.0	True	l1000_phase1	l1000_phase2	dose_threshold_dataset_pair_line	delta_vs_baseline_pair_direction_agreement_p05	mean_delta_vs_baseline_pair_direction_agreement_p05	0.15583624155483872	0.1313412552719056	0.18661853261894362	0.02763863867351901	bca	ok	0.95	2000	2000	94	84	84	pubchem_cid			95% BCa bootstrap CI clustered by PubChem compound; uncertainty is over the observed compound panel, not broader chemical space.	CVCL_0062
10x_reference	3	10.0	1.0	True	l1000_phase1	l1000_phase2	dose_threshold_dataset_pair_line	observed_deg_lfc_spearman_sym_p05	mean_observed_deg_lfc_spearman_sym_p05	0.5622703068421286	0.4229632538500426	0.65571178162089	0.11637426388542374	bca	ok	0.95	2000	2000	48	45	41	pubchem_cid			95% BCa bootstrap CI clustered by PubChem compound; uncertainty is over the observed compound panel, not broader chemical space.	CVCL_0132
10x_reference	3	10.0	1.0	True	l1000_phase1	l1000_phase2	dose_threshold_dataset_pair_line	baseline_pair_deg_lfc_spearman_p05	mean_baseline_pair_deg_lfc_spearman_p05	0.5516804639050767	0.41237671842840734	0.6217221244813896	0.10467270302649115	bca	ok	0.95	2000	2000	48	48	43	pubchem_cid			95% BCa bootstrap CI clustered by PubChem compound; uncertainty is over the observed compound panel, not broader chemical space.	CVCL_0132
10x_reference	3	10.0	1.0	True	l1000_phase1	l1000_phase2	dose_threshold_dataset_pair_line	delta_vs_baseline_pair_deg_lfc_spearman_p05	mean_delta_vs_baseline_pair_deg_lfc_spearman_p05	-0.04479176587158959	-0.17903149164101495	0.04468283806623249	0.11185716485362372	bca	ok	0.95	2000	2000	48	45	41	pubchem_cid			95% BCa bootstrap CI clustered by PubChem compound; uncertainty is over the observed compound panel, not broader chemical space.	CVCL_0132
10x_reference	3	10.0	1.0	True	l1000_phase1	l1000_phase2	dose_threshold_dataset_pair_line	observed_direction_agreement_p05	mean_observed_direction_agreement_p05	0.9199648109605574	0.8257747426969576	0.9579608038958646	0.06609303059945348	bca	ok	0.95	2000	2000	48	41	37	pubchem_cid			95% BCa bootstrap CI clustered by PubChem compound; uncertainty is over the observed compound panel, not broader chemical space.	CVCL_0132
10x_reference	3	10.0	1.0	True	l1000_phase1	l1000_phase2	dose_threshold_dataset_pair_line	baseline_pair_direction_agreement_p05	mean_baseline_pair_direction_agreement_p05	0.7643405951467027	0.7121599511733286	0.8010659142310582	0.04445298152886479	bca	ok	0.95	2000	2000	48	48	43	pubchem_cid			95% BCa bootstrap CI clustered by PubChem compound; uncertainty is over the observed compound panel, not broader chemical space.	CVCL_0132
10x_reference	3	10.0	1.0	True	l1000_phase1	l1000_phase2	dose_threshold_dataset_pair_line	delta_vs_baseline_pair_direction_agreement_p05	mean_delta_vs_baseline_pair_direction_agreement_p05	0.10622166446501946	0.028304746637119974	0.1489413408397055	0.060318297101292766	bca	ok	0.95	2000	2000	48	41	37	pubchem_cid			95% BCa bootstrap CI clustered by PubChem compound; uncertainty is over the observed compound panel, not broader chemical space.	CVCL_0132
10x_reference	3	10.0	1.0	True	l1000_phase1	l1000_phase2	dose_threshold_dataset_pair_line	observed_deg_lfc_spearman_sym_p05	mean_observed_deg_lfc_spearman_sym_p05	0.35647539445720666	0.2762796830858767	0.43084359517279713	0.07728195604346022	bca	ok	0.95	2000	2000	63	62	62	pubchem_cid			95% BCa bootstrap CI clustered by PubChem compound; uncertainty is over the observed compound panel, not broader chemical space.	CVCL_0178
10x_reference	3	10.0	1.0	True	l1000_phase1	l1000_phase2	dose_threshold_dataset_pair_line	baseline_pair_deg_lfc_spearman_p05	mean_baseline_pair_deg_lfc_spearman_p05	0.5216293585988762	0.4739101526487899	0.5634018133353712	0.04474583034329066	bca	ok	0.95	2000	2000	63	63	63	pubchem_cid			95% BCa bootstrap CI clustered by PubChem compound; uncertainty is over the observed compound panel, not broader chemical space.	CVCL_0178
10x_reference	3	10.0	1.0	True	l1000_phase1	l1000_phase2	dose_threshold_dataset_pair_line	delta_vs_baseline_pair_deg_lfc_spearman_p05	mean_delta_vs_baseline_pair_deg_lfc_spearman_p05	-0.12996866657371764	-0.22332940999670423	-0.04991896089905996	0.08670522454882214	bca	ok	0.95	2000	2000	63	62	62	pubchem_cid			95% BCa bootstrap CI clustered by PubChem compound; uncertainty is over the observed compound panel, not broader chemical space.	CVCL_0178
10x_reference	3	10.0	1.0	True	l1000_phase1	l1000_phase2	dose_threshold_dataset_pair_line	observed_direction_agreement_p05	mean_observed_direction_agreement_p05	0.8933037866454855	0.8152531033438107	0.9351876895800365	0.059967293118112885	bca	ok	0.95	2000	2000	63	55	55	pubchem_cid			95% BCa bootstrap CI clustered by PubChem compound; uncertainty is over the observed compound panel, not broader chemical space.	CVCL_0178
10x_reference	3	10.0	1.0	True	l1000_phase1	l1000_phase2	dose_threshold_dataset_pair_line	baseline_pair_direction_agreement_p05	mean_baseline_pair_direction_agreement_p05	0.7714016734575337	0.7391464236868319	0.7985580378441947	0.029705807078681368	bca	ok	0.95	2000	2000	63	63	63	pubchem_cid			95% BCa bootstrap CI clustered by PubChem compound; uncertainty is over the observed compound panel, not broader chemical space.	CVCL_0178
10x_reference	3	10.0	1.0	True	l1000_phase1	l1000_phase2	dose_threshold_dataset_pair_line	delta_vs_baseline_pair_direction_agreement_p05	mean_delta_vs_baseline_pair_direction_agreement_p05	0.12159909317781657	0.045816266979398695	0.17012097467936757	0.06215235384998444	bca	ok	0.95	2000	2000	63	55	55	pubchem_cid			95% BCa bootstrap CI clustered by PubChem compound; uncertainty is over the observed compound panel, not broader chemical space.	CVCL_0178
10x_reference	3	10.0	1.0	True	l1000_phase1	l1000_phase2	dose_threshold_dataset_pair_line	observed_deg_lfc_spearman_sym_p05	mean_observed_deg_lfc_spearman_sym_p05	0.3998560520403408	0.1972449241163195	0.5541453306267006	0.17845020325519054	bca	ok	0.95	2000	2000	34	30	30	pubchem_cid			95% BCa bootstrap CI clustered by PubChem compound; uncertainty is over the observed compound panel, not broader chemical space.	CVCL_0320
10x_reference	3	10.0	1.0	True	l1000_phase1	l1000_phase2	dose_threshold_dataset_pair_line	baseline_pair_deg_lfc_spearman_p05	mean_baseline_pair_deg_lfc_spearman_p05	0.4049204916458235	0.24930535066494225	0.5025191704767447	0.1266069099059012	bca	ok	0.95	2000	2000	34	33	33	pubchem_cid			95% BCa bootstrap CI clustered by PubChem compound; uncertainty is over the observed compound panel, not broader chemical space.	CVCL_0320
10x_reference	3	10.0	1.0	True	l1000_phase1	l1000_phase2	dose_threshold_dataset_pair_line	delta_vs_baseline_pair_deg_lfc_spearman_p05	mean_delta_vs_baseline_pair_deg_lfc_spearman_p05	-0.03584303500743382	-0.176099504082618	0.07169329159214656	0.1238963978373823	bca	ok	0.95	2000	2000	34	30	30	pubchem_cid			95% BCa bootstrap CI clustered by PubChem compound; uncertainty is over the observed compound panel, not broader chemical space.	CVCL_0320
10x_reference	3	10.0	1.0	True	l1000_phase1	l1000_phase2	dose_threshold_dataset_pair_line	observed_direction_agreement_p05	mean_observed_direction_agreement_p05	0.9238159597339844	0.7365835883621886	0.9721106284461686	0.11776352004198998	bca	ok	0.95	2000	2000	34	23	23	pubchem_cid			95% BCa bootstrap CI clustered by PubChem compound; uncertainty is over the observed compound panel, not broader chemical space.	CVCL_0320
10x_reference	3	10.0	1.0	True	l1000_phase1	l1000_phase2	dose_threshold_dataset_pair_line	baseline_pair_direction_agreement_p05	mean_baseline_pair_direction_agreement_p05	0.6870127460385491	0.6059969921228925	0.7310832393552984	0.06254312361620296	bca	ok	0.95	2000	2000	34	33	33	pubchem_cid			95% BCa bootstrap CI clustered by PubChem compound; uncertainty is over the observed compound panel, not broader chemical space.	CVCL_0320
10x_reference	3	10.0	1.0	True	l1000_phase1	l1000_phase2	dose_threshold_dataset_pair_line	delta_vs_baseline_pair_direction_agreement_p05	mean_delta_vs_baseline_pair_direction_agreement_p05	0.1952652812671686	0.1495338164802818	0.24607885140955307	0.048272517464635636	bca	ok	0.95	2000	2000	34	23	23	pubchem_cid			95% BCa bootstrap CI clustered by PubChem compound; uncertainty is over the observed compound panel, not broader chemical space.	CVCL_0320
10x_reference	3	10.0	1.0	True	l1000_phase1	l1000_phase2	dose_threshold_dataset_pair_line	observed_deg_lfc_spearman_sym_p05	mean_observed_deg_lfc_spearman_sym_p05	0.30239788154583047	0.2139991742590017	0.37401542182976	0.08000812378537915	bca	ok	0.95	2000	2000	63	63	63	pubchem_cid			95% BCa bootstrap CI clustered by PubChem compound; uncertainty is over the observed compound panel, not broader chemical space.	CVCL_0332
10x_reference	3	10.0	1.0	True	l1000_phase1	l1000_phase2	dose_threshold_dataset_pair_line	baseline_pair_deg_lfc_spearman_p05	mean_baseline_pair_deg_lfc_spearman_p05	0.45748576772408384	0.4045618575527605	0.5042795096207784	0.04985882603400896	bca	ok	0.95	2000	2000	63	63	63	pubchem_cid			95% BCa bootstrap CI clustered by PubChem compound; uncertainty is over the observed compound panel, not broader chemical space.	CVCL_0332
10x_reference	3	10.0	1.0	True	l1000_phase1	l1000_phase2	dose_threshold_dataset_pair_line	delta_vs_baseline_pair_deg_lfc_spearman_p05	mean_delta_vs_baseline_pair_deg_lfc_spearman_p05	-0.1726516494939566	-0.256589690175248	-0.10360510541742936	0.07649229237890934	bca	ok	0.95	2000	2000	63	63	63	pubchem_cid			95% BCa bootstrap CI clustered by PubChem compound; uncertainty is over the observed compound panel, not broader chemical space.	CVCL_0332
10x_reference	3	10.0	1.0	True	l1000_phase1	l1000_phase2	dose_threshold_dataset_pair_line	observed_direction_agreement_p05	mean_observed_direction_agreement_p05	0.9740719990117012	0.9563509337936253	0.9832629936957549	0.013456029951064763	bca	ok	0.95	2000	2000	63	55	55	pubchem_cid			95% BCa bootstrap CI clustered by PubChem compound; uncertainty is over the observed compound panel, not broader chemical space.	CVCL_0332
10x_reference	3	10.0	1.0	True	l1000_phase1	l1000_phase2	dose_threshold_dataset_pair_line	baseline_pair_direction_agreement_p05	mean_baseline_pair_direction_agreement_p05	0.7352143979449137	0.7099036568825419	0.7597291013724395	0.024912722244948837	bca	ok	0.95	2000	2000	63	63	63	pubchem_cid			95% BCa bootstrap CI clustered by PubChem compound; uncertainty is over the observed compound panel, not broader chemical space.	CVCL_0332
10x_reference	3	10.0	1.0	True	l1000_phase1	l1000_phase2	dose_threshold_dataset_pair_line	delta_vs_baseline_pair_direction_agreement_p05	mean_delta_vs_baseline_pair_direction_agreement_p05	0.20681871154880221	0.17462617836348582	0.24520821774628881	0.0352910196914015	bca	ok	0.95	2000	2000	63	55	55	pubchem_cid			95% BCa bootstrap CI clustered by PubChem compound; uncertainty is over the observed compound panel, not broader chemical space.	CVCL_0332
10x_reference	3	10.0	1.0	True	l1000_phase1	l1000_phase2	dose_threshold_dataset_pair_line	observed_deg_lfc_spearman_sym_p05	mean_observed_deg_lfc_spearman_sym_p05	0.38395278283865986	0.2876920218126814	0.46406534198050947	0.08818666008391404	bca	ok	0.95	2000	2000	63	63	63	pubchem_cid			95% BCa bootstrap CI clustered by PubChem compound; uncertainty is over the observed compound panel, not broader chemical space.	CVCL_0598
10x_reference	3	10.0	1.0	True	l1000_phase1	l1000_phase2	dose_threshold_dataset_pair_line	baseline_pair_deg_lfc_spearman_p05	mean_baseline_pair_deg_lfc_spearman_p05	0.5179759612268138	0.4667323243262325	0.5694614873993644	0.05136458153656595	bca	ok	0.95	2000	2000	63	63	63	pubchem_cid			95% BCa bootstrap CI clustered by PubChem compound; uncertainty is over the observed compound panel, not broader chemical space.	CVCL_0598
10x_reference	3	10.0	1.0	True	l1000_phase1	l1000_phase2	dose_threshold_dataset_pair_line	delta_vs_baseline_pair_deg_lfc_spearman_p05	mean_delta_vs_baseline_pair_deg_lfc_spearman_p05	-0.12326527620362965	-0.18912315905376562	-0.05722944888437568	0.06594685508469497	bca	ok	0.95	2000	2000	63	63	63	pubchem_cid			95% BCa bootstrap CI clustered by PubChem compound; uncertainty is over the observed compound panel, not broader chemical space.	CVCL_0598
10x_reference	3	10.0	1.0	True	l1000_phase1	l1000_phase2	dose_threshold_dataset_pair_line	observed_direction_agreement_p05	mean_observed_direction_agreement_p05	0.9527588023830746	0.9015734028925086	0.9743706083257442	0.03639860271661777	bca	ok	0.95	2000	2000	63	53	53	pubchem_cid			95% BCa bootstrap CI clustered by PubChem compound; uncertainty is over the observed compound panel, not broader chemical space.	CVCL_0598
10x_reference	3	10.0	1.0	True	l1000_phase1	l1000_phase2	dose_threshold_dataset_pair_line	baseline_pair_direction_agreement_p05	mean_baseline_pair_direction_agreement_p05	0.7795421279110675	0.7516811000189005	0.8066479427342762	0.02748342135768783	bca	ok	0.95	2000	2000	63	63	63	pubchem_cid			95% BCa bootstrap CI clustered by PubChem compound; uncertainty is over the observed compound panel, not broader chemical space.	CVCL_0598
10x_reference	3	10.0	1.0	True	l1000_phase1	l1000_phase2	dose_threshold_dataset_pair_line	delta_vs_baseline_pair_direction_agreement_p05	mean_delta_vs_baseline_pair_direction_agreement_p05	0.10980478278379627	0.07062509829841151	0.14808328853458178	0.03872909511808513	bca	ok	0.95	2000	2000	63	53	53	pubchem_cid			95% BCa bootstrap CI clustered by PubChem compound; uncertainty is over the observed compound panel, not broader chemical space.	CVCL_0598
10x_reference	3	10.0	1.0	True	l1000_phase1	l1000_phase2	dose_threshold_dataset_pair_line	observed_deg_lfc_spearman_sym_p05	mean_observed_deg_lfc_spearman_sym_p05	0.49492686115571155	0.2754593473466748	0.6260500031527104	0.1752953279030178	bca	ok	0.95	2000	2000	31	27	27	pubchem_cid			95% BCa bootstrap CI clustered by PubChem compound; uncertainty is over the observed compound panel, not broader chemical space.	CVCL_5136
10x_reference	3	10.0	1.0	True	l1000_phase1	l1000_phase2	dose_threshold_dataset_pair_line	baseline_pair_deg_lfc_spearman_p05	mean_baseline_pair_deg_lfc_spearman_p05	0.41129333306841626	0.2879633100327489	0.512815902408942	0.11242629618809657	bca	ok	0.95	2000	2000	31	30	30	pubchem_cid			95% BCa bootstrap CI clustered by PubChem compound; uncertainty is over the observed compound panel, not broader chemical space.	CVCL_5136
10x_reference	3	10.0	1.0	True	l1000_phase1	l1000_phase2	dose_threshold_dataset_pair_line	delta_vs_baseline_pair_deg_lfc_spearman_p05	mean_delta_vs_baseline_pair_deg_lfc_spearman_p05	0.05392309393329229	-0.09125769198639004	0.18991619536920895	0.1405869436777995	bca	ok	0.95	2000	2000	31	27	27	pubchem_cid			95% BCa bootstrap CI clustered by PubChem compound; uncertainty is over the observed compound panel, not broader chemical space.	CVCL_5136
10x_reference	3	10.0	1.0	True	l1000_phase1	l1000_phase2	dose_threshold_dataset_pair_line	observed_direction_agreement_p05	mean_observed_direction_agreement_p05	0.9725291620368546	0.9359574702064596	0.9895116728630765	0.02677710132830846	bca	ok	0.95	2000	2000	31	26	26	pubchem_cid			95% BCa bootstrap CI clustered by PubChem compound; uncertainty is over the observed compound panel, not broader chemical space.	CVCL_5136
10x_reference	3	10.0	1.0	True	l1000_phase1	l1000_phase2	dose_threshold_dataset_pair_line	baseline_pair_direction_agreement_p05	mean_baseline_pair_direction_agreement_p05	0.6840091034295249	0.5809191340985501	0.7453872015959891	0.08223403374871951	bca	ok	0.95	2000	2000	31	31	31	pubchem_cid			95% BCa bootstrap CI clustered by PubChem compound; uncertainty is over the observed compound panel, not broader chemical space.	CVCL_5136
10x_reference	3	10.0	1.0	True	l1000_phase1	l1000_phase2	dose_threshold_dataset_pair_line	delta_vs_baseline_pair_direction_agreement_p05	mean_delta_vs_baseline_pair_direction_agreement_p05	0.23619485524886763	0.1862183016700595	0.3261397402147888	0.06996071927236465	bca	ok	0.95	2000	2000	31	26	26	pubchem_cid			95% BCa bootstrap CI clustered by PubChem compound; uncertainty is over the observed compound panel, not broader chemical space.	CVCL_5136
10x_reference	3	10.0	1.0	True	l1000_phase1	l1000_phase2	dose_threshold_dataset_pair_line	observed_deg_lfc_spearman_sym_p05	mean_observed_deg_lfc_spearman_sym_p05	0.2169554262522991	0.036787903840048534	0.3569394591019331	0.16007577763094227	bca	ok	0.95	2000	2000	34	26	26	pubchem_cid			95% BCa bootstrap CI clustered by PubChem compound; uncertainty is over the observed compound panel, not broader chemical space.	CVCL_U602
10x_reference	3	10.0	1.0	True	l1000_phase1	l1000_phase2	dose_threshold_dataset_pair_line	baseline_pair_deg_lfc_spearman_p05	mean_baseline_pair_deg_lfc_spearman_p05	0.33891751724058755	0.1520894098539564	0.46477629387730224	0.15634344201167294	bca	ok	0.95	2000	2000	34	33	33	pubchem_cid			95% BCa bootstrap CI clustered by PubChem compound; uncertainty is over the observed compound panel, not broader chemical space.	CVCL_U602
10x_reference	3	10.0	1.0	True	l1000_phase1	l1000_phase2	dose_threshold_dataset_pair_line	delta_vs_baseline_pair_deg_lfc_spearman_p05	mean_delta_vs_baseline_pair_deg_lfc_spearman_p05	-0.21215303094409907	-0.4656554909671325	-0.0413699154331606	0.21214278776698595	bca	ok	0.95	2000	2000	34	26	26	pubchem_cid			95% BCa bootstrap CI clustered by PubChem compound; uncertainty is over the observed compound panel, not broader chemical space.	CVCL_U602
10x_reference	3	10.0	1.0	True	l1000_phase1	l1000_phase2	dose_threshold_dataset_pair_line	observed_direction_agreement_p05	mean_observed_direction_agreement_p05	0.8377333540345003	0.5662487047790975	0.9558757230569941	0.1948135091389483	bca	ok	0.95	2000	2000	34	12	12	pubchem_cid			95% BCa bootstrap CI clustered by PubChem compound; uncertainty is over the observed compound panel, not broader chemical space.	CVCL_U602
10x_reference	3	10.0	1.0	True	l1000_phase1	l1000_phase2	dose_threshold_dataset_pair_line	baseline_pair_direction_agreement_p05	mean_baseline_pair_direction_agreement_p05	0.647004481425555	0.5793831297715074	0.7010075173165968	0.06081219377254471	bca	ok	0.95	2000	2000	34	34	34	pubchem_cid			95% BCa bootstrap CI clustered by PubChem compound; uncertainty is over the observed compound panel, not broader chemical space.	CVCL_U602
10x_reference	3	10.0	1.0	True	l1000_phase1	l1000_phase2	dose_threshold_dataset_pair_line	delta_vs_baseline_pair_direction_agreement_p05	mean_delta_vs_baseline_pair_direction_agreement_p05	0.10976308718778575	-0.14876950335684958	0.2289005276540203	0.18883501550543494	bca	ok	0.95	2000	2000	34	12	12	pubchem_cid			95% BCa bootstrap CI clustered by PubChem compound; uncertainty is over the observed compound panel, not broader chemical space.	CVCL_U602
10x_reference	3	10.0	1.0	True	l1000_phase1	l1000_phase2	dose_threshold_dataset_pair_line	observed_deg_lfc_spearman_sym_p05	mean_observed_deg_lfc_spearman_sym_p05	0.4863644206903984	0.35101663785486137	0.6049735376801386	0.12697844991263862	bca	ok	0.95	2000	2000	39	34	34	pubchem_cid			95% BCa bootstrap CI clustered by PubChem compound; uncertainty is over the observed compound panel, not broader chemical space.	CVCL_VU89
10x_reference	3	10.0	1.0	True	l1000_phase1	l1000_phase2	dose_threshold_dataset_pair_line	baseline_pair_deg_lfc_spearman_p05	mean_baseline_pair_deg_lfc_spearman_p05	0.5057134585559157	0.40884966848368975	0.5820272709452524	0.08658880123078133	bca	ok	0.95	2000	2000	39	38	38	pubchem_cid			95% BCa bootstrap CI clustered by PubChem compound; uncertainty is over the observed compound panel, not broader chemical space.	CVCL_VU89
10x_reference	3	10.0	1.0	True	l1000_phase1	l1000_phase2	dose_threshold_dataset_pair_line	delta_vs_baseline_pair_deg_lfc_spearman_p05	mean_delta_vs_baseline_pair_deg_lfc_spearman_p05	-0.004482871559108792	-0.1362756991428556	0.11855340325875822	0.1274145512008069	bca	ok	0.95	2000	2000	39	34	34	pubchem_cid			95% BCa bootstrap CI clustered by PubChem compound; uncertainty is over the observed compound panel, not broader chemical space.	CVCL_VU89
10x_reference	3	10.0	1.0	True	l1000_phase1	l1000_phase2	dose_threshold_dataset_pair_line	observed_direction_agreement_p05	mean_observed_direction_agreement_p05	0.9431073689696048	0.8706125583944981	0.9725550015230865	0.05097122156429418	bca	ok	0.95	2000	2000	39	32	32	pubchem_cid			95% BCa bootstrap CI clustered by PubChem compound; uncertainty is over the observed compound panel, not broader chemical space.	CVCL_VU89
10x_reference	3	10.0	1.0	True	l1000_phase1	l1000_phase2	dose_threshold_dataset_pair_line	baseline_pair_direction_agreement_p05	mean_baseline_pair_direction_agreement_p05	0.7052708520511904	0.6321239832333951	0.7502001195268566	0.05903806814673074	bca	ok	0.95	2000	2000	39	39	39	pubchem_cid			95% BCa bootstrap CI clustered by PubChem compound; uncertainty is over the observed compound panel, not broader chemical space.	CVCL_VU89
10x_reference	3	10.0	1.0	True	l1000_phase1	l1000_phase2	dose_threshold_dataset_pair_line	delta_vs_baseline_pair_direction_agreement_p05	mean_delta_vs_baseline_pair_direction_agreement_p05	0.19695585061388848	0.12651895873142302	0.2478292195476614	0.06065513040811919	bca	ok	0.95	2000	2000	39	32	32	pubchem_cid			95% BCa bootstrap CI clustered by PubChem compound; uncertainty is over the observed compound panel, not broader chemical space.	CVCL_VU89
10x_reference	3	10.0	1.0	True	l1000_phase1	l1000_phase2	dose_threshold_dataset_pair_line	observed_deg_lfc_spearman_sym_p05	mean_observed_deg_lfc_spearman_sym_p05	0.09382334286361607	-0.09183095069537928	0.26640910801270656	0.17912002935404292	bca	ok	0.95	2000	2000	33	25	25	pubchem_cid			95% BCa bootstrap CI clustered by PubChem compound; uncertainty is over the observed compound panel, not broader chemical space.	NEU
10x_reference	3	10.0	1.0	True	l1000_phase1	l1000_phase2	dose_threshold_dataset_pair_line	baseline_pair_deg_lfc_spearman_p05	mean_baseline_pair_deg_lfc_spearman_p05	0.32199765939935177	0.16089792741601536	0.45239351977128484	0.14574779617763473	bca	ok	0.95	2000	2000	33	33	33	pubchem_cid			95% BCa bootstrap CI clustered by PubChem compound; uncertainty is over the observed compound panel, not broader chemical space.	NEU
10x_reference	3	10.0	1.0	True	l1000_phase1	l1000_phase2	dose_threshold_dataset_pair_line	delta_vs_baseline_pair_deg_lfc_spearman_p05	mean_delta_vs_baseline_pair_deg_lfc_spearman_p05	-0.23613062793509065	-0.4065648245549938	-0.09767324962697081	0.1544457874640115	bca	ok	0.95	2000	2000	33	25	25	pubchem_cid			95% BCa bootstrap CI clustered by PubChem compound; uncertainty is over the observed compound panel, not broader chemical space.	NEU
10x_reference	3	10.0	1.0	True	l1000_phase1	l1000_phase2	dose_threshold_dataset_pair_line	observed_direction_agreement_p05	mean_observed_direction_agreement_p05	0.9983678217542652	0.9918391087713259	1.0	0.004080445614337069	bca	ok	0.95	2000	2000	33	14	14	pubchem_cid			95% BCa bootstrap CI clustered by PubChem compound; uncertainty is over the observed compound panel, not broader chemical space.	NEU
10x_reference	3	10.0	1.0	True	l1000_phase1	l1000_phase2	dose_threshold_dataset_pair_line	baseline_pair_direction_agreement_p05	mean_baseline_pair_direction_agreement_p05	0.6604131816048753	0.5957098190068462	0.7137532230358381	0.05902170201449597	bca	ok	0.95	2000	2000	33	33	33	pubchem_cid			95% BCa bootstrap CI clustered by PubChem compound; uncertainty is over the observed compound panel, not broader chemical space.	NEU
10x_reference	3	10.0	1.0	True	l1000_phase1	l1000_phase2	dose_threshold_dataset_pair_line	delta_vs_baseline_pair_direction_agreement_p05	mean_delta_vs_baseline_pair_direction_agreement_p05	0.2961779426206542	0.2438496815464433	0.35390221874377353	0.05502626859866512	bca	ok	0.95	2000	2000	33	14	14	pubchem_cid			95% BCa bootstrap CI clustered by PubChem compound; uncertainty is over the observed compound panel, not broader chemical space.	NEU
10x_reference	3	10.0	1.0	True	l1000_phase1	l1000_phase2	dose_threshold_dataset_pair_line	observed_deg_lfc_spearman_sym_p05	mean_observed_deg_lfc_spearman_sym_p05	0.2536113909842476	0.10904424580228048	0.37404322462001843	0.13249948940886896	bca	ok	0.95	2000	2000	35	30	30	pubchem_cid			95% BCa bootstrap CI clustered by PubChem compound; uncertainty is over the observed compound panel, not broader chemical space.	NPC
10x_reference	3	10.0	1.0	True	l1000_phase1	l1000_phase2	dose_threshold_dataset_pair_line	baseline_pair_deg_lfc_spearman_p05	mean_baseline_pair_deg_lfc_spearman_p05	0.5277323030988587	0.4475923335501754	0.5983924521846593	0.07540005931724195	bca	ok	0.95	2000	2000	35	34	34	pubchem_cid			95% BCa bootstrap CI clustered by PubChem compound; uncertainty is over the observed compound panel, not broader chemical space.	NPC
10x_reference	3	10.0	1.0	True	l1000_phase1	l1000_phase2	dose_threshold_dataset_pair_line	delta_vs_baseline_pair_deg_lfc_spearman_p05	mean_delta_vs_baseline_pair_deg_lfc_spearman_p05	-0.26122514593438567	-0.4018718325686846	-0.13110982075479613	0.13538100590694424	bca	ok	0.95	2000	2000	35	30	30	pubchem_cid			95% BCa bootstrap CI clustered by PubChem compound; uncertainty is over the observed compound panel, not broader chemical space.	NPC
10x_reference	3	10.0	1.0	True	l1000_phase1	l1000_phase2	dose_threshold_dataset_pair_line	observed_direction_agreement_p05	mean_observed_direction_agreement_p05	0.890739542150845	0.7913660916683245	0.9444768566111306	0.07655538247140303	bca	ok	0.95	2000	2000	35	20	20	pubchem_cid			95% BCa bootstrap CI clustered by PubChem compound; uncertainty is over the observed compound panel, not broader chemical space.	NPC
10x_reference	3	10.0	1.0	True	l1000_phase1	l1000_phase2	dose_threshold_dataset_pair_line	baseline_pair_direction_agreement_p05	mean_baseline_pair_direction_agreement_p05	0.6951203920746377	0.6308136681266298	0.7441252626361614	0.05665579725476583	bca	ok	0.95	2000	2000	35	34	34	pubchem_cid			95% BCa bootstrap CI clustered by PubChem compound; uncertainty is over the observed compound panel, not broader chemical space.	NPC
10x_reference	3	10.0	1.0	True	l1000_phase1	l1000_phase2	dose_threshold_dataset_pair_line	delta_vs_baseline_pair_direction_agreement_p05	mean_delta_vs_baseline_pair_direction_agreement_p05	0.12865615018273546	0.024297141185902687	0.20141740300144653	0.08856013090777193	bca	ok	0.95	2000	2000	35	20	20	pubchem_cid			95% BCa bootstrap CI clustered by PubChem compound; uncertainty is over the observed compound panel, not broader chemical space.	NPC
10x_reference	3	10.0	1.0	True	l1000_phase1	sciplex	dose_threshold_dataset_pair_line	observed_deg_lfc_spearman_sym_p05	mean_observed_deg_lfc_spearman_sym_p05	0.34870017136700826	0.21514093462486306	0.4506541329173607	0.11775659914624881	bca	ok	0.95	2000	2000	74	26	26	pubchem_cid			95% BCa bootstrap CI clustered by PubChem compound; uncertainty is over the observed compound panel, not broader chemical space.	CVCL_0023
10x_reference	3	10.0	1.0	True	l1000_phase1	sciplex	dose_threshold_dataset_pair_line	baseline_pair_deg_lfc_spearman_p05	mean_baseline_pair_deg_lfc_spearman_p05	0.4086801990089099	0.3099288486358004	0.48598472293471595	0.08802793714945778	bca	ok	0.95	2000	2000	74	67	67	pubchem_cid			95% BCa bootstrap CI clustered by PubChem compound; uncertainty is over the observed compound panel, not broader chemical space.	CVCL_0023
10x_reference	3	10.0	1.0	True	l1000_phase1	sciplex	dose_threshold_dataset_pair_line	delta_vs_baseline_pair_deg_lfc_spearman_p05	mean_delta_vs_baseline_pair_deg_lfc_spearman_p05	-0.13957341544387408	-0.25977481353852794	-0.04040250667084774	0.1096861534338401	bca	ok	0.95	2000	2000	74	26	26	pubchem_cid			95% BCa bootstrap CI clustered by PubChem compound; uncertainty is over the observed compound panel, not broader chemical space.	CVCL_0023
10x_reference	3	10.0	1.0	True	l1000_phase1	sciplex	dose_threshold_dataset_pair_line	observed_direction_agreement_p05	mean_observed_direction_agreement_p05	0.9107742037336586	0.8423120081526085	0.9589953664257828	0.05834167913658711	bca	ok	0.95	2000	2000	74	26	26	pubchem_cid			95% BCa bootstrap CI clustered by PubChem compound; uncertainty is over the observed compound panel, not broader chemical space.	CVCL_0023
10x_reference	3	10.0	1.0	True	l1000_phase1	sciplex	dose_threshold_dataset_pair_line	baseline_pair_direction_agreement_p05	mean_baseline_pair_direction_agreement_p05	0.6957878719679677	0.6446676486116758	0.7372379621377727	0.04628515676304845	bca	ok	0.95	2000	2000	74	71	71	pubchem_cid			95% BCa bootstrap CI clustered by PubChem compound; uncertainty is over the observed compound panel, not broader chemical space.	CVCL_0023
10x_reference	3	10.0	1.0	True	l1000_phase1	sciplex	dose_threshold_dataset_pair_line	delta_vs_baseline_pair_direction_agreement_p05	mean_delta_vs_baseline_pair_direction_agreement_p05	0.15590900038295014	0.09451263399446513	0.22297545695966262	0.06423141148259874	bca	ok	0.95	2000	2000	74	26	26	pubchem_cid			95% BCa bootstrap CI clustered by PubChem compound; uncertainty is over the observed compound panel, not broader chemical space.	CVCL_0023
10x_reference	3	10.0	1.0	True	l1000_phase1	sciplex	dose_threshold_dataset_pair_line	observed_deg_lfc_spearman_sym_p05	mean_observed_deg_lfc_spearman_sym_p05	0.42196830544082525	0.35204814647664223	0.48040018019618036	0.06417601685976906	bca	ok	0.95	2000	2000	88	45	45	pubchem_cid			95% BCa bootstrap CI clustered by PubChem compound; uncertainty is over the observed compound panel, not broader chemical space.	CVCL_0031
10x_reference	3	10.0	1.0	True	l1000_phase1	sciplex	dose_threshold_dataset_pair_line	baseline_pair_deg_lfc_spearman_p05	mean_baseline_pair_deg_lfc_spearman_p05	0.5305749986817274	0.4502459284389284	0.5920681315011553	0.07091110153111346	bca	ok	0.95	2000	2000	88	80	80	pubchem_cid			95% BCa bootstrap CI clustered by PubChem compound; uncertainty is over the observed compound panel, not broader chemical space.	CVCL_0031
10x_reference	3	10.0	1.0	True	l1000_phase1	sciplex	dose_threshold_dataset_pair_line	delta_vs_baseline_pair_deg_lfc_spearman_p05	mean_delta_vs_baseline_pair_deg_lfc_spearman_p05	-0.2165250014803658	-0.28497876161321956	-0.15714394896560394	0.06391740632380781	bca	ok	0.95	2000	2000	88	45	45	pubchem_cid			95% BCa bootstrap CI clustered by PubChem compound; uncertainty is over the observed compound panel, not broader chemical space.	CVCL_0031
10x_reference	3	10.0	1.0	True	l1000_phase1	sciplex	dose_threshold_dataset_pair_line	observed_direction_agreement_p05	mean_observed_direction_agreement_p05	0.8763216327765455	0.8062221648286013	0.9184761860345725	0.05612701060298558	bca	ok	0.95	2000	2000	88	40	40	pubchem_cid			95% BCa bootstrap CI clustered by PubChem compound; uncertainty is over the observed compound panel, not broader chemical space.	CVCL_0031
10x_reference	3	10.0	1.0	True	l1000_phase1	sciplex	dose_threshold_dataset_pair_line	baseline_pair_direction_agreement_p05	mean_baseline_pair_direction_agreement_p05	0.7480699920301179	0.70735996701696	0.7790307301416008	0.03583538156232041	bca	ok	0.95	2000	2000	88	84	84	pubchem_cid			95% BCa bootstrap CI clustered by PubChem compound; uncertainty is over the observed compound panel, not broader chemical space.	CVCL_0031
10x_reference	3	10.0	1.0	True	l1000_phase1	sciplex	dose_threshold_dataset_pair_line	delta_vs_baseline_pair_direction_agreement_p05	mean_delta_vs_baseline_pair_direction_agreement_p05	0.11409411338804301	0.04139915049512366	0.17474381992631657	0.06667233471559646	bca	ok	0.95	2000	2000	88	40	40	pubchem_cid			95% BCa bootstrap CI clustered by PubChem compound; uncertainty is over the observed compound panel, not broader chemical space.	CVCL_0031
10x_reference	3	10.0	1.0	True	l1000_phase1	tahoe	dose_threshold_dataset_pair_line	observed_deg_lfc_spearman_sym_p05	mean_observed_deg_lfc_spearman_sym_p05	0.19044005746928527	0.09622362366961233	0.2821356602047115	0.09295601826754957	bca	ok	0.95	2000	2000	83	36	36	pubchem_cid			95% BCa bootstrap CI clustered by PubChem compound; uncertainty is over the observed compound panel, not broader chemical space.	CVCL_0023
10x_reference	3	10.0	1.0	True	l1000_phase1	tahoe	dose_threshold_dataset_pair_line	baseline_pair_deg_lfc_spearman_p05	mean_baseline_pair_deg_lfc_spearman_p05	0.33255378454602735	0.23463163512299787	0.41634064106313023	0.09085450297006618	bca	ok	0.95	2000	2000	83	77	77	pubchem_cid			95% BCa bootstrap CI clustered by PubChem compound; uncertainty is over the observed compound panel, not broader chemical space.	CVCL_0023
10x_reference	3	10.0	1.0	True	l1000_phase1	tahoe	dose_threshold_dataset_pair_line	delta_vs_baseline_pair_deg_lfc_spearman_p05	mean_delta_vs_baseline_pair_deg_lfc_spearman_p05	-0.20358604125200194	-0.3351687097124157	-0.06507632050806644	0.13504619460217462	bca	ok	0.95	2000	2000	83	36	36	pubchem_cid			95% BCa bootstrap CI clustered by PubChem compound; uncertainty is over the observed compound panel, not broader chemical space.	CVCL_0023
10x_reference	3	10.0	1.0	True	l1000_phase1	tahoe	dose_threshold_dataset_pair_line	observed_direction_agreement_p05	mean_observed_direction_agreement_p05	0.7098703901244506	0.56690771537272	0.8170362261271822	0.1250642553772311	bca	ok	0.95	2000	2000	83	22	22	pubchem_cid			95% BCa bootstrap CI clustered by PubChem compound; uncertainty is over the observed compound panel, not broader chemical space.	CVCL_0023
10x_reference	3	10.0	1.0	True	l1000_phase1	tahoe	dose_threshold_dataset_pair_line	baseline_pair_direction_agreement_p05	mean_baseline_pair_direction_agreement_p05	0.7219181223167929	0.673208000447775	0.7589067631766313	0.042849381364428174	bca	ok	0.95	2000	2000	83	82	82	pubchem_cid			95% BCa bootstrap CI clustered by PubChem compound; uncertainty is over the observed compound panel, not broader chemical space.	CVCL_0023
10x_reference	3	10.0	1.0	True	l1000_phase1	tahoe	dose_threshold_dataset_pair_line	delta_vs_baseline_pair_direction_agreement_p05	mean_delta_vs_baseline_pair_direction_agreement_p05	-0.0336630780646642	-0.1855810692628341	0.08753692969400154	0.13655899947841782	bca	ok	0.95	2000	2000	83	22	22	pubchem_cid			95% BCa bootstrap CI clustered by PubChem compound; uncertainty is over the observed compound panel, not broader chemical space.	CVCL_0023
10x_reference	3	10.0	1.0	True	l1000_phase1	tahoe	dose_threshold_dataset_pair_line	observed_deg_lfc_spearman_sym_p05	mean_observed_deg_lfc_spearman_sym_p05	0.1341720691585119	-0.22537393713238987	0.42327559930974457	0.3243247682210672	bca	ok	0.95	2000	2000	20	7	7	pubchem_cid			95% BCa bootstrap CI clustered by PubChem compound; uncertainty is over the observed compound panel, not broader chemical space.	CVCL_0320
10x_reference	3	10.0	1.0	True	l1000_phase1	tahoe	dose_threshold_dataset_pair_line	baseline_pair_deg_lfc_spearman_p05	mean_baseline_pair_deg_lfc_spearman_p05	0.4750706525852671	0.2113787307128865	0.6128917613626501	0.2007565153248818	bca	ok	0.95	2000	2000	20	17	17	pubchem_cid			95% BCa bootstrap CI clustered by PubChem compound; uncertainty is over the observed compound panel, not broader chemical space.	CVCL_0320
10x_reference	3	10.0	1.0	True	l1000_phase1	tahoe	dose_threshold_dataset_pair_line	delta_vs_baseline_pair_deg_lfc_spearman_p05	mean_delta_vs_baseline_pair_deg_lfc_spearman_p05	-0.42549615817563335	-0.8146166699954684	-0.12867098301354774	0.34297284349096036	bca	ok	0.95	2000	2000	20	7	7	pubchem_cid			95% BCa bootstrap CI clustered by PubChem compound; uncertainty is over the observed compound panel, not broader chemical space.	CVCL_0320
10x_reference	3	10.0	1.0	True	l1000_phase1	tahoe	dose_threshold_dataset_pair_line	observed_direction_agreement_p05	mean_observed_direction_agreement_p05	0.9061524618859415	0.8313045860883914	0.975085910652921	0.07189066228226482	bca	ok	0.95	2000	2000	20	6	6	pubchem_cid			95% BCa bootstrap CI clustered by PubChem compound; uncertainty is over the observed compound panel, not broader chemical space.	CVCL_0320
10x_reference	3	10.0	1.0	True	l1000_phase1	tahoe	dose_threshold_dataset_pair_line	baseline_pair_direction_agreement_p05	mean_baseline_pair_direction_agreement_p05	0.7629716580491048	0.6030412345113323	0.8405363968443763	0.11874758116652201	bca	ok	0.95	2000	2000	20	17	17	pubchem_cid			95% BCa bootstrap CI clustered by PubChem compound; uncertainty is over the observed compound panel, not broader chemical space.	CVCL_0320
10x_reference	3	10.0	1.0	True	l1000_phase1	tahoe	dose_threshold_dataset_pair_line	delta_vs_baseline_pair_direction_agreement_p05	mean_delta_vs_baseline_pair_direction_agreement_p05	0.13981073123544405	0.09132800787367185	0.20275075416939403	0.05571137314786109	bca	ok	0.95	2000	2000	20	6	6	pubchem_cid			95% BCa bootstrap CI clustered by PubChem compound; uncertainty is over the observed compound panel, not broader chemical space.	CVCL_0320
10x_reference	3	10.0	1.0	True	l1000_phase1	tahoe	dose_threshold_dataset_pair_line	observed_deg_lfc_spearman_sym_p05	mean_observed_deg_lfc_spearman_sym_p05	0.13037849576851027	-0.20075940401261755	0.3512671205626322	0.2760132622876249	bca	ok	0.95	2000	2000	11	7	7	pubchem_cid			95% BCa bootstrap CI clustered by PubChem compound; uncertainty is over the observed compound panel, not broader chemical space.	CVCL_0332
10x_reference	3	10.0	1.0	True	l1000_phase1	tahoe	dose_threshold_dataset_pair_line	baseline_pair_deg_lfc_spearman_p05	mean_baseline_pair_deg_lfc_spearman_p05	0.3979458405689773	0.2647534867503285	0.4922213770136888	0.11373394513168014	bca	ok	0.95	2000	2000	11	11	11	pubchem_cid			95% BCa bootstrap CI clustered by PubChem compound; uncertainty is over the observed compound panel, not broader chemical space.	CVCL_0332
10x_reference	3	10.0	1.0	True	l1000_phase1	tahoe	dose_threshold_dataset_pair_line	delta_vs_baseline_pair_deg_lfc_spearman_p05	mean_delta_vs_baseline_pair_deg_lfc_spearman_p05	-0.31318415033753266	-0.4576095142008268	-0.12174249321829367	0.16793351049126656	bca	ok	0.95	2000	2000	11	7	7	pubchem_cid			95% BCa bootstrap CI clustered by PubChem compound; uncertainty is over the observed compound panel, not broader chemical space.	CVCL_0332
10x_reference	3	10.0	1.0	True	l1000_phase1	tahoe	dose_threshold_dataset_pair_line	observed_direction_agreement_p05	mean_observed_direction_agreement_p05	0.621026684714914	0.0	0.871026684714914	0.435513342357457	bca	ok	0.95	2000	2000	11	4	4	pubchem_cid			95% BCa bootstrap CI clustered by PubChem compound; uncertainty is over the observed compound panel, not broader chemical space.	CVCL_0332
10x_reference	3	10.0	1.0	True	l1000_phase1	tahoe	dose_threshold_dataset_pair_line	baseline_pair_direction_agreement_p05	mean_baseline_pair_direction_agreement_p05	0.7462864963607949	0.6848369342322667	0.8007700075763129	0.05796653667202312	bca	ok	0.95	2000	2000	11	11	11	pubchem_cid			95% BCa bootstrap CI clustered by PubChem compound; uncertainty is over the observed compound panel, not broader chemical space.	CVCL_0332
10x_reference	3	10.0	1.0	True	l1000_phase1	tahoe	dose_threshold_dataset_pair_line	delta_vs_baseline_pair_direction_agreement_p05	mean_delta_vs_baseline_pair_direction_agreement_p05	-0.16533337818511684	-0.7468946540880503	0.05167673986908082	0.3992856969785656	bca	ok	0.95	2000	2000	11	4	4	pubchem_cid			95% BCa bootstrap CI clustered by PubChem compound; uncertainty is over the observed compound panel, not broader chemical space.	CVCL_0332
10x_reference	3	10.0	1.0	True	l1000_phase2	sciplex	dose_threshold_dataset_pair_line	observed_deg_lfc_spearman_sym_p05	mean_observed_deg_lfc_spearman_sym_p05	0.5668820127339008	0.4166470572016391	0.648813641484146	0.11608329214125346	bca	ok	0.95	2000	2000	44	17	17	pubchem_cid			95% BCa bootstrap CI clustered by PubChem compound; uncertainty is over the observed compound panel, not broader chemical space.	CVCL_0023
10x_reference	3	10.0	1.0	True	l1000_phase2	sciplex	dose_threshold_dataset_pair_line	baseline_pair_deg_lfc_spearman_p05	mean_baseline_pair_deg_lfc_spearman_p05	0.4126772118368824	0.2826544795004715	0.5142437196157204	0.11579462005762442	bca	ok	0.95	2000	2000	44	42	42	pubchem_cid			95% BCa bootstrap CI clustered by PubChem compound; uncertainty is over the observed compound panel, not broader chemical space.	CVCL_0023
10x_reference	3	10.0	1.0	True	l1000_phase2	sciplex	dose_threshold_dataset_pair_line	delta_vs_baseline_pair_deg_lfc_spearman_p05	mean_delta_vs_baseline_pair_deg_lfc_spearman_p05	-0.009200160183867604	-0.08988509370248456	0.07950913221899227	0.08469711296073841	bca	ok	0.95	2000	2000	44	17	17	pubchem_cid			95% BCa bootstrap CI clustered by PubChem compound; uncertainty is over the observed compound panel, not broader chemical space.	CVCL_0023
10x_reference	3	10.0	1.0	True	l1000_phase2	sciplex	dose_threshold_dataset_pair_line	observed_direction_agreement_p05	mean_observed_direction_agreement_p05	0.9552941997913535	0.8453234048450852	0.9889132925897632	0.07179494387233903	bca	ok	0.95	2000	2000	44	17	17	pubchem_cid			95% BCa bootstrap CI clustered by PubChem compound; uncertainty is over the observed compound panel, not broader chemical space.	CVCL_0023
10x_reference	3	10.0	1.0	True	l1000_phase2	sciplex	dose_threshold_dataset_pair_line	baseline_pair_direction_agreement_p05	mean_baseline_pair_direction_agreement_p05	0.7279090926331776	0.6708993080491553	0.7759867915374346	0.052543741744139616	bca	ok	0.95	2000	2000	44	43	43	pubchem_cid			95% BCa bootstrap CI clustered by PubChem compound; uncertainty is over the observed compound panel, not broader chemical space.	CVCL_0023
10x_reference	3	10.0	1.0	True	l1000_phase2	sciplex	dose_threshold_dataset_pair_line	delta_vs_baseline_pair_direction_agreement_p05	mean_delta_vs_baseline_pair_direction_agreement_p05	0.17296230756084685	0.08580958347335864	0.25888748728633354	0.08653895190648744	bca	ok	0.95	2000	2000	44	17	17	pubchem_cid			95% BCa bootstrap CI clustered by PubChem compound; uncertainty is over the observed compound panel, not broader chemical space.	CVCL_0023
10x_reference	3	10.0	1.0	True	l1000_phase2	sciplex	dose_threshold_dataset_pair_line	observed_deg_lfc_spearman_sym_p05	mean_observed_deg_lfc_spearman_sym_p05	0.46390400084599914	0.4031145038940976	0.5116718706843046	0.05427868339510353	bca	ok	0.95	2000	2000	83	48	48	pubchem_cid			95% BCa bootstrap CI clustered by PubChem compound; uncertainty is over the observed compound panel, not broader chemical space.	CVCL_0031
10x_reference	3	10.0	1.0	True	l1000_phase2	sciplex	dose_threshold_dataset_pair_line	baseline_pair_deg_lfc_spearman_p05	mean_baseline_pair_deg_lfc_spearman_p05	0.3851846265420348	0.3122792456628143	0.44767684149739273	0.06769879791728922	bca	ok	0.95	2000	2000	83	81	81	pubchem_cid			95% BCa bootstrap CI clustered by PubChem compound; uncertainty is over the observed compound panel, not broader chemical space.	CVCL_0031
10x_reference	3	10.0	1.0	True	l1000_phase2	sciplex	dose_threshold_dataset_pair_line	delta_vs_baseline_pair_deg_lfc_spearman_p05	mean_delta_vs_baseline_pair_deg_lfc_spearman_p05	-0.14169818140510773	-0.2102488946314508	-0.06752048142687986	0.07136420660228547	bca	ok	0.95	2000	2000	83	48	48	pubchem_cid			95% BCa bootstrap CI clustered by PubChem compound; uncertainty is over the observed compound panel, not broader chemical space.	CVCL_0031
10x_reference	3	10.0	1.0	True	l1000_phase2	sciplex	dose_threshold_dataset_pair_line	observed_direction_agreement_p05	mean_observed_direction_agreement_p05	0.9470600858452128	0.9061202200612938	0.9680194440911846	0.030949612014945393	bca	ok	0.95	2000	2000	83	48	48	pubchem_cid			95% BCa bootstrap CI clustered by PubChem compound; uncertainty is over the observed compound panel, not broader chemical space.	CVCL_0031
10x_reference	3	10.0	1.0	True	l1000_phase2	sciplex	dose_threshold_dataset_pair_line	baseline_pair_direction_agreement_p05	mean_baseline_pair_direction_agreement_p05	0.6588485395554768	0.6244518803523876	0.6926895653274509	0.03411884248753161	bca	ok	0.95	2000	2000	83	82	82	pubchem_cid			95% BCa bootstrap CI clustered by PubChem compound; uncertainty is over the observed compound panel, not broader chemical space.	CVCL_0031
10x_reference	3	10.0	1.0	True	l1000_phase2	sciplex	dose_threshold_dataset_pair_line	delta_vs_baseline_pair_direction_agreement_p05	mean_delta_vs_baseline_pair_direction_agreement_p05	0.19094762206069205	0.15800243259898428	0.22999372182854685	0.03599564461478129	bca	ok	0.95	2000	2000	83	48	48	pubchem_cid			95% BCa bootstrap CI clustered by PubChem compound; uncertainty is over the observed compound panel, not broader chemical space.	CVCL_0031
10x_reference	3	10.0	1.0	True	l1000_phase2	tahoe	dose_threshold_dataset_pair_line	observed_deg_lfc_spearman_sym_p05	mean_observed_deg_lfc_spearman_sym_p05	0.21426484746437824	0.06862729377148444	0.33638335002345804	0.13387802812598681	bca	ok	0.95	2000	2000	24	18	18	pubchem_cid			95% BCa bootstrap CI clustered by PubChem compound; uncertainty is over the observed compound panel, not broader chemical space.	CVCL_0023
10x_reference	3	10.0	1.0	True	l1000_phase2	tahoe	dose_threshold_dataset_pair_line	baseline_pair_deg_lfc_spearman_p05	mean_baseline_pair_deg_lfc_spearman_p05	0.47485934371858657	0.34696304747308604	0.5742932117502823	0.1136650821385981	bca	ok	0.95	2000	2000	24	24	24	pubchem_cid			95% BCa bootstrap CI clustered by PubChem compound; uncertainty is over the observed compound panel, not broader chemical space.	CVCL_0023
10x_reference	3	10.0	1.0	True	l1000_phase2	tahoe	dose_threshold_dataset_pair_line	delta_vs_baseline_pair_deg_lfc_spearman_p05	mean_delta_vs_baseline_pair_deg_lfc_spearman_p05	-0.23945992830248233	-0.35199992864311735	-0.10063004485231025	0.12568494189540355	bca	ok	0.95	2000	2000	24	18	18	pubchem_cid			95% BCa bootstrap CI clustered by PubChem compound; uncertainty is over the observed compound panel, not broader chemical space.	CVCL_0023
10x_reference	3	10.0	1.0	True	l1000_phase2	tahoe	dose_threshold_dataset_pair_line	observed_direction_agreement_p05	mean_observed_direction_agreement_p05	0.7041399223527868	0.48614147042610567	0.8383399200782478	0.17609922482607104	bca	ok	0.95	2000	2000	24	11	11	pubchem_cid			95% BCa bootstrap CI clustered by PubChem compound; uncertainty is over the observed compound panel, not broader chemical space.	CVCL_0023
10x_reference	3	10.0	1.0	True	l1000_phase2	tahoe	dose_threshold_dataset_pair_line	baseline_pair_direction_agreement_p05	mean_baseline_pair_direction_agreement_p05	0.7386892829331511	0.6640920238719747	0.7838217506164322	0.05986486337222874	bca	ok	0.95	2000	2000	24	24	24	pubchem_cid			95% BCa bootstrap CI clustered by PubChem compound; uncertainty is over the observed compound panel, not broader chemical space.	CVCL_0023
10x_reference	3	10.0	1.0	True	l1000_phase2	tahoe	dose_threshold_dataset_pair_line	delta_vs_baseline_pair_direction_agreement_p05	mean_delta_vs_baseline_pair_direction_agreement_p05	-0.07425804160091586	-0.3275169680307363	0.05205004423048757	0.18978350613061196	bca	ok	0.95	2000	2000	24	11	11	pubchem_cid			95% BCa bootstrap CI clustered by PubChem compound; uncertainty is over the observed compound panel, not broader chemical space.	CVCL_0023
10x_reference	3	10.0	1.0	True	l1000_phase2	tahoe	dose_threshold_dataset_pair_line	observed_deg_lfc_spearman_sym_p05	mean_observed_deg_lfc_spearman_sym_p05	0.04457980757058095	-0.044664813884077996	0.13377090543813422	0.08921785966110611	bca	ok	0.95	2000	2000	110	59	59	pubchem_cid			95% BCa bootstrap CI clustered by PubChem compound; uncertainty is over the observed compound panel, not broader chemical space.	CVCL_0320
10x_reference	3	10.0	1.0	True	l1000_phase2	tahoe	dose_threshold_dataset_pair_line	baseline_pair_deg_lfc_spearman_p05	mean_baseline_pair_deg_lfc_spearman_p05	0.263349710327066	0.18425012736521093	0.332226312899679	0.07398809276723405	bca	ok	0.95	2000	2000	110	108	108	pubchem_cid			95% BCa bootstrap CI clustered by PubChem compound; uncertainty is over the observed compound panel, not broader chemical space.	CVCL_0320
10x_reference	3	10.0	1.0	True	l1000_phase2	tahoe	dose_threshold_dataset_pair_line	delta_vs_baseline_pair_deg_lfc_spearman_p05	mean_delta_vs_baseline_pair_deg_lfc_spearman_p05	-0.3254542740779999	-0.4190878435013547	-0.21339776063033605	0.10284504143550932	bca	ok	0.95	2000	2000	110	59	59	pubchem_cid			95% BCa bootstrap CI clustered by PubChem compound; uncertainty is over the observed compound panel, not broader chemical space.	CVCL_0320
10x_reference	3	10.0	1.0	True	l1000_phase2	tahoe	dose_threshold_dataset_pair_line	observed_direction_agreement_p05	mean_observed_direction_agreement_p05	0.6636824482451461	0.5430120456034305	0.7632832366987949	0.11013559554768221	bca	ok	0.95	2000	2000	110	29	29	pubchem_cid			95% BCa bootstrap CI clustered by PubChem compound; uncertainty is over the observed compound panel, not broader chemical space.	CVCL_0320
10x_reference	3	10.0	1.0	True	l1000_phase2	tahoe	dose_threshold_dataset_pair_line	baseline_pair_direction_agreement_p05	mean_baseline_pair_direction_agreement_p05	0.674240464337475	0.6421249916980073	0.7029961246835533	0.030435566492773014	bca	ok	0.95	2000	2000	110	110	110	pubchem_cid			95% BCa bootstrap CI clustered by PubChem compound; uncertainty is over the observed compound panel, not broader chemical space.	CVCL_0320
10x_reference	3	10.0	1.0	True	l1000_phase2	tahoe	dose_threshold_dataset_pair_line	delta_vs_baseline_pair_direction_agreement_p05	mean_delta_vs_baseline_pair_direction_agreement_p05	-0.10021297968494126	-0.22782287285924172	0.0038636093010441016	0.1158432410801429	bca	ok	0.95	2000	2000	110	29	29	pubchem_cid			95% BCa bootstrap CI clustered by PubChem compound; uncertainty is over the observed compound panel, not broader chemical space.	CVCL_0320
10x_reference	3	10.0	1.0	True	tahoe	sciplex	dose_threshold_dataset_pair_line	observed_deg_lfc_spearman_sym_p05	mean_observed_deg_lfc_spearman_sym_p05	0.12383918823035202	-0.06055468587211455	0.2920867883674391	0.17632073711977683	bca	ok	0.95	2000	2000	23	14	14	pubchem_cid			95% BCa bootstrap CI clustered by PubChem compound; uncertainty is over the observed compound panel, not broader chemical space.	CVCL_0023
10x_reference	3	10.0	1.0	True	tahoe	sciplex	dose_threshold_dataset_pair_line	baseline_pair_deg_lfc_spearman_p05	mean_baseline_pair_deg_lfc_spearman_p05	0.5993371814454158	0.48615188311367685	0.6807359613960405	0.09729203914118184	bca	ok	0.95	2000	2000	23	23	23	pubchem_cid			95% BCa bootstrap CI clustered by PubChem compound; uncertainty is over the observed compound panel, not broader chemical space.	CVCL_0023
10x_reference	3	10.0	1.0	True	tahoe	sciplex	dose_threshold_dataset_pair_line	delta_vs_baseline_pair_deg_lfc_spearman_p05	mean_delta_vs_baseline_pair_deg_lfc_spearman_p05	-0.46548863878874897	-0.6736452123128974	-0.2572277589020871	0.20820872670540516	bca	ok	0.95	2000	2000	23	14	14	pubchem_cid			95% BCa bootstrap CI clustered by PubChem compound; uncertainty is over the observed compound panel, not broader chemical space.	CVCL_0023
10x_reference	3	10.0	1.0	True	tahoe	sciplex	dose_threshold_dataset_pair_line	observed_direction_agreement_p05	mean_observed_direction_agreement_p05	0.8957179320303899	0.8345505264501365	0.9491584868290304	0.057303980189446935	bca	ok	0.95	2000	2000	23	8	8	pubchem_cid			95% BCa bootstrap CI clustered by PubChem compound; uncertainty is over the observed compound panel, not broader chemical space.	CVCL_0023
10x_reference	3	10.0	1.0	True	tahoe	sciplex	dose_threshold_dataset_pair_line	baseline_pair_direction_agreement_p05	mean_baseline_pair_direction_agreement_p05	0.8316508665979963	0.7890543187580514	0.8774701379727661	0.04420790960735732	bca	ok	0.95	2000	2000	23	23	23	pubchem_cid			95% BCa bootstrap CI clustered by PubChem compound; uncertainty is over the observed compound panel, not broader chemical space.	CVCL_0023
10x_reference	3	10.0	1.0	True	tahoe	sciplex	dose_threshold_dataset_pair_line	delta_vs_baseline_pair_direction_agreement_p05	mean_delta_vs_baseline_pair_direction_agreement_p05	0.08321488503243149	0.0054177272785077375	0.13374425289498396	0.06416326280823811	bca	ok	0.95	2000	2000	23	8	8	pubchem_cid			95% BCa bootstrap CI clustered by PubChem compound; uncertainty is over the observed compound panel, not broader chemical space.	CVCL_0023
