dataset_a	dataset_b	summary_level	metric	value_col	mean	ci_low	ci_high	ci_half_width	ci_method	ci_status	ci_level	n_bootstrap_iterations	n_bootstrap_valid	n_rows	n_finite_rows	n_compounds	cluster_col	inner_strata	outer_strata	uncertainty_scope	cell_type
l1000_phase1	l1000_phase2	peer_baseline_dataset_pair	pb_observed_deg_lfc_spearman_p05	mean_pb_observed_deg_lfc_spearman_p05	0.3715759013036289	0.3307080222230446	0.4125998387248788	0.040945908250917123	bca	ok	0.95	2000	2000	1060	985	242	pubchem_cid			95% BCa bootstrap CI clustered by PubChem compound; uncertainty is over the observed compound panel, not broader chemical space.	
l1000_phase1	l1000_phase2	peer_baseline_dataset_pair	pb_source_centroid_deg_lfc_spearman_pair_p05	mean_pb_source_centroid_deg_lfc_spearman_pair_p05	0.4558129229163247	0.4326358304716633	0.4777318236426562	0.022547996585496444	bca	ok	0.95	2000	2000	1060	1049	254	pubchem_cid			95% BCa bootstrap CI clustered by PubChem compound; uncertainty is over the observed compound panel, not broader chemical space.	
l1000_phase1	l1000_phase2	peer_baseline_dataset_pair	pb_delta_vs_source_centroid_deg_lfc_spearman_p05	mean_pb_delta_vs_source_centroid_deg_lfc_spearman_p05	-0.09433094474177611	-0.1248411176526083	-0.06274566412400029	0.031047726764304007	bca	ok	0.95	2000	2000	1060	985	242	pubchem_cid			95% BCa bootstrap CI clustered by PubChem compound; uncertainty is over the observed compound panel, not broader chemical space.	
l1000_phase1	l1000_phase2	peer_baseline_dataset_pair	pb_target_centroid_deg_lfc_spearman_pair_p05	mean_pb_target_centroid_deg_lfc_spearman_pair_p05	0.31020944116847066	0.28593999751254773	0.3349502468773046	0.02450512468237845	bca	ok	0.95	2000	2000	1060	1052	255	pubchem_cid			95% BCa bootstrap CI clustered by PubChem compound; uncertainty is over the observed compound panel, not broader chemical space.	
l1000_phase1	l1000_phase2	peer_baseline_dataset_pair	pb_delta_vs_target_centroid_deg_lfc_spearman_p05	mean_pb_delta_vs_target_centroid_deg_lfc_spearman_p05	0.0501847833775381	0.020501953088539488	0.07881949612587594	0.029158771518668226	bca	ok	0.95	2000	2000	1060	985	242	pubchem_cid			95% BCa bootstrap CI clustered by PubChem compound; uncertainty is over the observed compound panel, not broader chemical space.	
l1000_phase1	l1000_phase2	peer_baseline_dataset_pair	pb_source_peer_deg_lfc_spearman_pair_p05	mean_pb_source_peer_deg_lfc_spearman_pair_p05	0.09633474307307584	0.08598014359897693	0.10650585945519161	0.010262857928107341	bca	ok	0.95	2000	2000	1060	1049	254	pubchem_cid			95% BCa bootstrap CI clustered by PubChem compound; uncertainty is over the observed compound panel, not broader chemical space.	
l1000_phase1	l1000_phase2	peer_baseline_dataset_pair	pb_delta_vs_source_peer_deg_lfc_spearman_p05	mean_pb_delta_vs_source_peer_deg_lfc_spearman_p05	0.2674513707428116	0.23069713047791332	0.30127657788623113	0.03528972370415891	bca	ok	0.95	2000	2000	1060	985	242	pubchem_cid			95% BCa bootstrap CI clustered by PubChem compound; uncertainty is over the observed compound panel, not broader chemical space.	
l1000_phase1	l1000_phase2	peer_baseline_dataset_pair	pb_source_peer_deg_lfc_spearman_pair_p05_sd_score	mean_pb_source_peer_deg_lfc_spearman_pair_p05_sd_score	0.3527939872544173	0.339828698302177	0.3646392179514184	0.012405259824620707	bca	ok	0.95	2000	2000	1060	1049	254	pubchem_cid			95% BCa bootstrap CI clustered by PubChem compound; uncertainty is over the observed compound panel, not broader chemical space.	
l1000_phase1	l1000_phase2	peer_baseline_dataset_pair	pb_source_peer_deg_lfc_spearman_pair_p05_fraction_below_observed	mean_pb_source_peer_deg_lfc_spearman_pair_p05_fraction_below_observed	0.6994320170434868	0.6727173918037738	0.726119483656874	0.026701045926550093	bca	ok	0.95	2000	2000	1060	1049	254	pubchem_cid			95% BCa bootstrap CI clustered by PubChem compound; uncertainty is over the observed compound panel, not broader chemical space.	
l1000_phase1	l1000_phase2	peer_baseline_dataset_pair	pb_source_peer_deg_lfc_spearman_pair_p05_corrected_percentile	mean_pb_source_peer_deg_lfc_spearman_pair_p05_corrected_percentile	0.7022345441712665	0.6757632690521462	0.7296386909396374	0.026937710943745585	bca	ok	0.95	2000	2000	1060	1049	254	pubchem_cid			95% BCa bootstrap CI clustered by PubChem compound; uncertainty is over the observed compound panel, not broader chemical space.	
l1000_phase1	l1000_phase2	peer_baseline_dataset_pair	pb_target_peer_deg_lfc_spearman_pair_p05	mean_pb_target_peer_deg_lfc_spearman_pair_p05	0.044859218066463424	0.03624497981796796	0.05422464633694928	0.00898983325949066	bca	ok	0.95	2000	2000	1060	1052	255	pubchem_cid			95% BCa bootstrap CI clustered by PubChem compound; uncertainty is over the observed compound panel, not broader chemical space.	
l1000_phase1	l1000_phase2	peer_baseline_dataset_pair	pb_delta_vs_target_peer_deg_lfc_spearman_p05	mean_pb_delta_vs_target_peer_deg_lfc_spearman_p05	0.3183958458555296	0.28244967537584265	0.3520085411994366	0.03477943291179697	bca	ok	0.95	2000	2000	1060	985	242	pubchem_cid			95% BCa bootstrap CI clustered by PubChem compound; uncertainty is over the observed compound panel, not broader chemical space.	
l1000_phase1	l1000_phase2	peer_baseline_dataset_pair	pb_target_peer_deg_lfc_spearman_pair_p05_sd_score	mean_pb_target_peer_deg_lfc_spearman_pair_p05_sd_score	0.3352606720759637	0.32265180573458413	0.3475816777980884	0.012464936031752138	bca	ok	0.95	2000	2000	1060	1051	255	pubchem_cid			95% BCa bootstrap CI clustered by PubChem compound; uncertainty is over the observed compound panel, not broader chemical space.	
l1000_phase1	l1000_phase2	peer_baseline_dataset_pair	pb_target_peer_deg_lfc_spearman_pair_p05_fraction_below_observed	mean_pb_target_peer_deg_lfc_spearman_pair_p05_fraction_below_observed	0.7413995073403344	0.715218188977541	0.7668340375197089	0.02580792427108397	bca	ok	0.95	2000	2000	1060	1052	255	pubchem_cid			95% BCa bootstrap CI clustered by PubChem compound; uncertainty is over the observed compound panel, not broader chemical space.	
l1000_phase1	l1000_phase2	peer_baseline_dataset_pair	pb_target_peer_deg_lfc_spearman_pair_p05_corrected_percentile	mean_pb_target_peer_deg_lfc_spearman_pair_p05_corrected_percentile	0.7435688509652708	0.7154986122655494	0.7675378021188866	0.026019594926668554	bca	ok	0.95	2000	2000	1060	1052	255	pubchem_cid			95% BCa bootstrap CI clustered by PubChem compound; uncertainty is over the observed compound panel, not broader chemical space.	
l1000_phase1	l1000_phase2	peer_baseline_dataset_pair	pb_observed_direction_agreement_p05	mean_pb_observed_direction_agreement_p05	0.9174928909719515	0.9022838425547982	0.9308535791327025	0.014284868288952146	bca	ok	0.95	2000	2000	1060	845	211	pubchem_cid			95% BCa bootstrap CI clustered by PubChem compound; uncertainty is over the observed compound panel, not broader chemical space.	
l1000_phase1	l1000_phase2	peer_baseline_dataset_pair	pb_source_centroid_direction_agreement_pair_p05	mean_pb_source_centroid_direction_agreement_pair_p05	0.7244357240285955	0.7121862545958079	0.7367103110990147	0.01226202825160344	bca	ok	0.95	2000	2000	1060	1054	256	pubchem_cid			95% BCa bootstrap CI clustered by PubChem compound; uncertainty is over the observed compound panel, not broader chemical space.	
l1000_phase1	l1000_phase2	peer_baseline_dataset_pair	pb_delta_vs_source_centroid_direction_agreement_p05	mean_pb_delta_vs_source_centroid_direction_agreement_p05	0.15615018324475022	0.14037298549981347	0.17288732777971827	0.016257171139952398	bca	ok	0.95	2000	2000	1060	845	211	pubchem_cid			95% BCa bootstrap CI clustered by PubChem compound; uncertainty is over the observed compound panel, not broader chemical space.	
l1000_phase1	l1000_phase2	peer_baseline_dataset_pair	pb_target_centroid_direction_agreement_pair_p05	mean_pb_target_centroid_direction_agreement_pair_p05	0.6406211271284356	0.6286899152790302	0.6523298431460275	0.011819963933498656	bca	ok	0.95	2000	2000	1060	1056	256	pubchem_cid			95% BCa bootstrap CI clustered by PubChem compound; uncertainty is over the observed compound panel, not broader chemical space.	
l1000_phase1	l1000_phase2	peer_baseline_dataset_pair	pb_delta_vs_target_centroid_direction_agreement_p05	mean_pb_delta_vs_target_centroid_direction_agreement_p05	0.23304467607859988	0.21839361303615687	0.24716774158400054	0.014387064273921835	bca	ok	0.95	2000	2000	1060	845	211	pubchem_cid			95% BCa bootstrap CI clustered by PubChem compound; uncertainty is over the observed compound panel, not broader chemical space.	
l1000_phase1	l1000_phase2	peer_baseline_dataset_pair	pb_source_peer_direction_agreement_pair_p05	mean_pb_source_peer_direction_agreement_pair_p05	0.5704097129311503	0.5648766001862211	0.576042103993543	0.005582751903660976	bca	ok	0.95	2000	2000	1060	845	211	pubchem_cid			95% BCa bootstrap CI clustered by PubChem compound; uncertainty is over the observed compound panel, not broader chemical space.	
l1000_phase1	l1000_phase2	peer_baseline_dataset_pair	pb_delta_vs_source_peer_direction_agreement_p05	mean_pb_delta_vs_source_peer_direction_agreement_p05	0.3470831780408011	0.33318500708788834	0.3599788363600048	0.013396914636058216	bca	ok	0.95	2000	2000	1060	845	211	pubchem_cid			95% BCa bootstrap CI clustered by PubChem compound; uncertainty is over the observed compound panel, not broader chemical space.	
l1000_phase1	l1000_phase2	peer_baseline_dataset_pair	pb_source_peer_direction_agreement_pair_p05_sd_score	mean_pb_source_peer_direction_agreement_pair_p05_sd_score	0.14352595340128865	0.13933784234662847	0.14718455820784693	0.003923357930609231	bca	ok	0.95	2000	2000	1060	845	211	pubchem_cid			95% BCa bootstrap CI clustered by PubChem compound; uncertainty is over the observed compound panel, not broader chemical space.	
l1000_phase1	l1000_phase2	peer_baseline_dataset_pair	pb_source_peer_direction_agreement_pair_p05_fraction_below_observed	mean_pb_source_peer_direction_agreement_pair_p05_fraction_below_observed	0.9270356508338554	0.9114857798251041	0.9411037582547623	0.014808989214829094	bca	ok	0.95	2000	2000	1060	845	211	pubchem_cid			95% BCa bootstrap CI clustered by PubChem compound; uncertainty is over the observed compound panel, not broader chemical space.	
l1000_phase1	l1000_phase2	peer_baseline_dataset_pair	pb_source_peer_direction_agreement_pair_p05_corrected_percentile	mean_pb_source_peer_direction_agreement_pair_p05_corrected_percentile	0.92816503462012	0.9121478018847607	0.9411695076393621	0.014510852877300695	bca	ok	0.95	2000	2000	1060	845	211	pubchem_cid			95% BCa bootstrap CI clustered by PubChem compound; uncertainty is over the observed compound panel, not broader chemical space.	
l1000_phase1	l1000_phase2	peer_baseline_dataset_pair	pb_target_peer_direction_agreement_pair_p05	mean_pb_target_peer_direction_agreement_pair_p05	0.5444750182808284	0.5390798331369427	0.550224002923522	0.005572084893289642	bca	ok	0.95	2000	2000	1060	845	211	pubchem_cid			95% BCa bootstrap CI clustered by PubChem compound; uncertainty is over the observed compound panel, not broader chemical space.	
l1000_phase1	l1000_phase2	peer_baseline_dataset_pair	pb_delta_vs_target_peer_direction_agreement_p05	mean_pb_delta_vs_target_peer_direction_agreement_p05	0.3730178726911231	0.3605061814000344	0.38589198934508534	0.012692903972525482	bca	ok	0.95	2000	2000	1060	845	211	pubchem_cid			95% BCa bootstrap CI clustered by PubChem compound; uncertainty is over the observed compound panel, not broader chemical space.	
l1000_phase1	l1000_phase2	peer_baseline_dataset_pair	pb_target_peer_direction_agreement_pair_p05_sd_score	mean_pb_target_peer_direction_agreement_pair_p05_sd_score	0.13035078966907418	0.12640208996620633	0.1339404914791976	0.0037692007564956304	bca	ok	0.95	2000	2000	1060	845	211	pubchem_cid			95% BCa bootstrap CI clustered by PubChem compound; uncertainty is over the observed compound panel, not broader chemical space.	
l1000_phase1	l1000_phase2	peer_baseline_dataset_pair	pb_target_peer_direction_agreement_pair_p05_fraction_below_observed	mean_pb_target_peer_direction_agreement_pair_p05_fraction_below_observed	0.9390573030820464	0.9230259017837121	0.9516171050252845	0.014295601620786191	bca	ok	0.95	2000	2000	1060	845	211	pubchem_cid			95% BCa bootstrap CI clustered by PubChem compound; uncertainty is over the observed compound panel, not broader chemical space.	
l1000_phase1	l1000_phase2	peer_baseline_dataset_pair	pb_target_peer_direction_agreement_pair_p05_corrected_percentile	mean_pb_target_peer_direction_agreement_pair_p05_corrected_percentile	0.9399949226043937	0.9242690385819222	0.9522820701384657	0.014006515778271722	bca	ok	0.95	2000	2000	1060	845	211	pubchem_cid			95% BCa bootstrap CI clustered by PubChem compound; uncertainty is over the observed compound panel, not broader chemical space.	
l1000_phase1	sciplex	peer_baseline_dataset_pair	pb_observed_deg_lfc_spearman_p05	mean_pb_observed_deg_lfc_spearman_p05	0.39513772113210355	0.33065932593079095	0.45474497400837066	0.06204282403878986	bca	ok	0.95	2000	2000	162	71	51	pubchem_cid			95% BCa bootstrap CI clustered by PubChem compound; uncertainty is over the observed compound panel, not broader chemical space.	
l1000_phase1	sciplex	peer_baseline_dataset_pair	pb_source_centroid_deg_lfc_spearman_pair_p05	mean_pb_source_centroid_deg_lfc_spearman_pair_p05	0.4750175049533004	0.41354038198313614	0.5227804126420185	0.05462001532944116	bca	ok	0.95	2000	2000	162	147	87	pubchem_cid			95% BCa bootstrap CI clustered by PubChem compound; uncertainty is over the observed compound panel, not broader chemical space.	
l1000_phase1	sciplex	peer_baseline_dataset_pair	pb_delta_vs_source_centroid_deg_lfc_spearman_p05	mean_pb_delta_vs_source_centroid_deg_lfc_spearman_p05	-0.18834554743883364	-0.24652738181400505	-0.12985543217986292	0.05833597481707106	bca	ok	0.95	2000	2000	162	71	51	pubchem_cid			95% BCa bootstrap CI clustered by PubChem compound; uncertainty is over the observed compound panel, not broader chemical space.	
l1000_phase1	sciplex	peer_baseline_dataset_pair	pb_target_centroid_deg_lfc_spearman_pair_p05	mean_pb_target_centroid_deg_lfc_spearman_pair_p05	0.2609576664441731	0.20253816014958642	0.30872709926095676	0.05309446955568517	bca	ok	0.95	2000	2000	162	147	87	pubchem_cid			95% BCa bootstrap CI clustered by PubChem compound; uncertainty is over the observed compound panel, not broader chemical space.	
l1000_phase1	sciplex	peer_baseline_dataset_pair	pb_delta_vs_target_centroid_deg_lfc_spearman_p05	mean_pb_delta_vs_target_centroid_deg_lfc_spearman_p05	0.04711400719779137	-0.02874449595234055	0.11835510248799211	0.07354979922016633	bca	ok	0.95	2000	2000	162	71	51	pubchem_cid			95% BCa bootstrap CI clustered by PubChem compound; uncertainty is over the observed compound panel, not broader chemical space.	
l1000_phase1	sciplex	peer_baseline_dataset_pair	pb_source_peer_deg_lfc_spearman_pair_p05	mean_pb_source_peer_deg_lfc_spearman_pair_p05	0.09686127706303689	0.0784998624378233	0.11376913184016507	0.01763463470117089	bca	ok	0.95	2000	2000	162	147	87	pubchem_cid			95% BCa bootstrap CI clustered by PubChem compound; uncertainty is over the observed compound panel, not broader chemical space.	
l1000_phase1	sciplex	peer_baseline_dataset_pair	pb_delta_vs_source_peer_deg_lfc_spearman_p05	mean_pb_delta_vs_source_peer_deg_lfc_spearman_p05	0.23977730395459612	0.18057791685598734	0.3005153477561877	0.059968715450100185	bca	ok	0.95	2000	2000	162	71	51	pubchem_cid			95% BCa bootstrap CI clustered by PubChem compound; uncertainty is over the observed compound panel, not broader chemical space.	
l1000_phase1	sciplex	peer_baseline_dataset_pair	pb_source_peer_deg_lfc_spearman_pair_p05_sd_score	mean_pb_source_peer_deg_lfc_spearman_pair_p05_sd_score	0.36306853594305416	0.33862104461448095	0.3921942969035712	0.026786626144545134	bca	ok	0.95	2000	2000	162	147	87	pubchem_cid			95% BCa bootstrap CI clustered by PubChem compound; uncertainty is over the observed compound panel, not broader chemical space.	
l1000_phase1	sciplex	peer_baseline_dataset_pair	pb_source_peer_deg_lfc_spearman_pair_p05_fraction_below_observed	mean_pb_source_peer_deg_lfc_spearman_pair_p05_fraction_below_observed	0.6259623554222858	0.5855597286823144	0.6678312909980182	0.04113578115785188	bca	ok	0.95	2000	2000	162	147	87	pubchem_cid			95% BCa bootstrap CI clustered by PubChem compound; uncertainty is over the observed compound panel, not broader chemical space.	
l1000_phase1	sciplex	peer_baseline_dataset_pair	pb_source_peer_deg_lfc_spearman_pair_p05_corrected_percentile	mean_pb_source_peer_deg_lfc_spearman_pair_p05_corrected_percentile	0.6288170707010645	0.5887482384893344	0.6705502128825687	0.04090098719661711	bca	ok	0.95	2000	2000	162	147	87	pubchem_cid			95% BCa bootstrap CI clustered by PubChem compound; uncertainty is over the observed compound panel, not broader chemical space.	
l1000_phase1	sciplex	peer_baseline_dataset_pair	pb_target_peer_deg_lfc_spearman_pair_p05	mean_pb_target_peer_deg_lfc_spearman_pair_p05	0.06885365167273032	0.054554673643525446	0.08241792454618936	0.013931625451331957	bca	ok	0.95	2000	2000	162	147	87	pubchem_cid			95% BCa bootstrap CI clustered by PubChem compound; uncertainty is over the observed compound panel, not broader chemical space.	
l1000_phase1	sciplex	peer_baseline_dataset_pair	pb_delta_vs_target_peer_deg_lfc_spearman_p05	mean_pb_delta_vs_target_peer_deg_lfc_spearman_p05	0.312328810398647	0.25035115880584796	0.3701566098242286	0.05990272550919032	bca	ok	0.95	2000	2000	162	71	51	pubchem_cid			95% BCa bootstrap CI clustered by PubChem compound; uncertainty is over the observed compound panel, not broader chemical space.	
l1000_phase1	sciplex	peer_baseline_dataset_pair	pb_target_peer_deg_lfc_spearman_pair_p05_sd_score	mean_pb_target_peer_deg_lfc_spearman_pair_p05_sd_score	0.29569002893913965	0.26642794848988555	0.3307667507787921	0.03216940114445327	bca	ok	0.95	2000	2000	162	147	87	pubchem_cid			95% BCa bootstrap CI clustered by PubChem compound; uncertainty is over the observed compound panel, not broader chemical space.	
l1000_phase1	sciplex	peer_baseline_dataset_pair	pb_target_peer_deg_lfc_spearman_pair_p05_fraction_below_observed	mean_pb_target_peer_deg_lfc_spearman_pair_p05_fraction_below_observed	0.6685498386158177	0.6146149932101375	0.7188402464691316	0.05211262662949706	bca	ok	0.95	2000	2000	162	147	87	pubchem_cid			95% BCa bootstrap CI clustered by PubChem compound; uncertainty is over the observed compound panel, not broader chemical space.	
l1000_phase1	sciplex	peer_baseline_dataset_pair	pb_target_peer_deg_lfc_spearman_pair_p05_corrected_percentile	mean_pb_target_peer_deg_lfc_spearman_pair_p05_corrected_percentile	0.6703047043113208	0.6178388770567803	0.7176096387228376	0.049885380833028625	bca	ok	0.95	2000	2000	162	147	87	pubchem_cid			95% BCa bootstrap CI clustered by PubChem compound; uncertainty is over the observed compound panel, not broader chemical space.	
l1000_phase1	sciplex	peer_baseline_dataset_pair	pb_observed_direction_agreement_p05	mean_pb_observed_direction_agreement_p05	0.8898938576990447	0.8461362559485384	0.9231496498451849	0.03850669694832326	bca	ok	0.95	2000	2000	162	66	46	pubchem_cid			95% BCa bootstrap CI clustered by PubChem compound; uncertainty is over the observed compound panel, not broader chemical space.	
l1000_phase1	sciplex	peer_baseline_dataset_pair	pb_source_centroid_direction_agreement_pair_p05	mean_pb_source_centroid_direction_agreement_pair_p05	0.7241214080016491	0.6949710347887362	0.7514769982580508	0.02825298173465729	bca	ok	0.95	2000	2000	162	155	90	pubchem_cid			95% BCa bootstrap CI clustered by PubChem compound; uncertainty is over the observed compound panel, not broader chemical space.	
l1000_phase1	sciplex	peer_baseline_dataset_pair	pb_delta_vs_source_centroid_direction_agreement_p05	mean_pb_delta_vs_source_centroid_direction_agreement_p05	0.13056664462846093	0.07878471543834842	0.17771771134041642	0.049466497951034	bca	ok	0.95	2000	2000	162	66	46	pubchem_cid			95% BCa bootstrap CI clustered by PubChem compound; uncertainty is over the observed compound panel, not broader chemical space.	
l1000_phase1	sciplex	peer_baseline_dataset_pair	pb_target_centroid_direction_agreement_pair_p05	mean_pb_target_centroid_direction_agreement_pair_p05	0.6289505582239254	0.6035120167161735	0.6514338253218704	0.023960904302848474	bca	ok	0.95	2000	2000	162	155	90	pubchem_cid			95% BCa bootstrap CI clustered by PubChem compound; uncertainty is over the observed compound panel, not broader chemical space.	
l1000_phase1	sciplex	peer_baseline_dataset_pair	pb_delta_vs_target_centroid_direction_agreement_p05	mean_pb_delta_vs_target_centroid_direction_agreement_p05	0.2234839123873732	0.1800548200613028	0.26153226350308123	0.040738721720889215	bca	ok	0.95	2000	2000	162	66	46	pubchem_cid			95% BCa bootstrap CI clustered by PubChem compound; uncertainty is over the observed compound panel, not broader chemical space.	
l1000_phase1	sciplex	peer_baseline_dataset_pair	pb_source_peer_direction_agreement_pair_p05	mean_pb_source_peer_direction_agreement_pair_p05	0.5701160299618958	0.5610646016980789	0.5794627724837605	0.009199085392840811	bca	ok	0.95	2000	2000	162	66	46	pubchem_cid			95% BCa bootstrap CI clustered by PubChem compound; uncertainty is over the observed compound panel, not broader chemical space.	
l1000_phase1	sciplex	peer_baseline_dataset_pair	pb_delta_vs_source_peer_direction_agreement_p05	mean_pb_delta_vs_source_peer_direction_agreement_p05	0.319777827737149	0.276047614230062	0.3550681766814296	0.039510281225683785	bca	ok	0.95	2000	2000	162	66	46	pubchem_cid			95% BCa bootstrap CI clustered by PubChem compound; uncertainty is over the observed compound panel, not broader chemical space.	
l1000_phase1	sciplex	peer_baseline_dataset_pair	pb_source_peer_direction_agreement_pair_p05_sd_score	mean_pb_source_peer_direction_agreement_pair_p05_sd_score	0.16270261071010206	0.14869275018905476	0.18240232275912335	0.0168547862850343	bca	ok	0.95	2000	2000	162	66	46	pubchem_cid			95% BCa bootstrap CI clustered by PubChem compound; uncertainty is over the observed compound panel, not broader chemical space.	
l1000_phase1	sciplex	peer_baseline_dataset_pair	pb_source_peer_direction_agreement_pair_p05_fraction_below_observed	mean_pb_source_peer_direction_agreement_pair_p05_fraction_below_observed	0.871273861856962	0.8083655884715876	0.910793329897239	0.05121387071282574	bca	ok	0.95	2000	2000	162	66	46	pubchem_cid			95% BCa bootstrap CI clustered by PubChem compound; uncertainty is over the observed compound panel, not broader chemical space.	
l1000_phase1	sciplex	peer_baseline_dataset_pair	pb_source_peer_direction_agreement_pair_p05_corrected_percentile	mean_pb_source_peer_direction_agreement_pair_p05_corrected_percentile	0.8723671248662931	0.8099087104172513	0.9127681069780978	0.051429698280423264	bca	ok	0.95	2000	2000	162	66	46	pubchem_cid			95% BCa bootstrap CI clustered by PubChem compound; uncertainty is over the observed compound panel, not broader chemical space.	
l1000_phase1	sciplex	peer_baseline_dataset_pair	pb_target_peer_direction_agreement_pair_p05	mean_pb_target_peer_direction_agreement_pair_p05	0.5352656187812641	0.528544138392323	0.5460461175775214	0.008750989592599234	bca	ok	0.95	2000	2000	162	66	46	pubchem_cid			95% BCa bootstrap CI clustered by PubChem compound; uncertainty is over the observed compound panel, not broader chemical space.	
l1000_phase1	sciplex	peer_baseline_dataset_pair	pb_delta_vs_target_peer_direction_agreement_p05	mean_pb_delta_vs_target_peer_direction_agreement_p05	0.3546282389177806	0.3099511410517696	0.38801752479876295	0.039033191873496687	bca	ok	0.95	2000	2000	162	66	46	pubchem_cid			95% BCa bootstrap CI clustered by PubChem compound; uncertainty is over the observed compound panel, not broader chemical space.	
l1000_phase1	sciplex	peer_baseline_dataset_pair	pb_target_peer_direction_agreement_pair_p05_sd_score	mean_pb_target_peer_direction_agreement_pair_p05_sd_score	0.12114354786753101	0.10560186544684888	0.14031832369029631	0.017358229121723717	bca	ok	0.95	2000	2000	162	66	46	pubchem_cid			95% BCa bootstrap CI clustered by PubChem compound; uncertainty is over the observed compound panel, not broader chemical space.	
l1000_phase1	sciplex	peer_baseline_dataset_pair	pb_target_peer_direction_agreement_pair_p05_fraction_below_observed	mean_pb_target_peer_direction_agreement_pair_p05_fraction_below_observed	0.9026473852977532	0.8440595887104503	0.9381981133916979	0.04706926234062381	bca	ok	0.95	2000	2000	162	66	46	pubchem_cid			95% BCa bootstrap CI clustered by PubChem compound; uncertainty is over the observed compound panel, not broader chemical space.	
l1000_phase1	sciplex	peer_baseline_dataset_pair	pb_target_peer_direction_agreement_pair_p05_corrected_percentile	mean_pb_target_peer_direction_agreement_pair_p05_corrected_percentile	0.9034577468180327	0.8402651843327661	0.9395362456537516	0.049635530660492755	bca	ok	0.95	2000	2000	162	66	46	pubchem_cid			95% BCa bootstrap CI clustered by PubChem compound; uncertainty is over the observed compound panel, not broader chemical space.	
l1000_phase1	tahoe	peer_baseline_dataset_pair	pb_observed_deg_lfc_spearman_p05	mean_pb_observed_deg_lfc_spearman_p05	0.17415392046766848	0.069142074297317	0.26345481990600933	0.09715637280434616	bca	ok	0.95	2000	2000	114	50	40	pubchem_cid			95% BCa bootstrap CI clustered by PubChem compound; uncertainty is over the observed compound panel, not broader chemical space.	
l1000_phase1	tahoe	peer_baseline_dataset_pair	pb_source_centroid_deg_lfc_spearman_pair_p05	mean_pb_source_centroid_deg_lfc_spearman_pair_p05	0.36247854047859424	0.2812811429452109	0.43203777532674414	0.07537831619076663	bca	ok	0.95	2000	2000	114	105	80	pubchem_cid			95% BCa bootstrap CI clustered by PubChem compound; uncertainty is over the observed compound panel, not broader chemical space.	
l1000_phase1	tahoe	peer_baseline_dataset_pair	pb_delta_vs_source_centroid_deg_lfc_spearman_p05	mean_pb_delta_vs_source_centroid_deg_lfc_spearman_p05	-0.2499971928932846	-0.37750756647569594	-0.13434800680182887	0.12157977983693354	bca	ok	0.95	2000	2000	114	50	40	pubchem_cid			95% BCa bootstrap CI clustered by PubChem compound; uncertainty is over the observed compound panel, not broader chemical space.	
l1000_phase1	tahoe	peer_baseline_dataset_pair	pb_target_centroid_deg_lfc_spearman_pair_p05	mean_pb_target_centroid_deg_lfc_spearman_pair_p05	-0.011866457432706057	-0.07682316212169331	0.0498994593769089	0.0633613107493011	bca	ok	0.95	2000	2000	114	106	80	pubchem_cid			95% BCa bootstrap CI clustered by PubChem compound; uncertainty is over the observed compound panel, not broader chemical space.	
l1000_phase1	tahoe	peer_baseline_dataset_pair	pb_delta_vs_target_centroid_deg_lfc_spearman_p05	mean_pb_delta_vs_target_centroid_deg_lfc_spearman_p05	0.14086185616069805	0.015825060618148788	0.2526653827237043	0.11842016105277776	bca	ok	0.95	2000	2000	114	50	40	pubchem_cid			95% BCa bootstrap CI clustered by PubChem compound; uncertainty is over the observed compound panel, not broader chemical space.	
l1000_phase1	tahoe	peer_baseline_dataset_pair	pb_source_peer_deg_lfc_spearman_pair_p05	mean_pb_source_peer_deg_lfc_spearman_pair_p05	0.08064302319858895	0.05615053971285556	0.10901659833654487	0.026433029311844655	bca	ok	0.95	2000	2000	114	105	80	pubchem_cid			95% BCa bootstrap CI clustered by PubChem compound; uncertainty is over the observed compound panel, not broader chemical space.	
l1000_phase1	tahoe	peer_baseline_dataset_pair	pb_delta_vs_source_peer_deg_lfc_spearman_p05	mean_pb_delta_vs_source_peer_deg_lfc_spearman_p05	0.03171019306290002	-0.0739159952780655	0.1263822193612454	0.10014910731965546	bca	ok	0.95	2000	2000	114	50	40	pubchem_cid			95% BCa bootstrap CI clustered by PubChem compound; uncertainty is over the observed compound panel, not broader chemical space.	
l1000_phase1	tahoe	peer_baseline_dataset_pair	pb_source_peer_deg_lfc_spearman_pair_p05_sd_score	mean_pb_source_peer_deg_lfc_spearman_pair_p05_sd_score	0.3913685881004762	0.3572149299710178	0.4316960675379258	0.037240568783454	bca	ok	0.95	2000	2000	114	105	80	pubchem_cid			95% BCa bootstrap CI clustered by PubChem compound; uncertainty is over the observed compound panel, not broader chemical space.	
l1000_phase1	tahoe	peer_baseline_dataset_pair	pb_source_peer_deg_lfc_spearman_pair_p05_fraction_below_observed	mean_pb_source_peer_deg_lfc_spearman_pair_p05_fraction_below_observed	0.5433651206831499	0.4795690102250694	0.5997493606910484	0.06009017523298951	bca	ok	0.95	2000	2000	114	105	80	pubchem_cid			95% BCa bootstrap CI clustered by PubChem compound; uncertainty is over the observed compound panel, not broader chemical space.	
l1000_phase1	tahoe	peer_baseline_dataset_pair	pb_source_peer_deg_lfc_spearman_pair_p05_corrected_percentile	mean_pb_source_peer_deg_lfc_spearman_pair_p05_corrected_percentile	0.5460961513916116	0.48857015061024506	0.603757789202277	0.05759381929601595	bca	ok	0.95	2000	2000	114	105	80	pubchem_cid			95% BCa bootstrap CI clustered by PubChem compound; uncertainty is over the observed compound panel, not broader chemical space.	
l1000_phase1	tahoe	peer_baseline_dataset_pair	pb_target_peer_deg_lfc_spearman_pair_p05	mean_pb_target_peer_deg_lfc_spearman_pair_p05	-0.0010933207310255908	-0.01850042422508306	0.015672879417021085	0.017086651821052075	bca	ok	0.95	2000	2000	114	106	80	pubchem_cid			95% BCa bootstrap CI clustered by PubChem compound; uncertainty is over the observed compound panel, not broader chemical space.	
l1000_phase1	tahoe	peer_baseline_dataset_pair	pb_delta_vs_target_peer_deg_lfc_spearman_p05	mean_pb_delta_vs_target_peer_deg_lfc_spearman_p05	0.15331606136517625	0.03653999367905198	0.24271895070398733	0.10308947851246768	bca	ok	0.95	2000	2000	114	50	40	pubchem_cid			95% BCa bootstrap CI clustered by PubChem compound; uncertainty is over the observed compound panel, not broader chemical space.	
l1000_phase1	tahoe	peer_baseline_dataset_pair	pb_target_peer_deg_lfc_spearman_pair_p05_sd_score	mean_pb_target_peer_deg_lfc_spearman_pair_p05_sd_score	0.335357240747443	0.29504686277100184	0.38139270786088875	0.043172922544943454	bca	ok	0.95	2000	2000	114	106	80	pubchem_cid			95% BCa bootstrap CI clustered by PubChem compound; uncertainty is over the observed compound panel, not broader chemical space.	
l1000_phase1	tahoe	peer_baseline_dataset_pair	pb_target_peer_deg_lfc_spearman_pair_p05_fraction_below_observed	mean_pb_target_peer_deg_lfc_spearman_pair_p05_fraction_below_observed	0.6419911265851621	0.5795494316344788	0.7058726378821959	0.06316160312385855	bca	ok	0.95	2000	2000	114	106	80	pubchem_cid			95% BCa bootstrap CI clustered by PubChem compound; uncertainty is over the observed compound panel, not broader chemical space.	
l1000_phase1	tahoe	peer_baseline_dataset_pair	pb_target_peer_deg_lfc_spearman_pair_p05_corrected_percentile	mean_pb_target_peer_deg_lfc_spearman_pair_p05_corrected_percentile	0.6429366136138437	0.5759866995939236	0.7034421929151882	0.0637277466606323	bca	ok	0.95	2000	2000	114	106	80	pubchem_cid			95% BCa bootstrap CI clustered by PubChem compound; uncertainty is over the observed compound panel, not broader chemical space.	
l1000_phase1	tahoe	peer_baseline_dataset_pair	pb_observed_direction_agreement_p05	mean_pb_observed_direction_agreement_p05	0.735567815403538	0.606515191491632	0.8277908723753272	0.1106378404418476	bca	ok	0.95	2000	2000	114	32	26	pubchem_cid			95% BCa bootstrap CI clustered by PubChem compound; uncertainty is over the observed compound panel, not broader chemical space.	
l1000_phase1	tahoe	peer_baseline_dataset_pair	pb_source_centroid_direction_agreement_pair_p05	mean_pb_source_centroid_direction_agreement_pair_p05	0.7306995970616411	0.6917780373900051	0.7630350721630806	0.03562851738653777	bca	ok	0.95	2000	2000	114	110	85	pubchem_cid			95% BCa bootstrap CI clustered by PubChem compound; uncertainty is over the observed compound panel, not broader chemical space.	
l1000_phase1	tahoe	peer_baseline_dataset_pair	pb_delta_vs_source_centroid_direction_agreement_p05	mean_pb_delta_vs_source_centroid_direction_agreement_p05	-0.017595526335950493	-0.15477190368895913	0.08080919020368468	0.1177905469463219	bca	ok	0.95	2000	2000	114	32	26	pubchem_cid			95% BCa bootstrap CI clustered by PubChem compound; uncertainty is over the observed compound panel, not broader chemical space.	
l1000_phase1	tahoe	peer_baseline_dataset_pair	pb_target_centroid_direction_agreement_pair_p05	mean_pb_target_centroid_direction_agreement_pair_p05	0.49460593586325585	0.4615563765815722	0.528689055429001	0.0335663394237144	bca	ok	0.95	2000	2000	114	111	85	pubchem_cid			95% BCa bootstrap CI clustered by PubChem compound; uncertainty is over the observed compound panel, not broader chemical space.	
l1000_phase1	tahoe	peer_baseline_dataset_pair	pb_delta_vs_target_centroid_direction_agreement_p05	mean_pb_delta_vs_target_centroid_direction_agreement_p05	0.22633339044186018	0.09129218961445246	0.3261897994880271	0.11744880493678733	bca	ok	0.95	2000	2000	114	32	26	pubchem_cid			95% BCa bootstrap CI clustered by PubChem compound; uncertainty is over the observed compound panel, not broader chemical space.	
l1000_phase1	tahoe	peer_baseline_dataset_pair	pb_source_peer_direction_agreement_pair_p05	mean_pb_source_peer_direction_agreement_pair_p05	0.5875515210037303	0.5733105690793376	0.6003584658688456	0.01352394839475396	bca	ok	0.95	2000	2000	114	32	26	pubchem_cid			95% BCa bootstrap CI clustered by PubChem compound; uncertainty is over the observed compound panel, not broader chemical space.	
l1000_phase1	tahoe	peer_baseline_dataset_pair	pb_delta_vs_source_peer_direction_agreement_p05	mean_pb_delta_vs_source_peer_direction_agreement_p05	0.14801629439980776	0.006708594993215564	0.2456832105967594	0.11948730780177191	bca	ok	0.95	2000	2000	114	32	26	pubchem_cid			95% BCa bootstrap CI clustered by PubChem compound; uncertainty is over the observed compound panel, not broader chemical space.	
l1000_phase1	tahoe	peer_baseline_dataset_pair	pb_source_peer_direction_agreement_pair_p05_sd_score	mean_pb_source_peer_direction_agreement_pair_p05_sd_score	0.1296555419560883	0.11227611573925131	0.1481230003801661	0.017923442320457394	bca	ok	0.95	2000	2000	114	32	26	pubchem_cid			95% BCa bootstrap CI clustered by PubChem compound; uncertainty is over the observed compound panel, not broader chemical space.	
l1000_phase1	tahoe	peer_baseline_dataset_pair	pb_source_peer_direction_agreement_pair_p05_fraction_below_observed	mean_pb_source_peer_direction_agreement_pair_p05_fraction_below_observed	0.7417302187154138	0.5889864512844213	0.8517434481246963	0.1313784984201375	bca	ok	0.95	2000	2000	114	32	26	pubchem_cid			95% BCa bootstrap CI clustered by PubChem compound; uncertainty is over the observed compound panel, not broader chemical space.	
l1000_phase1	tahoe	peer_baseline_dataset_pair	pb_source_peer_direction_agreement_pair_p05_corrected_percentile	mean_pb_source_peer_direction_agreement_pair_p05_corrected_percentile	0.7424832568233174	0.5927796235390385	0.8530872059834573	0.13015379122220944	bca	ok	0.95	2000	2000	114	32	26	pubchem_cid			95% BCa bootstrap CI clustered by PubChem compound; uncertainty is over the observed compound panel, not broader chemical space.	
l1000_phase1	tahoe	peer_baseline_dataset_pair	pb_target_peer_direction_agreement_pair_p05	mean_pb_target_peer_direction_agreement_pair_p05	0.5076870004093813	0.50277348246844	0.5137828460159347	0.005504681773747355	bca	ok	0.95	2000	2000	114	32	26	pubchem_cid			95% BCa bootstrap CI clustered by PubChem compound; uncertainty is over the observed compound panel, not broader chemical space.	
l1000_phase1	tahoe	peer_baseline_dataset_pair	pb_delta_vs_target_peer_direction_agreement_p05	mean_pb_delta_vs_target_peer_direction_agreement_p05	0.22788081499415666	0.1058416818752721	0.325760414465954	0.10995936629534095	bca	ok	0.95	2000	2000	114	32	26	pubchem_cid			95% BCa bootstrap CI clustered by PubChem compound; uncertainty is over the observed compound panel, not broader chemical space.	
l1000_phase1	tahoe	peer_baseline_dataset_pair	pb_target_peer_direction_agreement_pair_p05_sd_score	mean_pb_target_peer_direction_agreement_pair_p05_sd_score	0.09786201434479652	0.08138125999830609	0.12263460213945103	0.02062667107057247	bca	ok	0.95	2000	2000	114	32	26	pubchem_cid			95% BCa bootstrap CI clustered by PubChem compound; uncertainty is over the observed compound panel, not broader chemical space.	
l1000_phase1	tahoe	peer_baseline_dataset_pair	pb_target_peer_direction_agreement_pair_p05_fraction_below_observed	mean_pb_target_peer_direction_agreement_pair_p05_fraction_below_observed	0.810586145673696	0.651904305912477	0.9113242190349539	0.12970995656123846	bca	ok	0.95	2000	2000	114	32	26	pubchem_cid			95% BCa bootstrap CI clustered by PubChem compound; uncertainty is over the observed compound panel, not broader chemical space.	
l1000_phase1	tahoe	peer_baseline_dataset_pair	pb_target_peer_direction_agreement_pair_p05_corrected_percentile	mean_pb_target_peer_direction_agreement_pair_p05_corrected_percentile	0.8111248766487691	0.6480951804674524	0.9151439026645509	0.13352436109854926	bca	ok	0.95	2000	2000	114	32	26	pubchem_cid			95% BCa bootstrap CI clustered by PubChem compound; uncertainty is over the observed compound panel, not broader chemical space.	
l1000_phase2	sciplex	peer_baseline_dataset_pair	pb_observed_deg_lfc_spearman_p05	mean_pb_observed_deg_lfc_spearman_p05	0.49083671164745035	0.4230794719647482	0.5394965562779743	0.05820854215661306	bca	ok	0.95	2000	2000	127	65	51	pubchem_cid			95% BCa bootstrap CI clustered by PubChem compound; uncertainty is over the observed compound panel, not broader chemical space.	
l1000_phase2	sciplex	peer_baseline_dataset_pair	pb_source_centroid_deg_lfc_spearman_pair_p05	mean_pb_source_centroid_deg_lfc_spearman_pair_p05	0.39457233859393404	0.32349445843906927	0.4444854426097575	0.060495492085344105	bca	ok	0.95	2000	2000	127	123	81	pubchem_cid			95% BCa bootstrap CI clustered by PubChem compound; uncertainty is over the observed compound panel, not broader chemical space.	
l1000_phase2	sciplex	peer_baseline_dataset_pair	pb_delta_vs_source_centroid_deg_lfc_spearman_p05	mean_pb_delta_vs_source_centroid_deg_lfc_spearman_p05	-0.10704485277801415	-0.1613499148385119	-0.04413457850095142	0.05860766816878024	bca	ok	0.95	2000	2000	127	65	51	pubchem_cid			95% BCa bootstrap CI clustered by PubChem compound; uncertainty is over the observed compound panel, not broader chemical space.	
l1000_phase2	sciplex	peer_baseline_dataset_pair	pb_target_centroid_deg_lfc_spearman_pair_p05	mean_pb_target_centroid_deg_lfc_spearman_pair_p05	0.22914881366297013	0.15926984093112037	0.28958105897687414	0.06515560902287688	bca	ok	0.95	2000	2000	127	123	81	pubchem_cid			95% BCa bootstrap CI clustered by PubChem compound; uncertainty is over the observed compound panel, not broader chemical space.	
l1000_phase2	sciplex	peer_baseline_dataset_pair	pb_delta_vs_target_centroid_deg_lfc_spearman_p05	mean_pb_delta_vs_target_centroid_deg_lfc_spearman_p05	0.09663385932169706	0.042034661019186695	0.16187625127318114	0.059920795126997224	bca	ok	0.95	2000	2000	127	65	51	pubchem_cid			95% BCa bootstrap CI clustered by PubChem compound; uncertainty is over the observed compound panel, not broader chemical space.	
l1000_phase2	sciplex	peer_baseline_dataset_pair	pb_source_peer_deg_lfc_spearman_pair_p05	mean_pb_source_peer_deg_lfc_spearman_pair_p05	0.03818027456718625	0.015507503580363619	0.059333756675321106	0.021913126547478744	bca	ok	0.95	2000	2000	127	123	81	pubchem_cid			95% BCa bootstrap CI clustered by PubChem compound; uncertainty is over the observed compound panel, not broader chemical space.	
l1000_phase2	sciplex	peer_baseline_dataset_pair	pb_delta_vs_source_peer_deg_lfc_spearman_p05	mean_pb_delta_vs_source_peer_deg_lfc_spearman_p05	0.3315296349414445	0.2760293702367526	0.3792344217639418	0.05160252576359459	bca	ok	0.95	2000	2000	127	65	51	pubchem_cid			95% BCa bootstrap CI clustered by PubChem compound; uncertainty is over the observed compound panel, not broader chemical space.	
l1000_phase2	sciplex	peer_baseline_dataset_pair	pb_source_peer_deg_lfc_spearman_pair_p05_sd_score	mean_pb_source_peer_deg_lfc_spearman_pair_p05_sd_score	0.4226485668937294	0.3885345347096723	0.4626386487852603	0.03705205703779399	bca	ok	0.95	2000	2000	127	123	81	pubchem_cid			95% BCa bootstrap CI clustered by PubChem compound; uncertainty is over the observed compound panel, not broader chemical space.	
l1000_phase2	sciplex	peer_baseline_dataset_pair	pb_source_peer_deg_lfc_spearman_pair_p05_fraction_below_observed	mean_pb_source_peer_deg_lfc_spearman_pair_p05_fraction_below_observed	0.6227614613537859	0.5743144072549605	0.6699106508628727	0.047798121803956095	bca	ok	0.95	2000	2000	127	123	81	pubchem_cid			95% BCa bootstrap CI clustered by PubChem compound; uncertainty is over the observed compound panel, not broader chemical space.	
l1000_phase2	sciplex	peer_baseline_dataset_pair	pb_source_peer_deg_lfc_spearman_pair_p05_corrected_percentile	mean_pb_source_peer_deg_lfc_spearman_pair_p05_corrected_percentile	0.6238843599068942	0.5737363904569884	0.6640909322468742	0.04517727089494289	bca	ok	0.95	2000	2000	127	123	81	pubchem_cid			95% BCa bootstrap CI clustered by PubChem compound; uncertainty is over the observed compound panel, not broader chemical space.	
l1000_phase2	sciplex	peer_baseline_dataset_pair	pb_target_peer_deg_lfc_spearman_pair_p05	mean_pb_target_peer_deg_lfc_spearman_pair_p05	0.04819400763024674	0.0300338329787735	0.06407455009230918	0.01702035855676784	bca	ok	0.95	2000	2000	127	123	81	pubchem_cid			95% BCa bootstrap CI clustered by PubChem compound; uncertainty is over the observed compound panel, not broader chemical space.	
l1000_phase2	sciplex	peer_baseline_dataset_pair	pb_delta_vs_target_peer_deg_lfc_spearman_p05	mean_pb_delta_vs_target_peer_deg_lfc_spearman_p05	0.39734107487259546	0.34019332686583365	0.4470675858660025	0.05343712950008442	bca	ok	0.95	2000	2000	127	65	51	pubchem_cid			95% BCa bootstrap CI clustered by PubChem compound; uncertainty is over the observed compound panel, not broader chemical space.	
l1000_phase2	sciplex	peer_baseline_dataset_pair	pb_target_peer_deg_lfc_spearman_pair_p05_sd_score	mean_pb_target_peer_deg_lfc_spearman_pair_p05_sd_score	0.3665767867489089	0.32803145692849095	0.4099086671520865	0.04093860511179778	bca	ok	0.95	2000	2000	127	123	81	pubchem_cid			95% BCa bootstrap CI clustered by PubChem compound; uncertainty is over the observed compound panel, not broader chemical space.	
l1000_phase2	sciplex	peer_baseline_dataset_pair	pb_target_peer_deg_lfc_spearman_pair_p05_fraction_below_observed	mean_pb_target_peer_deg_lfc_spearman_pair_p05_fraction_below_observed	0.6496988999440849	0.5954815538212661	0.6958400791729862	0.05017926267586004	bca	ok	0.95	2000	2000	127	123	81	pubchem_cid			95% BCa bootstrap CI clustered by PubChem compound; uncertainty is over the observed compound panel, not broader chemical space.	
l1000_phase2	sciplex	peer_baseline_dataset_pair	pb_target_peer_deg_lfc_spearman_pair_p05_corrected_percentile	mean_pb_target_peer_deg_lfc_spearman_pair_p05_corrected_percentile	0.6515553629218527	0.6032972555100112	0.7019167824012403	0.04930976344561455	bca	ok	0.95	2000	2000	127	123	81	pubchem_cid			95% BCa bootstrap CI clustered by PubChem compound; uncertainty is over the observed compound panel, not broader chemical space.	
l1000_phase2	sciplex	peer_baseline_dataset_pair	pb_observed_direction_agreement_p05	mean_pb_observed_direction_agreement_p05	0.9492136233388188	0.9143817642677682	0.9679134087432142	0.026765822237723003	bca	ok	0.95	2000	2000	127	65	50	pubchem_cid			95% BCa bootstrap CI clustered by PubChem compound; uncertainty is over the observed compound panel, not broader chemical space.	
l1000_phase2	sciplex	peer_baseline_dataset_pair	pb_source_centroid_direction_agreement_pair_p05	mean_pb_source_centroid_direction_agreement_pair_p05	0.6826053698142059	0.649917184367753	0.7098834939838259	0.029983154808036427	bca	ok	0.95	2000	2000	127	125	82	pubchem_cid			95% BCa bootstrap CI clustered by PubChem compound; uncertainty is over the observed compound panel, not broader chemical space.	
l1000_phase2	sciplex	peer_baseline_dataset_pair	pb_delta_vs_source_centroid_direction_agreement_p05	mean_pb_delta_vs_source_centroid_direction_agreement_p05	0.18624377057611716	0.15201085365532976	0.22475594597262413	0.036372546158647184	bca	ok	0.95	2000	2000	127	65	50	pubchem_cid			95% BCa bootstrap CI clustered by PubChem compound; uncertainty is over the observed compound panel, not broader chemical space.	
l1000_phase2	sciplex	peer_baseline_dataset_pair	pb_target_centroid_direction_agreement_pair_p05	mean_pb_target_centroid_direction_agreement_pair_p05	0.5868158587823582	0.5535161334635907	0.6129228031620758	0.029703334849242535	bca	ok	0.95	2000	2000	127	125	82	pubchem_cid			95% BCa bootstrap CI clustered by PubChem compound; uncertainty is over the observed compound panel, not broader chemical space.	
l1000_phase2	sciplex	peer_baseline_dataset_pair	pb_delta_vs_target_centroid_direction_agreement_p05	mean_pb_delta_vs_target_centroid_direction_agreement_p05	0.26966324594323204	0.23781454335465763	0.2971119211157592	0.029648688880550778	bca	ok	0.95	2000	2000	127	65	50	pubchem_cid			95% BCa bootstrap CI clustered by PubChem compound; uncertainty is over the observed compound panel, not broader chemical space.	
l1000_phase2	sciplex	peer_baseline_dataset_pair	pb_source_peer_direction_agreement_pair_p05	mean_pb_source_peer_direction_agreement_pair_p05	0.5736598654303607	0.5656749492332612	0.5825245758596095	0.008424813313174129	bca	ok	0.95	2000	2000	127	65	50	pubchem_cid			95% BCa bootstrap CI clustered by PubChem compound; uncertainty is over the observed compound panel, not broader chemical space.	
l1000_phase2	sciplex	peer_baseline_dataset_pair	pb_delta_vs_source_peer_direction_agreement_p05	mean_pb_delta_vs_source_peer_direction_agreement_p05	0.3755537579084582	0.34285717577368224	0.3965004548973569	0.026821639561837335	bca	ok	0.95	2000	2000	127	65	50	pubchem_cid			95% BCa bootstrap CI clustered by PubChem compound; uncertainty is over the observed compound panel, not broader chemical space.	
l1000_phase2	sciplex	peer_baseline_dataset_pair	pb_source_peer_direction_agreement_pair_p05_sd_score	mean_pb_source_peer_direction_agreement_pair_p05_sd_score	0.15448705266950627	0.13941921760716583	0.17240534085690873	0.01649306162487145	bca	ok	0.95	2000	2000	127	65	50	pubchem_cid			95% BCa bootstrap CI clustered by PubChem compound; uncertainty is over the observed compound panel, not broader chemical space.	
l1000_phase2	sciplex	peer_baseline_dataset_pair	pb_source_peer_direction_agreement_pair_p05_fraction_below_observed	mean_pb_source_peer_direction_agreement_pair_p05_fraction_below_observed	0.911795560644552	0.8573681972477281	0.9418882563710756	0.042260029561673795	bca	ok	0.95	2000	2000	127	65	50	pubchem_cid			95% BCa bootstrap CI clustered by PubChem compound; uncertainty is over the observed compound panel, not broader chemical space.	
l1000_phase2	sciplex	peer_baseline_dataset_pair	pb_source_peer_direction_agreement_pair_p05_corrected_percentile	mean_pb_source_peer_direction_agreement_pair_p05_corrected_percentile	0.9122337404365243	0.8630080756682706	0.9412024535281001	0.039097188929914706	bca	ok	0.95	2000	2000	127	65	50	pubchem_cid			95% BCa bootstrap CI clustered by PubChem compound; uncertainty is over the observed compound panel, not broader chemical space.	
l1000_phase2	sciplex	peer_baseline_dataset_pair	pb_target_peer_direction_agreement_pair_p05	mean_pb_target_peer_direction_agreement_pair_p05	0.5447235850681799	0.5386935164623525	0.5521483846783776	0.00672743410801252	bca	ok	0.95	2000	2000	127	65	50	pubchem_cid			95% BCa bootstrap CI clustered by PubChem compound; uncertainty is over the observed compound panel, not broader chemical space.	
l1000_phase2	sciplex	peer_baseline_dataset_pair	pb_delta_vs_target_peer_direction_agreement_p05	mean_pb_delta_vs_target_peer_direction_agreement_p05	0.40449003827063906	0.37062642187830835	0.4233529137653703	0.026363245943530983	bca	ok	0.95	2000	2000	127	65	50	pubchem_cid			95% BCa bootstrap CI clustered by PubChem compound; uncertainty is over the observed compound panel, not broader chemical space.	
l1000_phase2	sciplex	peer_baseline_dataset_pair	pb_target_peer_direction_agreement_pair_p05_sd_score	mean_pb_target_peer_direction_agreement_pair_p05_sd_score	0.12840337710332095	0.11348714570091772	0.14798543426865907	0.01724914428387067	bca	ok	0.95	2000	2000	127	65	50	pubchem_cid			95% BCa bootstrap CI clustered by PubChem compound; uncertainty is over the observed compound panel, not broader chemical space.	
l1000_phase2	sciplex	peer_baseline_dataset_pair	pb_target_peer_direction_agreement_pair_p05_fraction_below_observed	mean_pb_target_peer_direction_agreement_pair_p05_fraction_below_observed	0.9298866960484101	0.8867968462570919	0.9586671251161001	0.035935139429504104	bca	ok	0.95	2000	2000	127	65	50	pubchem_cid			95% BCa bootstrap CI clustered by PubChem compound; uncertainty is over the observed compound panel, not broader chemical space.	
l1000_phase2	sciplex	peer_baseline_dataset_pair	pb_target_peer_direction_agreement_pair_p05_corrected_percentile	mean_pb_target_peer_direction_agreement_pair_p05_corrected_percentile	0.9300984861446789	0.885719421316988	0.9588077484060754	0.036544163544543706	bca	ok	0.95	2000	2000	127	65	50	pubchem_cid			95% BCa bootstrap CI clustered by PubChem compound; uncertainty is over the observed compound panel, not broader chemical space.	
l1000_phase2	tahoe	peer_baseline_dataset_pair	pb_observed_deg_lfc_spearman_p05	mean_pb_observed_deg_lfc_spearman_p05	0.08424644027302705	0.0036085907882657583	0.16495229957949775	0.080671854395616	bca	ok	0.95	2000	2000	134	77	63	pubchem_cid			95% BCa bootstrap CI clustered by PubChem compound; uncertainty is over the observed compound panel, not broader chemical space.	
l1000_phase2	tahoe	peer_baseline_dataset_pair	pb_source_centroid_deg_lfc_spearman_pair_p05	mean_pb_source_centroid_deg_lfc_spearman_pair_p05	0.30180600730734247	0.2316636203318007	0.36264061148768195	0.06548849557794062	bca	ok	0.95	2000	2000	134	132	108	pubchem_cid			95% BCa bootstrap CI clustered by PubChem compound; uncertainty is over the observed compound panel, not broader chemical space.	
l1000_phase2	tahoe	peer_baseline_dataset_pair	pb_delta_vs_source_centroid_deg_lfc_spearman_p05	mean_pb_delta_vs_source_centroid_deg_lfc_spearman_p05	-0.30535169974086596	-0.3895952966253578	-0.21511422862809476	0.08724053399863152	bca	ok	0.95	2000	2000	134	77	63	pubchem_cid			95% BCa bootstrap CI clustered by PubChem compound; uncertainty is over the observed compound panel, not broader chemical space.	
l1000_phase2	tahoe	peer_baseline_dataset_pair	pb_target_centroid_deg_lfc_spearman_pair_p05	mean_pb_target_centroid_deg_lfc_spearman_pair_p05	0.09796170511471376	0.03841510452038778	0.16054706361475313	0.061065979547182674	bca	ok	0.95	2000	2000	134	132	108	pubchem_cid			95% BCa bootstrap CI clustered by PubChem compound; uncertainty is over the observed compound panel, not broader chemical space.	
l1000_phase2	tahoe	peer_baseline_dataset_pair	pb_delta_vs_target_centroid_deg_lfc_spearman_p05	mean_pb_delta_vs_target_centroid_deg_lfc_spearman_p05	0.01764974108240074	-0.08808718383502703	0.10615341007794281	0.09712029695648491	bca	ok	0.95	2000	2000	134	77	63	pubchem_cid			95% BCa bootstrap CI clustered by PubChem compound; uncertainty is over the observed compound panel, not broader chemical space.	
l1000_phase2	tahoe	peer_baseline_dataset_pair	pb_source_peer_deg_lfc_spearman_pair_p05	mean_pb_source_peer_deg_lfc_spearman_pair_p05	0.005880037516656455	-0.023591298480733304	0.03594187960776939	0.02976658904425135	bca	ok	0.95	2000	2000	134	132	108	pubchem_cid			95% BCa bootstrap CI clustered by PubChem compound; uncertainty is over the observed compound panel, not broader chemical space.	
l1000_phase2	tahoe	peer_baseline_dataset_pair	pb_delta_vs_source_peer_deg_lfc_spearman_p05	mean_pb_delta_vs_source_peer_deg_lfc_spearman_p05	-0.03269882192364569	-0.1220785594876902	0.0511134212559342	0.0865959903718122	bca	ok	0.95	2000	2000	134	77	63	pubchem_cid			95% BCa bootstrap CI clustered by PubChem compound; uncertainty is over the observed compound panel, not broader chemical space.	
l1000_phase2	tahoe	peer_baseline_dataset_pair	pb_source_peer_deg_lfc_spearman_pair_p05_sd_score	mean_pb_source_peer_deg_lfc_spearman_pair_p05_sd_score	0.4638536315126473	0.43313695910773675	0.4988964396460546	0.032879740269158936	bca	ok	0.95	2000	2000	134	132	108	pubchem_cid			95% BCa bootstrap CI clustered by PubChem compound; uncertainty is over the observed compound panel, not broader chemical space.	
l1000_phase2	tahoe	peer_baseline_dataset_pair	pb_source_peer_deg_lfc_spearman_pair_p05_fraction_below_observed	mean_pb_source_peer_deg_lfc_spearman_pair_p05_fraction_below_observed	0.5758092437014667	0.5322027193335307	0.61937187885809	0.04358457976227964	bca	ok	0.95	2000	2000	134	132	108	pubchem_cid			95% BCa bootstrap CI clustered by PubChem compound; uncertainty is over the observed compound panel, not broader chemical space.	
l1000_phase2	tahoe	peer_baseline_dataset_pair	pb_source_peer_deg_lfc_spearman_pair_p05_corrected_percentile	mean_pb_source_peer_deg_lfc_spearman_pair_p05_corrected_percentile	0.5768337700119949	0.5314099353626358	0.6214534432762203	0.045021753956792254	bca	ok	0.95	2000	2000	134	132	108	pubchem_cid			95% BCa bootstrap CI clustered by PubChem compound; uncertainty is over the observed compound panel, not broader chemical space.	
l1000_phase2	tahoe	peer_baseline_dataset_pair	pb_target_peer_deg_lfc_spearman_pair_p05	mean_pb_target_peer_deg_lfc_spearman_pair_p05	0.02546896659442316	0.005889876092936482	0.044628930676585334	0.019369527291824427	bca	ok	0.95	2000	2000	134	132	108	pubchem_cid			95% BCa bootstrap CI clustered by PubChem compound; uncertainty is over the observed compound panel, not broader chemical space.	
l1000_phase2	tahoe	peer_baseline_dataset_pair	pb_delta_vs_target_peer_deg_lfc_spearman_p05	mean_pb_delta_vs_target_peer_deg_lfc_spearman_p05	0.06995897674340042	-0.009288822143175283	0.15218452292804313	0.0807366725356092	bca	ok	0.95	2000	2000	134	77	63	pubchem_cid			95% BCa bootstrap CI clustered by PubChem compound; uncertainty is over the observed compound panel, not broader chemical space.	
l1000_phase2	tahoe	peer_baseline_dataset_pair	pb_target_peer_deg_lfc_spearman_pair_p05_sd_score	mean_pb_target_peer_deg_lfc_spearman_pair_p05_sd_score	0.42210152759183	0.3855091448901414	0.4627233619336888	0.03860710852177371	bca	ok	0.95	2000	2000	134	132	108	pubchem_cid			95% BCa bootstrap CI clustered by PubChem compound; uncertainty is over the observed compound panel, not broader chemical space.	
l1000_phase2	tahoe	peer_baseline_dataset_pair	pb_target_peer_deg_lfc_spearman_pair_p05_fraction_below_observed	mean_pb_target_peer_deg_lfc_spearman_pair_p05_fraction_below_observed	0.5807761661738827	0.5362324753976372	0.6223711162495074	0.04306932042593509	bca	ok	0.95	2000	2000	134	132	108	pubchem_cid			95% BCa bootstrap CI clustered by PubChem compound; uncertainty is over the observed compound panel, not broader chemical space.	
l1000_phase2	tahoe	peer_baseline_dataset_pair	pb_target_peer_deg_lfc_spearman_pair_p05_corrected_percentile	mean_pb_target_peer_deg_lfc_spearman_pair_p05_corrected_percentile	0.5818472719658789	0.5405855387536533	0.6264113747315008	0.042912917988923716	bca	ok	0.95	2000	2000	134	132	108	pubchem_cid			95% BCa bootstrap CI clustered by PubChem compound; uncertainty is over the observed compound panel, not broader chemical space.	
l1000_phase2	tahoe	peer_baseline_dataset_pair	pb_observed_direction_agreement_p05	mean_pb_observed_direction_agreement_p05	0.6748082536247473	0.5689214908459043	0.7662263778386847	0.09865244349639024	bca	ok	0.95	2000	2000	134	40	32	pubchem_cid			95% BCa bootstrap CI clustered by PubChem compound; uncertainty is over the observed compound panel, not broader chemical space.	
l1000_phase2	tahoe	peer_baseline_dataset_pair	pb_source_centroid_direction_agreement_pair_p05	mean_pb_source_centroid_direction_agreement_pair_p05	0.6857835363247601	0.6547108504601679	0.710215397267661	0.027752273403746586	bca	ok	0.95	2000	2000	134	134	110	pubchem_cid			95% BCa bootstrap CI clustered by PubChem compound; uncertainty is over the observed compound panel, not broader chemical space.	
l1000_phase2	tahoe	peer_baseline_dataset_pair	pb_delta_vs_source_centroid_direction_agreement_p05	mean_pb_delta_vs_source_centroid_direction_agreement_p05	-0.09307537171183426	-0.19776734043177838	0.002322310001996874	0.10004482521688762	bca	ok	0.95	2000	2000	134	40	32	pubchem_cid			95% BCa bootstrap CI clustered by PubChem compound; uncertainty is over the observed compound panel, not broader chemical space.	
l1000_phase2	tahoe	peer_baseline_dataset_pair	pb_target_centroid_direction_agreement_pair_p05	mean_pb_target_centroid_direction_agreement_pair_p05	0.5287281068533056	0.5025062036563144	0.5554577402584364	0.02647576830106102	bca	ok	0.95	2000	2000	134	134	110	pubchem_cid			95% BCa bootstrap CI clustered by PubChem compound; uncertainty is over the observed compound panel, not broader chemical space.	
l1000_phase2	tahoe	peer_baseline_dataset_pair	pb_delta_vs_target_centroid_direction_agreement_p05	mean_pb_delta_vs_target_centroid_direction_agreement_p05	0.16745149194198705	0.03710794705960378	0.2570006130288078	0.10994633298460199	bca	ok	0.95	2000	2000	134	40	32	pubchem_cid			95% BCa bootstrap CI clustered by PubChem compound; uncertainty is over the observed compound panel, not broader chemical space.	
l1000_phase2	tahoe	peer_baseline_dataset_pair	pb_source_peer_direction_agreement_pair_p05	mean_pb_source_peer_direction_agreement_pair_p05	0.5920026126303858	0.5772221351051873	0.6054484189463106	0.014113141920561678	bca	ok	0.95	2000	2000	134	40	32	pubchem_cid			95% BCa bootstrap CI clustered by PubChem compound; uncertainty is over the observed compound panel, not broader chemical space.	
l1000_phase2	tahoe	peer_baseline_dataset_pair	pb_delta_vs_source_peer_direction_agreement_p05	mean_pb_delta_vs_source_peer_direction_agreement_p05	0.0828056409943615	-0.022701717337488714	0.17218310117807648	0.0974424092577826	bca	ok	0.95	2000	2000	134	40	32	pubchem_cid			95% BCa bootstrap CI clustered by PubChem compound; uncertainty is over the observed compound panel, not broader chemical space.	
l1000_phase2	tahoe	peer_baseline_dataset_pair	pb_source_peer_direction_agreement_pair_p05_sd_score	mean_pb_source_peer_direction_agreement_pair_p05_sd_score	0.13792064597092815	0.12438308565052279	0.15215245072466932	0.013884682537073263	bca	ok	0.95	2000	2000	134	40	32	pubchem_cid			95% BCa bootstrap CI clustered by PubChem compound; uncertainty is over the observed compound panel, not broader chemical space.	
l1000_phase2	tahoe	peer_baseline_dataset_pair	pb_source_peer_direction_agreement_pair_p05_fraction_below_observed	mean_pb_source_peer_direction_agreement_pair_p05_fraction_below_observed	0.6368652867642172	0.5098927305174662	0.7442527035823848	0.11717998653245931	bca	ok	0.95	2000	2000	134	40	32	pubchem_cid			95% BCa bootstrap CI clustered by PubChem compound; uncertainty is over the observed compound panel, not broader chemical space.	
l1000_phase2	tahoe	peer_baseline_dataset_pair	pb_source_peer_direction_agreement_pair_p05_corrected_percentile	mean_pb_source_peer_direction_agreement_pair_p05_corrected_percentile	0.6378276048399452	0.5171999191296186	0.7546461828069408	0.11872313183866112	bca	ok	0.95	2000	2000	134	40	32	pubchem_cid			95% BCa bootstrap CI clustered by PubChem compound; uncertainty is over the observed compound panel, not broader chemical space.	
l1000_phase2	tahoe	peer_baseline_dataset_pair	pb_target_peer_direction_agreement_pair_p05	mean_pb_target_peer_direction_agreement_pair_p05	0.5015819520950495	0.49298938868657055	0.5088691771811108	0.007939894247270124	bca	ok	0.95	2000	2000	134	40	32	pubchem_cid			95% BCa bootstrap CI clustered by PubChem compound; uncertainty is over the observed compound panel, not broader chemical space.	
l1000_phase2	tahoe	peer_baseline_dataset_pair	pb_delta_vs_target_peer_direction_agreement_p05	mean_pb_delta_vs_target_peer_direction_agreement_p05	0.17322630152969773	0.06197595375395491	0.25953146211150874	0.0987777541787769	bca	ok	0.95	2000	2000	134	40	32	pubchem_cid			95% BCa bootstrap CI clustered by PubChem compound; uncertainty is over the observed compound panel, not broader chemical space.	
l1000_phase2	tahoe	peer_baseline_dataset_pair	pb_target_peer_direction_agreement_pair_p05_sd_score	mean_pb_target_peer_direction_agreement_pair_p05_sd_score	0.10391922689334847	0.08863193328005424	0.12299817833801707	0.017183122528981416	bca	ok	0.95	2000	2000	134	40	32	pubchem_cid			95% BCa bootstrap CI clustered by PubChem compound; uncertainty is over the observed compound panel, not broader chemical space.	
l1000_phase2	tahoe	peer_baseline_dataset_pair	pb_target_peer_direction_agreement_pair_p05_fraction_below_observed	mean_pb_target_peer_direction_agreement_pair_p05_fraction_below_observed	0.7168199553086353	0.5845638162945456	0.8268459268049357	0.12114105525519508	bca	ok	0.95	2000	2000	134	40	32	pubchem_cid			95% BCa bootstrap CI clustered by PubChem compound; uncertainty is over the observed compound panel, not broader chemical space.	
l1000_phase2	tahoe	peer_baseline_dataset_pair	pb_target_peer_direction_agreement_pair_p05_corrected_percentile	mean_pb_target_peer_direction_agreement_pair_p05_corrected_percentile	0.7175564750381348	0.5941704574885087	0.8250872245834483	0.11545838354746979	bca	ok	0.95	2000	2000	134	40	32	pubchem_cid			95% BCa bootstrap CI clustered by PubChem compound; uncertainty is over the observed compound panel, not broader chemical space.	
tahoe	sciplex	peer_baseline_dataset_pair	pb_observed_deg_lfc_spearman_p05	mean_pb_observed_deg_lfc_spearman_p05	0.12383918823035202	-0.05887323446633974	0.2864691570414331	0.17267119575388643	bca	ok	0.95	2000	2000	23	14	14	pubchem_cid			95% BCa bootstrap CI clustered by PubChem compound; uncertainty is over the observed compound panel, not broader chemical space.	
tahoe	sciplex	peer_baseline_dataset_pair	pb_source_centroid_deg_lfc_spearman_pair_p05	mean_pb_source_centroid_deg_lfc_spearman_pair_p05	0.5993371814454158	0.4937671628884466	0.6790887013731934	0.09266076924237343	bca	ok	0.95	2000	2000	23	23	23	pubchem_cid			95% BCa bootstrap CI clustered by PubChem compound; uncertainty is over the observed compound panel, not broader chemical space.	
tahoe	sciplex	peer_baseline_dataset_pair	pb_delta_vs_source_centroid_deg_lfc_spearman_p05	mean_pb_delta_vs_source_centroid_deg_lfc_spearman_p05	-0.46548863878874897	-0.6877638806053116	-0.23863889186774975	0.2245624943687809	bca	ok	0.95	2000	2000	23	14	14	pubchem_cid			95% BCa bootstrap CI clustered by PubChem compound; uncertainty is over the observed compound panel, not broader chemical space.	
tahoe	sciplex	peer_baseline_dataset_pair	pb_target_centroid_deg_lfc_spearman_pair_p05	mean_pb_target_centroid_deg_lfc_spearman_pair_p05	0.08490570906275194	-0.054180513910377676	0.24515147715635469	0.14966599553336618	bca	ok	0.95	2000	2000	23	23	23	pubchem_cid			95% BCa bootstrap CI clustered by PubChem compound; uncertainty is over the observed compound panel, not broader chemical space.	
tahoe	sciplex	peer_baseline_dataset_pair	pb_delta_vs_target_centroid_deg_lfc_spearman_p05	mean_pb_delta_vs_target_centroid_deg_lfc_spearman_p05	0.012719590293179197	-0.2432905776125404	0.20550472352349983	0.2243976505680201	bca	ok	0.95	2000	2000	23	14	14	pubchem_cid			95% BCa bootstrap CI clustered by PubChem compound; uncertainty is over the observed compound panel, not broader chemical space.	
tahoe	sciplex	peer_baseline_dataset_pair	pb_source_peer_deg_lfc_spearman_pair_p05	mean_pb_source_peer_deg_lfc_spearman_pair_p05	0.25964031998444065	0.21182436102277438	0.31471578936324807	0.05144571417023684	bca	ok	0.95	2000	2000	23	23	23	pubchem_cid			95% BCa bootstrap CI clustered by PubChem compound; uncertainty is over the observed compound panel, not broader chemical space.	
tahoe	sciplex	peer_baseline_dataset_pair	pb_delta_vs_source_peer_deg_lfc_spearman_p05	mean_pb_delta_vs_source_peer_deg_lfc_spearman_p05	-0.14263611514180954	-0.3459940412644435	0.04644749950223317	0.19622077038333832	bca	ok	0.95	2000	2000	23	14	14	pubchem_cid			95% BCa bootstrap CI clustered by PubChem compound; uncertainty is over the observed compound panel, not broader chemical space.	
tahoe	sciplex	peer_baseline_dataset_pair	pb_source_peer_deg_lfc_spearman_pair_p05_sd_score	mean_pb_source_peer_deg_lfc_spearman_pair_p05_sd_score	0.3910873337826612	0.32842922168454886	0.46665878698351415	0.06911478264948265	bca	ok	0.95	2000	2000	23	23	23	pubchem_cid			95% BCa bootstrap CI clustered by PubChem compound; uncertainty is over the observed compound panel, not broader chemical space.	
tahoe	sciplex	peer_baseline_dataset_pair	pb_source_peer_deg_lfc_spearman_pair_p05_fraction_below_observed	mean_pb_source_peer_deg_lfc_spearman_pair_p05_fraction_below_observed	0.39597876806867305	0.28258358865216426	0.5213797749880252	0.11939809316793049	bca	ok	0.95	2000	2000	23	23	23	pubchem_cid			95% BCa bootstrap CI clustered by PubChem compound; uncertainty is over the observed compound panel, not broader chemical space.	
tahoe	sciplex	peer_baseline_dataset_pair	pb_source_peer_deg_lfc_spearman_pair_p05_corrected_percentile	mean_pb_source_peer_deg_lfc_spearman_pair_p05_corrected_percentile	0.3981979677327526	0.2803025680571233	0.5180521086995671	0.1188747703212219	bca	ok	0.95	2000	2000	23	23	23	pubchem_cid			95% BCa bootstrap CI clustered by PubChem compound; uncertainty is over the observed compound panel, not broader chemical space.	
tahoe	sciplex	peer_baseline_dataset_pair	pb_target_peer_deg_lfc_spearman_pair_p05	mean_pb_target_peer_deg_lfc_spearman_pair_p05	0.039291637704851154	-0.005536370494925817	0.09135201369380401	0.048444192094364916	bca	ok	0.95	2000	2000	23	23	23	pubchem_cid			95% BCa bootstrap CI clustered by PubChem compound; uncertainty is over the observed compound panel, not broader chemical space.	
tahoe	sciplex	peer_baseline_dataset_pair	pb_delta_vs_target_peer_deg_lfc_spearman_p05	mean_pb_delta_vs_target_peer_deg_lfc_spearman_p05	0.08903324559688637	-0.11245289546334078	0.26192889865013724	0.18719089705673903	bca	ok	0.95	2000	2000	23	14	14	pubchem_cid			95% BCa bootstrap CI clustered by PubChem compound; uncertainty is over the observed compound panel, not broader chemical space.	
tahoe	sciplex	peer_baseline_dataset_pair	pb_target_peer_deg_lfc_spearman_pair_p05_sd_score	mean_pb_target_peer_deg_lfc_spearman_pair_p05_sd_score	0.3540597409096118	0.2818984873648646	0.44573812916619043	0.08191982090066291	bca	ok	0.95	2000	2000	23	23	23	pubchem_cid			95% BCa bootstrap CI clustered by PubChem compound; uncertainty is over the observed compound panel, not broader chemical space.	
tahoe	sciplex	peer_baseline_dataset_pair	pb_target_peer_deg_lfc_spearman_pair_p05_fraction_below_observed	mean_pb_target_peer_deg_lfc_spearman_pair_p05_fraction_below_observed	0.5873175363559102	0.47623683430925234	0.6882153857593069	0.10598927572502725	bca	ok	0.95	2000	2000	23	23	23	pubchem_cid			95% BCa bootstrap CI clustered by PubChem compound; uncertainty is over the observed compound panel, not broader chemical space.	
tahoe	sciplex	peer_baseline_dataset_pair	pb_target_peer_deg_lfc_spearman_pair_p05_corrected_percentile	mean_pb_target_peer_deg_lfc_spearman_pair_p05_corrected_percentile	0.589060629395837	0.4882534636470332	0.6954047980973489	0.10357566722515785	bca	ok	0.95	2000	2000	23	23	23	pubchem_cid			95% BCa bootstrap CI clustered by PubChem compound; uncertainty is over the observed compound panel, not broader chemical space.	
tahoe	sciplex	peer_baseline_dataset_pair	pb_observed_direction_agreement_p05	mean_pb_observed_direction_agreement_p05	0.8957179320303899	0.8352697498242958	0.9500877865877578	0.057409018381731014	bca	ok	0.95	2000	2000	23	8	8	pubchem_cid			95% BCa bootstrap CI clustered by PubChem compound; uncertainty is over the observed compound panel, not broader chemical space.	
tahoe	sciplex	peer_baseline_dataset_pair	pb_source_centroid_direction_agreement_pair_p05	mean_pb_source_centroid_direction_agreement_pair_p05	0.8316508665979963	0.7888411497501646	0.8773296188869799	0.04424423456840765	bca	ok	0.95	2000	2000	23	23	23	pubchem_cid			95% BCa bootstrap CI clustered by PubChem compound; uncertainty is over the observed compound panel, not broader chemical space.	
tahoe	sciplex	peer_baseline_dataset_pair	pb_delta_vs_source_centroid_direction_agreement_p05	mean_pb_delta_vs_source_centroid_direction_agreement_p05	0.08321488503243149	0.004190797675479496	0.13246104329736855	0.06413512281094452	bca	ok	0.95	2000	2000	23	8	8	pubchem_cid			95% BCa bootstrap CI clustered by PubChem compound; uncertainty is over the observed compound panel, not broader chemical space.	
tahoe	sciplex	peer_baseline_dataset_pair	pb_target_centroid_direction_agreement_pair_p05	mean_pb_target_centroid_direction_agreement_pair_p05	0.5789485112866325	0.5211384730091698	0.6269213085459733	0.05289141776840173	bca	ok	0.95	2000	2000	23	23	23	pubchem_cid			95% BCa bootstrap CI clustered by PubChem compound; uncertainty is over the observed compound panel, not broader chemical space.	
tahoe	sciplex	peer_baseline_dataset_pair	pb_delta_vs_target_centroid_direction_agreement_p05	mean_pb_delta_vs_target_centroid_direction_agreement_p05	0.34275676291769397	0.28086126252225146	0.41059504424208537	0.06486689085991695	bca	ok	0.95	2000	2000	23	8	8	pubchem_cid			95% BCa bootstrap CI clustered by PubChem compound; uncertainty is over the observed compound panel, not broader chemical space.	
tahoe	sciplex	peer_baseline_dataset_pair	pb_source_peer_direction_agreement_pair_p05	mean_pb_source_peer_direction_agreement_pair_p05	0.6078111727144724	0.5888374339192808	0.628705622264966	0.019934094172842587	bca	ok	0.95	2000	2000	23	8	8	pubchem_cid			95% BCa bootstrap CI clustered by PubChem compound; uncertainty is over the observed compound panel, not broader chemical space.	
tahoe	sciplex	peer_baseline_dataset_pair	pb_delta_vs_source_peer_direction_agreement_p05	mean_pb_delta_vs_source_peer_direction_agreement_p05	0.28790675931591747	0.20792054355604503	0.34360469087198386	0.06784207365796942	bca	ok	0.95	2000	2000	23	8	8	pubchem_cid			95% BCa bootstrap CI clustered by PubChem compound; uncertainty is over the observed compound panel, not broader chemical space.	
tahoe	sciplex	peer_baseline_dataset_pair	pb_source_peer_direction_agreement_pair_p05_sd_score	mean_pb_source_peer_direction_agreement_pair_p05_sd_score	0.11805835788291771	0.09707459590832673	0.1455683029070811	0.024246853499377177	bca	ok	0.95	2000	2000	23	8	8	pubchem_cid			95% BCa bootstrap CI clustered by PubChem compound; uncertainty is over the observed compound panel, not broader chemical space.	
tahoe	sciplex	peer_baseline_dataset_pair	pb_source_peer_direction_agreement_pair_p05_fraction_below_observed	mean_pb_source_peer_direction_agreement_pair_p05_fraction_below_observed	0.9165031940770725	0.7785349127709321	0.9885897208877159	0.1050274040583919	bca	ok	0.95	2000	2000	23	8	8	pubchem_cid			95% BCa bootstrap CI clustered by PubChem compound; uncertainty is over the observed compound panel, not broader chemical space.	
tahoe	sciplex	peer_baseline_dataset_pair	pb_source_peer_direction_agreement_pair_p05_corrected_percentile	mean_pb_source_peer_direction_agreement_pair_p05_corrected_percentile	0.9168117455145421	0.7787547270647593	0.9888207290384241	0.10503300098683238	bca	ok	0.95	2000	2000	23	8	8	pubchem_cid			95% BCa bootstrap CI clustered by PubChem compound; uncertainty is over the observed compound panel, not broader chemical space.	
tahoe	sciplex	peer_baseline_dataset_pair	pb_target_peer_direction_agreement_pair_p05	mean_pb_target_peer_direction_agreement_pair_p05	0.5165720403991276	0.49992382354073367	0.5365807341391666	0.01832845529921648	bca	ok	0.95	2000	2000	23	8	8	pubchem_cid			95% BCa bootstrap CI clustered by PubChem compound; uncertainty is over the observed compound panel, not broader chemical space.	
tahoe	sciplex	peer_baseline_dataset_pair	pb_delta_vs_target_peer_direction_agreement_p05	mean_pb_delta_vs_target_peer_direction_agreement_p05	0.3791458916312622	0.31568382303857695	0.4220429958788615	0.05317958642014228	bca	ok	0.95	2000	2000	23	8	8	pubchem_cid			95% BCa bootstrap CI clustered by PubChem compound; uncertainty is over the observed compound panel, not broader chemical space.	
tahoe	sciplex	peer_baseline_dataset_pair	pb_target_peer_direction_agreement_pair_p05_sd_score	mean_pb_target_peer_direction_agreement_pair_p05_sd_score	0.08083204241534848	0.06136620245559859	0.11620561339649785	0.02741970547044963	bca	ok	0.95	2000	2000	23	8	8	pubchem_cid			95% BCa bootstrap CI clustered by PubChem compound; uncertainty is over the observed compound panel, not broader chemical space.	
tahoe	sciplex	peer_baseline_dataset_pair	pb_target_peer_direction_agreement_pair_p05_fraction_below_observed	mean_pb_target_peer_direction_agreement_pair_p05_fraction_below_observed	0.9565467586989398	0.7885827239759824	0.9988302139037433	0.10512374496388044	bca	ok	0.95	2000	2000	23	8	8	pubchem_cid			95% BCa bootstrap CI clustered by PubChem compound; uncertainty is over the observed compound panel, not broader chemical space.	
tahoe	sciplex	peer_baseline_dataset_pair	pb_target_peer_direction_agreement_pair_p05_corrected_percentile	mean_pb_target_peer_direction_agreement_pair_p05_corrected_percentile	0.9567219994791744	0.7600761740356377	0.9988333333333334	0.11937857964884785	bca	ok	0.95	2000	2000	23	8	8	pubchem_cid			95% BCa bootstrap CI clustered by PubChem compound; uncertainty is over the observed compound panel, not broader chemical space.	
l1000_phase1	l1000_phase2	peer_baseline_dataset_pair_line	pb_observed_deg_lfc_spearman_p05	mean_pb_observed_deg_lfc_spearman_p05	0.4424426444128184	0.38064130363792537	0.4932987018775578	0.05632869911981622	bca	ok	0.95	2000	2000	163	153	145	pubchem_cid			95% BCa bootstrap CI clustered by PubChem compound; uncertainty is over the observed compound panel, not broader chemical space.	CVCL_0023
l1000_phase1	l1000_phase2	peer_baseline_dataset_pair_line	pb_source_centroid_deg_lfc_spearman_pair_p05	mean_pb_source_centroid_deg_lfc_spearman_pair_p05	0.4819345270723958	0.4441661569476121	0.5195142999058315	0.03767407147910973	bca	ok	0.95	2000	2000	163	161	151	pubchem_cid			95% BCa bootstrap CI clustered by PubChem compound; uncertainty is over the observed compound panel, not broader chemical space.	CVCL_0023
l1000_phase1	l1000_phase2	peer_baseline_dataset_pair_line	pb_delta_vs_source_centroid_deg_lfc_spearman_p05	mean_pb_delta_vs_source_centroid_deg_lfc_spearman_p05	-0.04166988516518684	-0.09904768725419946	0.007095498158044299	0.053071592706121884	bca	ok	0.95	2000	2000	163	153	145	pubchem_cid			95% BCa bootstrap CI clustered by PubChem compound; uncertainty is over the observed compound panel, not broader chemical space.	CVCL_0023
l1000_phase1	l1000_phase2	peer_baseline_dataset_pair_line	pb_target_centroid_deg_lfc_spearman_pair_p05	mean_pb_target_centroid_deg_lfc_spearman_pair_p05	0.33274683062968424	0.2801599577467135	0.3758540298849293	0.047847036069107896	bca	ok	0.95	2000	2000	163	162	152	pubchem_cid			95% BCa bootstrap CI clustered by PubChem compound; uncertainty is over the observed compound panel, not broader chemical space.	CVCL_0023
l1000_phase1	l1000_phase2	peer_baseline_dataset_pair_line	pb_delta_vs_target_centroid_deg_lfc_spearman_p05	mean_pb_delta_vs_target_centroid_deg_lfc_spearman_p05	0.08169754234642965	0.028037936861328456	0.12871324655740315	0.05033765484803735	bca	ok	0.95	2000	2000	163	153	145	pubchem_cid			95% BCa bootstrap CI clustered by PubChem compound; uncertainty is over the observed compound panel, not broader chemical space.	CVCL_0023
l1000_phase1	l1000_phase2	peer_baseline_dataset_pair_line	pb_source_peer_deg_lfc_spearman_pair_p05	mean_pb_source_peer_deg_lfc_spearman_pair_p05	0.14649621605144653	0.12834980187652878	0.1680454817600719	0.019847839941771556	bca	ok	0.95	2000	2000	163	161	151	pubchem_cid			95% BCa bootstrap CI clustered by PubChem compound; uncertainty is over the observed compound panel, not broader chemical space.	CVCL_0023
l1000_phase1	l1000_phase2	peer_baseline_dataset_pair_line	pb_delta_vs_source_peer_deg_lfc_spearman_p05	mean_pb_delta_vs_source_peer_deg_lfc_spearman_p05	0.30324360128100153	0.25037932907705474	0.35440985590854246	0.05201526341574386	bca	ok	0.95	2000	2000	163	153	145	pubchem_cid			95% BCa bootstrap CI clustered by PubChem compound; uncertainty is over the observed compound panel, not broader chemical space.	CVCL_0023
l1000_phase1	l1000_phase2	peer_baseline_dataset_pair_line	pb_source_peer_deg_lfc_spearman_pair_p05_sd_score	mean_pb_source_peer_deg_lfc_spearman_pair_p05_sd_score	0.308361495246692	0.29192745188847685	0.33046401990322016	0.019268284007371655	bca	ok	0.95	2000	2000	163	161	151	pubchem_cid			95% BCa bootstrap CI clustered by PubChem compound; uncertainty is over the observed compound panel, not broader chemical space.	CVCL_0023
l1000_phase1	l1000_phase2	peer_baseline_dataset_pair_line	pb_source_peer_deg_lfc_spearman_pair_p05_fraction_below_observed	mean_pb_source_peer_deg_lfc_spearman_pair_p05_fraction_below_observed	0.7517010512083929	0.7086978296434228	0.7891554453736689	0.04022880786512306	bca	ok	0.95	2000	2000	163	161	151	pubchem_cid			95% BCa bootstrap CI clustered by PubChem compound; uncertainty is over the observed compound panel, not broader chemical space.	CVCL_0023
l1000_phase1	l1000_phase2	peer_baseline_dataset_pair_line	pb_source_peer_deg_lfc_spearman_pair_p05_corrected_percentile	mean_pb_source_peer_deg_lfc_spearman_pair_p05_corrected_percentile	0.7585659959503335	0.7173997542393874	0.7944763019828504	0.03853827387173148	bca	ok	0.95	2000	2000	163	161	151	pubchem_cid			95% BCa bootstrap CI clustered by PubChem compound; uncertainty is over the observed compound panel, not broader chemical space.	CVCL_0023
l1000_phase1	l1000_phase2	peer_baseline_dataset_pair_line	pb_target_peer_deg_lfc_spearman_pair_p05	mean_pb_target_peer_deg_lfc_spearman_pair_p05	0.0833755244572677	0.06844661652995722	0.1012401462431817	0.01639676485661224	bca	ok	0.95	2000	2000	163	162	152	pubchem_cid			95% BCa bootstrap CI clustered by PubChem compound; uncertainty is over the observed compound panel, not broader chemical space.	CVCL_0023
l1000_phase1	l1000_phase2	peer_baseline_dataset_pair_line	pb_delta_vs_target_peer_deg_lfc_spearman_p05	mean_pb_delta_vs_target_peer_deg_lfc_spearman_p05	0.35264935769917644	0.29603150023293906	0.3993000118661196	0.05163425581659026	bca	ok	0.95	2000	2000	163	153	145	pubchem_cid			95% BCa bootstrap CI clustered by PubChem compound; uncertainty is over the observed compound panel, not broader chemical space.	CVCL_0023
l1000_phase1	l1000_phase2	peer_baseline_dataset_pair_line	pb_target_peer_deg_lfc_spearman_pair_p05_sd_score	mean_pb_target_peer_deg_lfc_spearman_pair_p05_sd_score	0.2933075195318152	0.2739043002630095	0.32134234255719973	0.02371902114709512	bca	ok	0.95	2000	2000	163	161	152	pubchem_cid			95% BCa bootstrap CI clustered by PubChem compound; uncertainty is over the observed compound panel, not broader chemical space.	CVCL_0023
l1000_phase1	l1000_phase2	peer_baseline_dataset_pair_line	pb_target_peer_deg_lfc_spearman_pair_p05_fraction_below_observed	mean_pb_target_peer_deg_lfc_spearman_pair_p05_fraction_below_observed	0.7965541654590186	0.7566973916752991	0.8330077211956982	0.038155164760199534	bca	ok	0.95	2000	2000	163	162	152	pubchem_cid			95% BCa bootstrap CI clustered by PubChem compound; uncertainty is over the observed compound panel, not broader chemical space.	CVCL_0023
l1000_phase1	l1000_phase2	peer_baseline_dataset_pair_line	pb_target_peer_deg_lfc_spearman_pair_p05_corrected_percentile	mean_pb_target_peer_deg_lfc_spearman_pair_p05_corrected_percentile	0.8014631583907239	0.760042088498333	0.8350374686134553	0.03749769005756115	bca	ok	0.95	2000	2000	163	162	152	pubchem_cid			95% BCa bootstrap CI clustered by PubChem compound; uncertainty is over the observed compound panel, not broader chemical space.	CVCL_0023
l1000_phase1	l1000_phase2	peer_baseline_dataset_pair_line	pb_observed_direction_agreement_p05	mean_pb_observed_direction_agreement_p05	0.9081464755462486	0.8716232218927928	0.9327740542319332	0.030575416169570158	bca	ok	0.95	2000	2000	163	138	131	pubchem_cid			95% BCa bootstrap CI clustered by PubChem compound; uncertainty is over the observed compound panel, not broader chemical space.	CVCL_0023
l1000_phase1	l1000_phase2	peer_baseline_dataset_pair_line	pb_source_centroid_direction_agreement_pair_p05	mean_pb_source_centroid_direction_agreement_pair_p05	0.7348360805783859	0.713008380917657	0.7536965454593614	0.020344082270852215	bca	ok	0.95	2000	2000	163	162	152	pubchem_cid			95% BCa bootstrap CI clustered by PubChem compound; uncertainty is over the observed compound panel, not broader chemical space.	CVCL_0023
l1000_phase1	l1000_phase2	peer_baseline_dataset_pair_line	pb_delta_vs_source_centroid_direction_agreement_p05	mean_pb_delta_vs_source_centroid_direction_agreement_p05	0.16157483621837423	0.1263549517838395	0.1933200074989215	0.03348252785754101	bca	ok	0.95	2000	2000	163	138	131	pubchem_cid			95% BCa bootstrap CI clustered by PubChem compound; uncertainty is over the observed compound panel, not broader chemical space.	CVCL_0023
l1000_phase1	l1000_phase2	peer_baseline_dataset_pair_line	pb_target_centroid_direction_agreement_pair_p05	mean_pb_target_centroid_direction_agreement_pair_p05	0.6672439259610461	0.6431882762807086	0.689045864573851	0.022928794146571174	bca	ok	0.95	2000	2000	163	162	152	pubchem_cid			95% BCa bootstrap CI clustered by PubChem compound; uncertainty is over the observed compound panel, not broader chemical space.	CVCL_0023
l1000_phase1	l1000_phase2	peer_baseline_dataset_pair_line	pb_delta_vs_target_centroid_direction_agreement_p05	mean_pb_delta_vs_target_centroid_direction_agreement_p05	0.21814500441750032	0.18675446860185163	0.24451243252160493	0.02887898195987665	bca	ok	0.95	2000	2000	163	138	131	pubchem_cid			95% BCa bootstrap CI clustered by PubChem compound; uncertainty is over the observed compound panel, not broader chemical space.	CVCL_0023
l1000_phase1	l1000_phase2	peer_baseline_dataset_pair_line	pb_source_peer_direction_agreement_pair_p05	mean_pb_source_peer_direction_agreement_pair_p05	0.5686521493465299	0.5592537958729172	0.5770634305861395	0.008904817356611139	bca	ok	0.95	2000	2000	163	138	131	pubchem_cid			95% BCa bootstrap CI clustered by PubChem compound; uncertainty is over the observed compound panel, not broader chemical space.	CVCL_0023
l1000_phase1	l1000_phase2	peer_baseline_dataset_pair_line	pb_delta_vs_source_peer_direction_agreement_p05	mean_pb_delta_vs_source_peer_direction_agreement_p05	0.3394943261997189	0.2997538962724282	0.3651916119139091	0.03271885782074044	bca	ok	0.95	2000	2000	163	138	131	pubchem_cid			95% BCa bootstrap CI clustered by PubChem compound; uncertainty is over the observed compound panel, not broader chemical space.	CVCL_0023
l1000_phase1	l1000_phase2	peer_baseline_dataset_pair_line	pb_source_peer_direction_agreement_pair_p05_sd_score	mean_pb_source_peer_direction_agreement_pair_p05_sd_score	0.1427536766187989	0.1358324309720148	0.15173536109366126	0.007951465060823226	bca	ok	0.95	2000	2000	163	138	131	pubchem_cid			95% BCa bootstrap CI clustered by PubChem compound; uncertainty is over the observed compound panel, not broader chemical space.	CVCL_0023
l1000_phase1	l1000_phase2	peer_baseline_dataset_pair_line	pb_source_peer_direction_agreement_pair_p05_fraction_below_observed	mean_pb_source_peer_direction_agreement_pair_p05_fraction_below_observed	0.9236081028822724	0.881713432115564	0.9513638744078649	0.03482522114615044	bca	ok	0.95	2000	2000	163	138	131	pubchem_cid			95% BCa bootstrap CI clustered by PubChem compound; uncertainty is over the observed compound panel, not broader chemical space.	CVCL_0023
l1000_phase1	l1000_phase2	peer_baseline_dataset_pair_line	pb_source_peer_direction_agreement_pair_p05_corrected_percentile	mean_pb_source_peer_direction_agreement_pair_p05_corrected_percentile	0.9273907284774476	0.8891963236362904	0.9540660799309995	0.03243487814735452	bca	ok	0.95	2000	2000	163	138	131	pubchem_cid			95% BCa bootstrap CI clustered by PubChem compound; uncertainty is over the observed compound panel, not broader chemical space.	CVCL_0023
l1000_phase1	l1000_phase2	peer_baseline_dataset_pair_line	pb_target_peer_direction_agreement_pair_p05	mean_pb_target_peer_direction_agreement_pair_p05	0.5483566473005331	0.5408820795430008	0.5553881650656097	0.007253042761304451	bca	ok	0.95	2000	2000	163	138	131	pubchem_cid			95% BCa bootstrap CI clustered by PubChem compound; uncertainty is over the observed compound panel, not broader chemical space.	CVCL_0023
l1000_phase1	l1000_phase2	peer_baseline_dataset_pair_line	pb_delta_vs_target_peer_direction_agreement_p05	mean_pb_delta_vs_target_peer_direction_agreement_p05	0.35978982824571554	0.3249125062309867	0.3837619778993903	0.0294247358342018	bca	ok	0.95	2000	2000	163	138	131	pubchem_cid			95% BCa bootstrap CI clustered by PubChem compound; uncertainty is over the observed compound panel, not broader chemical space.	CVCL_0023
l1000_phase1	l1000_phase2	peer_baseline_dataset_pair_line	pb_target_peer_direction_agreement_pair_p05_sd_score	mean_pb_target_peer_direction_agreement_pair_p05_sd_score	0.12001587130041075	0.11461862387966007	0.1275719477787405	0.006476661949540219	bca	ok	0.95	2000	2000	163	138	131	pubchem_cid			95% BCa bootstrap CI clustered by PubChem compound; uncertainty is over the observed compound panel, not broader chemical space.	CVCL_0023
l1000_phase1	l1000_phase2	peer_baseline_dataset_pair_line	pb_target_peer_direction_agreement_pair_p05_fraction_below_observed	mean_pb_target_peer_direction_agreement_pair_p05_fraction_below_observed	0.93613092341104	0.8966703447297126	0.9636051036109905	0.033467379440638934	bca	ok	0.95	2000	2000	163	138	131	pubchem_cid			95% BCa bootstrap CI clustered by PubChem compound; uncertainty is over the observed compound panel, not broader chemical space.	CVCL_0023
l1000_phase1	l1000_phase2	peer_baseline_dataset_pair_line	pb_target_peer_direction_agreement_pair_p05_corrected_percentile	mean_pb_target_peer_direction_agreement_pair_p05_corrected_percentile	0.9395158148379937	0.899193554212284	0.9648836466660901	0.03284504622690304	bca	ok	0.95	2000	2000	163	138	131	pubchem_cid			95% BCa bootstrap CI clustered by PubChem compound; uncertainty is over the observed compound panel, not broader chemical space.	CVCL_0023
l1000_phase1	l1000_phase2	peer_baseline_dataset_pair_line	pb_observed_deg_lfc_spearman_p05	mean_pb_observed_deg_lfc_spearman_p05	0.33439950388558404	0.28689100473983026	0.37981926947059785	0.0464641323653838	bca	ok	0.95	2000	2000	179	163	163	pubchem_cid			95% BCa bootstrap CI clustered by PubChem compound; uncertainty is over the observed compound panel, not broader chemical space.	CVCL_0031
l1000_phase1	l1000_phase2	peer_baseline_dataset_pair_line	pb_source_centroid_deg_lfc_spearman_pair_p05	mean_pb_source_centroid_deg_lfc_spearman_pair_p05	0.4401778608988216	0.40254519857941723	0.47460099706619735	0.03602789924339006	bca	ok	0.95	2000	2000	179	176	176	pubchem_cid			95% BCa bootstrap CI clustered by PubChem compound; uncertainty is over the observed compound panel, not broader chemical space.	CVCL_0031
l1000_phase1	l1000_phase2	peer_baseline_dataset_pair_line	pb_delta_vs_source_centroid_deg_lfc_spearman_p05	mean_pb_delta_vs_source_centroid_deg_lfc_spearman_p05	-0.10554975685911579	-0.15540889935496172	-0.06201914291061647	0.04669487822217262	bca	ok	0.95	2000	2000	179	163	163	pubchem_cid			95% BCa bootstrap CI clustered by PubChem compound; uncertainty is over the observed compound panel, not broader chemical space.	CVCL_0031
l1000_phase1	l1000_phase2	peer_baseline_dataset_pair_line	pb_target_centroid_deg_lfc_spearman_pair_p05	mean_pb_target_centroid_deg_lfc_spearman_pair_p05	0.31565820665114197	0.2753257905463286	0.3546225773748188	0.03964839341424509	bca	ok	0.95	2000	2000	179	177	177	pubchem_cid			95% BCa bootstrap CI clustered by PubChem compound; uncertainty is over the observed compound panel, not broader chemical space.	CVCL_0031
l1000_phase1	l1000_phase2	peer_baseline_dataset_pair_line	pb_delta_vs_target_centroid_deg_lfc_spearman_p05	mean_pb_delta_vs_target_centroid_deg_lfc_spearman_p05	0.013674198194074694	-0.03134656312072816	0.06050909702907353	0.045927830074900845	bca	ok	0.95	2000	2000	179	163	163	pubchem_cid			95% BCa bootstrap CI clustered by PubChem compound; uncertainty is over the observed compound panel, not broader chemical space.	CVCL_0031
l1000_phase1	l1000_phase2	peer_baseline_dataset_pair_line	pb_source_peer_deg_lfc_spearman_pair_p05	mean_pb_source_peer_deg_lfc_spearman_pair_p05	0.06869063295682797	0.056189598729666695	0.08009723726727105	0.01195381926880218	bca	ok	0.95	2000	2000	179	176	176	pubchem_cid			95% BCa bootstrap CI clustered by PubChem compound; uncertainty is over the observed compound panel, not broader chemical space.	CVCL_0031
l1000_phase1	l1000_phase2	peer_baseline_dataset_pair_line	pb_delta_vs_source_peer_deg_lfc_spearman_p05	mean_pb_delta_vs_source_peer_deg_lfc_spearman_p05	0.26125322273521984	0.2125670057134554	0.3031876565438229	0.04531032541518375	bca	ok	0.95	2000	2000	179	163	163	pubchem_cid			95% BCa bootstrap CI clustered by PubChem compound; uncertainty is over the observed compound panel, not broader chemical space.	CVCL_0031
l1000_phase1	l1000_phase2	peer_baseline_dataset_pair_line	pb_source_peer_deg_lfc_spearman_pair_p05_sd_score	mean_pb_source_peer_deg_lfc_spearman_pair_p05_sd_score	0.34703843017407565	0.3297598678049266	0.3696674560470885	0.019953794121080948	bca	ok	0.95	2000	2000	179	176	176	pubchem_cid			95% BCa bootstrap CI clustered by PubChem compound; uncertainty is over the observed compound panel, not broader chemical space.	CVCL_0031
l1000_phase1	l1000_phase2	peer_baseline_dataset_pair_line	pb_source_peer_deg_lfc_spearman_pair_p05_fraction_below_observed	mean_pb_source_peer_deg_lfc_spearman_pair_p05_fraction_below_observed	0.7040143863261541	0.6701421244173088	0.7358165057249577	0.032837190653824455	bca	ok	0.95	2000	2000	179	176	176	pubchem_cid			95% BCa bootstrap CI clustered by PubChem compound; uncertainty is over the observed compound panel, not broader chemical space.	CVCL_0031
l1000_phase1	l1000_phase2	peer_baseline_dataset_pair_line	pb_source_peer_deg_lfc_spearman_pair_p05_corrected_percentile	mean_pb_source_peer_deg_lfc_spearman_pair_p05_corrected_percentile	0.7054567213020927	0.6718483537146092	0.7364505453488454	0.0323010958171181	bca	ok	0.95	2000	2000	179	176	176	pubchem_cid			95% BCa bootstrap CI clustered by PubChem compound; uncertainty is over the observed compound panel, not broader chemical space.	CVCL_0031
l1000_phase1	l1000_phase2	peer_baseline_dataset_pair_line	pb_target_peer_deg_lfc_spearman_pair_p05	mean_pb_target_peer_deg_lfc_spearman_pair_p05	0.03527994242508202	0.02284952139974547	0.047623340882348965	0.012386909741301747	bca	ok	0.95	2000	2000	179	177	177	pubchem_cid			95% BCa bootstrap CI clustered by PubChem compound; uncertainty is over the observed compound panel, not broader chemical space.	CVCL_0031
l1000_phase1	l1000_phase2	peer_baseline_dataset_pair_line	pb_delta_vs_target_peer_deg_lfc_spearman_p05	mean_pb_delta_vs_target_peer_deg_lfc_spearman_p05	0.2953895012024185	0.2512455263457034	0.33810433011597374	0.043429401885135166	bca	ok	0.95	2000	2000	179	163	163	pubchem_cid			95% BCa bootstrap CI clustered by PubChem compound; uncertainty is over the observed compound panel, not broader chemical space.	CVCL_0031
l1000_phase1	l1000_phase2	peer_baseline_dataset_pair_line	pb_target_peer_deg_lfc_spearman_pair_p05_sd_score	mean_pb_target_peer_deg_lfc_spearman_pair_p05_sd_score	0.33112622985224344	0.31241696380628076	0.35335999446930433	0.020471515331511786	bca	ok	0.95	2000	2000	179	177	177	pubchem_cid			95% BCa bootstrap CI clustered by PubChem compound; uncertainty is over the observed compound panel, not broader chemical space.	CVCL_0031
l1000_phase1	l1000_phase2	peer_baseline_dataset_pair_line	pb_target_peer_deg_lfc_spearman_pair_p05_fraction_below_observed	mean_pb_target_peer_deg_lfc_spearman_pair_p05_fraction_below_observed	0.7330915607369924	0.701005204146216	0.7626069355094655	0.03080086568162471	bca	ok	0.95	2000	2000	179	177	177	pubchem_cid			95% BCa bootstrap CI clustered by PubChem compound; uncertainty is over the observed compound panel, not broader chemical space.	CVCL_0031
l1000_phase1	l1000_phase2	peer_baseline_dataset_pair_line	pb_target_peer_deg_lfc_spearman_pair_p05_corrected_percentile	mean_pb_target_peer_deg_lfc_spearman_pair_p05_corrected_percentile	0.7342113654287695	0.6994099574491879	0.7643127006294136	0.032451371590112854	bca	ok	0.95	2000	2000	179	177	177	pubchem_cid			95% BCa bootstrap CI clustered by PubChem compound; uncertainty is over the observed compound panel, not broader chemical space.	CVCL_0031
l1000_phase1	l1000_phase2	peer_baseline_dataset_pair_line	pb_observed_direction_agreement_p05	mean_pb_observed_direction_agreement_p05	0.8838277674263718	0.8437609191097307	0.9119334543426296	0.03408626761644945	bca	ok	0.95	2000	2000	179	138	138	pubchem_cid			95% BCa bootstrap CI clustered by PubChem compound; uncertainty is over the observed compound panel, not broader chemical space.	CVCL_0031
l1000_phase1	l1000_phase2	peer_baseline_dataset_pair_line	pb_source_centroid_direction_agreement_pair_p05	mean_pb_source_centroid_direction_agreement_pair_p05	0.7316324913371061	0.7102238684787688	0.7492433385605349	0.019509735040883047	bca	ok	0.95	2000	2000	179	177	177	pubchem_cid			95% BCa bootstrap CI clustered by PubChem compound; uncertainty is over the observed compound panel, not broader chemical space.	CVCL_0031
l1000_phase1	l1000_phase2	peer_baseline_dataset_pair_line	pb_delta_vs_source_centroid_direction_agreement_p05	mean_pb_delta_vs_source_centroid_direction_agreement_p05	0.11707080624080493	0.08265087111597776	0.14891968525248644	0.033134407068254344	bca	ok	0.95	2000	2000	179	138	138	pubchem_cid			95% BCa bootstrap CI clustered by PubChem compound; uncertainty is over the observed compound panel, not broader chemical space.	CVCL_0031
l1000_phase1	l1000_phase2	peer_baseline_dataset_pair_line	pb_target_centroid_direction_agreement_pair_p05	mean_pb_target_centroid_direction_agreement_pair_p05	0.6280303643150233	0.6070039280538799	0.6468148982971852	0.019905485121652633	bca	ok	0.95	2000	2000	179	178	178	pubchem_cid			95% BCa bootstrap CI clustered by PubChem compound; uncertainty is over the observed compound panel, not broader chemical space.	CVCL_0031
l1000_phase1	l1000_phase2	peer_baseline_dataset_pair_line	pb_delta_vs_target_centroid_direction_agreement_p05	mean_pb_delta_vs_target_centroid_direction_agreement_p05	0.18925848460544184	0.1570927043816736	0.21875344332232147	0.03083036947032393	bca	ok	0.95	2000	2000	179	138	138	pubchem_cid			95% BCa bootstrap CI clustered by PubChem compound; uncertainty is over the observed compound panel, not broader chemical space.	CVCL_0031
l1000_phase1	l1000_phase2	peer_baseline_dataset_pair_line	pb_source_peer_direction_agreement_pair_p05	mean_pb_source_peer_direction_agreement_pair_p05	0.5578687359463153	0.5510369233202286	0.5631635106744974	0.006063293677134429	bca	ok	0.95	2000	2000	179	138	138	pubchem_cid			95% BCa bootstrap CI clustered by PubChem compound; uncertainty is over the observed compound panel, not broader chemical space.	CVCL_0031
l1000_phase1	l1000_phase2	peer_baseline_dataset_pair_line	pb_delta_vs_source_peer_direction_agreement_p05	mean_pb_delta_vs_source_peer_direction_agreement_p05	0.3259590314800563	0.2845654335189228	0.35320622464386725	0.03432039556247224	bca	ok	0.95	2000	2000	179	138	138	pubchem_cid			95% BCa bootstrap CI clustered by PubChem compound; uncertainty is over the observed compound panel, not broader chemical space.	CVCL_0031
l1000_phase1	l1000_phase2	peer_baseline_dataset_pair_line	pb_source_peer_direction_agreement_pair_p05_sd_score	mean_pb_source_peer_direction_agreement_pair_p05_sd_score	0.13782570524426213	0.13280895282134544	0.14334217099067462	0.005266609084664586	bca	ok	0.95	2000	2000	179	138	138	pubchem_cid			95% BCa bootstrap CI clustered by PubChem compound; uncertainty is over the observed compound panel, not broader chemical space.	CVCL_0031
l1000_phase1	l1000_phase2	peer_baseline_dataset_pair_line	pb_source_peer_direction_agreement_pair_p05_fraction_below_observed	mean_pb_source_peer_direction_agreement_pair_p05_fraction_below_observed	0.8948407703317676	0.8506632164151021	0.9268244085823812	0.03808059608363956	bca	ok	0.95	2000	2000	179	138	138	pubchem_cid			95% BCa bootstrap CI clustered by PubChem compound; uncertainty is over the observed compound panel, not broader chemical space.	CVCL_0031
l1000_phase1	l1000_phase2	peer_baseline_dataset_pair_line	pb_source_peer_direction_agreement_pair_p05_corrected_percentile	mean_pb_source_peer_direction_agreement_pair_p05_corrected_percentile	0.8954854702969827	0.8543458341370452	0.9286548395263081	0.03715450269463144	bca	ok	0.95	2000	2000	179	138	138	pubchem_cid			95% BCa bootstrap CI clustered by PubChem compound; uncertainty is over the observed compound panel, not broader chemical space.	CVCL_0031
l1000_phase1	l1000_phase2	peer_baseline_dataset_pair_line	pb_target_peer_direction_agreement_pair_p05	mean_pb_target_peer_direction_agreement_pair_p05	0.5357687976326323	0.5297489333943621	0.5412255406704549	0.005738303638046394	bca	ok	0.95	2000	2000	179	138	138	pubchem_cid			95% BCa bootstrap CI clustered by PubChem compound; uncertainty is over the observed compound panel, not broader chemical space.	CVCL_0031
l1000_phase1	l1000_phase2	peer_baseline_dataset_pair_line	pb_delta_vs_target_peer_direction_agreement_p05	mean_pb_delta_vs_target_peer_direction_agreement_p05	0.34805896979373957	0.3099363483897485	0.37530208700899653	0.032682869309624024	bca	ok	0.95	2000	2000	179	138	138	pubchem_cid			95% BCa bootstrap CI clustered by PubChem compound; uncertainty is over the observed compound panel, not broader chemical space.	CVCL_0031
l1000_phase1	l1000_phase2	peer_baseline_dataset_pair_line	pb_target_peer_direction_agreement_pair_p05_sd_score	mean_pb_target_peer_direction_agreement_pair_p05_sd_score	0.12951113649154775	0.124528719430417	0.13573305815579295	0.005602169362687974	bca	ok	0.95	2000	2000	179	138	138	pubchem_cid			95% BCa bootstrap CI clustered by PubChem compound; uncertainty is over the observed compound panel, not broader chemical space.	CVCL_0031
l1000_phase1	l1000_phase2	peer_baseline_dataset_pair_line	pb_target_peer_direction_agreement_pair_p05_fraction_below_observed	mean_pb_target_peer_direction_agreement_pair_p05_fraction_below_observed	0.907652624484696	0.8643504871065805	0.9410358881901287	0.03834270054177413	bca	ok	0.95	2000	2000	179	138	138	pubchem_cid			95% BCa bootstrap CI clustered by PubChem compound; uncertainty is over the observed compound panel, not broader chemical space.	CVCL_0031
l1000_phase1	l1000_phase2	peer_baseline_dataset_pair_line	pb_target_peer_direction_agreement_pair_p05_corrected_percentile	mean_pb_target_peer_direction_agreement_pair_p05_corrected_percentile	0.9079991735877645	0.8636422486564713	0.9379183865761385	0.03713806895983357	bca	ok	0.95	2000	2000	179	138	138	pubchem_cid			95% BCa bootstrap CI clustered by PubChem compound; uncertainty is over the observed compound panel, not broader chemical space.	CVCL_0031
l1000_phase1	l1000_phase2	peer_baseline_dataset_pair_line	pb_observed_deg_lfc_spearman_p05	mean_pb_observed_deg_lfc_spearman_p05	0.2880905492547467	0.212002218236397	0.35792192703414494	0.07295985439887397	bca	ok	0.95	2000	2000	63	63	63	pubchem_cid			95% BCa bootstrap CI clustered by PubChem compound; uncertainty is over the observed compound panel, not broader chemical space.	CVCL_0033
l1000_phase1	l1000_phase2	peer_baseline_dataset_pair_line	pb_source_centroid_deg_lfc_spearman_pair_p05	mean_pb_source_centroid_deg_lfc_spearman_pair_p05	0.42061836665623437	0.3739385303365694	0.46604088918315356	0.04605117942329209	bca	ok	0.95	2000	2000	63	63	63	pubchem_cid			95% BCa bootstrap CI clustered by PubChem compound; uncertainty is over the observed compound panel, not broader chemical space.	CVCL_0033
l1000_phase1	l1000_phase2	peer_baseline_dataset_pair_line	pb_delta_vs_source_centroid_deg_lfc_spearman_p05	mean_pb_delta_vs_source_centroid_deg_lfc_spearman_p05	-0.14287140265557752	-0.22775471992307617	-0.06883761034223142	0.07945855479042238	bca	ok	0.95	2000	2000	63	63	63	pubchem_cid			95% BCa bootstrap CI clustered by PubChem compound; uncertainty is over the observed compound panel, not broader chemical space.	CVCL_0033
l1000_phase1	l1000_phase2	peer_baseline_dataset_pair_line	pb_target_centroid_deg_lfc_spearman_pair_p05	mean_pb_target_centroid_deg_lfc_spearman_pair_p05	0.061660227578205586	0.0056427182537989555	0.1176923365040934	0.05602480912514722	bca	ok	0.95	2000	2000	63	63	63	pubchem_cid			95% BCa bootstrap CI clustered by PubChem compound; uncertainty is over the observed compound panel, not broader chemical space.	CVCL_0033
l1000_phase1	l1000_phase2	peer_baseline_dataset_pair_line	pb_delta_vs_target_centroid_deg_lfc_spearman_p05	mean_pb_delta_vs_target_centroid_deg_lfc_spearman_p05	0.21242335625656508	0.13381790925221942	0.2749051624589131	0.07054362660334684	bca	ok	0.95	2000	2000	63	63	63	pubchem_cid			95% BCa bootstrap CI clustered by PubChem compound; uncertainty is over the observed compound panel, not broader chemical space.	CVCL_0033
l1000_phase1	l1000_phase2	peer_baseline_dataset_pair_line	pb_source_peer_deg_lfc_spearman_pair_p05	mean_pb_source_peer_deg_lfc_spearman_pair_p05	0.09393111640821183	0.07487912749483307	0.11110282874289827	0.018111850624032602	bca	ok	0.95	2000	2000	63	63	63	pubchem_cid			95% BCa bootstrap CI clustered by PubChem compound; uncertainty is over the observed compound panel, not broader chemical space.	CVCL_0033
l1000_phase1	l1000_phase2	peer_baseline_dataset_pair_line	pb_delta_vs_source_peer_deg_lfc_spearman_p05	mean_pb_delta_vs_source_peer_deg_lfc_spearman_p05	0.18252889748372997	0.11329578108229515	0.2537835808904058	0.07024389990405533	bca	ok	0.95	2000	2000	63	63	63	pubchem_cid			95% BCa bootstrap CI clustered by PubChem compound; uncertainty is over the observed compound panel, not broader chemical space.	CVCL_0033
l1000_phase1	l1000_phase2	peer_baseline_dataset_pair_line	pb_source_peer_deg_lfc_spearman_pair_p05_sd_score	mean_pb_source_peer_deg_lfc_spearman_pair_p05_sd_score	0.37521256728583924	0.3549049618283558	0.3965880745523176	0.0208415563619809	bca	ok	0.95	2000	2000	63	63	63	pubchem_cid			95% BCa bootstrap CI clustered by PubChem compound; uncertainty is over the observed compound panel, not broader chemical space.	CVCL_0033
l1000_phase1	l1000_phase2	peer_baseline_dataset_pair_line	pb_source_peer_deg_lfc_spearman_pair_p05_fraction_below_observed	mean_pb_source_peer_deg_lfc_spearman_pair_p05_fraction_below_observed	0.6288930519417556	0.5755830568215592	0.6766946248676708	0.05055578402305583	bca	ok	0.95	2000	2000	63	63	63	pubchem_cid			95% BCa bootstrap CI clustered by PubChem compound; uncertainty is over the observed compound panel, not broader chemical space.	CVCL_0033
l1000_phase1	l1000_phase2	peer_baseline_dataset_pair_line	pb_source_peer_deg_lfc_spearman_pair_p05_corrected_percentile	mean_pb_source_peer_deg_lfc_spearman_pair_p05_corrected_percentile	0.6310531821661427	0.5792700079333365	0.6792525718938768	0.04999128198027014	bca	ok	0.95	2000	2000	63	63	63	pubchem_cid			95% BCa bootstrap CI clustered by PubChem compound; uncertainty is over the observed compound panel, not broader chemical space.	CVCL_0033
l1000_phase1	l1000_phase2	peer_baseline_dataset_pair_line	pb_target_peer_deg_lfc_spearman_pair_p05	mean_pb_target_peer_deg_lfc_spearman_pair_p05	-0.013716661697612924	-0.032032288977929084	0.004463685807292255	0.01824798739261067	bca	ok	0.95	2000	2000	63	63	63	pubchem_cid			95% BCa bootstrap CI clustered by PubChem compound; uncertainty is over the observed compound panel, not broader chemical space.	CVCL_0033
l1000_phase1	l1000_phase2	peer_baseline_dataset_pair_line	pb_delta_vs_target_peer_deg_lfc_spearman_p05	mean_pb_delta_vs_target_peer_deg_lfc_spearman_p05	0.29446348251741666	0.23196379086304747	0.3566594912025212	0.062347850169736874	bca	ok	0.95	2000	2000	63	63	63	pubchem_cid			95% BCa bootstrap CI clustered by PubChem compound; uncertainty is over the observed compound panel, not broader chemical space.	CVCL_0033
l1000_phase1	l1000_phase2	peer_baseline_dataset_pair_line	pb_target_peer_deg_lfc_spearman_pair_p05_sd_score	mean_pb_target_peer_deg_lfc_spearman_pair_p05_sd_score	0.34762159270211673	0.32570866459190445	0.37413456968671555	0.024212952547405547	bca	ok	0.95	2000	2000	63	63	63	pubchem_cid			95% BCa bootstrap CI clustered by PubChem compound; uncertainty is over the observed compound panel, not broader chemical space.	CVCL_0033
l1000_phase1	l1000_phase2	peer_baseline_dataset_pair_line	pb_target_peer_deg_lfc_spearman_pair_p05_fraction_below_observed	mean_pb_target_peer_deg_lfc_spearman_pair_p05_fraction_below_observed	0.7211639494398577	0.6750422148622913	0.7689075062269413	0.04693264568232497	bca	ok	0.95	2000	2000	63	63	63	pubchem_cid			95% BCa bootstrap CI clustered by PubChem compound; uncertainty is over the observed compound panel, not broader chemical space.	CVCL_0033
l1000_phase1	l1000_phase2	peer_baseline_dataset_pair_line	pb_target_peer_deg_lfc_spearman_pair_p05_corrected_percentile	mean_pb_target_peer_deg_lfc_spearman_pair_p05_corrected_percentile	0.7227597090908799	0.6709580421342538	0.7654742927117895	0.04725812528876783	bca	ok	0.95	2000	2000	63	63	63	pubchem_cid			95% BCa bootstrap CI clustered by PubChem compound; uncertainty is over the observed compound panel, not broader chemical space.	CVCL_0033
l1000_phase1	l1000_phase2	peer_baseline_dataset_pair_line	pb_observed_direction_agreement_p05	mean_pb_observed_direction_agreement_p05	0.9100304770733141	0.8498376654251053	0.9407352996581732	0.045448817116533924	bca	ok	0.95	2000	2000	63	58	58	pubchem_cid			95% BCa bootstrap CI clustered by PubChem compound; uncertainty is over the observed compound panel, not broader chemical space.	CVCL_0033
l1000_phase1	l1000_phase2	peer_baseline_dataset_pair_line	pb_source_centroid_direction_agreement_pair_p05	mean_pb_source_centroid_direction_agreement_pair_p05	0.6987782122349956	0.6743425124398046	0.7224172754144833	0.02403738148733936	bca	ok	0.95	2000	2000	63	63	63	pubchem_cid			95% BCa bootstrap CI clustered by PubChem compound; uncertainty is over the observed compound panel, not broader chemical space.	CVCL_0033
l1000_phase1	l1000_phase2	peer_baseline_dataset_pair_line	pb_delta_vs_source_centroid_direction_agreement_p05	mean_pb_delta_vs_source_centroid_direction_agreement_p05	0.16940975617553952	0.11146712290042618	0.21613109411394424	0.05233198560675903	bca	ok	0.95	2000	2000	63	58	58	pubchem_cid			95% BCa bootstrap CI clustered by PubChem compound; uncertainty is over the observed compound panel, not broader chemical space.	CVCL_0033
l1000_phase1	l1000_phase2	peer_baseline_dataset_pair_line	pb_target_centroid_direction_agreement_pair_p05	mean_pb_target_centroid_direction_agreement_pair_p05	0.527421272594286	0.4983979972137465	0.5544865989353185	0.028044300860785992	bca	ok	0.95	2000	2000	63	63	63	pubchem_cid			95% BCa bootstrap CI clustered by PubChem compound; uncertainty is over the observed compound panel, not broader chemical space.	CVCL_0033
l1000_phase1	l1000_phase2	peer_baseline_dataset_pair_line	pb_delta_vs_target_centroid_direction_agreement_p05	mean_pb_delta_vs_target_centroid_direction_agreement_p05	0.3503173595132692	0.3081443362162146	0.38349599285976954	0.03767582832177746	bca	ok	0.95	2000	2000	63	58	58	pubchem_cid			95% BCa bootstrap CI clustered by PubChem compound; uncertainty is over the observed compound panel, not broader chemical space.	CVCL_0033
l1000_phase1	l1000_phase2	peer_baseline_dataset_pair_line	pb_source_peer_direction_agreement_pair_p05	mean_pb_source_peer_direction_agreement_pair_p05	0.5695380515747148	0.556705360283666	0.5804292878126219	0.011861963764477956	bca	ok	0.95	2000	2000	63	58	58	pubchem_cid			95% BCa bootstrap CI clustered by PubChem compound; uncertainty is over the observed compound panel, not broader chemical space.	CVCL_0033
l1000_phase1	l1000_phase2	peer_baseline_dataset_pair_line	pb_delta_vs_source_peer_direction_agreement_p05	mean_pb_delta_vs_source_peer_direction_agreement_p05	0.34049242549859915	0.2820547502452939	0.37370847867305634	0.04582686421388121	bca	ok	0.95	2000	2000	63	58	58	pubchem_cid			95% BCa bootstrap CI clustered by PubChem compound; uncertainty is over the observed compound panel, not broader chemical space.	CVCL_0033
l1000_phase1	l1000_phase2	peer_baseline_dataset_pair_line	pb_source_peer_direction_agreement_pair_p05_sd_score	mean_pb_source_peer_direction_agreement_pair_p05_sd_score	0.15897978492659662	0.1535787079261778	0.16556739589632907	0.005994343985075631	bca	ok	0.95	2000	2000	63	58	58	pubchem_cid			95% BCa bootstrap CI clustered by PubChem compound; uncertainty is over the observed compound panel, not broader chemical space.	CVCL_0033
l1000_phase1	l1000_phase2	peer_baseline_dataset_pair_line	pb_source_peer_direction_agreement_pair_p05_fraction_below_observed	mean_pb_source_peer_direction_agreement_pair_p05_fraction_below_observed	0.9079252163467552	0.8466970907321147	0.9427774800843425	0.04804019467611387	bca	ok	0.95	2000	2000	63	58	58	pubchem_cid			95% BCa bootstrap CI clustered by PubChem compound; uncertainty is over the observed compound panel, not broader chemical space.	CVCL_0033
l1000_phase1	l1000_phase2	peer_baseline_dataset_pair_line	pb_source_peer_direction_agreement_pair_p05_corrected_percentile	mean_pb_source_peer_direction_agreement_pair_p05_corrected_percentile	0.9084682858789916	0.8502225059113413	0.9451856488530176	0.047481571470838146	bca	ok	0.95	2000	2000	63	58	58	pubchem_cid			95% BCa bootstrap CI clustered by PubChem compound; uncertainty is over the observed compound panel, not broader chemical space.	CVCL_0033
l1000_phase1	l1000_phase2	peer_baseline_dataset_pair_line	pb_target_peer_direction_agreement_pair_p05	mean_pb_target_peer_direction_agreement_pair_p05	0.5091914095435299	0.4972620013760214	0.5210865119601773	0.011912255292077956	bca	ok	0.95	2000	2000	63	58	58	pubchem_cid			95% BCa bootstrap CI clustered by PubChem compound; uncertainty is over the observed compound panel, not broader chemical space.	CVCL_0033
l1000_phase1	l1000_phase2	peer_baseline_dataset_pair_line	pb_delta_vs_target_peer_direction_agreement_p05	mean_pb_delta_vs_target_peer_direction_agreement_p05	0.400839067529784	0.35143271939585286	0.4309046133662524	0.03973594698519978	bca	ok	0.95	2000	2000	63	58	58	pubchem_cid			95% BCa bootstrap CI clustered by PubChem compound; uncertainty is over the observed compound panel, not broader chemical space.	CVCL_0033
l1000_phase1	l1000_phase2	peer_baseline_dataset_pair_line	pb_target_peer_direction_agreement_pair_p05_sd_score	mean_pb_target_peer_direction_agreement_pair_p05_sd_score	0.1439531170039024	0.13830171789534926	0.1500800944551259	0.005889188279888324	bca	ok	0.95	2000	2000	63	58	58	pubchem_cid			95% BCa bootstrap CI clustered by PubChem compound; uncertainty is over the observed compound panel, not broader chemical space.	CVCL_0033
l1000_phase1	l1000_phase2	peer_baseline_dataset_pair_line	pb_target_peer_direction_agreement_pair_p05_fraction_below_observed	mean_pb_target_peer_direction_agreement_pair_p05_fraction_below_observed	0.947254722601842	0.8927808247501648	0.9735702340099888	0.04039470462991196	bca	ok	0.95	2000	2000	63	58	58	pubchem_cid			95% BCa bootstrap CI clustered by PubChem compound; uncertainty is over the observed compound panel, not broader chemical space.	CVCL_0033
l1000_phase1	l1000_phase2	peer_baseline_dataset_pair_line	pb_target_peer_direction_agreement_pair_p05_corrected_percentile	mean_pb_target_peer_direction_agreement_pair_p05_corrected_percentile	0.9475704030204336	0.893576201437125	0.9731450356955342	0.03978441712920461	bca	ok	0.95	2000	2000	63	58	58	pubchem_cid			95% BCa bootstrap CI clustered by PubChem compound; uncertainty is over the observed compound panel, not broader chemical space.	CVCL_0033
l1000_phase1	l1000_phase2	peer_baseline_dataset_pair_line	pb_observed_deg_lfc_spearman_p05	mean_pb_observed_deg_lfc_spearman_p05	0.4095116554682441	0.34029805293416493	0.47032372382064164	0.06501283544323835	bca	ok	0.95	2000	2000	118	108	108	pubchem_cid			95% BCa bootstrap CI clustered by PubChem compound; uncertainty is over the observed compound panel, not broader chemical space.	CVCL_0035
l1000_phase1	l1000_phase2	peer_baseline_dataset_pair_line	pb_source_centroid_deg_lfc_spearman_pair_p05	mean_pb_source_centroid_deg_lfc_spearman_pair_p05	0.4083001561239626	0.34921427940032596	0.4588212645882654	0.054803492593969716	bca	ok	0.95	2000	2000	118	117	117	pubchem_cid			95% BCa bootstrap CI clustered by PubChem compound; uncertainty is over the observed compound panel, not broader chemical space.	CVCL_0035
l1000_phase1	l1000_phase2	peer_baseline_dataset_pair_line	pb_delta_vs_source_centroid_deg_lfc_spearman_p05	mean_pb_delta_vs_source_centroid_deg_lfc_spearman_p05	-0.021124929777222332	-0.08986819831834332	0.044850387489736805	0.06735929290404007	bca	ok	0.95	2000	2000	118	108	108	pubchem_cid			95% BCa bootstrap CI clustered by PubChem compound; uncertainty is over the observed compound panel, not broader chemical space.	CVCL_0035
l1000_phase1	l1000_phase2	peer_baseline_dataset_pair_line	pb_target_centroid_deg_lfc_spearman_pair_p05	mean_pb_target_centroid_deg_lfc_spearman_pair_p05	0.32053924234917963	0.25967765303422874	0.371327411530145	0.05582487924795812	bca	ok	0.95	2000	2000	118	118	118	pubchem_cid			95% BCa bootstrap CI clustered by PubChem compound; uncertainty is over the observed compound panel, not broader chemical space.	CVCL_0035
l1000_phase1	l1000_phase2	peer_baseline_dataset_pair_line	pb_delta_vs_target_centroid_deg_lfc_spearman_p05	mean_pb_delta_vs_target_centroid_deg_lfc_spearman_p05	0.08065942187094263	0.015430094236707662	0.13371422421181992	0.05914206498755613	bca	ok	0.95	2000	2000	118	108	108	pubchem_cid			95% BCa bootstrap CI clustered by PubChem compound; uncertainty is over the observed compound panel, not broader chemical space.	CVCL_0035
l1000_phase1	l1000_phase2	peer_baseline_dataset_pair_line	pb_source_peer_deg_lfc_spearman_pair_p05	mean_pb_source_peer_deg_lfc_spearman_pair_p05	0.042766376729042925	0.026926123605074088	0.055792366409017406	0.01443312140197166	bca	ok	0.95	2000	2000	118	117	117	pubchem_cid			95% BCa bootstrap CI clustered by PubChem compound; uncertainty is over the observed compound panel, not broader chemical space.	CVCL_0035
l1000_phase1	l1000_phase2	peer_baseline_dataset_pair_line	pb_delta_vs_source_peer_deg_lfc_spearman_p05	mean_pb_delta_vs_source_peer_deg_lfc_spearman_p05	0.3597091677582147	0.29456385812355473	0.41414320912070574	0.0597896754985755	bca	ok	0.95	2000	2000	118	108	108	pubchem_cid			95% BCa bootstrap CI clustered by PubChem compound; uncertainty is over the observed compound panel, not broader chemical space.	CVCL_0035
l1000_phase1	l1000_phase2	peer_baseline_dataset_pair_line	pb_source_peer_deg_lfc_spearman_pair_p05_sd_score	mean_pb_source_peer_deg_lfc_spearman_pair_p05_sd_score	0.3102712904450987	0.2880290679659672	0.3397107828992633	0.02584085746664805	bca	ok	0.95	2000	2000	118	117	117	pubchem_cid			95% BCa bootstrap CI clustered by PubChem compound; uncertainty is over the observed compound panel, not broader chemical space.	CVCL_0035
l1000_phase1	l1000_phase2	peer_baseline_dataset_pair_line	pb_source_peer_deg_lfc_spearman_pair_p05_fraction_below_observed	mean_pb_source_peer_deg_lfc_spearman_pair_p05_fraction_below_observed	0.768636050361212	0.721532920070293	0.8140504549826114	0.0462587674561592	bca	ok	0.95	2000	2000	118	117	117	pubchem_cid			95% BCa bootstrap CI clustered by PubChem compound; uncertainty is over the observed compound panel, not broader chemical space.	CVCL_0035
l1000_phase1	l1000_phase2	peer_baseline_dataset_pair_line	pb_source_peer_deg_lfc_spearman_pair_p05_corrected_percentile	mean_pb_source_peer_deg_lfc_spearman_pair_p05_corrected_percentile	0.7698600074720076	0.7215871294915219	0.8139745842154731	0.04619372736197558	bca	ok	0.95	2000	2000	118	117	117	pubchem_cid			95% BCa bootstrap CI clustered by PubChem compound; uncertainty is over the observed compound panel, not broader chemical space.	CVCL_0035
l1000_phase1	l1000_phase2	peer_baseline_dataset_pair_line	pb_target_peer_deg_lfc_spearman_pair_p05	mean_pb_target_peer_deg_lfc_spearman_pair_p05	0.02355098997925941	0.008838166131491411	0.037398867363142775	0.014280350615825683	bca	ok	0.95	2000	2000	118	118	118	pubchem_cid			95% BCa bootstrap CI clustered by PubChem compound; uncertainty is over the observed compound panel, not broader chemical space.	CVCL_0035
l1000_phase1	l1000_phase2	peer_baseline_dataset_pair_line	pb_delta_vs_target_peer_deg_lfc_spearman_p05	mean_pb_delta_vs_target_peer_deg_lfc_spearman_p05	0.3827095383370209	0.3214308712306415	0.4410450342965081	0.05980708153293329	bca	ok	0.95	2000	2000	118	108	108	pubchem_cid			95% BCa bootstrap CI clustered by PubChem compound; uncertainty is over the observed compound panel, not broader chemical space.	CVCL_0035
l1000_phase1	l1000_phase2	peer_baseline_dataset_pair_line	pb_target_peer_deg_lfc_spearman_pair_p05_sd_score	mean_pb_target_peer_deg_lfc_spearman_pair_p05_sd_score	0.29709109809307177	0.27580080544540764	0.3269292375363273	0.02556421604545983	bca	ok	0.95	2000	2000	118	118	118	pubchem_cid			95% BCa bootstrap CI clustered by PubChem compound; uncertainty is over the observed compound panel, not broader chemical space.	CVCL_0035
l1000_phase1	l1000_phase2	peer_baseline_dataset_pair_line	pb_target_peer_deg_lfc_spearman_pair_p05_fraction_below_observed	mean_pb_target_peer_deg_lfc_spearman_pair_p05_fraction_below_observed	0.7775929788423606	0.7289911710518703	0.8208682360408835	0.045938532494506634	bca	ok	0.95	2000	2000	118	118	118	pubchem_cid			95% BCa bootstrap CI clustered by PubChem compound; uncertainty is over the observed compound panel, not broader chemical space.	CVCL_0035
l1000_phase1	l1000_phase2	peer_baseline_dataset_pair_line	pb_target_peer_deg_lfc_spearman_pair_p05_corrected_percentile	mean_pb_target_peer_deg_lfc_spearman_pair_p05_corrected_percentile	0.7784962695353529	0.730725097208434	0.8235794253739082	0.04642716408273706	bca	ok	0.95	2000	2000	118	118	118	pubchem_cid			95% BCa bootstrap CI clustered by PubChem compound; uncertainty is over the observed compound panel, not broader chemical space.	CVCL_0035
l1000_phase1	l1000_phase2	peer_baseline_dataset_pair_line	pb_observed_direction_agreement_p05	mean_pb_observed_direction_agreement_p05	0.8959956521770401	0.838242355910026	0.9316140924661922	0.046685868278083076	bca	ok	0.95	2000	2000	118	96	96	pubchem_cid			95% BCa bootstrap CI clustered by PubChem compound; uncertainty is over the observed compound panel, not broader chemical space.	CVCL_0035
l1000_phase1	l1000_phase2	peer_baseline_dataset_pair_line	pb_source_centroid_direction_agreement_pair_p05	mean_pb_source_centroid_direction_agreement_pair_p05	0.699363335471313	0.6731199894000174	0.7233996926936045	0.025139851646793554	bca	ok	0.95	2000	2000	118	117	117	pubchem_cid			95% BCa bootstrap CI clustered by PubChem compound; uncertainty is over the observed compound panel, not broader chemical space.	CVCL_0035
l1000_phase1	l1000_phase2	peer_baseline_dataset_pair_line	pb_delta_vs_source_centroid_direction_agreement_p05	mean_pb_delta_vs_source_centroid_direction_agreement_p05	0.1809223840753258	0.1282753761129385	0.22498130393679022	0.04835296391192587	bca	ok	0.95	2000	2000	118	96	96	pubchem_cid			95% BCa bootstrap CI clustered by PubChem compound; uncertainty is over the observed compound panel, not broader chemical space.	CVCL_0035
l1000_phase1	l1000_phase2	peer_baseline_dataset_pair_line	pb_target_centroid_direction_agreement_pair_p05	mean_pb_target_centroid_direction_agreement_pair_p05	0.6484147666187965	0.6189078114679032	0.6718572183427896	0.02647470343744318	bca	ok	0.95	2000	2000	118	118	118	pubchem_cid			95% BCa bootstrap CI clustered by PubChem compound; uncertainty is over the observed compound panel, not broader chemical space.	CVCL_0035
l1000_phase1	l1000_phase2	peer_baseline_dataset_pair_line	pb_delta_vs_target_centroid_direction_agreement_p05	mean_pb_delta_vs_target_centroid_direction_agreement_p05	0.2398043602105365	0.18712556793857407	0.27956937054326503	0.04622190130234548	bca	ok	0.95	2000	2000	118	96	96	pubchem_cid			95% BCa bootstrap CI clustered by PubChem compound; uncertainty is over the observed compound panel, not broader chemical space.	CVCL_0035
l1000_phase1	l1000_phase2	peer_baseline_dataset_pair_line	pb_source_peer_direction_agreement_pair_p05	mean_pb_source_peer_direction_agreement_pair_p05	0.5320422844228602	0.5259549981881741	0.5382823854262869	0.006163693619056387	bca	ok	0.95	2000	2000	118	96	96	pubchem_cid			95% BCa bootstrap CI clustered by PubChem compound; uncertainty is over the observed compound panel, not broader chemical space.	CVCL_0035
l1000_phase1	l1000_phase2	peer_baseline_dataset_pair_line	pb_delta_vs_source_peer_direction_agreement_p05	mean_pb_delta_vs_source_peer_direction_agreement_p05	0.36395336775417997	0.3137395673308356	0.3989621685734065	0.04261130062128546	bca	ok	0.95	2000	2000	118	96	96	pubchem_cid			95% BCa bootstrap CI clustered by PubChem compound; uncertainty is over the observed compound panel, not broader chemical space.	CVCL_0035
l1000_phase1	l1000_phase2	peer_baseline_dataset_pair_line	pb_source_peer_direction_agreement_pair_p05_sd_score	mean_pb_source_peer_direction_agreement_pair_p05_sd_score	0.1332789926084793	0.12486008562330547	0.1456384068580697	0.010389160617382112	bca	ok	0.95	2000	2000	118	96	96	pubchem_cid			95% BCa bootstrap CI clustered by PubChem compound; uncertainty is over the observed compound panel, not broader chemical space.	CVCL_0035
l1000_phase1	l1000_phase2	peer_baseline_dataset_pair_line	pb_source_peer_direction_agreement_pair_p05_fraction_below_observed	mean_pb_source_peer_direction_agreement_pair_p05_fraction_below_observed	0.909104560299668	0.8501022017187249	0.9459974856795166	0.04794764198039586	bca	ok	0.95	2000	2000	118	96	96	pubchem_cid			95% BCa bootstrap CI clustered by PubChem compound; uncertainty is over the observed compound panel, not broader chemical space.	CVCL_0035
l1000_phase1	l1000_phase2	peer_baseline_dataset_pair_line	pb_source_peer_direction_agreement_pair_p05_corrected_percentile	mean_pb_source_peer_direction_agreement_pair_p05_corrected_percentile	0.9097010436030272	0.8529444333605964	0.9469669528425244	0.047011259740963984	bca	ok	0.95	2000	2000	118	96	96	pubchem_cid			95% BCa bootstrap CI clustered by PubChem compound; uncertainty is over the observed compound panel, not broader chemical space.	CVCL_0035
l1000_phase1	l1000_phase2	peer_baseline_dataset_pair_line	pb_target_peer_direction_agreement_pair_p05	mean_pb_target_peer_direction_agreement_pair_p05	0.5203231976755035	0.5132129456962498	0.5258410017962781	0.0063140280500141865	bca	ok	0.95	2000	2000	118	96	96	pubchem_cid			95% BCa bootstrap CI clustered by PubChem compound; uncertainty is over the observed compound panel, not broader chemical space.	CVCL_0035
l1000_phase1	l1000_phase2	peer_baseline_dataset_pair_line	pb_delta_vs_target_peer_direction_agreement_p05	mean_pb_delta_vs_target_peer_direction_agreement_p05	0.3756724545015366	0.3252394539207904	0.4089896180367712	0.0418750820579904	bca	ok	0.95	2000	2000	118	96	96	pubchem_cid			95% BCa bootstrap CI clustered by PubChem compound; uncertainty is over the observed compound panel, not broader chemical space.	CVCL_0035
l1000_phase1	l1000_phase2	peer_baseline_dataset_pair_line	pb_target_peer_direction_agreement_pair_p05_sd_score	mean_pb_target_peer_direction_agreement_pair_p05_sd_score	0.12548564848255792	0.11702467678191963	0.13848970955662146	0.010732516387350913	bca	ok	0.95	2000	2000	118	96	96	pubchem_cid			95% BCa bootstrap CI clustered by PubChem compound; uncertainty is over the observed compound panel, not broader chemical space.	CVCL_0035
l1000_phase1	l1000_phase2	peer_baseline_dataset_pair_line	pb_target_peer_direction_agreement_pair_p05_fraction_below_observed	mean_pb_target_peer_direction_agreement_pair_p05_fraction_below_observed	0.9148296833670942	0.8616850599159831	0.9514666090205932	0.04489077455230506	bca	ok	0.95	2000	2000	118	96	96	pubchem_cid			95% BCa bootstrap CI clustered by PubChem compound; uncertainty is over the observed compound panel, not broader chemical space.	CVCL_0035
l1000_phase1	l1000_phase2	peer_baseline_dataset_pair_line	pb_target_peer_direction_agreement_pair_p05_corrected_percentile	mean_pb_target_peer_direction_agreement_pair_p05_corrected_percentile	0.9153230283154628	0.858819839787281	0.9531958999633459	0.04718803008803241	bca	ok	0.95	2000	2000	118	96	96	pubchem_cid			95% BCa bootstrap CI clustered by PubChem compound; uncertainty is over the observed compound panel, not broader chemical space.	CVCL_0035
l1000_phase1	l1000_phase2	peer_baseline_dataset_pair_line	pb_observed_deg_lfc_spearman_p05	mean_pb_observed_deg_lfc_spearman_p05	0.35796625851518854	0.2951952309980765	0.4162937723114039	0.06054927065666371	bca	ok	0.95	2000	2000	94	93	93	pubchem_cid			95% BCa bootstrap CI clustered by PubChem compound; uncertainty is over the observed compound panel, not broader chemical space.	CVCL_0062
l1000_phase1	l1000_phase2	peer_baseline_dataset_pair_line	pb_source_centroid_deg_lfc_spearman_pair_p05	mean_pb_source_centroid_deg_lfc_spearman_pair_p05	0.46112905146257244	0.4196233265636623	0.5007387779082104	0.04055772567227406	bca	ok	0.95	2000	2000	94	94	94	pubchem_cid			95% BCa bootstrap CI clustered by PubChem compound; uncertainty is over the observed compound panel, not broader chemical space.	CVCL_0062
l1000_phase1	l1000_phase2	peer_baseline_dataset_pair_line	pb_delta_vs_source_centroid_deg_lfc_spearman_p05	mean_pb_delta_vs_source_centroid_deg_lfc_spearman_p05	-0.1108521489287036	-0.16578652736237667	-0.06550662675709	0.05013995030264334	bca	ok	0.95	2000	2000	94	93	93	pubchem_cid			95% BCa bootstrap CI clustered by PubChem compound; uncertainty is over the observed compound panel, not broader chemical space.	CVCL_0062
l1000_phase1	l1000_phase2	peer_baseline_dataset_pair_line	pb_target_centroid_deg_lfc_spearman_pair_p05	mean_pb_target_centroid_deg_lfc_spearman_pair_p05	0.3447498626851055	0.29273492411760227	0.3929303892442212	0.05009773256330946	bca	ok	0.95	2000	2000	94	94	94	pubchem_cid			95% BCa bootstrap CI clustered by PubChem compound; uncertainty is over the observed compound panel, not broader chemical space.	CVCL_0062
l1000_phase1	l1000_phase2	peer_baseline_dataset_pair_line	pb_delta_vs_target_centroid_deg_lfc_spearman_p05	mean_pb_delta_vs_target_centroid_deg_lfc_spearman_p05	0.030478762237816117	-0.01719184299675285	0.07802072057182197	0.047606281784287406	bca	ok	0.95	2000	2000	94	93	93	pubchem_cid			95% BCa bootstrap CI clustered by PubChem compound; uncertainty is over the observed compound panel, not broader chemical space.	CVCL_0062
l1000_phase1	l1000_phase2	peer_baseline_dataset_pair_line	pb_source_peer_deg_lfc_spearman_pair_p05	mean_pb_source_peer_deg_lfc_spearman_pair_p05	0.1129707055408031	0.09204624822694762	0.1331892909535084	0.020571521363280387	bca	ok	0.95	2000	2000	94	94	94	pubchem_cid			95% BCa bootstrap CI clustered by PubChem compound; uncertainty is over the observed compound panel, not broader chemical space.	CVCL_0062
l1000_phase1	l1000_phase2	peer_baseline_dataset_pair_line	pb_delta_vs_source_peer_deg_lfc_spearman_p05	mean_pb_delta_vs_source_peer_deg_lfc_spearman_p05	0.2297347038657766	0.17913969813542455	0.2807496605591853	0.05080498121188039	bca	ok	0.95	2000	2000	94	93	93	pubchem_cid			95% BCa bootstrap CI clustered by PubChem compound; uncertainty is over the observed compound panel, not broader chemical space.	CVCL_0062
l1000_phase1	l1000_phase2	peer_baseline_dataset_pair_line	pb_source_peer_deg_lfc_spearman_pair_p05_sd_score	mean_pb_source_peer_deg_lfc_spearman_pair_p05_sd_score	0.3728569398419559	0.35068305761299184	0.40051035769863247	0.024913650042820312	bca	ok	0.95	2000	2000	94	94	94	pubchem_cid			95% BCa bootstrap CI clustered by PubChem compound; uncertainty is over the observed compound panel, not broader chemical space.	CVCL_0062
l1000_phase1	l1000_phase2	peer_baseline_dataset_pair_line	pb_source_peer_deg_lfc_spearman_pair_p05_fraction_below_observed	mean_pb_source_peer_deg_lfc_spearman_pair_p05_fraction_below_observed	0.6774070523111956	0.6345984451809424	0.7183416748071856	0.04187161481312157	bca	ok	0.95	2000	2000	94	94	94	pubchem_cid			95% BCa bootstrap CI clustered by PubChem compound; uncertainty is over the observed compound panel, not broader chemical space.	CVCL_0062
l1000_phase1	l1000_phase2	peer_baseline_dataset_pair_line	pb_source_peer_deg_lfc_spearman_pair_p05_corrected_percentile	mean_pb_source_peer_deg_lfc_spearman_pair_p05_corrected_percentile	0.6795158381848858	0.6357544633601508	0.7227013785689871	0.04347345760441812	bca	ok	0.95	2000	2000	94	94	94	pubchem_cid			95% BCa bootstrap CI clustered by PubChem compound; uncertainty is over the observed compound panel, not broader chemical space.	CVCL_0062
l1000_phase1	l1000_phase2	peer_baseline_dataset_pair_line	pb_target_peer_deg_lfc_spearman_pair_p05	mean_pb_target_peer_deg_lfc_spearman_pair_p05	0.06241312720619317	0.04254293692348065	0.08157220773444208	0.019514635405480717	bca	ok	0.95	2000	2000	94	94	94	pubchem_cid			95% BCa bootstrap CI clustered by PubChem compound; uncertainty is over the observed compound panel, not broader chemical space.	CVCL_0062
l1000_phase1	l1000_phase2	peer_baseline_dataset_pair_line	pb_delta_vs_target_peer_deg_lfc_spearman_p05	mean_pb_delta_vs_target_peer_deg_lfc_spearman_p05	0.2842685970357497	0.23606356090241043	0.33305505807672675	0.04849574858715816	bca	ok	0.95	2000	2000	94	93	93	pubchem_cid			95% BCa bootstrap CI clustered by PubChem compound; uncertainty is over the observed compound panel, not broader chemical space.	CVCL_0062
l1000_phase1	l1000_phase2	peer_baseline_dataset_pair_line	pb_target_peer_deg_lfc_spearman_pair_p05_sd_score	mean_pb_target_peer_deg_lfc_spearman_pair_p05_sd_score	0.3628170385759024	0.34035536394050175	0.388231119389078	0.023937877724288126	bca	ok	0.95	2000	2000	94	94	94	pubchem_cid			95% BCa bootstrap CI clustered by PubChem compound; uncertainty is over the observed compound panel, not broader chemical space.	CVCL_0062
l1000_phase1	l1000_phase2	peer_baseline_dataset_pair_line	pb_target_peer_deg_lfc_spearman_pair_p05_fraction_below_observed	mean_pb_target_peer_deg_lfc_spearman_pair_p05_fraction_below_observed	0.7196477376140271	0.6804673069033026	0.7614893116136116	0.04051100235515448	bca	ok	0.95	2000	2000	94	94	94	pubchem_cid			95% BCa bootstrap CI clustered by PubChem compound; uncertainty is over the observed compound panel, not broader chemical space.	CVCL_0062
l1000_phase1	l1000_phase2	peer_baseline_dataset_pair_line	pb_target_peer_deg_lfc_spearman_pair_p05_corrected_percentile	mean_pb_target_peer_deg_lfc_spearman_pair_p05_corrected_percentile	0.7214690662417446	0.677150856834113	0.75980068103028	0.04132491209808348	bca	ok	0.95	2000	2000	94	94	94	pubchem_cid			95% BCa bootstrap CI clustered by PubChem compound; uncertainty is over the observed compound panel, not broader chemical space.	CVCL_0062
l1000_phase1	l1000_phase2	peer_baseline_dataset_pair_line	pb_observed_direction_agreement_p05	mean_pb_observed_direction_agreement_p05	0.9489708736326241	0.9255556851829101	0.9637481789693696	0.01909624689322975	bca	ok	0.95	2000	2000	94	84	84	pubchem_cid			95% BCa bootstrap CI clustered by PubChem compound; uncertainty is over the observed compound panel, not broader chemical space.	CVCL_0062
l1000_phase1	l1000_phase2	peer_baseline_dataset_pair_line	pb_source_centroid_direction_agreement_pair_p05	mean_pb_source_centroid_direction_agreement_pair_p05	0.7408601873774534	0.7179001529670623	0.7618807122625274	0.021990279647732536	bca	ok	0.95	2000	2000	94	94	94	pubchem_cid			95% BCa bootstrap CI clustered by PubChem compound; uncertainty is over the observed compound panel, not broader chemical space.	CVCL_0062
l1000_phase1	l1000_phase2	peer_baseline_dataset_pair_line	pb_delta_vs_source_centroid_direction_agreement_p05	mean_pb_delta_vs_source_centroid_direction_agreement_p05	0.15583624155483872	0.13091093433273976	0.1844837016106568	0.026786383638958522	bca	ok	0.95	2000	2000	94	84	84	pubchem_cid			95% BCa bootstrap CI clustered by PubChem compound; uncertainty is over the observed compound panel, not broader chemical space.	CVCL_0062
l1000_phase1	l1000_phase2	peer_baseline_dataset_pair_line	pb_target_centroid_direction_agreement_pair_p05	mean_pb_target_centroid_direction_agreement_pair_p05	0.6594308650219641	0.6400772227336607	0.6811395115664578	0.020531144416398528	bca	ok	0.95	2000	2000	94	94	94	pubchem_cid			95% BCa bootstrap CI clustered by PubChem compound; uncertainty is over the observed compound panel, not broader chemical space.	CVCL_0062
l1000_phase1	l1000_phase2	peer_baseline_dataset_pair_line	pb_delta_vs_target_centroid_direction_agreement_p05	mean_pb_delta_vs_target_centroid_direction_agreement_p05	0.22238351171595716	0.19487975469925947	0.2499774240091773	0.027548834654958915	bca	ok	0.95	2000	2000	94	84	84	pubchem_cid			95% BCa bootstrap CI clustered by PubChem compound; uncertainty is over the observed compound panel, not broader chemical space.	CVCL_0062
l1000_phase1	l1000_phase2	peer_baseline_dataset_pair_line	pb_source_peer_direction_agreement_pair_p05	mean_pb_source_peer_direction_agreement_pair_p05	0.6053344057680428	0.5885964606908437	0.6188859270748645	0.015144733192010373	bca	ok	0.95	2000	2000	94	84	84	pubchem_cid			95% BCa bootstrap CI clustered by PubChem compound; uncertainty is over the observed compound panel, not broader chemical space.	CVCL_0062
l1000_phase1	l1000_phase2	peer_baseline_dataset_pair_line	pb_delta_vs_source_peer_direction_agreement_p05	mean_pb_delta_vs_source_peer_direction_agreement_p05	0.34363646786458135	0.32045909165328307	0.3654539950024769	0.022497451674596908	bca	ok	0.95	2000	2000	94	84	84	pubchem_cid			95% BCa bootstrap CI clustered by PubChem compound; uncertainty is over the observed compound panel, not broader chemical space.	CVCL_0062
l1000_phase1	l1000_phase2	peer_baseline_dataset_pair_line	pb_source_peer_direction_agreement_pair_p05_sd_score	mean_pb_source_peer_direction_agreement_pair_p05_sd_score	0.13575303909396824	0.13011235724924755	0.1434982538246284	0.006692948287690431	bca	ok	0.95	2000	2000	94	84	84	pubchem_cid			95% BCa bootstrap CI clustered by PubChem compound; uncertainty is over the observed compound panel, not broader chemical space.	CVCL_0062
l1000_phase1	l1000_phase2	peer_baseline_dataset_pair_line	pb_source_peer_direction_agreement_pair_p05_fraction_below_observed	mean_pb_source_peer_direction_agreement_pair_p05_fraction_below_observed	0.961770788221148	0.9357836191797914	0.9763392696472906	0.020277825233749602	bca	ok	0.95	2000	2000	94	84	84	pubchem_cid			95% BCa bootstrap CI clustered by PubChem compound; uncertainty is over the observed compound panel, not broader chemical space.	CVCL_0062
l1000_phase1	l1000_phase2	peer_baseline_dataset_pair_line	pb_source_peer_direction_agreement_pair_p05_corrected_percentile	mean_pb_source_peer_direction_agreement_pair_p05_corrected_percentile	0.9620185870996784	0.9366534364471724	0.9768126642371566	0.020079613894992132	bca	ok	0.95	2000	2000	94	84	84	pubchem_cid			95% BCa bootstrap CI clustered by PubChem compound; uncertainty is over the observed compound panel, not broader chemical space.	CVCL_0062
l1000_phase1	l1000_phase2	peer_baseline_dataset_pair_line	pb_target_peer_direction_agreement_pair_p05	mean_pb_target_peer_direction_agreement_pair_p05	0.5805898908763528	0.5652321143011212	0.5951501089234559	0.014958997311167344	bca	ok	0.95	2000	2000	94	84	84	pubchem_cid			95% BCa bootstrap CI clustered by PubChem compound; uncertainty is over the observed compound panel, not broader chemical space.	CVCL_0062
l1000_phase1	l1000_phase2	peer_baseline_dataset_pair_line	pb_delta_vs_target_peer_direction_agreement_p05	mean_pb_delta_vs_target_peer_direction_agreement_p05	0.36838098275627124	0.3440653118629706	0.38949937328463013	0.022717030710829755	bca	ok	0.95	2000	2000	94	84	84	pubchem_cid			95% BCa bootstrap CI clustered by PubChem compound; uncertainty is over the observed compound panel, not broader chemical space.	CVCL_0062
l1000_phase1	l1000_phase2	peer_baseline_dataset_pair_line	pb_target_peer_direction_agreement_pair_p05_sd_score	mean_pb_target_peer_direction_agreement_pair_p05_sd_score	0.12735258487348172	0.1213224542876642	0.1354529212692043	0.007065233490770054	bca	ok	0.95	2000	2000	94	84	84	pubchem_cid			95% BCa bootstrap CI clustered by PubChem compound; uncertainty is over the observed compound panel, not broader chemical space.	CVCL_0062
l1000_phase1	l1000_phase2	peer_baseline_dataset_pair_line	pb_target_peer_direction_agreement_pair_p05_fraction_below_observed	mean_pb_target_peer_direction_agreement_pair_p05_fraction_below_observed	0.9680576831246646	0.941762912327634	0.9823418577310776	0.020289472701721822	bca	ok	0.95	2000	2000	94	84	84	pubchem_cid			95% BCa bootstrap CI clustered by PubChem compound; uncertainty is over the observed compound panel, not broader chemical space.	CVCL_0062
l1000_phase1	l1000_phase2	peer_baseline_dataset_pair_line	pb_target_peer_direction_agreement_pair_p05_corrected_percentile	mean_pb_target_peer_direction_agreement_pair_p05_corrected_percentile	0.9682710940082421	0.9433371040301856	0.982037732780231	0.019350314375022715	bca	ok	0.95	2000	2000	94	84	84	pubchem_cid			95% BCa bootstrap CI clustered by PubChem compound; uncertainty is over the observed compound panel, not broader chemical space.	CVCL_0062
l1000_phase1	l1000_phase2	peer_baseline_dataset_pair_line	pb_observed_deg_lfc_spearman_p05	mean_pb_observed_deg_lfc_spearman_p05	0.5622703068421286	0.3994366496317427	0.6529484554472065	0.1267559029077319	bca	ok	0.95	2000	2000	48	45	41	pubchem_cid			95% BCa bootstrap CI clustered by PubChem compound; uncertainty is over the observed compound panel, not broader chemical space.	CVCL_0132
l1000_phase1	l1000_phase2	peer_baseline_dataset_pair_line	pb_source_centroid_deg_lfc_spearman_pair_p05	mean_pb_source_centroid_deg_lfc_spearman_pair_p05	0.5516804639050767	0.41735284027430775	0.6206874647795938	0.10166731225264303	bca	ok	0.95	2000	2000	48	48	43	pubchem_cid			95% BCa bootstrap CI clustered by PubChem compound; uncertainty is over the observed compound panel, not broader chemical space.	CVCL_0132
l1000_phase1	l1000_phase2	peer_baseline_dataset_pair_line	pb_delta_vs_source_centroid_deg_lfc_spearman_p05	mean_pb_delta_vs_source_centroid_deg_lfc_spearman_p05	-0.04479176587158959	-0.18417125229901934	0.03819480228804324	0.1111830272935313	bca	ok	0.95	2000	2000	48	45	41	pubchem_cid			95% BCa bootstrap CI clustered by PubChem compound; uncertainty is over the observed compound panel, not broader chemical space.	CVCL_0132
l1000_phase1	l1000_phase2	peer_baseline_dataset_pair_line	pb_target_centroid_deg_lfc_spearman_pair_p05	mean_pb_target_centroid_deg_lfc_spearman_pair_p05	0.4301976312771498	0.3207548977374715	0.5046440789828063	0.09194459062266738	bca	ok	0.95	2000	2000	48	48	43	pubchem_cid			95% BCa bootstrap CI clustered by PubChem compound; uncertainty is over the observed compound panel, not broader chemical space.	CVCL_0132
l1000_phase1	l1000_phase2	peer_baseline_dataset_pair_line	pb_delta_vs_target_centroid_deg_lfc_spearman_p05	mean_pb_delta_vs_target_centroid_deg_lfc_spearman_p05	0.08683734663372393	-0.04117521536561358	0.16129033151814626	0.10123277344187992	bca	ok	0.95	2000	2000	48	45	41	pubchem_cid			95% BCa bootstrap CI clustered by PubChem compound; uncertainty is over the observed compound panel, not broader chemical space.	CVCL_0132
l1000_phase1	l1000_phase2	peer_baseline_dataset_pair_line	pb_source_peer_deg_lfc_spearman_pair_p05	mean_pb_source_peer_deg_lfc_spearman_pair_p05	0.14208383594834126	0.10546645825670928	0.17068149772077906	0.03260751973203489	bca	ok	0.95	2000	2000	48	48	43	pubchem_cid			95% BCa bootstrap CI clustered by PubChem compound; uncertainty is over the observed compound panel, not broader chemical space.	CVCL_0132
l1000_phase1	l1000_phase2	peer_baseline_dataset_pair_line	pb_delta_vs_source_peer_deg_lfc_spearman_p05	mean_pb_delta_vs_source_peer_deg_lfc_spearman_p05	0.40161297336266627	0.27381736959944303	0.49074531978470426	0.10846397509263062	bca	ok	0.95	2000	2000	48	45	41	pubchem_cid			95% BCa bootstrap CI clustered by PubChem compound; uncertainty is over the observed compound panel, not broader chemical space.	CVCL_0132
l1000_phase1	l1000_phase2	peer_baseline_dataset_pair_line	pb_source_peer_deg_lfc_spearman_pair_p05_sd_score	mean_pb_source_peer_deg_lfc_spearman_pair_p05_sd_score	0.30568610800955437	0.2693266049144224	0.35468148282831036	0.04267743895694398	bca	ok	0.95	2000	2000	48	48	43	pubchem_cid			95% BCa bootstrap CI clustered by PubChem compound; uncertainty is over the observed compound panel, not broader chemical space.	CVCL_0132
l1000_phase1	l1000_phase2	peer_baseline_dataset_pair_line	pb_source_peer_deg_lfc_spearman_pair_p05_fraction_below_observed	mean_pb_source_peer_deg_lfc_spearman_pair_p05_fraction_below_observed	0.7883874001412589	0.7062206448457922	0.8614192348346905	0.07759929499444918	bca	ok	0.95	2000	2000	48	48	43	pubchem_cid			95% BCa bootstrap CI clustered by PubChem compound; uncertainty is over the observed compound panel, not broader chemical space.	CVCL_0132
l1000_phase1	l1000_phase2	peer_baseline_dataset_pair_line	pb_source_peer_deg_lfc_spearman_pair_p05_corrected_percentile	mean_pb_source_peer_deg_lfc_spearman_pair_p05_corrected_percentile	0.7960994406188951	0.7124370161593722	0.8661724796890808	0.07686773176485434	bca	ok	0.95	2000	2000	48	48	43	pubchem_cid			95% BCa bootstrap CI clustered by PubChem compound; uncertainty is over the observed compound panel, not broader chemical space.	CVCL_0132
l1000_phase1	l1000_phase2	peer_baseline_dataset_pair_line	pb_target_peer_deg_lfc_spearman_pair_p05	mean_pb_target_peer_deg_lfc_spearman_pair_p05	0.09924853958411774	0.061244801138478265	0.12406870134238605	0.0314119501019539	bca	ok	0.95	2000	2000	48	48	43	pubchem_cid			95% BCa bootstrap CI clustered by PubChem compound; uncertainty is over the observed compound panel, not broader chemical space.	CVCL_0132
l1000_phase1	l1000_phase2	peer_baseline_dataset_pair_line	pb_delta_vs_target_peer_deg_lfc_spearman_p05	mean_pb_delta_vs_target_peer_deg_lfc_spearman_p05	0.4575424271879456	0.3250973071807356	0.5412631765374623	0.10808293467836333	bca	ok	0.95	2000	2000	48	45	41	pubchem_cid			95% BCa bootstrap CI clustered by PubChem compound; uncertainty is over the observed compound panel, not broader chemical space.	CVCL_0132
l1000_phase1	l1000_phase2	peer_baseline_dataset_pair_line	pb_target_peer_deg_lfc_spearman_pair_p05_sd_score	mean_pb_target_peer_deg_lfc_spearman_pair_p05_sd_score	0.28616650748713557	0.2521753555164899	0.34087509437428337	0.04434986942889674	bca	ok	0.95	2000	2000	48	48	43	pubchem_cid			95% BCa bootstrap CI clustered by PubChem compound; uncertainty is over the observed compound panel, not broader chemical space.	CVCL_0132
l1000_phase1	l1000_phase2	peer_baseline_dataset_pair_line	pb_target_peer_deg_lfc_spearman_pair_p05_fraction_below_observed	mean_pb_target_peer_deg_lfc_spearman_pair_p05_fraction_below_observed	0.8205067726631853	0.738690451191551	0.8839412715483587	0.07262541017840385	bca	ok	0.95	2000	2000	48	48	43	pubchem_cid			95% BCa bootstrap CI clustered by PubChem compound; uncertainty is over the observed compound panel, not broader chemical space.	CVCL_0132
l1000_phase1	l1000_phase2	peer_baseline_dataset_pair_line	pb_target_peer_deg_lfc_spearman_pair_p05_corrected_percentile	mean_pb_target_peer_deg_lfc_spearman_pair_p05_corrected_percentile	0.8259060557914286	0.7489416956371298	0.886310213996565	0.0686842591797176	bca	ok	0.95	2000	2000	48	48	43	pubchem_cid			95% BCa bootstrap CI clustered by PubChem compound; uncertainty is over the observed compound panel, not broader chemical space.	CVCL_0132
l1000_phase1	l1000_phase2	peer_baseline_dataset_pair_line	pb_observed_direction_agreement_p05	mean_pb_observed_direction_agreement_p05	0.9199648109605574	0.8263328595643646	0.9568347894824677	0.06525096495905153	bca	ok	0.95	2000	2000	48	41	37	pubchem_cid			95% BCa bootstrap CI clustered by PubChem compound; uncertainty is over the observed compound panel, not broader chemical space.	CVCL_0132
l1000_phase1	l1000_phase2	peer_baseline_dataset_pair_line	pb_source_centroid_direction_agreement_pair_p05	mean_pb_source_centroid_direction_agreement_pair_p05	0.7643405951467027	0.715620812950032	0.799871000118135	0.042125093584051476	bca	ok	0.95	2000	2000	48	48	43	pubchem_cid			95% BCa bootstrap CI clustered by PubChem compound; uncertainty is over the observed compound panel, not broader chemical space.	CVCL_0132
l1000_phase1	l1000_phase2	peer_baseline_dataset_pair_line	pb_delta_vs_source_centroid_direction_agreement_p05	mean_pb_delta_vs_source_centroid_direction_agreement_p05	0.10622166446501946	0.022956151667967408	0.14722199435241168	0.06213292134222213	bca	ok	0.95	2000	2000	48	41	37	pubchem_cid			95% BCa bootstrap CI clustered by PubChem compound; uncertainty is over the observed compound panel, not broader chemical space.	CVCL_0132
l1000_phase1	l1000_phase2	peer_baseline_dataset_pair_line	pb_target_centroid_direction_agreement_pair_p05	mean_pb_target_centroid_direction_agreement_pair_p05	0.6727646418606277	0.6291906746994926	0.7084824048517355	0.039645865076121445	bca	ok	0.95	2000	2000	48	48	43	pubchem_cid			95% BCa bootstrap CI clustered by PubChem compound; uncertainty is over the observed compound panel, not broader chemical space.	CVCL_0132
l1000_phase1	l1000_phase2	peer_baseline_dataset_pair_line	pb_delta_vs_target_centroid_direction_agreement_p05	mean_pb_delta_vs_target_centroid_direction_agreement_p05	0.19124205908956765	0.12671248011413638	0.22717895792621065	0.050233238906037134	bca	ok	0.95	2000	2000	48	41	37	pubchem_cid			95% BCa bootstrap CI clustered by PubChem compound; uncertainty is over the observed compound panel, not broader chemical space.	CVCL_0132
l1000_phase1	l1000_phase2	peer_baseline_dataset_pair_line	pb_source_peer_direction_agreement_pair_p05	mean_pb_source_peer_direction_agreement_pair_p05	0.5887184781464643	0.5800326727105672	0.5975078703626541	0.008737598826043413	bca	ok	0.95	2000	2000	48	41	37	pubchem_cid			95% BCa bootstrap CI clustered by PubChem compound; uncertainty is over the observed compound panel, not broader chemical space.	CVCL_0132
l1000_phase1	l1000_phase2	peer_baseline_dataset_pair_line	pb_delta_vs_source_peer_direction_agreement_p05	mean_pb_delta_vs_source_peer_direction_agreement_p05	0.33124633281409316	0.25175456493363857	0.36986259448610453	0.05905401477623298	bca	ok	0.95	2000	2000	48	41	37	pubchem_cid			95% BCa bootstrap CI clustered by PubChem compound; uncertainty is over the observed compound panel, not broader chemical space.	CVCL_0132
l1000_phase1	l1000_phase2	peer_baseline_dataset_pair_line	pb_source_peer_direction_agreement_pair_p05_sd_score	mean_pb_source_peer_direction_agreement_pair_p05_sd_score	0.1249564784996035	0.11466221814574266	0.13762356872308232	0.011480675288669827	bca	ok	0.95	2000	2000	48	41	37	pubchem_cid			95% BCa bootstrap CI clustered by PubChem compound; uncertainty is over the observed compound panel, not broader chemical space.	CVCL_0132
l1000_phase1	l1000_phase2	peer_baseline_dataset_pair_line	pb_source_peer_direction_agreement_pair_p05_fraction_below_observed	mean_pb_source_peer_direction_agreement_pair_p05_fraction_below_observed	0.9277045701538869	0.8387544121003161	0.9749719267426882	0.06810875732118604	bca	ok	0.95	2000	2000	48	41	37	pubchem_cid			95% BCa bootstrap CI clustered by PubChem compound; uncertainty is over the observed compound panel, not broader chemical space.	CVCL_0132
l1000_phase1	l1000_phase2	peer_baseline_dataset_pair_line	pb_source_peer_direction_agreement_pair_p05_corrected_percentile	mean_pb_source_peer_direction_agreement_pair_p05_corrected_percentile	0.9312533534173638	0.8374712310523239	0.9756416697583277	0.06908521935300188	bca	ok	0.95	2000	2000	48	41	37	pubchem_cid			95% BCa bootstrap CI clustered by PubChem compound; uncertainty is over the observed compound panel, not broader chemical space.	CVCL_0132
l1000_phase1	l1000_phase2	peer_baseline_dataset_pair_line	pb_target_peer_direction_agreement_pair_p05	mean_pb_target_peer_direction_agreement_pair_p05	0.5570276523708005	0.5490987537672434	0.5660873723669102	0.008494309299833414	bca	ok	0.95	2000	2000	48	41	37	pubchem_cid			95% BCa bootstrap CI clustered by PubChem compound; uncertainty is over the observed compound panel, not broader chemical space.	CVCL_0132
l1000_phase1	l1000_phase2	peer_baseline_dataset_pair_line	pb_delta_vs_target_peer_direction_agreement_p05	mean_pb_delta_vs_target_peer_direction_agreement_p05	0.3629371585897568	0.28202217366171345	0.39882704160831856	0.05840243397330255	bca	ok	0.95	2000	2000	48	41	37	pubchem_cid			95% BCa bootstrap CI clustered by PubChem compound; uncertainty is over the observed compound panel, not broader chemical space.	CVCL_0132
l1000_phase1	l1000_phase2	peer_baseline_dataset_pair_line	pb_target_peer_direction_agreement_pair_p05_sd_score	mean_pb_target_peer_direction_agreement_pair_p05_sd_score	0.1071542549979713	0.09889876081622563	0.11746828012508921	0.00928475965443179	bca	ok	0.95	2000	2000	48	41	37	pubchem_cid			95% BCa bootstrap CI clustered by PubChem compound; uncertainty is over the observed compound panel, not broader chemical space.	CVCL_0132
l1000_phase1	l1000_phase2	peer_baseline_dataset_pair_line	pb_target_peer_direction_agreement_pair_p05_fraction_below_observed	mean_pb_target_peer_direction_agreement_pair_p05_fraction_below_observed	0.9370455494156323	0.8335644343696056	0.9828240126213121	0.07462978912585327	bca	ok	0.95	2000	2000	48	41	37	pubchem_cid			95% BCa bootstrap CI clustered by PubChem compound; uncertainty is over the observed compound panel, not broader chemical space.	CVCL_0132
l1000_phase1	l1000_phase2	peer_baseline_dataset_pair_line	pb_target_peer_direction_agreement_pair_p05_corrected_percentile	mean_pb_target_peer_direction_agreement_pair_p05_corrected_percentile	0.9400007214936091	0.8411856204809223	0.9836074401432089	0.07121090983114331	bca	ok	0.95	2000	2000	48	41	37	pubchem_cid			95% BCa bootstrap CI clustered by PubChem compound; uncertainty is over the observed compound panel, not broader chemical space.	CVCL_0132
l1000_phase1	l1000_phase2	peer_baseline_dataset_pair_line	pb_observed_deg_lfc_spearman_p05	mean_pb_observed_deg_lfc_spearman_p05	0.35647539445720666	0.27368747953635897	0.4325244514431016	0.07941848595337131	bca	ok	0.95	2000	2000	63	62	62	pubchem_cid			95% BCa bootstrap CI clustered by PubChem compound; uncertainty is over the observed compound panel, not broader chemical space.	CVCL_0178
l1000_phase1	l1000_phase2	peer_baseline_dataset_pair_line	pb_source_centroid_deg_lfc_spearman_pair_p05	mean_pb_source_centroid_deg_lfc_spearman_pair_p05	0.5216293585988762	0.4713730862502834	0.5613806937038371	0.04500380372677687	bca	ok	0.95	2000	2000	63	63	63	pubchem_cid			95% BCa bootstrap CI clustered by PubChem compound; uncertainty is over the observed compound panel, not broader chemical space.	CVCL_0178
l1000_phase1	l1000_phase2	peer_baseline_dataset_pair_line	pb_delta_vs_source_centroid_deg_lfc_spearman_p05	mean_pb_delta_vs_source_centroid_deg_lfc_spearman_p05	-0.12996866657371764	-0.22378406854631666	-0.04354369968828126	0.0901201844290177	bca	ok	0.95	2000	2000	63	62	62	pubchem_cid			95% BCa bootstrap CI clustered by PubChem compound; uncertainty is over the observed compound panel, not broader chemical space.	CVCL_0178
l1000_phase1	l1000_phase2	peer_baseline_dataset_pair_line	pb_target_centroid_deg_lfc_spearman_pair_p05	mean_pb_target_centroid_deg_lfc_spearman_pair_p05	0.15687656484910892	0.07476230698999056	0.22575036257231296	0.0754940277911612	bca	ok	0.95	2000	2000	63	63	63	pubchem_cid			95% BCa bootstrap CI clustered by PubChem compound; uncertainty is over the observed compound panel, not broader chemical space.	CVCL_0178
l1000_phase1	l1000_phase2	peer_baseline_dataset_pair_line	pb_delta_vs_target_centroid_deg_lfc_spearman_p05	mean_pb_delta_vs_target_centroid_deg_lfc_spearman_p05	0.16841027864351088	0.08216959402644493	0.24172960107629576	0.07978000352492542	bca	ok	0.95	2000	2000	63	62	62	pubchem_cid			95% BCa bootstrap CI clustered by PubChem compound; uncertainty is over the observed compound panel, not broader chemical space.	CVCL_0178
l1000_phase1	l1000_phase2	peer_baseline_dataset_pair_line	pb_source_peer_deg_lfc_spearman_pair_p05	mean_pb_source_peer_deg_lfc_spearman_pair_p05	0.14166790646582939	0.12125603028459087	0.15914073368985043	0.018942351702629784	bca	ok	0.95	2000	2000	63	63	63	pubchem_cid			95% BCa bootstrap CI clustered by PubChem compound; uncertainty is over the observed compound panel, not broader chemical space.	CVCL_0178
l1000_phase1	l1000_phase2	peer_baseline_dataset_pair_line	pb_delta_vs_source_peer_deg_lfc_spearman_p05	mean_pb_delta_vs_source_peer_deg_lfc_spearman_p05	0.21549950138965734	0.13246050993333075	0.28753015000929444	0.07753482003798184	bca	ok	0.95	2000	2000	63	62	62	pubchem_cid			95% BCa bootstrap CI clustered by PubChem compound; uncertainty is over the observed compound panel, not broader chemical space.	CVCL_0178
l1000_phase1	l1000_phase2	peer_baseline_dataset_pair_line	pb_source_peer_deg_lfc_spearman_pair_p05_sd_score	mean_pb_source_peer_deg_lfc_spearman_pair_p05_sd_score	0.42785601105975885	0.4038460495556205	0.45907645911001393	0.027615204777196728	bca	ok	0.95	2000	2000	63	63	63	pubchem_cid			95% BCa bootstrap CI clustered by PubChem compound; uncertainty is over the observed compound panel, not broader chemical space.	CVCL_0178
l1000_phase1	l1000_phase2	peer_baseline_dataset_pair_line	pb_source_peer_deg_lfc_spearman_pair_p05_fraction_below_observed	mean_pb_source_peer_deg_lfc_spearman_pair_p05_fraction_below_observed	0.6193874492694404	0.5595932637828857	0.6771870660084487	0.05879690111278152	bca	ok	0.95	2000	2000	63	63	63	pubchem_cid			95% BCa bootstrap CI clustered by PubChem compound; uncertainty is over the observed compound panel, not broader chemical space.	CVCL_0178
l1000_phase1	l1000_phase2	peer_baseline_dataset_pair_line	pb_source_peer_deg_lfc_spearman_pair_p05_corrected_percentile	mean_pb_source_peer_deg_lfc_spearman_pair_p05_corrected_percentile	0.6218190594200209	0.5603557162629896	0.6812236748400929	0.060433979288551654	bca	ok	0.95	2000	2000	63	63	63	pubchem_cid			95% BCa bootstrap CI clustered by PubChem compound; uncertainty is over the observed compound panel, not broader chemical space.	CVCL_0178
l1000_phase1	l1000_phase2	peer_baseline_dataset_pair_line	pb_target_peer_deg_lfc_spearman_pair_p05	mean_pb_target_peer_deg_lfc_spearman_pair_p05	0.004136651724882103	-0.02108227368006981	0.02640155313680832	0.023741913408439064	bca	ok	0.95	2000	2000	63	63	63	pubchem_cid			95% BCa bootstrap CI clustered by PubChem compound; uncertainty is over the observed compound panel, not broader chemical space.	CVCL_0178
l1000_phase1	l1000_phase2	peer_baseline_dataset_pair_line	pb_delta_vs_target_peer_deg_lfc_spearman_p05	mean_pb_delta_vs_target_peer_deg_lfc_spearman_p05	0.32738348640744697	0.2509429819466706	0.38756132276781324	0.06830917041057133	bca	ok	0.95	2000	2000	63	62	62	pubchem_cid			95% BCa bootstrap CI clustered by PubChem compound; uncertainty is over the observed compound panel, not broader chemical space.	CVCL_0178
l1000_phase1	l1000_phase2	peer_baseline_dataset_pair_line	pb_target_peer_deg_lfc_spearman_pair_p05_sd_score	mean_pb_target_peer_deg_lfc_spearman_pair_p05_sd_score	0.4092619906840619	0.3820751713903616	0.44660963576049606	0.03226723218506722	bca	ok	0.95	2000	2000	63	63	63	pubchem_cid			95% BCa bootstrap CI clustered by PubChem compound; uncertainty is over the observed compound panel, not broader chemical space.	CVCL_0178
l1000_phase1	l1000_phase2	peer_baseline_dataset_pair_line	pb_target_peer_deg_lfc_spearman_pair_p05_fraction_below_observed	mean_pb_target_peer_deg_lfc_spearman_pair_p05_fraction_below_observed	0.7162235693594171	0.6606535343334745	0.7692506870683584	0.05429857636744195	bca	ok	0.95	2000	2000	63	63	63	pubchem_cid			95% BCa bootstrap CI clustered by PubChem compound; uncertainty is over the observed compound panel, not broader chemical space.	CVCL_0178
l1000_phase1	l1000_phase2	peer_baseline_dataset_pair_line	pb_target_peer_deg_lfc_spearman_pair_p05_corrected_percentile	mean_pb_target_peer_deg_lfc_spearman_pair_p05_corrected_percentile	0.7182782540396735	0.6607421339090394	0.767499112977494	0.0533784895342273	bca	ok	0.95	2000	2000	63	63	63	pubchem_cid			95% BCa bootstrap CI clustered by PubChem compound; uncertainty is over the observed compound panel, not broader chemical space.	CVCL_0178
l1000_phase1	l1000_phase2	peer_baseline_dataset_pair_line	pb_observed_direction_agreement_p05	mean_pb_observed_direction_agreement_p05	0.8933037866454855	0.8174250901793877	0.9378971177495686	0.06023601378509047	bca	ok	0.95	2000	2000	63	55	55	pubchem_cid			95% BCa bootstrap CI clustered by PubChem compound; uncertainty is over the observed compound panel, not broader chemical space.	CVCL_0178
l1000_phase1	l1000_phase2	peer_baseline_dataset_pair_line	pb_source_centroid_direction_agreement_pair_p05	mean_pb_source_centroid_direction_agreement_pair_p05	0.7714016734575337	0.739503735501974	0.8002415849484269	0.030368924723226443	bca	ok	0.95	2000	2000	63	63	63	pubchem_cid			95% BCa bootstrap CI clustered by PubChem compound; uncertainty is over the observed compound panel, not broader chemical space.	CVCL_0178
l1000_phase1	l1000_phase2	peer_baseline_dataset_pair_line	pb_delta_vs_source_centroid_direction_agreement_p05	mean_pb_delta_vs_source_centroid_direction_agreement_p05	0.12159909317781657	0.047835148452683586	0.168824527803799	0.06049468967555771	bca	ok	0.95	2000	2000	63	55	55	pubchem_cid			95% BCa bootstrap CI clustered by PubChem compound; uncertainty is over the observed compound panel, not broader chemical space.	CVCL_0178
l1000_phase1	l1000_phase2	peer_baseline_dataset_pair_line	pb_target_centroid_direction_agreement_pair_p05	mean_pb_target_centroid_direction_agreement_pair_p05	0.5750360284177414	0.5475203230736616	0.6092578317179174	0.030868754322127878	bca	ok	0.95	2000	2000	63	63	63	pubchem_cid			95% BCa bootstrap CI clustered by PubChem compound; uncertainty is over the observed compound panel, not broader chemical space.	CVCL_0178
l1000_phase1	l1000_phase2	peer_baseline_dataset_pair_line	pb_delta_vs_target_centroid_direction_agreement_p05	mean_pb_delta_vs_target_centroid_direction_agreement_p05	0.2842042512371517	0.22337918432785872	0.324387180491558	0.050503998081849646	bca	ok	0.95	2000	2000	63	55	55	pubchem_cid			95% BCa bootstrap CI clustered by PubChem compound; uncertainty is over the observed compound panel, not broader chemical space.	CVCL_0178
l1000_phase1	l1000_phase2	peer_baseline_dataset_pair_line	pb_source_peer_direction_agreement_pair_p05	mean_pb_source_peer_direction_agreement_pair_p05	0.5844549534843881	0.5738836378139691	0.5954311602259689	0.010773761205999877	bca	ok	0.95	2000	2000	63	55	55	pubchem_cid			95% BCa bootstrap CI clustered by PubChem compound; uncertainty is over the observed compound panel, not broader chemical space.	CVCL_0178
l1000_phase1	l1000_phase2	peer_baseline_dataset_pair_line	pb_delta_vs_source_peer_direction_agreement_p05	mean_pb_delta_vs_source_peer_direction_agreement_p05	0.3088488331610975	0.23414765205940072	0.3561418821576495	0.060997115049124404	bca	ok	0.95	2000	2000	63	55	55	pubchem_cid			95% BCa bootstrap CI clustered by PubChem compound; uncertainty is over the observed compound panel, not broader chemical space.	CVCL_0178
l1000_phase1	l1000_phase2	peer_baseline_dataset_pair_line	pb_source_peer_direction_agreement_pair_p05_sd_score	mean_pb_source_peer_direction_agreement_pair_p05_sd_score	0.168471140930852	0.15943930665573067	0.17833628396035547	0.009448488652312403	bca	ok	0.95	2000	2000	63	55	55	pubchem_cid			95% BCa bootstrap CI clustered by PubChem compound; uncertainty is over the observed compound panel, not broader chemical space.	CVCL_0178
l1000_phase1	l1000_phase2	peer_baseline_dataset_pair_line	pb_source_peer_direction_agreement_pair_p05_fraction_below_observed	mean_pb_source_peer_direction_agreement_pair_p05_fraction_below_observed	0.8925712542397487	0.8116027809627584	0.9397892485499292	0.06409323379358539	bca	ok	0.95	2000	2000	63	55	55	pubchem_cid			95% BCa bootstrap CI clustered by PubChem compound; uncertainty is over the observed compound panel, not broader chemical space.	CVCL_0178
l1000_phase1	l1000_phase2	peer_baseline_dataset_pair_line	pb_source_peer_direction_agreement_pair_p05_corrected_percentile	mean_pb_source_peer_direction_agreement_pair_p05_corrected_percentile	0.8933171756436595	0.8026920640267814	0.9372070554052927	0.06725749568925565	bca	ok	0.95	2000	2000	63	55	55	pubchem_cid			95% BCa bootstrap CI clustered by PubChem compound; uncertainty is over the observed compound panel, not broader chemical space.	CVCL_0178
l1000_phase1	l1000_phase2	peer_baseline_dataset_pair_line	pb_target_peer_direction_agreement_pair_p05	mean_pb_target_peer_direction_agreement_pair_p05	0.5260633754828274	0.5136350579544876	0.53882385465094	0.012594398348226177	bca	ok	0.95	2000	2000	63	55	55	pubchem_cid			95% BCa bootstrap CI clustered by PubChem compound; uncertainty is over the observed compound panel, not broader chemical space.	CVCL_0178
l1000_phase1	l1000_phase2	peer_baseline_dataset_pair_line	pb_delta_vs_target_peer_direction_agreement_p05	mean_pb_delta_vs_target_peer_direction_agreement_p05	0.3672404111626581	0.2845184782528772	0.4066069475377505	0.06104423464243666	bca	ok	0.95	2000	2000	63	55	55	pubchem_cid			95% BCa bootstrap CI clustered by PubChem compound; uncertainty is over the observed compound panel, not broader chemical space.	CVCL_0178
l1000_phase1	l1000_phase2	peer_baseline_dataset_pair_line	pb_target_peer_direction_agreement_pair_p05_sd_score	mean_pb_target_peer_direction_agreement_pair_p05_sd_score	0.15251451185656817	0.14417324404936513	0.16178193670900376	0.008804346329819315	bca	ok	0.95	2000	2000	63	55	55	pubchem_cid			95% BCa bootstrap CI clustered by PubChem compound; uncertainty is over the observed compound panel, not broader chemical space.	CVCL_0178
l1000_phase1	l1000_phase2	peer_baseline_dataset_pair_line	pb_target_peer_direction_agreement_pair_p05_fraction_below_observed	mean_pb_target_peer_direction_agreement_pair_p05_fraction_below_observed	0.9139375787358458	0.8281650803444539	0.9552267556395159	0.06353083764753098	bca	ok	0.95	2000	2000	63	55	55	pubchem_cid			95% BCa bootstrap CI clustered by PubChem compound; uncertainty is over the observed compound panel, not broader chemical space.	CVCL_0178
l1000_phase1	l1000_phase2	peer_baseline_dataset_pair_line	pb_target_peer_direction_agreement_pair_p05_corrected_percentile	mean_pb_target_peer_direction_agreement_pair_p05_corrected_percentile	0.9145206773050251	0.8350602350118064	0.9567784396018388	0.06085910229501623	bca	ok	0.95	2000	2000	63	55	55	pubchem_cid			95% BCa bootstrap CI clustered by PubChem compound; uncertainty is over the observed compound panel, not broader chemical space.	CVCL_0178
l1000_phase1	l1000_phase2	peer_baseline_dataset_pair_line	pb_observed_deg_lfc_spearman_p05	mean_pb_observed_deg_lfc_spearman_p05	0.3998560520403408	0.17662490197728103	0.5539591397569399	0.18866711888982943	bca	ok	0.95	2000	2000	34	30	30	pubchem_cid			95% BCa bootstrap CI clustered by PubChem compound; uncertainty is over the observed compound panel, not broader chemical space.	CVCL_0320
l1000_phase1	l1000_phase2	peer_baseline_dataset_pair_line	pb_source_centroid_deg_lfc_spearman_pair_p05	mean_pb_source_centroid_deg_lfc_spearman_pair_p05	0.4049204916458235	0.254105635527463	0.4969063423118138	0.12140035339217539	bca	ok	0.95	2000	2000	34	33	33	pubchem_cid			95% BCa bootstrap CI clustered by PubChem compound; uncertainty is over the observed compound panel, not broader chemical space.	CVCL_0320
l1000_phase1	l1000_phase2	peer_baseline_dataset_pair_line	pb_delta_vs_source_centroid_deg_lfc_spearman_p05	mean_pb_delta_vs_source_centroid_deg_lfc_spearman_p05	-0.03584303500743382	-0.1748614121188623	0.07391048846633899	0.12438595029260065	bca	ok	0.95	2000	2000	34	30	30	pubchem_cid			95% BCa bootstrap CI clustered by PubChem compound; uncertainty is over the observed compound panel, not broader chemical space.	CVCL_0320
l1000_phase1	l1000_phase2	peer_baseline_dataset_pair_line	pb_target_centroid_deg_lfc_spearman_pair_p05	mean_pb_target_centroid_deg_lfc_spearman_pair_p05	0.38995896223079396	0.2911389803349654	0.4782170212164158	0.0935390204407252	bca	ok	0.95	2000	2000	34	33	33	pubchem_cid			95% BCa bootstrap CI clustered by PubChem compound; uncertainty is over the observed compound panel, not broader chemical space.	CVCL_0320
l1000_phase1	l1000_phase2	peer_baseline_dataset_pair_line	pb_delta_vs_target_centroid_deg_lfc_spearman_p05	mean_pb_delta_vs_target_centroid_deg_lfc_spearman_p05	0.008459921804116656	-0.2509750785609053	0.1317511608073345	0.1913631196841199	bca	ok	0.95	2000	2000	34	30	30	pubchem_cid			95% BCa bootstrap CI clustered by PubChem compound; uncertainty is over the observed compound panel, not broader chemical space.	CVCL_0320
l1000_phase1	l1000_phase2	peer_baseline_dataset_pair_line	pb_source_peer_deg_lfc_spearman_pair_p05	mean_pb_source_peer_deg_lfc_spearman_pair_p05	0.02236332977307266	-0.02258822574010599	0.0553852574591186	0.038986741599612296	bca	ok	0.95	2000	2000	34	33	33	pubchem_cid			95% BCa bootstrap CI clustered by PubChem compound; uncertainty is over the observed compound panel, not broader chemical space.	CVCL_0320
l1000_phase1	l1000_phase2	peer_baseline_dataset_pair_line	pb_delta_vs_source_peer_deg_lfc_spearman_p05	mean_pb_delta_vs_source_peer_deg_lfc_spearman_p05	0.36838835344505444	0.19787806171786823	0.5031427979711658	0.15263236812664877	bca	ok	0.95	2000	2000	34	30	30	pubchem_cid			95% BCa bootstrap CI clustered by PubChem compound; uncertainty is over the observed compound panel, not broader chemical space.	CVCL_0320
l1000_phase1	l1000_phase2	peer_baseline_dataset_pair_line	pb_source_peer_deg_lfc_spearman_pair_p05_sd_score	mean_pb_source_peer_deg_lfc_spearman_pair_p05_sd_score	0.3421621290985799	0.29603563142932354	0.42067294242008224	0.06231865549537935	bca	ok	0.95	2000	2000	34	33	33	pubchem_cid			95% BCa bootstrap CI clustered by PubChem compound; uncertainty is over the observed compound panel, not broader chemical space.	CVCL_0320
l1000_phase1	l1000_phase2	peer_baseline_dataset_pair_line	pb_source_peer_deg_lfc_spearman_pair_p05_fraction_below_observed	mean_pb_source_peer_deg_lfc_spearman_pair_p05_fraction_below_observed	0.7136668352431754	0.5954377317564465	0.8265858727164184	0.11557407047998591	bca	ok	0.95	2000	2000	34	33	33	pubchem_cid			95% BCa bootstrap CI clustered by PubChem compound; uncertainty is over the observed compound panel, not broader chemical space.	CVCL_0320
l1000_phase1	l1000_phase2	peer_baseline_dataset_pair_line	pb_source_peer_deg_lfc_spearman_pair_p05_corrected_percentile	mean_pb_source_peer_deg_lfc_spearman_pair_p05_corrected_percentile	0.715815019004221	0.5916382059195688	0.8100805554649425	0.10922117477268684	bca	ok	0.95	2000	2000	34	33	33	pubchem_cid			95% BCa bootstrap CI clustered by PubChem compound; uncertainty is over the observed compound panel, not broader chemical space.	CVCL_0320
l1000_phase1	l1000_phase2	peer_baseline_dataset_pair_line	pb_target_peer_deg_lfc_spearman_pair_p05	mean_pb_target_peer_deg_lfc_spearman_pair_p05	0.013951269998584315	-0.020828949038987934	0.040172520442939	0.030500734740963466	bca	ok	0.95	2000	2000	34	33	33	pubchem_cid			95% BCa bootstrap CI clustered by PubChem compound; uncertainty is over the observed compound panel, not broader chemical space.	CVCL_0320
l1000_phase1	l1000_phase2	peer_baseline_dataset_pair_line	pb_delta_vs_target_peer_deg_lfc_spearman_p05	mean_pb_delta_vs_target_peer_deg_lfc_spearman_p05	0.37922313853006323	0.17217938635692662	0.5260347005057165	0.17692765707439495	bca	ok	0.95	2000	2000	34	30	30	pubchem_cid			95% BCa bootstrap CI clustered by PubChem compound; uncertainty is over the observed compound panel, not broader chemical space.	CVCL_0320
l1000_phase1	l1000_phase2	peer_baseline_dataset_pair_line	pb_target_peer_deg_lfc_spearman_pair_p05_sd_score	mean_pb_target_peer_deg_lfc_spearman_pair_p05_sd_score	0.33510789454462275	0.28713418567787546	0.42252587612311104	0.06769584522261779	bca	ok	0.95	2000	2000	34	33	33	pubchem_cid			95% BCa bootstrap CI clustered by PubChem compound; uncertainty is over the observed compound panel, not broader chemical space.	CVCL_0320
l1000_phase1	l1000_phase2	peer_baseline_dataset_pair_line	pb_target_peer_deg_lfc_spearman_pair_p05_fraction_below_observed	mean_pb_target_peer_deg_lfc_spearman_pair_p05_fraction_below_observed	0.7318857762658648	0.6197445500733104	0.834291913274344	0.10727368160051681	bca	ok	0.95	2000	2000	34	33	33	pubchem_cid			95% BCa bootstrap CI clustered by PubChem compound; uncertainty is over the observed compound panel, not broader chemical space.	CVCL_0320
l1000_phase1	l1000_phase2	peer_baseline_dataset_pair_line	pb_target_peer_deg_lfc_spearman_pair_p05_corrected_percentile	mean_pb_target_peer_deg_lfc_spearman_pair_p05_corrected_percentile	0.7331747088645735	0.6163924814380387	0.8309706894046511	0.10728910398330621	bca	ok	0.95	2000	2000	34	33	33	pubchem_cid			95% BCa bootstrap CI clustered by PubChem compound; uncertainty is over the observed compound panel, not broader chemical space.	CVCL_0320
l1000_phase1	l1000_phase2	peer_baseline_dataset_pair_line	pb_observed_direction_agreement_p05	mean_pb_observed_direction_agreement_p05	0.9238159597339844	0.7348403823018993	0.972925262889606	0.11904244029385336	bca	ok	0.95	2000	2000	34	23	23	pubchem_cid			95% BCa bootstrap CI clustered by PubChem compound; uncertainty is over the observed compound panel, not broader chemical space.	CVCL_0320
l1000_phase1	l1000_phase2	peer_baseline_dataset_pair_line	pb_source_centroid_direction_agreement_pair_p05	mean_pb_source_centroid_direction_agreement_pair_p05	0.6870127460385491	0.611521999808066	0.7322078831590914	0.060342941675512685	bca	ok	0.95	2000	2000	34	33	33	pubchem_cid			95% BCa bootstrap CI clustered by PubChem compound; uncertainty is over the observed compound panel, not broader chemical space.	CVCL_0320
l1000_phase1	l1000_phase2	peer_baseline_dataset_pair_line	pb_delta_vs_source_centroid_direction_agreement_p05	mean_pb_delta_vs_source_centroid_direction_agreement_p05	0.1952652812671686	0.15308619576413957	0.2470264588175041	0.046970131526682266	bca	ok	0.95	2000	2000	34	23	23	pubchem_cid			95% BCa bootstrap CI clustered by PubChem compound; uncertainty is over the observed compound panel, not broader chemical space.	CVCL_0320
l1000_phase1	l1000_phase2	peer_baseline_dataset_pair_line	pb_target_centroid_direction_agreement_pair_p05	mean_pb_target_centroid_direction_agreement_pair_p05	0.6774111561205016	0.6290121143193446	0.7200486429388897	0.04551826430977257	bca	ok	0.95	2000	2000	34	33	33	pubchem_cid			95% BCa bootstrap CI clustered by PubChem compound; uncertainty is over the observed compound panel, not broader chemical space.	CVCL_0320
l1000_phase1	l1000_phase2	peer_baseline_dataset_pair_line	pb_delta_vs_target_centroid_direction_agreement_p05	mean_pb_delta_vs_target_centroid_direction_agreement_p05	0.18397952939802623	-0.01748932659807505	0.2471226475629529	0.13230598708051397	bca	ok	0.95	2000	2000	34	23	23	pubchem_cid			95% BCa bootstrap CI clustered by PubChem compound; uncertainty is over the observed compound panel, not broader chemical space.	CVCL_0320
l1000_phase1	l1000_phase2	peer_baseline_dataset_pair_line	pb_source_peer_direction_agreement_pair_p05	mean_pb_source_peer_direction_agreement_pair_p05	0.5289940511786848	0.4996694971158763	0.5415519041849389	0.0209412035345313	bca	ok	0.95	2000	2000	34	23	23	pubchem_cid			95% BCa bootstrap CI clustered by PubChem compound; uncertainty is over the observed compound panel, not broader chemical space.	CVCL_0320
l1000_phase1	l1000_phase2	peer_baseline_dataset_pair_line	pb_delta_vs_source_peer_direction_agreement_p05	mean_pb_delta_vs_source_peer_direction_agreement_p05	0.3948219085552999	0.27622088889703195	0.4376501343372036	0.08071462272008584	bca	ok	0.95	2000	2000	34	23	23	pubchem_cid			95% BCa bootstrap CI clustered by PubChem compound; uncertainty is over the observed compound panel, not broader chemical space.	CVCL_0320
l1000_phase1	l1000_phase2	peer_baseline_dataset_pair_line	pb_source_peer_direction_agreement_pair_p05_sd_score	mean_pb_source_peer_direction_agreement_pair_p05_sd_score	0.12407713475836503	0.10954560172912554	0.16008178792541383	0.025268093098144144	bca	ok	0.95	2000	2000	34	23	23	pubchem_cid			95% BCa bootstrap CI clustered by PubChem compound; uncertainty is over the observed compound panel, not broader chemical space.	CVCL_0320
l1000_phase1	l1000_phase2	peer_baseline_dataset_pair_line	pb_source_peer_direction_agreement_pair_p05_fraction_below_observed	mean_pb_source_peer_direction_agreement_pair_p05_fraction_below_observed	0.94217260661721	0.780797144705605	0.9956587384461587	0.10743079687027685	bca	ok	0.95	2000	2000	34	23	23	pubchem_cid			95% BCa bootstrap CI clustered by PubChem compound; uncertainty is over the observed compound panel, not broader chemical space.	CVCL_0320
l1000_phase1	l1000_phase2	peer_baseline_dataset_pair_line	pb_source_peer_direction_agreement_pair_p05_corrected_percentile	mean_pb_source_peer_direction_agreement_pair_p05_corrected_percentile	0.942350402496271	0.7689114314177344	0.9962685558404171	0.11367856221134132	bca	ok	0.95	2000	2000	34	23	23	pubchem_cid			95% BCa bootstrap CI clustered by PubChem compound; uncertainty is over the observed compound panel, not broader chemical space.	CVCL_0320
l1000_phase1	l1000_phase2	peer_baseline_dataset_pair_line	pb_target_peer_direction_agreement_pair_p05	mean_pb_target_peer_direction_agreement_pair_p05	0.5273037763024112	0.5147465318036514	0.5359652039858093	0.010609336091078947	bca	ok	0.95	2000	2000	34	23	23	pubchem_cid			95% BCa bootstrap CI clustered by PubChem compound; uncertainty is over the observed compound panel, not broader chemical space.	CVCL_0320
l1000_phase1	l1000_phase2	peer_baseline_dataset_pair_line	pb_delta_vs_target_peer_direction_agreement_p05	mean_pb_delta_vs_target_peer_direction_agreement_p05	0.3965121834315735	0.21506639359452953	0.4462784181169886	0.11560601226122953	bca	ok	0.95	2000	2000	34	23	23	pubchem_cid			95% BCa bootstrap CI clustered by PubChem compound; uncertainty is over the observed compound panel, not broader chemical space.	CVCL_0320
l1000_phase1	l1000_phase2	peer_baseline_dataset_pair_line	pb_target_peer_direction_agreement_pair_p05_sd_score	mean_pb_target_peer_direction_agreement_pair_p05_sd_score	0.12072109998114343	0.10659417903107031	0.15509775264923611	0.024251786809082902	bca	ok	0.95	2000	2000	34	23	23	pubchem_cid			95% BCa bootstrap CI clustered by PubChem compound; uncertainty is over the observed compound panel, not broader chemical space.	CVCL_0320
l1000_phase1	l1000_phase2	peer_baseline_dataset_pair_line	pb_target_peer_direction_agreement_pair_p05_fraction_below_observed	mean_pb_target_peer_direction_agreement_pair_p05_fraction_below_observed	0.9439637591572538	0.7363644180257688	0.9968947523624143	0.13026516716832276	bca	ok	0.95	2000	2000	34	23	23	pubchem_cid			95% BCa bootstrap CI clustered by PubChem compound; uncertainty is over the observed compound panel, not broader chemical space.	CVCL_0320
l1000_phase1	l1000_phase2	peer_baseline_dataset_pair_line	pb_target_peer_direction_agreement_pair_p05_corrected_percentile	mean_pb_target_peer_direction_agreement_pair_p05_corrected_percentile	0.9441284456717167	0.7719582948577524	0.996590529797939	0.11231611747009335	bca	ok	0.95	2000	2000	34	23	23	pubchem_cid			95% BCa bootstrap CI clustered by PubChem compound; uncertainty is over the observed compound panel, not broader chemical space.	CVCL_0320
l1000_phase1	l1000_phase2	peer_baseline_dataset_pair_line	pb_observed_deg_lfc_spearman_p05	mean_pb_observed_deg_lfc_spearman_p05	0.30239788154583047	0.21611524353732414	0.3722599497854551	0.07807235312406549	bca	ok	0.95	2000	2000	63	63	63	pubchem_cid			95% BCa bootstrap CI clustered by PubChem compound; uncertainty is over the observed compound panel, not broader chemical space.	CVCL_0332
l1000_phase1	l1000_phase2	peer_baseline_dataset_pair_line	pb_source_centroid_deg_lfc_spearman_pair_p05	mean_pb_source_centroid_deg_lfc_spearman_pair_p05	0.45748576772408384	0.402331322900142	0.5083563093494208	0.053012493224639384	bca	ok	0.95	2000	2000	63	63	63	pubchem_cid			95% BCa bootstrap CI clustered by PubChem compound; uncertainty is over the observed compound panel, not broader chemical space.	CVCL_0332
l1000_phase1	l1000_phase2	peer_baseline_dataset_pair_line	pb_delta_vs_source_centroid_deg_lfc_spearman_p05	mean_pb_delta_vs_source_centroid_deg_lfc_spearman_p05	-0.1726516494939566	-0.24895526752572122	-0.11014773145482262	0.0694037680354493	bca	ok	0.95	2000	2000	63	63	63	pubchem_cid			95% BCa bootstrap CI clustered by PubChem compound; uncertainty is over the observed compound panel, not broader chemical space.	CVCL_0332
l1000_phase1	l1000_phase2	peer_baseline_dataset_pair_line	pb_target_centroid_deg_lfc_spearman_pair_p05	mean_pb_target_centroid_deg_lfc_spearman_pair_p05	0.32971795637505563	0.28245256549494285	0.3713442485559586	0.044445841530507874	bca	ok	0.95	2000	2000	63	63	63	pubchem_cid			95% BCa bootstrap CI clustered by PubChem compound; uncertainty is over the observed compound panel, not broader chemical space.	CVCL_0332
l1000_phase1	l1000_phase2	peer_baseline_dataset_pair_line	pb_delta_vs_target_centroid_deg_lfc_spearman_p05	mean_pb_delta_vs_target_centroid_deg_lfc_spearman_p05	-0.026340321644555985	-0.09548193735481925	0.029363109525892953	0.0624225234403561	bca	ok	0.95	2000	2000	63	63	63	pubchem_cid			95% BCa bootstrap CI clustered by PubChem compound; uncertainty is over the observed compound panel, not broader chemical space.	CVCL_0332
l1000_phase1	l1000_phase2	peer_baseline_dataset_pair_line	pb_source_peer_deg_lfc_spearman_pair_p05	mean_pb_source_peer_deg_lfc_spearman_pair_p05	0.10849273576722131	0.08301056893757204	0.13161420979812508	0.024301820430276518	bca	ok	0.95	2000	2000	63	63	63	pubchem_cid			95% BCa bootstrap CI clustered by PubChem compound; uncertainty is over the observed compound panel, not broader chemical space.	CVCL_0332
l1000_phase1	l1000_phase2	peer_baseline_dataset_pair_line	pb_delta_vs_source_peer_deg_lfc_spearman_p05	mean_pb_delta_vs_source_peer_deg_lfc_spearman_p05	0.18463482059630326	0.11626995731155826	0.2438592411113566	0.06379464189989917	bca	ok	0.95	2000	2000	63	63	63	pubchem_cid			95% BCa bootstrap CI clustered by PubChem compound; uncertainty is over the observed compound panel, not broader chemical space.	CVCL_0332
l1000_phase1	l1000_phase2	peer_baseline_dataset_pair_line	pb_source_peer_deg_lfc_spearman_pair_p05_sd_score	mean_pb_source_peer_deg_lfc_spearman_pair_p05_sd_score	0.37330330383397003	0.350560058887317	0.39753282026200704	0.023486380687345015	bca	ok	0.95	2000	2000	63	63	63	pubchem_cid			95% BCa bootstrap CI clustered by PubChem compound; uncertainty is over the observed compound panel, not broader chemical space.	CVCL_0332
l1000_phase1	l1000_phase2	peer_baseline_dataset_pair_line	pb_source_peer_deg_lfc_spearman_pair_p05_fraction_below_observed	mean_pb_source_peer_deg_lfc_spearman_pair_p05_fraction_below_observed	0.6662334579657048	0.6115534338746976	0.7190672515681931	0.05375690884674772	bca	ok	0.95	2000	2000	63	63	63	pubchem_cid			95% BCa bootstrap CI clustered by PubChem compound; uncertainty is over the observed compound panel, not broader chemical space.	CVCL_0332
l1000_phase1	l1000_phase2	peer_baseline_dataset_pair_line	pb_source_peer_deg_lfc_spearman_pair_p05_corrected_percentile	mean_pb_source_peer_deg_lfc_spearman_pair_p05_corrected_percentile	0.6683506956441092	0.6130108078439627	0.7202157407554981	0.05360246645576772	bca	ok	0.95	2000	2000	63	63	63	pubchem_cid			95% BCa bootstrap CI clustered by PubChem compound; uncertainty is over the observed compound panel, not broader chemical space.	CVCL_0332
l1000_phase1	l1000_phase2	peer_baseline_dataset_pair_line	pb_target_peer_deg_lfc_spearman_pair_p05	mean_pb_target_peer_deg_lfc_spearman_pair_p05	0.0513664886183533	0.031093319953081344	0.07221963521471714	0.020563157630817896	bca	ok	0.95	2000	2000	63	63	63	pubchem_cid			95% BCa bootstrap CI clustered by PubChem compound; uncertainty is over the observed compound panel, not broader chemical space.	CVCL_0332
l1000_phase1	l1000_phase2	peer_baseline_dataset_pair_line	pb_delta_vs_target_peer_deg_lfc_spearman_p05	mean_pb_delta_vs_target_peer_deg_lfc_spearman_p05	0.24846499592403493	0.18053343052802942	0.30544992841828544	0.06245824894512801	bca	ok	0.95	2000	2000	63	63	63	pubchem_cid			95% BCa bootstrap CI clustered by PubChem compound; uncertainty is over the observed compound panel, not broader chemical space.	CVCL_0332
l1000_phase1	l1000_phase2	peer_baseline_dataset_pair_line	pb_target_peer_deg_lfc_spearman_pair_p05_sd_score	mean_pb_target_peer_deg_lfc_spearman_pair_p05_sd_score	0.3562623525355436	0.33231069154792947	0.3830819251686897	0.025385616810380124	bca	ok	0.95	2000	2000	63	63	63	pubchem_cid			95% BCa bootstrap CI clustered by PubChem compound; uncertainty is over the observed compound panel, not broader chemical space.	CVCL_0332
l1000_phase1	l1000_phase2	peer_baseline_dataset_pair_line	pb_target_peer_deg_lfc_spearman_pair_p05_fraction_below_observed	mean_pb_target_peer_deg_lfc_spearman_pair_p05_fraction_below_observed	0.7262593403332404	0.6704441281315223	0.7751606712981094	0.052358271583293536	bca	ok	0.95	2000	2000	63	63	63	pubchem_cid			95% BCa bootstrap CI clustered by PubChem compound; uncertainty is over the observed compound panel, not broader chemical space.	CVCL_0332
l1000_phase1	l1000_phase2	peer_baseline_dataset_pair_line	pb_target_peer_deg_lfc_spearman_pair_p05_corrected_percentile	mean_pb_target_peer_deg_lfc_spearman_pair_p05_corrected_percentile	0.7279537988773718	0.671681741811665	0.7767950509649673	0.05255665457665115	bca	ok	0.95	2000	2000	63	63	63	pubchem_cid			95% BCa bootstrap CI clustered by PubChem compound; uncertainty is over the observed compound panel, not broader chemical space.	CVCL_0332
l1000_phase1	l1000_phase2	peer_baseline_dataset_pair_line	pb_observed_direction_agreement_p05	mean_pb_observed_direction_agreement_p05	0.9740719990117012	0.9562195051480032	0.9833870478292973	0.013583771340647033	bca	ok	0.95	2000	2000	63	55	55	pubchem_cid			95% BCa bootstrap CI clustered by PubChem compound; uncertainty is over the observed compound panel, not broader chemical space.	CVCL_0332
l1000_phase1	l1000_phase2	peer_baseline_dataset_pair_line	pb_source_centroid_direction_agreement_pair_p05	mean_pb_source_centroid_direction_agreement_pair_p05	0.7352143979449137	0.7082928023873655	0.7600511876113382	0.025879192611986346	bca	ok	0.95	2000	2000	63	63	63	pubchem_cid			95% BCa bootstrap CI clustered by PubChem compound; uncertainty is over the observed compound panel, not broader chemical space.	CVCL_0332
l1000_phase1	l1000_phase2	peer_baseline_dataset_pair_line	pb_delta_vs_source_centroid_direction_agreement_p05	mean_pb_delta_vs_source_centroid_direction_agreement_p05	0.20681871154880221	0.17675678959911612	0.2461042991524508	0.03467375477666734	bca	ok	0.95	2000	2000	63	55	55	pubchem_cid			95% BCa bootstrap CI clustered by PubChem compound; uncertainty is over the observed compound panel, not broader chemical space.	CVCL_0332
l1000_phase1	l1000_phase2	peer_baseline_dataset_pair_line	pb_target_centroid_direction_agreement_pair_p05	mean_pb_target_centroid_direction_agreement_pair_p05	0.6652995961369815	0.6436246824616837	0.6866758830875666	0.02152560031294143	bca	ok	0.95	2000	2000	63	63	63	pubchem_cid			95% BCa bootstrap CI clustered by PubChem compound; uncertainty is over the observed compound panel, not broader chemical space.	CVCL_0332
l1000_phase1	l1000_phase2	peer_baseline_dataset_pair_line	pb_delta_vs_target_centroid_direction_agreement_p05	mean_pb_delta_vs_target_centroid_direction_agreement_p05	0.27638975356317286	0.24875506099097675	0.31426803998527164	0.03275648949714745	bca	ok	0.95	2000	2000	63	55	55	pubchem_cid			95% BCa bootstrap CI clustered by PubChem compound; uncertainty is over the observed compound panel, not broader chemical space.	CVCL_0332
l1000_phase1	l1000_phase2	peer_baseline_dataset_pair_line	pb_source_peer_direction_agreement_pair_p05	mean_pb_source_peer_direction_agreement_pair_p05	0.5895700814901517	0.5716028049139602	0.6030169132364874	0.01570705416126361	bca	ok	0.95	2000	2000	63	55	55	pubchem_cid			95% BCa bootstrap CI clustered by PubChem compound; uncertainty is over the observed compound panel, not broader chemical space.	CVCL_0332
l1000_phase1	l1000_phase2	peer_baseline_dataset_pair_line	pb_delta_vs_source_peer_direction_agreement_p05	mean_pb_delta_vs_source_peer_direction_agreement_p05	0.38450191752154944	0.36739622543215034	0.402444338420258	0.017524056494053836	bca	ok	0.95	2000	2000	63	55	55	pubchem_cid			95% BCa bootstrap CI clustered by PubChem compound; uncertainty is over the observed compound panel, not broader chemical space.	CVCL_0332
l1000_phase1	l1000_phase2	peer_baseline_dataset_pair_line	pb_source_peer_direction_agreement_pair_p05_sd_score	mean_pb_source_peer_direction_agreement_pair_p05_sd_score	0.15461006606756397	0.14711594756509278	0.16276733742604022	0.00782569493047372	bca	ok	0.95	2000	2000	63	55	55	pubchem_cid			95% BCa bootstrap CI clustered by PubChem compound; uncertainty is over the observed compound panel, not broader chemical space.	CVCL_0332
l1000_phase1	l1000_phase2	peer_baseline_dataset_pair_line	pb_source_peer_direction_agreement_pair_p05_fraction_below_observed	mean_pb_source_peer_direction_agreement_pair_p05_fraction_below_observed	0.9818399417131689	0.9676586146846403	0.9891085275482054	0.010724956431782562	bca	ok	0.95	2000	2000	63	55	55	pubchem_cid			95% BCa bootstrap CI clustered by PubChem compound; uncertainty is over the observed compound panel, not broader chemical space.	CVCL_0332
l1000_phase1	l1000_phase2	peer_baseline_dataset_pair_line	pb_source_peer_direction_agreement_pair_p05_corrected_percentile	mean_pb_source_peer_direction_agreement_pair_p05_corrected_percentile	0.9819448562605563	0.9703764933894122	0.9896956193971245	0.00965956300385612	bca	ok	0.95	2000	2000	63	55	55	pubchem_cid			95% BCa bootstrap CI clustered by PubChem compound; uncertainty is over the observed compound panel, not broader chemical space.	CVCL_0332
l1000_phase1	l1000_phase2	peer_baseline_dataset_pair_line	pb_target_peer_direction_agreement_pair_p05	mean_pb_target_peer_direction_agreement_pair_p05	0.5586616062393619	0.5427544095338322	0.5732041124805195	0.015224851473343626	bca	ok	0.95	2000	2000	63	55	55	pubchem_cid			95% BCa bootstrap CI clustered by PubChem compound; uncertainty is over the observed compound panel, not broader chemical space.	CVCL_0332
l1000_phase1	l1000_phase2	peer_baseline_dataset_pair_line	pb_delta_vs_target_peer_direction_agreement_p05	mean_pb_delta_vs_target_peer_direction_agreement_p05	0.41541039277233927	0.39864466231931595	0.43374564897706674	0.0175504933288754	bca	ok	0.95	2000	2000	63	55	55	pubchem_cid			95% BCa bootstrap CI clustered by PubChem compound; uncertainty is over the observed compound panel, not broader chemical space.	CVCL_0332
l1000_phase1	l1000_phase2	peer_baseline_dataset_pair_line	pb_target_peer_direction_agreement_pair_p05_sd_score	mean_pb_target_peer_direction_agreement_pair_p05_sd_score	0.14229355535987356	0.13513296066593944	0.15132404917184036	0.008095544252950462	bca	ok	0.95	2000	2000	63	55	55	pubchem_cid			95% BCa bootstrap CI clustered by PubChem compound; uncertainty is over the observed compound panel, not broader chemical space.	CVCL_0332
l1000_phase1	l1000_phase2	peer_baseline_dataset_pair_line	pb_target_peer_direction_agreement_pair_p05_fraction_below_observed	mean_pb_target_peer_direction_agreement_pair_p05_fraction_below_observed	0.9870009420563022	0.9771123151845706	0.9928069594897591	0.007847322152594205	bca	ok	0.95	2000	2000	63	55	55	pubchem_cid			95% BCa bootstrap CI clustered by PubChem compound; uncertainty is over the observed compound panel, not broader chemical space.	CVCL_0332
l1000_phase1	l1000_phase2	peer_baseline_dataset_pair_line	pb_target_peer_direction_agreement_pair_p05_corrected_percentile	mean_pb_target_peer_direction_agreement_pair_p05_corrected_percentile	0.9870931771985907	0.9765150172452928	0.9925874461753831	0.008036214465045155	bca	ok	0.95	2000	2000	63	55	55	pubchem_cid			95% BCa bootstrap CI clustered by PubChem compound; uncertainty is over the observed compound panel, not broader chemical space.	CVCL_0332
l1000_phase1	l1000_phase2	peer_baseline_dataset_pair_line	pb_observed_deg_lfc_spearman_p05	mean_pb_observed_deg_lfc_spearman_p05	0.38395278283865986	0.2904084249713351	0.4649978768795911	0.08729472595412799	bca	ok	0.95	2000	2000	63	63	63	pubchem_cid			95% BCa bootstrap CI clustered by PubChem compound; uncertainty is over the observed compound panel, not broader chemical space.	CVCL_0598
l1000_phase1	l1000_phase2	peer_baseline_dataset_pair_line	pb_source_centroid_deg_lfc_spearman_pair_p05	mean_pb_source_centroid_deg_lfc_spearman_pair_p05	0.5179759612268138	0.4631989895303062	0.5710725911607181	0.05393680081520594	bca	ok	0.95	2000	2000	63	63	63	pubchem_cid			95% BCa bootstrap CI clustered by PubChem compound; uncertainty is over the observed compound panel, not broader chemical space.	CVCL_0598
l1000_phase1	l1000_phase2	peer_baseline_dataset_pair_line	pb_delta_vs_source_centroid_deg_lfc_spearman_p05	mean_pb_delta_vs_source_centroid_deg_lfc_spearman_p05	-0.12326527620362965	-0.19244197185038217	-0.06188224690082908	0.06527986247477655	bca	ok	0.95	2000	2000	63	63	63	pubchem_cid			95% BCa bootstrap CI clustered by PubChem compound; uncertainty is over the observed compound panel, not broader chemical space.	CVCL_0598
l1000_phase1	l1000_phase2	peer_baseline_dataset_pair_line	pb_target_centroid_deg_lfc_spearman_pair_p05	mean_pb_target_centroid_deg_lfc_spearman_pair_p05	0.3997477687423808	0.338530787656414	0.4583974499551782	0.059933331149382124	bca	ok	0.95	2000	2000	63	63	63	pubchem_cid			95% BCa bootstrap CI clustered by PubChem compound; uncertainty is over the observed compound panel, not broader chemical space.	CVCL_0598
l1000_phase1	l1000_phase2	peer_baseline_dataset_pair_line	pb_delta_vs_target_centroid_deg_lfc_spearman_p05	mean_pb_delta_vs_target_centroid_deg_lfc_spearman_p05	-0.05126263686066438	-0.11188633932111756	0.006009165545588442	0.058947752433353005	bca	ok	0.95	2000	2000	63	63	63	pubchem_cid			95% BCa bootstrap CI clustered by PubChem compound; uncertainty is over the observed compound panel, not broader chemical space.	CVCL_0598
l1000_phase1	l1000_phase2	peer_baseline_dataset_pair_line	pb_source_peer_deg_lfc_spearman_pair_p05	mean_pb_source_peer_deg_lfc_spearman_pair_p05	0.16899847724496167	0.14088571936399324	0.1956014734035653	0.027357877019786023	bca	ok	0.95	2000	2000	63	63	63	pubchem_cid			95% BCa bootstrap CI clustered by PubChem compound; uncertainty is over the observed compound panel, not broader chemical space.	CVCL_0598
l1000_phase1	l1000_phase2	peer_baseline_dataset_pair_line	pb_delta_vs_source_peer_deg_lfc_spearman_p05	mean_pb_delta_vs_source_peer_deg_lfc_spearman_p05	0.20945568393057334	0.13541886036664325	0.2725485265264531	0.06856483307990494	bca	ok	0.95	2000	2000	63	63	63	pubchem_cid			95% BCa bootstrap CI clustered by PubChem compound; uncertainty is over the observed compound panel, not broader chemical space.	CVCL_0598
l1000_phase1	l1000_phase2	peer_baseline_dataset_pair_line	pb_source_peer_deg_lfc_spearman_pair_p05_sd_score	mean_pb_source_peer_deg_lfc_spearman_pair_p05_sd_score	0.4040458236981965	0.38099522695558447	0.43411955601223123	0.026562164528323384	bca	ok	0.95	2000	2000	63	63	63	pubchem_cid			95% BCa bootstrap CI clustered by PubChem compound; uncertainty is over the observed compound panel, not broader chemical space.	CVCL_0598
l1000_phase1	l1000_phase2	peer_baseline_dataset_pair_line	pb_source_peer_deg_lfc_spearman_pair_p05_fraction_below_observed	mean_pb_source_peer_deg_lfc_spearman_pair_p05_fraction_below_observed	0.6396270091974615	0.58797203873166	0.6935162812425975	0.05277212125546871	bca	ok	0.95	2000	2000	63	63	63	pubchem_cid			95% BCa bootstrap CI clustered by PubChem compound; uncertainty is over the observed compound panel, not broader chemical space.	CVCL_0598
l1000_phase1	l1000_phase2	peer_baseline_dataset_pair_line	pb_source_peer_deg_lfc_spearman_pair_p05_corrected_percentile	mean_pb_source_peer_deg_lfc_spearman_pair_p05_corrected_percentile	0.6420033034399752	0.5850959283172836	0.6947353984783016	0.05481973508050897	bca	ok	0.95	2000	2000	63	63	63	pubchem_cid			95% BCa bootstrap CI clustered by PubChem compound; uncertainty is over the observed compound panel, not broader chemical space.	CVCL_0598
l1000_phase1	l1000_phase2	peer_baseline_dataset_pair_line	pb_target_peer_deg_lfc_spearman_pair_p05	mean_pb_target_peer_deg_lfc_spearman_pair_p05	0.11297144065661688	0.08632014521854282	0.13991908660443328	0.026799470692945228	bca	ok	0.95	2000	2000	63	63	63	pubchem_cid			95% BCa bootstrap CI clustered by PubChem compound; uncertainty is over the observed compound panel, not broader chemical space.	CVCL_0598
l1000_phase1	l1000_phase2	peer_baseline_dataset_pair_line	pb_delta_vs_target_peer_deg_lfc_spearman_p05	mean_pb_delta_vs_target_peer_deg_lfc_spearman_p05	0.2498875732271468	0.17340055588456102	0.3136022878276043	0.07010086597152164	bca	ok	0.95	2000	2000	63	63	63	pubchem_cid			95% BCa bootstrap CI clustered by PubChem compound; uncertainty is over the observed compound panel, not broader chemical space.	CVCL_0598
l1000_phase1	l1000_phase2	peer_baseline_dataset_pair_line	pb_target_peer_deg_lfc_spearman_pair_p05_sd_score	mean_pb_target_peer_deg_lfc_spearman_pair_p05_sd_score	0.3875072067591774	0.3638057787329845	0.42177012358871735	0.028982172427866437	bca	ok	0.95	2000	2000	63	63	63	pubchem_cid			95% BCa bootstrap CI clustered by PubChem compound; uncertainty is over the observed compound panel, not broader chemical space.	CVCL_0598
l1000_phase1	l1000_phase2	peer_baseline_dataset_pair_line	pb_target_peer_deg_lfc_spearman_pair_p05_fraction_below_observed	mean_pb_target_peer_deg_lfc_spearman_pair_p05_fraction_below_observed	0.7092690058404978	0.645692905908112	0.7608616638446526	0.05758437896827029	bca	ok	0.95	2000	2000	63	63	63	pubchem_cid			95% BCa bootstrap CI clustered by PubChem compound; uncertainty is over the observed compound panel, not broader chemical space.	CVCL_0598
l1000_phase1	l1000_phase2	peer_baseline_dataset_pair_line	pb_target_peer_deg_lfc_spearman_pair_p05_corrected_percentile	mean_pb_target_peer_deg_lfc_spearman_pair_p05_corrected_percentile	0.7110782040296375	0.6520250540655694	0.7620491545773295	0.05501205025588002	bca	ok	0.95	2000	2000	63	63	63	pubchem_cid			95% BCa bootstrap CI clustered by PubChem compound; uncertainty is over the observed compound panel, not broader chemical space.	CVCL_0598
l1000_phase1	l1000_phase2	peer_baseline_dataset_pair_line	pb_observed_direction_agreement_p05	mean_pb_observed_direction_agreement_p05	0.9527588023830746	0.9043062610922522	0.974969087875413	0.03533141339158041	bca	ok	0.95	2000	2000	63	53	53	pubchem_cid			95% BCa bootstrap CI clustered by PubChem compound; uncertainty is over the observed compound panel, not broader chemical space.	CVCL_0598
l1000_phase1	l1000_phase2	peer_baseline_dataset_pair_line	pb_source_centroid_direction_agreement_pair_p05	mean_pb_source_centroid_direction_agreement_pair_p05	0.7795421279110675	0.7516278033257457	0.8062320712834413	0.027302133978847787	bca	ok	0.95	2000	2000	63	63	63	pubchem_cid			95% BCa bootstrap CI clustered by PubChem compound; uncertainty is over the observed compound panel, not broader chemical space.	CVCL_0598
l1000_phase1	l1000_phase2	peer_baseline_dataset_pair_line	pb_delta_vs_source_centroid_direction_agreement_p05	mean_pb_delta_vs_source_centroid_direction_agreement_p05	0.10980478278379627	0.06943248023494157	0.1490000007224339	0.03978376024374617	bca	ok	0.95	2000	2000	63	53	53	pubchem_cid			95% BCa bootstrap CI clustered by PubChem compound; uncertainty is over the observed compound panel, not broader chemical space.	CVCL_0598
l1000_phase1	l1000_phase2	peer_baseline_dataset_pair_line	pb_target_centroid_direction_agreement_pair_p05	mean_pb_target_centroid_direction_agreement_pair_p05	0.7039227929458798	0.671091042980377	0.7320415163244292	0.030475236672026063	bca	ok	0.95	2000	2000	63	63	63	pubchem_cid			95% BCa bootstrap CI clustered by PubChem compound; uncertainty is over the observed compound panel, not broader chemical space.	CVCL_0598
l1000_phase1	l1000_phase2	peer_baseline_dataset_pair_line	pb_delta_vs_target_centroid_direction_agreement_p05	mean_pb_delta_vs_target_centroid_direction_agreement_p05	0.1685001763414196	0.13129823592529183	0.20642974615031687	0.03756575511251252	bca	ok	0.95	2000	2000	63	53	53	pubchem_cid			95% BCa bootstrap CI clustered by PubChem compound; uncertainty is over the observed compound panel, not broader chemical space.	CVCL_0598
l1000_phase1	l1000_phase2	peer_baseline_dataset_pair_line	pb_source_peer_direction_agreement_pair_p05	mean_pb_source_peer_direction_agreement_pair_p05	0.6375343360072561	0.6185036757511211	0.6527196463913616	0.017107985320120256	bca	ok	0.95	2000	2000	63	53	53	pubchem_cid			95% BCa bootstrap CI clustered by PubChem compound; uncertainty is over the observed compound panel, not broader chemical space.	CVCL_0598
l1000_phase1	l1000_phase2	peer_baseline_dataset_pair_line	pb_delta_vs_source_peer_direction_agreement_p05	mean_pb_delta_vs_source_peer_direction_agreement_p05	0.3152244663758188	0.27563427807975416	0.34291099173135225	0.03363835682579905	bca	ok	0.95	2000	2000	63	53	53	pubchem_cid			95% BCa bootstrap CI clustered by PubChem compound; uncertainty is over the observed compound panel, not broader chemical space.	CVCL_0598
l1000_phase1	l1000_phase2	peer_baseline_dataset_pair_line	pb_source_peer_direction_agreement_pair_p05_sd_score	mean_pb_source_peer_direction_agreement_pair_p05_sd_score	0.16370385830998405	0.15697511779815462	0.17460137549139718	0.008813128846621276	bca	ok	0.95	2000	2000	63	53	53	pubchem_cid			95% BCa bootstrap CI clustered by PubChem compound; uncertainty is over the observed compound panel, not broader chemical space.	CVCL_0598
l1000_phase1	l1000_phase2	peer_baseline_dataset_pair_line	pb_source_peer_direction_agreement_pair_p05_fraction_below_observed	mean_pb_source_peer_direction_agreement_pair_p05_fraction_below_observed	0.9438218662634592	0.895774196380697	0.9679838684829903	0.03610483605114667	bca	ok	0.95	2000	2000	63	53	53	pubchem_cid			95% BCa bootstrap CI clustered by PubChem compound; uncertainty is over the observed compound panel, not broader chemical space.	CVCL_0598
l1000_phase1	l1000_phase2	peer_baseline_dataset_pair_line	pb_source_peer_direction_agreement_pair_p05_corrected_percentile	mean_pb_source_peer_direction_agreement_pair_p05_corrected_percentile	0.9441875570817867	0.891802144521862	0.9677168532019116	0.037957354340024785	bca	ok	0.95	2000	2000	63	53	53	pubchem_cid			95% BCa bootstrap CI clustered by PubChem compound; uncertainty is over the observed compound panel, not broader chemical space.	CVCL_0598
l1000_phase1	l1000_phase2	peer_baseline_dataset_pair_line	pb_target_peer_direction_agreement_pair_p05	mean_pb_target_peer_direction_agreement_pair_p05	0.6139030691493529	0.597537238785629	0.6296377167575279	0.016050238985949428	bca	ok	0.95	2000	2000	63	53	53	pubchem_cid			95% BCa bootstrap CI clustered by PubChem compound; uncertainty is over the observed compound panel, not broader chemical space.	CVCL_0598
l1000_phase1	l1000_phase2	peer_baseline_dataset_pair_line	pb_delta_vs_target_peer_direction_agreement_p05	mean_pb_delta_vs_target_peer_direction_agreement_p05	0.3388557332337218	0.2990847359244153	0.36444858733696966	0.032681925706277176	bca	ok	0.95	2000	2000	63	53	53	pubchem_cid			95% BCa bootstrap CI clustered by PubChem compound; uncertainty is over the observed compound panel, not broader chemical space.	CVCL_0598
l1000_phase1	l1000_phase2	peer_baseline_dataset_pair_line	pb_target_peer_direction_agreement_pair_p05_sd_score	mean_pb_target_peer_direction_agreement_pair_p05_sd_score	0.1465082096132047	0.13992340670979192	0.1572192629429678	0.008647928116587947	bca	ok	0.95	2000	2000	63	53	53	pubchem_cid			95% BCa bootstrap CI clustered by PubChem compound; uncertainty is over the observed compound panel, not broader chemical space.	CVCL_0598
l1000_phase1	l1000_phase2	peer_baseline_dataset_pair_line	pb_target_peer_direction_agreement_pair_p05_fraction_below_observed	mean_pb_target_peer_direction_agreement_pair_p05_fraction_below_observed	0.9566634937081332	0.9043834057929873	0.976715940172757	0.03616626718988486	bca	ok	0.95	2000	2000	63	53	53	pubchem_cid			95% BCa bootstrap CI clustered by PubChem compound; uncertainty is over the observed compound panel, not broader chemical space.	CVCL_0598
l1000_phase1	l1000_phase2	peer_baseline_dataset_pair_line	pb_target_peer_direction_agreement_pair_p05_corrected_percentile	mean_pb_target_peer_direction_agreement_pair_p05_corrected_percentile	0.9569418930641108	0.907995418872506	0.9779100317150882	0.03495730642129108	bca	ok	0.95	2000	2000	63	53	53	pubchem_cid			95% BCa bootstrap CI clustered by PubChem compound; uncertainty is over the observed compound panel, not broader chemical space.	CVCL_0598
l1000_phase1	l1000_phase2	peer_baseline_dataset_pair_line	pb_observed_deg_lfc_spearman_p05	mean_pb_observed_deg_lfc_spearman_p05	0.49492686115571155	0.27728757033317186	0.6264380552072256	0.17457524243702688	bca	ok	0.95	2000	2000	31	27	27	pubchem_cid			95% BCa bootstrap CI clustered by PubChem compound; uncertainty is over the observed compound panel, not broader chemical space.	CVCL_5136
l1000_phase1	l1000_phase2	peer_baseline_dataset_pair_line	pb_source_centroid_deg_lfc_spearman_pair_p05	mean_pb_source_centroid_deg_lfc_spearman_pair_p05	0.41129333306841626	0.2821737359904841	0.515569336049443	0.11669780002947944	bca	ok	0.95	2000	2000	31	30	30	pubchem_cid			95% BCa bootstrap CI clustered by PubChem compound; uncertainty is over the observed compound panel, not broader chemical space.	CVCL_5136
l1000_phase1	l1000_phase2	peer_baseline_dataset_pair_line	pb_delta_vs_source_centroid_deg_lfc_spearman_p05	mean_pb_delta_vs_source_centroid_deg_lfc_spearman_p05	0.05392309393329229	-0.10119291200727903	0.18368747642053446	0.14244019421390675	bca	ok	0.95	2000	2000	31	27	27	pubchem_cid			95% BCa bootstrap CI clustered by PubChem compound; uncertainty is over the observed compound panel, not broader chemical space.	CVCL_5136
l1000_phase1	l1000_phase2	peer_baseline_dataset_pair_line	pb_target_centroid_deg_lfc_spearman_pair_p05	mean_pb_target_centroid_deg_lfc_spearman_pair_p05	0.2726299291335336	0.1005735048838007	0.40974904554505404	0.15458777033062668	bca	ok	0.95	2000	2000	31	30	30	pubchem_cid			95% BCa bootstrap CI clustered by PubChem compound; uncertainty is over the observed compound panel, not broader chemical space.	CVCL_5136
l1000_phase1	l1000_phase2	peer_baseline_dataset_pair_line	pb_delta_vs_target_centroid_deg_lfc_spearman_p05	mean_pb_delta_vs_target_centroid_deg_lfc_spearman_p05	0.19100134145254125	0.09246377701065615	0.30334517756525753	0.10544070027730068	bca	ok	0.95	2000	2000	31	27	27	pubchem_cid			95% BCa bootstrap CI clustered by PubChem compound; uncertainty is over the observed compound panel, not broader chemical space.	CVCL_5136
l1000_phase1	l1000_phase2	peer_baseline_dataset_pair_line	pb_source_peer_deg_lfc_spearman_pair_p05	mean_pb_source_peer_deg_lfc_spearman_pair_p05	0.11036344978984743	0.06431763608656664	0.15506220486018382	0.04537228438680859	bca	ok	0.95	2000	2000	31	30	30	pubchem_cid			95% BCa bootstrap CI clustered by PubChem compound; uncertainty is over the observed compound panel, not broader chemical space.	CVCL_5136
l1000_phase1	l1000_phase2	peer_baseline_dataset_pair_line	pb_delta_vs_source_peer_deg_lfc_spearman_p05	mean_pb_delta_vs_source_peer_deg_lfc_spearman_p05	0.3764152167699252	0.18545640430572846	0.4897618312415475	0.1521527134679095	bca	ok	0.95	2000	2000	31	27	27	pubchem_cid			95% BCa bootstrap CI clustered by PubChem compound; uncertainty is over the observed compound panel, not broader chemical space.	CVCL_5136
l1000_phase1	l1000_phase2	peer_baseline_dataset_pair_line	pb_source_peer_deg_lfc_spearman_pair_p05_sd_score	mean_pb_source_peer_deg_lfc_spearman_pair_p05_sd_score	0.3426086922082657	0.3074492357102169	0.42223890994692315	0.05739483711835314	bca	ok	0.95	2000	2000	31	30	30	pubchem_cid			95% BCa bootstrap CI clustered by PubChem compound; uncertainty is over the observed compound panel, not broader chemical space.	CVCL_5136
l1000_phase1	l1000_phase2	peer_baseline_dataset_pair_line	pb_source_peer_deg_lfc_spearman_pair_p05_fraction_below_observed	mean_pb_source_peer_deg_lfc_spearman_pair_p05_fraction_below_observed	0.8053651962993841	0.6954456978501601	0.8802582821669183	0.09240629215837909	bca	ok	0.95	2000	2000	31	30	30	pubchem_cid			95% BCa bootstrap CI clustered by PubChem compound; uncertainty is over the observed compound panel, not broader chemical space.	CVCL_5136
l1000_phase1	l1000_phase2	peer_baseline_dataset_pair_line	pb_source_peer_deg_lfc_spearman_pair_p05_corrected_percentile	mean_pb_source_peer_deg_lfc_spearman_pair_p05_corrected_percentile	0.8076726515592826	0.7030511307672681	0.8782469634518236	0.08759791634227776	bca	ok	0.95	2000	2000	31	30	30	pubchem_cid			95% BCa bootstrap CI clustered by PubChem compound; uncertainty is over the observed compound panel, not broader chemical space.	CVCL_5136
l1000_phase1	l1000_phase2	peer_baseline_dataset_pair_line	pb_target_peer_deg_lfc_spearman_pair_p05	mean_pb_target_peer_deg_lfc_spearman_pair_p05	0.06126051440255597	-0.0028687203891773544	0.10956239978271391	0.05621556008594563	bca	ok	0.95	2000	2000	31	30	30	pubchem_cid			95% BCa bootstrap CI clustered by PubChem compound; uncertainty is over the observed compound panel, not broader chemical space.	CVCL_5136
l1000_phase1	l1000_phase2	peer_baseline_dataset_pair_line	pb_delta_vs_target_peer_deg_lfc_spearman_p05	mean_pb_delta_vs_target_peer_deg_lfc_spearman_p05	0.42200910351446164	0.2799709504831083	0.517506381379328	0.11876771544810985	bca	ok	0.95	2000	2000	31	27	27	pubchem_cid			95% BCa bootstrap CI clustered by PubChem compound; uncertainty is over the observed compound panel, not broader chemical space.	CVCL_5136
l1000_phase1	l1000_phase2	peer_baseline_dataset_pair_line	pb_target_peer_deg_lfc_spearman_pair_p05_sd_score	mean_pb_target_peer_deg_lfc_spearman_pair_p05_sd_score	0.3132165546847702	0.282077829677074	0.3772430106635464	0.04758259049323618	bca	ok	0.95	2000	2000	31	30	30	pubchem_cid			95% BCa bootstrap CI clustered by PubChem compound; uncertainty is over the observed compound panel, not broader chemical space.	CVCL_5136
l1000_phase1	l1000_phase2	peer_baseline_dataset_pair_line	pb_target_peer_deg_lfc_spearman_pair_p05_fraction_below_observed	mean_pb_target_peer_deg_lfc_spearman_pair_p05_fraction_below_observed	0.8387216237338447	0.7253252024125113	0.9088246151986554	0.09174970639307206	bca	ok	0.95	2000	2000	31	30	30	pubchem_cid			95% BCa bootstrap CI clustered by PubChem compound; uncertainty is over the observed compound panel, not broader chemical space.	CVCL_5136
l1000_phase1	l1000_phase2	peer_baseline_dataset_pair_line	pb_target_peer_deg_lfc_spearman_pair_p05_corrected_percentile	mean_pb_target_peer_deg_lfc_spearman_pair_p05_corrected_percentile	0.8402955087888276	0.7363267110282498	0.9079397263521121	0.08580650766193115	bca	ok	0.95	2000	2000	31	30	30	pubchem_cid			95% BCa bootstrap CI clustered by PubChem compound; uncertainty is over the observed compound panel, not broader chemical space.	CVCL_5136
l1000_phase1	l1000_phase2	peer_baseline_dataset_pair_line	pb_observed_direction_agreement_p05	mean_pb_observed_direction_agreement_p05	0.9725291620368546	0.9374774269551814	0.9899041971717258	0.026213385108272202	bca	ok	0.95	2000	2000	31	26	26	pubchem_cid			95% BCa bootstrap CI clustered by PubChem compound; uncertainty is over the observed compound panel, not broader chemical space.	CVCL_5136
l1000_phase1	l1000_phase2	peer_baseline_dataset_pair_line	pb_source_centroid_direction_agreement_pair_p05	mean_pb_source_centroid_direction_agreement_pair_p05	0.6840091034295249	0.5841910424956221	0.7503315944073129	0.08307027595584537	bca	ok	0.95	2000	2000	31	31	31	pubchem_cid			95% BCa bootstrap CI clustered by PubChem compound; uncertainty is over the observed compound panel, not broader chemical space.	CVCL_5136
l1000_phase1	l1000_phase2	peer_baseline_dataset_pair_line	pb_delta_vs_source_centroid_direction_agreement_p05	mean_pb_delta_vs_source_centroid_direction_agreement_p05	0.23619485524886763	0.1884704738208533	0.3272756027094902	0.06940256444431844	bca	ok	0.95	2000	2000	31	26	26	pubchem_cid			95% BCa bootstrap CI clustered by PubChem compound; uncertainty is over the observed compound panel, not broader chemical space.	CVCL_5136
l1000_phase1	l1000_phase2	peer_baseline_dataset_pair_line	pb_target_centroid_direction_agreement_pair_p05	mean_pb_target_centroid_direction_agreement_pair_p05	0.6504654013316594	0.5693013446704047	0.7149096738696298	0.07280416459961253	bca	ok	0.95	2000	2000	31	31	31	pubchem_cid			95% BCa bootstrap CI clustered by PubChem compound; uncertainty is over the observed compound panel, not broader chemical space.	CVCL_5136
l1000_phase1	l1000_phase2	peer_baseline_dataset_pair_line	pb_delta_vs_target_centroid_direction_agreement_p05	mean_pb_delta_vs_target_centroid_direction_agreement_p05	0.2852828345241397	0.23532707117168464	0.3615837880179345	0.06312835842312493	bca	ok	0.95	2000	2000	31	26	26	pubchem_cid			95% BCa bootstrap CI clustered by PubChem compound; uncertainty is over the observed compound panel, not broader chemical space.	CVCL_5136
l1000_phase1	l1000_phase2	peer_baseline_dataset_pair_line	pb_source_peer_direction_agreement_pair_p05	mean_pb_source_peer_direction_agreement_pair_p05	0.568462707551403	0.5388897345239232	0.5904958702803683	0.025803067878222563	bca	ok	0.95	2000	2000	31	26	26	pubchem_cid			95% BCa bootstrap CI clustered by PubChem compound; uncertainty is over the observed compound panel, not broader chemical space.	CVCL_5136
l1000_phase1	l1000_phase2	peer_baseline_dataset_pair_line	pb_delta_vs_source_peer_direction_agreement_p05	mean_pb_delta_vs_source_peer_direction_agreement_p05	0.40406645448545153	0.37502982261501816	0.43898211017150224	0.03197614377824204	bca	ok	0.95	2000	2000	31	26	26	pubchem_cid			95% BCa bootstrap CI clustered by PubChem compound; uncertainty is over the observed compound panel, not broader chemical space.	CVCL_5136
l1000_phase1	l1000_phase2	peer_baseline_dataset_pair_line	pb_source_peer_direction_agreement_pair_p05_sd_score	mean_pb_source_peer_direction_agreement_pair_p05_sd_score	0.14865595572237011	0.13500039168010947	0.16747898275292347	0.016239295536407003	bca	ok	0.95	2000	2000	31	26	26	pubchem_cid			95% BCa bootstrap CI clustered by PubChem compound; uncertainty is over the observed compound panel, not broader chemical space.	CVCL_5136
l1000_phase1	l1000_phase2	peer_baseline_dataset_pair_line	pb_source_peer_direction_agreement_pair_p05_fraction_below_observed	mean_pb_source_peer_direction_agreement_pair_p05_fraction_below_observed	0.9817362695070642	0.9633594127320217	0.9929348437761023	0.014787715522040279	bca	ok	0.95	2000	2000	31	26	26	pubchem_cid			95% BCa bootstrap CI clustered by PubChem compound; uncertainty is over the observed compound panel, not broader chemical space.	CVCL_5136
l1000_phase1	l1000_phase2	peer_baseline_dataset_pair_line	pb_source_peer_direction_agreement_pair_p05_corrected_percentile	mean_pb_source_peer_direction_agreement_pair_p05_corrected_percentile	0.9817809930104223	0.9614097005267981	0.9929859171140173	0.015788108293609604	bca	ok	0.95	2000	2000	31	26	26	pubchem_cid			95% BCa bootstrap CI clustered by PubChem compound; uncertainty is over the observed compound panel, not broader chemical space.	CVCL_5136
l1000_phase1	l1000_phase2	peer_baseline_dataset_pair_line	pb_target_peer_direction_agreement_pair_p05	mean_pb_target_peer_direction_agreement_pair_p05	0.5553174637799534	0.5277259449936444	0.575319351179539	0.02379670309294729	bca	ok	0.95	2000	2000	31	26	26	pubchem_cid			95% BCa bootstrap CI clustered by PubChem compound; uncertainty is over the observed compound panel, not broader chemical space.	CVCL_5136
l1000_phase1	l1000_phase2	peer_baseline_dataset_pair_line	pb_delta_vs_target_peer_direction_agreement_p05	mean_pb_delta_vs_target_peer_direction_agreement_p05	0.41721169825690113	0.3932762573923343	0.4478482474975706	0.02728599505261814	bca	ok	0.95	2000	2000	31	26	26	pubchem_cid			95% BCa bootstrap CI clustered by PubChem compound; uncertainty is over the observed compound panel, not broader chemical space.	CVCL_5136
l1000_phase1	l1000_phase2	peer_baseline_dataset_pair_line	pb_target_peer_direction_agreement_pair_p05_sd_score	mean_pb_target_peer_direction_agreement_pair_p05_sd_score	0.14051158251312734	0.12763154769350488	0.1617215808831593	0.01704501659482721	bca	ok	0.95	2000	2000	31	26	26	pubchem_cid			95% BCa bootstrap CI clustered by PubChem compound; uncertainty is over the observed compound panel, not broader chemical space.	CVCL_5136
l1000_phase1	l1000_phase2	peer_baseline_dataset_pair_line	pb_target_peer_direction_agreement_pair_p05_fraction_below_observed	mean_pb_target_peer_direction_agreement_pair_p05_fraction_below_observed	0.9849564570071055	0.9649440699590185	0.9942063007829943	0.014631115411987916	bca	ok	0.95	2000	2000	31	26	26	pubchem_cid			95% BCa bootstrap CI clustered by PubChem compound; uncertainty is over the observed compound panel, not broader chemical space.	CVCL_5136
l1000_phase1	l1000_phase2	peer_baseline_dataset_pair_line	pb_target_peer_direction_agreement_pair_p05_corrected_percentile	mean_pb_target_peer_direction_agreement_pair_p05_corrected_percentile	0.9850091279436126	0.9647299503082992	0.9937220398471757	0.014496044769438221	bca	ok	0.95	2000	2000	31	26	26	pubchem_cid			95% BCa bootstrap CI clustered by PubChem compound; uncertainty is over the observed compound panel, not broader chemical space.	CVCL_5136
l1000_phase1	l1000_phase2	peer_baseline_dataset_pair_line	pb_observed_deg_lfc_spearman_p05	mean_pb_observed_deg_lfc_spearman_p05	0.2169554262522991	0.03718761453482625	0.3648242903978784	0.16381833793152606	bca	ok	0.95	2000	2000	34	26	26	pubchem_cid			95% BCa bootstrap CI clustered by PubChem compound; uncertainty is over the observed compound panel, not broader chemical space.	CVCL_U602
l1000_phase1	l1000_phase2	peer_baseline_dataset_pair_line	pb_source_centroid_deg_lfc_spearman_pair_p05	mean_pb_source_centroid_deg_lfc_spearman_pair_p05	0.33891751724058755	0.1482358028875344	0.4680864608921378	0.1599253290023017	bca	ok	0.95	2000	2000	34	33	33	pubchem_cid			95% BCa bootstrap CI clustered by PubChem compound; uncertainty is over the observed compound panel, not broader chemical space.	CVCL_U602
l1000_phase1	l1000_phase2	peer_baseline_dataset_pair_line	pb_delta_vs_source_centroid_deg_lfc_spearman_p05	mean_pb_delta_vs_source_centroid_deg_lfc_spearman_p05	-0.21215303094409907	-0.49115574761146324	-0.042467428576206195	0.22434415951762854	bca	ok	0.95	2000	2000	34	26	26	pubchem_cid			95% BCa bootstrap CI clustered by PubChem compound; uncertainty is over the observed compound panel, not broader chemical space.	CVCL_U602
l1000_phase1	l1000_phase2	peer_baseline_dataset_pair_line	pb_target_centroid_deg_lfc_spearman_pair_p05	mean_pb_target_centroid_deg_lfc_spearman_pair_p05	0.2729634462700263	0.15903386661794283	0.38985748867739833	0.11541181102972775	bca	ok	0.95	2000	2000	34	33	33	pubchem_cid			95% BCa bootstrap CI clustered by PubChem compound; uncertainty is over the observed compound panel, not broader chemical space.	CVCL_U602
l1000_phase1	l1000_phase2	peer_baseline_dataset_pair_line	pb_delta_vs_target_centroid_deg_lfc_spearman_p05	mean_pb_delta_vs_target_centroid_deg_lfc_spearman_p05	-0.0646728495158284	-0.27203808007871016	0.10300649191858806	0.18752228599864912	bca	ok	0.95	2000	2000	34	26	26	pubchem_cid			95% BCa bootstrap CI clustered by PubChem compound; uncertainty is over the observed compound panel, not broader chemical space.	CVCL_U602
l1000_phase1	l1000_phase2	peer_baseline_dataset_pair_line	pb_source_peer_deg_lfc_spearman_pair_p05	mean_pb_source_peer_deg_lfc_spearman_pair_p05	0.01507679338140678	-0.03068132800877269	0.05707592257667204	0.043878625292722365	bca	ok	0.95	2000	2000	34	33	33	pubchem_cid			95% BCa bootstrap CI clustered by PubChem compound; uncertainty is over the observed compound panel, not broader chemical space.	CVCL_U602
l1000_phase1	l1000_phase2	peer_baseline_dataset_pair_line	pb_delta_vs_source_peer_deg_lfc_spearman_p05	mean_pb_delta_vs_source_peer_deg_lfc_spearman_p05	0.17512621507402906	-0.01157032288181685	0.3106377592545969	0.1611040410682069	bca	ok	0.95	2000	2000	34	26	26	pubchem_cid			95% BCa bootstrap CI clustered by PubChem compound; uncertainty is over the observed compound panel, not broader chemical space.	CVCL_U602
l1000_phase1	l1000_phase2	peer_baseline_dataset_pair_line	pb_source_peer_deg_lfc_spearman_pair_p05_sd_score	mean_pb_source_peer_deg_lfc_spearman_pair_p05_sd_score	0.4239584797429661	0.3679248639263325	0.5057677229281241	0.0689214295008958	bca	ok	0.95	2000	2000	34	33	33	pubchem_cid			95% BCa bootstrap CI clustered by PubChem compound; uncertainty is over the observed compound panel, not broader chemical space.	CVCL_U602
l1000_phase1	l1000_phase2	peer_baseline_dataset_pair_line	pb_source_peer_deg_lfc_spearman_pair_p05_fraction_below_observed	mean_pb_source_peer_deg_lfc_spearman_pair_p05_fraction_below_observed	0.6407848174698643	0.5468419941588935	0.727134878613123	0.09014644222711476	bca	ok	0.95	2000	2000	34	33	33	pubchem_cid			95% BCa bootstrap CI clustered by PubChem compound; uncertainty is over the observed compound panel, not broader chemical space.	CVCL_U602
l1000_phase1	l1000_phase2	peer_baseline_dataset_pair_line	pb_source_peer_deg_lfc_spearman_pair_p05_corrected_percentile	mean_pb_source_peer_deg_lfc_spearman_pair_p05_corrected_percentile	0.6417961526227852	0.5519588867873904	0.7277576507544394	0.08789938198352454	bca	ok	0.95	2000	2000	34	33	33	pubchem_cid			95% BCa bootstrap CI clustered by PubChem compound; uncertainty is over the observed compound panel, not broader chemical space.	CVCL_U602
l1000_phase1	l1000_phase2	peer_baseline_dataset_pair_line	pb_target_peer_deg_lfc_spearman_pair_p05	mean_pb_target_peer_deg_lfc_spearman_pair_p05	0.01493931800794897	-0.0194883597298886	0.05905321783139727	0.03927078878064293	bca	ok	0.95	2000	2000	34	33	33	pubchem_cid			95% BCa bootstrap CI clustered by PubChem compound; uncertainty is over the observed compound panel, not broader chemical space.	CVCL_U602
l1000_phase1	l1000_phase2	peer_baseline_dataset_pair_line	pb_delta_vs_target_peer_deg_lfc_spearman_p05	mean_pb_delta_vs_target_peer_deg_lfc_spearman_p05	0.20573975493770996	0.05407421683087179	0.3355829632737143	0.14075437322142126	bca	ok	0.95	2000	2000	34	26	26	pubchem_cid			95% BCa bootstrap CI clustered by PubChem compound; uncertainty is over the observed compound panel, not broader chemical space.	CVCL_U602
l1000_phase1	l1000_phase2	peer_baseline_dataset_pair_line	pb_target_peer_deg_lfc_spearman_pair_p05_sd_score	mean_pb_target_peer_deg_lfc_spearman_pair_p05_sd_score	0.4099514594074624	0.3506823717043369	0.49076583270008645	0.07004173049787477	bca	ok	0.95	2000	2000	34	33	33	pubchem_cid			95% BCa bootstrap CI clustered by PubChem compound; uncertainty is over the observed compound panel, not broader chemical space.	CVCL_U602
l1000_phase1	l1000_phase2	peer_baseline_dataset_pair_line	pb_target_peer_deg_lfc_spearman_pair_p05_fraction_below_observed	mean_pb_target_peer_deg_lfc_spearman_pair_p05_fraction_below_observed	0.6743613879606127	0.5802151238044224	0.7628504339043961	0.09131765504998685	bca	ok	0.95	2000	2000	34	33	33	pubchem_cid			95% BCa bootstrap CI clustered by PubChem compound; uncertainty is over the observed compound panel, not broader chemical space.	CVCL_U602
l1000_phase1	l1000_phase2	peer_baseline_dataset_pair_line	pb_target_peer_deg_lfc_spearman_pair_p05_corrected_percentile	mean_pb_target_peer_deg_lfc_spearman_pair_p05_corrected_percentile	0.6753001645595891	0.5817018663670327	0.7635509959977937	0.09092456481538053	bca	ok	0.95	2000	2000	34	33	33	pubchem_cid			95% BCa bootstrap CI clustered by PubChem compound; uncertainty is over the observed compound panel, not broader chemical space.	CVCL_U602
l1000_phase1	l1000_phase2	peer_baseline_dataset_pair_line	pb_observed_direction_agreement_p05	mean_pb_observed_direction_agreement_p05	0.8377333540345003	0.5687830687830688	0.955889988492281	0.1935534598546061	bca	ok	0.95	2000	2000	34	12	12	pubchem_cid			95% BCa bootstrap CI clustered by PubChem compound; uncertainty is over the observed compound panel, not broader chemical space.	CVCL_U602
l1000_phase1	l1000_phase2	peer_baseline_dataset_pair_line	pb_source_centroid_direction_agreement_pair_p05	mean_pb_source_centroid_direction_agreement_pair_p05	0.647004481425555	0.5692720364659567	0.703140857597035	0.06693441056553917	bca	ok	0.95	2000	2000	34	34	34	pubchem_cid			95% BCa bootstrap CI clustered by PubChem compound; uncertainty is over the observed compound panel, not broader chemical space.	CVCL_U602
l1000_phase1	l1000_phase2	peer_baseline_dataset_pair_line	pb_delta_vs_source_centroid_direction_agreement_p05	mean_pb_delta_vs_source_centroid_direction_agreement_p05	0.10976308718778575	-0.13488269467874728	0.2233211438466627	0.179101919262705	bca	ok	0.95	2000	2000	34	12	12	pubchem_cid			95% BCa bootstrap CI clustered by PubChem compound; uncertainty is over the observed compound panel, not broader chemical space.	CVCL_U602
l1000_phase1	l1000_phase2	peer_baseline_dataset_pair_line	pb_target_centroid_direction_agreement_pair_p05	mean_pb_target_centroid_direction_agreement_pair_p05	0.6084099246047749	0.5343180246245445	0.6661771802675454	0.06592957782150044	bca	ok	0.95	2000	2000	34	34	34	pubchem_cid			95% BCa bootstrap CI clustered by PubChem compound; uncertainty is over the observed compound panel, not broader chemical space.	CVCL_U602
l1000_phase1	l1000_phase2	peer_baseline_dataset_pair_line	pb_delta_vs_target_centroid_direction_agreement_p05	mean_pb_delta_vs_target_centroid_direction_agreement_p05	0.19727437622342325	0.030837980013651376	0.2976622323516603	0.13341212616900444	bca	ok	0.95	2000	2000	34	12	12	pubchem_cid			95% BCa bootstrap CI clustered by PubChem compound; uncertainty is over the observed compound panel, not broader chemical space.	CVCL_U602
l1000_phase1	l1000_phase2	peer_baseline_dataset_pair_line	pb_source_peer_direction_agreement_pair_p05	mean_pb_source_peer_direction_agreement_pair_p05	0.5379051206449379	0.5221894794117911	0.5603112517995834	0.019060886193896176	bca	ok	0.95	2000	2000	34	12	12	pubchem_cid			95% BCa bootstrap CI clustered by PubChem compound; uncertainty is over the observed compound panel, not broader chemical space.	CVCL_U602
l1000_phase1	l1000_phase2	peer_baseline_dataset_pair_line	pb_delta_vs_source_peer_direction_agreement_p05	mean_pb_delta_vs_source_peer_direction_agreement_p05	0.29982823338956227	0.04722969543451024	0.4186648459163212	0.18571757524090549	bca	ok	0.95	2000	2000	34	12	12	pubchem_cid			95% BCa bootstrap CI clustered by PubChem compound; uncertainty is over the observed compound panel, not broader chemical space.	CVCL_U602
l1000_phase1	l1000_phase2	peer_baseline_dataset_pair_line	pb_source_peer_direction_agreement_pair_p05_sd_score	mean_pb_source_peer_direction_agreement_pair_p05_sd_score	0.13788025840272522	0.11662662376139508	0.1643572698210859	0.023865323029845405	bca	ok	0.95	2000	2000	34	12	12	pubchem_cid			95% BCa bootstrap CI clustered by PubChem compound; uncertainty is over the observed compound panel, not broader chemical space.	CVCL_U602
l1000_phase1	l1000_phase2	peer_baseline_dataset_pair_line	pb_source_peer_direction_agreement_pair_p05_fraction_below_observed	mean_pb_source_peer_direction_agreement_pair_p05_fraction_below_observed	0.8489730184837092	0.5990350192396657	0.970806452116604	0.18588571643846913	bca	ok	0.95	2000	2000	34	12	12	pubchem_cid			95% BCa bootstrap CI clustered by PubChem compound; uncertainty is over the observed compound panel, not broader chemical space.	CVCL_U602
l1000_phase1	l1000_phase2	peer_baseline_dataset_pair_line	pb_source_peer_direction_agreement_pair_p05_corrected_percentile	mean_pb_source_peer_direction_agreement_pair_p05_corrected_percentile	0.8493872443257136	0.6000973269535103	0.9711587514486547	0.18553071224757223	bca	ok	0.95	2000	2000	34	12	12	pubchem_cid			95% BCa bootstrap CI clustered by PubChem compound; uncertainty is over the observed compound panel, not broader chemical space.	CVCL_U602
l1000_phase1	l1000_phase2	peer_baseline_dataset_pair_line	pb_target_peer_direction_agreement_pair_p05	mean_pb_target_peer_direction_agreement_pair_p05	0.51363553418857	0.4789053229698492	0.5310869007423146	0.026090788886232674	bca	ok	0.95	2000	2000	34	12	12	pubchem_cid			95% BCa bootstrap CI clustered by PubChem compound; uncertainty is over the observed compound panel, not broader chemical space.	CVCL_U602
l1000_phase1	l1000_phase2	peer_baseline_dataset_pair_line	pb_delta_vs_target_peer_direction_agreement_p05	mean_pb_delta_vs_target_peer_direction_agreement_p05	0.3240978198459304	0.10769728769859258	0.4266256280268356	0.1594641701641215	bca	ok	0.95	2000	2000	34	12	12	pubchem_cid			95% BCa bootstrap CI clustered by PubChem compound; uncertainty is over the observed compound panel, not broader chemical space.	CVCL_U602
l1000_phase1	l1000_phase2	peer_baseline_dataset_pair_line	pb_target_peer_direction_agreement_pair_p05_sd_score	mean_pb_target_peer_direction_agreement_pair_p05_sd_score	0.12485538851233997	0.10562270269246885	0.14748275439236258	0.020930025849946868	bca	ok	0.95	2000	2000	34	12	12	pubchem_cid			95% BCa bootstrap CI clustered by PubChem compound; uncertainty is over the observed compound panel, not broader chemical space.	CVCL_U602
l1000_phase1	l1000_phase2	peer_baseline_dataset_pair_line	pb_target_peer_direction_agreement_pair_p05_fraction_below_observed	mean_pb_target_peer_direction_agreement_pair_p05_fraction_below_observed	0.8698204250861529	0.5790630342669864	0.9752000792183275	0.19806852247567058	bca	ok	0.95	2000	2000	34	12	12	pubchem_cid			95% BCa bootstrap CI clustered by PubChem compound; uncertainty is over the observed compound panel, not broader chemical space.	CVCL_U602
l1000_phase1	l1000_phase2	peer_baseline_dataset_pair_line	pb_target_peer_direction_agreement_pair_p05_corrected_percentile	mean_pb_target_peer_direction_agreement_pair_p05_corrected_percentile	0.8701909180960737	0.583552026387525	0.9777334253236086	0.1970906994680418	bca	ok	0.95	2000	2000	34	12	12	pubchem_cid			95% BCa bootstrap CI clustered by PubChem compound; uncertainty is over the observed compound panel, not broader chemical space.	CVCL_U602
l1000_phase1	l1000_phase2	peer_baseline_dataset_pair_line	pb_observed_deg_lfc_spearman_p05	mean_pb_observed_deg_lfc_spearman_p05	0.4863644206903984	0.35384788747991774	0.5967180195209043	0.12143506602049328	bca	ok	0.95	2000	2000	39	34	34	pubchem_cid			95% BCa bootstrap CI clustered by PubChem compound; uncertainty is over the observed compound panel, not broader chemical space.	CVCL_VU89
l1000_phase1	l1000_phase2	peer_baseline_dataset_pair_line	pb_source_centroid_deg_lfc_spearman_pair_p05	mean_pb_source_centroid_deg_lfc_spearman_pair_p05	0.5057134585559157	0.4132242060323316	0.5824869500451297	0.08463137200639906	bca	ok	0.95	2000	2000	39	38	38	pubchem_cid			95% BCa bootstrap CI clustered by PubChem compound; uncertainty is over the observed compound panel, not broader chemical space.	CVCL_VU89
l1000_phase1	l1000_phase2	peer_baseline_dataset_pair_line	pb_delta_vs_source_centroid_deg_lfc_spearman_p05	mean_pb_delta_vs_source_centroid_deg_lfc_spearman_p05	-0.004482871559108792	-0.1324423206396551	0.12362059615741287	0.128031458398534	bca	ok	0.95	2000	2000	39	34	34	pubchem_cid			95% BCa bootstrap CI clustered by PubChem compound; uncertainty is over the observed compound panel, not broader chemical space.	CVCL_VU89
l1000_phase1	l1000_phase2	peer_baseline_dataset_pair_line	pb_target_centroid_deg_lfc_spearman_pair_p05	mean_pb_target_centroid_deg_lfc_spearman_pair_p05	0.3870056098284456	0.29103659102344986	0.4676963247861973	0.08832986688137373	bca	ok	0.95	2000	2000	39	38	38	pubchem_cid			95% BCa bootstrap CI clustered by PubChem compound; uncertainty is over the observed compound panel, not broader chemical space.	CVCL_VU89
l1000_phase1	l1000_phase2	peer_baseline_dataset_pair_line	pb_delta_vs_target_centroid_deg_lfc_spearman_p05	mean_pb_delta_vs_target_centroid_deg_lfc_spearman_p05	0.1060225709918884	0.01019781096168572	0.19894455196953614	0.0943733705039252	bca	ok	0.95	2000	2000	39	34	34	pubchem_cid			95% BCa bootstrap CI clustered by PubChem compound; uncertainty is over the observed compound panel, not broader chemical space.	CVCL_VU89
l1000_phase1	l1000_phase2	peer_baseline_dataset_pair_line	pb_source_peer_deg_lfc_spearman_pair_p05	mean_pb_source_peer_deg_lfc_spearman_pair_p05	0.06828511291301788	0.041467173163531684	0.09577101445487593	0.027151920645672123	bca	ok	0.95	2000	2000	39	38	38	pubchem_cid			95% BCa bootstrap CI clustered by PubChem compound; uncertainty is over the observed compound panel, not broader chemical space.	CVCL_VU89
l1000_phase1	l1000_phase2	peer_baseline_dataset_pair_line	pb_delta_vs_source_peer_deg_lfc_spearman_p05	mean_pb_delta_vs_source_peer_deg_lfc_spearman_p05	0.4128945346566381	0.29103293516169976	0.5243035451163357	0.11663530497731797	bca	ok	0.95	2000	2000	39	34	34	pubchem_cid			95% BCa bootstrap CI clustered by PubChem compound; uncertainty is over the observed compound panel, not broader chemical space.	CVCL_VU89
l1000_phase1	l1000_phase2	peer_baseline_dataset_pair_line	pb_source_peer_deg_lfc_spearman_pair_p05_sd_score	mean_pb_source_peer_deg_lfc_spearman_pair_p05_sd_score	0.29424603992558584	0.26218275004665714	0.3628518911940085	0.050334570573675685	bca	ok	0.95	2000	2000	39	38	38	pubchem_cid			95% BCa bootstrap CI clustered by PubChem compound; uncertainty is over the observed compound panel, not broader chemical space.	CVCL_VU89
l1000_phase1	l1000_phase2	peer_baseline_dataset_pair_line	pb_source_peer_deg_lfc_spearman_pair_p05_fraction_below_observed	mean_pb_source_peer_deg_lfc_spearman_pair_p05_fraction_below_observed	0.7981868468513348	0.7035421225689318	0.8713340311394975	0.08389595428528285	bca	ok	0.95	2000	2000	39	38	38	pubchem_cid			95% BCa bootstrap CI clustered by PubChem compound; uncertainty is over the observed compound panel, not broader chemical space.	CVCL_VU89
l1000_phase1	l1000_phase2	peer_baseline_dataset_pair_line	pb_source_peer_deg_lfc_spearman_pair_p05_corrected_percentile	mean_pb_source_peer_deg_lfc_spearman_pair_p05_corrected_percentile	0.7990384922141295	0.7060433311348603	0.8701771587798061	0.08206691382247289	bca	ok	0.95	2000	2000	39	38	38	pubchem_cid			95% BCa bootstrap CI clustered by PubChem compound; uncertainty is over the observed compound panel, not broader chemical space.	CVCL_VU89
l1000_phase1	l1000_phase2	peer_baseline_dataset_pair_line	pb_target_peer_deg_lfc_spearman_pair_p05	mean_pb_target_peer_deg_lfc_spearman_pair_p05	0.046501321607768875	0.016412804124543316	0.0732444255608907	0.02841581071817369	bca	ok	0.95	2000	2000	39	38	38	pubchem_cid			95% BCa bootstrap CI clustered by PubChem compound; uncertainty is over the observed compound panel, not broader chemical space.	CVCL_VU89
l1000_phase1	l1000_phase2	peer_baseline_dataset_pair_line	pb_delta_vs_target_peer_deg_lfc_spearman_p05	mean_pb_delta_vs_target_peer_deg_lfc_spearman_p05	0.4374424073098688	0.32322622046259536	0.5365908217207803	0.10668230062909248	bca	ok	0.95	2000	2000	39	34	34	pubchem_cid			95% BCa bootstrap CI clustered by PubChem compound; uncertainty is over the observed compound panel, not broader chemical space.	CVCL_VU89
l1000_phase1	l1000_phase2	peer_baseline_dataset_pair_line	pb_target_peer_deg_lfc_spearman_pair_p05_sd_score	mean_pb_target_peer_deg_lfc_spearman_pair_p05_sd_score	0.2578400463550166	0.23462168056996074	0.2908763589421845	0.028127339186111877	bca	ok	0.95	2000	2000	39	38	38	pubchem_cid			95% BCa bootstrap CI clustered by PubChem compound; uncertainty is over the observed compound panel, not broader chemical space.	CVCL_VU89
l1000_phase1	l1000_phase2	peer_baseline_dataset_pair_line	pb_target_peer_deg_lfc_spearman_pair_p05_fraction_below_observed	mean_pb_target_peer_deg_lfc_spearman_pair_p05_fraction_below_observed	0.7800987551559168	0.6744681425036416	0.8631602085954116	0.09434603304588501	bca	ok	0.95	2000	2000	39	38	38	pubchem_cid			95% BCa bootstrap CI clustered by PubChem compound; uncertainty is over the observed compound panel, not broader chemical space.	CVCL_VU89
l1000_phase1	l1000_phase2	peer_baseline_dataset_pair_line	pb_target_peer_deg_lfc_spearman_pair_p05_corrected_percentile	mean_pb_target_peer_deg_lfc_spearman_pair_p05_corrected_percentile	0.7825985838534495	0.6885169052507875	0.8628420158630992	0.08716255530615585	bca	ok	0.95	2000	2000	39	38	38	pubchem_cid			95% BCa bootstrap CI clustered by PubChem compound; uncertainty is over the observed compound panel, not broader chemical space.	CVCL_VU89
l1000_phase1	l1000_phase2	peer_baseline_dataset_pair_line	pb_observed_direction_agreement_p05	mean_pb_observed_direction_agreement_p05	0.9431073689696048	0.8702760784089372	0.972883613667202	0.05130376762913241	bca	ok	0.95	2000	2000	39	32	32	pubchem_cid			95% BCa bootstrap CI clustered by PubChem compound; uncertainty is over the observed compound panel, not broader chemical space.	CVCL_VU89
l1000_phase1	l1000_phase2	peer_baseline_dataset_pair_line	pb_source_centroid_direction_agreement_pair_p05	mean_pb_source_centroid_direction_agreement_pair_p05	0.7052708520511904	0.6378746782280665	0.7516672316920294	0.05689627673198144	bca	ok	0.95	2000	2000	39	39	39	pubchem_cid			95% BCa bootstrap CI clustered by PubChem compound; uncertainty is over the observed compound panel, not broader chemical space.	CVCL_VU89
l1000_phase1	l1000_phase2	peer_baseline_dataset_pair_line	pb_delta_vs_source_centroid_direction_agreement_p05	mean_pb_delta_vs_source_centroid_direction_agreement_p05	0.19695585061388848	0.12819200231584	0.2499609405781073	0.060884469131133656	bca	ok	0.95	2000	2000	39	32	32	pubchem_cid			95% BCa bootstrap CI clustered by PubChem compound; uncertainty is over the observed compound panel, not broader chemical space.	CVCL_VU89
l1000_phase1	l1000_phase2	peer_baseline_dataset_pair_line	pb_target_centroid_direction_agreement_pair_p05	mean_pb_target_centroid_direction_agreement_pair_p05	0.6693484716675355	0.605379252768946	0.7112178079587946	0.05291927759492432	bca	ok	0.95	2000	2000	39	39	39	pubchem_cid			95% BCa bootstrap CI clustered by PubChem compound; uncertainty is over the observed compound panel, not broader chemical space.	CVCL_VU89
l1000_phase1	l1000_phase2	peer_baseline_dataset_pair_line	pb_delta_vs_target_centroid_direction_agreement_p05	mean_pb_delta_vs_target_centroid_direction_agreement_p05	0.24374368247007028	0.19531295171481325	0.28905732959510444	0.046872188940145595	bca	ok	0.95	2000	2000	39	32	32	pubchem_cid			95% BCa bootstrap CI clustered by PubChem compound; uncertainty is over the observed compound panel, not broader chemical space.	CVCL_VU89
l1000_phase1	l1000_phase2	peer_baseline_dataset_pair_line	pb_source_peer_direction_agreement_pair_p05	mean_pb_source_peer_direction_agreement_pair_p05	0.5385494283712156	0.5270460391764805	0.5495959522115446	0.01127495651753202	bca	ok	0.95	2000	2000	39	32	32	pubchem_cid			95% BCa bootstrap CI clustered by PubChem compound; uncertainty is over the observed compound panel, not broader chemical space.	CVCL_VU89
l1000_phase1	l1000_phase2	peer_baseline_dataset_pair_line	pb_delta_vs_source_peer_direction_agreement_p05	mean_pb_delta_vs_source_peer_direction_agreement_p05	0.4045579405983891	0.3342295241821054	0.43618211437164145	0.05097629509476803	bca	ok	0.95	2000	2000	39	32	32	pubchem_cid			95% BCa bootstrap CI clustered by PubChem compound; uncertainty is over the observed compound panel, not broader chemical space.	CVCL_VU89
l1000_phase1	l1000_phase2	peer_baseline_dataset_pair_line	pb_source_peer_direction_agreement_pair_p05_sd_score	mean_pb_source_peer_direction_agreement_pair_p05_sd_score	0.12006874918937949	0.11073108142866321	0.12756512944200166	0.008417024006669223	bca	ok	0.95	2000	2000	39	32	32	pubchem_cid			95% BCa bootstrap CI clustered by PubChem compound; uncertainty is over the observed compound panel, not broader chemical space.	CVCL_VU89
l1000_phase1	l1000_phase2	peer_baseline_dataset_pair_line	pb_source_peer_direction_agreement_pair_p05_fraction_below_observed	mean_pb_source_peer_direction_agreement_pair_p05_fraction_below_observed	0.9661934944042065	0.8577592049567162	0.9925755775007856	0.06740818627203471	bca	ok	0.95	2000	2000	39	32	32	pubchem_cid			95% BCa bootstrap CI clustered by PubChem compound; uncertainty is over the observed compound panel, not broader chemical space.	CVCL_VU89
l1000_phase1	l1000_phase2	peer_baseline_dataset_pair_line	pb_source_peer_direction_agreement_pair_p05_corrected_percentile	mean_pb_source_peer_direction_agreement_pair_p05_corrected_percentile	0.96640052669411	0.8757800131045289	0.9920965179517486	0.058158252423609835	bca	ok	0.95	2000	2000	39	32	32	pubchem_cid			95% BCa bootstrap CI clustered by PubChem compound; uncertainty is over the observed compound panel, not broader chemical space.	CVCL_VU89
l1000_phase1	l1000_phase2	peer_baseline_dataset_pair_line	pb_target_peer_direction_agreement_pair_p05	mean_pb_target_peer_direction_agreement_pair_p05	0.5286212881126404	0.5171424437136692	0.5380343921840113	0.010445974235171018	bca	ok	0.95	2000	2000	39	32	32	pubchem_cid			95% BCa bootstrap CI clustered by PubChem compound; uncertainty is over the observed compound panel, not broader chemical space.	CVCL_VU89
l1000_phase1	l1000_phase2	peer_baseline_dataset_pair_line	pb_delta_vs_target_peer_direction_agreement_p05	mean_pb_delta_vs_target_peer_direction_agreement_p05	0.4144860808569644	0.34968570507427527	0.44354863765706204	0.04693146629139339	bca	ok	0.95	2000	2000	39	32	32	pubchem_cid			95% BCa bootstrap CI clustered by PubChem compound; uncertainty is over the observed compound panel, not broader chemical space.	CVCL_VU89
l1000_phase1	l1000_phase2	peer_baseline_dataset_pair_line	pb_target_peer_direction_agreement_pair_p05_sd_score	mean_pb_target_peer_direction_agreement_pair_p05_sd_score	0.11373531210609952	0.1042880194460307	0.12239445018414206	0.009053215369055685	bca	ok	0.95	2000	2000	39	32	32	pubchem_cid			95% BCa bootstrap CI clustered by PubChem compound; uncertainty is over the observed compound panel, not broader chemical space.	CVCL_VU89
l1000_phase1	l1000_phase2	peer_baseline_dataset_pair_line	pb_target_peer_direction_agreement_pair_p05_fraction_below_observed	mean_pb_target_peer_direction_agreement_pair_p05_fraction_below_observed	0.9689005547848307	0.8642912861517869	0.9954103014637546	0.0655595076559839	bca	ok	0.95	2000	2000	39	32	32	pubchem_cid			95% BCa bootstrap CI clustered by PubChem compound; uncertainty is over the observed compound panel, not broader chemical space.	CVCL_VU89
l1000_phase1	l1000_phase2	peer_baseline_dataset_pair_line	pb_target_peer_direction_agreement_pair_p05_corrected_percentile	mean_pb_target_peer_direction_agreement_pair_p05_corrected_percentile	0.9691012645727577	0.8759869767738827	0.9946671779782489	0.05934010060218309	bca	ok	0.95	2000	2000	39	32	32	pubchem_cid			95% BCa bootstrap CI clustered by PubChem compound; uncertainty is over the observed compound panel, not broader chemical space.	CVCL_VU89
l1000_phase1	l1000_phase2	peer_baseline_dataset_pair_line	pb_observed_deg_lfc_spearman_p05	mean_pb_observed_deg_lfc_spearman_p05	0.09382334286361607	-0.0792133390613557	0.2841507042214939	0.1816820216414248	bca	ok	0.95	2000	2000	33	25	25	pubchem_cid			95% BCa bootstrap CI clustered by PubChem compound; uncertainty is over the observed compound panel, not broader chemical space.	NEU
l1000_phase1	l1000_phase2	peer_baseline_dataset_pair_line	pb_source_centroid_deg_lfc_spearman_pair_p05	mean_pb_source_centroid_deg_lfc_spearman_pair_p05	0.32199765939935177	0.1580351599882638	0.44813328558139787	0.14504906279656704	bca	ok	0.95	2000	2000	33	33	33	pubchem_cid			95% BCa bootstrap CI clustered by PubChem compound; uncertainty is over the observed compound panel, not broader chemical space.	NEU
l1000_phase1	l1000_phase2	peer_baseline_dataset_pair_line	pb_delta_vs_source_centroid_deg_lfc_spearman_p05	mean_pb_delta_vs_source_centroid_deg_lfc_spearman_p05	-0.23613062793509065	-0.420711230877819	-0.09408327689968814	0.1633139769890654	bca	ok	0.95	2000	2000	33	25	25	pubchem_cid			95% BCa bootstrap CI clustered by PubChem compound; uncertainty is over the observed compound panel, not broader chemical space.	NEU
l1000_phase1	l1000_phase2	peer_baseline_dataset_pair_line	pb_target_centroid_deg_lfc_spearman_pair_p05	mean_pb_target_centroid_deg_lfc_spearman_pair_p05	0.227669069443036	0.08007838710927687	0.34870249523429725	0.13431205406251018	bca	ok	0.95	2000	2000	33	33	33	pubchem_cid			95% BCa bootstrap CI clustered by PubChem compound; uncertainty is over the observed compound panel, not broader chemical space.	NEU
l1000_phase1	l1000_phase2	peer_baseline_dataset_pair_line	pb_delta_vs_target_centroid_deg_lfc_spearman_p05	mean_pb_delta_vs_target_centroid_deg_lfc_spearman_p05	-0.08777392871844808	-0.2803221890250461	0.11890694738360148	0.19961456820432377	bca	ok	0.95	2000	2000	33	25	25	pubchem_cid			95% BCa bootstrap CI clustered by PubChem compound; uncertainty is over the observed compound panel, not broader chemical space.	NEU
l1000_phase1	l1000_phase2	peer_baseline_dataset_pair_line	pb_source_peer_deg_lfc_spearman_pair_p05	mean_pb_source_peer_deg_lfc_spearman_pair_p05	0.025856472937031194	-0.01761317130797916	0.057635378964619954	0.037624275136299554	bca	ok	0.95	2000	2000	33	33	33	pubchem_cid			95% BCa bootstrap CI clustered by PubChem compound; uncertainty is over the observed compound panel, not broader chemical space.	NEU
l1000_phase1	l1000_phase2	peer_baseline_dataset_pair_line	pb_delta_vs_source_peer_deg_lfc_spearman_p05	mean_pb_delta_vs_source_peer_deg_lfc_spearman_p05	0.055625105882563426	-0.11708751777185686	0.20555471375925888	0.16132111576555785	bca	ok	0.95	2000	2000	33	25	25	pubchem_cid			95% BCa bootstrap CI clustered by PubChem compound; uncertainty is over the observed compound panel, not broader chemical space.	NEU
l1000_phase1	l1000_phase2	peer_baseline_dataset_pair_line	pb_source_peer_deg_lfc_spearman_pair_p05_sd_score	mean_pb_source_peer_deg_lfc_spearman_pair_p05_sd_score	0.45793516984101773	0.4056639824470667	0.5210379244645844	0.05768697100875886	bca	ok	0.95	2000	2000	33	33	33	pubchem_cid			95% BCa bootstrap CI clustered by PubChem compound; uncertainty is over the observed compound panel, not broader chemical space.	NEU
l1000_phase1	l1000_phase2	peer_baseline_dataset_pair_line	pb_source_peer_deg_lfc_spearman_pair_p05_fraction_below_observed	mean_pb_source_peer_deg_lfc_spearman_pair_p05_fraction_below_observed	0.5055029199702581	0.40638793386100375	0.6173258549846441	0.10546896056182017	bca	ok	0.95	2000	2000	33	33	33	pubchem_cid			95% BCa bootstrap CI clustered by PubChem compound; uncertainty is over the observed compound panel, not broader chemical space.	NEU
l1000_phase1	l1000_phase2	peer_baseline_dataset_pair_line	pb_source_peer_deg_lfc_spearman_pair_p05_corrected_percentile	mean_pb_source_peer_deg_lfc_spearman_pair_p05_corrected_percentile	0.5070107365039775	0.4057583135882174	0.6111441134438929	0.10269289992783773	bca	ok	0.95	2000	2000	33	33	33	pubchem_cid			95% BCa bootstrap CI clustered by PubChem compound; uncertainty is over the observed compound panel, not broader chemical space.	NEU
l1000_phase1	l1000_phase2	peer_baseline_dataset_pair_line	pb_target_peer_deg_lfc_spearman_pair_p05	mean_pb_target_peer_deg_lfc_spearman_pair_p05	-0.03791914464775414	-0.07952095597451754	0.010402666704944712	0.04496181133973112	bca	ok	0.95	2000	2000	33	33	33	pubchem_cid			95% BCa bootstrap CI clustered by PubChem compound; uncertainty is over the observed compound panel, not broader chemical space.	NEU
l1000_phase1	l1000_phase2	peer_baseline_dataset_pair_line	pb_delta_vs_target_peer_deg_lfc_spearman_p05	mean_pb_delta_vs_target_peer_deg_lfc_spearman_p05	0.13580213130147276	-0.022737819403634434	0.30140203954109596	0.1620699294723652	bca	ok	0.95	2000	2000	33	25	25	pubchem_cid			95% BCa bootstrap CI clustered by PubChem compound; uncertainty is over the observed compound panel, not broader chemical space.	NEU
l1000_phase1	l1000_phase2	peer_baseline_dataset_pair_line	pb_target_peer_deg_lfc_spearman_pair_p05_sd_score	mean_pb_target_peer_deg_lfc_spearman_pair_p05_sd_score	0.4417792413736079	0.3889486151381608	0.5081088589482905	0.05958012190506484	bca	ok	0.95	2000	2000	33	33	33	pubchem_cid			95% BCa bootstrap CI clustered by PubChem compound; uncertainty is over the observed compound panel, not broader chemical space.	NEU
l1000_phase1	l1000_phase2	peer_baseline_dataset_pair_line	pb_target_peer_deg_lfc_spearman_pair_p05_fraction_below_observed	mean_pb_target_peer_deg_lfc_spearman_pair_p05_fraction_below_observed	0.5425380865893631	0.43847320887468344	0.63754711465566	0.0995369528904883	bca	ok	0.95	2000	2000	33	33	33	pubchem_cid			95% BCa bootstrap CI clustered by PubChem compound; uncertainty is over the observed compound panel, not broader chemical space.	NEU
l1000_phase1	l1000_phase2	peer_baseline_dataset_pair_line	pb_target_peer_deg_lfc_spearman_pair_p05_corrected_percentile	mean_pb_target_peer_deg_lfc_spearman_pair_p05_corrected_percentile	0.5440306147410074	0.43531090679158235	0.6364858587034837	0.10058747595595069	bca	ok	0.95	2000	2000	33	33	33	pubchem_cid			95% BCa bootstrap CI clustered by PubChem compound; uncertainty is over the observed compound panel, not broader chemical space.	NEU
l1000_phase1	l1000_phase2	peer_baseline_dataset_pair_line	pb_observed_direction_agreement_p05	mean_pb_observed_direction_agreement_p05	0.9983678217542652	0.9918391087713258	1.0	0.004080445614337125	bca	ok	0.95	2000	2000	33	14	14	pubchem_cid			95% BCa bootstrap CI clustered by PubChem compound; uncertainty is over the observed compound panel, not broader chemical space.	NEU
l1000_phase1	l1000_phase2	peer_baseline_dataset_pair_line	pb_source_centroid_direction_agreement_pair_p05	mean_pb_source_centroid_direction_agreement_pair_p05	0.6604131816048753	0.5951689113258595	0.7122801286491047	0.05855560866162263	bca	ok	0.95	2000	2000	33	33	33	pubchem_cid			95% BCa bootstrap CI clustered by PubChem compound; uncertainty is over the observed compound panel, not broader chemical space.	NEU
l1000_phase1	l1000_phase2	peer_baseline_dataset_pair_line	pb_delta_vs_source_centroid_direction_agreement_p05	mean_pb_delta_vs_source_centroid_direction_agreement_p05	0.2961779426206542	0.24607482806607184	0.353460009336692	0.053692590635310095	bca	ok	0.95	2000	2000	33	14	14	pubchem_cid			95% BCa bootstrap CI clustered by PubChem compound; uncertainty is over the observed compound panel, not broader chemical space.	NEU
l1000_phase1	l1000_phase2	peer_baseline_dataset_pair_line	pb_target_centroid_direction_agreement_pair_p05	mean_pb_target_centroid_direction_agreement_pair_p05	0.5901941377142884	0.5271057161731478	0.6515265775738126	0.062210430700332386	bca	ok	0.95	2000	2000	33	33	33	pubchem_cid			95% BCa bootstrap CI clustered by PubChem compound; uncertainty is over the observed compound panel, not broader chemical space.	NEU
l1000_phase1	l1000_phase2	peer_baseline_dataset_pair_line	pb_delta_vs_target_centroid_direction_agreement_p05	mean_pb_delta_vs_target_centroid_direction_agreement_p05	0.35410434338546776	0.2876420856533698	0.424976734087646	0.06866732421713811	bca	ok	0.95	2000	2000	33	14	14	pubchem_cid			95% BCa bootstrap CI clustered by PubChem compound; uncertainty is over the observed compound panel, not broader chemical space.	NEU
l1000_phase1	l1000_phase2	peer_baseline_dataset_pair_line	pb_source_peer_direction_agreement_pair_p05	mean_pb_source_peer_direction_agreement_pair_p05	0.5251280169630184	0.5027632764133516	0.5466474017318728	0.021942062659260575	bca	ok	0.95	2000	2000	33	14	14	pubchem_cid			95% BCa bootstrap CI clustered by PubChem compound; uncertainty is over the observed compound panel, not broader chemical space.	NEU
l1000_phase1	l1000_phase2	peer_baseline_dataset_pair_line	pb_delta_vs_source_peer_direction_agreement_p05	mean_pb_delta_vs_source_peer_direction_agreement_p05	0.4732398047912468	0.45039934450634944	0.49623188700870313	0.022916271251176845	bca	ok	0.95	2000	2000	33	14	14	pubchem_cid			95% BCa bootstrap CI clustered by PubChem compound; uncertainty is over the observed compound panel, not broader chemical space.	NEU
l1000_phase1	l1000_phase2	peer_baseline_dataset_pair_line	pb_source_peer_direction_agreement_pair_p05_sd_score	mean_pb_source_peer_direction_agreement_pair_p05_sd_score	0.18502141257053734	0.16190650452965427	0.2028880650953053	0.020490780282825513	bca	ok	0.95	2000	2000	33	14	14	pubchem_cid			95% BCa bootstrap CI clustered by PubChem compound; uncertainty is over the observed compound panel, not broader chemical space.	NEU
l1000_phase1	l1000_phase2	peer_baseline_dataset_pair_line	pb_source_peer_direction_agreement_pair_p05_fraction_below_observed	mean_pb_source_peer_direction_agreement_pair_p05_fraction_below_observed	0.9818001389824798	0.9647025875368	0.9923967633928571	0.013847087928028523	bca	ok	0.95	2000	2000	33	14	14	pubchem_cid			95% BCa bootstrap CI clustered by PubChem compound; uncertainty is over the observed compound panel, not broader chemical space.	NEU
l1000_phase1	l1000_phase2	peer_baseline_dataset_pair_line	pb_source_peer_direction_agreement_pair_p05_corrected_percentile	mean_pb_source_peer_direction_agreement_pair_p05_corrected_percentile	0.9818395194335043	0.9630886529055268	0.9925093205245308	0.014710333809501985	bca	ok	0.95	2000	2000	33	14	14	pubchem_cid			95% BCa bootstrap CI clustered by PubChem compound; uncertainty is over the observed compound panel, not broader chemical space.	NEU
l1000_phase1	l1000_phase2	peer_baseline_dataset_pair_line	pb_target_peer_direction_agreement_pair_p05	mean_pb_target_peer_direction_agreement_pair_p05	0.5078580907949214	0.48206031331355265	0.5293368507120424	0.023638268699244874	bca	ok	0.95	2000	2000	33	14	14	pubchem_cid			95% BCa bootstrap CI clustered by PubChem compound; uncertainty is over the observed compound panel, not broader chemical space.	NEU
l1000_phase1	l1000_phase2	peer_baseline_dataset_pair_line	pb_delta_vs_target_peer_direction_agreement_p05	mean_pb_delta_vs_target_peer_direction_agreement_p05	0.49050973095934386	0.467785149467819	0.5176939713111756	0.02495441092167827	bca	ok	0.95	2000	2000	33	14	14	pubchem_cid			95% BCa bootstrap CI clustered by PubChem compound; uncertainty is over the observed compound panel, not broader chemical space.	NEU
l1000_phase1	l1000_phase2	peer_baseline_dataset_pair_line	pb_target_peer_direction_agreement_pair_p05_sd_score	mean_pb_target_peer_direction_agreement_pair_p05_sd_score	0.16910959163935171	0.14990868572388966	0.18899510602468975	0.019543210150400045	bca	ok	0.95	2000	2000	33	14	14	pubchem_cid			95% BCa bootstrap CI clustered by PubChem compound; uncertainty is over the observed compound panel, not broader chemical space.	NEU
l1000_phase1	l1000_phase2	peer_baseline_dataset_pair_line	pb_target_peer_direction_agreement_pair_p05_fraction_below_observed	mean_pb_target_peer_direction_agreement_pair_p05_fraction_below_observed	0.9763622099860922	0.945269923024761	0.9931862782429877	0.02395817760911334	bca	ok	0.95	2000	2000	33	14	14	pubchem_cid			95% BCa bootstrap CI clustered by PubChem compound; uncertainty is over the observed compound panel, not broader chemical space.	NEU
l1000_phase1	l1000_phase2	peer_baseline_dataset_pair_line	pb_target_peer_direction_agreement_pair_p05_corrected_percentile	mean_pb_target_peer_direction_agreement_pair_p05_corrected_percentile	0.9764503442483505	0.9426522333947	0.9924056619165178	0.024876714260908928	bca	ok	0.95	2000	2000	33	14	14	pubchem_cid			95% BCa bootstrap CI clustered by PubChem compound; uncertainty is over the observed compound panel, not broader chemical space.	NEU
l1000_phase1	l1000_phase2	peer_baseline_dataset_pair_line	pb_observed_deg_lfc_spearman_p05	mean_pb_observed_deg_lfc_spearman_p05	0.2536113909842476	0.10992454776291208	0.39127308603256883	0.1406742691348284	bca	ok	0.95	2000	2000	35	30	30	pubchem_cid			95% BCa bootstrap CI clustered by PubChem compound; uncertainty is over the observed compound panel, not broader chemical space.	NPC
l1000_phase1	l1000_phase2	peer_baseline_dataset_pair_line	pb_source_centroid_deg_lfc_spearman_pair_p05	mean_pb_source_centroid_deg_lfc_spearman_pair_p05	0.5277323030988587	0.4526506731933522	0.5985270699706919	0.07293819838866986	bca	ok	0.95	2000	2000	35	34	34	pubchem_cid			95% BCa bootstrap CI clustered by PubChem compound; uncertainty is over the observed compound panel, not broader chemical space.	NPC
l1000_phase1	l1000_phase2	peer_baseline_dataset_pair_line	pb_delta_vs_source_centroid_deg_lfc_spearman_p05	mean_pb_delta_vs_source_centroid_deg_lfc_spearman_p05	-0.26122514593438567	-0.39819272721699517	-0.13444300536824444	0.13187486092437536	bca	ok	0.95	2000	2000	35	30	30	pubchem_cid			95% BCa bootstrap CI clustered by PubChem compound; uncertainty is over the observed compound panel, not broader chemical space.	NPC
l1000_phase1	l1000_phase2	peer_baseline_dataset_pair_line	pb_target_centroid_deg_lfc_spearman_pair_p05	mean_pb_target_centroid_deg_lfc_spearman_pair_p05	0.4025132515914811	0.3053849237445672	0.46870508691285634	0.08166008158414456	bca	ok	0.95	2000	2000	35	34	34	pubchem_cid			95% BCa bootstrap CI clustered by PubChem compound; uncertainty is over the observed compound panel, not broader chemical space.	NPC
l1000_phase1	l1000_phase2	peer_baseline_dataset_pair_line	pb_delta_vs_target_centroid_deg_lfc_spearman_p05	mean_pb_delta_vs_target_centroid_deg_lfc_spearman_p05	-0.16083036741283763	-0.3079544372433284	-0.032380763693421834	0.13778683677495326	bca	ok	0.95	2000	2000	35	30	30	pubchem_cid			95% BCa bootstrap CI clustered by PubChem compound; uncertainty is over the observed compound panel, not broader chemical space.	NPC
l1000_phase1	l1000_phase2	peer_baseline_dataset_pair_line	pb_source_peer_deg_lfc_spearman_pair_p05	mean_pb_source_peer_deg_lfc_spearman_pair_p05	0.07698695467870509	0.04572881831516413	0.11101109793046422	0.032641139807650044	bca	ok	0.95	2000	2000	35	34	34	pubchem_cid			95% BCa bootstrap CI clustered by PubChem compound; uncertainty is over the observed compound panel, not broader chemical space.	NPC
l1000_phase1	l1000_phase2	peer_baseline_dataset_pair_line	pb_delta_vs_source_peer_deg_lfc_spearman_p05	mean_pb_delta_vs_source_peer_deg_lfc_spearman_p05	0.17624587382766066	0.04827650766975825	0.2895522601043937	0.12063787621731774	bca	ok	0.95	2000	2000	35	30	30	pubchem_cid			95% BCa bootstrap CI clustered by PubChem compound; uncertainty is over the observed compound panel, not broader chemical space.	NPC
l1000_phase1	l1000_phase2	peer_baseline_dataset_pair_line	pb_source_peer_deg_lfc_spearman_pair_p05_sd_score	mean_pb_source_peer_deg_lfc_spearman_pair_p05_sd_score	0.3503804477237061	0.3188398188866434	0.3855834280428609	0.03337180457810873	bca	ok	0.95	2000	2000	35	34	34	pubchem_cid			95% BCa bootstrap CI clustered by PubChem compound; uncertainty is over the observed compound panel, not broader chemical space.	NPC
l1000_phase1	l1000_phase2	peer_baseline_dataset_pair_line	pb_source_peer_deg_lfc_spearman_pair_p05_fraction_below_observed	mean_pb_source_peer_deg_lfc_spearman_pair_p05_fraction_below_observed	0.6042079602618443	0.5012192713965584	0.6912229268644274	0.09500182773393451	bca	ok	0.95	2000	2000	35	34	34	pubchem_cid			95% BCa bootstrap CI clustered by PubChem compound; uncertainty is over the observed compound panel, not broader chemical space.	NPC
l1000_phase1	l1000_phase2	peer_baseline_dataset_pair_line	pb_source_peer_deg_lfc_spearman_pair_p05_corrected_percentile	mean_pb_source_peer_deg_lfc_spearman_pair_p05_corrected_percentile	0.6054184512856452	0.5137281130053288	0.6975665342353528	0.09191921061501196	bca	ok	0.95	2000	2000	35	34	34	pubchem_cid			95% BCa bootstrap CI clustered by PubChem compound; uncertainty is over the observed compound panel, not broader chemical space.	NPC
l1000_phase1	l1000_phase2	peer_baseline_dataset_pair_line	pb_target_peer_deg_lfc_spearman_pair_p05	mean_pb_target_peer_deg_lfc_spearman_pair_p05	0.028648816458162484	-0.0004789786079150083	0.05418497498969832	0.027331976798806664	bca	ok	0.95	2000	2000	35	34	34	pubchem_cid			95% BCa bootstrap CI clustered by PubChem compound; uncertainty is over the observed compound panel, not broader chemical space.	NPC
l1000_phase1	l1000_phase2	peer_baseline_dataset_pair_line	pb_delta_vs_target_peer_deg_lfc_spearman_p05	mean_pb_delta_vs_target_peer_deg_lfc_spearman_p05	0.21745309109731212	0.09052648328687572	0.3267117159378944	0.11809261632550933	bca	ok	0.95	2000	2000	35	30	30	pubchem_cid			95% BCa bootstrap CI clustered by PubChem compound; uncertainty is over the observed compound panel, not broader chemical space.	NPC
l1000_phase1	l1000_phase2	peer_baseline_dataset_pair_line	pb_target_peer_deg_lfc_spearman_pair_p05_sd_score	mean_pb_target_peer_deg_lfc_spearman_pair_p05_sd_score	0.3155391007703057	0.2810080739128962	0.3585454819100639	0.03876870399858387	bca	ok	0.95	2000	2000	35	34	34	pubchem_cid			95% BCa bootstrap CI clustered by PubChem compound; uncertainty is over the observed compound panel, not broader chemical space.	NPC
l1000_phase1	l1000_phase2	peer_baseline_dataset_pair_line	pb_target_peer_deg_lfc_spearman_pair_p05_fraction_below_observed	mean_pb_target_peer_deg_lfc_spearman_pair_p05_fraction_below_observed	0.6546206635914831	0.544676914402118	0.7461363782927911	0.10072973194533658	bca	ok	0.95	2000	2000	35	34	34	pubchem_cid			95% BCa bootstrap CI clustered by PubChem compound; uncertainty is over the observed compound panel, not broader chemical space.	NPC
l1000_phase1	l1000_phase2	peer_baseline_dataset_pair_line	pb_target_peer_deg_lfc_spearman_pair_p05_corrected_percentile	mean_pb_target_peer_deg_lfc_spearman_pair_p05_corrected_percentile	0.6556807278081792	0.5545603235633632	0.7481977078830754	0.09681869215985611	bca	ok	0.95	2000	2000	35	34	34	pubchem_cid			95% BCa bootstrap CI clustered by PubChem compound; uncertainty is over the observed compound panel, not broader chemical space.	NPC
l1000_phase1	l1000_phase2	peer_baseline_dataset_pair_line	pb_observed_direction_agreement_p05	mean_pb_observed_direction_agreement_p05	0.890739542150845	0.7796409832848212	0.9417041313492026	0.08103157403219069	bca	ok	0.95	2000	2000	35	20	20	pubchem_cid			95% BCa bootstrap CI clustered by PubChem compound; uncertainty is over the observed compound panel, not broader chemical space.	NPC
l1000_phase1	l1000_phase2	peer_baseline_dataset_pair_line	pb_source_centroid_direction_agreement_pair_p05	mean_pb_source_centroid_direction_agreement_pair_p05	0.6951203920746377	0.6244290277516558	0.7437169647721195	0.05964396851023185	bca	ok	0.95	2000	2000	35	34	34	pubchem_cid			95% BCa bootstrap CI clustered by PubChem compound; uncertainty is over the observed compound panel, not broader chemical space.	NPC
l1000_phase1	l1000_phase2	peer_baseline_dataset_pair_line	pb_delta_vs_source_centroid_direction_agreement_p05	mean_pb_delta_vs_source_centroid_direction_agreement_p05	0.12865615018273546	0.022454909723750686	0.20058923175483048	0.0890671610155399	bca	ok	0.95	2000	2000	35	20	20	pubchem_cid			95% BCa bootstrap CI clustered by PubChem compound; uncertainty is over the observed compound panel, not broader chemical space.	NPC
l1000_phase1	l1000_phase2	peer_baseline_dataset_pair_line	pb_target_centroid_direction_agreement_pair_p05	mean_pb_target_centroid_direction_agreement_pair_p05	0.6270321284137595	0.5701602434357743	0.6722875640112166	0.051063660287721135	bca	ok	0.95	2000	2000	35	34	34	pubchem_cid			95% BCa bootstrap CI clustered by PubChem compound; uncertainty is over the observed compound panel, not broader chemical space.	NPC
l1000_phase1	l1000_phase2	peer_baseline_dataset_pair_line	pb_delta_vs_target_centroid_direction_agreement_p05	mean_pb_delta_vs_target_centroid_direction_agreement_p05	0.21518456587209583	0.12942263154930317	0.29179963341818865	0.08118850093444274	bca	ok	0.95	2000	2000	35	20	20	pubchem_cid			95% BCa bootstrap CI clustered by PubChem compound; uncertainty is over the observed compound panel, not broader chemical space.	NPC
l1000_phase1	l1000_phase2	peer_baseline_dataset_pair_line	pb_source_peer_direction_agreement_pair_p05	mean_pb_source_peer_direction_agreement_pair_p05	0.5546842786714953	0.5382822119418871	0.5686820663955762	0.015199927226844545	bca	ok	0.95	2000	2000	35	20	20	pubchem_cid			95% BCa bootstrap CI clustered by PubChem compound; uncertainty is over the observed compound panel, not broader chemical space.	NPC
l1000_phase1	l1000_phase2	peer_baseline_dataset_pair_line	pb_delta_vs_source_peer_direction_agreement_p05	mean_pb_delta_vs_source_peer_direction_agreement_p05	0.3360552634793498	0.2280747799275038	0.38822710949520783	0.08007616478385202	bca	ok	0.95	2000	2000	35	20	20	pubchem_cid			95% BCa bootstrap CI clustered by PubChem compound; uncertainty is over the observed compound panel, not broader chemical space.	NPC
l1000_phase1	l1000_phase2	peer_baseline_dataset_pair_line	pb_source_peer_direction_agreement_pair_p05_sd_score	mean_pb_source_peer_direction_agreement_pair_p05_sd_score	0.13828657670031927	0.12397933538211242	0.1515392492780879	0.01377995694798774	bca	ok	0.95	2000	2000	35	20	20	pubchem_cid			95% BCa bootstrap CI clustered by PubChem compound; uncertainty is over the observed compound panel, not broader chemical space.	NPC
l1000_phase1	l1000_phase2	peer_baseline_dataset_pair_line	pb_source_peer_direction_agreement_pair_p05_fraction_below_observed	mean_pb_source_peer_direction_agreement_pair_p05_fraction_below_observed	0.9239744445028741	0.7440906375659017	0.9807652229819274	0.11833729270801285	bca	ok	0.95	2000	2000	35	20	20	pubchem_cid			95% BCa bootstrap CI clustered by PubChem compound; uncertainty is over the observed compound panel, not broader chemical space.	NPC
l1000_phase1	l1000_phase2	peer_baseline_dataset_pair_line	pb_source_peer_direction_agreement_pair_p05_corrected_percentile	mean_pb_source_peer_direction_agreement_pair_p05_corrected_percentile	0.9242097417916035	0.7437475992704776	0.9805021985095606	0.11837729961954147	bca	ok	0.95	2000	2000	35	20	20	pubchem_cid			95% BCa bootstrap CI clustered by PubChem compound; uncertainty is over the observed compound panel, not broader chemical space.	NPC
l1000_phase1	l1000_phase2	peer_baseline_dataset_pair_line	pb_target_peer_direction_agreement_pair_p05	mean_pb_target_peer_direction_agreement_pair_p05	0.5213883630733542	0.5044376034110081	0.535181021736527	0.015371709162759484	bca	ok	0.95	2000	2000	35	20	20	pubchem_cid			95% BCa bootstrap CI clustered by PubChem compound; uncertainty is over the observed compound panel, not broader chemical space.	NPC
l1000_phase1	l1000_phase2	peer_baseline_dataset_pair_line	pb_delta_vs_target_peer_direction_agreement_p05	mean_pb_delta_vs_target_peer_direction_agreement_p05	0.3693511790774907	0.26651260169171886	0.4237066410755742	0.07859701969192767	bca	ok	0.95	2000	2000	35	20	20	pubchem_cid			95% BCa bootstrap CI clustered by PubChem compound; uncertainty is over the observed compound panel, not broader chemical space.	NPC
l1000_phase1	l1000_phase2	peer_baseline_dataset_pair_line	pb_target_peer_direction_agreement_pair_p05_sd_score	mean_pb_target_peer_direction_agreement_pair_p05_sd_score	0.11551256932151525	0.10510015816509832	0.13288983961045253	0.013894840722677104	bca	ok	0.95	2000	2000	35	20	20	pubchem_cid			95% BCa bootstrap CI clustered by PubChem compound; uncertainty is over the observed compound panel, not broader chemical space.	NPC
l1000_phase1	l1000_phase2	peer_baseline_dataset_pair_line	pb_target_peer_direction_agreement_pair_p05_fraction_below_observed	mean_pb_target_peer_direction_agreement_pair_p05_fraction_below_observed	0.9437301562601211	0.7431413508754908	0.9942143194689445	0.1255364842967268	bca	ok	0.95	2000	2000	35	20	20	pubchem_cid			95% BCa bootstrap CI clustered by PubChem compound; uncertainty is over the observed compound panel, not broader chemical space.	NPC
l1000_phase1	l1000_phase2	peer_baseline_dataset_pair_line	pb_target_peer_direction_agreement_pair_p05_corrected_percentile	mean_pb_target_peer_direction_agreement_pair_p05_corrected_percentile	0.9439017708259939	0.7491042364706908	0.9937099274290143	0.12230284547916176	bca	ok	0.95	2000	2000	35	20	20	pubchem_cid			95% BCa bootstrap CI clustered by PubChem compound; uncertainty is over the observed compound panel, not broader chemical space.	NPC
l1000_phase1	sciplex	peer_baseline_dataset_pair_line	pb_observed_deg_lfc_spearman_p05	mean_pb_observed_deg_lfc_spearman_p05	0.34870017136700826	0.2289933975137684	0.4564200987421443	0.11371335061418794	bca	ok	0.95	2000	2000	74	26	26	pubchem_cid			95% BCa bootstrap CI clustered by PubChem compound; uncertainty is over the observed compound panel, not broader chemical space.	CVCL_0023
l1000_phase1	sciplex	peer_baseline_dataset_pair_line	pb_source_centroid_deg_lfc_spearman_pair_p05	mean_pb_source_centroid_deg_lfc_spearman_pair_p05	0.4086801990089099	0.31356506111916016	0.48363943317206215	0.085037186026451	bca	ok	0.95	2000	2000	74	67	67	pubchem_cid			95% BCa bootstrap CI clustered by PubChem compound; uncertainty is over the observed compound panel, not broader chemical space.	CVCL_0023
l1000_phase1	sciplex	peer_baseline_dataset_pair_line	pb_delta_vs_source_centroid_deg_lfc_spearman_p05	mean_pb_delta_vs_source_centroid_deg_lfc_spearman_p05	-0.13957341544387408	-0.27124145881782796	-0.04512763873800369	0.11305691003991214	bca	ok	0.95	2000	2000	74	26	26	pubchem_cid			95% BCa bootstrap CI clustered by PubChem compound; uncertainty is over the observed compound panel, not broader chemical space.	CVCL_0023
l1000_phase1	sciplex	peer_baseline_dataset_pair_line	pb_target_centroid_deg_lfc_spearman_pair_p05	mean_pb_target_centroid_deg_lfc_spearman_pair_p05	0.22680253709366757	0.1446125867678015	0.2992841591581945	0.0773357861951965	bca	ok	0.95	2000	2000	74	67	67	pubchem_cid			95% BCa bootstrap CI clustered by PubChem compound; uncertainty is over the observed compound panel, not broader chemical space.	CVCL_0023
l1000_phase1	sciplex	peer_baseline_dataset_pair_line	pb_delta_vs_target_centroid_deg_lfc_spearman_p05	mean_pb_delta_vs_target_centroid_deg_lfc_spearman_p05	0.014094100357991558	-0.13595662805349226	0.14419507676383964	0.14007585240866594	bca	ok	0.95	2000	2000	74	26	26	pubchem_cid			95% BCa bootstrap CI clustered by PubChem compound; uncertainty is over the observed compound panel, not broader chemical space.	CVCL_0023
l1000_phase1	sciplex	peer_baseline_dataset_pair_line	pb_source_peer_deg_lfc_spearman_pair_p05	mean_pb_source_peer_deg_lfc_spearman_pair_p05	0.05047935470722992	0.028407106066606076	0.07554374437635702	0.023568319154875474	bca	ok	0.95	2000	2000	74	67	67	pubchem_cid			95% BCa bootstrap CI clustered by PubChem compound; uncertainty is over the observed compound panel, not broader chemical space.	CVCL_0023
l1000_phase1	sciplex	peer_baseline_dataset_pair_line	pb_delta_vs_source_peer_deg_lfc_spearman_p05	mean_pb_delta_vs_source_peer_deg_lfc_spearman_p05	0.25309516675594257	0.1309994617763967	0.34139769777376877	0.10519911799868603	bca	ok	0.95	2000	2000	74	26	26	pubchem_cid			95% BCa bootstrap CI clustered by PubChem compound; uncertainty is over the observed compound panel, not broader chemical space.	CVCL_0023
l1000_phase1	sciplex	peer_baseline_dataset_pair_line	pb_source_peer_deg_lfc_spearman_pair_p05_sd_score	mean_pb_source_peer_deg_lfc_spearman_pair_p05_sd_score	0.3620789034484626	0.32741235464099977	0.40302476007242777	0.037806202715714	bca	ok	0.95	2000	2000	74	67	67	pubchem_cid			95% BCa bootstrap CI clustered by PubChem compound; uncertainty is over the observed compound panel, not broader chemical space.	CVCL_0023
l1000_phase1	sciplex	peer_baseline_dataset_pair_line	pb_source_peer_deg_lfc_spearman_pair_p05_fraction_below_observed	mean_pb_source_peer_deg_lfc_spearman_pair_p05_fraction_below_observed	0.6412834453340411	0.5719327936372797	0.6974596527998672	0.06276342958129377	bca	ok	0.95	2000	2000	74	67	67	pubchem_cid			95% BCa bootstrap CI clustered by PubChem compound; uncertainty is over the observed compound panel, not broader chemical space.	CVCL_0023
l1000_phase1	sciplex	peer_baseline_dataset_pair_line	pb_source_peer_deg_lfc_spearman_pair_p05_corrected_percentile	mean_pb_source_peer_deg_lfc_spearman_pair_p05_corrected_percentile	0.6433426335228456	0.5838416034968628	0.7022482334237534	0.05920331496344533	bca	ok	0.95	2000	2000	74	67	67	pubchem_cid			95% BCa bootstrap CI clustered by PubChem compound; uncertainty is over the observed compound panel, not broader chemical space.	CVCL_0023
l1000_phase1	sciplex	peer_baseline_dataset_pair_line	pb_target_peer_deg_lfc_spearman_pair_p05	mean_pb_target_peer_deg_lfc_spearman_pair_p05	0.056542323796329376	0.03799435506246008	0.0758091544022388	0.01890739966988936	bca	ok	0.95	2000	2000	74	67	67	pubchem_cid			95% BCa bootstrap CI clustered by PubChem compound; uncertainty is over the observed compound panel, not broader chemical space.	CVCL_0023
l1000_phase1	sciplex	peer_baseline_dataset_pair_line	pb_delta_vs_target_peer_deg_lfc_spearman_p05	mean_pb_delta_vs_target_peer_deg_lfc_spearman_p05	0.28794684072859106	0.16446251891293895	0.38380308249338063	0.10967028179022084	bca	ok	0.95	2000	2000	74	26	26	pubchem_cid			95% BCa bootstrap CI clustered by PubChem compound; uncertainty is over the observed compound panel, not broader chemical space.	CVCL_0023
l1000_phase1	sciplex	peer_baseline_dataset_pair_line	pb_target_peer_deg_lfc_spearman_pair_p05_sd_score	mean_pb_target_peer_deg_lfc_spearman_pair_p05_sd_score	0.29233696437056905	0.2541150008783121	0.3441493252315372	0.04501716217661253	bca	ok	0.95	2000	2000	74	67	67	pubchem_cid			95% BCa bootstrap CI clustered by PubChem compound; uncertainty is over the observed compound panel, not broader chemical space.	CVCL_0023
l1000_phase1	sciplex	peer_baseline_dataset_pair_line	pb_target_peer_deg_lfc_spearman_pair_p05_fraction_below_observed	mean_pb_target_peer_deg_lfc_spearman_pair_p05_fraction_below_observed	0.65527166985938	0.5804086177615508	0.725484952094383	0.07253816716641609	bca	ok	0.95	2000	2000	74	67	67	pubchem_cid			95% BCa bootstrap CI clustered by PubChem compound; uncertainty is over the observed compound panel, not broader chemical space.	CVCL_0023
l1000_phase1	sciplex	peer_baseline_dataset_pair_line	pb_target_peer_deg_lfc_spearman_pair_p05_corrected_percentile	mean_pb_target_peer_deg_lfc_spearman_pair_p05_corrected_percentile	0.6570968528326941	0.5836229269356733	0.7346400990808719	0.0755085860725993	bca	ok	0.95	2000	2000	74	67	67	pubchem_cid			95% BCa bootstrap CI clustered by PubChem compound; uncertainty is over the observed compound panel, not broader chemical space.	CVCL_0023
l1000_phase1	sciplex	peer_baseline_dataset_pair_line	pb_observed_direction_agreement_p05	mean_pb_observed_direction_agreement_p05	0.9107742037336586	0.8378450792036494	0.9559772622799829	0.059066091538166776	bca	ok	0.95	2000	2000	74	26	26	pubchem_cid			95% BCa bootstrap CI clustered by PubChem compound; uncertainty is over the observed compound panel, not broader chemical space.	CVCL_0023
l1000_phase1	sciplex	peer_baseline_dataset_pair_line	pb_source_centroid_direction_agreement_pair_p05	mean_pb_source_centroid_direction_agreement_pair_p05	0.6957878719679677	0.6465409394270184	0.735853746905967	0.044656403739474326	bca	ok	0.95	2000	2000	74	71	71	pubchem_cid			95% BCa bootstrap CI clustered by PubChem compound; uncertainty is over the observed compound panel, not broader chemical space.	CVCL_0023
l1000_phase1	sciplex	peer_baseline_dataset_pair_line	pb_delta_vs_source_centroid_direction_agreement_p05	mean_pb_delta_vs_source_centroid_direction_agreement_p05	0.15590900038295014	0.09320977669265304	0.2179528207283509	0.06237152201784893	bca	ok	0.95	2000	2000	74	26	26	pubchem_cid			95% BCa bootstrap CI clustered by PubChem compound; uncertainty is over the observed compound panel, not broader chemical space.	CVCL_0023
l1000_phase1	sciplex	peer_baseline_dataset_pair_line	pb_target_centroid_direction_agreement_pair_p05	mean_pb_target_centroid_direction_agreement_pair_p05	0.6288940936624215	0.5867859428209485	0.6718028930071002	0.042508475093075815	bca	ok	0.95	2000	2000	74	71	71	pubchem_cid			95% BCa bootstrap CI clustered by PubChem compound; uncertainty is over the observed compound panel, not broader chemical space.	CVCL_0023
l1000_phase1	sciplex	peer_baseline_dataset_pair_line	pb_delta_vs_target_centroid_direction_agreement_p05	mean_pb_delta_vs_target_centroid_direction_agreement_p05	0.23527248085549884	0.17360166505367572	0.29263881132235187	0.059518573134338074	bca	ok	0.95	2000	2000	74	26	26	pubchem_cid			95% BCa bootstrap CI clustered by PubChem compound; uncertainty is over the observed compound panel, not broader chemical space.	CVCL_0023
l1000_phase1	sciplex	peer_baseline_dataset_pair_line	pb_source_peer_direction_agreement_pair_p05	mean_pb_source_peer_direction_agreement_pair_p05	0.543376276619497	0.5315854049468292	0.5571270391715846	0.012770817112377708	bca	ok	0.95	2000	2000	74	26	26	pubchem_cid			95% BCa bootstrap CI clustered by PubChem compound; uncertainty is over the observed compound panel, not broader chemical space.	CVCL_0023
l1000_phase1	sciplex	peer_baseline_dataset_pair_line	pb_delta_vs_source_peer_direction_agreement_p05	mean_pb_delta_vs_source_peer_direction_agreement_p05	0.3673979271141616	0.3035432798507006	0.41288884270060633	0.054672781424952854	bca	ok	0.95	2000	2000	74	26	26	pubchem_cid			95% BCa bootstrap CI clustered by PubChem compound; uncertainty is over the observed compound panel, not broader chemical space.	CVCL_0023
l1000_phase1	sciplex	peer_baseline_dataset_pair_line	pb_source_peer_direction_agreement_pair_p05_sd_score	mean_pb_source_peer_direction_agreement_pair_p05_sd_score	0.18423198864780335	0.16138250957829622	0.21920537787040925	0.028911434146056514	bca	ok	0.95	2000	2000	74	26	26	pubchem_cid			95% BCa bootstrap CI clustered by PubChem compound; uncertainty is over the observed compound panel, not broader chemical space.	CVCL_0023
l1000_phase1	sciplex	peer_baseline_dataset_pair_line	pb_source_peer_direction_agreement_pair_p05_fraction_below_observed	mean_pb_source_peer_direction_agreement_pair_p05_fraction_below_observed	0.8774910479458256	0.8021310853570922	0.9254408240981266	0.061654869370517174	bca	ok	0.95	2000	2000	74	26	26	pubchem_cid			95% BCa bootstrap CI clustered by PubChem compound; uncertainty is over the observed compound panel, not broader chemical space.	CVCL_0023
l1000_phase1	sciplex	peer_baseline_dataset_pair_line	pb_source_peer_direction_agreement_pair_p05_corrected_percentile	mean_pb_source_peer_direction_agreement_pair_p05_corrected_percentile	0.8781187115312451	0.8046768269510918	0.9289009056118601	0.06211203933038417	bca	ok	0.95	2000	2000	74	26	26	pubchem_cid			95% BCa bootstrap CI clustered by PubChem compound; uncertainty is over the observed compound panel, not broader chemical space.	CVCL_0023
l1000_phase1	sciplex	peer_baseline_dataset_pair_line	pb_target_peer_direction_agreement_pair_p05	mean_pb_target_peer_direction_agreement_pair_p05	0.5227621435499556	0.5123707788111913	0.5330667718609984	0.010347996524903535	bca	ok	0.95	2000	2000	74	26	26	pubchem_cid			95% BCa bootstrap CI clustered by PubChem compound; uncertainty is over the observed compound panel, not broader chemical space.	CVCL_0023
l1000_phase1	sciplex	peer_baseline_dataset_pair_line	pb_delta_vs_target_peer_direction_agreement_p05	mean_pb_delta_vs_target_peer_direction_agreement_p05	0.3880120601837028	0.32190933506914626	0.43548444327059754	0.05678755410072564	bca	ok	0.95	2000	2000	74	26	26	pubchem_cid			95% BCa bootstrap CI clustered by PubChem compound; uncertainty is over the observed compound panel, not broader chemical space.	CVCL_0023
l1000_phase1	sciplex	peer_baseline_dataset_pair_line	pb_target_peer_direction_agreement_pair_p05_sd_score	mean_pb_target_peer_direction_agreement_pair_p05_sd_score	0.14146447768804396	0.11605762892174748	0.17545301189294596	0.02969769148559924	bca	ok	0.95	2000	2000	74	26	26	pubchem_cid			95% BCa bootstrap CI clustered by PubChem compound; uncertainty is over the observed compound panel, not broader chemical space.	CVCL_0023
l1000_phase1	sciplex	peer_baseline_dataset_pair_line	pb_target_peer_direction_agreement_pair_p05_fraction_below_observed	mean_pb_target_peer_direction_agreement_pair_p05_fraction_below_observed	0.9101205300670417	0.8415170248109538	0.9513453735788784	0.05491417438396229	bca	ok	0.95	2000	2000	74	26	26	pubchem_cid			95% BCa bootstrap CI clustered by PubChem compound; uncertainty is over the observed compound panel, not broader chemical space.	CVCL_0023
l1000_phase1	sciplex	peer_baseline_dataset_pair_line	pb_target_peer_direction_agreement_pair_p05_corrected_percentile	mean_pb_target_peer_direction_agreement_pair_p05_corrected_percentile	0.9105635878761202	0.8401347266955459	0.9503269933451943	0.055096133324824215	bca	ok	0.95	2000	2000	74	26	26	pubchem_cid			95% BCa bootstrap CI clustered by PubChem compound; uncertainty is over the observed compound panel, not broader chemical space.	CVCL_0023
l1000_phase1	sciplex	peer_baseline_dataset_pair_line	pb_observed_deg_lfc_spearman_p05	mean_pb_observed_deg_lfc_spearman_p05	0.42196830544082525	0.35857830828291215	0.4809695420866433	0.06119561690186556	bca	ok	0.95	2000	2000	88	45	45	pubchem_cid			95% BCa bootstrap CI clustered by PubChem compound; uncertainty is over the observed compound panel, not broader chemical space.	CVCL_0031
l1000_phase1	sciplex	peer_baseline_dataset_pair_line	pb_source_centroid_deg_lfc_spearman_pair_p05	mean_pb_source_centroid_deg_lfc_spearman_pair_p05	0.5305749986817274	0.4548992528139239	0.589698133414555	0.06739944030031556	bca	ok	0.95	2000	2000	88	80	80	pubchem_cid			95% BCa bootstrap CI clustered by PubChem compound; uncertainty is over the observed compound panel, not broader chemical space.	CVCL_0031
l1000_phase1	sciplex	peer_baseline_dataset_pair_line	pb_delta_vs_source_centroid_deg_lfc_spearman_p05	mean_pb_delta_vs_source_centroid_deg_lfc_spearman_p05	-0.2165250014803658	-0.2839885786434807	-0.15426212127960562	0.06486322868193754	bca	ok	0.95	2000	2000	88	45	45	pubchem_cid			95% BCa bootstrap CI clustered by PubChem compound; uncertainty is over the observed compound panel, not broader chemical space.	CVCL_0031
l1000_phase1	sciplex	peer_baseline_dataset_pair_line	pb_target_centroid_deg_lfc_spearman_pair_p05	mean_pb_target_centroid_deg_lfc_spearman_pair_p05	0.28956258727522144	0.2162577019184551	0.3533484551528625	0.06854537661720371	bca	ok	0.95	2000	2000	88	80	80	pubchem_cid			95% BCa bootstrap CI clustered by PubChem compound; uncertainty is over the observed compound panel, not broader chemical space.	CVCL_0031
l1000_phase1	sciplex	peer_baseline_dataset_pair_line	pb_delta_vs_target_centroid_deg_lfc_spearman_p05	mean_pb_delta_vs_target_centroid_deg_lfc_spearman_p05	0.06619217559412015	-0.009426936168548576	0.1338300266698866	0.0716284814192176	bca	ok	0.95	2000	2000	88	45	45	pubchem_cid			95% BCa bootstrap CI clustered by PubChem compound; uncertainty is over the observed compound panel, not broader chemical space.	CVCL_0031
l1000_phase1	sciplex	peer_baseline_dataset_pair_line	pb_source_peer_deg_lfc_spearman_pair_p05	mean_pb_source_peer_deg_lfc_spearman_pair_p05	0.13570613703602524	0.11164389024714338	0.15874597522338482	0.02355104248812072	bca	ok	0.95	2000	2000	88	80	80	pubchem_cid			95% BCa bootstrap CI clustered by PubChem compound; uncertainty is over the observed compound panel, not broader chemical space.	CVCL_0031
l1000_phase1	sciplex	peer_baseline_dataset_pair_line	pb_delta_vs_source_peer_deg_lfc_spearman_p05	mean_pb_delta_vs_source_peer_deg_lfc_spearman_p05	0.23208253878048488	0.1655755413384195	0.29345299154241977	0.06393872510200013	bca	ok	0.95	2000	2000	88	45	45	pubchem_cid			95% BCa bootstrap CI clustered by PubChem compound; uncertainty is over the observed compound panel, not broader chemical space.	CVCL_0031
l1000_phase1	sciplex	peer_baseline_dataset_pair_line	pb_source_peer_deg_lfc_spearman_pair_p05_sd_score	mean_pb_source_peer_deg_lfc_spearman_pair_p05_sd_score	0.36389735315727467	0.33467450320959813	0.40538490663916116	0.035355201714781515	bca	ok	0.95	2000	2000	88	80	80	pubchem_cid			95% BCa bootstrap CI clustered by PubChem compound; uncertainty is over the observed compound panel, not broader chemical space.	CVCL_0031
l1000_phase1	sciplex	peer_baseline_dataset_pair_line	pb_source_peer_deg_lfc_spearman_pair_p05_fraction_below_observed	mean_pb_source_peer_deg_lfc_spearman_pair_p05_fraction_below_observed	0.613130942621191	0.5604459977190247	0.6652836231704405	0.05241881272570792	bca	ok	0.95	2000	2000	88	80	80	pubchem_cid			95% BCa bootstrap CI clustered by PubChem compound; uncertainty is over the observed compound panel, not broader chemical space.	CVCL_0031
l1000_phase1	sciplex	peer_baseline_dataset_pair_line	pb_source_peer_deg_lfc_spearman_pair_p05_corrected_percentile	mean_pb_source_peer_deg_lfc_spearman_pair_p05_corrected_percentile	0.6166519118378229	0.5617516038102176	0.6668042190161831	0.05252630760298277	bca	ok	0.95	2000	2000	88	80	80	pubchem_cid			95% BCa bootstrap CI clustered by PubChem compound; uncertainty is over the observed compound panel, not broader chemical space.	CVCL_0031
l1000_phase1	sciplex	peer_baseline_dataset_pair_line	pb_target_peer_deg_lfc_spearman_pair_p05	mean_pb_target_peer_deg_lfc_spearman_pair_p05	0.07916438876921614	0.05914191625000086	0.09831401032978758	0.019586047039893358	bca	ok	0.95	2000	2000	88	80	80	pubchem_cid			95% BCa bootstrap CI clustered by PubChem compound; uncertainty is over the observed compound panel, not broader chemical space.	CVCL_0031
l1000_phase1	sciplex	peer_baseline_dataset_pair_line	pb_delta_vs_target_peer_deg_lfc_spearman_p05	mean_pb_delta_vs_target_peer_deg_lfc_spearman_p05	0.32641617065245704	0.2594585450621851	0.3874908325270086	0.06401614373241177	bca	ok	0.95	2000	2000	88	45	45	pubchem_cid			95% BCa bootstrap CI clustered by PubChem compound; uncertainty is over the observed compound panel, not broader chemical space.	CVCL_0031
l1000_phase1	sciplex	peer_baseline_dataset_pair_line	pb_target_peer_deg_lfc_spearman_pair_p05_sd_score	mean_pb_target_peer_deg_lfc_spearman_pair_p05_sd_score	0.2984982205153175	0.2599438925350041	0.3412188549669976	0.04063748121599675	bca	ok	0.95	2000	2000	88	80	80	pubchem_cid			95% BCa bootstrap CI clustered by PubChem compound; uncertainty is over the observed compound panel, not broader chemical space.	CVCL_0031
l1000_phase1	sciplex	peer_baseline_dataset_pair_line	pb_target_peer_deg_lfc_spearman_pair_p05_fraction_below_observed	mean_pb_target_peer_deg_lfc_spearman_pair_p05_fraction_below_observed	0.6796703049493346	0.6152140412144144	0.7308281436878559	0.05780705123672075	bca	ok	0.95	2000	2000	88	80	80	pubchem_cid			95% BCa bootstrap CI clustered by PubChem compound; uncertainty is over the observed compound panel, not broader chemical space.	CVCL_0031
l1000_phase1	sciplex	peer_baseline_dataset_pair_line	pb_target_peer_deg_lfc_spearman_pair_p05_corrected_percentile	mean_pb_target_peer_deg_lfc_spearman_pair_p05_corrected_percentile	0.6813662799246704	0.6247144984359055	0.7394204740411299	0.057352987802612165	bca	ok	0.95	2000	2000	88	80	80	pubchem_cid			95% BCa bootstrap CI clustered by PubChem compound; uncertainty is over the observed compound panel, not broader chemical space.	CVCL_0031
l1000_phase1	sciplex	peer_baseline_dataset_pair_line	pb_observed_direction_agreement_p05	mean_pb_observed_direction_agreement_p05	0.8763216327765455	0.8094234368113827	0.9176068839603084	0.05409172357446285	bca	ok	0.95	2000	2000	88	40	40	pubchem_cid			95% BCa bootstrap CI clustered by PubChem compound; uncertainty is over the observed compound panel, not broader chemical space.	CVCL_0031
l1000_phase1	sciplex	peer_baseline_dataset_pair_line	pb_source_centroid_direction_agreement_pair_p05	mean_pb_source_centroid_direction_agreement_pair_p05	0.7480699920301179	0.7095120129715592	0.7807378549669389	0.03561292099768987	bca	ok	0.95	2000	2000	88	84	84	pubchem_cid			95% BCa bootstrap CI clustered by PubChem compound; uncertainty is over the observed compound panel, not broader chemical space.	CVCL_0031
l1000_phase1	sciplex	peer_baseline_dataset_pair_line	pb_delta_vs_source_centroid_direction_agreement_p05	mean_pb_delta_vs_source_centroid_direction_agreement_p05	0.11409411338804301	0.04329833005645039	0.17429181800758228	0.06549674397556594	bca	ok	0.95	2000	2000	88	40	40	pubchem_cid			95% BCa bootstrap CI clustered by PubChem compound; uncertainty is over the observed compound panel, not broader chemical space.	CVCL_0031
l1000_phase1	sciplex	peer_baseline_dataset_pair_line	pb_target_centroid_direction_agreement_pair_p05	mean_pb_target_centroid_direction_agreement_pair_p05	0.6289982842223395	0.5905372310821927	0.6601420796136324	0.034802424265719833	bca	ok	0.95	2000	2000	88	84	84	pubchem_cid			95% BCa bootstrap CI clustered by PubChem compound; uncertainty is over the observed compound panel, not broader chemical space.	CVCL_0031
l1000_phase1	sciplex	peer_baseline_dataset_pair_line	pb_delta_vs_target_centroid_direction_agreement_p05	mean_pb_delta_vs_target_centroid_direction_agreement_p05	0.21582134288309157	0.15896512368538898	0.26223560280508534	0.05163523955984818	bca	ok	0.95	2000	2000	88	40	40	pubchem_cid			95% BCa bootstrap CI clustered by PubChem compound; uncertainty is over the observed compound panel, not broader chemical space.	CVCL_0031
l1000_phase1	sciplex	peer_baseline_dataset_pair_line	pb_source_peer_direction_agreement_pair_p05	mean_pb_source_peer_direction_agreement_pair_p05	0.5874968696344549	0.5792861629081906	0.5971952146600387	0.008954525875924046	bca	ok	0.95	2000	2000	88	40	40	pubchem_cid			95% BCa bootstrap CI clustered by PubChem compound; uncertainty is over the observed compound panel, not broader chemical space.	CVCL_0031
l1000_phase1	sciplex	peer_baseline_dataset_pair_line	pb_delta_vs_source_peer_direction_agreement_p05	mean_pb_delta_vs_source_peer_direction_agreement_p05	0.2888247631420907	0.22188323567496143	0.3324804087195049	0.05529858652227174	bca	ok	0.95	2000	2000	88	40	40	pubchem_cid			95% BCa bootstrap CI clustered by PubChem compound; uncertainty is over the observed compound panel, not broader chemical space.	CVCL_0031
l1000_phase1	sciplex	peer_baseline_dataset_pair_line	pb_source_peer_direction_agreement_pair_p05_sd_score	mean_pb_source_peer_direction_agreement_pair_p05_sd_score	0.14870851505059623	0.13499113661558906	0.1664738796763596	0.015741371530385267	bca	ok	0.95	2000	2000	88	40	40	pubchem_cid			95% BCa bootstrap CI clustered by PubChem compound; uncertainty is over the observed compound panel, not broader chemical space.	CVCL_0031
l1000_phase1	sciplex	peer_baseline_dataset_pair_line	pb_source_peer_direction_agreement_pair_p05_fraction_below_observed	mean_pb_source_peer_direction_agreement_pair_p05_fraction_below_observed	0.8672326908992005	0.7782685800841838	0.9201768625023302	0.07095414120907323	bca	ok	0.95	2000	2000	88	40	40	pubchem_cid			95% BCa bootstrap CI clustered by PubChem compound; uncertainty is over the observed compound panel, not broader chemical space.	CVCL_0031
l1000_phase1	sciplex	peer_baseline_dataset_pair_line	pb_source_peer_direction_agreement_pair_p05_corrected_percentile	mean_pb_source_peer_direction_agreement_pair_p05_corrected_percentile	0.8686285935340745	0.7810520257167284	0.9235297065207748	0.07123884040202322	bca	ok	0.95	2000	2000	88	40	40	pubchem_cid			95% BCa bootstrap CI clustered by PubChem compound; uncertainty is over the observed compound panel, not broader chemical space.	CVCL_0031
l1000_phase1	sciplex	peer_baseline_dataset_pair_line	pb_target_peer_direction_agreement_pair_p05	mean_pb_target_peer_direction_agreement_pair_p05	0.5433928776816146	0.5355632915758451	0.5613500263029774	0.01289336736356611	bca	ok	0.95	2000	2000	88	40	40	pubchem_cid			95% BCa bootstrap CI clustered by PubChem compound; uncertainty is over the observed compound panel, not broader chemical space.	CVCL_0031
l1000_phase1	sciplex	peer_baseline_dataset_pair_line	pb_delta_vs_target_peer_direction_agreement_p05	mean_pb_delta_vs_target_peer_direction_agreement_p05	0.33292875509493114	0.2729021793429224	0.3756693879704247	0.05138360431375116	bca	ok	0.95	2000	2000	88	40	40	pubchem_cid			95% BCa bootstrap CI clustered by PubChem compound; uncertainty is over the observed compound panel, not broader chemical space.	CVCL_0031
l1000_phase1	sciplex	peer_baseline_dataset_pair_line	pb_target_peer_direction_agreement_pair_p05_sd_score	mean_pb_target_peer_direction_agreement_pair_p05_sd_score	0.1079349434841976	0.09305542930953366	0.12972777168447094	0.018336171187468643	bca	ok	0.95	2000	2000	88	40	40	pubchem_cid			95% BCa bootstrap CI clustered by PubChem compound; uncertainty is over the observed compound panel, not broader chemical space.	CVCL_0031
l1000_phase1	sciplex	peer_baseline_dataset_pair_line	pb_target_peer_direction_agreement_pair_p05_fraction_below_observed	mean_pb_target_peer_direction_agreement_pair_p05_fraction_below_observed	0.8977898411977154	0.8089564250903896	0.9452901198108098	0.06816684736021011	bca	ok	0.95	2000	2000	88	40	40	pubchem_cid			95% BCa bootstrap CI clustered by PubChem compound; uncertainty is over the observed compound panel, not broader chemical space.	CVCL_0031
l1000_phase1	sciplex	peer_baseline_dataset_pair_line	pb_target_peer_direction_agreement_pair_p05_corrected_percentile	mean_pb_target_peer_direction_agreement_pair_p05_corrected_percentile	0.8988389501302759	0.8129050509813412	0.9468706296249333	0.06698278932179602	bca	ok	0.95	2000	2000	88	40	40	pubchem_cid			95% BCa bootstrap CI clustered by PubChem compound; uncertainty is over the observed compound panel, not broader chemical space.	CVCL_0031
l1000_phase1	tahoe	peer_baseline_dataset_pair_line	pb_observed_deg_lfc_spearman_p05	mean_pb_observed_deg_lfc_spearman_p05	0.19044005746928527	0.09065952436359655	0.2767362360791238	0.09303835585776363	bca	ok	0.95	2000	2000	83	36	36	pubchem_cid			95% BCa bootstrap CI clustered by PubChem compound; uncertainty is over the observed compound panel, not broader chemical space.	CVCL_0023
l1000_phase1	tahoe	peer_baseline_dataset_pair_line	pb_source_centroid_deg_lfc_spearman_pair_p05	mean_pb_source_centroid_deg_lfc_spearman_pair_p05	0.33255378454602735	0.22904825621723218	0.4123010652656836	0.09162640452422571	bca	ok	0.95	2000	2000	83	77	77	pubchem_cid			95% BCa bootstrap CI clustered by PubChem compound; uncertainty is over the observed compound panel, not broader chemical space.	CVCL_0023
l1000_phase1	tahoe	peer_baseline_dataset_pair_line	pb_delta_vs_source_centroid_deg_lfc_spearman_p05	mean_pb_delta_vs_source_centroid_deg_lfc_spearman_p05	-0.20358604125200194	-0.3405155472832131	-0.07383527352579514	0.133340136878709	bca	ok	0.95	2000	2000	83	36	36	pubchem_cid			95% BCa bootstrap CI clustered by PubChem compound; uncertainty is over the observed compound panel, not broader chemical space.	CVCL_0023
l1000_phase1	tahoe	peer_baseline_dataset_pair_line	pb_target_centroid_deg_lfc_spearman_pair_p05	mean_pb_target_centroid_deg_lfc_spearman_pair_p05	-0.03170771738565992	-0.11214751001083971	0.05190068645695851	0.08202409823389911	bca	ok	0.95	2000	2000	83	77	77	pubchem_cid			95% BCa bootstrap CI clustered by PubChem compound; uncertainty is over the observed compound panel, not broader chemical space.	CVCL_0023
l1000_phase1	tahoe	peer_baseline_dataset_pair_line	pb_delta_vs_target_centroid_deg_lfc_spearman_p05	mean_pb_delta_vs_target_centroid_deg_lfc_spearman_p05	0.17003476177136512	0.07225690690911779	0.2873279172138331	0.10753550515235766	bca	ok	0.95	2000	2000	83	36	36	pubchem_cid			95% BCa bootstrap CI clustered by PubChem compound; uncertainty is over the observed compound panel, not broader chemical space.	CVCL_0023
l1000_phase1	tahoe	peer_baseline_dataset_pair_line	pb_source_peer_deg_lfc_spearman_pair_p05	mean_pb_source_peer_deg_lfc_spearman_pair_p05	0.07094298480142607	0.04589225803354567	0.099370610193323	0.02673917607988866	bca	ok	0.95	2000	2000	83	77	77	pubchem_cid			95% BCa bootstrap CI clustered by PubChem compound; uncertainty is over the observed compound panel, not broader chemical space.	CVCL_0023
l1000_phase1	tahoe	peer_baseline_dataset_pair_line	pb_delta_vs_source_peer_deg_lfc_spearman_p05	mean_pb_delta_vs_source_peer_deg_lfc_spearman_p05	0.05528304498428818	-0.05807203768171236	0.1596191317774055	0.10884558472955894	bca	ok	0.95	2000	2000	83	36	36	pubchem_cid			95% BCa bootstrap CI clustered by PubChem compound; uncertainty is over the observed compound panel, not broader chemical space.	CVCL_0023
l1000_phase1	tahoe	peer_baseline_dataset_pair_line	pb_source_peer_deg_lfc_spearman_pair_p05_sd_score	mean_pb_source_peer_deg_lfc_spearman_pair_p05_sd_score	0.40500360977024774	0.3637274897338643	0.4527334249627333	0.04450296761443448	bca	ok	0.95	2000	2000	83	77	77	pubchem_cid			95% BCa bootstrap CI clustered by PubChem compound; uncertainty is over the observed compound panel, not broader chemical space.	CVCL_0023
l1000_phase1	tahoe	peer_baseline_dataset_pair_line	pb_source_peer_deg_lfc_spearman_pair_p05_fraction_below_observed	mean_pb_source_peer_deg_lfc_spearman_pair_p05_fraction_below_observed	0.5402026974206752	0.4716643983165612	0.6024081532238188	0.0653718774536288	bca	ok	0.95	2000	2000	83	77	77	pubchem_cid			95% BCa bootstrap CI clustered by PubChem compound; uncertainty is over the observed compound panel, not broader chemical space.	CVCL_0023
l1000_phase1	tahoe	peer_baseline_dataset_pair_line	pb_source_peer_deg_lfc_spearman_pair_p05_corrected_percentile	mean_pb_source_peer_deg_lfc_spearman_pair_p05_corrected_percentile	0.5424963339453447	0.4744940740197516	0.6045739640281559	0.06503994500420215	bca	ok	0.95	2000	2000	83	77	77	pubchem_cid			95% BCa bootstrap CI clustered by PubChem compound; uncertainty is over the observed compound panel, not broader chemical space.	CVCL_0023
l1000_phase1	tahoe	peer_baseline_dataset_pair_line	pb_target_peer_deg_lfc_spearman_pair_p05	mean_pb_target_peer_deg_lfc_spearman_pair_p05	-0.007871524642204754	-0.03157742532451627	0.007993021191061959	0.019785223257789114	bca	ok	0.95	2000	2000	83	77	77	pubchem_cid			95% BCa bootstrap CI clustered by PubChem compound; uncertainty is over the observed compound panel, not broader chemical space.	CVCL_0023
l1000_phase1	tahoe	peer_baseline_dataset_pair_line	pb_delta_vs_target_peer_deg_lfc_spearman_p05	mean_pb_delta_vs_target_peer_deg_lfc_spearman_p05	0.17075417159517636	0.07115718505856597	0.25403927179053676	0.0914410433659854	bca	ok	0.95	2000	2000	83	36	36	pubchem_cid			95% BCa bootstrap CI clustered by PubChem compound; uncertainty is over the observed compound panel, not broader chemical space.	CVCL_0023
l1000_phase1	tahoe	peer_baseline_dataset_pair_line	pb_target_peer_deg_lfc_spearman_pair_p05_sd_score	mean_pb_target_peer_deg_lfc_spearman_pair_p05_sd_score	0.3429456271329578	0.2983733957739873	0.39597807906137483	0.048802341643693764	bca	ok	0.95	2000	2000	83	77	77	pubchem_cid			95% BCa bootstrap CI clustered by PubChem compound; uncertainty is over the observed compound panel, not broader chemical space.	CVCL_0023
l1000_phase1	tahoe	peer_baseline_dataset_pair_line	pb_target_peer_deg_lfc_spearman_pair_p05_fraction_below_observed	mean_pb_target_peer_deg_lfc_spearman_pair_p05_fraction_below_observed	0.6268113893747105	0.5545063718912248	0.6988603338730885	0.0721769809909319	bca	ok	0.95	2000	2000	83	77	77	pubchem_cid			95% BCa bootstrap CI clustered by PubChem compound; uncertainty is over the observed compound panel, not broader chemical space.	CVCL_0023
l1000_phase1	tahoe	peer_baseline_dataset_pair_line	pb_target_peer_deg_lfc_spearman_pair_p05_corrected_percentile	mean_pb_target_peer_deg_lfc_spearman_pair_p05_corrected_percentile	0.6277907523839757	0.5534852414936897	0.6976753236842317	0.07209504109527098	bca	ok	0.95	2000	2000	83	77	77	pubchem_cid			95% BCa bootstrap CI clustered by PubChem compound; uncertainty is over the observed compound panel, not broader chemical space.	CVCL_0023
l1000_phase1	tahoe	peer_baseline_dataset_pair_line	pb_observed_direction_agreement_p05	mean_pb_observed_direction_agreement_p05	0.7098703901244506	0.5543481387577033	0.8160019959666011	0.1308269286044489	bca	ok	0.95	2000	2000	83	22	22	pubchem_cid			95% BCa bootstrap CI clustered by PubChem compound; uncertainty is over the observed compound panel, not broader chemical space.	CVCL_0023
l1000_phase1	tahoe	peer_baseline_dataset_pair_line	pb_source_centroid_direction_agreement_pair_p05	mean_pb_source_centroid_direction_agreement_pair_p05	0.7219181223167929	0.679213729509745	0.7605233772686285	0.04065482387944175	bca	ok	0.95	2000	2000	83	82	82	pubchem_cid			95% BCa bootstrap CI clustered by PubChem compound; uncertainty is over the observed compound panel, not broader chemical space.	CVCL_0023
l1000_phase1	tahoe	peer_baseline_dataset_pair_line	pb_delta_vs_source_centroid_direction_agreement_p05	mean_pb_delta_vs_source_centroid_direction_agreement_p05	-0.0336630780646642	-0.18483767346170252	0.08906645136683168	0.1369520624142671	bca	ok	0.95	2000	2000	83	22	22	pubchem_cid			95% BCa bootstrap CI clustered by PubChem compound; uncertainty is over the observed compound panel, not broader chemical space.	CVCL_0023
l1000_phase1	tahoe	peer_baseline_dataset_pair_line	pb_target_centroid_direction_agreement_pair_p05	mean_pb_target_centroid_direction_agreement_pair_p05	0.49474113473629905	0.44999028085888365	0.5363416432533782	0.04317568119724727	bca	ok	0.95	2000	2000	83	82	82	pubchem_cid			95% BCa bootstrap CI clustered by PubChem compound; uncertainty is over the observed compound panel, not broader chemical space.	CVCL_0023
l1000_phase1	tahoe	peer_baseline_dataset_pair_line	pb_delta_vs_target_centroid_direction_agreement_p05	mean_pb_delta_vs_target_centroid_direction_agreement_p05	0.20553468710997053	0.05891114258906109	0.31887202754766886	0.12998044247930388	bca	ok	0.95	2000	2000	83	22	22	pubchem_cid			95% BCa bootstrap CI clustered by PubChem compound; uncertainty is over the observed compound panel, not broader chemical space.	CVCL_0023
l1000_phase1	tahoe	peer_baseline_dataset_pair_line	pb_source_peer_direction_agreement_pair_p05	mean_pb_source_peer_direction_agreement_pair_p05	0.5833590396259577	0.5659132806003809	0.6014891626051058	0.017787941002362417	bca	ok	0.95	2000	2000	83	22	22	pubchem_cid			95% BCa bootstrap CI clustered by PubChem compound; uncertainty is over the observed compound panel, not broader chemical space.	CVCL_0023
l1000_phase1	tahoe	peer_baseline_dataset_pair_line	pb_delta_vs_source_peer_direction_agreement_p05	mean_pb_delta_vs_source_peer_direction_agreement_p05	0.12651135049849282	-0.027955669076427825	0.2413953015419056	0.13467548530916673	bca	ok	0.95	2000	2000	83	22	22	pubchem_cid			95% BCa bootstrap CI clustered by PubChem compound; uncertainty is over the observed compound panel, not broader chemical space.	CVCL_0023
l1000_phase1	tahoe	peer_baseline_dataset_pair_line	pb_source_peer_direction_agreement_pair_p05_sd_score	mean_pb_source_peer_direction_agreement_pair_p05_sd_score	0.12632532894898577	0.11283603301268896	0.14311114681652884	0.015137556901919938	bca	ok	0.95	2000	2000	83	22	22	pubchem_cid			95% BCa bootstrap CI clustered by PubChem compound; uncertainty is over the observed compound panel, not broader chemical space.	CVCL_0023
l1000_phase1	tahoe	peer_baseline_dataset_pair_line	pb_source_peer_direction_agreement_pair_p05_fraction_below_observed	mean_pb_source_peer_direction_agreement_pair_p05_fraction_below_observed	0.7120925356978618	0.5159061290702441	0.8435522033073817	0.16382303711856877	bca	ok	0.95	2000	2000	83	22	22	pubchem_cid			95% BCa bootstrap CI clustered by PubChem compound; uncertainty is over the observed compound panel, not broader chemical space.	CVCL_0023
l1000_phase1	tahoe	peer_baseline_dataset_pair_line	pb_source_peer_direction_agreement_pair_p05_corrected_percentile	mean_pb_source_peer_direction_agreement_pair_p05_corrected_percentile	0.7128821337579774	0.5265208270172801	0.8495669287702645	0.1615230508764922	bca	ok	0.95	2000	2000	83	22	22	pubchem_cid			95% BCa bootstrap CI clustered by PubChem compound; uncertainty is over the observed compound panel, not broader chemical space.	CVCL_0023
l1000_phase1	tahoe	peer_baseline_dataset_pair_line	pb_target_peer_direction_agreement_pair_p05	mean_pb_target_peer_direction_agreement_pair_p05	0.5079564175590303	0.50050561890336	0.5149566812424269	0.00722553116953345	bca	ok	0.95	2000	2000	83	22	22	pubchem_cid			95% BCa bootstrap CI clustered by PubChem compound; uncertainty is over the observed compound panel, not broader chemical space.	CVCL_0023
l1000_phase1	tahoe	peer_baseline_dataset_pair_line	pb_delta_vs_target_peer_direction_agreement_p05	mean_pb_delta_vs_target_peer_direction_agreement_p05	0.20191397256542007	0.054652854641312115	0.3135198880264767	0.1294335166925823	bca	ok	0.95	2000	2000	83	22	22	pubchem_cid			95% BCa bootstrap CI clustered by PubChem compound; uncertainty is over the observed compound panel, not broader chemical space.	CVCL_0023
l1000_phase1	tahoe	peer_baseline_dataset_pair_line	pb_target_peer_direction_agreement_pair_p05_sd_score	mean_pb_target_peer_direction_agreement_pair_p05_sd_score	0.09342417336639057	0.07927826267704689	0.11311691584559291	0.01691932658427301	bca	ok	0.95	2000	2000	83	22	22	pubchem_cid			95% BCa bootstrap CI clustered by PubChem compound; uncertainty is over the observed compound panel, not broader chemical space.	CVCL_0023
l1000_phase1	tahoe	peer_baseline_dataset_pair_line	pb_target_peer_direction_agreement_pair_p05_fraction_below_observed	mean_pb_target_peer_direction_agreement_pair_p05_fraction_below_observed	0.7830594560591867	0.5932068511918642	0.8968180860115822	0.15180561740985898	bca	ok	0.95	2000	2000	83	22	22	pubchem_cid			95% BCa bootstrap CI clustered by PubChem compound; uncertainty is over the observed compound panel, not broader chemical space.	CVCL_0023
l1000_phase1	tahoe	peer_baseline_dataset_pair_line	pb_target_peer_direction_agreement_pair_p05_corrected_percentile	mean_pb_target_peer_direction_agreement_pair_p05_corrected_percentile	0.7836481149879695	0.5888255477737585	0.901019830187186	0.15609714120671375	bca	ok	0.95	2000	2000	83	22	22	pubchem_cid			95% BCa bootstrap CI clustered by PubChem compound; uncertainty is over the observed compound panel, not broader chemical space.	CVCL_0023
l1000_phase1	tahoe	peer_baseline_dataset_pair_line	pb_observed_deg_lfc_spearman_p05	mean_pb_observed_deg_lfc_spearman_p05	0.1341720691585119	-0.25106797335957903	0.44006253749269975	0.34556525542613936	bca	ok	0.95	2000	2000	20	7	7	pubchem_cid			95% BCa bootstrap CI clustered by PubChem compound; uncertainty is over the observed compound panel, not broader chemical space.	CVCL_0320
l1000_phase1	tahoe	peer_baseline_dataset_pair_line	pb_source_centroid_deg_lfc_spearman_pair_p05	mean_pb_source_centroid_deg_lfc_spearman_pair_p05	0.4750706525852671	0.22821628056069268	0.6088842715984711	0.19033399551888924	bca	ok	0.95	2000	2000	20	17	17	pubchem_cid			95% BCa bootstrap CI clustered by PubChem compound; uncertainty is over the observed compound panel, not broader chemical space.	CVCL_0320
l1000_phase1	tahoe	peer_baseline_dataset_pair_line	pb_delta_vs_source_centroid_deg_lfc_spearman_p05	mean_pb_delta_vs_source_centroid_deg_lfc_spearman_p05	-0.42549615817563335	-0.8512045249937193	-0.1340526809176971	0.35857592203801114	bca	ok	0.95	2000	2000	20	7	7	pubchem_cid			95% BCa bootstrap CI clustered by PubChem compound; uncertainty is over the observed compound panel, not broader chemical space.	CVCL_0320
l1000_phase1	tahoe	peer_baseline_dataset_pair_line	pb_target_centroid_deg_lfc_spearman_pair_p05	mean_pb_target_centroid_deg_lfc_spearman_pair_p05	0.06418677386594007	-0.10993464697314623	0.23492479350027237	0.1724297202367093	bca	ok	0.95	2000	2000	20	18	18	pubchem_cid			95% BCa bootstrap CI clustered by PubChem compound; uncertainty is over the observed compound panel, not broader chemical space.	CVCL_0320
l1000_phase1	tahoe	peer_baseline_dataset_pair_line	pb_delta_vs_target_centroid_deg_lfc_spearman_p05	mean_pb_delta_vs_target_centroid_deg_lfc_spearman_p05	0.018113602583319073	-0.34159366419768306	0.2751251727529125	0.3083594184752978	bca	ok	0.95	2000	2000	20	7	7	pubchem_cid			95% BCa bootstrap CI clustered by PubChem compound; uncertainty is over the observed compound panel, not broader chemical space.	CVCL_0320
l1000_phase1	tahoe	peer_baseline_dataset_pair_line	pb_source_peer_deg_lfc_spearman_pair_p05	mean_pb_source_peer_deg_lfc_spearman_pair_p05	0.13018961442174784	0.06250090181663248	0.19993612749020173	0.06871761283678463	bca	ok	0.95	2000	2000	20	17	17	pubchem_cid			95% BCa bootstrap CI clustered by PubChem compound; uncertainty is over the observed compound panel, not broader chemical space.	CVCL_0320
l1000_phase1	tahoe	peer_baseline_dataset_pair_line	pb_delta_vs_source_peer_deg_lfc_spearman_p05	mean_pb_delta_vs_source_peer_deg_lfc_spearman_p05	-0.01820010255755568	-0.35779771132155724	0.24554730752626122	0.3016725094239092	bca	ok	0.95	2000	2000	20	7	7	pubchem_cid			95% BCa bootstrap CI clustered by PubChem compound; uncertainty is over the observed compound panel, not broader chemical space.	CVCL_0320
l1000_phase1	tahoe	peer_baseline_dataset_pair_line	pb_source_peer_deg_lfc_spearman_pair_p05_sd_score	mean_pb_source_peer_deg_lfc_spearman_pair_p05_sd_score	0.34693236408008366	0.2737308287445757	0.4489255673052123	0.0875973692803183	bca	ok	0.95	2000	2000	20	17	17	pubchem_cid			95% BCa bootstrap CI clustered by PubChem compound; uncertainty is over the observed compound panel, not broader chemical space.	CVCL_0320
l1000_phase1	tahoe	peer_baseline_dataset_pair_line	pb_source_peer_deg_lfc_spearman_pair_p05_fraction_below_observed	mean_pb_source_peer_deg_lfc_spearman_pair_p05_fraction_below_observed	0.568615059801588	0.4112510479795509	0.7228233338575678	0.15578614293900844	bca	ok	0.95	2000	2000	20	17	17	pubchem_cid			95% BCa bootstrap CI clustered by PubChem compound; uncertainty is over the observed compound panel, not broader chemical space.	CVCL_0320
l1000_phase1	tahoe	peer_baseline_dataset_pair_line	pb_source_peer_deg_lfc_spearman_pair_p05_corrected_percentile	mean_pb_source_peer_deg_lfc_spearman_pair_p05_corrected_percentile	0.5738527233904255	0.403648664141761	0.718425406452663	0.15738837115545098	bca	ok	0.95	2000	2000	20	17	17	pubchem_cid			95% BCa bootstrap CI clustered by PubChem compound; uncertainty is over the observed compound panel, not broader chemical space.	CVCL_0320
l1000_phase1	tahoe	peer_baseline_dataset_pair_line	pb_target_peer_deg_lfc_spearman_pair_p05	mean_pb_target_peer_deg_lfc_spearman_pair_p05	0.008429221570941831	-0.0640163549016394	0.05249212304766731	0.05825423897465336	bca	ok	0.95	2000	2000	20	18	18	pubchem_cid			95% BCa bootstrap CI clustered by PubChem compound; uncertainty is over the observed compound panel, not broader chemical space.	CVCL_0320
l1000_phase1	tahoe	peer_baseline_dataset_pair_line	pb_delta_vs_target_peer_deg_lfc_spearman_p05	mean_pb_delta_vs_target_peer_deg_lfc_spearman_p05	0.14850481585031705	-0.22438100784969325	0.4078260492471064	0.31610352854839985	bca	ok	0.95	2000	2000	20	7	7	pubchem_cid			95% BCa bootstrap CI clustered by PubChem compound; uncertainty is over the observed compound panel, not broader chemical space.	CVCL_0320
l1000_phase1	tahoe	peer_baseline_dataset_pair_line	pb_target_peer_deg_lfc_spearman_pair_p05_sd_score	mean_pb_target_peer_deg_lfc_spearman_pair_p05_sd_score	0.3220358445674925	0.23159289981654144	0.45328816736812094	0.11084763377578975	bca	ok	0.95	2000	2000	20	18	18	pubchem_cid			95% BCa bootstrap CI clustered by PubChem compound; uncertainty is over the observed compound panel, not broader chemical space.	CVCL_0320
l1000_phase1	tahoe	peer_baseline_dataset_pair_line	pb_target_peer_deg_lfc_spearman_pair_p05_fraction_below_observed	mean_pb_target_peer_deg_lfc_spearman_pair_p05_fraction_below_observed	0.7046558861592818	0.5454996273324972	0.8394007976993471	0.1469505851834249	bca	ok	0.95	2000	2000	20	18	18	pubchem_cid			95% BCa bootstrap CI clustered by PubChem compound; uncertainty is over the observed compound panel, not broader chemical space.	CVCL_0320
l1000_phase1	tahoe	peer_baseline_dataset_pair_line	pb_target_peer_deg_lfc_spearman_pair_p05_corrected_percentile	mean_pb_target_peer_deg_lfc_spearman_pair_p05_corrected_percentile	0.7053416855418295	0.5542317613063913	0.8295262104222675	0.1376472245579381	bca	ok	0.95	2000	2000	20	18	18	pubchem_cid			95% BCa bootstrap CI clustered by PubChem compound; uncertainty is over the observed compound panel, not broader chemical space.	CVCL_0320
l1000_phase1	tahoe	peer_baseline_dataset_pair_line	pb_observed_direction_agreement_p05	mean_pb_observed_direction_agreement_p05	0.9061524618859415	0.8299425971072806	0.975085910652921	0.07257165677282024	bca	ok	0.95	2000	2000	20	6	6	pubchem_cid			95% BCa bootstrap CI clustered by PubChem compound; uncertainty is over the observed compound panel, not broader chemical space.	CVCL_0320
l1000_phase1	tahoe	peer_baseline_dataset_pair_line	pb_source_centroid_direction_agreement_pair_p05	mean_pb_source_centroid_direction_agreement_pair_p05	0.7629716580491048	0.5832214710470126	0.8449695474921529	0.13087403822257015	bca	ok	0.95	2000	2000	20	17	17	pubchem_cid			95% BCa bootstrap CI clustered by PubChem compound; uncertainty is over the observed compound panel, not broader chemical space.	CVCL_0320
l1000_phase1	tahoe	peer_baseline_dataset_pair_line	pb_delta_vs_source_centroid_direction_agreement_p05	mean_pb_delta_vs_source_centroid_direction_agreement_p05	0.13981073123544405	0.08504470307342697	0.20275075416939403	0.05885302554798353	bca	ok	0.95	2000	2000	20	6	6	pubchem_cid			95% BCa bootstrap CI clustered by PubChem compound; uncertainty is over the observed compound panel, not broader chemical space.	CVCL_0320
l1000_phase1	tahoe	peer_baseline_dataset_pair_line	pb_target_centroid_direction_agreement_pair_p05	mean_pb_target_centroid_direction_agreement_pair_p05	0.47787567950975707	0.41633560782495005	0.5670569678501166	0.07536068001258328	bca	ok	0.95	2000	2000	20	18	18	pubchem_cid			95% BCa bootstrap CI clustered by PubChem compound; uncertainty is over the observed compound panel, not broader chemical space.	CVCL_0320
l1000_phase1	tahoe	peer_baseline_dataset_pair_line	pb_delta_vs_target_centroid_direction_agreement_p05	mean_pb_delta_vs_target_centroid_direction_agreement_p05	0.37221493403755995	0.24171745795171598	0.5695857315785497	0.1639341368134169	bca	ok	0.95	2000	2000	20	6	6	pubchem_cid			95% BCa bootstrap CI clustered by PubChem compound; uncertainty is over the observed compound panel, not broader chemical space.	CVCL_0320
l1000_phase1	tahoe	peer_baseline_dataset_pair_line	pb_source_peer_direction_agreement_pair_p05	mean_pb_source_peer_direction_agreement_pair_p05	0.5931416746815351	0.5676106145461927	0.6236857921663206	0.028037588810063963	bca	ok	0.95	2000	2000	20	6	6	pubchem_cid			95% BCa bootstrap CI clustered by PubChem compound; uncertainty is over the observed compound panel, not broader chemical space.	CVCL_0320
l1000_phase1	tahoe	peer_baseline_dataset_pair_line	pb_delta_vs_source_peer_direction_agreement_p05	mean_pb_delta_vs_source_peer_direction_agreement_p05	0.3130107872044062	0.2571280070033668	0.36949590582073144	0.05618394940868232	bca	ok	0.95	2000	2000	20	6	6	pubchem_cid			95% BCa bootstrap CI clustered by PubChem compound; uncertainty is over the observed compound panel, not broader chemical space.	CVCL_0320
l1000_phase1	tahoe	peer_baseline_dataset_pair_line	pb_source_peer_direction_agreement_pair_p05_sd_score	mean_pb_source_peer_direction_agreement_pair_p05_sd_score	0.13112739751301636	0.08364369546246213	0.2061415863975987	0.06124894546756828	bca	ok	0.95	2000	2000	20	6	6	pubchem_cid			95% BCa bootstrap CI clustered by PubChem compound; uncertainty is over the observed compound panel, not broader chemical space.	CVCL_0320
l1000_phase1	tahoe	peer_baseline_dataset_pair_line	pb_source_peer_direction_agreement_pair_p05_fraction_below_observed	mean_pb_source_peer_direction_agreement_pair_p05_fraction_below_observed	0.9180723013761932	0.7333176993038828	0.9845885692239859	0.12563543496005153	bca	ok	0.95	2000	2000	20	6	6	pubchem_cid			95% BCa bootstrap CI clustered by PubChem compound; uncertainty is over the observed compound panel, not broader chemical space.	CVCL_0320
l1000_phase1	tahoe	peer_baseline_dataset_pair_line	pb_source_peer_direction_agreement_pair_p05_corrected_percentile	mean_pb_source_peer_direction_agreement_pair_p05_corrected_percentile	0.9183044022888258	0.7326753597516138	0.9842250651303329	0.12577485268935956	bca	ok	0.95	2000	2000	20	6	6	pubchem_cid			95% BCa bootstrap CI clustered by PubChem compound; uncertainty is over the observed compound panel, not broader chemical space.	CVCL_0320
l1000_phase1	tahoe	peer_baseline_dataset_pair_line	pb_target_peer_direction_agreement_pair_p05	mean_pb_target_peer_direction_agreement_pair_p05	0.5128460749009056	0.49682514163703695	0.5187988029444383	0.010986830653700652	bca	ok	0.95	2000	2000	20	6	6	pubchem_cid			95% BCa bootstrap CI clustered by PubChem compound; uncertainty is over the observed compound panel, not broader chemical space.	CVCL_0320
l1000_phase1	tahoe	peer_baseline_dataset_pair_line	pb_delta_vs_target_peer_direction_agreement_p05	mean_pb_delta_vs_target_peer_direction_agreement_p05	0.39330638698503567	0.3116120102089706	0.47188081890165656	0.08013440434634297	bca	ok	0.95	2000	2000	20	6	6	pubchem_cid			95% BCa bootstrap CI clustered by PubChem compound; uncertainty is over the observed compound panel, not broader chemical space.	CVCL_0320
l1000_phase1	tahoe	peer_baseline_dataset_pair_line	pb_target_peer_direction_agreement_pair_p05_sd_score	mean_pb_target_peer_direction_agreement_pair_p05_sd_score	0.11632897970412338	0.05832386311214865	0.19922105698471318	0.07044859693628226	bca	ok	0.95	2000	2000	20	6	6	pubchem_cid			95% BCa bootstrap CI clustered by PubChem compound; uncertainty is over the observed compound panel, not broader chemical space.	CVCL_0320
l1000_phase1	tahoe	peer_baseline_dataset_pair_line	pb_target_peer_direction_agreement_pair_p05_fraction_below_observed	mean_pb_target_peer_direction_agreement_pair_p05_fraction_below_observed	0.9547526041666666	0.8280720671698213	0.9978841145833334	0.08490602370675604	bca	ok	0.95	2000	2000	20	6	6	pubchem_cid			95% BCa bootstrap CI clustered by PubChem compound; uncertainty is over the observed compound panel, not broader chemical space.	CVCL_0320
l1000_phase1	tahoe	peer_baseline_dataset_pair_line	pb_target_peer_direction_agreement_pair_p05_corrected_percentile	mean_pb_target_peer_direction_agreement_pair_p05_corrected_percentile	0.9548408057179988	0.8298284715877162	0.9978882391163092	0.08402988376429649	bca	ok	0.95	2000	2000	20	6	6	pubchem_cid			95% BCa bootstrap CI clustered by PubChem compound; uncertainty is over the observed compound panel, not broader chemical space.	CVCL_0320
l1000_phase1	tahoe	peer_baseline_dataset_pair_line	pb_observed_deg_lfc_spearman_p05	mean_pb_observed_deg_lfc_spearman_p05	0.13037849576851027	-0.20616898554053778	0.35958639475363946	0.28287769014708863	bca	ok	0.95	2000	2000	11	7	7	pubchem_cid			95% BCa bootstrap CI clustered by PubChem compound; uncertainty is over the observed compound panel, not broader chemical space.	CVCL_0332
l1000_phase1	tahoe	peer_baseline_dataset_pair_line	pb_source_centroid_deg_lfc_spearman_pair_p05	mean_pb_source_centroid_deg_lfc_spearman_pair_p05	0.3979458405689773	0.2575069012575472	0.4864010596546932	0.114447079198573	bca	ok	0.95	2000	2000	11	11	11	pubchem_cid			95% BCa bootstrap CI clustered by PubChem compound; uncertainty is over the observed compound panel, not broader chemical space.	CVCL_0332
l1000_phase1	tahoe	peer_baseline_dataset_pair_line	pb_delta_vs_source_centroid_deg_lfc_spearman_p05	mean_pb_delta_vs_source_centroid_deg_lfc_spearman_p05	-0.31318415033753266	-0.4635458708284595	-0.11410776430751582	0.17471905326047182	bca	ok	0.95	2000	2000	11	7	7	pubchem_cid			95% BCa bootstrap CI clustered by PubChem compound; uncertainty is over the observed compound panel, not broader chemical space.	CVCL_0332
l1000_phase1	tahoe	peer_baseline_dataset_pair_line	pb_target_centroid_deg_lfc_spearman_pair_p05	mean_pb_target_centroid_deg_lfc_spearman_pair_p05	0.002571620112913761	-0.16905419005474845	0.16037579749527975	0.16471499377501408	bca	ok	0.95	2000	2000	11	11	11	pubchem_cid			95% BCa bootstrap CI clustered by PubChem compound; uncertainty is over the observed compound panel, not broader chemical space.	CVCL_0332
l1000_phase1	tahoe	peer_baseline_dataset_pair_line	pb_delta_vs_target_centroid_deg_lfc_spearman_p05	mean_pb_delta_vs_target_centroid_deg_lfc_spearman_p05	0.11357802374036084	-0.5145042612308169	0.49573099236390367	0.5051176267973603	bca	ok	0.95	2000	2000	11	7	7	pubchem_cid			95% BCa bootstrap CI clustered by PubChem compound; uncertainty is over the observed compound panel, not broader chemical space.	CVCL_0332
l1000_phase1	tahoe	peer_baseline_dataset_pair_line	pb_source_peer_deg_lfc_spearman_pair_p05	mean_pb_source_peer_deg_lfc_spearman_pair_p05	0.0719712873611197	0.019663640089787705	0.13109981979782886	0.05571808985402058	bca	ok	0.95	2000	2000	11	11	11	pubchem_cid			95% BCa bootstrap CI clustered by PubChem compound; uncertainty is over the observed compound panel, not broader chemical space.	CVCL_0332
l1000_phase1	tahoe	peer_baseline_dataset_pair_line	pb_delta_vs_source_peer_deg_lfc_spearman_p05	mean_pb_delta_vs_source_peer_deg_lfc_spearman_p05	-0.039611321198069024	-0.3230378306887448	0.2037800006018984	0.2634089156453216	bca	ok	0.95	2000	2000	11	7	7	pubchem_cid			95% BCa bootstrap CI clustered by PubChem compound; uncertainty is over the observed compound panel, not broader chemical space.	CVCL_0332
l1000_phase1	tahoe	peer_baseline_dataset_pair_line	pb_source_peer_deg_lfc_spearman_pair_p05_sd_score	mean_pb_source_peer_deg_lfc_spearman_pair_p05_sd_score	0.3645976008072278	0.29858353357267386	0.43377313804381457	0.06759480223557035	bca	ok	0.95	2000	2000	11	11	11	pubchem_cid			95% BCa bootstrap CI clustered by PubChem compound; uncertainty is over the observed compound panel, not broader chemical space.	CVCL_0332
l1000_phase1	tahoe	peer_baseline_dataset_pair_line	pb_source_peer_deg_lfc_spearman_pair_p05_fraction_below_observed	mean_pb_source_peer_deg_lfc_spearman_pair_p05_fraction_below_observed	0.5264794503374337	0.44868496225852855	0.6472201278189073	0.09926758278018935	bca	ok	0.95	2000	2000	11	11	11	pubchem_cid			95% BCa bootstrap CI clustered by PubChem compound; uncertainty is over the observed compound panel, not broader chemical space.	CVCL_0332
l1000_phase1	tahoe	peer_baseline_dataset_pair_line	pb_source_peer_deg_lfc_spearman_pair_p05_corrected_percentile	mean_pb_source_peer_deg_lfc_spearman_pair_p05_corrected_percentile	0.5283983531536776	0.45193926171593896	0.651694948646718	0.0998778434653895	bca	ok	0.95	2000	2000	11	11	11	pubchem_cid			95% BCa bootstrap CI clustered by PubChem compound; uncertainty is over the observed compound panel, not broader chemical space.	CVCL_0332
l1000_phase1	tahoe	peer_baseline_dataset_pair_line	pb_target_peer_deg_lfc_spearman_pair_p05	mean_pb_target_peer_deg_lfc_spearman_pair_p05	0.030771764698554582	-0.009727027451008329	0.10281103578116306	0.056269031616085693	bca	ok	0.95	2000	2000	11	11	11	pubchem_cid			95% BCa bootstrap CI clustered by PubChem compound; uncertainty is over the observed compound panel, not broader chemical space.	CVCL_0332
l1000_phase1	tahoe	peer_baseline_dataset_pair_line	pb_delta_vs_target_peer_deg_lfc_spearman_p05	mean_pb_delta_vs_target_peer_deg_lfc_spearman_p05	0.06844559712574927	-0.43692201077127163	0.31900524642632433	0.37796362859879795	bca	ok	0.95	2000	2000	11	7	7	pubchem_cid			95% BCa bootstrap CI clustered by PubChem compound; uncertainty is over the observed compound panel, not broader chemical space.	CVCL_0332
l1000_phase1	tahoe	peer_baseline_dataset_pair_line	pb_target_peer_deg_lfc_spearman_pair_p05_sd_score	mean_pb_target_peer_deg_lfc_spearman_pair_p05_sd_score	0.3040371843433037	0.23229360539750882	0.3750785826747428	0.071392488638617	bca	ok	0.95	2000	2000	11	11	11	pubchem_cid			95% BCa bootstrap CI clustered by PubChem compound; uncertainty is over the observed compound panel, not broader chemical space.	CVCL_0332
l1000_phase1	tahoe	peer_baseline_dataset_pair_line	pb_target_peer_deg_lfc_spearman_pair_p05_fraction_below_observed	mean_pb_target_peer_deg_lfc_spearman_pair_p05_fraction_below_observed	0.6457069532097627	0.5369196430753351	0.7522333547034828	0.10765685581407386	bca	ok	0.95	2000	2000	11	11	11	pubchem_cid			95% BCa bootstrap CI clustered by PubChem compound; uncertainty is over the observed compound panel, not broader chemical space.	CVCL_0332
l1000_phase1	tahoe	peer_baseline_dataset_pair_line	pb_target_peer_deg_lfc_spearman_pair_p05_corrected_percentile	mean_pb_target_peer_deg_lfc_spearman_pair_p05_corrected_percentile	0.6468402517953052	0.5394556589026418	0.7537698092493504	0.10715707517335432	bca	ok	0.95	2000	2000	11	11	11	pubchem_cid			95% BCa bootstrap CI clustered by PubChem compound; uncertainty is over the observed compound panel, not broader chemical space.	CVCL_0332
l1000_phase1	tahoe	peer_baseline_dataset_pair_line	pb_observed_direction_agreement_p05	mean_pb_observed_direction_agreement_p05	0.621026684714914	0.1702127659574468	0.871026684714914	0.35040695937873356	bca	ok	0.95	2000	2000	11	4	4	pubchem_cid			95% BCa bootstrap CI clustered by PubChem compound; uncertainty is over the observed compound panel, not broader chemical space.	CVCL_0332
l1000_phase1	tahoe	peer_baseline_dataset_pair_line	pb_source_centroid_direction_agreement_pair_p05	mean_pb_source_centroid_direction_agreement_pair_p05	0.7462864963607949	0.6879480780182724	0.8024572321550635	0.05725457706839554	bca	ok	0.95	2000	2000	11	11	11	pubchem_cid			95% BCa bootstrap CI clustered by PubChem compound; uncertainty is over the observed compound panel, not broader chemical space.	CVCL_0332
l1000_phase1	tahoe	peer_baseline_dataset_pair_line	pb_delta_vs_source_centroid_direction_agreement_p05	mean_pb_delta_vs_source_centroid_direction_agreement_p05	-0.16533337818511684	-0.5827279722946566	0.05167673986908082	0.3172023560818687	bca	ok	0.95	2000	2000	11	4	4	pubchem_cid			95% BCa bootstrap CI clustered by PubChem compound; uncertainty is over the observed compound panel, not broader chemical space.	CVCL_0332
l1000_phase1	tahoe	peer_baseline_dataset_pair_line	pb_target_centroid_direction_agreement_pair_p05	mean_pb_target_centroid_direction_agreement_pair_p05	0.5209748728426594	0.44745805377401876	0.5724959585106815	0.06251895236833135	bca	ok	0.95	2000	2000	11	11	11	pubchem_cid			95% BCa bootstrap CI clustered by PubChem compound; uncertainty is over the observed compound panel, not broader chemical space.	CVCL_0332
l1000_phase1	tahoe	peer_baseline_dataset_pair_line	pb_delta_vs_target_centroid_direction_agreement_p05	mean_pb_delta_vs_target_centroid_direction_agreement_p05	0.12190394337370378	-0.5258030098831986	0.36952769978553396	0.4476653548343663	bca	ok	0.95	2000	2000	11	4	4	pubchem_cid			95% BCa bootstrap CI clustered by PubChem compound; uncertainty is over the observed compound panel, not broader chemical space.	CVCL_0332
l1000_phase1	tahoe	peer_baseline_dataset_pair_line	pb_source_peer_direction_agreement_pair_p05	mean_pb_source_peer_direction_agreement_pair_p05	0.6022249380647718	0.5782688140874015	0.6430565523497325	0.03239386913116549	bca	ok	0.95	2000	2000	11	4	4	pubchem_cid			95% BCa bootstrap CI clustered by PubChem compound; uncertainty is over the observed compound panel, not broader chemical space.	CVCL_0332
l1000_phase1	tahoe	peer_baseline_dataset_pair_line	pb_delta_vs_source_peer_direction_agreement_p05	mean_pb_delta_vs_source_peer_direction_agreement_p05	0.018801746650142143	-0.5841602557538462	0.24985879992427296	0.4170095278390596	bca	ok	0.95	2000	2000	11	4	4	pubchem_cid			95% BCa bootstrap CI clustered by PubChem compound; uncertainty is over the observed compound panel, not broader chemical space.	CVCL_0332
l1000_phase1	tahoe	peer_baseline_dataset_pair_line	pb_source_peer_direction_agreement_pair_p05_sd_score	mean_pb_source_peer_direction_agreement_pair_p05_sd_score	0.1457639301597602	0.12868173959571633	0.170225871895704	0.020772066149993842	bca	ok	0.95	2000	2000	11	4	4	pubchem_cid			95% BCa bootstrap CI clustered by PubChem compound; uncertainty is over the observed compound panel, not broader chemical space.	CVCL_0332
l1000_phase1	tahoe	peer_baseline_dataset_pair_line	pb_source_peer_direction_agreement_pair_p05_fraction_below_observed	mean_pb_source_peer_direction_agreement_pair_p05_fraction_below_observed	0.6402243513207806	0.19188161375661375	0.8814772161030573	0.3447978011732218	bca	ok	0.95	2000	2000	11	4	4	pubchem_cid			95% BCa bootstrap CI clustered by PubChem compound; uncertainty is over the observed compound panel, not broader chemical space.	CVCL_0332
l1000_phase1	tahoe	peer_baseline_dataset_pair_line	pb_source_peer_direction_agreement_pair_p05_corrected_percentile	mean_pb_source_peer_direction_agreement_pair_p05_corrected_percentile	0.6415577154844262	0.0036801622370604874	0.8819136643710714	0.4391167510670055	bca	ok	0.95	2000	2000	11	4	4	pubchem_cid			95% BCa bootstrap CI clustered by PubChem compound; uncertainty is over the observed compound panel, not broader chemical space.	CVCL_0332
l1000_phase1	tahoe	peer_baseline_dataset_pair_line	pb_target_peer_direction_agreement_pair_p05	mean_pb_target_peer_direction_agreement_pair_p05	0.4984665943490244	0.4789149593494875	0.5062108244744031	0.013647932562457804	bca	ok	0.95	2000	2000	11	4	4	pubchem_cid			95% BCa bootstrap CI clustered by PubChem compound; uncertainty is over the observed compound panel, not broader chemical space.	CVCL_0332
l1000_phase1	tahoe	peer_baseline_dataset_pair_line	pb_delta_vs_target_peer_direction_agreement_p05	mean_pb_delta_vs_target_peer_direction_agreement_p05	0.1225600903658895	-0.5098918798510024	0.373297009722798	0.4415944447869002	bca	ok	0.95	2000	2000	11	4	4	pubchem_cid			95% BCa bootstrap CI clustered by PubChem compound; uncertainty is over the observed compound panel, not broader chemical space.	CVCL_0332
l1000_phase1	tahoe	peer_baseline_dataset_pair_line	pb_target_peer_direction_agreement_pair_p05_sd_score	mean_pb_target_peer_direction_agreement_pair_p05_sd_score	0.09456969168703888	0.06662014454319667	0.11976511421792846	0.026572484837365892	bca	ok	0.95	2000	2000	11	4	4	pubchem_cid			95% BCa bootstrap CI clustered by PubChem compound; uncertainty is over the observed compound panel, not broader chemical space.	CVCL_0332
l1000_phase1	tahoe	peer_baseline_dataset_pair_line	pb_target_peer_direction_agreement_pair_p05_fraction_below_observed	mean_pb_target_peer_direction_agreement_pair_p05_fraction_below_observed	0.7457332508140416	0.0	0.9957332508140416	0.4978666254070208	bca	ok	0.95	2000	2000	11	4	4	pubchem_cid			95% BCa bootstrap CI clustered by PubChem compound; uncertainty is over the observed compound panel, not broader chemical space.	CVCL_0332
l1000_phase1	tahoe	peer_baseline_dataset_pair_line	pb_target_peer_direction_agreement_pair_p05_corrected_percentile	mean_pb_target_peer_direction_agreement_pair_p05_corrected_percentile	0.7466731721793224	0.0036801622370604874	0.9957531316200573	0.4960364846914984	bca	ok	0.95	2000	2000	11	4	4	pubchem_cid			95% BCa bootstrap CI clustered by PubChem compound; uncertainty is over the observed compound panel, not broader chemical space.	CVCL_0332
l1000_phase2	sciplex	peer_baseline_dataset_pair_line	pb_observed_deg_lfc_spearman_p05	mean_pb_observed_deg_lfc_spearman_p05	0.5668820127339008	0.4269497421315418	0.6450292326929183	0.10903974528068827	bca	ok	0.95	2000	2000	44	17	17	pubchem_cid			95% BCa bootstrap CI clustered by PubChem compound; uncertainty is over the observed compound panel, not broader chemical space.	CVCL_0023
l1000_phase2	sciplex	peer_baseline_dataset_pair_line	pb_source_centroid_deg_lfc_spearman_pair_p05	mean_pb_source_centroid_deg_lfc_spearman_pair_p05	0.4126772118368824	0.2844343610958835	0.510950122884103	0.11325788089410976	bca	ok	0.95	2000	2000	44	42	42	pubchem_cid			95% BCa bootstrap CI clustered by PubChem compound; uncertainty is over the observed compound panel, not broader chemical space.	CVCL_0023
l1000_phase2	sciplex	peer_baseline_dataset_pair_line	pb_delta_vs_source_centroid_deg_lfc_spearman_p05	mean_pb_delta_vs_source_centroid_deg_lfc_spearman_p05	-0.009200160183867604	-0.08752110486504097	0.08081507826297303	0.08416809156400701	bca	ok	0.95	2000	2000	44	17	17	pubchem_cid			95% BCa bootstrap CI clustered by PubChem compound; uncertainty is over the observed compound panel, not broader chemical space.	CVCL_0023
l1000_phase2	sciplex	peer_baseline_dataset_pair_line	pb_target_centroid_deg_lfc_spearman_pair_p05	mean_pb_target_centroid_deg_lfc_spearman_pair_p05	0.1725981890538753	0.059689148436219655	0.2731560422580171	0.10673344691089873	bca	ok	0.95	2000	2000	44	42	42	pubchem_cid			95% BCa bootstrap CI clustered by PubChem compound; uncertainty is over the observed compound panel, not broader chemical space.	CVCL_0023
l1000_phase2	sciplex	peer_baseline_dataset_pair_line	pb_delta_vs_target_centroid_deg_lfc_spearman_p05	mean_pb_delta_vs_target_centroid_deg_lfc_spearman_p05	0.24616606625013723	0.13775659820583014	0.39013240005928795	0.1261879009267289	bca	ok	0.95	2000	2000	44	17	17	pubchem_cid			95% BCa bootstrap CI clustered by PubChem compound; uncertainty is over the observed compound panel, not broader chemical space.	CVCL_0023
l1000_phase2	sciplex	peer_baseline_dataset_pair_line	pb_source_peer_deg_lfc_spearman_pair_p05	mean_pb_source_peer_deg_lfc_spearman_pair_p05	0.05655637484688187	0.021002487759955817	0.09146333816945984	0.03523042520475201	bca	ok	0.95	2000	2000	44	42	42	pubchem_cid			95% BCa bootstrap CI clustered by PubChem compound; uncertainty is over the observed compound panel, not broader chemical space.	CVCL_0023
l1000_phase2	sciplex	peer_baseline_dataset_pair_line	pb_delta_vs_source_peer_deg_lfc_spearman_p05	mean_pb_delta_vs_source_peer_deg_lfc_spearman_p05	0.3959970356518335	0.2959401289702339	0.46025828923810724	0.08215908013393666	bca	ok	0.95	2000	2000	44	17	17	pubchem_cid			95% BCa bootstrap CI clustered by PubChem compound; uncertainty is over the observed compound panel, not broader chemical space.	CVCL_0023
l1000_phase2	sciplex	peer_baseline_dataset_pair_line	pb_source_peer_deg_lfc_spearman_pair_p05_sd_score	mean_pb_source_peer_deg_lfc_spearman_pair_p05_sd_score	0.4486204705116738	0.3935971304379344	0.5148365533222077	0.06061971144213665	bca	ok	0.95	2000	2000	44	42	42	pubchem_cid			95% BCa bootstrap CI clustered by PubChem compound; uncertainty is over the observed compound panel, not broader chemical space.	CVCL_0023
l1000_phase2	sciplex	peer_baseline_dataset_pair_line	pb_source_peer_deg_lfc_spearman_pair_p05_fraction_below_observed	mean_pb_source_peer_deg_lfc_spearman_pair_p05_fraction_below_observed	0.5692908962712109	0.4822341877277605	0.6412660328942025	0.07951592258322099	bca	ok	0.95	2000	2000	44	42	42	pubchem_cid			95% BCa bootstrap CI clustered by PubChem compound; uncertainty is over the observed compound panel, not broader chemical space.	CVCL_0023
l1000_phase2	sciplex	peer_baseline_dataset_pair_line	pb_source_peer_deg_lfc_spearman_pair_p05_corrected_percentile	mean_pb_source_peer_deg_lfc_spearman_pair_p05_corrected_percentile	0.5706582513678605	0.48652378147479886	0.6430353706741898	0.07825579459969548	bca	ok	0.95	2000	2000	44	42	42	pubchem_cid			95% BCa bootstrap CI clustered by PubChem compound; uncertainty is over the observed compound panel, not broader chemical space.	CVCL_0023
l1000_phase2	sciplex	peer_baseline_dataset_pair_line	pb_target_peer_deg_lfc_spearman_pair_p05	mean_pb_target_peer_deg_lfc_spearman_pair_p05	0.03540752403687183	0.005746533967864377	0.05880817126746735	0.026530818649801488	bca	ok	0.95	2000	2000	44	42	42	pubchem_cid			95% BCa bootstrap CI clustered by PubChem compound; uncertainty is over the observed compound panel, not broader chemical space.	CVCL_0023
l1000_phase2	sciplex	peer_baseline_dataset_pair_line	pb_delta_vs_target_peer_deg_lfc_spearman_p05	mean_pb_delta_vs_target_peer_deg_lfc_spearman_p05	0.4842702541530831	0.3659253549271949	0.553232586634113	0.09365361585345905	bca	ok	0.95	2000	2000	44	17	17	pubchem_cid			95% BCa bootstrap CI clustered by PubChem compound; uncertainty is over the observed compound panel, not broader chemical space.	CVCL_0023
l1000_phase2	sciplex	peer_baseline_dataset_pair_line	pb_target_peer_deg_lfc_spearman_pair_p05_sd_score	mean_pb_target_peer_deg_lfc_spearman_pair_p05_sd_score	0.40196392541229226	0.34402886009313505	0.4777998431850425	0.06688549154595372	bca	ok	0.95	2000	2000	44	42	42	pubchem_cid			95% BCa bootstrap CI clustered by PubChem compound; uncertainty is over the observed compound panel, not broader chemical space.	CVCL_0023
l1000_phase2	sciplex	peer_baseline_dataset_pair_line	pb_target_peer_deg_lfc_spearman_pair_p05_fraction_below_observed	mean_pb_target_peer_deg_lfc_spearman_pair_p05_fraction_below_observed	0.635036577040553	0.544858808778758	0.7093089711381529	0.08222508117969746	bca	ok	0.95	2000	2000	44	42	42	pubchem_cid			95% BCa bootstrap CI clustered by PubChem compound; uncertainty is over the observed compound panel, not broader chemical space.	CVCL_0023
l1000_phase2	sciplex	peer_baseline_dataset_pair_line	pb_target_peer_deg_lfc_spearman_pair_p05_corrected_percentile	mean_pb_target_peer_deg_lfc_spearman_pair_p05_corrected_percentile	0.637005551939633	0.5483299379272634	0.7142585670329507	0.08296431455284364	bca	ok	0.95	2000	2000	44	42	42	pubchem_cid			95% BCa bootstrap CI clustered by PubChem compound; uncertainty is over the observed compound panel, not broader chemical space.	CVCL_0023
l1000_phase2	sciplex	peer_baseline_dataset_pair_line	pb_observed_direction_agreement_p05	mean_pb_observed_direction_agreement_p05	0.9552941997913535	0.8358932378366328	0.9888221003422774	0.07646443125282226	bca	ok	0.95	2000	2000	44	17	17	pubchem_cid			95% BCa bootstrap CI clustered by PubChem compound; uncertainty is over the observed compound panel, not broader chemical space.	CVCL_0023
l1000_phase2	sciplex	peer_baseline_dataset_pair_line	pb_source_centroid_direction_agreement_pair_p05	mean_pb_source_centroid_direction_agreement_pair_p05	0.7279090926331776	0.6656845880547648	0.7722411316651772	0.05327827180520617	bca	ok	0.95	2000	2000	44	43	43	pubchem_cid			95% BCa bootstrap CI clustered by PubChem compound; uncertainty is over the observed compound panel, not broader chemical space.	CVCL_0023
l1000_phase2	sciplex	peer_baseline_dataset_pair_line	pb_delta_vs_source_centroid_direction_agreement_p05	mean_pb_delta_vs_source_centroid_direction_agreement_p05	0.17296230756084685	0.09580897436109218	0.26181965174742156	0.08300533869316469	bca	ok	0.95	2000	2000	44	17	17	pubchem_cid			95% BCa bootstrap CI clustered by PubChem compound; uncertainty is over the observed compound panel, not broader chemical space.	CVCL_0023
l1000_phase2	sciplex	peer_baseline_dataset_pair_line	pb_target_centroid_direction_agreement_pair_p05	mean_pb_target_centroid_direction_agreement_pair_p05	0.5908959836589298	0.5374763952644535	0.6446579861031255	0.053590795419336035	bca	ok	0.95	2000	2000	44	43	43	pubchem_cid			95% BCa bootstrap CI clustered by PubChem compound; uncertainty is over the observed compound panel, not broader chemical space.	CVCL_0023
l1000_phase2	sciplex	peer_baseline_dataset_pair_line	pb_delta_vs_target_centroid_direction_agreement_p05	mean_pb_delta_vs_target_centroid_direction_agreement_p05	0.3202741892064527	0.22494015083072724	0.3916361324591209	0.08334799081419682	bca	ok	0.95	2000	2000	44	17	17	pubchem_cid			95% BCa bootstrap CI clustered by PubChem compound; uncertainty is over the observed compound panel, not broader chemical space.	CVCL_0023
l1000_phase2	sciplex	peer_baseline_dataset_pair_line	pb_source_peer_direction_agreement_pair_p05	mean_pb_source_peer_direction_agreement_pair_p05	0.5779648788122503	0.5621355075848053	0.5938726854600154	0.01586858893760501	bca	ok	0.95	2000	2000	44	17	17	pubchem_cid			95% BCa bootstrap CI clustered by PubChem compound; uncertainty is over the observed compound panel, not broader chemical space.	CVCL_0023
l1000_phase2	sciplex	peer_baseline_dataset_pair_line	pb_delta_vs_source_peer_direction_agreement_p05	mean_pb_delta_vs_source_peer_direction_agreement_p05	0.37732932097910316	0.25410578216322627	0.41580304980011273	0.08084863381844323	bca	ok	0.95	2000	2000	44	17	17	pubchem_cid			95% BCa bootstrap CI clustered by PubChem compound; uncertainty is over the observed compound panel, not broader chemical space.	CVCL_0023
l1000_phase2	sciplex	peer_baseline_dataset_pair_line	pb_source_peer_direction_agreement_pair_p05_sd_score	mean_pb_source_peer_direction_agreement_pair_p05_sd_score	0.17019726511778902	0.14324082494123785	0.2063024796341402	0.03153082734645117	bca	ok	0.95	2000	2000	44	17	17	pubchem_cid			95% BCa bootstrap CI clustered by PubChem compound; uncertainty is over the observed compound panel, not broader chemical space.	CVCL_0023
l1000_phase2	sciplex	peer_baseline_dataset_pair_line	pb_source_peer_direction_agreement_pair_p05_fraction_below_observed	mean_pb_source_peer_direction_agreement_pair_p05_fraction_below_observed	0.8916297627918189	0.7546920789571958	0.9480953397199882	0.09670163038139618	bca	ok	0.95	2000	2000	44	17	17	pubchem_cid			95% BCa bootstrap CI clustered by PubChem compound; uncertainty is over the observed compound panel, not broader chemical space.	CVCL_0023
l1000_phase2	sciplex	peer_baseline_dataset_pair_line	pb_source_peer_direction_agreement_pair_p05_corrected_percentile	mean_pb_source_peer_direction_agreement_pair_p05_corrected_percentile	0.8921624869968128	0.7616055902771592	0.949049366931157	0.0937218883269989	bca	ok	0.95	2000	2000	44	17	17	pubchem_cid			95% BCa bootstrap CI clustered by PubChem compound; uncertainty is over the observed compound panel, not broader chemical space.	CVCL_0023
l1000_phase2	sciplex	peer_baseline_dataset_pair_line	pb_target_peer_direction_agreement_pair_p05	mean_pb_target_peer_direction_agreement_pair_p05	0.5303379275683862	0.5176959776722707	0.5435841071454229	0.01294406473657611	bca	ok	0.95	2000	2000	44	17	17	pubchem_cid			95% BCa bootstrap CI clustered by PubChem compound; uncertainty is over the observed compound panel, not broader chemical space.	CVCL_0023
l1000_phase2	sciplex	peer_baseline_dataset_pair_line	pb_delta_vs_target_peer_direction_agreement_p05	mean_pb_delta_vs_target_peer_direction_agreement_p05	0.4249562722229672	0.3092427341555655	0.4610959288350488	0.07592659733974164	bca	ok	0.95	2000	2000	44	17	17	pubchem_cid			95% BCa bootstrap CI clustered by PubChem compound; uncertainty is over the observed compound panel, not broader chemical space.	CVCL_0023
l1000_phase2	sciplex	peer_baseline_dataset_pair_line	pb_target_peer_direction_agreement_pair_p05_sd_score	mean_pb_target_peer_direction_agreement_pair_p05_sd_score	0.14888238714854224	0.12290645448321823	0.18202740294677616	0.029560474231778967	bca	ok	0.95	2000	2000	44	17	17	pubchem_cid			95% BCa bootstrap CI clustered by PubChem compound; uncertainty is over the observed compound panel, not broader chemical space.	CVCL_0023
l1000_phase2	sciplex	peer_baseline_dataset_pair_line	pb_target_peer_direction_agreement_pair_p05_fraction_below_observed	mean_pb_target_peer_direction_agreement_pair_p05_fraction_below_observed	0.9101296049351985	0.7873554302343266	0.9651283799264229	0.08888647484604811	bca	ok	0.95	2000	2000	44	17	17	pubchem_cid			95% BCa bootstrap CI clustered by PubChem compound; uncertainty is over the observed compound panel, not broader chemical space.	CVCL_0023
l1000_phase2	sciplex	peer_baseline_dataset_pair_line	pb_target_peer_direction_agreement_pair_p05_corrected_percentile	mean_pb_target_peer_direction_agreement_pair_p05_corrected_percentile	0.9104544504398132	0.7824698580738094	0.9668633336059801	0.09219673776608533	bca	ok	0.95	2000	2000	44	17	17	pubchem_cid			95% BCa bootstrap CI clustered by PubChem compound; uncertainty is over the observed compound panel, not broader chemical space.	CVCL_0023
l1000_phase2	sciplex	peer_baseline_dataset_pair_line	pb_observed_deg_lfc_spearman_p05	mean_pb_observed_deg_lfc_spearman_p05	0.46390400084599914	0.40607388473974576	0.5123757875991782	0.05315095142971624	bca	ok	0.95	2000	2000	83	48	48	pubchem_cid			95% BCa bootstrap CI clustered by PubChem compound; uncertainty is over the observed compound panel, not broader chemical space.	CVCL_0031
l1000_phase2	sciplex	peer_baseline_dataset_pair_line	pb_source_centroid_deg_lfc_spearman_pair_p05	mean_pb_source_centroid_deg_lfc_spearman_pair_p05	0.3851846265420348	0.30838065136263976	0.4501219025169561	0.07087062557715818	bca	ok	0.95	2000	2000	83	81	81	pubchem_cid			95% BCa bootstrap CI clustered by PubChem compound; uncertainty is over the observed compound panel, not broader chemical space.	CVCL_0031
l1000_phase2	sciplex	peer_baseline_dataset_pair_line	pb_delta_vs_source_centroid_deg_lfc_spearman_p05	mean_pb_delta_vs_source_centroid_deg_lfc_spearman_p05	-0.14169818140510773	-0.20796823442596124	-0.07043520343530642	0.06876651549532742	bca	ok	0.95	2000	2000	83	48	48	pubchem_cid			95% BCa bootstrap CI clustered by PubChem compound; uncertainty is over the observed compound panel, not broader chemical space.	CVCL_0031
l1000_phase2	sciplex	peer_baseline_dataset_pair_line	pb_target_centroid_deg_lfc_spearman_pair_p05	mean_pb_target_centroid_deg_lfc_spearman_pair_p05	0.25847135975657487	0.18555710277355542	0.330340333006962	0.07239161511670328	bca	ok	0.95	2000	2000	83	81	81	pubchem_cid			95% BCa bootstrap CI clustered by PubChem compound; uncertainty is over the observed compound panel, not broader chemical space.	CVCL_0031
l1000_phase2	sciplex	peer_baseline_dataset_pair_line	pb_delta_vs_target_centroid_deg_lfc_spearman_p05	mean_pb_delta_vs_target_centroid_deg_lfc_spearman_p05	0.04367453603454116	-0.01518731798948573	0.1110649900168098	0.06312615400314776	bca	ok	0.95	2000	2000	83	48	48	pubchem_cid			95% BCa bootstrap CI clustered by PubChem compound; uncertainty is over the observed compound panel, not broader chemical space.	CVCL_0031
l1000_phase2	sciplex	peer_baseline_dataset_pair_line	pb_source_peer_deg_lfc_spearman_pair_p05	mean_pb_source_peer_deg_lfc_spearman_pair_p05	0.028651926274010753	0.0021407221989849816	0.05011390343654233	0.023986590618778676	bca	ok	0.95	2000	2000	83	81	81	pubchem_cid			95% BCa bootstrap CI clustered by PubChem compound; uncertainty is over the observed compound panel, not broader chemical space.	CVCL_0031
l1000_phase2	sciplex	peer_baseline_dataset_pair_line	pb_delta_vs_source_peer_deg_lfc_spearman_p05	mean_pb_delta_vs_source_peer_deg_lfc_spearman_p05	0.3086974305231817	0.25187683293964697	0.36620523414327294	0.05716420060181299	bca	ok	0.95	2000	2000	83	48	48	pubchem_cid			95% BCa bootstrap CI clustered by PubChem compound; uncertainty is over the observed compound panel, not broader chemical space.	CVCL_0031
l1000_phase2	sciplex	peer_baseline_dataset_pair_line	pb_source_peer_deg_lfc_spearman_pair_p05_sd_score	mean_pb_source_peer_deg_lfc_spearman_pair_p05_sd_score	0.4091816539066471	0.36757323742283476	0.45643971527017624	0.04443323892367074	bca	ok	0.95	2000	2000	83	81	81	pubchem_cid			95% BCa bootstrap CI clustered by PubChem compound; uncertainty is over the observed compound panel, not broader chemical space.	CVCL_0031
l1000_phase2	sciplex	peer_baseline_dataset_pair_line	pb_source_peer_deg_lfc_spearman_pair_p05_fraction_below_observed	mean_pb_source_peer_deg_lfc_spearman_pair_p05_fraction_below_observed	0.6504869395447505	0.6003889638194118	0.6978516644665332	0.04873135032356074	bca	ok	0.95	2000	2000	83	81	81	pubchem_cid			95% BCa bootstrap CI clustered by PubChem compound; uncertainty is over the observed compound panel, not broader chemical space.	CVCL_0031
l1000_phase2	sciplex	peer_baseline_dataset_pair_line	pb_source_peer_deg_lfc_spearman_pair_p05_corrected_percentile	mean_pb_source_peer_deg_lfc_spearman_pair_p05_corrected_percentile	0.6514830828530599	0.6003913914759605	0.6984022278705373	0.049005418197288375	bca	ok	0.95	2000	2000	83	81	81	pubchem_cid			95% BCa bootstrap CI clustered by PubChem compound; uncertainty is over the observed compound panel, not broader chemical space.	CVCL_0031
l1000_phase2	sciplex	peer_baseline_dataset_pair_line	pb_target_peer_deg_lfc_spearman_pair_p05	mean_pb_target_peer_deg_lfc_spearman_pair_p05	0.05482403616014484	0.03077407216448802	0.07188793827913725	0.020556933057324617	bca	ok	0.95	2000	2000	83	81	81	pubchem_cid			95% BCa bootstrap CI clustered by PubChem compound; uncertainty is over the observed compound panel, not broader chemical space.	CVCL_0031
l1000_phase2	sciplex	peer_baseline_dataset_pair_line	pb_delta_vs_target_peer_deg_lfc_spearman_p05	mean_pb_delta_vs_target_peer_deg_lfc_spearman_p05	0.366553657210756	0.31252774470310907	0.42001570118016085	0.05374397823852589	bca	ok	0.95	2000	2000	83	48	48	pubchem_cid			95% BCa bootstrap CI clustered by PubChem compound; uncertainty is over the observed compound panel, not broader chemical space.	CVCL_0031
l1000_phase2	sciplex	peer_baseline_dataset_pair_line	pb_target_peer_deg_lfc_spearman_pair_p05_sd_score	mean_pb_target_peer_deg_lfc_spearman_pair_p05_sd_score	0.34822790003456194	0.30315676509958034	0.4029742608760585	0.04990874788823907	bca	ok	0.95	2000	2000	83	81	81	pubchem_cid			95% BCa bootstrap CI clustered by PubChem compound; uncertainty is over the observed compound panel, not broader chemical space.	CVCL_0031
l1000_phase2	sciplex	peer_baseline_dataset_pair_line	pb_target_peer_deg_lfc_spearman_pair_p05_fraction_below_observed	mean_pb_target_peer_deg_lfc_spearman_pair_p05_fraction_below_observed	0.6573015858940647	0.5981831140629217	0.7075718991292909	0.05469439253318459	bca	ok	0.95	2000	2000	83	81	81	pubchem_cid			95% BCa bootstrap CI clustered by PubChem compound; uncertainty is over the observed compound panel, not broader chemical space.	CVCL_0031
l1000_phase2	sciplex	peer_baseline_dataset_pair_line	pb_target_peer_deg_lfc_spearman_pair_p05_corrected_percentile	mean_pb_target_peer_deg_lfc_spearman_pair_p05_corrected_percentile	0.6590997093570776	0.6048227354682962	0.7112339111152849	0.05320558782349433	bca	ok	0.95	2000	2000	83	81	81	pubchem_cid			95% BCa bootstrap CI clustered by PubChem compound; uncertainty is over the observed compound panel, not broader chemical space.	CVCL_0031
l1000_phase2	sciplex	peer_baseline_dataset_pair_line	pb_observed_direction_agreement_p05	mean_pb_observed_direction_agreement_p05	0.9470600858452128	0.9061490991909293	0.9685515715995546	0.031201236204312643	bca	ok	0.95	2000	2000	83	48	48	pubchem_cid			95% BCa bootstrap CI clustered by PubChem compound; uncertainty is over the observed compound panel, not broader chemical space.	CVCL_0031
l1000_phase2	sciplex	peer_baseline_dataset_pair_line	pb_source_centroid_direction_agreement_pair_p05	mean_pb_source_centroid_direction_agreement_pair_p05	0.6588485395554768	0.6216475055231725	0.6909546606789699	0.03465357757789872	bca	ok	0.95	2000	2000	83	82	82	pubchem_cid			95% BCa bootstrap CI clustered by PubChem compound; uncertainty is over the observed compound panel, not broader chemical space.	CVCL_0031
l1000_phase2	sciplex	peer_baseline_dataset_pair_line	pb_delta_vs_source_centroid_direction_agreement_p05	mean_pb_delta_vs_source_centroid_direction_agreement_p05	0.19094762206069205	0.15752929528468135	0.22703412500271086	0.03475241485901476	bca	ok	0.95	2000	2000	83	48	48	pubchem_cid			95% BCa bootstrap CI clustered by PubChem compound; uncertainty is over the observed compound panel, not broader chemical space.	CVCL_0031
l1000_phase2	sciplex	peer_baseline_dataset_pair_line	pb_target_centroid_direction_agreement_pair_p05	mean_pb_target_centroid_direction_agreement_pair_p05	0.5846762811031804	0.5487033036148783	0.6169689446000538	0.034132820492587757	bca	ok	0.95	2000	2000	83	82	82	pubchem_cid			95% BCa bootstrap CI clustered by PubChem compound; uncertainty is over the observed compound panel, not broader chemical space.	CVCL_0031
l1000_phase2	sciplex	peer_baseline_dataset_pair_line	pb_delta_vs_target_centroid_direction_agreement_p05	mean_pb_delta_vs_target_centroid_direction_agreement_p05	0.2517385368708414	0.2201987359066971	0.27912668455035206	0.02946397432182747	bca	ok	0.95	2000	2000	83	48	48	pubchem_cid			95% BCa bootstrap CI clustered by PubChem compound; uncertainty is over the observed compound panel, not broader chemical space.	CVCL_0031
l1000_phase2	sciplex	peer_baseline_dataset_pair_line	pb_source_peer_direction_agreement_pair_p05	mean_pb_source_peer_direction_agreement_pair_p05	0.5721351731909414	0.5637656194950237	0.5816702977515098	0.008952339128243059	bca	ok	0.95	2000	2000	83	48	48	pubchem_cid			95% BCa bootstrap CI clustered by PubChem compound; uncertainty is over the observed compound panel, not broader chemical space.	CVCL_0031
l1000_phase2	sciplex	peer_baseline_dataset_pair_line	pb_delta_vs_source_peer_direction_agreement_p05	mean_pb_delta_vs_source_peer_direction_agreement_p05	0.37492491265427136	0.3398762435906826	0.3961932030549533	0.028158479732135366	bca	ok	0.95	2000	2000	83	48	48	pubchem_cid			95% BCa bootstrap CI clustered by PubChem compound; uncertainty is over the observed compound panel, not broader chemical space.	CVCL_0031
l1000_phase2	sciplex	peer_baseline_dataset_pair_line	pb_source_peer_direction_agreement_pair_p05_sd_score	mean_pb_source_peer_direction_agreement_pair_p05_sd_score	0.1489230190940728	0.13342557720147205	0.16795232054953557	0.01726337167403176	bca	ok	0.95	2000	2000	83	48	48	pubchem_cid			95% BCa bootstrap CI clustered by PubChem compound; uncertainty is over the observed compound panel, not broader chemical space.	CVCL_0031
l1000_phase2	sciplex	peer_baseline_dataset_pair_line	pb_source_peer_direction_agreement_pair_p05_fraction_below_observed	mean_pb_source_peer_direction_agreement_pair_p05_fraction_below_observed	0.9189376140507283	0.8697733287679326	0.9511708972051077	0.04069878421858758	bca	ok	0.95	2000	2000	83	48	48	pubchem_cid			95% BCa bootstrap CI clustered by PubChem compound; uncertainty is over the observed compound panel, not broader chemical space.	CVCL_0031
l1000_phase2	sciplex	peer_baseline_dataset_pair_line	pb_source_peer_direction_agreement_pair_p05_corrected_percentile	mean_pb_source_peer_direction_agreement_pair_p05_corrected_percentile	0.9193423093630888	0.8697486227915077	0.9515469987856532	0.04089918799707276	bca	ok	0.95	2000	2000	83	48	48	pubchem_cid			95% BCa bootstrap CI clustered by PubChem compound; uncertainty is over the observed compound panel, not broader chemical space.	CVCL_0031
l1000_phase2	sciplex	peer_baseline_dataset_pair_line	pb_target_peer_direction_agreement_pair_p05	mean_pb_target_peer_direction_agreement_pair_p05	0.5498185054326901	0.5433469922594276	0.5571802269736204	0.006916617357096366	bca	ok	0.95	2000	2000	83	48	48	pubchem_cid			95% BCa bootstrap CI clustered by PubChem compound; uncertainty is over the observed compound panel, not broader chemical space.	CVCL_0031
l1000_phase2	sciplex	peer_baseline_dataset_pair_line	pb_delta_vs_target_peer_direction_agreement_p05	mean_pb_delta_vs_target_peer_direction_agreement_p05	0.3972415804125227	0.35621184594221555	0.417304720472017	0.030546437264900722	bca	ok	0.95	2000	2000	83	48	48	pubchem_cid			95% BCa bootstrap CI clustered by PubChem compound; uncertainty is over the observed compound panel, not broader chemical space.	CVCL_0031
l1000_phase2	sciplex	peer_baseline_dataset_pair_line	pb_target_peer_direction_agreement_pair_p05_sd_score	mean_pb_target_peer_direction_agreement_pair_p05_sd_score	0.12115039437897175	0.10396935539705125	0.14286199124912188	0.019446317926035316	bca	ok	0.95	2000	2000	83	48	48	pubchem_cid			95% BCa bootstrap CI clustered by PubChem compound; uncertainty is over the observed compound panel, not broader chemical space.	CVCL_0031
l1000_phase2	sciplex	peer_baseline_dataset_pair_line	pb_target_peer_direction_agreement_pair_p05_fraction_below_observed	mean_pb_target_peer_direction_agreement_pair_p05_fraction_below_observed	0.936883999151006	0.8847415276476785	0.9656861597350825	0.040472316043701995	bca	ok	0.95	2000	2000	83	48	48	pubchem_cid			95% BCa bootstrap CI clustered by PubChem compound; uncertainty is over the observed compound panel, not broader chemical space.	CVCL_0031
l1000_phase2	sciplex	peer_baseline_dataset_pair_line	pb_target_peer_direction_agreement_pair_p05_corrected_percentile	mean_pb_target_peer_direction_agreement_pair_p05_corrected_percentile	0.9370557487901522	0.8854234610978241	0.9654044696955519	0.039990504298863916	bca	ok	0.95	2000	2000	83	48	48	pubchem_cid			95% BCa bootstrap CI clustered by PubChem compound; uncertainty is over the observed compound panel, not broader chemical space.	CVCL_0031
l1000_phase2	tahoe	peer_baseline_dataset_pair_line	pb_observed_deg_lfc_spearman_p05	mean_pb_observed_deg_lfc_spearman_p05	0.21426484746437824	0.068844360468401	0.33601774097121734	0.13358669025140818	bca	ok	0.95	2000	2000	24	18	18	pubchem_cid			95% BCa bootstrap CI clustered by PubChem compound; uncertainty is over the observed compound panel, not broader chemical space.	CVCL_0023
l1000_phase2	tahoe	peer_baseline_dataset_pair_line	pb_source_centroid_deg_lfc_spearman_pair_p05	mean_pb_source_centroid_deg_lfc_spearman_pair_p05	0.47485934371858657	0.34329069747141383	0.5722669494424153	0.11448812598550073	bca	ok	0.95	2000	2000	24	24	24	pubchem_cid			95% BCa bootstrap CI clustered by PubChem compound; uncertainty is over the observed compound panel, not broader chemical space.	CVCL_0023
l1000_phase2	tahoe	peer_baseline_dataset_pair_line	pb_delta_vs_source_centroid_deg_lfc_spearman_p05	mean_pb_delta_vs_source_centroid_deg_lfc_spearman_p05	-0.23945992830248233	-0.3547798872936013	-0.09310379231149439	0.13083804749105346	bca	ok	0.95	2000	2000	24	18	18	pubchem_cid			95% BCa bootstrap CI clustered by PubChem compound; uncertainty is over the observed compound panel, not broader chemical space.	CVCL_0023
l1000_phase2	tahoe	peer_baseline_dataset_pair_line	pb_target_centroid_deg_lfc_spearman_pair_p05	mean_pb_target_centroid_deg_lfc_spearman_pair_p05	0.14238484849518554	-0.0009679443284926953	0.322018807673293	0.16149337600089284	bca	ok	0.95	2000	2000	24	24	24	pubchem_cid			95% BCa bootstrap CI clustered by PubChem compound; uncertainty is over the observed compound panel, not broader chemical space.	CVCL_0023
l1000_phase2	tahoe	peer_baseline_dataset_pair_line	pb_delta_vs_target_centroid_deg_lfc_spearman_p05	mean_pb_delta_vs_target_centroid_deg_lfc_spearman_p05	0.14233455805534193	-0.12354075250926388	0.2913639265081107	0.2074523395086873	bca	ok	0.95	2000	2000	24	18	18	pubchem_cid			95% BCa bootstrap CI clustered by PubChem compound; uncertainty is over the observed compound panel, not broader chemical space.	CVCL_0023
l1000_phase2	tahoe	peer_baseline_dataset_pair_line	pb_source_peer_deg_lfc_spearman_pair_p05	mean_pb_source_peer_deg_lfc_spearman_pair_p05	0.08828746504176865	0.034386463963568	0.15984906500319926	0.06273130051981562	bca	ok	0.95	2000	2000	24	24	24	pubchem_cid			95% BCa bootstrap CI clustered by PubChem compound; uncertainty is over the observed compound panel, not broader chemical space.	CVCL_0023
l1000_phase2	tahoe	peer_baseline_dataset_pair_line	pb_delta_vs_source_peer_deg_lfc_spearman_p05	mean_pb_delta_vs_source_peer_deg_lfc_spearman_p05	0.07594231327271553	-0.051124918259013476	0.20038721096074572	0.1257560646098796	bca	ok	0.95	2000	2000	24	18	18	pubchem_cid			95% BCa bootstrap CI clustered by PubChem compound; uncertainty is over the observed compound panel, not broader chemical space.	CVCL_0023
l1000_phase2	tahoe	peer_baseline_dataset_pair_line	pb_source_peer_deg_lfc_spearman_pair_p05_sd_score	mean_pb_source_peer_deg_lfc_spearman_pair_p05_sd_score	0.4792962272706089	0.4109528094285501	0.5823903328054182	0.08571876168843404	bca	ok	0.95	2000	2000	24	24	24	pubchem_cid			95% BCa bootstrap CI clustered by PubChem compound; uncertainty is over the observed compound panel, not broader chemical space.	CVCL_0023
l1000_phase2	tahoe	peer_baseline_dataset_pair_line	pb_source_peer_deg_lfc_spearman_pair_p05_fraction_below_observed	mean_pb_source_peer_deg_lfc_spearman_pair_p05_fraction_below_observed	0.5476557270345528	0.4661700624889369	0.6238375092526369	0.07883372338185002	bca	ok	0.95	2000	2000	24	24	24	pubchem_cid			95% BCa bootstrap CI clustered by PubChem compound; uncertainty is over the observed compound panel, not broader chemical space.	CVCL_0023
l1000_phase2	tahoe	peer_baseline_dataset_pair_line	pb_source_peer_deg_lfc_spearman_pair_p05_corrected_percentile	mean_pb_source_peer_deg_lfc_spearman_pair_p05_corrected_percentile	0.5489573977983159	0.46542187886122194	0.6226344250861396	0.07860627311245885	bca	ok	0.95	2000	2000	24	24	24	pubchem_cid			95% BCa bootstrap CI clustered by PubChem compound; uncertainty is over the observed compound panel, not broader chemical space.	CVCL_0023
l1000_phase2	tahoe	peer_baseline_dataset_pair_line	pb_target_peer_deg_lfc_spearman_pair_p05	mean_pb_target_peer_deg_lfc_spearman_pair_p05	0.030272802460615467	0.00010155129045548101	0.07058391771830401	0.03524118321392426	bca	ok	0.95	2000	2000	24	24	24	pubchem_cid			95% BCa bootstrap CI clustered by PubChem compound; uncertainty is over the observed compound panel, not broader chemical space.	CVCL_0023
l1000_phase2	tahoe	peer_baseline_dataset_pair_line	pb_delta_vs_target_peer_deg_lfc_spearman_p05	mean_pb_delta_vs_target_peer_deg_lfc_spearman_p05	0.19952561494272894	0.02166245099428578	0.3312828451206553	0.15481019706318477	bca	ok	0.95	2000	2000	24	18	18	pubchem_cid			95% BCa bootstrap CI clustered by PubChem compound; uncertainty is over the observed compound panel, not broader chemical space.	CVCL_0023
l1000_phase2	tahoe	peer_baseline_dataset_pair_line	pb_target_peer_deg_lfc_spearman_pair_p05_sd_score	mean_pb_target_peer_deg_lfc_spearman_pair_p05_sd_score	0.4290761280187147	0.34272807826060026	0.5440176469218814	0.10064478433064056	bca	ok	0.95	2000	2000	24	24	24	pubchem_cid			95% BCa bootstrap CI clustered by PubChem compound; uncertainty is over the observed compound panel, not broader chemical space.	CVCL_0023
l1000_phase2	tahoe	peer_baseline_dataset_pair_line	pb_target_peer_deg_lfc_spearman_pair_p05_fraction_below_observed	mean_pb_target_peer_deg_lfc_spearman_pair_p05_fraction_below_observed	0.6522387406039841	0.5546369685827153	0.7303986286729753	0.08788083004513003	bca	ok	0.95	2000	2000	24	24	24	pubchem_cid			95% BCa bootstrap CI clustered by PubChem compound; uncertainty is over the observed compound panel, not broader chemical space.	CVCL_0023
l1000_phase2	tahoe	peer_baseline_dataset_pair_line	pb_target_peer_deg_lfc_spearman_pair_p05_corrected_percentile	mean_pb_target_peer_deg_lfc_spearman_pair_p05_corrected_percentile	0.6532055176568775	0.5499667818560615	0.7352780992093776	0.09265565867665804	bca	ok	0.95	2000	2000	24	24	24	pubchem_cid			95% BCa bootstrap CI clustered by PubChem compound; uncertainty is over the observed compound panel, not broader chemical space.	CVCL_0023
l1000_phase2	tahoe	peer_baseline_dataset_pair_line	pb_observed_direction_agreement_p05	mean_pb_observed_direction_agreement_p05	0.7041399223527868	0.4934349601048669	0.8337505537506215	0.17015779682287727	bca	ok	0.95	2000	2000	24	11	11	pubchem_cid			95% BCa bootstrap CI clustered by PubChem compound; uncertainty is over the observed compound panel, not broader chemical space.	CVCL_0023
l1000_phase2	tahoe	peer_baseline_dataset_pair_line	pb_source_centroid_direction_agreement_pair_p05	mean_pb_source_centroid_direction_agreement_pair_p05	0.7386892829331511	0.6648727031659419	0.7825291236912806	0.05882821026266932	bca	ok	0.95	2000	2000	24	24	24	pubchem_cid			95% BCa bootstrap CI clustered by PubChem compound; uncertainty is over the observed compound panel, not broader chemical space.	CVCL_0023
l1000_phase2	tahoe	peer_baseline_dataset_pair_line	pb_delta_vs_source_centroid_direction_agreement_p05	mean_pb_delta_vs_source_centroid_direction_agreement_p05	-0.07425804160091586	-0.35150951066617825	0.05318974897561133	0.2023496298208948	bca	ok	0.95	2000	2000	24	11	11	pubchem_cid			95% BCa bootstrap CI clustered by PubChem compound; uncertainty is over the observed compound panel, not broader chemical space.	CVCL_0023
l1000_phase2	tahoe	peer_baseline_dataset_pair_line	pb_target_centroid_direction_agreement_pair_p05	mean_pb_target_centroid_direction_agreement_pair_p05	0.5074217166775005	0.45551075775039884	0.5618865762834563	0.05318790926652872	bca	ok	0.95	2000	2000	24	24	24	pubchem_cid			95% BCa bootstrap CI clustered by PubChem compound; uncertainty is over the observed compound panel, not broader chemical space.	CVCL_0023
l1000_phase2	tahoe	peer_baseline_dataset_pair_line	pb_delta_vs_target_centroid_direction_agreement_p05	mean_pb_delta_vs_target_centroid_direction_agreement_p05	0.2471624212261774	-0.07175217155666412	0.38392654759790806	0.2278393595772861	bca	ok	0.95	2000	2000	24	11	11	pubchem_cid			95% BCa bootstrap CI clustered by PubChem compound; uncertainty is over the observed compound panel, not broader chemical space.	CVCL_0023
l1000_phase2	tahoe	peer_baseline_dataset_pair_line	pb_source_peer_direction_agreement_pair_p05	mean_pb_source_peer_direction_agreement_pair_p05	0.6072203988388053	0.5914158729938372	0.637891890037664	0.023238008521913378	bca	ok	0.95	2000	2000	24	11	11	pubchem_cid			95% BCa bootstrap CI clustered by PubChem compound; uncertainty is over the observed compound panel, not broader chemical space.	CVCL_0023
l1000_phase2	tahoe	peer_baseline_dataset_pair_line	pb_delta_vs_source_peer_direction_agreement_p05	mean_pb_delta_vs_source_peer_direction_agreement_p05	0.09691952351398156	-0.16417377375409323	0.2195414539946081	0.19185761387435066	bca	ok	0.95	2000	2000	24	11	11	pubchem_cid			95% BCa bootstrap CI clustered by PubChem compound; uncertainty is over the observed compound panel, not broader chemical space.	CVCL_0023
l1000_phase2	tahoe	peer_baseline_dataset_pair_line	pb_source_peer_direction_agreement_pair_p05_sd_score	mean_pb_source_peer_direction_agreement_pair_p05_sd_score	0.1478632102053309	0.12326389575353432	0.17020415098898892	0.0234701276177273	bca	ok	0.95	2000	2000	24	11	11	pubchem_cid			95% BCa bootstrap CI clustered by PubChem compound; uncertainty is over the observed compound panel, not broader chemical space.	CVCL_0023
l1000_phase2	tahoe	peer_baseline_dataset_pair_line	pb_source_peer_direction_agreement_pair_p05_fraction_below_observed	mean_pb_source_peer_direction_agreement_pair_p05_fraction_below_observed	0.6931934453002718	0.44854656225443673	0.8464632917705539	0.1989583647580586	bca	ok	0.95	2000	2000	24	11	11	pubchem_cid			95% BCa bootstrap CI clustered by PubChem compound; uncertainty is over the observed compound panel, not broader chemical space.	CVCL_0023
l1000_phase2	tahoe	peer_baseline_dataset_pair_line	pb_source_peer_direction_agreement_pair_p05_corrected_percentile	mean_pb_source_peer_direction_agreement_pair_p05_corrected_percentile	0.6940563915218765	0.4768807310230547	0.8517658766287431	0.1874425728028442	bca	ok	0.95	2000	2000	24	11	11	pubchem_cid			95% BCa bootstrap CI clustered by PubChem compound; uncertainty is over the observed compound panel, not broader chemical space.	CVCL_0023
l1000_phase2	tahoe	peer_baseline_dataset_pair_line	pb_target_peer_direction_agreement_pair_p05	mean_pb_target_peer_direction_agreement_pair_p05	0.4820882957185391	0.46520283285898717	0.49377353164865667	0.014285349394834751	bca	ok	0.95	2000	2000	24	11	11	pubchem_cid			95% BCa bootstrap CI clustered by PubChem compound; uncertainty is over the observed compound panel, not broader chemical space.	CVCL_0023
l1000_phase2	tahoe	peer_baseline_dataset_pair_line	pb_delta_vs_target_peer_direction_agreement_p05	mean_pb_delta_vs_target_peer_direction_agreement_p05	0.2220516266342478	-0.001964329494401375	0.3561454994600413	0.17905491447722136	bca	ok	0.95	2000	2000	24	11	11	pubchem_cid			95% BCa bootstrap CI clustered by PubChem compound; uncertainty is over the observed compound panel, not broader chemical space.	CVCL_0023
l1000_phase2	tahoe	peer_baseline_dataset_pair_line	pb_target_peer_direction_agreement_pair_p05_sd_score	mean_pb_target_peer_direction_agreement_pair_p05_sd_score	0.10823969367624219	0.07919299097277047	0.14145828995472462	0.031132649490977077	bca	ok	0.95	2000	2000	24	11	11	pubchem_cid			95% BCa bootstrap CI clustered by PubChem compound; uncertainty is over the observed compound panel, not broader chemical space.	CVCL_0023
l1000_phase2	tahoe	peer_baseline_dataset_pair_line	pb_target_peer_direction_agreement_pair_p05_fraction_below_observed	mean_pb_target_peer_direction_agreement_pair_p05_fraction_below_observed	0.8116238919940005	0.5330237717442903	0.935197522946933	0.20108687560132138	bca	ok	0.95	2000	2000	24	11	11	pubchem_cid			95% BCa bootstrap CI clustered by PubChem compound; uncertainty is over the observed compound panel, not broader chemical space.	CVCL_0023
l1000_phase2	tahoe	peer_baseline_dataset_pair_line	pb_target_peer_direction_agreement_pair_p05_corrected_percentile	mean_pb_target_peer_direction_agreement_pair_p05_corrected_percentile	0.8121616868603369	0.5401136235049597	0.9318768531753225	0.1958816148351814	bca	ok	0.95	2000	2000	24	11	11	pubchem_cid			95% BCa bootstrap CI clustered by PubChem compound; uncertainty is over the observed compound panel, not broader chemical space.	CVCL_0023
l1000_phase2	tahoe	peer_baseline_dataset_pair_line	pb_observed_deg_lfc_spearman_p05	mean_pb_observed_deg_lfc_spearman_p05	0.04457980757058095	-0.04971152507591298	0.1322092445631978	0.09096038481955539	bca	ok	0.95	2000	2000	110	59	59	pubchem_cid			95% BCa bootstrap CI clustered by PubChem compound; uncertainty is over the observed compound panel, not broader chemical space.	CVCL_0320
l1000_phase2	tahoe	peer_baseline_dataset_pair_line	pb_source_centroid_deg_lfc_spearman_pair_p05	mean_pb_source_centroid_deg_lfc_spearman_pair_p05	0.263349710327066	0.1879832209773435	0.33272985599442534	0.07237331750854092	bca	ok	0.95	2000	2000	110	108	108	pubchem_cid			95% BCa bootstrap CI clustered by PubChem compound; uncertainty is over the observed compound panel, not broader chemical space.	CVCL_0320
l1000_phase2	tahoe	peer_baseline_dataset_pair_line	pb_delta_vs_source_centroid_deg_lfc_spearman_p05	mean_pb_delta_vs_source_centroid_deg_lfc_spearman_p05	-0.3254542740779999	-0.4260939786306942	-0.21395300265108935	0.10607048798980243	bca	ok	0.95	2000	2000	110	59	59	pubchem_cid			95% BCa bootstrap CI clustered by PubChem compound; uncertainty is over the observed compound panel, not broader chemical space.	CVCL_0320
l1000_phase2	tahoe	peer_baseline_dataset_pair_line	pb_target_centroid_deg_lfc_spearman_pair_p05	mean_pb_target_centroid_deg_lfc_spearman_pair_p05	0.08808989547460894	0.023970463085945904	0.14950964526734245	0.06276959109069827	bca	ok	0.95	2000	2000	110	108	108	pubchem_cid			95% BCa bootstrap CI clustered by PubChem compound; uncertainty is over the observed compound panel, not broader chemical space.	CVCL_0320
l1000_phase2	tahoe	peer_baseline_dataset_pair_line	pb_delta_vs_target_centroid_deg_lfc_spearman_p05	mean_pb_delta_vs_target_centroid_deg_lfc_spearman_p05	-0.02038969460425929	-0.13537244403561513	0.09161127030736992	0.11349185717149252	bca	ok	0.95	2000	2000	110	59	59	pubchem_cid			95% BCa bootstrap CI clustered by PubChem compound; uncertainty is over the observed compound panel, not broader chemical space.	CVCL_0320
l1000_phase2	tahoe	peer_baseline_dataset_pair_line	pb_source_peer_deg_lfc_spearman_pair_p05	mean_pb_source_peer_deg_lfc_spearman_pair_p05	-0.012432724155590703	-0.04077659778954361	0.016159934418040707	0.028468266103792158	bca	ok	0.95	2000	2000	110	108	108	pubchem_cid			95% BCa bootstrap CI clustered by PubChem compound; uncertainty is over the observed compound panel, not broader chemical space.	CVCL_0320
l1000_phase2	tahoe	peer_baseline_dataset_pair_line	pb_delta_vs_source_peer_deg_lfc_spearman_p05	mean_pb_delta_vs_source_peer_deg_lfc_spearman_p05	-0.06584357503439994	-0.15752066021787678	0.03139066755053538	0.09445566388420608	bca	ok	0.95	2000	2000	110	59	59	pubchem_cid			95% BCa bootstrap CI clustered by PubChem compound; uncertainty is over the observed compound panel, not broader chemical space.	CVCL_0320
l1000_phase2	tahoe	peer_baseline_dataset_pair_line	pb_source_peer_deg_lfc_spearman_pair_p05_sd_score	mean_pb_source_peer_deg_lfc_spearman_pair_p05_sd_score	0.46042194356643357	0.4281845407704571	0.49687978828170326	0.034347623755623086	bca	ok	0.95	2000	2000	110	108	108	pubchem_cid			95% BCa bootstrap CI clustered by PubChem compound; uncertainty is over the observed compound panel, not broader chemical space.	CVCL_0320
l1000_phase2	tahoe	peer_baseline_dataset_pair_line	pb_source_peer_deg_lfc_spearman_pair_p05_fraction_below_observed	mean_pb_source_peer_deg_lfc_spearman_pair_p05_fraction_below_observed	0.5820655807385587	0.534615643619464	0.6299646093182829	0.04767448284940945	bca	ok	0.95	2000	2000	110	108	108	pubchem_cid			95% BCa bootstrap CI clustered by PubChem compound; uncertainty is over the observed compound panel, not broader chemical space.	CVCL_0320
l1000_phase2	tahoe	peer_baseline_dataset_pair_line	pb_source_peer_deg_lfc_spearman_pair_p05_corrected_percentile	mean_pb_source_peer_deg_lfc_spearman_pair_p05_corrected_percentile	0.5830285193928123	0.535342181425486	0.6309801473994886	0.047818982987001324	bca	ok	0.95	2000	2000	110	108	108	pubchem_cid			95% BCa bootstrap CI clustered by PubChem compound; uncertainty is over the observed compound panel, not broader chemical space.	CVCL_0320
l1000_phase2	tahoe	peer_baseline_dataset_pair_line	pb_target_peer_deg_lfc_spearman_pair_p05	mean_pb_target_peer_deg_lfc_spearman_pair_p05	0.024401447513047077	-4.4688733717529675e-05	0.04587942565200333	0.02296205719286043	bca	ok	0.95	2000	2000	110	108	108	pubchem_cid			95% BCa bootstrap CI clustered by PubChem compound; uncertainty is over the observed compound panel, not broader chemical space.	CVCL_0320
l1000_phase2	tahoe	peer_baseline_dataset_pair_line	pb_delta_vs_target_peer_deg_lfc_spearman_p05	mean_pb_delta_vs_target_peer_deg_lfc_spearman_p05	0.030430171869029	-0.05820657284691355	0.11718633066781038	0.08769645175736196	bca	ok	0.95	2000	2000	110	59	59	pubchem_cid			95% BCa bootstrap CI clustered by PubChem compound; uncertainty is over the observed compound panel, not broader chemical space.	CVCL_0320
l1000_phase2	tahoe	peer_baseline_dataset_pair_line	pb_target_peer_deg_lfc_spearman_pair_p05_sd_score	mean_pb_target_peer_deg_lfc_spearman_pair_p05_sd_score	0.4205516163858556	0.3831613874198756	0.4587002129019863	0.03776941274105536	bca	ok	0.95	2000	2000	110	108	108	pubchem_cid			95% BCa bootstrap CI clustered by PubChem compound; uncertainty is over the observed compound panel, not broader chemical space.	CVCL_0320
l1000_phase2	tahoe	peer_baseline_dataset_pair_line	pb_target_peer_deg_lfc_spearman_pair_p05_fraction_below_observed	mean_pb_target_peer_deg_lfc_spearman_pair_p05_fraction_below_observed	0.5648955940783046	0.5194162326747404	0.611834859252673	0.046209313288966325	bca	ok	0.95	2000	2000	110	108	108	pubchem_cid			95% BCa bootstrap CI clustered by PubChem compound; uncertainty is over the observed compound panel, not broader chemical space.	CVCL_0320
l1000_phase2	tahoe	peer_baseline_dataset_pair_line	pb_target_peer_deg_lfc_spearman_pair_p05_corrected_percentile	mean_pb_target_peer_deg_lfc_spearman_pair_p05_corrected_percentile	0.565989884034546	0.5184075504310822	0.6117814464495254	0.046686948009221574	bca	ok	0.95	2000	2000	110	108	108	pubchem_cid			95% BCa bootstrap CI clustered by PubChem compound; uncertainty is over the observed compound panel, not broader chemical space.	CVCL_0320
l1000_phase2	tahoe	peer_baseline_dataset_pair_line	pb_observed_direction_agreement_p05	mean_pb_observed_direction_agreement_p05	0.6636824482451461	0.5426644872019558	0.7604013948662599	0.10886845383215205	bca	ok	0.95	2000	2000	110	29	29	pubchem_cid			95% BCa bootstrap CI clustered by PubChem compound; uncertainty is over the observed compound panel, not broader chemical space.	CVCL_0320
l1000_phase2	tahoe	peer_baseline_dataset_pair_line	pb_source_centroid_direction_agreement_pair_p05	mean_pb_source_centroid_direction_agreement_pair_p05	0.674240464337475	0.6410458520623087	0.7033869508933122	0.031170549415501736	bca	ok	0.95	2000	2000	110	110	110	pubchem_cid			95% BCa bootstrap CI clustered by PubChem compound; uncertainty is over the observed compound panel, not broader chemical space.	CVCL_0320
l1000_phase2	tahoe	peer_baseline_dataset_pair_line	pb_delta_vs_source_centroid_direction_agreement_p05	mean_pb_delta_vs_source_centroid_direction_agreement_p05	-0.10021297968494126	-0.23996941294484234	-0.005212721609333929	0.11737834566775421	bca	ok	0.95	2000	2000	110	29	29	pubchem_cid			95% BCa bootstrap CI clustered by PubChem compound; uncertainty is over the observed compound panel, not broader chemical space.	CVCL_0320
l1000_phase2	tahoe	peer_baseline_dataset_pair_line	pb_target_centroid_direction_agreement_pair_p05	mean_pb_target_centroid_direction_agreement_pair_p05	0.533376773800754	0.5017475087329489	0.5639419176451655	0.031097204456108307	bca	ok	0.95	2000	2000	110	110	110	pubchem_cid			95% BCa bootstrap CI clustered by PubChem compound; uncertainty is over the observed compound panel, not broader chemical space.	CVCL_0320
l1000_phase2	tahoe	peer_baseline_dataset_pair_line	pb_delta_vs_target_centroid_direction_agreement_p05	mean_pb_delta_vs_target_centroid_direction_agreement_p05	0.13721631186867345	0.0035543517420782646	0.23636992355893982	0.11640778590843077	bca	ok	0.95	2000	2000	110	29	29	pubchem_cid			95% BCa bootstrap CI clustered by PubChem compound; uncertainty is over the observed compound panel, not broader chemical space.	CVCL_0320
l1000_phase2	tahoe	peer_baseline_dataset_pair_line	pb_source_peer_direction_agreement_pair_p05	mean_pb_source_peer_direction_agreement_pair_p05	0.5862303488961577	0.5692723828751286	0.6020448095602355	0.01638621334255347	bca	ok	0.95	2000	2000	110	29	29	pubchem_cid			95% BCa bootstrap CI clustered by PubChem compound; uncertainty is over the observed compound panel, not broader chemical space.	CVCL_0320
l1000_phase2	tahoe	peer_baseline_dataset_pair_line	pb_delta_vs_source_peer_direction_agreement_p05	mean_pb_delta_vs_source_peer_direction_agreement_p05	0.07745209934898836	-0.054449107005704496	0.175899050048133	0.11517407852691874	bca	ok	0.95	2000	2000	110	29	29	pubchem_cid			95% BCa bootstrap CI clustered by PubChem compound; uncertainty is over the observed compound panel, not broader chemical space.	CVCL_0320
l1000_phase2	tahoe	peer_baseline_dataset_pair_line	pb_source_peer_direction_agreement_pair_p05_sd_score	mean_pb_source_peer_direction_agreement_pair_p05_sd_score	0.13414932850270642	0.12027643363236687	0.1510814492305072	0.015402507799070167	bca	ok	0.95	2000	2000	110	29	29	pubchem_cid			95% BCa bootstrap CI clustered by PubChem compound; uncertainty is over the observed compound panel, not broader chemical space.	CVCL_0320
l1000_phase2	tahoe	peer_baseline_dataset_pair_line	pb_source_peer_direction_agreement_pair_p05_fraction_below_observed	mean_pb_source_peer_direction_agreement_pair_p05_fraction_below_observed	0.6154994335264034	0.4768462097119908	0.7404689298583738	0.13181136007319147	bca	ok	0.95	2000	2000	110	29	29	pubchem_cid			95% BCa bootstrap CI clustered by PubChem compound; uncertainty is over the observed compound panel, not broader chemical space.	CVCL_0320
l1000_phase2	tahoe	peer_baseline_dataset_pair_line	pb_source_peer_direction_agreement_pair_p05_corrected_percentile	mean_pb_source_peer_direction_agreement_pair_p05_corrected_percentile	0.6164994443743849	0.4705919536147688	0.7335158517737037	0.13146194907946746	bca	ok	0.95	2000	2000	110	29	29	pubchem_cid			95% BCa bootstrap CI clustered by PubChem compound; uncertainty is over the observed compound panel, not broader chemical space.	CVCL_0320
l1000_phase2	tahoe	peer_baseline_dataset_pair_line	pb_target_peer_direction_agreement_pair_p05	mean_pb_target_peer_direction_agreement_pair_p05	0.5089760976171742	0.501334429783695	0.5158925899686783	0.007279080092491619	bca	ok	0.95	2000	2000	110	29	29	pubchem_cid			95% BCa bootstrap CI clustered by PubChem compound; uncertainty is over the observed compound panel, not broader chemical space.	CVCL_0320
l1000_phase2	tahoe	peer_baseline_dataset_pair_line	pb_delta_vs_target_peer_direction_agreement_p05	mean_pb_delta_vs_target_peer_direction_agreement_p05	0.15470635062797183	0.027843104450492047	0.2500529636624657	0.11110492960598684	bca	ok	0.95	2000	2000	110	29	29	pubchem_cid			95% BCa bootstrap CI clustered by PubChem compound; uncertainty is over the observed compound panel, not broader chemical space.	CVCL_0320
l1000_phase2	tahoe	peer_baseline_dataset_pair_line	pb_target_peer_direction_agreement_pair_p05_sd_score	mean_pb_target_peer_direction_agreement_pair_p05_sd_score	0.10228042914811292	0.08626017189697005	0.12518075884162028	0.019460293472325113	bca	ok	0.95	2000	2000	110	29	29	pubchem_cid			95% BCa bootstrap CI clustered by PubChem compound; uncertainty is over the observed compound panel, not broader chemical space.	CVCL_0320
l1000_phase2	tahoe	peer_baseline_dataset_pair_line	pb_target_peer_direction_agreement_pair_p05_fraction_below_observed	mean_pb_target_peer_direction_agreement_pair_p05_fraction_below_observed	0.6808598413934971	0.5375224001653914	0.8053364781761372	0.13390703900537287	bca	ok	0.95	2000	2000	110	29	29	pubchem_cid			95% BCa bootstrap CI clustered by PubChem compound; uncertainty is over the observed compound panel, not broader chemical space.	CVCL_0320
l1000_phase2	tahoe	peer_baseline_dataset_pair_line	pb_target_peer_direction_agreement_pair_p05_corrected_percentile	mean_pb_target_peer_direction_agreement_pair_p05_corrected_percentile	0.6816717395193683	0.5366961599115678	0.802007269020248	0.13265555455434008	bca	ok	0.95	2000	2000	110	29	29	pubchem_cid			95% BCa bootstrap CI clustered by PubChem compound; uncertainty is over the observed compound panel, not broader chemical space.	CVCL_0320
tahoe	sciplex	peer_baseline_dataset_pair_line	pb_observed_deg_lfc_spearman_p05	mean_pb_observed_deg_lfc_spearman_p05	0.12383918823035202	-0.06500450026055876	0.2939046301229339	0.17945456519174632	bca	ok	0.95	2000	2000	23	14	14	pubchem_cid			95% BCa bootstrap CI clustered by PubChem compound; uncertainty is over the observed compound panel, not broader chemical space.	CVCL_0023
tahoe	sciplex	peer_baseline_dataset_pair_line	pb_source_centroid_deg_lfc_spearman_pair_p05	mean_pb_source_centroid_deg_lfc_spearman_pair_p05	0.5993371814454158	0.4843084228269738	0.6788262691809018	0.09725892317696402	bca	ok	0.95	2000	2000	23	23	23	pubchem_cid			95% BCa bootstrap CI clustered by PubChem compound; uncertainty is over the observed compound panel, not broader chemical space.	CVCL_0023
tahoe	sciplex	peer_baseline_dataset_pair_line	pb_delta_vs_source_centroid_deg_lfc_spearman_p05	mean_pb_delta_vs_source_centroid_deg_lfc_spearman_p05	-0.46548863878874897	-0.6903516117103127	-0.26441259296289477	0.21296950937370895	bca	ok	0.95	2000	2000	23	14	14	pubchem_cid			95% BCa bootstrap CI clustered by PubChem compound; uncertainty is over the observed compound panel, not broader chemical space.	CVCL_0023
tahoe	sciplex	peer_baseline_dataset_pair_line	pb_target_centroid_deg_lfc_spearman_pair_p05	mean_pb_target_centroid_deg_lfc_spearman_pair_p05	0.08490570906275194	-0.057813502737942966	0.24090715704480634	0.14936032989137465	bca	ok	0.95	2000	2000	23	23	23	pubchem_cid			95% BCa bootstrap CI clustered by PubChem compound; uncertainty is over the observed compound panel, not broader chemical space.	CVCL_0023
tahoe	sciplex	peer_baseline_dataset_pair_line	pb_delta_vs_target_centroid_deg_lfc_spearman_p05	mean_pb_delta_vs_target_centroid_deg_lfc_spearman_p05	0.012719590293179197	-0.24054528555801938	0.1994785491562668	0.2200119173571431	bca	ok	0.95	2000	2000	23	14	14	pubchem_cid			95% BCa bootstrap CI clustered by PubChem compound; uncertainty is over the observed compound panel, not broader chemical space.	CVCL_0023
tahoe	sciplex	peer_baseline_dataset_pair_line	pb_source_peer_deg_lfc_spearman_pair_p05	mean_pb_source_peer_deg_lfc_spearman_pair_p05	0.25964031998444065	0.2125963533148011	0.3192570169827728	0.05333033183398586	bca	ok	0.95	2000	2000	23	23	23	pubchem_cid			95% BCa bootstrap CI clustered by PubChem compound; uncertainty is over the observed compound panel, not broader chemical space.	CVCL_0023
tahoe	sciplex	peer_baseline_dataset_pair_line	pb_delta_vs_source_peer_deg_lfc_spearman_p05	mean_pb_delta_vs_source_peer_deg_lfc_spearman_p05	-0.14263611514180954	-0.35061469284988533	0.06026782065011154	0.20544125674999844	bca	ok	0.95	2000	2000	23	14	14	pubchem_cid			95% BCa bootstrap CI clustered by PubChem compound; uncertainty is over the observed compound panel, not broader chemical space.	CVCL_0023
tahoe	sciplex	peer_baseline_dataset_pair_line	pb_source_peer_deg_lfc_spearman_pair_p05_sd_score	mean_pb_source_peer_deg_lfc_spearman_pair_p05_sd_score	0.3910873337826612	0.3307691106226721	0.4698507186979402	0.06954080403763405	bca	ok	0.95	2000	2000	23	23	23	pubchem_cid			95% BCa bootstrap CI clustered by PubChem compound; uncertainty is over the observed compound panel, not broader chemical space.	CVCL_0023
tahoe	sciplex	peer_baseline_dataset_pair_line	pb_source_peer_deg_lfc_spearman_pair_p05_fraction_below_observed	mean_pb_source_peer_deg_lfc_spearman_pair_p05_fraction_below_observed	0.39597876806867305	0.2876180793081564	0.5203674380136013	0.11637467935272244	bca	ok	0.95	2000	2000	23	23	23	pubchem_cid			95% BCa bootstrap CI clustered by PubChem compound; uncertainty is over the observed compound panel, not broader chemical space.	CVCL_0023
tahoe	sciplex	peer_baseline_dataset_pair_line	pb_source_peer_deg_lfc_spearman_pair_p05_corrected_percentile	mean_pb_source_peer_deg_lfc_spearman_pair_p05_corrected_percentile	0.3981979677327526	0.2898785237792474	0.5147558448316463	0.11243866052619944	bca	ok	0.95	2000	2000	23	23	23	pubchem_cid			95% BCa bootstrap CI clustered by PubChem compound; uncertainty is over the observed compound panel, not broader chemical space.	CVCL_0023
tahoe	sciplex	peer_baseline_dataset_pair_line	pb_target_peer_deg_lfc_spearman_pair_p05	mean_pb_target_peer_deg_lfc_spearman_pair_p05	0.039291637704851154	-0.005536516433370977	0.09198393690613348	0.04876022666975223	bca	ok	0.95	2000	2000	23	23	23	pubchem_cid			95% BCa bootstrap CI clustered by PubChem compound; uncertainty is over the observed compound panel, not broader chemical space.	CVCL_0023
tahoe	sciplex	peer_baseline_dataset_pair_line	pb_delta_vs_target_peer_deg_lfc_spearman_p05	mean_pb_delta_vs_target_peer_deg_lfc_spearman_p05	0.08903324559688637	-0.10709896155639198	0.26171278849801494	0.18440587502720346	bca	ok	0.95	2000	2000	23	14	14	pubchem_cid			95% BCa bootstrap CI clustered by PubChem compound; uncertainty is over the observed compound panel, not broader chemical space.	CVCL_0023
tahoe	sciplex	peer_baseline_dataset_pair_line	pb_target_peer_deg_lfc_spearman_pair_p05_sd_score	mean_pb_target_peer_deg_lfc_spearman_pair_p05_sd_score	0.3540597409096118	0.286510218590638	0.4427441044429153	0.07811694292613863	bca	ok	0.95	2000	2000	23	23	23	pubchem_cid			95% BCa bootstrap CI clustered by PubChem compound; uncertainty is over the observed compound panel, not broader chemical space.	CVCL_0023
tahoe	sciplex	peer_baseline_dataset_pair_line	pb_target_peer_deg_lfc_spearman_pair_p05_fraction_below_observed	mean_pb_target_peer_deg_lfc_spearman_pair_p05_fraction_below_observed	0.5873175363559102	0.48721765940461764	0.6907273204570065	0.10175483052619441	bca	ok	0.95	2000	2000	23	23	23	pubchem_cid			95% BCa bootstrap CI clustered by PubChem compound; uncertainty is over the observed compound panel, not broader chemical space.	CVCL_0023
tahoe	sciplex	peer_baseline_dataset_pair_line	pb_target_peer_deg_lfc_spearman_pair_p05_corrected_percentile	mean_pb_target_peer_deg_lfc_spearman_pair_p05_corrected_percentile	0.589060629395837	0.48878162966550137	0.6947594176714191	0.10298889400295888	bca	ok	0.95	2000	2000	23	23	23	pubchem_cid			95% BCa bootstrap CI clustered by PubChem compound; uncertainty is over the observed compound panel, not broader chemical space.	CVCL_0023
tahoe	sciplex	peer_baseline_dataset_pair_line	pb_observed_direction_agreement_p05	mean_pb_observed_direction_agreement_p05	0.8957179320303899	0.8361639946887558	0.9500884858607044	0.05696224558597429	bca	ok	0.95	2000	2000	23	8	8	pubchem_cid			95% BCa bootstrap CI clustered by PubChem compound; uncertainty is over the observed compound panel, not broader chemical space.	CVCL_0023
tahoe	sciplex	peer_baseline_dataset_pair_line	pb_source_centroid_direction_agreement_pair_p05	mean_pb_source_centroid_direction_agreement_pair_p05	0.8316508665979963	0.7901839944699989	0.8744428022526902	0.042129403891345674	bca	ok	0.95	2000	2000	23	23	23	pubchem_cid			95% BCa bootstrap CI clustered by PubChem compound; uncertainty is over the observed compound panel, not broader chemical space.	CVCL_0023
tahoe	sciplex	peer_baseline_dataset_pair_line	pb_delta_vs_source_centroid_direction_agreement_p05	mean_pb_delta_vs_source_centroid_direction_agreement_p05	0.08321488503243149	0.003608936404366417	0.13374425289498396	0.06506765824530877	bca	ok	0.95	2000	2000	23	8	8	pubchem_cid			95% BCa bootstrap CI clustered by PubChem compound; uncertainty is over the observed compound panel, not broader chemical space.	CVCL_0023
tahoe	sciplex	peer_baseline_dataset_pair_line	pb_target_centroid_direction_agreement_pair_p05	mean_pb_target_centroid_direction_agreement_pair_p05	0.5789485112866325	0.519089812902303	0.6254960478685815	0.05320311748313922	bca	ok	0.95	2000	2000	23	23	23	pubchem_cid			95% BCa bootstrap CI clustered by PubChem compound; uncertainty is over the observed compound panel, not broader chemical space.	CVCL_0023
tahoe	sciplex	peer_baseline_dataset_pair_line	pb_delta_vs_target_centroid_direction_agreement_p05	mean_pb_delta_vs_target_centroid_direction_agreement_p05	0.34275676291769397	0.28192612380022775	0.4062480730177907	0.06216097460878148	bca	ok	0.95	2000	2000	23	8	8	pubchem_cid			95% BCa bootstrap CI clustered by PubChem compound; uncertainty is over the observed compound panel, not broader chemical space.	CVCL_0023
tahoe	sciplex	peer_baseline_dataset_pair_line	pb_source_peer_direction_agreement_pair_p05	mean_pb_source_peer_direction_agreement_pair_p05	0.6078111727144724	0.590137266882085	0.6290202270708661	0.019441480094390562	bca	ok	0.95	2000	2000	23	8	8	pubchem_cid			95% BCa bootstrap CI clustered by PubChem compound; uncertainty is over the observed compound panel, not broader chemical space.	CVCL_0023
tahoe	sciplex	peer_baseline_dataset_pair_line	pb_delta_vs_source_peer_direction_agreement_p05	mean_pb_delta_vs_source_peer_direction_agreement_p05	0.28790675931591747	0.21350989131424658	0.345041037852864	0.06576557326930871	bca	ok	0.95	2000	2000	23	8	8	pubchem_cid			95% BCa bootstrap CI clustered by PubChem compound; uncertainty is over the observed compound panel, not broader chemical space.	CVCL_0023
tahoe	sciplex	peer_baseline_dataset_pair_line	pb_source_peer_direction_agreement_pair_p05_sd_score	mean_pb_source_peer_direction_agreement_pair_p05_sd_score	0.11805835788291771	0.09813234562477016	0.1455235817577264	0.023695618066478116	bca	ok	0.95	2000	2000	23	8	8	pubchem_cid			95% BCa bootstrap CI clustered by PubChem compound; uncertainty is over the observed compound panel, not broader chemical space.	CVCL_0023
tahoe	sciplex	peer_baseline_dataset_pair_line	pb_source_peer_direction_agreement_pair_p05_fraction_below_observed	mean_pb_source_peer_direction_agreement_pair_p05_fraction_below_observed	0.9165031940770725	0.7782536624140687	0.9888248100754388	0.10528557383068504	bca	ok	0.95	2000	2000	23	8	8	pubchem_cid			95% BCa bootstrap CI clustered by PubChem compound; uncertainty is over the observed compound panel, not broader chemical space.	CVCL_0023
tahoe	sciplex	peer_baseline_dataset_pair_line	pb_source_peer_direction_agreement_pair_p05_corrected_percentile	mean_pb_source_peer_direction_agreement_pair_p05_corrected_percentile	0.9168117455145421	0.7801328892644469	0.9888438287802216	0.10435546975788734	bca	ok	0.95	2000	2000	23	8	8	pubchem_cid			95% BCa bootstrap CI clustered by PubChem compound; uncertainty is over the observed compound panel, not broader chemical space.	CVCL_0023
tahoe	sciplex	peer_baseline_dataset_pair_line	pb_target_peer_direction_agreement_pair_p05	mean_pb_target_peer_direction_agreement_pair_p05	0.5165720403991276	0.4995449302363286	0.5362401175133769	0.018347593638524118	bca	ok	0.95	2000	2000	23	8	8	pubchem_cid			95% BCa bootstrap CI clustered by PubChem compound; uncertainty is over the observed compound panel, not broader chemical space.	CVCL_0023
tahoe	sciplex	peer_baseline_dataset_pair_line	pb_delta_vs_target_peer_direction_agreement_p05	mean_pb_delta_vs_target_peer_direction_agreement_p05	0.3791458916312622	0.3206523051710604	0.42110505915672225	0.05022637699283092	bca	ok	0.95	2000	2000	23	8	8	pubchem_cid			95% BCa bootstrap CI clustered by PubChem compound; uncertainty is over the observed compound panel, not broader chemical space.	CVCL_0023
tahoe	sciplex	peer_baseline_dataset_pair_line	pb_target_peer_direction_agreement_pair_p05_sd_score	mean_pb_target_peer_direction_agreement_pair_p05_sd_score	0.08083204241534848	0.06036823696473158	0.11160880568650178	0.0256202843608851	bca	ok	0.95	2000	2000	23	8	8	pubchem_cid			95% BCa bootstrap CI clustered by PubChem compound; uncertainty is over the observed compound panel, not broader chemical space.	CVCL_0023
tahoe	sciplex	peer_baseline_dataset_pair_line	pb_target_peer_direction_agreement_pair_p05_fraction_below_observed	mean_pb_target_peer_direction_agreement_pair_p05_fraction_below_observed	0.9565467586989398	0.8285266069882725	0.9988302139037433	0.08515180345773538	bca	ok	0.95	2000	2000	23	8	8	pubchem_cid			95% BCa bootstrap CI clustered by PubChem compound; uncertainty is over the observed compound panel, not broader chemical space.	CVCL_0023
tahoe	sciplex	peer_baseline_dataset_pair_line	pb_target_peer_direction_agreement_pair_p05_corrected_percentile	mean_pb_target_peer_direction_agreement_pair_p05_corrected_percentile	0.9567219994791744	0.7566386375723222	0.9988333333333334	0.12109734788050558	bca	ok	0.95	2000	2000	23	8	8	pubchem_cid			95% BCa bootstrap CI clustered by PubChem compound; uncertainty is over the observed compound panel, not broader chemical space.	CVCL_0023
