dataset_a	dataset_b	summary_level	metric	value_col	mean	ci_low	ci_high	ci_half_width	ci_method	ci_status	ci_level	n_bootstrap_iterations	n_bootstrap_valid	n_rows	n_finite_rows	n_compounds	cluster_col	inner_strata	outer_strata	uncertainty_scope	cell_type
l1000_phase1	l1000_phase2	peer_baseline_dataset_pair	pb_observed_spearman_logfc	mean_pb_observed_spearman_logfc	0.2392470558544246	0.21328606916032158	0.27224155484353424	0.029477742841606328	bca	ok	0.95	2000	2000	1060	1060	257	pubchem_cid			95% BCa bootstrap CI clustered by PubChem compound; uncertainty is over the observed compound panel, not broader chemical space.	
l1000_phase1	l1000_phase2	peer_baseline_dataset_pair	pb_source_centroid_spearman_logfc_pair	mean_pb_source_centroid_spearman_logfc_pair	0.28768904352067903	0.2695382970292112	0.3074038440255365	0.018932773498162636	bca	ok	0.95	2000	2000	1060	1060	257	pubchem_cid			95% BCa bootstrap CI clustered by PubChem compound; uncertainty is over the observed compound panel, not broader chemical space.	
l1000_phase1	l1000_phase2	peer_baseline_dataset_pair	pb_delta_vs_source_centroid_spearman_logfc	mean_pb_delta_vs_source_centroid_spearman_logfc	-0.04844198766625441	-0.06725610921288633	-0.02812759182960029	0.019564258691643018	bca	ok	0.95	2000	2000	1060	1060	257	pubchem_cid			95% BCa bootstrap CI clustered by PubChem compound; uncertainty is over the observed compound panel, not broader chemical space.	
l1000_phase1	l1000_phase2	peer_baseline_dataset_pair	pb_target_centroid_spearman_logfc_pair	mean_pb_target_centroid_spearman_logfc_pair	0.16393422517399056	0.14644755737167425	0.1845691393071916	0.019060790967758673	bca	ok	0.95	2000	2000	1060	1060	257	pubchem_cid			95% BCa bootstrap CI clustered by PubChem compound; uncertainty is over the observed compound panel, not broader chemical space.	
l1000_phase1	l1000_phase2	peer_baseline_dataset_pair	pb_delta_vs_target_centroid_spearman_logfc	mean_pb_delta_vs_target_centroid_spearman_logfc	0.07531283068043405	0.05969208655229591	0.09321850012713723	0.01676320678742066	bca	ok	0.95	2000	2000	1060	1060	257	pubchem_cid			95% BCa bootstrap CI clustered by PubChem compound; uncertainty is over the observed compound panel, not broader chemical space.	
l1000_phase1	l1000_phase2	peer_baseline_dataset_pair	pb_source_peer_spearman_logfc_pair	mean_pb_source_peer_spearman_logfc_pair	0.0955718289228369	0.08979242907081811	0.10127347876417483	0.005740524846678363	bca	ok	0.95	2000	2000	1060	1060	257	pubchem_cid			95% BCa bootstrap CI clustered by PubChem compound; uncertainty is over the observed compound panel, not broader chemical space.	
l1000_phase1	l1000_phase2	peer_baseline_dataset_pair	pb_delta_vs_source_peer_spearman_logfc	mean_pb_delta_vs_source_peer_spearman_logfc	0.14367522693158769	0.11867354616690706	0.17145607993974027	0.026391266886416603	bca	ok	0.95	2000	2000	1060	1060	257	pubchem_cid			95% BCa bootstrap CI clustered by PubChem compound; uncertainty is over the observed compound panel, not broader chemical space.	
l1000_phase1	l1000_phase2	peer_baseline_dataset_pair	pb_source_peer_spearman_logfc_pair_sd_score	mean_pb_source_peer_spearman_logfc_pair_sd_score	0.15388754506788008	0.15024466352839044	0.15832342922992376	0.00403938285076666	bca	ok	0.95	2000	2000	1060	1060	257	pubchem_cid			95% BCa bootstrap CI clustered by PubChem compound; uncertainty is over the observed compound panel, not broader chemical space.	
l1000_phase1	l1000_phase2	peer_baseline_dataset_pair	pb_source_peer_spearman_logfc_pair_fraction_below_observed	mean_pb_source_peer_spearman_logfc_pair_fraction_below_observed	0.6726822293290609	0.6459449022152852	0.6985077399750704	0.026281418879892604	bca	ok	0.95	2000	2000	1060	1060	257	pubchem_cid			95% BCa bootstrap CI clustered by PubChem compound; uncertainty is over the observed compound panel, not broader chemical space.	
l1000_phase1	l1000_phase2	peer_baseline_dataset_pair	pb_source_peer_spearman_logfc_pair_corrected_percentile	mean_pb_source_peer_spearman_logfc_pair_corrected_percentile	0.6762933586015049	0.6502233070658783	0.703288546492965	0.02653261971354337	bca	ok	0.95	2000	2000	1060	1060	257	pubchem_cid			95% BCa bootstrap CI clustered by PubChem compound; uncertainty is over the observed compound panel, not broader chemical space.	
l1000_phase1	l1000_phase2	peer_baseline_dataset_pair	pb_target_peer_spearman_logfc_pair	mean_pb_target_peer_spearman_logfc_pair	0.04612649569870876	0.040876501204873544	0.051353153298735334	0.005238326046930895	bca	ok	0.95	2000	2000	1060	1060	257	pubchem_cid			95% BCa bootstrap CI clustered by PubChem compound; uncertainty is over the observed compound panel, not broader chemical space.	
l1000_phase1	l1000_phase2	peer_baseline_dataset_pair	pb_delta_vs_target_peer_spearman_logfc	mean_pb_delta_vs_target_peer_spearman_logfc	0.19312056015571585	0.16948950332959878	0.22428619773305242	0.02739834720172682	bca	ok	0.95	2000	2000	1060	1060	257	pubchem_cid			95% BCa bootstrap CI clustered by PubChem compound; uncertainty is over the observed compound panel, not broader chemical space.	
l1000_phase1	l1000_phase2	peer_baseline_dataset_pair	pb_target_peer_spearman_logfc_pair_sd_score	mean_pb_target_peer_spearman_logfc_pair_sd_score	0.1260511193444146	0.12227518351619275	0.1301846844442503	0.003954750464028774	bca	ok	0.95	2000	2000	1060	1060	257	pubchem_cid			95% BCa bootstrap CI clustered by PubChem compound; uncertainty is over the observed compound panel, not broader chemical space.	
l1000_phase1	l1000_phase2	peer_baseline_dataset_pair	pb_target_peer_spearman_logfc_pair_fraction_below_observed	mean_pb_target_peer_spearman_logfc_pair_fraction_below_observed	0.7661290003084843	0.7426124940574346	0.7902848202829105	0.02383616311273795	bca	ok	0.95	2000	2000	1060	1060	257	pubchem_cid			95% BCa bootstrap CI clustered by PubChem compound; uncertainty is over the observed compound panel, not broader chemical space.	
l1000_phase1	l1000_phase2	peer_baseline_dataset_pair	pb_target_peer_spearman_logfc_pair_corrected_percentile	mean_pb_target_peer_spearman_logfc_pair_corrected_percentile	0.7678590199107725	0.745296864327043	0.7908337461643974	0.02276844091867719	bca	ok	0.95	2000	2000	1060	1060	257	pubchem_cid			95% BCa bootstrap CI clustered by PubChem compound; uncertainty is over the observed compound panel, not broader chemical space.	
l1000_phase1	sciplex	peer_baseline_dataset_pair	pb_observed_spearman_logfc	mean_pb_observed_spearman_logfc	0.09469713545828057	0.07201629325186454	0.12392507728097474	0.0259543920145551	bca	ok	0.95	2000	2000	162	162	90	pubchem_cid			95% BCa bootstrap CI clustered by PubChem compound; uncertainty is over the observed compound panel, not broader chemical space.	
l1000_phase1	sciplex	peer_baseline_dataset_pair	pb_source_centroid_spearman_logfc_pair	mean_pb_source_centroid_spearman_logfc_pair	0.2637922740662161	0.23847089540239894	0.28860156801039727	0.025065336303999167	bca	ok	0.95	2000	2000	162	162	90	pubchem_cid			95% BCa bootstrap CI clustered by PubChem compound; uncertainty is over the observed compound panel, not broader chemical space.	
l1000_phase1	sciplex	peer_baseline_dataset_pair	pb_delta_vs_source_centroid_spearman_logfc	mean_pb_delta_vs_source_centroid_spearman_logfc	-0.16909513860793554	-0.1889882610480208	-0.14649727098414017	0.021245495031940315	bca	ok	0.95	2000	2000	162	162	90	pubchem_cid			95% BCa bootstrap CI clustered by PubChem compound; uncertainty is over the observed compound panel, not broader chemical space.	
l1000_phase1	sciplex	peer_baseline_dataset_pair	pb_target_centroid_spearman_logfc_pair	mean_pb_target_centroid_spearman_logfc_pair	0.08488657615971441	0.07056784629932376	0.09961012528622233	0.014521139493449284	bca	ok	0.95	2000	2000	162	162	90	pubchem_cid			95% BCa bootstrap CI clustered by PubChem compound; uncertainty is over the observed compound panel, not broader chemical space.	
l1000_phase1	sciplex	peer_baseline_dataset_pair	pb_delta_vs_target_centroid_spearman_logfc	mean_pb_delta_vs_target_centroid_spearman_logfc	0.009810559298566172	-0.004974846975914028	0.028826339978588373	0.016900593477251202	bca	ok	0.95	2000	2000	162	162	90	pubchem_cid			95% BCa bootstrap CI clustered by PubChem compound; uncertainty is over the observed compound panel, not broader chemical space.	
l1000_phase1	sciplex	peer_baseline_dataset_pair	pb_source_peer_spearman_logfc_pair	mean_pb_source_peer_spearman_logfc_pair	0.07028627806924485	0.0646629258649204	0.07592830867617709	0.005632691405628346	bca	ok	0.95	2000	2000	162	162	90	pubchem_cid			95% BCa bootstrap CI clustered by PubChem compound; uncertainty is over the observed compound panel, not broader chemical space.	
l1000_phase1	sciplex	peer_baseline_dataset_pair	pb_delta_vs_source_peer_spearman_logfc	mean_pb_delta_vs_source_peer_spearman_logfc	0.02441085738903573	0.0036086104021431113	0.0508852106052137	0.023638300101535295	bca	ok	0.95	2000	2000	162	162	90	pubchem_cid			95% BCa bootstrap CI clustered by PubChem compound; uncertainty is over the observed compound panel, not broader chemical space.	
l1000_phase1	sciplex	peer_baseline_dataset_pair	pb_source_peer_spearman_logfc_pair_sd_score	mean_pb_source_peer_spearman_logfc_pair_sd_score	0.12220370177938669	0.11658768100426825	0.1289149574728312	0.006163638234281468	bca	ok	0.95	2000	2000	162	162	90	pubchem_cid			95% BCa bootstrap CI clustered by PubChem compound; uncertainty is over the observed compound panel, not broader chemical space.	
l1000_phase1	sciplex	peer_baseline_dataset_pair	pb_source_peer_spearman_logfc_pair_fraction_below_observed	mean_pb_source_peer_spearman_logfc_pair_fraction_below_observed	0.5145952589344269	0.4728521283291644	0.5554998026072397	0.04132383713903767	bca	ok	0.95	2000	2000	162	162	90	pubchem_cid			95% BCa bootstrap CI clustered by PubChem compound; uncertainty is over the observed compound panel, not broader chemical space.	
l1000_phase1	sciplex	peer_baseline_dataset_pair	pb_source_peer_spearman_logfc_pair_corrected_percentile	mean_pb_source_peer_spearman_logfc_pair_corrected_percentile	0.5176811118191885	0.48023015373029093	0.5631959142165355	0.04148288024312227	bca	ok	0.95	2000	2000	162	162	90	pubchem_cid			95% BCa bootstrap CI clustered by PubChem compound; uncertainty is over the observed compound panel, not broader chemical space.	
l1000_phase1	sciplex	peer_baseline_dataset_pair	pb_target_peer_spearman_logfc_pair	mean_pb_target_peer_spearman_logfc_pair	0.020892253687701926	0.01779723630411392	0.024077935305092158	0.0031403495004891195	bca	ok	0.95	2000	2000	162	162	90	pubchem_cid			95% BCa bootstrap CI clustered by PubChem compound; uncertainty is over the observed compound panel, not broader chemical space.	
l1000_phase1	sciplex	peer_baseline_dataset_pair	pb_delta_vs_target_peer_spearman_logfc	mean_pb_delta_vs_target_peer_spearman_logfc	0.07380488177057867	0.052803009015365734	0.10177682725371179	0.024486909119173027	bca	ok	0.95	2000	2000	162	162	90	pubchem_cid			95% BCa bootstrap CI clustered by PubChem compound; uncertainty is over the observed compound panel, not broader chemical space.	
l1000_phase1	sciplex	peer_baseline_dataset_pair	pb_target_peer_spearman_logfc_pair_sd_score	mean_pb_target_peer_spearman_logfc_pair_sd_score	0.050455746965838995	0.04768355597492808	0.0540258350495844	0.003171139537328161	bca	ok	0.95	2000	2000	162	162	90	pubchem_cid			95% BCa bootstrap CI clustered by PubChem compound; uncertainty is over the observed compound panel, not broader chemical space.	
l1000_phase1	sciplex	peer_baseline_dataset_pair	pb_target_peer_spearman_logfc_pair_fraction_below_observed	mean_pb_target_peer_spearman_logfc_pair_fraction_below_observed	0.6724207124410668	0.6216244756316824	0.7189497673215373	0.04866264584492741	bca	ok	0.95	2000	2000	162	162	90	pubchem_cid			95% BCa bootstrap CI clustered by PubChem compound; uncertainty is over the observed compound panel, not broader chemical space.	
l1000_phase1	sciplex	peer_baseline_dataset_pair	pb_target_peer_spearman_logfc_pair_corrected_percentile	mean_pb_target_peer_spearman_logfc_pair_corrected_percentile	0.6741154926824314	0.6265523735890867	0.7235266004949183	0.04848711345291584	bca	ok	0.95	2000	2000	162	162	90	pubchem_cid			95% BCa bootstrap CI clustered by PubChem compound; uncertainty is over the observed compound panel, not broader chemical space.	
l1000_phase1	tahoe	peer_baseline_dataset_pair	pb_observed_spearman_logfc	mean_pb_observed_spearman_logfc	0.037680684116775776	0.01963941197619989	0.06382726659131296	0.022093927307556535	bca	ok	0.95	2000	2000	114	114	86	pubchem_cid			95% BCa bootstrap CI clustered by PubChem compound; uncertainty is over the observed compound panel, not broader chemical space.	
l1000_phase1	tahoe	peer_baseline_dataset_pair	pb_source_centroid_spearman_logfc_pair	mean_pb_source_centroid_spearman_logfc_pair	0.2742542043075995	0.25266420563134334	0.29782824165171534	0.022582018010186	bca	ok	0.95	2000	2000	114	114	86	pubchem_cid			95% BCa bootstrap CI clustered by PubChem compound; uncertainty is over the observed compound panel, not broader chemical space.	
l1000_phase1	tahoe	peer_baseline_dataset_pair	pb_delta_vs_source_centroid_spearman_logfc	mean_pb_delta_vs_source_centroid_spearman_logfc	-0.2365735201908237	-0.2600301908335985	-0.21092428548950748	0.02455295267204552	bca	ok	0.95	2000	2000	114	114	86	pubchem_cid			95% BCa bootstrap CI clustered by PubChem compound; uncertainty is over the observed compound panel, not broader chemical space.	
l1000_phase1	tahoe	peer_baseline_dataset_pair	pb_target_centroid_spearman_logfc_pair	mean_pb_target_centroid_spearman_logfc_pair	-0.016617075243389595	-0.024591049940868036	-0.007806261962782924	0.008392393989042556	bca	ok	0.95	2000	2000	114	114	86	pubchem_cid			95% BCa bootstrap CI clustered by PubChem compound; uncertainty is over the observed compound panel, not broader chemical space.	
l1000_phase1	tahoe	peer_baseline_dataset_pair	pb_delta_vs_target_centroid_spearman_logfc	mean_pb_delta_vs_target_centroid_spearman_logfc	0.05429775936016537	0.036898691626484924	0.07607905248077439	0.01959018042714473	bca	ok	0.95	2000	2000	114	114	86	pubchem_cid			95% BCa bootstrap CI clustered by PubChem compound; uncertainty is over the observed compound panel, not broader chemical space.	
l1000_phase1	tahoe	peer_baseline_dataset_pair	pb_source_peer_spearman_logfc_pair	mean_pb_source_peer_spearman_logfc_pair	0.10435505209441134	0.09815474808023819	0.1108939691328259	0.0063696105262938535	bca	ok	0.95	2000	2000	114	114	86	pubchem_cid			95% BCa bootstrap CI clustered by PubChem compound; uncertainty is over the observed compound panel, not broader chemical space.	
l1000_phase1	tahoe	peer_baseline_dataset_pair	pb_delta_vs_source_peer_spearman_logfc	mean_pb_delta_vs_source_peer_spearman_logfc	-0.06667436797763555	-0.08491595245435002	-0.043576880210033385	0.020669536122158317	bca	ok	0.95	2000	2000	114	114	86	pubchem_cid			95% BCa bootstrap CI clustered by PubChem compound; uncertainty is over the observed compound panel, not broader chemical space.	
l1000_phase1	tahoe	peer_baseline_dataset_pair	pb_source_peer_spearman_logfc_pair_sd_score	mean_pb_source_peer_spearman_logfc_pair_sd_score	0.14026838033712094	0.13382560074935415	0.14766439647339316	0.006919397862019505	bca	ok	0.95	2000	2000	114	114	86	pubchem_cid			95% BCa bootstrap CI clustered by PubChem compound; uncertainty is over the observed compound panel, not broader chemical space.	
l1000_phase1	tahoe	peer_baseline_dataset_pair	pb_source_peer_spearman_logfc_pair_fraction_below_observed	mean_pb_source_peer_spearman_logfc_pair_fraction_below_observed	0.3488029466279777	0.31123781609223405	0.3953934534755057	0.04207781869163582	bca	ok	0.95	2000	2000	114	114	86	pubchem_cid			95% BCa bootstrap CI clustered by PubChem compound; uncertainty is over the observed compound panel, not broader chemical space.	
l1000_phase1	tahoe	peer_baseline_dataset_pair	pb_source_peer_spearman_logfc_pair_corrected_percentile	mean_pb_source_peer_spearman_logfc_pair_corrected_percentile	0.35126378809965186	0.31474153825821266	0.40142523427901955	0.043341848010403444	bca	ok	0.95	2000	2000	114	114	86	pubchem_cid			95% BCa bootstrap CI clustered by PubChem compound; uncertainty is over the observed compound panel, not broader chemical space.	
l1000_phase1	tahoe	peer_baseline_dataset_pair	pb_target_peer_spearman_logfc_pair	mean_pb_target_peer_spearman_logfc_pair	-0.003096969198515685	-0.005196302541170981	-8.424928869650981e-05	0.0025560266262372356	bca	ok	0.95	2000	2000	114	114	86	pubchem_cid			95% BCa bootstrap CI clustered by PubChem compound; uncertainty is over the observed compound panel, not broader chemical space.	
l1000_phase1	tahoe	peer_baseline_dataset_pair	pb_delta_vs_target_peer_spearman_logfc	mean_pb_delta_vs_target_peer_spearman_logfc	0.040777653315291464	0.022318580202652444	0.06558496149752878	0.02163319064743817	bca	ok	0.95	2000	2000	114	114	86	pubchem_cid			95% BCa bootstrap CI clustered by PubChem compound; uncertainty is over the observed compound panel, not broader chemical space.	
l1000_phase1	tahoe	peer_baseline_dataset_pair	pb_target_peer_spearman_logfc_pair_sd_score	mean_pb_target_peer_spearman_logfc_pair_sd_score	0.047369718122818184	0.04567504459331353	0.04935973628720326	0.0018423458469448671	bca	ok	0.95	2000	2000	114	114	86	pubchem_cid			95% BCa bootstrap CI clustered by PubChem compound; uncertainty is over the observed compound panel, not broader chemical space.	
l1000_phase1	tahoe	peer_baseline_dataset_pair	pb_target_peer_spearman_logfc_pair_fraction_below_observed	mean_pb_target_peer_spearman_logfc_pair_fraction_below_observed	0.6217858182346749	0.5589900040231425	0.6840151673582765	0.06251258166756701	bca	ok	0.95	2000	2000	114	114	86	pubchem_cid			95% BCa bootstrap CI clustered by PubChem compound; uncertainty is over the observed compound panel, not broader chemical space.	
l1000_phase1	tahoe	peer_baseline_dataset_pair	pb_target_peer_spearman_logfc_pair_corrected_percentile	mean_pb_target_peer_spearman_logfc_pair_corrected_percentile	0.6229038859776835	0.5619885935070738	0.683675818668844	0.06084361258088511	bca	ok	0.95	2000	2000	114	114	86	pubchem_cid			95% BCa bootstrap CI clustered by PubChem compound; uncertainty is over the observed compound panel, not broader chemical space.	
l1000_phase2	sciplex	peer_baseline_dataset_pair	pb_observed_spearman_logfc	mean_pb_observed_spearman_logfc	0.10202561786690542	0.07924389920867252	0.13298265826082717	0.026869379526077326	bca	ok	0.95	2000	2000	127	127	83	pubchem_cid			95% BCa bootstrap CI clustered by PubChem compound; uncertainty is over the observed compound panel, not broader chemical space.	
l1000_phase2	sciplex	peer_baseline_dataset_pair	pb_source_centroid_spearman_logfc_pair	mean_pb_source_centroid_spearman_logfc_pair	0.2043871008775652	0.1800758694890888	0.2280484144374692	0.023986272474190204	bca	ok	0.95	2000	2000	127	127	83	pubchem_cid			95% BCa bootstrap CI clustered by PubChem compound; uncertainty is over the observed compound panel, not broader chemical space.	
l1000_phase2	sciplex	peer_baseline_dataset_pair	pb_delta_vs_source_centroid_spearman_logfc	mean_pb_delta_vs_source_centroid_spearman_logfc	-0.10236148301065981	-0.12059311584566071	-0.08211742434000843	0.019237845752826138	bca	ok	0.95	2000	2000	127	127	83	pubchem_cid			95% BCa bootstrap CI clustered by PubChem compound; uncertainty is over the observed compound panel, not broader chemical space.	
l1000_phase2	sciplex	peer_baseline_dataset_pair	pb_target_centroid_spearman_logfc_pair	mean_pb_target_centroid_spearman_logfc_pair	0.0783598460753378	0.06388706179235262	0.0954267160751935	0.015769827141420438	bca	ok	0.95	2000	2000	127	127	83	pubchem_cid			95% BCa bootstrap CI clustered by PubChem compound; uncertainty is over the observed compound panel, not broader chemical space.	
l1000_phase2	sciplex	peer_baseline_dataset_pair	pb_delta_vs_target_centroid_spearman_logfc	mean_pb_delta_vs_target_centroid_spearman_logfc	0.023665771791567623	0.008646518294162306	0.04369851893739375	0.017526000321615724	bca	ok	0.95	2000	2000	127	127	83	pubchem_cid			95% BCa bootstrap CI clustered by PubChem compound; uncertainty is over the observed compound panel, not broader chemical space.	
l1000_phase2	sciplex	peer_baseline_dataset_pair	pb_source_peer_spearman_logfc_pair	mean_pb_source_peer_spearman_logfc_pair	0.05568516150407747	0.050795739410805466	0.06007491167160106	0.004639586130397798	bca	ok	0.95	2000	2000	127	127	83	pubchem_cid			95% BCa bootstrap CI clustered by PubChem compound; uncertainty is over the observed compound panel, not broader chemical space.	
l1000_phase2	sciplex	peer_baseline_dataset_pair	pb_delta_vs_source_peer_spearman_logfc	mean_pb_delta_vs_source_peer_spearman_logfc	0.04634045636282795	0.02464588017025569	0.0772059284336635	0.026280024131703904	bca	ok	0.95	2000	2000	127	127	83	pubchem_cid			95% BCa bootstrap CI clustered by PubChem compound; uncertainty is over the observed compound panel, not broader chemical space.	
l1000_phase2	sciplex	peer_baseline_dataset_pair	pb_source_peer_spearman_logfc_pair_sd_score	mean_pb_source_peer_spearman_logfc_pair_sd_score	0.1076576112906733	0.10359539294642733	0.11182310345520795	0.004113855254390307	bca	ok	0.95	2000	2000	127	127	83	pubchem_cid			95% BCa bootstrap CI clustered by PubChem compound; uncertainty is over the observed compound panel, not broader chemical space.	
l1000_phase2	sciplex	peer_baseline_dataset_pair	pb_source_peer_spearman_logfc_pair_fraction_below_observed	mean_pb_source_peer_spearman_logfc_pair_fraction_below_observed	0.5579670516357256	0.5216634040116148	0.6012603481329215	0.039798472060653345	bca	ok	0.95	2000	2000	127	127	83	pubchem_cid			95% BCa bootstrap CI clustered by PubChem compound; uncertainty is over the observed compound panel, not broader chemical space.	
l1000_phase2	sciplex	peer_baseline_dataset_pair	pb_source_peer_spearman_logfc_pair_corrected_percentile	mean_pb_source_peer_spearman_logfc_pair_corrected_percentile	0.5597731255466566	0.524399672148243	0.6039607991381672	0.03978056349496212	bca	ok	0.95	2000	2000	127	127	83	pubchem_cid			95% BCa bootstrap CI clustered by PubChem compound; uncertainty is over the observed compound panel, not broader chemical space.	
l1000_phase2	sciplex	peer_baseline_dataset_pair	pb_target_peer_spearman_logfc_pair	mean_pb_target_peer_spearman_logfc_pair	0.018424915565839955	0.015213184850088726	0.02175839640308121	0.003272605776496242	bca	ok	0.95	2000	2000	127	127	83	pubchem_cid			95% BCa bootstrap CI clustered by PubChem compound; uncertainty is over the observed compound panel, not broader chemical space.	
l1000_phase2	sciplex	peer_baseline_dataset_pair	pb_delta_vs_target_peer_spearman_logfc	mean_pb_delta_vs_target_peer_spearman_logfc	0.08360070230106545	0.06119068762074259	0.1129213620511461	0.025865337215201754	bca	ok	0.95	2000	2000	127	127	83	pubchem_cid			95% BCa bootstrap CI clustered by PubChem compound; uncertainty is over the observed compound panel, not broader chemical space.	
l1000_phase2	sciplex	peer_baseline_dataset_pair	pb_target_peer_spearman_logfc_pair_sd_score	mean_pb_target_peer_spearman_logfc_pair_sd_score	0.050794890889180364	0.047906102116500905	0.05450921069322378	0.003301554288361437	bca	ok	0.95	2000	2000	127	127	83	pubchem_cid			95% BCa bootstrap CI clustered by PubChem compound; uncertainty is over the observed compound panel, not broader chemical space.	
l1000_phase2	sciplex	peer_baseline_dataset_pair	pb_target_peer_spearman_logfc_pair_fraction_below_observed	mean_pb_target_peer_spearman_logfc_pair_fraction_below_observed	0.6994111752561868	0.6558498881350193	0.7377822626463433	0.04096618725566198	bca	ok	0.95	2000	2000	127	127	83	pubchem_cid			95% BCa bootstrap CI clustered by PubChem compound; uncertainty is over the observed compound panel, not broader chemical space.	
l1000_phase2	sciplex	peer_baseline_dataset_pair	pb_target_peer_spearman_logfc_pair_corrected_percentile	mean_pb_target_peer_spearman_logfc_pair_corrected_percentile	0.7006509777894518	0.6607062815294079	0.7408757558084785	0.04008473713953531	bca	ok	0.95	2000	2000	127	127	83	pubchem_cid			95% BCa bootstrap CI clustered by PubChem compound; uncertainty is over the observed compound panel, not broader chemical space.	
l1000_phase2	tahoe	peer_baseline_dataset_pair	pb_observed_spearman_logfc	mean_pb_observed_spearman_logfc	0.027032745539362035	0.016543562093370663	0.04267785332548313	0.013067145616056233	bca	ok	0.95	2000	2000	134	134	110	pubchem_cid			95% BCa bootstrap CI clustered by PubChem compound; uncertainty is over the observed compound panel, not broader chemical space.	
l1000_phase2	tahoe	peer_baseline_dataset_pair	pb_source_centroid_spearman_logfc_pair	mean_pb_source_centroid_spearman_logfc_pair	0.27636114968533393	0.2591018245305374	0.2922483981961433	0.016573286832802958	bca	ok	0.95	2000	2000	134	134	110	pubchem_cid			95% BCa bootstrap CI clustered by PubChem compound; uncertainty is over the observed compound panel, not broader chemical space.	
l1000_phase2	tahoe	peer_baseline_dataset_pair	pb_delta_vs_source_centroid_spearman_logfc	mean_pb_delta_vs_source_centroid_spearman_logfc	-0.24932840414597182	-0.26582151075263694	-0.23395240432494815	0.01593455321384439	bca	ok	0.95	2000	2000	134	134	110	pubchem_cid			95% BCa bootstrap CI clustered by PubChem compound; uncertainty is over the observed compound panel, not broader chemical space.	
l1000_phase2	tahoe	peer_baseline_dataset_pair	pb_target_centroid_spearman_logfc_pair	mean_pb_target_centroid_spearman_logfc_pair	0.011183088590187051	0.005138282772041767	0.016657607350446017	0.0057596622892021245	bca	ok	0.95	2000	2000	134	134	110	pubchem_cid			95% BCa bootstrap CI clustered by PubChem compound; uncertainty is over the observed compound panel, not broader chemical space.	
l1000_phase2	tahoe	peer_baseline_dataset_pair	pb_delta_vs_target_centroid_spearman_logfc	mean_pb_delta_vs_target_centroid_spearman_logfc	0.015849656949174982	0.004374446277916319	0.029944174638136936	0.012784864180110309	bca	ok	0.95	2000	2000	134	134	110	pubchem_cid			95% BCa bootstrap CI clustered by PubChem compound; uncertainty is over the observed compound panel, not broader chemical space.	
l1000_phase2	tahoe	peer_baseline_dataset_pair	pb_source_peer_spearman_logfc_pair	mean_pb_source_peer_spearman_logfc_pair	0.11648892840322109	0.11183705165970922	0.12064185506368785	0.004402401701989314	bca	ok	0.95	2000	2000	134	134	110	pubchem_cid			95% BCa bootstrap CI clustered by PubChem compound; uncertainty is over the observed compound panel, not broader chemical space.	
l1000_phase2	tahoe	peer_baseline_dataset_pair	pb_delta_vs_source_peer_spearman_logfc	mean_pb_delta_vs_source_peer_spearman_logfc	-0.08945618286385905	-0.10130492734619284	-0.07295615462233292	0.014174386361929962	bca	ok	0.95	2000	2000	134	134	110	pubchem_cid			95% BCa bootstrap CI clustered by PubChem compound; uncertainty is over the observed compound panel, not broader chemical space.	
l1000_phase2	tahoe	peer_baseline_dataset_pair	pb_source_peer_spearman_logfc_pair_sd_score	mean_pb_source_peer_spearman_logfc_pair_sd_score	0.11304921943363648	0.10928758354332353	0.11704083057933355	0.0038766235180050096	bca	ok	0.95	2000	2000	134	134	110	pubchem_cid			95% BCa bootstrap CI clustered by PubChem compound; uncertainty is over the observed compound panel, not broader chemical space.	
l1000_phase2	tahoe	peer_baseline_dataset_pair	pb_source_peer_spearman_logfc_pair_fraction_below_observed	mean_pb_source_peer_spearman_logfc_pair_fraction_below_observed	0.28610886182242246	0.2587591584398626	0.3176283231277838	0.029434582343960597	bca	ok	0.95	2000	2000	134	134	110	pubchem_cid			95% BCa bootstrap CI clustered by PubChem compound; uncertainty is over the observed compound panel, not broader chemical space.	
l1000_phase2	tahoe	peer_baseline_dataset_pair	pb_source_peer_spearman_logfc_pair_corrected_percentile	mean_pb_source_peer_spearman_logfc_pair_corrected_percentile	0.2878818093348415	0.2625726160663486	0.3239364750657698	0.030681929499710603	bca	ok	0.95	2000	2000	134	134	110	pubchem_cid			95% BCa bootstrap CI clustered by PubChem compound; uncertainty is over the observed compound panel, not broader chemical space.	
l1000_phase2	tahoe	peer_baseline_dataset_pair	pb_target_peer_spearman_logfc_pair	mean_pb_target_peer_spearman_logfc_pair	-0.0012359490476910205	-0.0027609623615423313	0.00035521796740774653	0.0015580901644750389	bca	ok	0.95	2000	2000	134	134	110	pubchem_cid			95% BCa bootstrap CI clustered by PubChem compound; uncertainty is over the observed compound panel, not broader chemical space.	
l1000_phase2	tahoe	peer_baseline_dataset_pair	pb_delta_vs_target_peer_spearman_logfc	mean_pb_delta_vs_target_peer_spearman_logfc	0.02826869458705305	0.0181298837986218	0.04497353881696735	0.013421827509172774	bca	ok	0.95	2000	2000	134	134	110	pubchem_cid			95% BCa bootstrap CI clustered by PubChem compound; uncertainty is over the observed compound panel, not broader chemical space.	
l1000_phase2	tahoe	peer_baseline_dataset_pair	pb_target_peer_spearman_logfc_pair_sd_score	mean_pb_target_peer_spearman_logfc_pair_sd_score	0.04830850526975212	0.046869475972499935	0.05023685316775316	0.0016836885976266106	bca	ok	0.95	2000	2000	134	134	110	pubchem_cid			95% BCa bootstrap CI clustered by PubChem compound; uncertainty is over the observed compound panel, not broader chemical space.	
l1000_phase2	tahoe	peer_baseline_dataset_pair	pb_target_peer_spearman_logfc_pair_fraction_below_observed	mean_pb_target_peer_spearman_logfc_pair_fraction_below_observed	0.5954971627194735	0.5576773472863736	0.6345013342409187	0.03841199347727253	bca	ok	0.95	2000	2000	134	134	110	pubchem_cid			95% BCa bootstrap CI clustered by PubChem compound; uncertainty is over the observed compound panel, not broader chemical space.	
l1000_phase2	tahoe	peer_baseline_dataset_pair	pb_target_peer_spearman_logfc_pair_corrected_percentile	mean_pb_target_peer_spearman_logfc_pair_corrected_percentile	0.5964788031033635	0.5623473391757471	0.6381351818120625	0.03789392131815772	bca	ok	0.95	2000	2000	134	134	110	pubchem_cid			95% BCa bootstrap CI clustered by PubChem compound; uncertainty is over the observed compound panel, not broader chemical space.	
tahoe	sciplex	peer_baseline_dataset_pair	pb_observed_spearman_logfc	mean_pb_observed_spearman_logfc	0.052574546566602445	0.02400837576119416	0.11939736875573387	0.04769449649726985	bca	ok	0.95	2000	2000	23	23	23	pubchem_cid			95% BCa bootstrap CI clustered by PubChem compound; uncertainty is over the observed compound panel, not broader chemical space.	
tahoe	sciplex	peer_baseline_dataset_pair	pb_source_centroid_spearman_logfc_pair	mean_pb_source_centroid_spearman_logfc_pair	0.3384492299345955	0.3140358114509715	0.35745957319071175	0.021711880869870137	bca	ok	0.95	2000	2000	23	23	23	pubchem_cid			95% BCa bootstrap CI clustered by PubChem compound; uncertainty is over the observed compound panel, not broader chemical space.	
tahoe	sciplex	peer_baseline_dataset_pair	pb_delta_vs_source_centroid_spearman_logfc	mean_pb_delta_vs_source_centroid_spearman_logfc	-0.2858746833679931	-0.3168006093840275	-0.22724913084094914	0.044775739271539175	bca	ok	0.95	2000	2000	23	23	23	pubchem_cid			95% BCa bootstrap CI clustered by PubChem compound; uncertainty is over the observed compound panel, not broader chemical space.	
tahoe	sciplex	peer_baseline_dataset_pair	pb_target_centroid_spearman_logfc_pair	mean_pb_target_centroid_spearman_logfc_pair	0.01641747401053523	0.0027102937319149383	0.03242323886382658	0.014856472565955821	bca	ok	0.95	2000	2000	23	23	23	pubchem_cid			95% BCa bootstrap CI clustered by PubChem compound; uncertainty is over the observed compound panel, not broader chemical space.	
tahoe	sciplex	peer_baseline_dataset_pair	pb_delta_vs_target_centroid_spearman_logfc	mean_pb_delta_vs_target_centroid_spearman_logfc	0.03615707255606722	0.013095576997844043	0.08652606141895089	0.036715242210553424	bca	ok	0.95	2000	2000	23	23	23	pubchem_cid			95% BCa bootstrap CI clustered by PubChem compound; uncertainty is over the observed compound panel, not broader chemical space.	
tahoe	sciplex	peer_baseline_dataset_pair	pb_source_peer_spearman_logfc_pair	mean_pb_source_peer_spearman_logfc_pair	0.13413062291521144	0.1250003648984512	0.1417147398592049	0.008357187480376851	bca	ok	0.95	2000	2000	23	23	23	pubchem_cid			95% BCa bootstrap CI clustered by PubChem compound; uncertainty is over the observed compound panel, not broader chemical space.	
tahoe	sciplex	peer_baseline_dataset_pair	pb_delta_vs_source_peer_spearman_logfc	mean_pb_delta_vs_source_peer_spearman_logfc	-0.08155607634860897	-0.11128132619331667	-0.012179423667580704	0.04955095126286798	bca	ok	0.95	2000	2000	23	23	23	pubchem_cid			95% BCa bootstrap CI clustered by PubChem compound; uncertainty is over the observed compound panel, not broader chemical space.	
tahoe	sciplex	peer_baseline_dataset_pair	pb_source_peer_spearman_logfc_pair_sd_score	mean_pb_source_peer_spearman_logfc_pair_sd_score	0.10912309165762835	0.10447739990103973	0.11374533432640277	0.004633967212681521	bca	ok	0.95	2000	2000	23	23	23	pubchem_cid			95% BCa bootstrap CI clustered by PubChem compound; uncertainty is over the observed compound panel, not broader chemical space.	
tahoe	sciplex	peer_baseline_dataset_pair	pb_source_peer_spearman_logfc_pair_fraction_below_observed	mean_pb_source_peer_spearman_logfc_pair_fraction_below_observed	0.32437913738318735	0.26243317663457777	0.4272702684989109	0.08241854593216658	bca	ok	0.95	2000	2000	23	23	23	pubchem_cid			95% BCa bootstrap CI clustered by PubChem compound; uncertainty is over the observed compound panel, not broader chemical space.	
tahoe	sciplex	peer_baseline_dataset_pair	pb_source_peer_spearman_logfc_pair_corrected_percentile	mean_pb_source_peer_spearman_logfc_pair_corrected_percentile	0.32693610224476105	0.26391432129121806	0.43660775233559057	0.08634671552218626	bca	ok	0.95	2000	2000	23	23	23	pubchem_cid			95% BCa bootstrap CI clustered by PubChem compound; uncertainty is over the observed compound panel, not broader chemical space.	
tahoe	sciplex	peer_baseline_dataset_pair	pb_target_peer_spearman_logfc_pair	mean_pb_target_peer_spearman_logfc_pair	0.002712149284706293	-0.001520692719961307	0.007776730631510738	0.0046487116757360225	bca	ok	0.95	2000	2000	23	23	23	pubchem_cid			95% BCa bootstrap CI clustered by PubChem compound; uncertainty is over the observed compound panel, not broader chemical space.	
tahoe	sciplex	peer_baseline_dataset_pair	pb_delta_vs_target_peer_spearman_logfc	mean_pb_delta_vs_target_peer_spearman_logfc	0.04986239728189616	0.021855935298030038	0.11215665226166749	0.045150358481818725	bca	ok	0.95	2000	2000	23	23	23	pubchem_cid			95% BCa bootstrap CI clustered by PubChem compound; uncertainty is over the observed compound panel, not broader chemical space.	
tahoe	sciplex	peer_baseline_dataset_pair	pb_target_peer_spearman_logfc_pair_sd_score	mean_pb_target_peer_spearman_logfc_pair_sd_score	0.03531083972078329	0.03121879053417501	0.04268187055902648	0.005731540012425736	bca	ok	0.95	2000	2000	23	23	23	pubchem_cid			95% BCa bootstrap CI clustered by PubChem compound; uncertainty is over the observed compound panel, not broader chemical space.	
tahoe	sciplex	peer_baseline_dataset_pair	pb_target_peer_spearman_logfc_pair_fraction_below_observed	mean_pb_target_peer_spearman_logfc_pair_fraction_below_observed	0.6705093896563443	0.6033935778146531	0.7542660169025899	0.0754362195439684	bca	ok	0.95	2000	2000	23	23	23	pubchem_cid			95% BCa bootstrap CI clustered by PubChem compound; uncertainty is over the observed compound panel, not broader chemical space.	
tahoe	sciplex	peer_baseline_dataset_pair	pb_target_peer_spearman_logfc_pair_corrected_percentile	mean_pb_target_peer_spearman_logfc_pair_corrected_percentile	0.6718435833266257	0.602692302630825	0.7560647043300066	0.07668620084959082	bca	ok	0.95	2000	2000	23	23	23	pubchem_cid			95% BCa bootstrap CI clustered by PubChem compound; uncertainty is over the observed compound panel, not broader chemical space.	
l1000_phase1	l1000_phase2	peer_baseline_dataset_pair_line	pb_observed_spearman_logfc	mean_pb_observed_spearman_logfc	0.268849748025603	0.23110873954500238	0.30605626445996287	0.03747376245748024	bca	ok	0.95	2000	2000	163	163	152	pubchem_cid			95% BCa bootstrap CI clustered by PubChem compound; uncertainty is over the observed compound panel, not broader chemical space.	CVCL_0023
l1000_phase1	l1000_phase2	peer_baseline_dataset_pair_line	pb_source_centroid_spearman_logfc_pair	mean_pb_source_centroid_spearman_logfc_pair	0.3106947897590415	0.28230603147684824	0.3347966203093742	0.02624529441626297	bca	ok	0.95	2000	2000	163	163	152	pubchem_cid			95% BCa bootstrap CI clustered by PubChem compound; uncertainty is over the observed compound panel, not broader chemical space.	CVCL_0023
l1000_phase1	l1000_phase2	peer_baseline_dataset_pair_line	pb_delta_vs_source_centroid_spearman_logfc	mean_pb_delta_vs_source_centroid_spearman_logfc	-0.041845041733438504	-0.0697614014320461	-0.013086104221448272	0.02833764860529891	bca	ok	0.95	2000	2000	163	163	152	pubchem_cid			95% BCa bootstrap CI clustered by PubChem compound; uncertainty is over the observed compound panel, not broader chemical space.	CVCL_0023
l1000_phase1	l1000_phase2	peer_baseline_dataset_pair_line	pb_target_centroid_spearman_logfc_pair	mean_pb_target_centroid_spearman_logfc_pair	0.20851093971860918	0.17845777791909198	0.23793443615978627	0.029738329120347143	bca	ok	0.95	2000	2000	163	163	152	pubchem_cid			95% BCa bootstrap CI clustered by PubChem compound; uncertainty is over the observed compound panel, not broader chemical space.	CVCL_0023
l1000_phase1	l1000_phase2	peer_baseline_dataset_pair_line	pb_delta_vs_target_centroid_spearman_logfc	mean_pb_delta_vs_target_centroid_spearman_logfc	0.06033880830699384	0.031425100602243176	0.09009215118042027	0.029333525289088547	bca	ok	0.95	2000	2000	163	163	152	pubchem_cid			95% BCa bootstrap CI clustered by PubChem compound; uncertainty is over the observed compound panel, not broader chemical space.	CVCL_0023
l1000_phase1	l1000_phase2	peer_baseline_dataset_pair_line	pb_source_peer_spearman_logfc_pair	mean_pb_source_peer_spearman_logfc_pair	0.10167940669373221	0.09212555356976565	0.11219939341281716	0.010036919921525757	bca	ok	0.95	2000	2000	163	163	152	pubchem_cid			95% BCa bootstrap CI clustered by PubChem compound; uncertainty is over the observed compound panel, not broader chemical space.	CVCL_0023
l1000_phase1	l1000_phase2	peer_baseline_dataset_pair_line	pb_delta_vs_source_peer_spearman_logfc	mean_pb_delta_vs_source_peer_spearman_logfc	0.16717034133187084	0.132098690824116	0.20402190880471552	0.035961608990299765	bca	ok	0.95	2000	2000	163	163	152	pubchem_cid			95% BCa bootstrap CI clustered by PubChem compound; uncertainty is over the observed compound panel, not broader chemical space.	CVCL_0023
l1000_phase1	l1000_phase2	peer_baseline_dataset_pair_line	pb_source_peer_spearman_logfc_pair_sd_score	mean_pb_source_peer_spearman_logfc_pair_sd_score	0.15236346484610383	0.1456352018116668	0.15867750988055387	0.006521154034443533	bca	ok	0.95	2000	2000	163	163	152	pubchem_cid			95% BCa bootstrap CI clustered by PubChem compound; uncertainty is over the observed compound panel, not broader chemical space.	CVCL_0023
l1000_phase1	l1000_phase2	peer_baseline_dataset_pair_line	pb_source_peer_spearman_logfc_pair_fraction_below_observed	mean_pb_source_peer_spearman_logfc_pair_fraction_below_observed	0.7149749107427342	0.6668197939813563	0.7535966841384267	0.04338844507853523	bca	ok	0.95	2000	2000	163	163	152	pubchem_cid			95% BCa bootstrap CI clustered by PubChem compound; uncertainty is over the observed compound panel, not broader chemical space.	CVCL_0023
l1000_phase1	l1000_phase2	peer_baseline_dataset_pair_line	pb_source_peer_spearman_logfc_pair_corrected_percentile	mean_pb_source_peer_spearman_logfc_pair_corrected_percentile	0.7263542953673054	0.683253584132412	0.7618640541386383	0.03930523500311317	bca	ok	0.95	2000	2000	163	163	152	pubchem_cid			95% BCa bootstrap CI clustered by PubChem compound; uncertainty is over the observed compound panel, not broader chemical space.	CVCL_0023
l1000_phase1	l1000_phase2	peer_baseline_dataset_pair_line	pb_target_peer_spearman_logfc_pair	mean_pb_target_peer_spearman_logfc_pair	0.05421374450735602	0.04522702485481953	0.0627314740249757	0.008752224585078083	bca	ok	0.95	2000	2000	163	163	152	pubchem_cid			95% BCa bootstrap CI clustered by PubChem compound; uncertainty is over the observed compound panel, not broader chemical space.	CVCL_0023
l1000_phase1	l1000_phase2	peer_baseline_dataset_pair_line	pb_delta_vs_target_peer_spearman_logfc	mean_pb_delta_vs_target_peer_spearman_logfc	0.21463600351824696	0.17905187315109294	0.24869117546309738	0.03481965115600222	bca	ok	0.95	2000	2000	163	163	152	pubchem_cid			95% BCa bootstrap CI clustered by PubChem compound; uncertainty is over the observed compound panel, not broader chemical space.	CVCL_0023
l1000_phase1	l1000_phase2	peer_baseline_dataset_pair_line	pb_target_peer_spearman_logfc_pair_sd_score	mean_pb_target_peer_spearman_logfc_pair_sd_score	0.11959246030686829	0.11382502005556035	0.12602194619275256	0.006098463068596106	bca	ok	0.95	2000	2000	163	163	152	pubchem_cid			95% BCa bootstrap CI clustered by PubChem compound; uncertainty is over the observed compound panel, not broader chemical space.	CVCL_0023
l1000_phase1	l1000_phase2	peer_baseline_dataset_pair_line	pb_target_peer_spearman_logfc_pair_fraction_below_observed	mean_pb_target_peer_spearman_logfc_pair_fraction_below_observed	0.8108533500028364	0.7652509584177369	0.8452856260303444	0.040017333806303734	bca	ok	0.95	2000	2000	163	163	152	pubchem_cid			95% BCa bootstrap CI clustered by PubChem compound; uncertainty is over the observed compound panel, not broader chemical space.	CVCL_0023
l1000_phase1	l1000_phase2	peer_baseline_dataset_pair_line	pb_target_peer_spearman_logfc_pair_corrected_percentile	mean_pb_target_peer_spearman_logfc_pair_corrected_percentile	0.8143066674904834	0.771132546225298	0.8510508280544833	0.03995914091459263	bca	ok	0.95	2000	2000	163	163	152	pubchem_cid			95% BCa bootstrap CI clustered by PubChem compound; uncertainty is over the observed compound panel, not broader chemical space.	CVCL_0023
l1000_phase1	l1000_phase2	peer_baseline_dataset_pair_line	pb_observed_spearman_logfc	mean_pb_observed_spearman_logfc	0.2154801112729511	0.18370295371551063	0.24914793251567136	0.032722489400080365	bca	ok	0.95	2000	2000	179	179	179	pubchem_cid			95% BCa bootstrap CI clustered by PubChem compound; uncertainty is over the observed compound panel, not broader chemical space.	CVCL_0031
l1000_phase1	l1000_phase2	peer_baseline_dataset_pair_line	pb_source_centroid_spearman_logfc_pair	mean_pb_source_centroid_spearman_logfc_pair	0.28300662102400065	0.2592016921940742	0.3066799789320498	0.023739143368987803	bca	ok	0.95	2000	2000	179	179	179	pubchem_cid			95% BCa bootstrap CI clustered by PubChem compound; uncertainty is over the observed compound panel, not broader chemical space.	CVCL_0031
l1000_phase1	l1000_phase2	peer_baseline_dataset_pair_line	pb_delta_vs_source_centroid_spearman_logfc	mean_pb_delta_vs_source_centroid_spearman_logfc	-0.06752650975104955	-0.08983001615011321	-0.040599573246837085	0.024615221451638063	bca	ok	0.95	2000	2000	179	179	179	pubchem_cid			95% BCa bootstrap CI clustered by PubChem compound; uncertainty is over the observed compound panel, not broader chemical space.	CVCL_0031
l1000_phase1	l1000_phase2	peer_baseline_dataset_pair_line	pb_target_centroid_spearman_logfc_pair	mean_pb_target_centroid_spearman_logfc_pair	0.18678170232841776	0.16167077056647708	0.2142109262134762	0.026270077823499563	bca	ok	0.95	2000	2000	179	179	179	pubchem_cid			95% BCa bootstrap CI clustered by PubChem compound; uncertainty is over the observed compound panel, not broader chemical space.	CVCL_0031
l1000_phase1	l1000_phase2	peer_baseline_dataset_pair_line	pb_delta_vs_target_centroid_spearman_logfc	mean_pb_delta_vs_target_centroid_spearman_logfc	0.028698408944533394	0.009061147906073968	0.050509024747021236	0.020723938420473632	bca	ok	0.95	2000	2000	179	179	179	pubchem_cid			95% BCa bootstrap CI clustered by PubChem compound; uncertainty is over the observed compound panel, not broader chemical space.	CVCL_0031
l1000_phase1	l1000_phase2	peer_baseline_dataset_pair_line	pb_source_peer_spearman_logfc_pair	mean_pb_source_peer_spearman_logfc_pair	0.07818530111171662	0.07307447862627613	0.08298863515868829	0.004957078266206082	bca	ok	0.95	2000	2000	179	179	179	pubchem_cid			95% BCa bootstrap CI clustered by PubChem compound; uncertainty is over the observed compound panel, not broader chemical space.	CVCL_0031
l1000_phase1	l1000_phase2	peer_baseline_dataset_pair_line	pb_delta_vs_source_peer_spearman_logfc	mean_pb_delta_vs_source_peer_spearman_logfc	0.1372948101612345	0.10853498786826733	0.16917845789709304	0.030321735014412855	bca	ok	0.95	2000	2000	179	179	179	pubchem_cid			95% BCa bootstrap CI clustered by PubChem compound; uncertainty is over the observed compound panel, not broader chemical space.	CVCL_0031
l1000_phase1	l1000_phase2	peer_baseline_dataset_pair_line	pb_source_peer_spearman_logfc_pair_sd_score	mean_pb_source_peer_spearman_logfc_pair_sd_score	0.15036044902352994	0.1452235245039069	0.1554538051948185	0.005115140345455793	bca	ok	0.95	2000	2000	179	179	179	pubchem_cid			95% BCa bootstrap CI clustered by PubChem compound; uncertainty is over the observed compound panel, not broader chemical space.	CVCL_0031
l1000_phase1	l1000_phase2	peer_baseline_dataset_pair_line	pb_source_peer_spearman_logfc_pair_fraction_below_observed	mean_pb_source_peer_spearman_logfc_pair_fraction_below_observed	0.6689359482200748	0.6329468927884224	0.703542367613177	0.035297737412377295	bca	ok	0.95	2000	2000	179	179	179	pubchem_cid			95% BCa bootstrap CI clustered by PubChem compound; uncertainty is over the observed compound panel, not broader chemical space.	CVCL_0031
l1000_phase1	l1000_phase2	peer_baseline_dataset_pair_line	pb_source_peer_spearman_logfc_pair_corrected_percentile	mean_pb_source_peer_spearman_logfc_pair_corrected_percentile	0.6704981803245884	0.6325011453315025	0.7062002096739771	0.03684953217123732	bca	ok	0.95	2000	2000	179	179	179	pubchem_cid			95% BCa bootstrap CI clustered by PubChem compound; uncertainty is over the observed compound panel, not broader chemical space.	CVCL_0031
l1000_phase1	l1000_phase2	peer_baseline_dataset_pair_line	pb_target_peer_spearman_logfc_pair	mean_pb_target_peer_spearman_logfc_pair	0.03922685681922084	0.033479559515471255	0.04479776694030511	0.005659103712416926	bca	ok	0.95	2000	2000	179	179	179	pubchem_cid			95% BCa bootstrap CI clustered by PubChem compound; uncertainty is over the observed compound panel, not broader chemical space.	CVCL_0031
l1000_phase1	l1000_phase2	peer_baseline_dataset_pair_line	pb_delta_vs_target_peer_spearman_logfc	mean_pb_delta_vs_target_peer_spearman_logfc	0.17625325445373025	0.14851508445193348	0.20703301016307873	0.029258962855572626	bca	ok	0.95	2000	2000	179	179	179	pubchem_cid			95% BCa bootstrap CI clustered by PubChem compound; uncertainty is over the observed compound panel, not broader chemical space.	CVCL_0031
l1000_phase1	l1000_phase2	peer_baseline_dataset_pair_line	pb_target_peer_spearman_logfc_pair_sd_score	mean_pb_target_peer_spearman_logfc_pair_sd_score	0.13034981631063175	0.12551661361464997	0.13536523591534297	0.0049243111503465	bca	ok	0.95	2000	2000	179	179	179	pubchem_cid			95% BCa bootstrap CI clustered by PubChem compound; uncertainty is over the observed compound panel, not broader chemical space.	CVCL_0031
l1000_phase1	l1000_phase2	peer_baseline_dataset_pair_line	pb_target_peer_spearman_logfc_pair_fraction_below_observed	mean_pb_target_peer_spearman_logfc_pair_fraction_below_observed	0.7363313083869945	0.7022486196499268	0.7672324995972519	0.032491939973662565	bca	ok	0.95	2000	2000	179	179	179	pubchem_cid			95% BCa bootstrap CI clustered by PubChem compound; uncertainty is over the observed compound panel, not broader chemical space.	CVCL_0031
l1000_phase1	l1000_phase2	peer_baseline_dataset_pair_line	pb_target_peer_spearman_logfc_pair_corrected_percentile	mean_pb_target_peer_spearman_logfc_pair_corrected_percentile	0.7373507869335891	0.7022050127277977	0.7701285371966946	0.03396176223444847	bca	ok	0.95	2000	2000	179	179	179	pubchem_cid			95% BCa bootstrap CI clustered by PubChem compound; uncertainty is over the observed compound panel, not broader chemical space.	CVCL_0031
l1000_phase1	l1000_phase2	peer_baseline_dataset_pair_line	pb_observed_spearman_logfc	mean_pb_observed_spearman_logfc	0.15731279796128453	0.12061545303396276	0.1991367481505694	0.039260647558303316	bca	ok	0.95	2000	2000	63	63	63	pubchem_cid			95% BCa bootstrap CI clustered by PubChem compound; uncertainty is over the observed compound panel, not broader chemical space.	CVCL_0033
l1000_phase1	l1000_phase2	peer_baseline_dataset_pair_line	pb_source_centroid_spearman_logfc_pair	mean_pb_source_centroid_spearman_logfc_pair	0.2527626916339888	0.20929044674132863	0.29208209791061535	0.04139582558464336	bca	ok	0.95	2000	2000	63	63	63	pubchem_cid			95% BCa bootstrap CI clustered by PubChem compound; uncertainty is over the observed compound panel, not broader chemical space.	CVCL_0033
l1000_phase1	l1000_phase2	peer_baseline_dataset_pair_line	pb_delta_vs_source_centroid_spearman_logfc	mean_pb_delta_vs_source_centroid_spearman_logfc	-0.09544989367270432	-0.14757199067102855	-0.05013742773227269	0.04871728146937793	bca	ok	0.95	2000	2000	63	63	63	pubchem_cid			95% BCa bootstrap CI clustered by PubChem compound; uncertainty is over the observed compound panel, not broader chemical space.	CVCL_0033
l1000_phase1	l1000_phase2	peer_baseline_dataset_pair_line	pb_target_centroid_spearman_logfc_pair	mean_pb_target_centroid_spearman_logfc_pair	0.0035690703824838464	-0.024977305871142937	0.03292998024640789	0.028953643058775416	bca	ok	0.95	2000	2000	63	63	63	pubchem_cid			95% BCa bootstrap CI clustered by PubChem compound; uncertainty is over the observed compound panel, not broader chemical space.	CVCL_0033
l1000_phase1	l1000_phase2	peer_baseline_dataset_pair_line	pb_delta_vs_target_centroid_spearman_logfc	mean_pb_delta_vs_target_centroid_spearman_logfc	0.15374372757880067	0.12551635623502475	0.18055698148130797	0.027520312623141613	bca	ok	0.95	2000	2000	63	63	63	pubchem_cid			95% BCa bootstrap CI clustered by PubChem compound; uncertainty is over the observed compound panel, not broader chemical space.	CVCL_0033
l1000_phase1	l1000_phase2	peer_baseline_dataset_pair_line	pb_source_peer_spearman_logfc_pair	mean_pb_source_peer_spearman_logfc_pair	0.09900070765757918	0.08811972760492315	0.11014096040949145	0.011010616402284151	bca	ok	0.95	2000	2000	63	63	63	pubchem_cid			95% BCa bootstrap CI clustered by PubChem compound; uncertainty is over the observed compound panel, not broader chemical space.	CVCL_0033
l1000_phase1	l1000_phase2	peer_baseline_dataset_pair_line	pb_delta_vs_source_peer_spearman_logfc	mean_pb_delta_vs_source_peer_spearman_logfc	0.05831209030370534	0.020971612073795082	0.09801674507870421	0.038522566502454565	bca	ok	0.95	2000	2000	63	63	63	pubchem_cid			95% BCa bootstrap CI clustered by PubChem compound; uncertainty is over the observed compound panel, not broader chemical space.	CVCL_0033
l1000_phase1	l1000_phase2	peer_baseline_dataset_pair_line	pb_source_peer_spearman_logfc_pair_sd_score	mean_pb_source_peer_spearman_logfc_pair_sd_score	0.1668848333751946	0.15818984999590985	0.17581125661814453	0.008810703311117343	bca	ok	0.95	2000	2000	63	63	63	pubchem_cid			95% BCa bootstrap CI clustered by PubChem compound; uncertainty is over the observed compound panel, not broader chemical space.	CVCL_0033
l1000_phase1	l1000_phase2	peer_baseline_dataset_pair_line	pb_source_peer_spearman_logfc_pair_fraction_below_observed	mean_pb_source_peer_spearman_logfc_pair_fraction_below_observed	0.5730971005472536	0.519120308371872	0.621653531626217	0.0512666116271725	bca	ok	0.95	2000	2000	63	63	63	pubchem_cid			95% BCa bootstrap CI clustered by PubChem compound; uncertainty is over the observed compound panel, not broader chemical space.	CVCL_0033
l1000_phase1	l1000_phase2	peer_baseline_dataset_pair_line	pb_source_peer_spearman_logfc_pair_corrected_percentile	mean_pb_source_peer_spearman_logfc_pair_corrected_percentile	0.5755413664535676	0.5263295596622525	0.6254518248506106	0.04956113259417905	bca	ok	0.95	2000	2000	63	63	63	pubchem_cid			95% BCa bootstrap CI clustered by PubChem compound; uncertainty is over the observed compound panel, not broader chemical space.	CVCL_0033
l1000_phase1	l1000_phase2	peer_baseline_dataset_pair_line	pb_target_peer_spearman_logfc_pair	mean_pb_target_peer_spearman_logfc_pair	0.011422052481647058	0.002298242504561329	0.020384503407030904	0.009043130451234787	bca	ok	0.95	2000	2000	63	63	63	pubchem_cid			95% BCa bootstrap CI clustered by PubChem compound; uncertainty is over the observed compound panel, not broader chemical space.	CVCL_0033
l1000_phase1	l1000_phase2	peer_baseline_dataset_pair_line	pb_delta_vs_target_peer_spearman_logfc	mean_pb_delta_vs_target_peer_spearman_logfc	0.14589074547963746	0.11490605995001024	0.1811123973749484	0.03310316871246907	bca	ok	0.95	2000	2000	63	63	63	pubchem_cid			95% BCa bootstrap CI clustered by PubChem compound; uncertainty is over the observed compound panel, not broader chemical space.	CVCL_0033
l1000_phase1	l1000_phase2	peer_baseline_dataset_pair_line	pb_target_peer_spearman_logfc_pair_sd_score	mean_pb_target_peer_spearman_logfc_pair_sd_score	0.13323140423551258	0.12591994237037962	0.1410449416875324	0.007562499658576388	bca	ok	0.95	2000	2000	63	63	63	pubchem_cid			95% BCa bootstrap CI clustered by PubChem compound; uncertainty is over the observed compound panel, not broader chemical space.	CVCL_0033
l1000_phase1	l1000_phase2	peer_baseline_dataset_pair_line	pb_target_peer_spearman_logfc_pair_fraction_below_observed	mean_pb_target_peer_spearman_logfc_pair_fraction_below_observed	0.7347180096558477	0.6893143976126622	0.7763818385383957	0.04353372046286674	bca	ok	0.95	2000	2000	63	63	63	pubchem_cid			95% BCa bootstrap CI clustered by PubChem compound; uncertainty is over the observed compound panel, not broader chemical space.	CVCL_0033
l1000_phase1	l1000_phase2	peer_baseline_dataset_pair_line	pb_target_peer_spearman_logfc_pair_corrected_percentile	mean_pb_target_peer_spearman_logfc_pair_corrected_percentile	0.7361984135693299	0.6911911634571428	0.7788384062683263	0.04382362140559176	bca	ok	0.95	2000	2000	63	63	63	pubchem_cid			95% BCa bootstrap CI clustered by PubChem compound; uncertainty is over the observed compound panel, not broader chemical space.	CVCL_0033
l1000_phase1	l1000_phase2	peer_baseline_dataset_pair_line	pb_observed_spearman_logfc	mean_pb_observed_spearman_logfc	0.24322811626091648	0.20112846793135566	0.2865052105364987	0.04268837130257151	bca	ok	0.95	2000	2000	118	118	118	pubchem_cid			95% BCa bootstrap CI clustered by PubChem compound; uncertainty is over the observed compound panel, not broader chemical space.	CVCL_0035
l1000_phase1	l1000_phase2	peer_baseline_dataset_pair_line	pb_source_centroid_spearman_logfc_pair	mean_pb_source_centroid_spearman_logfc_pair	0.23496857202417776	0.2006215992422364	0.26876331642739265	0.03407085859257812	bca	ok	0.95	2000	2000	118	118	118	pubchem_cid			95% BCa bootstrap CI clustered by PubChem compound; uncertainty is over the observed compound panel, not broader chemical space.	CVCL_0035
l1000_phase1	l1000_phase2	peer_baseline_dataset_pair_line	pb_delta_vs_source_centroid_spearman_logfc	mean_pb_delta_vs_source_centroid_spearman_logfc	0.008259544236738713	-0.026353536841755593	0.045076166222019064	0.03571485153188733	bca	ok	0.95	2000	2000	118	118	118	pubchem_cid			95% BCa bootstrap CI clustered by PubChem compound; uncertainty is over the observed compound panel, not broader chemical space.	CVCL_0035
l1000_phase1	l1000_phase2	peer_baseline_dataset_pair_line	pb_target_centroid_spearman_logfc_pair	mean_pb_target_centroid_spearman_logfc_pair	0.1496909716332117	0.11296089354000349	0.18115698941313577	0.034098047936566137	bca	ok	0.95	2000	2000	118	118	118	pubchem_cid			95% BCa bootstrap CI clustered by PubChem compound; uncertainty is over the observed compound panel, not broader chemical space.	CVCL_0035
l1000_phase1	l1000_phase2	peer_baseline_dataset_pair_line	pb_delta_vs_target_centroid_spearman_logfc	mean_pb_delta_vs_target_centroid_spearman_logfc	0.09353714462770474	0.06402752137234277	0.1258829868162901	0.03092773272197366	bca	ok	0.95	2000	2000	118	118	118	pubchem_cid			95% BCa bootstrap CI clustered by PubChem compound; uncertainty is over the observed compound panel, not broader chemical space.	CVCL_0035
l1000_phase1	l1000_phase2	peer_baseline_dataset_pair_line	pb_source_peer_spearman_logfc_pair	mean_pb_source_peer_spearman_logfc_pair	0.05271599955040255	0.0467809800590699	0.058366589497319335	0.005792804719124717	bca	ok	0.95	2000	2000	118	118	118	pubchem_cid			95% BCa bootstrap CI clustered by PubChem compound; uncertainty is over the observed compound panel, not broader chemical space.	CVCL_0035
l1000_phase1	l1000_phase2	peer_baseline_dataset_pair_line	pb_delta_vs_source_peer_spearman_logfc	mean_pb_delta_vs_source_peer_spearman_logfc	0.19051211671051393	0.1506861877594529	0.23435246465711557	0.04183313844883134	bca	ok	0.95	2000	2000	118	118	118	pubchem_cid			95% BCa bootstrap CI clustered by PubChem compound; uncertainty is over the observed compound panel, not broader chemical space.	CVCL_0035
l1000_phase1	l1000_phase2	peer_baseline_dataset_pair_line	pb_source_peer_spearman_logfc_pair_sd_score	mean_pb_source_peer_spearman_logfc_pair_sd_score	0.12867950883977214	0.12262420155078352	0.1357008688549634	0.006538333652089945	bca	ok	0.95	2000	2000	118	118	118	pubchem_cid			95% BCa bootstrap CI clustered by PubChem compound; uncertainty is over the observed compound panel, not broader chemical space.	CVCL_0035
l1000_phase1	l1000_phase2	peer_baseline_dataset_pair_line	pb_source_peer_spearman_logfc_pair_fraction_below_observed	mean_pb_source_peer_spearman_logfc_pair_fraction_below_observed	0.7447659154681966	0.6908220752437578	0.7938411590034128	0.05150954187982748	bca	ok	0.95	2000	2000	118	118	118	pubchem_cid			95% BCa bootstrap CI clustered by PubChem compound; uncertainty is over the observed compound panel, not broader chemical space.	CVCL_0035
l1000_phase1	l1000_phase2	peer_baseline_dataset_pair_line	pb_source_peer_spearman_logfc_pair_corrected_percentile	mean_pb_source_peer_spearman_logfc_pair_corrected_percentile	0.7462861716436721	0.6914779196994604	0.7932004577499399	0.05086126902523974	bca	ok	0.95	2000	2000	118	118	118	pubchem_cid			95% BCa bootstrap CI clustered by PubChem compound; uncertainty is over the observed compound panel, not broader chemical space.	CVCL_0035
l1000_phase1	l1000_phase2	peer_baseline_dataset_pair_line	pb_target_peer_spearman_logfc_pair	mean_pb_target_peer_spearman_logfc_pair	0.027146191134231452	0.022033821529833422	0.032324055662539715	0.005145117066353146	bca	ok	0.95	2000	2000	118	118	118	pubchem_cid			95% BCa bootstrap CI clustered by PubChem compound; uncertainty is over the observed compound panel, not broader chemical space.	CVCL_0035
l1000_phase1	l1000_phase2	peer_baseline_dataset_pair_line	pb_delta_vs_target_peer_spearman_logfc	mean_pb_delta_vs_target_peer_spearman_logfc	0.21608192512668506	0.17804089142803942	0.2585080224008359	0.040233565486398254	bca	ok	0.95	2000	2000	118	118	118	pubchem_cid			95% BCa bootstrap CI clustered by PubChem compound; uncertainty is over the observed compound panel, not broader chemical space.	CVCL_0035
l1000_phase1	l1000_phase2	peer_baseline_dataset_pair_line	pb_target_peer_spearman_logfc_pair_sd_score	mean_pb_target_peer_spearman_logfc_pair_sd_score	0.1114280939278903	0.10571426679664246	0.11727733468196616	0.00578153394266185	bca	ok	0.95	2000	2000	118	118	118	pubchem_cid			95% BCa bootstrap CI clustered by PubChem compound; uncertainty is over the observed compound panel, not broader chemical space.	CVCL_0035
l1000_phase1	l1000_phase2	peer_baseline_dataset_pair_line	pb_target_peer_spearman_logfc_pair_fraction_below_observed	mean_pb_target_peer_spearman_logfc_pair_fraction_below_observed	0.796666146386555	0.7495011757568907	0.8458151382383868	0.048156981240748076	bca	ok	0.95	2000	2000	118	118	118	pubchem_cid			95% BCa bootstrap CI clustered by PubChem compound; uncertainty is over the observed compound panel, not broader chemical space.	CVCL_0035
l1000_phase1	l1000_phase2	peer_baseline_dataset_pair_line	pb_target_peer_spearman_logfc_pair_corrected_percentile	mean_pb_target_peer_spearman_logfc_pair_corrected_percentile	0.797331966596391	0.7482873057569236	0.839964360545869	0.045838527394472695	bca	ok	0.95	2000	2000	118	118	118	pubchem_cid			95% BCa bootstrap CI clustered by PubChem compound; uncertainty is over the observed compound panel, not broader chemical space.	CVCL_0035
l1000_phase1	l1000_phase2	peer_baseline_dataset_pair_line	pb_observed_spearman_logfc	mean_pb_observed_spearman_logfc	0.2635421828332048	0.22478821736256527	0.3028209822988286	0.03901638246813166	bca	ok	0.95	2000	2000	94	94	94	pubchem_cid			95% BCa bootstrap CI clustered by PubChem compound; uncertainty is over the observed compound panel, not broader chemical space.	CVCL_0062
l1000_phase1	l1000_phase2	peer_baseline_dataset_pair_line	pb_source_centroid_spearman_logfc_pair	mean_pb_source_centroid_spearman_logfc_pair	0.32489392839686526	0.2932957865293814	0.35442847874029926	0.03056634610545894	bca	ok	0.95	2000	2000	94	94	94	pubchem_cid			95% BCa bootstrap CI clustered by PubChem compound; uncertainty is over the observed compound panel, not broader chemical space.	CVCL_0062
l1000_phase1	l1000_phase2	peer_baseline_dataset_pair_line	pb_delta_vs_source_centroid_spearman_logfc	mean_pb_delta_vs_source_centroid_spearman_logfc	-0.061351745563660326	-0.0836566853764378	-0.038443929454919534	0.022606377960759136	bca	ok	0.95	2000	2000	94	94	94	pubchem_cid			95% BCa bootstrap CI clustered by PubChem compound; uncertainty is over the observed compound panel, not broader chemical space.	CVCL_0062
l1000_phase1	l1000_phase2	peer_baseline_dataset_pair_line	pb_target_centroid_spearman_logfc_pair	mean_pb_target_centroid_spearman_logfc_pair	0.21194209409402226	0.18264807002616712	0.24025731949536275	0.028804624734597814	bca	ok	0.95	2000	2000	94	94	94	pubchem_cid			95% BCa bootstrap CI clustered by PubChem compound; uncertainty is over the observed compound panel, not broader chemical space.	CVCL_0062
l1000_phase1	l1000_phase2	peer_baseline_dataset_pair_line	pb_delta_vs_target_centroid_spearman_logfc	mean_pb_delta_vs_target_centroid_spearman_logfc	0.05160008873918263	0.033190021753020015	0.07000386188841405	0.01840692006769702	bca	ok	0.95	2000	2000	94	94	94	pubchem_cid			95% BCa bootstrap CI clustered by PubChem compound; uncertainty is over the observed compound panel, not broader chemical space.	CVCL_0062
l1000_phase1	l1000_phase2	peer_baseline_dataset_pair_line	pb_source_peer_spearman_logfc_pair	mean_pb_source_peer_spearman_logfc_pair	0.13351966344263677	0.1235078738339337	0.14342195025541377	0.009957038210740031	bca	ok	0.95	2000	2000	94	94	94	pubchem_cid			95% BCa bootstrap CI clustered by PubChem compound; uncertainty is over the observed compound panel, not broader chemical space.	CVCL_0062
l1000_phase1	l1000_phase2	peer_baseline_dataset_pair_line	pb_delta_vs_source_peer_spearman_logfc	mean_pb_delta_vs_source_peer_spearman_logfc	0.13002251939056808	0.09953244862352853	0.16543501948340583	0.03295128542993865	bca	ok	0.95	2000	2000	94	94	94	pubchem_cid			95% BCa bootstrap CI clustered by PubChem compound; uncertainty is over the observed compound panel, not broader chemical space.	CVCL_0062
l1000_phase1	l1000_phase2	peer_baseline_dataset_pair_line	pb_source_peer_spearman_logfc_pair_sd_score	mean_pb_source_peer_spearman_logfc_pair_sd_score	0.13728805263890329	0.13228001523738217	0.14312087036909785	0.005420427565857838	bca	ok	0.95	2000	2000	94	94	94	pubchem_cid			95% BCa bootstrap CI clustered by PubChem compound; uncertainty is over the observed compound panel, not broader chemical space.	CVCL_0062
l1000_phase1	l1000_phase2	peer_baseline_dataset_pair_line	pb_source_peer_spearman_logfc_pair_fraction_below_observed	mean_pb_source_peer_spearman_logfc_pair_fraction_below_observed	0.6771566136056634	0.6311665923342219	0.722902488778086	0.045867948221932076	bca	ok	0.95	2000	2000	94	94	94	pubchem_cid			95% BCa bootstrap CI clustered by PubChem compound; uncertainty is over the observed compound panel, not broader chemical space.	CVCL_0062
l1000_phase1	l1000_phase2	peer_baseline_dataset_pair_line	pb_source_peer_spearman_logfc_pair_corrected_percentile	mean_pb_source_peer_spearman_logfc_pair_corrected_percentile	0.6792728334612408	0.6348799135425686	0.7228302500515988	0.04397516825451514	bca	ok	0.95	2000	2000	94	94	94	pubchem_cid			95% BCa bootstrap CI clustered by PubChem compound; uncertainty is over the observed compound panel, not broader chemical space.	CVCL_0062
l1000_phase1	l1000_phase2	peer_baseline_dataset_pair_line	pb_target_peer_spearman_logfc_pair	mean_pb_target_peer_spearman_logfc_pair	0.08662780594828466	0.07632422153304454	0.09659763486453085	0.010136706665743157	bca	ok	0.95	2000	2000	94	94	94	pubchem_cid			95% BCa bootstrap CI clustered by PubChem compound; uncertainty is over the observed compound panel, not broader chemical space.	CVCL_0062
l1000_phase1	l1000_phase2	peer_baseline_dataset_pair_line	pb_delta_vs_target_peer_spearman_logfc	mean_pb_delta_vs_target_peer_spearman_logfc	0.17691437688492018	0.1465801779087137	0.21079395531421297	0.032106888702749636	bca	ok	0.95	2000	2000	94	94	94	pubchem_cid			95% BCa bootstrap CI clustered by PubChem compound; uncertainty is over the observed compound panel, not broader chemical space.	CVCL_0062
l1000_phase1	l1000_phase2	peer_baseline_dataset_pair_line	pb_target_peer_spearman_logfc_pair_sd_score	mean_pb_target_peer_spearman_logfc_pair_sd_score	0.1130154594343189	0.10727137488759772	0.11927945551943663	0.0060040403159194525	bca	ok	0.95	2000	2000	94	94	94	pubchem_cid			95% BCa bootstrap CI clustered by PubChem compound; uncertainty is over the observed compound panel, not broader chemical space.	CVCL_0062
l1000_phase1	l1000_phase2	peer_baseline_dataset_pair_line	pb_target_peer_spearman_logfc_pair_fraction_below_observed	mean_pb_target_peer_spearman_logfc_pair_fraction_below_observed	0.7832057703459839	0.7425562465184128	0.8205250753820151	0.03898441443180117	bca	ok	0.95	2000	2000	94	94	94	pubchem_cid			95% BCa bootstrap CI clustered by PubChem compound; uncertainty is over the observed compound panel, not broader chemical space.	CVCL_0062
l1000_phase1	l1000_phase2	peer_baseline_dataset_pair_line	pb_target_peer_spearman_logfc_pair_corrected_percentile	mean_pb_target_peer_spearman_logfc_pair_corrected_percentile	0.784613099904395	0.7468659513537439	0.8208222642367038	0.03697815644147995	bca	ok	0.95	2000	2000	94	94	94	pubchem_cid			95% BCa bootstrap CI clustered by PubChem compound; uncertainty is over the observed compound panel, not broader chemical space.	CVCL_0062
l1000_phase1	l1000_phase2	peer_baseline_dataset_pair_line	pb_observed_spearman_logfc	mean_pb_observed_spearman_logfc	0.37749889778025714	0.2930279713649375	0.45770576089288895	0.08233889476397571	bca	ok	0.95	2000	2000	48	48	43	pubchem_cid			95% BCa bootstrap CI clustered by PubChem compound; uncertainty is over the observed compound panel, not broader chemical space.	CVCL_0132
l1000_phase1	l1000_phase2	peer_baseline_dataset_pair_line	pb_source_centroid_spearman_logfc_pair	mean_pb_source_centroid_spearman_logfc_pair	0.38141614309319866	0.32402897075362413	0.4327944310254732	0.05438273013592454	bca	ok	0.95	2000	2000	48	48	43	pubchem_cid			95% BCa bootstrap CI clustered by PubChem compound; uncertainty is over the observed compound panel, not broader chemical space.	CVCL_0132
l1000_phase1	l1000_phase2	peer_baseline_dataset_pair_line	pb_delta_vs_source_centroid_spearman_logfc	mean_pb_delta_vs_source_centroid_spearman_logfc	-0.003917245312941516	-0.05769424526740951	0.05043079569531105	0.05406252048136028	bca	ok	0.95	2000	2000	48	48	43	pubchem_cid			95% BCa bootstrap CI clustered by PubChem compound; uncertainty is over the observed compound panel, not broader chemical space.	CVCL_0132
l1000_phase1	l1000_phase2	peer_baseline_dataset_pair_line	pb_target_centroid_spearman_logfc_pair	mean_pb_target_centroid_spearman_logfc_pair	0.2826306571111355	0.23090203102570692	0.335936296734523	0.05251713285440805	bca	ok	0.95	2000	2000	48	48	43	pubchem_cid			95% BCa bootstrap CI clustered by PubChem compound; uncertainty is over the observed compound panel, not broader chemical space.	CVCL_0132
l1000_phase1	l1000_phase2	peer_baseline_dataset_pair_line	pb_delta_vs_target_centroid_spearman_logfc	mean_pb_delta_vs_target_centroid_spearman_logfc	0.09486824066912171	0.049133744108046294	0.1479787017039837	0.0494224787979687	bca	ok	0.95	2000	2000	48	48	43	pubchem_cid			95% BCa bootstrap CI clustered by PubChem compound; uncertainty is over the observed compound panel, not broader chemical space.	CVCL_0132
l1000_phase1	l1000_phase2	peer_baseline_dataset_pair_line	pb_source_peer_spearman_logfc_pair	mean_pb_source_peer_spearman_logfc_pair	0.1281500055769988	0.11365096397223931	0.1427355060120683	0.014542271019914496	bca	ok	0.95	2000	2000	48	48	43	pubchem_cid			95% BCa bootstrap CI clustered by PubChem compound; uncertainty is over the observed compound panel, not broader chemical space.	CVCL_0132
l1000_phase1	l1000_phase2	peer_baseline_dataset_pair_line	pb_delta_vs_source_peer_spearman_logfc	mean_pb_delta_vs_source_peer_spearman_logfc	0.24934889220325843	0.16901797673901656	0.3309788037499304	0.08098041350545691	bca	ok	0.95	2000	2000	48	48	43	pubchem_cid			95% BCa bootstrap CI clustered by PubChem compound; uncertainty is over the observed compound panel, not broader chemical space.	CVCL_0132
l1000_phase1	l1000_phase2	peer_baseline_dataset_pair_line	pb_source_peer_spearman_logfc_pair_sd_score	mean_pb_source_peer_spearman_logfc_pair_sd_score	0.14921211406194337	0.13955207376797366	0.15792341124404258	0.009185668738034461	bca	ok	0.95	2000	2000	48	48	43	pubchem_cid			95% BCa bootstrap CI clustered by PubChem compound; uncertainty is over the observed compound panel, not broader chemical space.	CVCL_0132
l1000_phase1	l1000_phase2	peer_baseline_dataset_pair_line	pb_source_peer_spearman_logfc_pair_fraction_below_observed	mean_pb_source_peer_spearman_logfc_pair_fraction_below_observed	0.743678266705714	0.646958470562839	0.8228148531598655	0.08792819129851326	bca	ok	0.95	2000	2000	48	48	43	pubchem_cid			95% BCa bootstrap CI clustered by PubChem compound; uncertainty is over the observed compound panel, not broader chemical space.	CVCL_0132
l1000_phase1	l1000_phase2	peer_baseline_dataset_pair_line	pb_source_peer_spearman_logfc_pair_corrected_percentile	mean_pb_source_peer_spearman_logfc_pair_corrected_percentile	0.7520621705800856	0.6591945630967209	0.8250214383087865	0.08291343760603281	bca	ok	0.95	2000	2000	48	48	43	pubchem_cid			95% BCa bootstrap CI clustered by PubChem compound; uncertainty is over the observed compound panel, not broader chemical space.	CVCL_0132
l1000_phase1	l1000_phase2	peer_baseline_dataset_pair_line	pb_target_peer_spearman_logfc_pair	mean_pb_target_peer_spearman_logfc_pair	0.07390993138828765	0.06250054002366476	0.08484346146962575	0.011171460722980496	bca	ok	0.95	2000	2000	48	48	43	pubchem_cid			95% BCa bootstrap CI clustered by PubChem compound; uncertainty is over the observed compound panel, not broader chemical space.	CVCL_0132
l1000_phase1	l1000_phase2	peer_baseline_dataset_pair_line	pb_delta_vs_target_peer_spearman_logfc	mean_pb_delta_vs_target_peer_spearman_logfc	0.30358896639196953	0.22790305330951585	0.3782056151516007	0.07515128092104244	bca	ok	0.95	2000	2000	48	48	43	pubchem_cid			95% BCa bootstrap CI clustered by PubChem compound; uncertainty is over the observed compound panel, not broader chemical space.	CVCL_0132
l1000_phase1	l1000_phase2	peer_baseline_dataset_pair_line	pb_target_peer_spearman_logfc_pair_sd_score	mean_pb_target_peer_spearman_logfc_pair_sd_score	0.11393073562659362	0.10244938057090494	0.12752859439338346	0.01253960691123926	bca	ok	0.95	2000	2000	48	48	43	pubchem_cid			95% BCa bootstrap CI clustered by PubChem compound; uncertainty is over the observed compound panel, not broader chemical space.	CVCL_0132
l1000_phase1	l1000_phase2	peer_baseline_dataset_pair_line	pb_target_peer_spearman_logfc_pair_fraction_below_observed	mean_pb_target_peer_spearman_logfc_pair_fraction_below_observed	0.8222692671941515	0.7382390605584823	0.8864611299826071	0.07411103471206237	bca	ok	0.95	2000	2000	48	48	43	pubchem_cid			95% BCa bootstrap CI clustered by PubChem compound; uncertainty is over the observed compound panel, not broader chemical space.	CVCL_0132
l1000_phase1	l1000_phase2	peer_baseline_dataset_pair_line	pb_target_peer_spearman_logfc_pair_corrected_percentile	mean_pb_target_peer_spearman_logfc_pair_corrected_percentile	0.827565940740907	0.7431542746693509	0.8881856358777689	0.07251568060420899	bca	ok	0.95	2000	2000	48	48	43	pubchem_cid			95% BCa bootstrap CI clustered by PubChem compound; uncertainty is over the observed compound panel, not broader chemical space.	CVCL_0132
l1000_phase1	l1000_phase2	peer_baseline_dataset_pair_line	pb_observed_spearman_logfc	mean_pb_observed_spearman_logfc	0.191802121548931	0.14631240241398127	0.24085174139044505	0.047269669488231886	bca	ok	0.95	2000	2000	63	63	63	pubchem_cid			95% BCa bootstrap CI clustered by PubChem compound; uncertainty is over the observed compound panel, not broader chemical space.	CVCL_0178
l1000_phase1	l1000_phase2	peer_baseline_dataset_pair_line	pb_source_centroid_spearman_logfc_pair	mean_pb_source_centroid_spearman_logfc_pair	0.2649115056586396	0.22743273833517977	0.29908407064404857	0.0358256661544344	bca	ok	0.95	2000	2000	63	63	63	pubchem_cid			95% BCa bootstrap CI clustered by PubChem compound; uncertainty is over the observed compound panel, not broader chemical space.	CVCL_0178
l1000_phase1	l1000_phase2	peer_baseline_dataset_pair_line	pb_delta_vs_source_centroid_spearman_logfc	mean_pb_delta_vs_source_centroid_spearman_logfc	-0.07310938410970863	-0.13979330956891778	-0.01605258403653536	0.061870362766191206	bca	ok	0.95	2000	2000	63	63	63	pubchem_cid			95% BCa bootstrap CI clustered by PubChem compound; uncertainty is over the observed compound panel, not broader chemical space.	CVCL_0178
l1000_phase1	l1000_phase2	peer_baseline_dataset_pair_line	pb_target_centroid_spearman_logfc_pair	mean_pb_target_centroid_spearman_logfc_pair	-0.0026475101732793926	-0.03748011471719133	0.02955166705768575	0.03351589088743854	bca	ok	0.95	2000	2000	63	63	63	pubchem_cid			95% BCa bootstrap CI clustered by PubChem compound; uncertainty is over the observed compound panel, not broader chemical space.	CVCL_0178
l1000_phase1	l1000_phase2	peer_baseline_dataset_pair_line	pb_delta_vs_target_centroid_spearman_logfc	mean_pb_delta_vs_target_centroid_spearman_logfc	0.19444963172221044	0.1664280723623037	0.22384099666378796	0.02870646215074213	bca	ok	0.95	2000	2000	63	63	63	pubchem_cid			95% BCa bootstrap CI clustered by PubChem compound; uncertainty is over the observed compound panel, not broader chemical space.	CVCL_0178
l1000_phase1	l1000_phase2	peer_baseline_dataset_pair_line	pb_source_peer_spearman_logfc_pair	mean_pb_source_peer_spearman_logfc_pair	0.10667882188626956	0.09252176221941577	0.11871743331612516	0.013097835548354697	bca	ok	0.95	2000	2000	63	63	63	pubchem_cid			95% BCa bootstrap CI clustered by PubChem compound; uncertainty is over the observed compound panel, not broader chemical space.	CVCL_0178
l1000_phase1	l1000_phase2	peer_baseline_dataset_pair_line	pb_delta_vs_source_peer_spearman_logfc	mean_pb_delta_vs_source_peer_spearman_logfc	0.08512329966266143	0.03153663090913129	0.13550872422767066	0.05198604665926969	bca	ok	0.95	2000	2000	63	63	63	pubchem_cid			95% BCa bootstrap CI clustered by PubChem compound; uncertainty is over the observed compound panel, not broader chemical space.	CVCL_0178
l1000_phase1	l1000_phase2	peer_baseline_dataset_pair_line	pb_source_peer_spearman_logfc_pair_sd_score	mean_pb_source_peer_spearman_logfc_pair_sd_score	0.17590481355911183	0.16768023907893517	0.1845119049291719	0.008415832925118369	bca	ok	0.95	2000	2000	63	63	63	pubchem_cid			95% BCa bootstrap CI clustered by PubChem compound; uncertainty is over the observed compound panel, not broader chemical space.	CVCL_0178
l1000_phase1	l1000_phase2	peer_baseline_dataset_pair_line	pb_source_peer_spearman_logfc_pair_fraction_below_observed	mean_pb_source_peer_spearman_logfc_pair_fraction_below_observed	0.59879415821079	0.5353190223975758	0.6566937422080712	0.060687359905247706	bca	ok	0.95	2000	2000	63	63	63	pubchem_cid			95% BCa bootstrap CI clustered by PubChem compound; uncertainty is over the observed compound panel, not broader chemical space.	CVCL_0178
l1000_phase1	l1000_phase2	peer_baseline_dataset_pair_line	pb_source_peer_spearman_logfc_pair_corrected_percentile	mean_pb_source_peer_spearman_logfc_pair_corrected_percentile	0.6014977176320647	0.5383165181146045	0.6634396508428101	0.06256156636410282	bca	ok	0.95	2000	2000	63	63	63	pubchem_cid			95% BCa bootstrap CI clustered by PubChem compound; uncertainty is over the observed compound panel, not broader chemical space.	CVCL_0178
l1000_phase1	l1000_phase2	peer_baseline_dataset_pair_line	pb_target_peer_spearman_logfc_pair	mean_pb_target_peer_spearman_logfc_pair	0.006542079392663871	-0.004830729890528557	0.017354527707680298	0.011092628799104427	bca	ok	0.95	2000	2000	63	63	63	pubchem_cid			95% BCa bootstrap CI clustered by PubChem compound; uncertainty is over the observed compound panel, not broader chemical space.	CVCL_0178
l1000_phase1	l1000_phase2	peer_baseline_dataset_pair_line	pb_delta_vs_target_peer_spearman_logfc	mean_pb_delta_vs_target_peer_spearman_logfc	0.18526004215626712	0.14720936230315926	0.23076057690339485	0.0417756073001178	bca	ok	0.95	2000	2000	63	63	63	pubchem_cid			95% BCa bootstrap CI clustered by PubChem compound; uncertainty is over the observed compound panel, not broader chemical space.	CVCL_0178
l1000_phase1	l1000_phase2	peer_baseline_dataset_pair_line	pb_target_peer_spearman_logfc_pair_sd_score	mean_pb_target_peer_spearman_logfc_pair_sd_score	0.1441565313283367	0.13701597028543405	0.1520557534826319	0.007519891598598921	bca	ok	0.95	2000	2000	63	63	63	pubchem_cid			95% BCa bootstrap CI clustered by PubChem compound; uncertainty is over the observed compound panel, not broader chemical space.	CVCL_0178
l1000_phase1	l1000_phase2	peer_baseline_dataset_pair_line	pb_target_peer_spearman_logfc_pair_fraction_below_observed	mean_pb_target_peer_spearman_logfc_pair_fraction_below_observed	0.7697319988381878	0.7239206702759997	0.8121832015158612	0.04413126561993075	bca	ok	0.95	2000	2000	63	63	63	pubchem_cid			95% BCa bootstrap CI clustered by PubChem compound; uncertainty is over the observed compound panel, not broader chemical space.	CVCL_0178
l1000_phase1	l1000_phase2	peer_baseline_dataset_pair_line	pb_target_peer_spearman_logfc_pair_corrected_percentile	mean_pb_target_peer_spearman_logfc_pair_corrected_percentile	0.7712925837550791	0.7254334745632287	0.8126857183732076	0.043626121904989434	bca	ok	0.95	2000	2000	63	63	63	pubchem_cid			95% BCa bootstrap CI clustered by PubChem compound; uncertainty is over the observed compound panel, not broader chemical space.	CVCL_0178
l1000_phase1	l1000_phase2	peer_baseline_dataset_pair_line	pb_observed_spearman_logfc	mean_pb_observed_spearman_logfc	0.32042740131402664	0.22669579937177634	0.42253113421823796	0.09791766742323081	bca	ok	0.95	2000	2000	34	34	34	pubchem_cid			95% BCa bootstrap CI clustered by PubChem compound; uncertainty is over the observed compound panel, not broader chemical space.	CVCL_0320
l1000_phase1	l1000_phase2	peer_baseline_dataset_pair_line	pb_source_centroid_spearman_logfc_pair	mean_pb_source_centroid_spearman_logfc_pair	0.28514296720660315	0.21993215626144177	0.3512576411211669	0.06566274242986257	bca	ok	0.95	2000	2000	34	34	34	pubchem_cid			95% BCa bootstrap CI clustered by PubChem compound; uncertainty is over the observed compound panel, not broader chemical space.	CVCL_0320
l1000_phase1	l1000_phase2	peer_baseline_dataset_pair_line	pb_delta_vs_source_centroid_spearman_logfc	mean_pb_delta_vs_source_centroid_spearman_logfc	0.03528443410742351	-0.03279560442347602	0.09868682297623076	0.06574121369985339	bca	ok	0.95	2000	2000	34	34	34	pubchem_cid			95% BCa bootstrap CI clustered by PubChem compound; uncertainty is over the observed compound panel, not broader chemical space.	CVCL_0320
l1000_phase1	l1000_phase2	peer_baseline_dataset_pair_line	pb_target_centroid_spearman_logfc_pair	mean_pb_target_centroid_spearman_logfc_pair	0.23434275341476826	0.1615056351044577	0.30059431754006927	0.06954434121780578	bca	ok	0.95	2000	2000	34	34	34	pubchem_cid			95% BCa bootstrap CI clustered by PubChem compound; uncertainty is over the observed compound panel, not broader chemical space.	CVCL_0320
l1000_phase1	l1000_phase2	peer_baseline_dataset_pair_line	pb_delta_vs_target_centroid_spearman_logfc	mean_pb_delta_vs_target_centroid_spearman_logfc	0.08608464789925842	0.035713154612319865	0.14054647141431625	0.0524166584009982	bca	ok	0.95	2000	2000	34	34	34	pubchem_cid			95% BCa bootstrap CI clustered by PubChem compound; uncertainty is over the observed compound panel, not broader chemical space.	CVCL_0320
l1000_phase1	l1000_phase2	peer_baseline_dataset_pair_line	pb_source_peer_spearman_logfc_pair	mean_pb_source_peer_spearman_logfc_pair	0.06677577923240742	0.0555277453213555	0.07900517110519038	0.011738712891917441	bca	ok	0.95	2000	2000	34	34	34	pubchem_cid			95% BCa bootstrap CI clustered by PubChem compound; uncertainty is over the observed compound panel, not broader chemical space.	CVCL_0320
l1000_phase1	l1000_phase2	peer_baseline_dataset_pair_line	pb_delta_vs_source_peer_spearman_logfc	mean_pb_delta_vs_source_peer_spearman_logfc	0.25365162208161923	0.1575490812083168	0.3552020633383076	0.09882649106499541	bca	ok	0.95	2000	2000	34	34	34	pubchem_cid			95% BCa bootstrap CI clustered by PubChem compound; uncertainty is over the observed compound panel, not broader chemical space.	CVCL_0320
l1000_phase1	l1000_phase2	peer_baseline_dataset_pair_line	pb_source_peer_spearman_logfc_pair_sd_score	mean_pb_source_peer_spearman_logfc_pair_sd_score	0.1378397472545134	0.12571556422850147	0.1495820376874498	0.011933236729474161	bca	ok	0.95	2000	2000	34	34	34	pubchem_cid			95% BCa bootstrap CI clustered by PubChem compound; uncertainty is over the observed compound panel, not broader chemical space.	CVCL_0320
l1000_phase1	l1000_phase2	peer_baseline_dataset_pair_line	pb_source_peer_spearman_logfc_pair_fraction_below_observed	mean_pb_source_peer_spearman_logfc_pair_fraction_below_observed	0.7321591412863341	0.6120455601340129	0.8288198380979827	0.10838713898198488	bca	ok	0.95	2000	2000	34	34	34	pubchem_cid			95% BCa bootstrap CI clustered by PubChem compound; uncertainty is over the observed compound panel, not broader chemical space.	CVCL_0320
l1000_phase1	l1000_phase2	peer_baseline_dataset_pair_line	pb_source_peer_spearman_logfc_pair_corrected_percentile	mean_pb_source_peer_spearman_logfc_pair_corrected_percentile	0.7341886082188815	0.6076751104221345	0.8244551887177822	0.10839003914782386	bca	ok	0.95	2000	2000	34	34	34	pubchem_cid			95% BCa bootstrap CI clustered by PubChem compound; uncertainty is over the observed compound panel, not broader chemical space.	CVCL_0320
l1000_phase1	l1000_phase2	peer_baseline_dataset_pair_line	pb_target_peer_spearman_logfc_pair	mean_pb_target_peer_spearman_logfc_pair	0.03958289736772621	0.03176922374735564	0.04901192868641516	0.008621352469529758	bca	ok	0.95	2000	2000	34	34	34	pubchem_cid			95% BCa bootstrap CI clustered by PubChem compound; uncertainty is over the observed compound panel, not broader chemical space.	CVCL_0320
l1000_phase1	l1000_phase2	peer_baseline_dataset_pair_line	pb_delta_vs_target_peer_spearman_logfc	mean_pb_delta_vs_target_peer_spearman_logfc	0.28084450394630045	0.1893294965641174	0.37574597182794645	0.09320823763191452	bca	ok	0.95	2000	2000	34	34	34	pubchem_cid			95% BCa bootstrap CI clustered by PubChem compound; uncertainty is over the observed compound panel, not broader chemical space.	CVCL_0320
l1000_phase1	l1000_phase2	peer_baseline_dataset_pair_line	pb_target_peer_spearman_logfc_pair_sd_score	mean_pb_target_peer_spearman_logfc_pair_sd_score	0.11487781765681579	0.10230748128882322	0.12932225899549227	0.013507388853334523	bca	ok	0.95	2000	2000	34	34	34	pubchem_cid			95% BCa bootstrap CI clustered by PubChem compound; uncertainty is over the observed compound panel, not broader chemical space.	CVCL_0320
l1000_phase1	l1000_phase2	peer_baseline_dataset_pair_line	pb_target_peer_spearman_logfc_pair_fraction_below_observed	mean_pb_target_peer_spearman_logfc_pair_fraction_below_observed	0.7560594484417579	0.6350054001482708	0.8501712852101168	0.10758294253092299	bca	ok	0.95	2000	2000	34	34	34	pubchem_cid			95% BCa bootstrap CI clustered by PubChem compound; uncertainty is over the observed compound panel, not broader chemical space.	CVCL_0320
l1000_phase1	l1000_phase2	peer_baseline_dataset_pair_line	pb_target_peer_spearman_logfc_pair_corrected_percentile	mean_pb_target_peer_spearman_logfc_pair_corrected_percentile	0.7574418498314011	0.6404917555022839	0.8585988723355986	0.10905355841665737	bca	ok	0.95	2000	2000	34	34	34	pubchem_cid			95% BCa bootstrap CI clustered by PubChem compound; uncertainty is over the observed compound panel, not broader chemical space.	CVCL_0320
l1000_phase1	l1000_phase2	peer_baseline_dataset_pair_line	pb_observed_spearman_logfc	mean_pb_observed_spearman_logfc	0.23789669920599862	0.19738816276996032	0.28019849530071733	0.041405166265378504	bca	ok	0.95	2000	2000	63	63	63	pubchem_cid			95% BCa bootstrap CI clustered by PubChem compound; uncertainty is over the observed compound panel, not broader chemical space.	CVCL_0332
l1000_phase1	l1000_phase2	peer_baseline_dataset_pair_line	pb_source_centroid_spearman_logfc_pair	mean_pb_source_centroid_spearman_logfc_pair	0.2931515356452469	0.25113265862585915	0.33333968774794553	0.04110351456104319	bca	ok	0.95	2000	2000	63	63	63	pubchem_cid			95% BCa bootstrap CI clustered by PubChem compound; uncertainty is over the observed compound panel, not broader chemical space.	CVCL_0332
l1000_phase1	l1000_phase2	peer_baseline_dataset_pair_line	pb_delta_vs_source_centroid_spearman_logfc	mean_pb_delta_vs_source_centroid_spearman_logfc	-0.05525483643924831	-0.09171237899908886	-0.020238330795803627	0.03573702410164262	bca	ok	0.95	2000	2000	63	63	63	pubchem_cid			95% BCa bootstrap CI clustered by PubChem compound; uncertainty is over the observed compound panel, not broader chemical space.	CVCL_0332
l1000_phase1	l1000_phase2	peer_baseline_dataset_pair_line	pb_target_centroid_spearman_logfc_pair	mean_pb_target_centroid_spearman_logfc_pair	0.15901983295949848	0.12124578594206208	0.1924127854193719	0.03558349973865491	bca	ok	0.95	2000	2000	63	63	63	pubchem_cid			95% BCa bootstrap CI clustered by PubChem compound; uncertainty is over the observed compound panel, not broader chemical space.	CVCL_0332
l1000_phase1	l1000_phase2	peer_baseline_dataset_pair_line	pb_delta_vs_target_centroid_spearman_logfc	mean_pb_delta_vs_target_centroid_spearman_logfc	0.07887686624650012	0.05305368615266127	0.1069357848169529	0.026941049332145816	bca	ok	0.95	2000	2000	63	63	63	pubchem_cid			95% BCa bootstrap CI clustered by PubChem compound; uncertainty is over the observed compound panel, not broader chemical space.	CVCL_0332
l1000_phase1	l1000_phase2	peer_baseline_dataset_pair_line	pb_source_peer_spearman_logfc_pair	mean_pb_source_peer_spearman_logfc_pair	0.11296200291342412	0.09839935297822343	0.12569105687276277	0.013645851947269673	bca	ok	0.95	2000	2000	63	63	63	pubchem_cid			95% BCa bootstrap CI clustered by PubChem compound; uncertainty is over the observed compound panel, not broader chemical space.	CVCL_0332
l1000_phase1	l1000_phase2	peer_baseline_dataset_pair_line	pb_delta_vs_source_peer_spearman_logfc	mean_pb_delta_vs_source_peer_spearman_logfc	0.12493469629257449	0.0894006544271204	0.16691771557348378	0.03875853057318169	bca	ok	0.95	2000	2000	63	63	63	pubchem_cid			95% BCa bootstrap CI clustered by PubChem compound; uncertainty is over the observed compound panel, not broader chemical space.	CVCL_0332
l1000_phase1	l1000_phase2	peer_baseline_dataset_pair_line	pb_source_peer_spearman_logfc_pair_sd_score	mean_pb_source_peer_spearman_logfc_pair_sd_score	0.16904876435263388	0.1620431474866917	0.1759410295681598	0.006948941040734041	bca	ok	0.95	2000	2000	63	63	63	pubchem_cid			95% BCa bootstrap CI clustered by PubChem compound; uncertainty is over the observed compound panel, not broader chemical space.	CVCL_0332
l1000_phase1	l1000_phase2	peer_baseline_dataset_pair_line	pb_source_peer_spearman_logfc_pair_fraction_below_observed	mean_pb_source_peer_spearman_logfc_pair_fraction_below_observed	0.6724757425120934	0.6225662302937248	0.7208453529052095	0.04913956130574232	bca	ok	0.95	2000	2000	63	63	63	pubchem_cid			95% BCa bootstrap CI clustered by PubChem compound; uncertainty is over the observed compound panel, not broader chemical space.	CVCL_0332
l1000_phase1	l1000_phase2	peer_baseline_dataset_pair_line	pb_source_peer_spearman_logfc_pair_corrected_percentile	mean_pb_source_peer_spearman_logfc_pair_corrected_percentile	0.6745516302436375	0.6257685227649143	0.7203134590886521	0.047272468161868864	bca	ok	0.95	2000	2000	63	63	63	pubchem_cid			95% BCa bootstrap CI clustered by PubChem compound; uncertainty is over the observed compound panel, not broader chemical space.	CVCL_0332
l1000_phase1	l1000_phase2	peer_baseline_dataset_pair_line	pb_target_peer_spearman_logfc_pair	mean_pb_target_peer_spearman_logfc_pair	0.055424484000217836	0.043180264005979914	0.06777292956721512	0.012296332780617602	bca	ok	0.95	2000	2000	63	63	63	pubchem_cid			95% BCa bootstrap CI clustered by PubChem compound; uncertainty is over the observed compound panel, not broader chemical space.	CVCL_0332
l1000_phase1	l1000_phase2	peer_baseline_dataset_pair_line	pb_delta_vs_target_peer_spearman_logfc	mean_pb_delta_vs_target_peer_spearman_logfc	0.1824722152057808	0.14841850624368721	0.2170691428148062	0.034325318285559486	bca	ok	0.95	2000	2000	63	63	63	pubchem_cid			95% BCa bootstrap CI clustered by PubChem compound; uncertainty is over the observed compound panel, not broader chemical space.	CVCL_0332
l1000_phase1	l1000_phase2	peer_baseline_dataset_pair_line	pb_target_peer_spearman_logfc_pair_sd_score	mean_pb_target_peer_spearman_logfc_pair_sd_score	0.13860225014459987	0.13190050965750874	0.14561743801138352	0.00685846417693739	bca	ok	0.95	2000	2000	63	63	63	pubchem_cid			95% BCa bootstrap CI clustered by PubChem compound; uncertainty is over the observed compound panel, not broader chemical space.	CVCL_0332
l1000_phase1	l1000_phase2	peer_baseline_dataset_pair_line	pb_target_peer_spearman_logfc_pair_fraction_below_observed	mean_pb_target_peer_spearman_logfc_pair_fraction_below_observed	0.7790011726185231	0.73681242636859	0.8206819567822338	0.04193476520682188	bca	ok	0.95	2000	2000	63	63	63	pubchem_cid			95% BCa bootstrap CI clustered by PubChem compound; uncertainty is over the observed compound panel, not broader chemical space.	CVCL_0332
l1000_phase1	l1000_phase2	peer_baseline_dataset_pair_line	pb_target_peer_spearman_logfc_pair_corrected_percentile	mean_pb_target_peer_spearman_logfc_pair_corrected_percentile	0.7803446669322551	0.7394297462866827	0.8187834799826587	0.03967686684798799	bca	ok	0.95	2000	2000	63	63	63	pubchem_cid			95% BCa bootstrap CI clustered by PubChem compound; uncertainty is over the observed compound panel, not broader chemical space.	CVCL_0332
l1000_phase1	l1000_phase2	peer_baseline_dataset_pair_line	pb_observed_spearman_logfc	mean_pb_observed_spearman_logfc	0.28354488495835894	0.2345875787195832	0.33935157404830724	0.05238199766436202	bca	ok	0.95	2000	2000	63	63	63	pubchem_cid			95% BCa bootstrap CI clustered by PubChem compound; uncertainty is over the observed compound panel, not broader chemical space.	CVCL_0598
l1000_phase1	l1000_phase2	peer_baseline_dataset_pair_line	pb_source_centroid_spearman_logfc_pair	mean_pb_source_centroid_spearman_logfc_pair	0.3577860631159056	0.3030923199284752	0.4123323036310958	0.05461999185131031	bca	ok	0.95	2000	2000	63	63	63	pubchem_cid			95% BCa bootstrap CI clustered by PubChem compound; uncertainty is over the observed compound panel, not broader chemical space.	CVCL_0598
l1000_phase1	l1000_phase2	peer_baseline_dataset_pair_line	pb_delta_vs_source_centroid_spearman_logfc	mean_pb_delta_vs_source_centroid_spearman_logfc	-0.07424117815754666	-0.10686939044469869	-0.04609577730237266	0.030386806571163015	bca	ok	0.95	2000	2000	63	63	63	pubchem_cid			95% BCa bootstrap CI clustered by PubChem compound; uncertainty is over the observed compound panel, not broader chemical space.	CVCL_0598
l1000_phase1	l1000_phase2	peer_baseline_dataset_pair_line	pb_target_centroid_spearman_logfc_pair	mean_pb_target_centroid_spearman_logfc_pair	0.2540993175560212	0.20658137078671845	0.30072574172627015	0.047072185469775846	bca	ok	0.95	2000	2000	63	63	63	pubchem_cid			95% BCa bootstrap CI clustered by PubChem compound; uncertainty is over the observed compound panel, not broader chemical space.	CVCL_0598
l1000_phase1	l1000_phase2	peer_baseline_dataset_pair_line	pb_delta_vs_target_centroid_spearman_logfc	mean_pb_delta_vs_target_centroid_spearman_logfc	0.02944556740233778	0.003992225568004531	0.05742455693365882	0.026716165682827142	bca	ok	0.95	2000	2000	63	63	63	pubchem_cid			95% BCa bootstrap CI clustered by PubChem compound; uncertainty is over the observed compound panel, not broader chemical space.	CVCL_0598
l1000_phase1	l1000_phase2	peer_baseline_dataset_pair_line	pb_source_peer_spearman_logfc_pair	mean_pb_source_peer_spearman_logfc_pair	0.15643889991402923	0.13789594922969678	0.17500707283584702	0.01855556180307512	bca	ok	0.95	2000	2000	63	63	63	pubchem_cid			95% BCa bootstrap CI clustered by PubChem compound; uncertainty is over the observed compound panel, not broader chemical space.	CVCL_0598
l1000_phase1	l1000_phase2	peer_baseline_dataset_pair_line	pb_delta_vs_source_peer_spearman_logfc	mean_pb_delta_vs_source_peer_spearman_logfc	0.1271059850443297	0.08788405399568643	0.1681798039508557	0.04014787497758463	bca	ok	0.95	2000	2000	63	63	63	pubchem_cid			95% BCa bootstrap CI clustered by PubChem compound; uncertainty is over the observed compound panel, not broader chemical space.	CVCL_0598
l1000_phase1	l1000_phase2	peer_baseline_dataset_pair_line	pb_source_peer_spearman_logfc_pair_sd_score	mean_pb_source_peer_spearman_logfc_pair_sd_score	0.18844194935803332	0.17848520712572818	0.19894522164323997	0.010230007258755891	bca	ok	0.95	2000	2000	63	63	63	pubchem_cid			95% BCa bootstrap CI clustered by PubChem compound; uncertainty is over the observed compound panel, not broader chemical space.	CVCL_0598
l1000_phase1	l1000_phase2	peer_baseline_dataset_pair_line	pb_source_peer_spearman_logfc_pair_fraction_below_observed	mean_pb_source_peer_spearman_logfc_pair_fraction_below_observed	0.6533901298125343	0.605775421359321	0.6975986254205259	0.045911602030602405	bca	ok	0.95	2000	2000	63	63	63	pubchem_cid			95% BCa bootstrap CI clustered by PubChem compound; uncertainty is over the observed compound panel, not broader chemical space.	CVCL_0598
l1000_phase1	l1000_phase2	peer_baseline_dataset_pair_line	pb_source_peer_spearman_logfc_pair_corrected_percentile	mean_pb_source_peer_spearman_logfc_pair_corrected_percentile	0.655647882678066	0.6118515588261991	0.7042627137247982	0.04620557744929954	bca	ok	0.95	2000	2000	63	63	63	pubchem_cid			95% BCa bootstrap CI clustered by PubChem compound; uncertainty is over the observed compound panel, not broader chemical space.	CVCL_0598
l1000_phase1	l1000_phase2	peer_baseline_dataset_pair_line	pb_target_peer_spearman_logfc_pair	mean_pb_target_peer_spearman_logfc_pair	0.10440937767116772	0.08730306315487311	0.12065430986315885	0.01667562335414287	bca	ok	0.95	2000	2000	63	63	63	pubchem_cid			95% BCa bootstrap CI clustered by PubChem compound; uncertainty is over the observed compound panel, not broader chemical space.	CVCL_0598
l1000_phase1	l1000_phase2	peer_baseline_dataset_pair_line	pb_delta_vs_target_peer_spearman_logfc	mean_pb_delta_vs_target_peer_spearman_logfc	0.17913550728719124	0.1391078841882356	0.2216264541099867	0.04125928496087554	bca	ok	0.95	2000	2000	63	63	63	pubchem_cid			95% BCa bootstrap CI clustered by PubChem compound; uncertainty is over the observed compound panel, not broader chemical space.	CVCL_0598
l1000_phase1	l1000_phase2	peer_baseline_dataset_pair_line	pb_target_peer_spearman_logfc_pair_sd_score	mean_pb_target_peer_spearman_logfc_pair_sd_score	0.14984454492611524	0.1393527514293007	0.16147569451945232	0.011061471545075807	bca	ok	0.95	2000	2000	63	63	63	pubchem_cid			95% BCa bootstrap CI clustered by PubChem compound; uncertainty is over the observed compound panel, not broader chemical space.	CVCL_0598
l1000_phase1	l1000_phase2	peer_baseline_dataset_pair_line	pb_target_peer_spearman_logfc_pair_fraction_below_observed	mean_pb_target_peer_spearman_logfc_pair_fraction_below_observed	0.7608810094112333	0.7123089085420008	0.8042143856901265	0.045952738574062846	bca	ok	0.95	2000	2000	63	63	63	pubchem_cid			95% BCa bootstrap CI clustered by PubChem compound; uncertainty is over the observed compound panel, not broader chemical space.	CVCL_0598
l1000_phase1	l1000_phase2	peer_baseline_dataset_pair_line	pb_target_peer_spearman_logfc_pair_corrected_percentile	mean_pb_target_peer_spearman_logfc_pair_corrected_percentile	0.7623671426408347	0.718329875637641	0.8048647309082873	0.04326742763532315	bca	ok	0.95	2000	2000	63	63	63	pubchem_cid			95% BCa bootstrap CI clustered by PubChem compound; uncertainty is over the observed compound panel, not broader chemical space.	CVCL_0598
l1000_phase1	l1000_phase2	peer_baseline_dataset_pair_line	pb_observed_spearman_logfc	mean_pb_observed_spearman_logfc	0.3553182692627424	0.2808559976609618	0.4378275072599023	0.07848575479947026	bca	ok	0.95	2000	2000	31	31	31	pubchem_cid			95% BCa bootstrap CI clustered by PubChem compound; uncertainty is over the observed compound panel, not broader chemical space.	CVCL_5136
l1000_phase1	l1000_phase2	peer_baseline_dataset_pair_line	pb_source_centroid_spearman_logfc_pair	mean_pb_source_centroid_spearman_logfc_pair	0.26397227680826457	0.1898587954309499	0.3398914743040134	0.07501633943653174	bca	ok	0.95	2000	2000	31	31	31	pubchem_cid			95% BCa bootstrap CI clustered by PubChem compound; uncertainty is over the observed compound panel, not broader chemical space.	CVCL_5136
l1000_phase1	l1000_phase2	peer_baseline_dataset_pair_line	pb_delta_vs_source_centroid_spearman_logfc	mean_pb_delta_vs_source_centroid_spearman_logfc	0.09134599245447778	0.027385410459914074	0.16100304298161874	0.06680881626085233	bca	ok	0.95	2000	2000	31	31	31	pubchem_cid			95% BCa bootstrap CI clustered by PubChem compound; uncertainty is over the observed compound panel, not broader chemical space.	CVCL_5136
l1000_phase1	l1000_phase2	peer_baseline_dataset_pair_line	pb_target_centroid_spearman_logfc_pair	mean_pb_target_centroid_spearman_logfc_pair	0.19468349981022318	0.1242671902508715	0.2658169269105502	0.07077486832983934	bca	ok	0.95	2000	2000	31	31	31	pubchem_cid			95% BCa bootstrap CI clustered by PubChem compound; uncertainty is over the observed compound panel, not broader chemical space.	CVCL_5136
l1000_phase1	l1000_phase2	peer_baseline_dataset_pair_line	pb_delta_vs_target_centroid_spearman_logfc	mean_pb_delta_vs_target_centroid_spearman_logfc	0.1606347694525192	0.1071263652569409	0.21778051315412947	0.055327073948594284	bca	ok	0.95	2000	2000	31	31	31	pubchem_cid			95% BCa bootstrap CI clustered by PubChem compound; uncertainty is over the observed compound panel, not broader chemical space.	CVCL_5136
l1000_phase1	l1000_phase2	peer_baseline_dataset_pair_line	pb_source_peer_spearman_logfc_pair	mean_pb_source_peer_spearman_logfc_pair	0.0907938787258685	0.06859523589942045	0.11080287907671928	0.021103821588649416	bca	ok	0.95	2000	2000	31	31	31	pubchem_cid			95% BCa bootstrap CI clustered by PubChem compound; uncertainty is over the observed compound panel, not broader chemical space.	CVCL_5136
l1000_phase1	l1000_phase2	peer_baseline_dataset_pair_line	pb_delta_vs_source_peer_spearman_logfc	mean_pb_delta_vs_source_peer_spearman_logfc	0.2645243905368738	0.1944824730568646	0.3361036561848375	0.07081059156398645	bca	ok	0.95	2000	2000	31	31	31	pubchem_cid			95% BCa bootstrap CI clustered by PubChem compound; uncertainty is over the observed compound panel, not broader chemical space.	CVCL_5136
l1000_phase1	l1000_phase2	peer_baseline_dataset_pair_line	pb_source_peer_spearman_logfc_pair_sd_score	mean_pb_source_peer_spearman_logfc_pair_sd_score	0.16405837611286547	0.15061206485588224	0.1812012024048605	0.015294568774489134	bca	ok	0.95	2000	2000	31	31	31	pubchem_cid			95% BCa bootstrap CI clustered by PubChem compound; uncertainty is over the observed compound panel, not broader chemical space.	CVCL_5136
l1000_phase1	l1000_phase2	peer_baseline_dataset_pair_line	pb_source_peer_spearman_logfc_pair_fraction_below_observed	mean_pb_source_peer_spearman_logfc_pair_fraction_below_observed	0.8326051066421475	0.757597002790871	0.893627462318059	0.06801522976359398	bca	ok	0.95	2000	2000	31	31	31	pubchem_cid			95% BCa bootstrap CI clustered by PubChem compound; uncertainty is over the observed compound panel, not broader chemical space.	CVCL_5136
l1000_phase1	l1000_phase2	peer_baseline_dataset_pair_line	pb_source_peer_spearman_logfc_pair_corrected_percentile	mean_pb_source_peer_spearman_logfc_pair_corrected_percentile	0.8341480213533736	0.761388742629688	0.8907268620978944	0.0646690597341032	bca	ok	0.95	2000	2000	31	31	31	pubchem_cid			95% BCa bootstrap CI clustered by PubChem compound; uncertainty is over the observed compound panel, not broader chemical space.	CVCL_5136
l1000_phase1	l1000_phase2	peer_baseline_dataset_pair_line	pb_target_peer_spearman_logfc_pair	mean_pb_target_peer_spearman_logfc_pair	0.06771606463980923	0.048181035681329615	0.08914907567587216	0.02048401999727127	bca	ok	0.95	2000	2000	31	31	31	pubchem_cid			95% BCa bootstrap CI clustered by PubChem compound; uncertainty is over the observed compound panel, not broader chemical space.	CVCL_5136
l1000_phase1	l1000_phase2	peer_baseline_dataset_pair_line	pb_delta_vs_target_peer_spearman_logfc	mean_pb_delta_vs_target_peer_spearman_logfc	0.2876022046229332	0.2256553170330626	0.35207405618653204	0.06320936957673472	bca	ok	0.95	2000	2000	31	31	31	pubchem_cid			95% BCa bootstrap CI clustered by PubChem compound; uncertainty is over the observed compound panel, not broader chemical space.	CVCL_5136
l1000_phase1	l1000_phase2	peer_baseline_dataset_pair_line	pb_target_peer_spearman_logfc_pair_sd_score	mean_pb_target_peer_spearman_logfc_pair_sd_score	0.12756877141851153	0.11518001087143069	0.14126546984982893	0.013042729489199122	bca	ok	0.95	2000	2000	31	31	31	pubchem_cid			95% BCa bootstrap CI clustered by PubChem compound; uncertainty is over the observed compound panel, not broader chemical space.	CVCL_5136
l1000_phase1	l1000_phase2	peer_baseline_dataset_pair_line	pb_target_peer_spearman_logfc_pair_fraction_below_observed	mean_pb_target_peer_spearman_logfc_pair_fraction_below_observed	0.896029933751471	0.8316954189850263	0.9417088553516995	0.05500671818333658	bca	ok	0.95	2000	2000	31	31	31	pubchem_cid			95% BCa bootstrap CI clustered by PubChem compound; uncertainty is over the observed compound panel, not broader chemical space.	CVCL_5136
l1000_phase1	l1000_phase2	peer_baseline_dataset_pair_line	pb_target_peer_spearman_logfc_pair_corrected_percentile	mean_pb_target_peer_spearman_logfc_pair_corrected_percentile	0.8967075950676138	0.8325152084373659	0.938244138155953	0.052864464859293525	bca	ok	0.95	2000	2000	31	31	31	pubchem_cid			95% BCa bootstrap CI clustered by PubChem compound; uncertainty is over the observed compound panel, not broader chemical space.	CVCL_5136
l1000_phase1	l1000_phase2	peer_baseline_dataset_pair_line	pb_observed_spearman_logfc	mean_pb_observed_spearman_logfc	0.0881368915739498	0.020624702238187173	0.18047637981624343	0.07992583878902812	bca	ok	0.95	2000	2000	34	34	34	pubchem_cid			95% BCa bootstrap CI clustered by PubChem compound; uncertainty is over the observed compound panel, not broader chemical space.	CVCL_U602
l1000_phase1	l1000_phase2	peer_baseline_dataset_pair_line	pb_source_centroid_spearman_logfc_pair	mean_pb_source_centroid_spearman_logfc_pair	0.2211697632564449	0.16077848480875398	0.28274306382057174	0.06098228950590888	bca	ok	0.95	2000	2000	34	34	34	pubchem_cid			95% BCa bootstrap CI clustered by PubChem compound; uncertainty is over the observed compound panel, not broader chemical space.	CVCL_U602
l1000_phase1	l1000_phase2	peer_baseline_dataset_pair_line	pb_delta_vs_source_centroid_spearman_logfc	mean_pb_delta_vs_source_centroid_spearman_logfc	-0.13303287168249509	-0.2411248014698517	-0.023090413016925066	0.10901719422646332	bca	ok	0.95	2000	2000	34	34	34	pubchem_cid			95% BCa bootstrap CI clustered by PubChem compound; uncertainty is over the observed compound panel, not broader chemical space.	CVCL_U602
l1000_phase1	l1000_phase2	peer_baseline_dataset_pair_line	pb_target_centroid_spearman_logfc_pair	mean_pb_target_centroid_spearman_logfc_pair	-0.020433935780160194	-0.0785524265367737	0.03862311338698737	0.05858776996188054	bca	ok	0.95	2000	2000	34	34	34	pubchem_cid			95% BCa bootstrap CI clustered by PubChem compound; uncertainty is over the observed compound panel, not broader chemical space.	CVCL_U602
l1000_phase1	l1000_phase2	peer_baseline_dataset_pair_line	pb_delta_vs_target_centroid_spearman_logfc	mean_pb_delta_vs_target_centroid_spearman_logfc	0.10857082735411001	0.043508236741778644	0.18283652443261875	0.06966414384542005	bca	ok	0.95	2000	2000	34	34	34	pubchem_cid			95% BCa bootstrap CI clustered by PubChem compound; uncertainty is over the observed compound panel, not broader chemical space.	CVCL_U602
l1000_phase1	l1000_phase2	peer_baseline_dataset_pair_line	pb_source_peer_spearman_logfc_pair	mean_pb_source_peer_spearman_logfc_pair	0.06896644913755516	0.05092411422324692	0.08668844957244991	0.017882167674601494	bca	ok	0.95	2000	2000	34	34	34	pubchem_cid			95% BCa bootstrap CI clustered by PubChem compound; uncertainty is over the observed compound panel, not broader chemical space.	CVCL_U602
l1000_phase1	l1000_phase2	peer_baseline_dataset_pair_line	pb_delta_vs_source_peer_spearman_logfc	mean_pb_delta_vs_source_peer_spearman_logfc	0.019170442436394628	-0.05876636297555377	0.11451278711398014	0.08663957504476695	bca	ok	0.95	2000	2000	34	34	34	pubchem_cid			95% BCa bootstrap CI clustered by PubChem compound; uncertainty is over the observed compound panel, not broader chemical space.	CVCL_U602
l1000_phase1	l1000_phase2	peer_baseline_dataset_pair_line	pb_source_peer_spearman_logfc_pair_sd_score	mean_pb_source_peer_spearman_logfc_pair_sd_score	0.1566169040482918	0.14302467768536717	0.17175018130225855	0.014362751808445692	bca	ok	0.95	2000	2000	34	34	34	pubchem_cid			95% BCa bootstrap CI clustered by PubChem compound; uncertainty is over the observed compound panel, not broader chemical space.	CVCL_U602
l1000_phase1	l1000_phase2	peer_baseline_dataset_pair_line	pb_source_peer_spearman_logfc_pair_fraction_below_observed	mean_pb_source_peer_spearman_logfc_pair_fraction_below_observed	0.49371401232266265	0.39071388503826515	0.6216879134794647	0.11548701422059979	bca	ok	0.95	2000	2000	34	34	34	pubchem_cid			95% BCa bootstrap CI clustered by PubChem compound; uncertainty is over the observed compound panel, not broader chemical space.	CVCL_U602
l1000_phase1	l1000_phase2	peer_baseline_dataset_pair_line	pb_source_peer_spearman_logfc_pair_corrected_percentile	mean_pb_source_peer_spearman_logfc_pair_corrected_percentile	0.49515866635099454	0.3860307982737924	0.6039970645331095	0.10898313312965857	bca	ok	0.95	2000	2000	34	34	34	pubchem_cid			95% BCa bootstrap CI clustered by PubChem compound; uncertainty is over the observed compound panel, not broader chemical space.	CVCL_U602
l1000_phase1	l1000_phase2	peer_baseline_dataset_pair_line	pb_target_peer_spearman_logfc_pair	mean_pb_target_peer_spearman_logfc_pair	-0.006710323739087747	-0.022950695106227256	0.008681621326300163	0.01581615821626371	bca	ok	0.95	2000	2000	34	34	34	pubchem_cid			95% BCa bootstrap CI clustered by PubChem compound; uncertainty is over the observed compound panel, not broader chemical space.	CVCL_U602
l1000_phase1	l1000_phase2	peer_baseline_dataset_pair_line	pb_delta_vs_target_peer_spearman_logfc	mean_pb_delta_vs_target_peer_spearman_logfc	0.09484721531303755	0.034650775422424215	0.17870500981838694	0.07202711719798136	bca	ok	0.95	2000	2000	34	34	34	pubchem_cid			95% BCa bootstrap CI clustered by PubChem compound; uncertainty is over the observed compound panel, not broader chemical space.	CVCL_U602
l1000_phase1	l1000_phase2	peer_baseline_dataset_pair_line	pb_target_peer_spearman_logfc_pair_sd_score	mean_pb_target_peer_spearman_logfc_pair_sd_score	0.12943420287624427	0.11797458659494828	0.1411267563145816	0.011576084859816663	bca	ok	0.95	2000	2000	34	34	34	pubchem_cid			95% BCa bootstrap CI clustered by PubChem compound; uncertainty is over the observed compound panel, not broader chemical space.	CVCL_U602
l1000_phase1	l1000_phase2	peer_baseline_dataset_pair_line	pb_target_peer_spearman_logfc_pair_fraction_below_observed	mean_pb_target_peer_spearman_logfc_pair_fraction_below_observed	0.6299495354626549	0.524911145943856	0.7265347688004881	0.10081181142831602	bca	ok	0.95	2000	2000	34	34	34	pubchem_cid			95% BCa bootstrap CI clustered by PubChem compound; uncertainty is over the observed compound panel, not broader chemical space.	CVCL_U602
l1000_phase1	l1000_phase2	peer_baseline_dataset_pair_line	pb_target_peer_spearman_logfc_pair_corrected_percentile	mean_pb_target_peer_spearman_logfc_pair_corrected_percentile	0.631034833100954	0.5332156948367409	0.732744365092783	0.09976433512802102	bca	ok	0.95	2000	2000	34	34	34	pubchem_cid			95% BCa bootstrap CI clustered by PubChem compound; uncertainty is over the observed compound panel, not broader chemical space.	CVCL_U602
l1000_phase1	l1000_phase2	peer_baseline_dataset_pair_line	pb_observed_spearman_logfc	mean_pb_observed_spearman_logfc	0.3265644545044503	0.24024277326425933	0.4110406787553382	0.08539895274553942	bca	ok	0.95	2000	2000	39	39	39	pubchem_cid			95% BCa bootstrap CI clustered by PubChem compound; uncertainty is over the observed compound panel, not broader chemical space.	CVCL_VU89
l1000_phase1	l1000_phase2	peer_baseline_dataset_pair_line	pb_source_centroid_spearman_logfc_pair	mean_pb_source_centroid_spearman_logfc_pair	0.2808520308064978	0.20984519527027023	0.34652297665063303	0.0683388906901814	bca	ok	0.95	2000	2000	39	39	39	pubchem_cid			95% BCa bootstrap CI clustered by PubChem compound; uncertainty is over the observed compound panel, not broader chemical space.	CVCL_VU89
l1000_phase1	l1000_phase2	peer_baseline_dataset_pair_line	pb_delta_vs_source_centroid_spearman_logfc	mean_pb_delta_vs_source_centroid_spearman_logfc	0.04571242369795249	-0.030058572790396112	0.12180818290642896	0.07593337784841253	bca	ok	0.95	2000	2000	39	39	39	pubchem_cid			95% BCa bootstrap CI clustered by PubChem compound; uncertainty is over the observed compound panel, not broader chemical space.	CVCL_VU89
l1000_phase1	l1000_phase2	peer_baseline_dataset_pair_line	pb_target_centroid_spearman_logfc_pair	mean_pb_target_centroid_spearman_logfc_pair	0.217207706135556	0.15890547144699754	0.27746915710466086	0.05928184282883166	bca	ok	0.95	2000	2000	39	39	39	pubchem_cid			95% BCa bootstrap CI clustered by PubChem compound; uncertainty is over the observed compound panel, not broader chemical space.	CVCL_VU89
l1000_phase1	l1000_phase2	peer_baseline_dataset_pair_line	pb_delta_vs_target_centroid_spearman_logfc	mean_pb_delta_vs_target_centroid_spearman_logfc	0.10935674836889436	0.047760460377047134	0.176999973054707	0.06461975633882994	bca	ok	0.95	2000	2000	39	39	39	pubchem_cid			95% BCa bootstrap CI clustered by PubChem compound; uncertainty is over the observed compound panel, not broader chemical space.	CVCL_VU89
l1000_phase1	l1000_phase2	peer_baseline_dataset_pair_line	pb_source_peer_spearman_logfc_pair	mean_pb_source_peer_spearman_logfc_pair	0.074278172075682	0.060049968801419315	0.08617983955566028	0.01306493537712048	bca	ok	0.95	2000	2000	39	39	39	pubchem_cid			95% BCa bootstrap CI clustered by PubChem compound; uncertainty is over the observed compound panel, not broader chemical space.	CVCL_VU89
l1000_phase1	l1000_phase2	peer_baseline_dataset_pair_line	pb_delta_vs_source_peer_spearman_logfc	mean_pb_delta_vs_source_peer_spearman_logfc	0.25228628242876827	0.16360927247423182	0.3330335028389906	0.08471211518237938	bca	ok	0.95	2000	2000	39	39	39	pubchem_cid			95% BCa bootstrap CI clustered by PubChem compound; uncertainty is over the observed compound panel, not broader chemical space.	CVCL_VU89
l1000_phase1	l1000_phase2	peer_baseline_dataset_pair_line	pb_source_peer_spearman_logfc_pair_sd_score	mean_pb_source_peer_spearman_logfc_pair_sd_score	0.13687128127587125	0.125071674452706	0.14970826389781391	0.012318294722553955	bca	ok	0.95	2000	2000	39	39	39	pubchem_cid			95% BCa bootstrap CI clustered by PubChem compound; uncertainty is over the observed compound panel, not broader chemical space.	CVCL_VU89
l1000_phase1	l1000_phase2	peer_baseline_dataset_pair_line	pb_source_peer_spearman_logfc_pair_fraction_below_observed	mean_pb_source_peer_spearman_logfc_pair_fraction_below_observed	0.7809557943953771	0.6813477619509614	0.8591373886471555	0.08889481334809707	bca	ok	0.95	2000	2000	39	39	39	pubchem_cid			95% BCa bootstrap CI clustered by PubChem compound; uncertainty is over the observed compound panel, not broader chemical space.	CVCL_VU89
l1000_phase1	l1000_phase2	peer_baseline_dataset_pair_line	pb_source_peer_spearman_logfc_pair_corrected_percentile	mean_pb_source_peer_spearman_logfc_pair_corrected_percentile	0.7821932631082336	0.6787834290483781	0.8613641176832305	0.09129034431742622	bca	ok	0.95	2000	2000	39	39	39	pubchem_cid			95% BCa bootstrap CI clustered by PubChem compound; uncertainty is over the observed compound panel, not broader chemical space.	CVCL_VU89
l1000_phase1	l1000_phase2	peer_baseline_dataset_pair_line	pb_target_peer_spearman_logfc_pair	mean_pb_target_peer_spearman_logfc_pair	0.04951368139204342	0.038499239833338084	0.06105647223711146	0.01127861620188669	bca	ok	0.95	2000	2000	39	39	39	pubchem_cid			95% BCa bootstrap CI clustered by PubChem compound; uncertainty is over the observed compound panel, not broader chemical space.	CVCL_VU89
l1000_phase1	l1000_phase2	peer_baseline_dataset_pair_line	pb_delta_vs_target_peer_spearman_logfc	mean_pb_delta_vs_target_peer_spearman_logfc	0.2770507731124069	0.19210994717217922	0.36015684548618876	0.08402344915700477	bca	ok	0.95	2000	2000	39	39	39	pubchem_cid			95% BCa bootstrap CI clustered by PubChem compound; uncertainty is over the observed compound panel, not broader chemical space.	CVCL_VU89
l1000_phase1	l1000_phase2	peer_baseline_dataset_pair_line	pb_target_peer_spearman_logfc_pair_sd_score	mean_pb_target_peer_spearman_logfc_pair_sd_score	0.11659145027565447	0.10499729049752503	0.12928976435186337	0.012146236927169173	bca	ok	0.95	2000	2000	39	39	39	pubchem_cid			95% BCa bootstrap CI clustered by PubChem compound; uncertainty is over the observed compound panel, not broader chemical space.	CVCL_VU89
l1000_phase1	l1000_phase2	peer_baseline_dataset_pair_line	pb_target_peer_spearman_logfc_pair_fraction_below_observed	mean_pb_target_peer_spearman_logfc_pair_fraction_below_observed	0.8130793402326116	0.7132376161209808	0.8844062441621936	0.0855843140206064	bca	ok	0.95	2000	2000	39	39	39	pubchem_cid			95% BCa bootstrap CI clustered by PubChem compound; uncertainty is over the observed compound panel, not broader chemical space.	CVCL_VU89
l1000_phase1	l1000_phase2	peer_baseline_dataset_pair_line	pb_target_peer_spearman_logfc_pair_corrected_percentile	mean_pb_target_peer_spearman_logfc_pair_corrected_percentile	0.8149854462544125	0.7202291346574371	0.8877874277590242	0.08377914655079355	bca	ok	0.95	2000	2000	39	39	39	pubchem_cid			95% BCa bootstrap CI clustered by PubChem compound; uncertainty is over the observed compound panel, not broader chemical space.	CVCL_VU89
l1000_phase1	l1000_phase2	peer_baseline_dataset_pair_line	pb_observed_spearman_logfc	mean_pb_observed_spearman_logfc	0.05103859582118328	-0.012831784963629326	0.12753917261503592	0.07018547878933262	bca	ok	0.95	2000	2000	33	33	33	pubchem_cid			95% BCa bootstrap CI clustered by PubChem compound; uncertainty is over the observed compound panel, not broader chemical space.	NEU
l1000_phase1	l1000_phase2	peer_baseline_dataset_pair_line	pb_source_centroid_spearman_logfc_pair	mean_pb_source_centroid_spearman_logfc_pair	0.25767720283592077	0.20132706729241492	0.3048354032355143	0.05175416797154968	bca	ok	0.95	2000	2000	33	33	33	pubchem_cid			95% BCa bootstrap CI clustered by PubChem compound; uncertainty is over the observed compound panel, not broader chemical space.	NEU
l1000_phase1	l1000_phase2	peer_baseline_dataset_pair_line	pb_delta_vs_source_centroid_spearman_logfc	mean_pb_delta_vs_source_centroid_spearman_logfc	-0.2066386070147375	-0.27871471741142023	-0.1369557269139954	0.07087949524871241	bca	ok	0.95	2000	2000	33	33	33	pubchem_cid			95% BCa bootstrap CI clustered by PubChem compound; uncertainty is over the observed compound panel, not broader chemical space.	NEU
l1000_phase1	l1000_phase2	peer_baseline_dataset_pair_line	pb_target_centroid_spearman_logfc_pair	mean_pb_target_centroid_spearman_logfc_pair	0.07057711776588405	0.007310816439312381	0.13533311236274892	0.06401114796171826	bca	ok	0.95	2000	2000	33	33	33	pubchem_cid			95% BCa bootstrap CI clustered by PubChem compound; uncertainty is over the observed compound panel, not broader chemical space.	NEU
l1000_phase1	l1000_phase2	peer_baseline_dataset_pair_line	pb_delta_vs_target_centroid_spearman_logfc	mean_pb_delta_vs_target_centroid_spearman_logfc	-0.01953852194470076	-0.06451199844811338	0.02929140858819008	0.04690170351815173	bca	ok	0.95	2000	2000	33	33	33	pubchem_cid			95% BCa bootstrap CI clustered by PubChem compound; uncertainty is over the observed compound panel, not broader chemical space.	NEU
l1000_phase1	l1000_phase2	peer_baseline_dataset_pair_line	pb_source_peer_spearman_logfc_pair	mean_pb_source_peer_spearman_logfc_pair	0.08300244773676164	0.06564142831728476	0.09578163853550674	0.015070105109110991	bca	ok	0.95	2000	2000	33	33	33	pubchem_cid			95% BCa bootstrap CI clustered by PubChem compound; uncertainty is over the observed compound panel, not broader chemical space.	NEU
l1000_phase1	l1000_phase2	peer_baseline_dataset_pair_line	pb_delta_vs_source_peer_spearman_logfc	mean_pb_delta_vs_source_peer_spearman_logfc	-0.03196385191557837	-0.10519833935475648	0.03766037431912931	0.07142935683694289	bca	ok	0.95	2000	2000	33	33	33	pubchem_cid			95% BCa bootstrap CI clustered by PubChem compound; uncertainty is over the observed compound panel, not broader chemical space.	NEU
l1000_phase1	l1000_phase2	peer_baseline_dataset_pair_line	pb_source_peer_spearman_logfc_pair_sd_score	mean_pb_source_peer_spearman_logfc_pair_sd_score	0.18978758877493074	0.1697534665558505	0.2126657548978563	0.021456144171002903	bca	ok	0.95	2000	2000	33	33	33	pubchem_cid			95% BCa bootstrap CI clustered by PubChem compound; uncertainty is over the observed compound panel, not broader chemical space.	NEU
l1000_phase1	l1000_phase2	peer_baseline_dataset_pair_line	pb_source_peer_spearman_logfc_pair_fraction_below_observed	mean_pb_source_peer_spearman_logfc_pair_fraction_below_observed	0.4305805955665208	0.3494437857192362	0.5241161110250582	0.087336162652911	bca	ok	0.95	2000	2000	33	33	33	pubchem_cid			95% BCa bootstrap CI clustered by PubChem compound; uncertainty is over the observed compound panel, not broader chemical space.	NEU
l1000_phase1	l1000_phase2	peer_baseline_dataset_pair_line	pb_source_peer_spearman_logfc_pair_corrected_percentile	mean_pb_source_peer_spearman_logfc_pair_corrected_percentile	0.4322355145075925	0.3515116655944143	0.5271207427978079	0.08780453860169676	bca	ok	0.95	2000	2000	33	33	33	pubchem_cid			95% BCa bootstrap CI clustered by PubChem compound; uncertainty is over the observed compound panel, not broader chemical space.	NEU
l1000_phase1	l1000_phase2	peer_baseline_dataset_pair_line	pb_target_peer_spearman_logfc_pair	mean_pb_target_peer_spearman_logfc_pair	0.017192049551102036	-0.0009283768421090023	0.0374010827749954	0.019164729808552203	bca	ok	0.95	2000	2000	33	33	33	pubchem_cid			95% BCa bootstrap CI clustered by PubChem compound; uncertainty is over the observed compound panel, not broader chemical space.	NEU
l1000_phase1	l1000_phase2	peer_baseline_dataset_pair_line	pb_delta_vs_target_peer_spearman_logfc	mean_pb_delta_vs_target_peer_spearman_logfc	0.03384654627008125	-0.01664859474948047	0.09241284161188557	0.054530718180683016	bca	ok	0.95	2000	2000	33	33	33	pubchem_cid			95% BCa bootstrap CI clustered by PubChem compound; uncertainty is over the observed compound panel, not broader chemical space.	NEU
l1000_phase1	l1000_phase2	peer_baseline_dataset_pair_line	pb_target_peer_spearman_logfc_pair_sd_score	mean_pb_target_peer_spearman_logfc_pair_sd_score	0.15497101902979063	0.13790112651664546	0.17258739213085147	0.017343132807103007	bca	ok	0.95	2000	2000	33	33	33	pubchem_cid			95% BCa bootstrap CI clustered by PubChem compound; uncertainty is over the observed compound panel, not broader chemical space.	NEU
l1000_phase1	l1000_phase2	peer_baseline_dataset_pair_line	pb_target_peer_spearman_logfc_pair_fraction_below_observed	mean_pb_target_peer_spearman_logfc_pair_fraction_below_observed	0.5474919706164804	0.45914163333729313	0.6232843890492763	0.08207137785599158	bca	ok	0.95	2000	2000	33	33	33	pubchem_cid			95% BCa bootstrap CI clustered by PubChem compound; uncertainty is over the observed compound panel, not broader chemical space.	NEU
l1000_phase1	l1000_phase2	peer_baseline_dataset_pair_line	pb_target_peer_spearman_logfc_pair_corrected_percentile	mean_pb_target_peer_spearman_logfc_pair_corrected_percentile	0.5487676246038726	0.4647292564783343	0.6284832021960157	0.08187697285884071	bca	ok	0.95	2000	2000	33	33	33	pubchem_cid			95% BCa bootstrap CI clustered by PubChem compound; uncertainty is over the observed compound panel, not broader chemical space.	NEU
l1000_phase1	l1000_phase2	peer_baseline_dataset_pair_line	pb_observed_spearman_logfc	mean_pb_observed_spearman_logfc	0.15552002675685345	0.1010914103396898	0.2353166322372015	0.06711261094875585	bca	ok	0.95	2000	2000	35	35	35	pubchem_cid			95% BCa bootstrap CI clustered by PubChem compound; uncertainty is over the observed compound panel, not broader chemical space.	NPC
l1000_phase1	l1000_phase2	peer_baseline_dataset_pair_line	pb_source_centroid_spearman_logfc_pair	mean_pb_source_centroid_spearman_logfc_pair	0.24565031822974825	0.170471894944545	0.31147749431406024	0.07050279968475762	bca	ok	0.95	2000	2000	35	35	35	pubchem_cid			95% BCa bootstrap CI clustered by PubChem compound; uncertainty is over the observed compound panel, not broader chemical space.	NPC
l1000_phase1	l1000_phase2	peer_baseline_dataset_pair_line	pb_delta_vs_source_centroid_spearman_logfc	mean_pb_delta_vs_source_centroid_spearman_logfc	-0.09013029147289482	-0.14961739360488854	-0.00037957453883951005	0.07461890953302451	bca	ok	0.95	2000	2000	35	35	35	pubchem_cid			95% BCa bootstrap CI clustered by PubChem compound; uncertainty is over the observed compound panel, not broader chemical space.	NPC
l1000_phase1	l1000_phase2	peer_baseline_dataset_pair_line	pb_target_centroid_spearman_logfc_pair	mean_pb_target_centroid_spearman_logfc_pair	0.1429688359916079	0.08115502847679201	0.20833531543560765	0.06359014347940782	bca	ok	0.95	2000	2000	35	35	35	pubchem_cid			95% BCa bootstrap CI clustered by PubChem compound; uncertainty is over the observed compound panel, not broader chemical space.	NPC
l1000_phase1	l1000_phase2	peer_baseline_dataset_pair_line	pb_delta_vs_target_centroid_spearman_logfc	mean_pb_delta_vs_target_centroid_spearman_logfc	0.01255119076524553	-0.037086516316938864	0.08708013587403801	0.06208332609548844	bca	ok	0.95	2000	2000	35	35	35	pubchem_cid			95% BCa bootstrap CI clustered by PubChem compound; uncertainty is over the observed compound panel, not broader chemical space.	NPC
l1000_phase1	l1000_phase2	peer_baseline_dataset_pair_line	pb_source_peer_spearman_logfc_pair	mean_pb_source_peer_spearman_logfc_pair	0.08053849026122223	0.06549816310232899	0.09500346887067067	0.014752652884170839	bca	ok	0.95	2000	2000	35	35	35	pubchem_cid			95% BCa bootstrap CI clustered by PubChem compound; uncertainty is over the observed compound panel, not broader chemical space.	NPC
l1000_phase1	l1000_phase2	peer_baseline_dataset_pair_line	pb_delta_vs_source_peer_spearman_logfc	mean_pb_delta_vs_source_peer_spearman_logfc	0.07498153649563123	0.021016885680773083	0.15231878372607296	0.06565094902264994	bca	ok	0.95	2000	2000	35	35	35	pubchem_cid			95% BCa bootstrap CI clustered by PubChem compound; uncertainty is over the observed compound panel, not broader chemical space.	NPC
l1000_phase1	l1000_phase2	peer_baseline_dataset_pair_line	pb_source_peer_spearman_logfc_pair_sd_score	mean_pb_source_peer_spearman_logfc_pair_sd_score	0.15153209248410082	0.13993251166327486	0.16765481221887324	0.013861150277799189	bca	ok	0.95	2000	2000	35	35	35	pubchem_cid			95% BCa bootstrap CI clustered by PubChem compound; uncertainty is over the observed compound panel, not broader chemical space.	NPC
l1000_phase1	l1000_phase2	peer_baseline_dataset_pair_line	pb_source_peer_spearman_logfc_pair_fraction_below_observed	mean_pb_source_peer_spearman_logfc_pair_fraction_below_observed	0.571870885095882	0.48382345861611414	0.6621752707745717	0.08917590607922879	bca	ok	0.95	2000	2000	35	35	35	pubchem_cid			95% BCa bootstrap CI clustered by PubChem compound; uncertainty is over the observed compound panel, not broader chemical space.	NPC
l1000_phase1	l1000_phase2	peer_baseline_dataset_pair_line	pb_source_peer_spearman_logfc_pair_corrected_percentile	mean_pb_source_peer_spearman_logfc_pair_corrected_percentile	0.5731971445344177	0.4864756974315106	0.6613509716760674	0.0874376371222784	bca	ok	0.95	2000	2000	35	35	35	pubchem_cid			95% BCa bootstrap CI clustered by PubChem compound; uncertainty is over the observed compound panel, not broader chemical space.	NPC
l1000_phase1	l1000_phase2	peer_baseline_dataset_pair_line	pb_target_peer_spearman_logfc_pair	mean_pb_target_peer_spearman_logfc_pair	0.03500532530323191	0.024342147850802954	0.04641408268751967	0.011035967418358357	bca	ok	0.95	2000	2000	35	35	35	pubchem_cid			95% BCa bootstrap CI clustered by PubChem compound; uncertainty is over the observed compound panel, not broader chemical space.	NPC
l1000_phase1	l1000_phase2	peer_baseline_dataset_pair_line	pb_delta_vs_target_peer_spearman_logfc	mean_pb_delta_vs_target_peer_spearman_logfc	0.12051470145362152	0.06704101619369802	0.19408317083358492	0.06352107731994344	bca	ok	0.95	2000	2000	35	35	35	pubchem_cid			95% BCa bootstrap CI clustered by PubChem compound; uncertainty is over the observed compound panel, not broader chemical space.	NPC
l1000_phase1	l1000_phase2	peer_baseline_dataset_pair_line	pb_target_peer_spearman_logfc_pair_sd_score	mean_pb_target_peer_spearman_logfc_pair_sd_score	0.11364045555012275	0.1015323525976472	0.1286248469761051	0.01354624718922895	bca	ok	0.95	2000	2000	35	35	35	pubchem_cid			95% BCa bootstrap CI clustered by PubChem compound; uncertainty is over the observed compound panel, not broader chemical space.	NPC
l1000_phase1	l1000_phase2	peer_baseline_dataset_pair_line	pb_target_peer_spearman_logfc_pair_fraction_below_observed	mean_pb_target_peer_spearman_logfc_pair_fraction_below_observed	0.701599338924098	0.6100054090597926	0.780360579481544	0.0851775852108757	bca	ok	0.95	2000	2000	35	35	35	pubchem_cid			95% BCa bootstrap CI clustered by PubChem compound; uncertainty is over the observed compound panel, not broader chemical space.	NPC
l1000_phase1	l1000_phase2	peer_baseline_dataset_pair_line	pb_target_peer_spearman_logfc_pair_corrected_percentile	mean_pb_target_peer_spearman_logfc_pair_corrected_percentile	0.7025180377490979	0.6090974743849457	0.7823031692587912	0.08660284743692276	bca	ok	0.95	2000	2000	35	35	35	pubchem_cid			95% BCa bootstrap CI clustered by PubChem compound; uncertainty is over the observed compound panel, not broader chemical space.	NPC
l1000_phase1	sciplex	peer_baseline_dataset_pair_line	pb_observed_spearman_logfc	mean_pb_observed_spearman_logfc	0.07910233794699074	0.054313062997093264	0.10874162566813364	0.027214281335520188	bca	ok	0.95	2000	2000	74	74	74	pubchem_cid			95% BCa bootstrap CI clustered by PubChem compound; uncertainty is over the observed compound panel, not broader chemical space.	CVCL_0023
l1000_phase1	sciplex	peer_baseline_dataset_pair_line	pb_source_centroid_spearman_logfc_pair	mean_pb_source_centroid_spearman_logfc_pair	0.2314324712020866	0.2055873857413854	0.2577561996721539	0.02608440696538425	bca	ok	0.95	2000	2000	74	74	74	pubchem_cid			95% BCa bootstrap CI clustered by PubChem compound; uncertainty is over the observed compound panel, not broader chemical space.	CVCL_0023
l1000_phase1	sciplex	peer_baseline_dataset_pair_line	pb_delta_vs_source_centroid_spearman_logfc	mean_pb_delta_vs_source_centroid_spearman_logfc	-0.15233013325509584	-0.17414262800500735	-0.12770993693919397	0.02321634553290669	bca	ok	0.95	2000	2000	74	74	74	pubchem_cid			95% BCa bootstrap CI clustered by PubChem compound; uncertainty is over the observed compound panel, not broader chemical space.	CVCL_0023
l1000_phase1	sciplex	peer_baseline_dataset_pair_line	pb_target_centroid_spearman_logfc_pair	mean_pb_target_centroid_spearman_logfc_pair	0.07299503517332641	0.05964155112284388	0.08731794960199843	0.013838199239577274	bca	ok	0.95	2000	2000	74	74	74	pubchem_cid			95% BCa bootstrap CI clustered by PubChem compound; uncertainty is over the observed compound panel, not broader chemical space.	CVCL_0023
l1000_phase1	sciplex	peer_baseline_dataset_pair_line	pb_delta_vs_target_centroid_spearman_logfc	mean_pb_delta_vs_target_centroid_spearman_logfc	0.006107302773664333	-0.011022204414542283	0.025430407943087537	0.018226306178814912	bca	ok	0.95	2000	2000	74	74	74	pubchem_cid			95% BCa bootstrap CI clustered by PubChem compound; uncertainty is over the observed compound panel, not broader chemical space.	CVCL_0023
l1000_phase1	sciplex	peer_baseline_dataset_pair_line	pb_source_peer_spearman_logfc_pair	mean_pb_source_peer_spearman_logfc_pair	0.052131213931034495	0.047075129819976747	0.05880106723687312	0.005862968708448185	bca	ok	0.95	2000	2000	74	74	74	pubchem_cid			95% BCa bootstrap CI clustered by PubChem compound; uncertainty is over the observed compound panel, not broader chemical space.	CVCL_0023
l1000_phase1	sciplex	peer_baseline_dataset_pair_line	pb_delta_vs_source_peer_spearman_logfc	mean_pb_delta_vs_source_peer_spearman_logfc	0.02697112401595625	0.006652009827498443	0.054898843791062885	0.02412341698178222	bca	ok	0.95	2000	2000	74	74	74	pubchem_cid			95% BCa bootstrap CI clustered by PubChem compound; uncertainty is over the observed compound panel, not broader chemical space.	CVCL_0023
l1000_phase1	sciplex	peer_baseline_dataset_pair_line	pb_source_peer_spearman_logfc_pair_sd_score	mean_pb_source_peer_spearman_logfc_pair_sd_score	0.12185571089510537	0.11456585079244955	0.13064461639350136	0.008039382800525907	bca	ok	0.95	2000	2000	74	74	74	pubchem_cid			95% BCa bootstrap CI clustered by PubChem compound; uncertainty is over the observed compound panel, not broader chemical space.	CVCL_0023
l1000_phase1	sciplex	peer_baseline_dataset_pair_line	pb_source_peer_spearman_logfc_pair_fraction_below_observed	mean_pb_source_peer_spearman_logfc_pair_fraction_below_observed	0.5301447214604472	0.4791869434804082	0.5847057523623428	0.0527594044409673	bca	ok	0.95	2000	2000	74	74	74	pubchem_cid			95% BCa bootstrap CI clustered by PubChem compound; uncertainty is over the observed compound panel, not broader chemical space.	CVCL_0023
l1000_phase1	sciplex	peer_baseline_dataset_pair_line	pb_source_peer_spearman_logfc_pair_corrected_percentile	mean_pb_source_peer_spearman_logfc_pair_corrected_percentile	0.5326917534892356	0.4801428047017609	0.5828179785269997	0.05133758691261939	bca	ok	0.95	2000	2000	74	74	74	pubchem_cid			95% BCa bootstrap CI clustered by PubChem compound; uncertainty is over the observed compound panel, not broader chemical space.	CVCL_0023
l1000_phase1	sciplex	peer_baseline_dataset_pair_line	pb_target_peer_spearman_logfc_pair	mean_pb_target_peer_spearman_logfc_pair	0.016930870605139495	0.013872837749316767	0.020583261586901543	0.003355211918792388	bca	ok	0.95	2000	2000	74	74	74	pubchem_cid			95% BCa bootstrap CI clustered by PubChem compound; uncertainty is over the observed compound panel, not broader chemical space.	CVCL_0023
l1000_phase1	sciplex	peer_baseline_dataset_pair_line	pb_delta_vs_target_peer_spearman_logfc	mean_pb_delta_vs_target_peer_spearman_logfc	0.06217146734185124	0.04234114861928915	0.09490741063261762	0.026283131006664236	bca	ok	0.95	2000	2000	74	74	74	pubchem_cid			95% BCa bootstrap CI clustered by PubChem compound; uncertainty is over the observed compound panel, not broader chemical space.	CVCL_0023
l1000_phase1	sciplex	peer_baseline_dataset_pair_line	pb_target_peer_spearman_logfc_pair_sd_score	mean_pb_target_peer_spearman_logfc_pair_sd_score	0.048812743417021645	0.04649517725564776	0.05177316860518955	0.002638995674770897	bca	ok	0.95	2000	2000	74	74	74	pubchem_cid			95% BCa bootstrap CI clustered by PubChem compound; uncertainty is over the observed compound panel, not broader chemical space.	CVCL_0023
l1000_phase1	sciplex	peer_baseline_dataset_pair_line	pb_target_peer_spearman_logfc_pair_fraction_below_observed	mean_pb_target_peer_spearman_logfc_pair_fraction_below_observed	0.6627726631993899	0.5896277357476725	0.7325752499252332	0.07147375708878034	bca	ok	0.95	2000	2000	74	74	74	pubchem_cid			95% BCa bootstrap CI clustered by PubChem compound; uncertainty is over the observed compound panel, not broader chemical space.	CVCL_0023
l1000_phase1	sciplex	peer_baseline_dataset_pair_line	pb_target_peer_spearman_logfc_pair_corrected_percentile	mean_pb_target_peer_spearman_logfc_pair_corrected_percentile	0.6643965901930828	0.5904720757895359	0.730904353623453	0.07021613891695855	bca	ok	0.95	2000	2000	74	74	74	pubchem_cid			95% BCa bootstrap CI clustered by PubChem compound; uncertainty is over the observed compound panel, not broader chemical space.	CVCL_0023
l1000_phase1	sciplex	peer_baseline_dataset_pair_line	pb_observed_spearman_logfc	mean_pb_observed_spearman_logfc	0.1078109424564107	0.08078268818222606	0.1461301318416434	0.032673721829708666	bca	ok	0.95	2000	2000	88	88	88	pubchem_cid			95% BCa bootstrap CI clustered by PubChem compound; uncertainty is over the observed compound panel, not broader chemical space.	CVCL_0031
l1000_phase1	sciplex	peer_baseline_dataset_pair_line	pb_source_centroid_spearman_logfc_pair	mean_pb_source_centroid_spearman_logfc_pair	0.29100392647468865	0.26103645756249466	0.3195952039230805	0.029279373180292917	bca	ok	0.95	2000	2000	88	88	88	pubchem_cid			95% BCa bootstrap CI clustered by PubChem compound; uncertainty is over the observed compound panel, not broader chemical space.	CVCL_0031
l1000_phase1	sciplex	peer_baseline_dataset_pair_line	pb_delta_vs_source_centroid_spearman_logfc	mean_pb_delta_vs_source_centroid_spearman_logfc	-0.18319298401827797	-0.2101827442977866	-0.15504715837522295	0.027567792961281826	bca	ok	0.95	2000	2000	88	88	88	pubchem_cid			95% BCa bootstrap CI clustered by PubChem compound; uncertainty is over the observed compound panel, not broader chemical space.	CVCL_0031
l1000_phase1	sciplex	peer_baseline_dataset_pair_line	pb_target_centroid_spearman_logfc_pair	mean_pb_target_centroid_spearman_logfc_pair	0.09488628108008614	0.07802457416513109	0.11453158041701238	0.018253503125940644	bca	ok	0.95	2000	2000	88	88	88	pubchem_cid			95% BCa bootstrap CI clustered by PubChem compound; uncertainty is over the observed compound panel, not broader chemical space.	CVCL_0031
l1000_phase1	sciplex	peer_baseline_dataset_pair_line	pb_delta_vs_target_centroid_spearman_logfc	mean_pb_delta_vs_target_centroid_spearman_logfc	0.012924661376324536	-0.002046873028425478	0.03456703127301962	0.018306952150722547	bca	ok	0.95	2000	2000	88	88	88	pubchem_cid			95% BCa bootstrap CI clustered by PubChem compound; uncertainty is over the observed compound panel, not broader chemical space.	CVCL_0031
l1000_phase1	sciplex	peer_baseline_dataset_pair_line	pb_source_peer_spearman_logfc_pair	mean_pb_source_peer_spearman_logfc_pair	0.08555303654910357	0.07838320019961806	0.09178156280968497	0.006699181305033455	bca	ok	0.95	2000	2000	88	88	88	pubchem_cid			95% BCa bootstrap CI clustered by PubChem compound; uncertainty is over the observed compound panel, not broader chemical space.	CVCL_0031
l1000_phase1	sciplex	peer_baseline_dataset_pair_line	pb_delta_vs_source_peer_spearman_logfc	mean_pb_delta_vs_source_peer_spearman_logfc	0.022257905907307102	-0.003236123143823119	0.0602233117464001	0.03172971744511161	bca	ok	0.95	2000	2000	88	88	88	pubchem_cid			95% BCa bootstrap CI clustered by PubChem compound; uncertainty is over the observed compound panel, not broader chemical space.	CVCL_0031
l1000_phase1	sciplex	peer_baseline_dataset_pair_line	pb_source_peer_spearman_logfc_pair_sd_score	mean_pb_source_peer_spearman_logfc_pair_sd_score	0.12249633047753233	0.11672915047363812	0.12938236855755916	0.006326609041960522	bca	ok	0.95	2000	2000	88	88	88	pubchem_cid			95% BCa bootstrap CI clustered by PubChem compound; uncertainty is over the observed compound panel, not broader chemical space.	CVCL_0031
l1000_phase1	sciplex	peer_baseline_dataset_pair_line	pb_source_peer_spearman_logfc_pair_fraction_below_observed	mean_pb_source_peer_spearman_logfc_pair_fraction_below_observed	0.5015195745375464	0.45854899851782405	0.5479855273428641	0.044718264412520026	bca	ok	0.95	2000	2000	88	88	88	pubchem_cid			95% BCa bootstrap CI clustered by PubChem compound; uncertainty is over the observed compound panel, not broader chemical space.	CVCL_0031
l1000_phase1	sciplex	peer_baseline_dataset_pair_line	pb_source_peer_spearman_logfc_pair_corrected_percentile	mean_pb_source_peer_spearman_logfc_pair_corrected_percentile	0.505058526778467	0.4616307550536058	0.5541709383663669	0.046270091656380546	bca	ok	0.95	2000	2000	88	88	88	pubchem_cid			95% BCa bootstrap CI clustered by PubChem compound; uncertainty is over the observed compound panel, not broader chemical space.	CVCL_0031
l1000_phase1	sciplex	peer_baseline_dataset_pair_line	pb_target_peer_spearman_logfc_pair	mean_pb_target_peer_spearman_logfc_pair	0.024223416734402158	0.020341139713507716	0.028574134721226052	0.004116497503859168	bca	ok	0.95	2000	2000	88	88	88	pubchem_cid			95% BCa bootstrap CI clustered by PubChem compound; uncertainty is over the observed compound panel, not broader chemical space.	CVCL_0031
l1000_phase1	sciplex	peer_baseline_dataset_pair_line	pb_delta_vs_target_peer_spearman_logfc	mean_pb_delta_vs_target_peer_spearman_logfc	0.08358752572200853	0.05859172023473435	0.11794630436244254	0.029677292063854093	bca	ok	0.95	2000	2000	88	88	88	pubchem_cid			95% BCa bootstrap CI clustered by PubChem compound; uncertainty is over the observed compound panel, not broader chemical space.	CVCL_0031
l1000_phase1	sciplex	peer_baseline_dataset_pair_line	pb_target_peer_spearman_logfc_pair_sd_score	mean_pb_target_peer_spearman_logfc_pair_sd_score	0.0518373635864354	0.048109608989753486	0.05624508761984738	0.004067739315046948	bca	ok	0.95	2000	2000	88	88	88	pubchem_cid			95% BCa bootstrap CI clustered by PubChem compound; uncertainty is over the observed compound panel, not broader chemical space.	CVCL_0031
l1000_phase1	sciplex	peer_baseline_dataset_pair_line	pb_target_peer_spearman_logfc_pair_fraction_below_observed	mean_pb_target_peer_spearman_logfc_pair_fraction_below_observed	0.6805338447579315	0.6271408437094703	0.7317284540041349	0.052293805147332284	bca	ok	0.95	2000	2000	88	88	88	pubchem_cid			95% BCa bootstrap CI clustered by PubChem compound; uncertainty is over the observed compound panel, not broader chemical space.	CVCL_0031
l1000_phase1	sciplex	peer_baseline_dataset_pair_line	pb_target_peer_spearman_logfc_pair_corrected_percentile	mean_pb_target_peer_spearman_logfc_pair_corrected_percentile	0.6822882061393838	0.6268856207215691	0.7342335356202655	0.05367395744934822	bca	ok	0.95	2000	2000	88	88	88	pubchem_cid			95% BCa bootstrap CI clustered by PubChem compound; uncertainty is over the observed compound panel, not broader chemical space.	CVCL_0031
l1000_phase1	tahoe	peer_baseline_dataset_pair_line	pb_observed_spearman_logfc	mean_pb_observed_spearman_logfc	0.02768336189838021	0.010506067338208436	0.05178794322329669	0.020640937942544128	bca	ok	0.95	2000	2000	83	83	83	pubchem_cid			95% BCa bootstrap CI clustered by PubChem compound; uncertainty is over the observed compound panel, not broader chemical space.	CVCL_0023
l1000_phase1	tahoe	peer_baseline_dataset_pair_line	pb_source_centroid_spearman_logfc_pair	mean_pb_source_centroid_spearman_logfc_pair	0.2560772274568852	0.2333639779844577	0.2785043379676335	0.022570179991587905	bca	ok	0.95	2000	2000	83	83	83	pubchem_cid			95% BCa bootstrap CI clustered by PubChem compound; uncertainty is over the observed compound panel, not broader chemical space.	CVCL_0023
l1000_phase1	tahoe	peer_baseline_dataset_pair_line	pb_delta_vs_source_centroid_spearman_logfc	mean_pb_delta_vs_source_centroid_spearman_logfc	-0.22839386555850505	-0.252979522807479	-0.19987075913725036	0.026554381835114313	bca	ok	0.95	2000	2000	83	83	83	pubchem_cid			95% BCa bootstrap CI clustered by PubChem compound; uncertainty is over the observed compound panel, not broader chemical space.	CVCL_0023
l1000_phase1	tahoe	peer_baseline_dataset_pair_line	pb_target_centroid_spearman_logfc_pair	mean_pb_target_centroid_spearman_logfc_pair	-0.02618358024869092	-0.03398553264275077	-0.017764918676139246	0.008110306983305761	bca	ok	0.95	2000	2000	83	83	83	pubchem_cid			95% BCa bootstrap CI clustered by PubChem compound; uncertainty is over the observed compound panel, not broader chemical space.	CVCL_0023
l1000_phase1	tahoe	peer_baseline_dataset_pair_line	pb_delta_vs_target_centroid_spearman_logfc	mean_pb_delta_vs_target_centroid_spearman_logfc	0.053866942147071134	0.0356100110214203	0.07709400748853484	0.020741998233557272	bca	ok	0.95	2000	2000	83	83	83	pubchem_cid			95% BCa bootstrap CI clustered by PubChem compound; uncertainty is over the observed compound panel, not broader chemical space.	CVCL_0023
l1000_phase1	tahoe	peer_baseline_dataset_pair_line	pb_source_peer_spearman_logfc_pair	mean_pb_source_peer_spearman_logfc_pair	0.09858001634675059	0.09243120706950235	0.10549240187094695	0.006530597400722302	bca	ok	0.95	2000	2000	83	83	83	pubchem_cid			95% BCa bootstrap CI clustered by PubChem compound; uncertainty is over the observed compound panel, not broader chemical space.	CVCL_0023
l1000_phase1	tahoe	peer_baseline_dataset_pair_line	pb_delta_vs_source_peer_spearman_logfc	mean_pb_delta_vs_source_peer_spearman_logfc	-0.07089665444837034	-0.08710607802610021	-0.04594095911831107	0.020582559453894568	bca	ok	0.95	2000	2000	83	83	83	pubchem_cid			95% BCa bootstrap CI clustered by PubChem compound; uncertainty is over the observed compound panel, not broader chemical space.	CVCL_0023
l1000_phase1	tahoe	peer_baseline_dataset_pair_line	pb_source_peer_spearman_logfc_pair_sd_score	mean_pb_source_peer_spearman_logfc_pair_sd_score	0.14388623460079114	0.13568762078344324	0.1522503540480766	0.008281366632316683	bca	ok	0.95	2000	2000	83	83	83	pubchem_cid			95% BCa bootstrap CI clustered by PubChem compound; uncertainty is over the observed compound panel, not broader chemical space.	CVCL_0023
l1000_phase1	tahoe	peer_baseline_dataset_pair_line	pb_source_peer_spearman_logfc_pair_fraction_below_observed	mean_pb_source_peer_spearman_logfc_pair_fraction_below_observed	0.3388873388254116	0.30571099396492063	0.3888996737786473	0.04159433990686334	bca	ok	0.95	2000	2000	83	83	83	pubchem_cid			95% BCa bootstrap CI clustered by PubChem compound; uncertainty is over the observed compound panel, not broader chemical space.	CVCL_0023
l1000_phase1	tahoe	peer_baseline_dataset_pair_line	pb_source_peer_spearman_logfc_pair_corrected_percentile	mean_pb_source_peer_spearman_logfc_pair_corrected_percentile	0.34116233391474077	0.3062164605120263	0.3885685060354239	0.04117602276169882	bca	ok	0.95	2000	2000	83	83	83	pubchem_cid			95% BCa bootstrap CI clustered by PubChem compound; uncertainty is over the observed compound panel, not broader chemical space.	CVCL_0023
l1000_phase1	tahoe	peer_baseline_dataset_pair_line	pb_target_peer_spearman_logfc_pair	mean_pb_target_peer_spearman_logfc_pair	-0.005880052631903742	-0.008117051921253629	-0.003503560818962203	0.002306745551145713	bca	ok	0.95	2000	2000	83	83	83	pubchem_cid			95% BCa bootstrap CI clustered by PubChem compound; uncertainty is over the observed compound panel, not broader chemical space.	CVCL_0023
l1000_phase1	tahoe	peer_baseline_dataset_pair_line	pb_delta_vs_target_peer_spearman_logfc	mean_pb_delta_vs_target_peer_spearman_logfc	0.03356341453028394	0.017632287555517018	0.05817312229217622	0.020270417368329602	bca	ok	0.95	2000	2000	83	83	83	pubchem_cid			95% BCa bootstrap CI clustered by PubChem compound; uncertainty is over the observed compound panel, not broader chemical space.	CVCL_0023
l1000_phase1	tahoe	peer_baseline_dataset_pair_line	pb_target_peer_spearman_logfc_pair_sd_score	mean_pb_target_peer_spearman_logfc_pair_sd_score	0.04586609513381821	0.044373420755720476	0.047561184940099865	0.0015938820921896947	bca	ok	0.95	2000	2000	83	83	83	pubchem_cid			95% BCa bootstrap CI clustered by PubChem compound; uncertainty is over the observed compound panel, not broader chemical space.	CVCL_0023
l1000_phase1	tahoe	peer_baseline_dataset_pair_line	pb_target_peer_spearman_logfc_pair_fraction_below_observed	mean_pb_target_peer_spearman_logfc_pair_fraction_below_observed	0.6035032137460873	0.5386959661865202	0.6651064005702537	0.06320521719186678	bca	ok	0.95	2000	2000	83	83	83	pubchem_cid			95% BCa bootstrap CI clustered by PubChem compound; uncertainty is over the observed compound panel, not broader chemical space.	CVCL_0023
l1000_phase1	tahoe	peer_baseline_dataset_pair_line	pb_target_peer_spearman_logfc_pair_corrected_percentile	mean_pb_target_peer_spearman_logfc_pair_corrected_percentile	0.6046703685913443	0.5373021994695322	0.6671654233861591	0.06493161195831348	bca	ok	0.95	2000	2000	83	83	83	pubchem_cid			95% BCa bootstrap CI clustered by PubChem compound; uncertainty is over the observed compound panel, not broader chemical space.	CVCL_0023
l1000_phase1	tahoe	peer_baseline_dataset_pair_line	pb_observed_spearman_logfc	mean_pb_observed_spearman_logfc	0.08102571717678105	0.031162986561606685	0.1540736626388887	0.061455338038641005	bca	ok	0.95	2000	2000	20	20	20	pubchem_cid			95% BCa bootstrap CI clustered by PubChem compound; uncertainty is over the observed compound panel, not broader chemical space.	CVCL_0320
l1000_phase1	tahoe	peer_baseline_dataset_pair_line	pb_source_centroid_spearman_logfc_pair	mean_pb_source_centroid_spearman_logfc_pair	0.32524808602400945	0.279347277668869	0.37586650757723544	0.04825961495418321	bca	ok	0.95	2000	2000	20	20	20	pubchem_cid			95% BCa bootstrap CI clustered by PubChem compound; uncertainty is over the observed compound panel, not broader chemical space.	CVCL_0320
l1000_phase1	tahoe	peer_baseline_dataset_pair_line	pb_delta_vs_source_centroid_spearman_logfc	mean_pb_delta_vs_source_centroid_spearman_logfc	-0.2442223688472284	-0.30732844946737226	-0.18128639365660001	0.06302102790538612	bca	ok	0.95	2000	2000	20	20	20	pubchem_cid			95% BCa bootstrap CI clustered by PubChem compound; uncertainty is over the observed compound panel, not broader chemical space.	CVCL_0320
l1000_phase1	tahoe	peer_baseline_dataset_pair_line	pb_target_centroid_spearman_logfc_pair	mean_pb_target_centroid_spearman_logfc_pair	0.02374257602893815	0.0032400620377323534	0.04317276069180083	0.019966349327034238	bca	ok	0.95	2000	2000	20	20	20	pubchem_cid			95% BCa bootstrap CI clustered by PubChem compound; uncertainty is over the observed compound panel, not broader chemical space.	CVCL_0320
l1000_phase1	tahoe	peer_baseline_dataset_pair_line	pb_delta_vs_target_centroid_spearman_logfc	mean_pb_delta_vs_target_centroid_spearman_logfc	0.05728314114784291	0.01015949654398047	0.11143432238875302	0.05063741292238627	bca	ok	0.95	2000	2000	20	20	20	pubchem_cid			95% BCa bootstrap CI clustered by PubChem compound; uncertainty is over the observed compound panel, not broader chemical space.	CVCL_0320
l1000_phase1	tahoe	peer_baseline_dataset_pair_line	pb_source_peer_spearman_logfc_pair	mean_pb_source_peer_spearman_logfc_pair	0.1188423983242429	0.10770923632207859	0.12954767355204475	0.01091921861498308	bca	ok	0.95	2000	2000	20	20	20	pubchem_cid			95% BCa bootstrap CI clustered by PubChem compound; uncertainty is over the observed compound panel, not broader chemical space.	CVCL_0320
l1000_phase1	tahoe	peer_baseline_dataset_pair_line	pb_delta_vs_source_peer_spearman_logfc	mean_pb_delta_vs_source_peer_spearman_logfc	-0.03781668114746188	-0.09024870856881358	0.029113374807054608	0.05968104168793409	bca	ok	0.95	2000	2000	20	20	20	pubchem_cid			95% BCa bootstrap CI clustered by PubChem compound; uncertainty is over the observed compound panel, not broader chemical space.	CVCL_0320
l1000_phase1	tahoe	peer_baseline_dataset_pair_line	pb_source_peer_spearman_logfc_pair_sd_score	mean_pb_source_peer_spearman_logfc_pair_sd_score	0.12765254506931384	0.11647034317544346	0.13685105143785847	0.010190354131207509	bca	ok	0.95	2000	2000	20	20	20	pubchem_cid			95% BCa bootstrap CI clustered by PubChem compound; uncertainty is over the observed compound panel, not broader chemical space.	CVCL_0320
l1000_phase1	tahoe	peer_baseline_dataset_pair_line	pb_source_peer_spearman_logfc_pair_fraction_below_observed	mean_pb_source_peer_spearman_logfc_pair_fraction_below_observed	0.4246807863526351	0.3133869491963383	0.5681604908756903	0.127386770839676	bca	ok	0.95	2000	2000	20	20	20	pubchem_cid			95% BCa bootstrap CI clustered by PubChem compound; uncertainty is over the observed compound panel, not broader chemical space.	CVCL_0320
l1000_phase1	tahoe	peer_baseline_dataset_pair_line	pb_source_peer_spearman_logfc_pair_corrected_percentile	mean_pb_source_peer_spearman_logfc_pair_corrected_percentile	0.42789705998725924	0.31584394453072556	0.5651184305105152	0.12463724298989484	bca	ok	0.95	2000	2000	20	20	20	pubchem_cid			95% BCa bootstrap CI clustered by PubChem compound; uncertainty is over the observed compound panel, not broader chemical space.	CVCL_0320
l1000_phase1	tahoe	peer_baseline_dataset_pair_line	pb_target_peer_spearman_logfc_pair	mean_pb_target_peer_spearman_logfc_pair	0.009567111829229348	0.002701599457292901	0.017748929599291675	0.0075236650709993875	bca	ok	0.95	2000	2000	20	20	20	pubchem_cid			95% BCa bootstrap CI clustered by PubChem compound; uncertainty is over the observed compound panel, not broader chemical space.	CVCL_0320
l1000_phase1	tahoe	peer_baseline_dataset_pair_line	pb_delta_vs_target_peer_spearman_logfc	mean_pb_delta_vs_target_peer_spearman_logfc	0.0714586053475517	0.023503029570402283	0.13763180399597252	0.05706438721278512	bca	ok	0.95	2000	2000	20	20	20	pubchem_cid			95% BCa bootstrap CI clustered by PubChem compound; uncertainty is over the observed compound panel, not broader chemical space.	CVCL_0320
l1000_phase1	tahoe	peer_baseline_dataset_pair_line	pb_target_peer_spearman_logfc_pair_sd_score	mean_pb_target_peer_spearman_logfc_pair_sd_score	0.05459854161760008	0.04899784090218429	0.061833853280333535	0.006418006189074621	bca	ok	0.95	2000	2000	20	20	20	pubchem_cid			95% BCa bootstrap CI clustered by PubChem compound; uncertainty is over the observed compound panel, not broader chemical space.	CVCL_0320
l1000_phase1	tahoe	peer_baseline_dataset_pair_line	pb_target_peer_spearman_logfc_pair_fraction_below_observed	mean_pb_target_peer_spearman_logfc_pair_fraction_below_observed	0.6730130763959601	0.5025471784033517	0.797293119028122	0.14737297031238517	bca	ok	0.95	2000	2000	20	20	20	pubchem_cid			95% BCa bootstrap CI clustered by PubChem compound; uncertainty is over the observed compound panel, not broader chemical space.	CVCL_0320
l1000_phase1	tahoe	peer_baseline_dataset_pair_line	pb_target_peer_spearman_logfc_pair_corrected_percentile	mean_pb_target_peer_spearman_logfc_pair_corrected_percentile	0.6738592394517424	0.50189528413468	0.8022174800119919	0.15016109793865595	bca	ok	0.95	2000	2000	20	20	20	pubchem_cid			95% BCa bootstrap CI clustered by PubChem compound; uncertainty is over the observed compound panel, not broader chemical space.	CVCL_0320
l1000_phase1	tahoe	peer_baseline_dataset_pair_line	pb_observed_spearman_logfc	mean_pb_observed_spearman_logfc	0.03430587347375092	0.012111122759828612	0.062437851183729694	0.02516336421195054	bca	ok	0.95	2000	2000	11	11	11	pubchem_cid			95% BCa bootstrap CI clustered by PubChem compound; uncertainty is over the observed compound panel, not broader chemical space.	CVCL_0332
l1000_phase1	tahoe	peer_baseline_dataset_pair_line	pb_source_centroid_spearman_logfc_pair	mean_pb_source_centroid_spearman_logfc_pair	0.3186916083331522	0.27766910677240986	0.36694471498553394	0.04463780410656204	bca	ok	0.95	2000	2000	11	11	11	pubchem_cid			95% BCa bootstrap CI clustered by PubChem compound; uncertainty is over the observed compound panel, not broader chemical space.	CVCL_0332
l1000_phase1	tahoe	peer_baseline_dataset_pair_line	pb_delta_vs_source_centroid_spearman_logfc	mean_pb_delta_vs_source_centroid_spearman_logfc	-0.2843857348594012	-0.3389810758525667	-0.24171340222160348	0.04863383681548161	bca	ok	0.95	2000	2000	11	11	11	pubchem_cid			95% BCa bootstrap CI clustered by PubChem compound; uncertainty is over the observed compound panel, not broader chemical space.	CVCL_0332
l1000_phase1	tahoe	peer_baseline_dataset_pair_line	pb_target_centroid_spearman_logfc_pair	mean_pb_target_centroid_spearman_logfc_pair	-0.017814630698529996	-0.030468762855924376	-0.005783782546997527	0.012342490154463426	bca	ok	0.95	2000	2000	11	11	11	pubchem_cid			95% BCa bootstrap CI clustered by PubChem compound; uncertainty is over the observed compound panel, not broader chemical space.	CVCL_0332
l1000_phase1	tahoe	peer_baseline_dataset_pair_line	pb_delta_vs_target_centroid_spearman_logfc	mean_pb_delta_vs_target_centroid_spearman_logfc	0.05212050417228092	0.029579901930038524	0.08541683910063841	0.027918468585299942	bca	ok	0.95	2000	2000	11	11	11	pubchem_cid			95% BCa bootstrap CI clustered by PubChem compound; uncertainty is over the observed compound panel, not broader chemical space.	CVCL_0332
l1000_phase1	tahoe	peer_baseline_dataset_pair_line	pb_source_peer_spearman_logfc_pair	mean_pb_source_peer_spearman_logfc_pair	0.12158969231797592	0.10901724355803519	0.1364636231347794	0.0137231897883721	bca	ok	0.95	2000	2000	11	11	11	pubchem_cid			95% BCa bootstrap CI clustered by PubChem compound; uncertainty is over the observed compound panel, not broader chemical space.	CVCL_0332
l1000_phase1	tahoe	peer_baseline_dataset_pair_line	pb_delta_vs_source_peer_spearman_logfc	mean_pb_delta_vs_source_peer_spearman_logfc	-0.08728381884422501	-0.1190710264162179	-0.059951212720816355	0.029559906847700775	bca	ok	0.95	2000	2000	11	11	11	pubchem_cid			95% BCa bootstrap CI clustered by PubChem compound; uncertainty is over the observed compound panel, not broader chemical space.	CVCL_0332
l1000_phase1	tahoe	peer_baseline_dataset_pair_line	pb_source_peer_spearman_logfc_pair_sd_score	mean_pb_source_peer_spearman_logfc_pair_sd_score	0.13590790774362227	0.12342580386800217	0.14995335700223464	0.013263776567116234	bca	ok	0.95	2000	2000	11	11	11	pubchem_cid			95% BCa bootstrap CI clustered by PubChem compound; uncertainty is over the observed compound panel, not broader chemical space.	CVCL_0332
l1000_phase1	tahoe	peer_baseline_dataset_pair_line	pb_source_peer_spearman_logfc_pair_fraction_below_observed	mean_pb_source_peer_spearman_logfc_pair_fraction_below_observed	0.2856610060025094	0.22706957753661727	0.3546915600721057	0.06381099126774423	bca	ok	0.95	2000	2000	11	11	11	pubchem_cid			95% BCa bootstrap CI clustered by PubChem compound; uncertainty is over the observed compound panel, not broader chemical space.	CVCL_0332
l1000_phase1	tahoe	peer_baseline_dataset_pair_line	pb_source_peer_spearman_logfc_pair_corrected_percentile	mean_pb_source_peer_spearman_logfc_pair_corrected_percentile	0.2881506298810599	0.22781595379464925	0.35792679160765367	0.06505541890650221	bca	ok	0.95	2000	2000	11	11	11	pubchem_cid			95% BCa bootstrap CI clustered by PubChem compound; uncertainty is over the observed compound panel, not broader chemical space.	CVCL_0332
l1000_phase1	tahoe	peer_baseline_dataset_pair_line	pb_target_peer_spearman_logfc_pair	mean_pb_target_peer_spearman_logfc_pair	-0.005122941524305858	-0.010308799636806682	-0.0008848630194294914	0.004711968308688596	bca	ok	0.95	2000	2000	11	11	11	pubchem_cid			95% BCa bootstrap CI clustered by PubChem compound; uncertainty is over the observed compound panel, not broader chemical space.	CVCL_0332
l1000_phase1	tahoe	peer_baseline_dataset_pair_line	pb_delta_vs_target_peer_spearman_logfc	mean_pb_delta_vs_target_peer_spearman_logfc	0.039428814998056776	0.017275456652203088	0.07118928943375423	0.02695691639077557	bca	ok	0.95	2000	2000	11	11	11	pubchem_cid			95% BCa bootstrap CI clustered by PubChem compound; uncertainty is over the observed compound panel, not broader chemical space.	CVCL_0332
l1000_phase1	tahoe	peer_baseline_dataset_pair_line	pb_target_peer_spearman_logfc_pair_sd_score	mean_pb_target_peer_spearman_logfc_pair_sd_score	0.04557192159476004	0.04350252926716778	0.0477792834081929	0.0021383770705125614	bca	ok	0.95	2000	2000	11	11	11	pubchem_cid			95% BCa bootstrap CI clustered by PubChem compound; uncertainty is over the observed compound panel, not broader chemical space.	CVCL_0332
l1000_phase1	tahoe	peer_baseline_dataset_pair_line	pb_target_peer_spearman_logfc_pair_fraction_below_observed	mean_pb_target_peer_spearman_logfc_pair_fraction_below_observed	0.6665959099916808	0.5681102873039828	0.7786995559125219	0.10529463430426955	bca	ok	0.95	2000	2000	11	11	11	pubchem_cid			95% BCa bootstrap CI clustered by PubChem compound; uncertainty is over the observed compound panel, not broader chemical space.	CVCL_0332
l1000_phase1	tahoe	peer_baseline_dataset_pair_line	pb_target_peer_spearman_logfc_pair_corrected_percentile	mean_pb_target_peer_spearman_logfc_pair_corrected_percentile	0.6678379653945006	0.5764449227805091	0.7809150574259518	0.10223506732272136	bca	ok	0.95	2000	2000	11	11	11	pubchem_cid			95% BCa bootstrap CI clustered by PubChem compound; uncertainty is over the observed compound panel, not broader chemical space.	CVCL_0332
l1000_phase2	sciplex	peer_baseline_dataset_pair_line	pb_observed_spearman_logfc	mean_pb_observed_spearman_logfc	0.09052392002904186	0.06404008613437834	0.13140017329306652	0.03368004357934409	bca	ok	0.95	2000	2000	44	44	44	pubchem_cid			95% BCa bootstrap CI clustered by PubChem compound; uncertainty is over the observed compound panel, not broader chemical space.	CVCL_0023
l1000_phase2	sciplex	peer_baseline_dataset_pair_line	pb_source_centroid_spearman_logfc_pair	mean_pb_source_centroid_spearman_logfc_pair	0.21321236404484276	0.18633071189210076	0.24182502830850464	0.027747158208201936	bca	ok	0.95	2000	2000	44	44	44	pubchem_cid			95% BCa bootstrap CI clustered by PubChem compound; uncertainty is over the observed compound panel, not broader chemical space.	CVCL_0023
l1000_phase2	sciplex	peer_baseline_dataset_pair_line	pb_delta_vs_source_centroid_spearman_logfc	mean_pb_delta_vs_source_centroid_spearman_logfc	-0.12268844401580084	-0.1496431107083674	-0.09243031894694594	0.028606395880710726	bca	ok	0.95	2000	2000	44	44	44	pubchem_cid			95% BCa bootstrap CI clustered by PubChem compound; uncertainty is over the observed compound panel, not broader chemical space.	CVCL_0023
l1000_phase2	sciplex	peer_baseline_dataset_pair_line	pb_target_centroid_spearman_logfc_pair	mean_pb_target_centroid_spearman_logfc_pair	0.06296643404431178	0.04656964902474671	0.08124810385145449	0.01733922741335389	bca	ok	0.95	2000	2000	44	44	44	pubchem_cid			95% BCa bootstrap CI clustered by PubChem compound; uncertainty is over the observed compound panel, not broader chemical space.	CVCL_0023
l1000_phase2	sciplex	peer_baseline_dataset_pair_line	pb_delta_vs_target_centroid_spearman_logfc	mean_pb_delta_vs_target_centroid_spearman_logfc	0.02755748598473008	0.00980702284139175	0.05600150944520926	0.02309724330190876	bca	ok	0.95	2000	2000	44	44	44	pubchem_cid			95% BCa bootstrap CI clustered by PubChem compound; uncertainty is over the observed compound panel, not broader chemical space.	CVCL_0023
l1000_phase2	sciplex	peer_baseline_dataset_pair_line	pb_source_peer_spearman_logfc_pair	mean_pb_source_peer_spearman_logfc_pair	0.06389588159892479	0.05699191700507677	0.07056120856566375	0.006784645780293492	bca	ok	0.95	2000	2000	44	44	44	pubchem_cid			95% BCa bootstrap CI clustered by PubChem compound; uncertainty is over the observed compound panel, not broader chemical space.	CVCL_0023
l1000_phase2	sciplex	peer_baseline_dataset_pair_line	pb_delta_vs_source_peer_spearman_logfc	mean_pb_delta_vs_source_peer_spearman_logfc	0.026628038430117074	0.0023835365974379827	0.06520974537741785	0.03141310438998993	bca	ok	0.95	2000	2000	44	44	44	pubchem_cid			95% BCa bootstrap CI clustered by PubChem compound; uncertainty is over the observed compound panel, not broader chemical space.	CVCL_0023
l1000_phase2	sciplex	peer_baseline_dataset_pair_line	pb_source_peer_spearman_logfc_pair_sd_score	mean_pb_source_peer_spearman_logfc_pair_sd_score	0.09895743263912582	0.095610867340399	0.10294586294336436	0.0036674978014826776	bca	ok	0.95	2000	2000	44	44	44	pubchem_cid			95% BCa bootstrap CI clustered by PubChem compound; uncertainty is over the observed compound panel, not broader chemical space.	CVCL_0023
l1000_phase2	sciplex	peer_baseline_dataset_pair_line	pb_source_peer_spearman_logfc_pair_fraction_below_observed	mean_pb_source_peer_spearman_logfc_pair_fraction_below_observed	0.536617192209611	0.482617788543338	0.5971877196639317	0.05728496556029686	bca	ok	0.95	2000	2000	44	44	44	pubchem_cid			95% BCa bootstrap CI clustered by PubChem compound; uncertainty is over the observed compound panel, not broader chemical space.	CVCL_0023
l1000_phase2	sciplex	peer_baseline_dataset_pair_line	pb_source_peer_spearman_logfc_pair_corrected_percentile	mean_pb_source_peer_spearman_logfc_pair_corrected_percentile	0.5385697032645183	0.4832563141669827	0.600923828349648	0.05883375709133262	bca	ok	0.95	2000	2000	44	44	44	pubchem_cid			95% BCa bootstrap CI clustered by PubChem compound; uncertainty is over the observed compound panel, not broader chemical space.	CVCL_0023
l1000_phase2	sciplex	peer_baseline_dataset_pair_line	pb_target_peer_spearman_logfc_pair	mean_pb_target_peer_spearman_logfc_pair	0.018278301695634044	0.014389381699754948	0.022457390213938583	0.004034004257091817	bca	ok	0.95	2000	2000	44	44	44	pubchem_cid			95% BCa bootstrap CI clustered by PubChem compound; uncertainty is over the observed compound panel, not broader chemical space.	CVCL_0023
l1000_phase2	sciplex	peer_baseline_dataset_pair_line	pb_delta_vs_target_peer_spearman_logfc	mean_pb_delta_vs_target_peer_spearman_logfc	0.07224561833340781	0.049144493080872514	0.10851816839758016	0.029686837658353823	bca	ok	0.95	2000	2000	44	44	44	pubchem_cid			95% BCa bootstrap CI clustered by PubChem compound; uncertainty is over the observed compound panel, not broader chemical space.	CVCL_0023
l1000_phase2	sciplex	peer_baseline_dataset_pair_line	pb_target_peer_spearman_logfc_pair_sd_score	mean_pb_target_peer_spearman_logfc_pair_sd_score	0.05204699618695981	0.049003781489186826	0.05629527278853266	0.0036457456496729185	bca	ok	0.95	2000	2000	44	44	44	pubchem_cid			95% BCa bootstrap CI clustered by PubChem compound; uncertainty is over the observed compound panel, not broader chemical space.	CVCL_0023
l1000_phase2	sciplex	peer_baseline_dataset_pair_line	pb_target_peer_spearman_logfc_pair_fraction_below_observed	mean_pb_target_peer_spearman_logfc_pair_fraction_below_observed	0.6956325256213807	0.6277746184673174	0.7521449654831541	0.062185173507918357	bca	ok	0.95	2000	2000	44	44	44	pubchem_cid			95% BCa bootstrap CI clustered by PubChem compound; uncertainty is over the observed compound panel, not broader chemical space.	CVCL_0023
l1000_phase2	sciplex	peer_baseline_dataset_pair_line	pb_target_peer_spearman_logfc_pair_corrected_percentile	mean_pb_target_peer_spearman_logfc_pair_corrected_percentile	0.6969468112589631	0.6346638522989301	0.7536647507882065	0.05950044924463821	bca	ok	0.95	2000	2000	44	44	44	pubchem_cid			95% BCa bootstrap CI clustered by PubChem compound; uncertainty is over the observed compound panel, not broader chemical space.	CVCL_0023
l1000_phase2	sciplex	peer_baseline_dataset_pair_line	pb_observed_spearman_logfc	mean_pb_observed_spearman_logfc	0.10812290346770055	0.08223820611679247	0.14395412665910073	0.03085796027115413	bca	ok	0.95	2000	2000	83	83	83	pubchem_cid			95% BCa bootstrap CI clustered by PubChem compound; uncertainty is over the observed compound panel, not broader chemical space.	CVCL_0031
l1000_phase2	sciplex	peer_baseline_dataset_pair_line	pb_source_centroid_spearman_logfc_pair	mean_pb_source_centroid_spearman_logfc_pair	0.19970864811418926	0.17239084531454976	0.2252630529825229	0.026436103833986563	bca	ok	0.95	2000	2000	83	83	83	pubchem_cid			95% BCa bootstrap CI clustered by PubChem compound; uncertainty is over the observed compound panel, not broader chemical space.	CVCL_0031
l1000_phase2	sciplex	peer_baseline_dataset_pair_line	pb_delta_vs_source_centroid_spearman_logfc	mean_pb_delta_vs_source_centroid_spearman_logfc	-0.09158574464648868	-0.11103799948173891	-0.07027209861156293	0.02038295043508799	bca	ok	0.95	2000	2000	83	83	83	pubchem_cid			95% BCa bootstrap CI clustered by PubChem compound; uncertainty is over the observed compound panel, not broader chemical space.	CVCL_0031
l1000_phase2	sciplex	peer_baseline_dataset_pair_line	pb_target_centroid_spearman_logfc_pair	mean_pb_target_centroid_spearman_logfc_pair	0.08652020907973712	0.06918731541438804	0.10624464731971739	0.018528665952664676	bca	ok	0.95	2000	2000	83	83	83	pubchem_cid			95% BCa bootstrap CI clustered by PubChem compound; uncertainty is over the observed compound panel, not broader chemical space.	CVCL_0031
l1000_phase2	sciplex	peer_baseline_dataset_pair_line	pb_delta_vs_target_centroid_spearman_logfc	mean_pb_delta_vs_target_centroid_spearman_logfc	0.02160269438796343	0.007109786824074967	0.04278023606556718	0.017835224620746108	bca	ok	0.95	2000	2000	83	83	83	pubchem_cid			95% BCa bootstrap CI clustered by PubChem compound; uncertainty is over the observed compound panel, not broader chemical space.	CVCL_0031
l1000_phase2	sciplex	peer_baseline_dataset_pair_line	pb_source_peer_spearman_logfc_pair	mean_pb_source_peer_spearman_logfc_pair	0.05133249061042348	0.04751302018625039	0.055293597442292494	0.0038902886280210505	bca	ok	0.95	2000	2000	83	83	83	pubchem_cid			95% BCa bootstrap CI clustered by PubChem compound; uncertainty is over the observed compound panel, not broader chemical space.	CVCL_0031
l1000_phase2	sciplex	peer_baseline_dataset_pair_line	pb_delta_vs_source_peer_spearman_logfc	mean_pb_delta_vs_source_peer_spearman_logfc	0.056790412857277095	0.033905991862933825	0.0920685347724581	0.02908127145476214	bca	ok	0.95	2000	2000	83	83	83	pubchem_cid			95% BCa bootstrap CI clustered by PubChem compound; uncertainty is over the observed compound panel, not broader chemical space.	CVCL_0031
l1000_phase2	sciplex	peer_baseline_dataset_pair_line	pb_source_peer_spearman_logfc_pair_sd_score	mean_pb_source_peer_spearman_logfc_pair_sd_score	0.11226975419028884	0.10637696453169633	0.11951718876378269	0.006570112116043178	bca	ok	0.95	2000	2000	83	83	83	pubchem_cid			95% BCa bootstrap CI clustered by PubChem compound; uncertainty is over the observed compound panel, not broader chemical space.	CVCL_0031
l1000_phase2	sciplex	peer_baseline_dataset_pair_line	pb_source_peer_spearman_logfc_pair_fraction_below_observed	mean_pb_source_peer_spearman_logfc_pair_fraction_below_observed	0.5692850494037865	0.5300682028833579	0.6142122779781076	0.042072037547374874	bca	ok	0.95	2000	2000	83	83	83	pubchem_cid			95% BCa bootstrap CI clustered by PubChem compound; uncertainty is over the observed compound panel, not broader chemical space.	CVCL_0031
l1000_phase2	sciplex	peer_baseline_dataset_pair_line	pb_source_peer_spearman_logfc_pair_corrected_percentile	mean_pb_source_peer_spearman_logfc_pair_corrected_percentile	0.5710134939853806	0.5291067087307135	0.6125295765486113	0.04171143390894888	bca	ok	0.95	2000	2000	83	83	83	pubchem_cid			95% BCa bootstrap CI clustered by PubChem compound; uncertainty is over the observed compound panel, not broader chemical space.	CVCL_0031
l1000_phase2	sciplex	peer_baseline_dataset_pair_line	pb_target_peer_spearman_logfc_pair	mean_pb_target_peer_spearman_logfc_pair	0.0185026385813708	0.015209178754762744	0.022116640622509037	0.0034537309338731467	bca	ok	0.95	2000	2000	83	83	83	pubchem_cid			95% BCa bootstrap CI clustered by PubChem compound; uncertainty is over the observed compound panel, not broader chemical space.	CVCL_0031
l1000_phase2	sciplex	peer_baseline_dataset_pair_line	pb_delta_vs_target_peer_spearman_logfc	mean_pb_delta_vs_target_peer_spearman_logfc	0.08962026488632976	0.06658930968578751	0.12351296278609886	0.028461826550155674	bca	ok	0.95	2000	2000	83	83	83	pubchem_cid			95% BCa bootstrap CI clustered by PubChem compound; uncertainty is over the observed compound panel, not broader chemical space.	CVCL_0031
l1000_phase2	sciplex	peer_baseline_dataset_pair_line	pb_target_peer_spearman_logfc_pair_sd_score	mean_pb_target_peer_spearman_logfc_pair_sd_score	0.0501311242252973	0.04693362823097818	0.054053611978354496	0.0035599918736881585	bca	ok	0.95	2000	2000	83	83	83	pubchem_cid			95% BCa bootstrap CI clustered by PubChem compound; uncertainty is over the observed compound panel, not broader chemical space.	CVCL_0031
l1000_phase2	sciplex	peer_baseline_dataset_pair_line	pb_target_peer_spearman_logfc_pair_fraction_below_observed	mean_pb_target_peer_spearman_logfc_pair_fraction_below_observed	0.7014143148216265	0.6609097892101755	0.7455862887617659	0.0423382497757952	bca	ok	0.95	2000	2000	83	83	83	pubchem_cid			95% BCa bootstrap CI clustered by PubChem compound; uncertainty is over the observed compound panel, not broader chemical space.	CVCL_0031
l1000_phase2	sciplex	peer_baseline_dataset_pair_line	pb_target_peer_spearman_logfc_pair_corrected_percentile	mean_pb_target_peer_spearman_logfc_pair_corrected_percentile	0.702614632335735	0.6583813690210323	0.7450216306353691	0.0433201308071684	bca	ok	0.95	2000	2000	83	83	83	pubchem_cid			95% BCa bootstrap CI clustered by PubChem compound; uncertainty is over the observed compound panel, not broader chemical space.	CVCL_0031
l1000_phase2	tahoe	peer_baseline_dataset_pair_line	pb_observed_spearman_logfc	mean_pb_observed_spearman_logfc	0.042119793650049676	0.019726691672661726	0.06985399777116569	0.025063653049251983	bca	ok	0.95	2000	2000	24	24	24	pubchem_cid			95% BCa bootstrap CI clustered by PubChem compound; uncertainty is over the observed compound panel, not broader chemical space.	CVCL_0023
l1000_phase2	tahoe	peer_baseline_dataset_pair_line	pb_source_centroid_spearman_logfc_pair	mean_pb_source_centroid_spearman_logfc_pair	0.3225559210799202	0.2882921540770183	0.3556245764733082	0.033666211198144946	bca	ok	0.95	2000	2000	24	24	24	pubchem_cid			95% BCa bootstrap CI clustered by PubChem compound; uncertainty is over the observed compound panel, not broader chemical space.	CVCL_0023
l1000_phase2	tahoe	peer_baseline_dataset_pair_line	pb_delta_vs_source_centroid_spearman_logfc	mean_pb_delta_vs_source_centroid_spearman_logfc	-0.2804361274298705	-0.3153836394828024	-0.23419202352531057	0.040595807978745915	bca	ok	0.95	2000	2000	24	24	24	pubchem_cid			95% BCa bootstrap CI clustered by PubChem compound; uncertainty is over the observed compound panel, not broader chemical space.	CVCL_0023
l1000_phase2	tahoe	peer_baseline_dataset_pair_line	pb_target_centroid_spearman_logfc_pair	mean_pb_target_centroid_spearman_logfc_pair	-0.019849587844978683	-0.033058729977870314	-0.006962434628789688	0.013048147674540314	bca	ok	0.95	2000	2000	24	24	24	pubchem_cid			95% BCa bootstrap CI clustered by PubChem compound; uncertainty is over the observed compound panel, not broader chemical space.	CVCL_0023
l1000_phase2	tahoe	peer_baseline_dataset_pair_line	pb_delta_vs_target_centroid_spearman_logfc	mean_pb_delta_vs_target_centroid_spearman_logfc	0.06196938149502836	0.03952483852145076	0.09044536916201855	0.025460265320283896	bca	ok	0.95	2000	2000	24	24	24	pubchem_cid			95% BCa bootstrap CI clustered by PubChem compound; uncertainty is over the observed compound panel, not broader chemical space.	CVCL_0023
l1000_phase2	tahoe	peer_baseline_dataset_pair_line	pb_source_peer_spearman_logfc_pair	mean_pb_source_peer_spearman_logfc_pair	0.12347509479036863	0.11449360234351406	0.13042878295206628	0.007967590304276108	bca	ok	0.95	2000	2000	24	24	24	pubchem_cid			95% BCa bootstrap CI clustered by PubChem compound; uncertainty is over the observed compound panel, not broader chemical space.	CVCL_0023
l1000_phase2	tahoe	peer_baseline_dataset_pair_line	pb_delta_vs_source_peer_spearman_logfc	mean_pb_delta_vs_source_peer_spearman_logfc	-0.08135530114031897	-0.10655926079405835	-0.05363228941797408	0.026463485688042136	bca	ok	0.95	2000	2000	24	24	24	pubchem_cid			95% BCa bootstrap CI clustered by PubChem compound; uncertainty is over the observed compound panel, not broader chemical space.	CVCL_0023
l1000_phase2	tahoe	peer_baseline_dataset_pair_line	pb_source_peer_spearman_logfc_pair_sd_score	mean_pb_source_peer_spearman_logfc_pair_sd_score	0.11925001338695146	0.11143204552610655	0.12839209720342667	0.00848002583866006	bca	ok	0.95	2000	2000	24	24	24	pubchem_cid			95% BCa bootstrap CI clustered by PubChem compound; uncertainty is over the observed compound panel, not broader chemical space.	CVCL_0023
l1000_phase2	tahoe	peer_baseline_dataset_pair_line	pb_source_peer_spearman_logfc_pair_fraction_below_observed	mean_pb_source_peer_spearman_logfc_pair_fraction_below_observed	0.3287413133576485	0.2698194452919122	0.39484737849487184	0.06251396660147981	bca	ok	0.95	2000	2000	24	24	24	pubchem_cid			95% BCa bootstrap CI clustered by PubChem compound; uncertainty is over the observed compound panel, not broader chemical space.	CVCL_0023
l1000_phase2	tahoe	peer_baseline_dataset_pair_line	pb_source_peer_spearman_logfc_pair_corrected_percentile	mean_pb_source_peer_spearman_logfc_pair_corrected_percentile	0.33062377775292173	0.2739520836822116	0.398997726929747	0.06252282162376771	bca	ok	0.95	2000	2000	24	24	24	pubchem_cid			95% BCa bootstrap CI clustered by PubChem compound; uncertainty is over the observed compound panel, not broader chemical space.	CVCL_0023
l1000_phase2	tahoe	peer_baseline_dataset_pair_line	pb_target_peer_spearman_logfc_pair	mean_pb_target_peer_spearman_logfc_pair	-0.004624530344034189	-0.008853579630748098	-0.0006815444809354399	0.004086017574906329	bca	ok	0.95	2000	2000	24	24	24	pubchem_cid			95% BCa bootstrap CI clustered by PubChem compound; uncertainty is over the observed compound panel, not broader chemical space.	CVCL_0023
l1000_phase2	tahoe	peer_baseline_dataset_pair_line	pb_delta_vs_target_peer_spearman_logfc	mean_pb_delta_vs_target_peer_spearman_logfc	0.04674432399408387	0.02687281431835887	0.0736505187557415	0.023388852218691313	bca	ok	0.95	2000	2000	24	24	24	pubchem_cid			95% BCa bootstrap CI clustered by PubChem compound; uncertainty is over the observed compound panel, not broader chemical space.	CVCL_0023
l1000_phase2	tahoe	peer_baseline_dataset_pair_line	pb_target_peer_spearman_logfc_pair_sd_score	mean_pb_target_peer_spearman_logfc_pair_sd_score	0.04833424180007895	0.045089113455054425	0.052664515817059956	0.003787701181002766	bca	ok	0.95	2000	2000	24	24	24	pubchem_cid			95% BCa bootstrap CI clustered by PubChem compound; uncertainty is over the observed compound panel, not broader chemical space.	CVCL_0023
l1000_phase2	tahoe	peer_baseline_dataset_pair_line	pb_target_peer_spearman_logfc_pair_fraction_below_observed	mean_pb_target_peer_spearman_logfc_pair_fraction_below_observed	0.680063818150687	0.5890748831314612	0.757221096211703	0.0840731065401209	bca	ok	0.95	2000	2000	24	24	24	pubchem_cid			95% BCa bootstrap CI clustered by PubChem compound; uncertainty is over the observed compound panel, not broader chemical space.	CVCL_0023
l1000_phase2	tahoe	peer_baseline_dataset_pair_line	pb_target_peer_spearman_logfc_pair_corrected_percentile	mean_pb_target_peer_spearman_logfc_pair_corrected_percentile	0.6809710421793534	0.6018147767477152	0.7586120649118369	0.07839864408206082	bca	ok	0.95	2000	2000	24	24	24	pubchem_cid			95% BCa bootstrap CI clustered by PubChem compound; uncertainty is over the observed compound panel, not broader chemical space.	CVCL_0023
l1000_phase2	tahoe	peer_baseline_dataset_pair_line	pb_observed_spearman_logfc	mean_pb_observed_spearman_logfc	0.023741025951575637	0.012621682724380833	0.039626388871252506	0.013502353073435835	bca	ok	0.95	2000	2000	110	110	110	pubchem_cid			95% BCa bootstrap CI clustered by PubChem compound; uncertainty is over the observed compound panel, not broader chemical space.	CVCL_0320
l1000_phase2	tahoe	peer_baseline_dataset_pair_line	pb_source_centroid_spearman_logfc_pair	mean_pb_source_centroid_spearman_logfc_pair	0.26628229047196955	0.2473588108130416	0.2833865962855674	0.0180138927362629	bca	ok	0.95	2000	2000	110	110	110	pubchem_cid			95% BCa bootstrap CI clustered by PubChem compound; uncertainty is over the observed compound panel, not broader chemical space.	CVCL_0320
l1000_phase2	tahoe	peer_baseline_dataset_pair_line	pb_delta_vs_source_centroid_spearman_logfc	mean_pb_delta_vs_source_centroid_spearman_logfc	-0.24254126452039382	-0.2586041155412041	-0.22593141682091888	0.01633634936014261	bca	ok	0.95	2000	2000	110	110	110	pubchem_cid			95% BCa bootstrap CI clustered by PubChem compound; uncertainty is over the observed compound panel, not broader chemical space.	CVCL_0320
l1000_phase2	tahoe	peer_baseline_dataset_pair_line	pb_target_centroid_spearman_logfc_pair	mean_pb_target_centroid_spearman_logfc_pair	0.017953854357859574	0.012527884120953934	0.023809048065204928	0.005640581972125497	bca	ok	0.95	2000	2000	110	110	110	pubchem_cid			95% BCa bootstrap CI clustered by PubChem compound; uncertainty is over the observed compound panel, not broader chemical space.	CVCL_0320
l1000_phase2	tahoe	peer_baseline_dataset_pair_line	pb_delta_vs_target_centroid_spearman_logfc	mean_pb_delta_vs_target_centroid_spearman_logfc	0.005787171593716059	-0.005538517945110752	0.019354762424157977	0.012446640184634365	bca	ok	0.95	2000	2000	110	110	110	pubchem_cid			95% BCa bootstrap CI clustered by PubChem compound; uncertainty is over the observed compound panel, not broader chemical space.	CVCL_0320
l1000_phase2	tahoe	peer_baseline_dataset_pair_line	pb_source_peer_spearman_logfc_pair	mean_pb_source_peer_spearman_logfc_pair	0.11496467391875252	0.11007349664265544	0.1192992297780156	0.004612866567680084	bca	ok	0.95	2000	2000	110	110	110	pubchem_cid			95% BCa bootstrap CI clustered by PubChem compound; uncertainty is over the observed compound panel, not broader chemical space.	CVCL_0320
l1000_phase2	tahoe	peer_baseline_dataset_pair_line	pb_delta_vs_source_peer_spearman_logfc	mean_pb_delta_vs_source_peer_spearman_logfc	-0.09122364796717689	-0.10298232523769263	-0.07295045830955062	0.015015933464071006	bca	ok	0.95	2000	2000	110	110	110	pubchem_cid			95% BCa bootstrap CI clustered by PubChem compound; uncertainty is over the observed compound panel, not broader chemical space.	CVCL_0320
l1000_phase2	tahoe	peer_baseline_dataset_pair_line	pb_source_peer_spearman_logfc_pair_sd_score	mean_pb_source_peer_spearman_logfc_pair_sd_score	0.1116963189347314	0.10768577693321005	0.11597955026162154	0.004146886664205748	bca	ok	0.95	2000	2000	110	110	110	pubchem_cid			95% BCa bootstrap CI clustered by PubChem compound; uncertainty is over the observed compound panel, not broader chemical space.	CVCL_0320
l1000_phase2	tahoe	peer_baseline_dataset_pair_line	pb_source_peer_spearman_logfc_pair_fraction_below_observed	mean_pb_source_peer_spearman_logfc_pair_fraction_below_observed	0.27680723603291857	0.2519727268856462	0.3117141693736131	0.02987072124398346	bca	ok	0.95	2000	2000	110	110	110	pubchem_cid			95% BCa bootstrap CI clustered by PubChem compound; uncertainty is over the observed compound panel, not broader chemical space.	CVCL_0320
l1000_phase2	tahoe	peer_baseline_dataset_pair_line	pb_source_peer_spearman_logfc_pair_corrected_percentile	mean_pb_source_peer_spearman_logfc_pair_corrected_percentile	0.2785562889527149	0.25115457276124437	0.31279572090927366	0.030820574074014645	bca	ok	0.95	2000	2000	110	110	110	pubchem_cid			95% BCa bootstrap CI clustered by PubChem compound; uncertainty is over the observed compound panel, not broader chemical space.	CVCL_0320
l1000_phase2	tahoe	peer_baseline_dataset_pair_line	pb_target_peer_spearman_logfc_pair	mean_pb_target_peer_spearman_logfc_pair	-0.0004966222193979657	-0.0023030041600690604	0.0012543077819675388	0.0017786559710182997	bca	ok	0.95	2000	2000	110	110	110	pubchem_cid			95% BCa bootstrap CI clustered by PubChem compound; uncertainty is over the observed compound panel, not broader chemical space.	CVCL_0320
l1000_phase2	tahoe	peer_baseline_dataset_pair_line	pb_delta_vs_target_peer_spearman_logfc	mean_pb_delta_vs_target_peer_spearman_logfc	0.0242376481709736	0.014189544182513295	0.040160778655799236	0.01298561723664297	bca	ok	0.95	2000	2000	110	110	110	pubchem_cid			95% BCa bootstrap CI clustered by PubChem compound; uncertainty is over the observed compound panel, not broader chemical space.	CVCL_0320
l1000_phase2	tahoe	peer_baseline_dataset_pair_line	pb_target_peer_spearman_logfc_pair_sd_score	mean_pb_target_peer_spearman_logfc_pair_sd_score	0.04830289002677172	0.046916727395158446	0.050063600726696265	0.0015734366657689097	bca	ok	0.95	2000	2000	110	110	110	pubchem_cid			95% BCa bootstrap CI clustered by PubChem compound; uncertainty is over the observed compound panel, not broader chemical space.	CVCL_0320
l1000_phase2	tahoe	peer_baseline_dataset_pair_line	pb_target_peer_spearman_logfc_pair_fraction_below_observed	mean_pb_target_peer_spearman_logfc_pair_fraction_below_observed	0.577046256079936	0.5371362783799097	0.6151300155735778	0.038996868596834044	bca	ok	0.95	2000	2000	110	110	110	pubchem_cid			95% BCa bootstrap CI clustered by PubChem compound; uncertainty is over the observed compound panel, not broader chemical space.	CVCL_0320
l1000_phase2	tahoe	peer_baseline_dataset_pair_line	pb_target_peer_spearman_logfc_pair_corrected_percentile	mean_pb_target_peer_spearman_logfc_pair_corrected_percentile	0.578044132759511	0.541897909727184	0.6164697679040646	0.037285929088440306	bca	ok	0.95	2000	2000	110	110	110	pubchem_cid			95% BCa bootstrap CI clustered by PubChem compound; uncertainty is over the observed compound panel, not broader chemical space.	CVCL_0320
tahoe	sciplex	peer_baseline_dataset_pair_line	pb_observed_spearman_logfc	mean_pb_observed_spearman_logfc	0.052574546566602445	0.02421125304699872	0.1172197331874827	0.046504240070241995	bca	ok	0.95	2000	2000	23	23	23	pubchem_cid			95% BCa bootstrap CI clustered by PubChem compound; uncertainty is over the observed compound panel, not broader chemical space.	CVCL_0023
tahoe	sciplex	peer_baseline_dataset_pair_line	pb_source_centroid_spearman_logfc_pair	mean_pb_source_centroid_spearman_logfc_pair	0.3384492299345955	0.31429486695326686	0.3576040050334914	0.02165456904011226	bca	ok	0.95	2000	2000	23	23	23	pubchem_cid			95% BCa bootstrap CI clustered by PubChem compound; uncertainty is over the observed compound panel, not broader chemical space.	CVCL_0023
tahoe	sciplex	peer_baseline_dataset_pair_line	pb_delta_vs_source_centroid_spearman_logfc	mean_pb_delta_vs_source_centroid_spearman_logfc	-0.2858746833679931	-0.31571525034111847	-0.22319852863441292	0.046258360853352776	bca	ok	0.95	2000	2000	23	23	23	pubchem_cid			95% BCa bootstrap CI clustered by PubChem compound; uncertainty is over the observed compound panel, not broader chemical space.	CVCL_0023
tahoe	sciplex	peer_baseline_dataset_pair_line	pb_target_centroid_spearman_logfc_pair	mean_pb_target_centroid_spearman_logfc_pair	0.01641747401053523	0.001912650186071925	0.03226065063853402	0.015174000226231048	bca	ok	0.95	2000	2000	23	23	23	pubchem_cid			95% BCa bootstrap CI clustered by PubChem compound; uncertainty is over the observed compound panel, not broader chemical space.	CVCL_0023
tahoe	sciplex	peer_baseline_dataset_pair_line	pb_delta_vs_target_centroid_spearman_logfc	mean_pb_delta_vs_target_centroid_spearman_logfc	0.03615707255606722	0.011406527997844633	0.0860263142555355	0.03730989312884543	bca	ok	0.95	2000	2000	23	23	23	pubchem_cid			95% BCa bootstrap CI clustered by PubChem compound; uncertainty is over the observed compound panel, not broader chemical space.	CVCL_0023
tahoe	sciplex	peer_baseline_dataset_pair_line	pb_source_peer_spearman_logfc_pair	mean_pb_source_peer_spearman_logfc_pair	0.13413062291521144	0.12454347359087681	0.14134233087026313	0.00839942863969316	bca	ok	0.95	2000	2000	23	23	23	pubchem_cid			95% BCa bootstrap CI clustered by PubChem compound; uncertainty is over the observed compound panel, not broader chemical space.	CVCL_0023
tahoe	sciplex	peer_baseline_dataset_pair_line	pb_delta_vs_source_peer_spearman_logfc	mean_pb_delta_vs_source_peer_spearman_logfc	-0.08155607634860897	-0.112821607818074	-0.016283269302677924	0.04826916925769804	bca	ok	0.95	2000	2000	23	23	23	pubchem_cid			95% BCa bootstrap CI clustered by PubChem compound; uncertainty is over the observed compound panel, not broader chemical space.	CVCL_0023
tahoe	sciplex	peer_baseline_dataset_pair_line	pb_source_peer_spearman_logfc_pair_sd_score	mean_pb_source_peer_spearman_logfc_pair_sd_score	0.10912309165762835	0.10453426891055159	0.11407946008265639	0.004772595586052399	bca	ok	0.95	2000	2000	23	23	23	pubchem_cid			95% BCa bootstrap CI clustered by PubChem compound; uncertainty is over the observed compound panel, not broader chemical space.	CVCL_0023
tahoe	sciplex	peer_baseline_dataset_pair_line	pb_source_peer_spearman_logfc_pair_fraction_below_observed	mean_pb_source_peer_spearman_logfc_pair_fraction_below_observed	0.32437913738318735	0.2655803090229934	0.4351268155327174	0.08477325325486201	bca	ok	0.95	2000	2000	23	23	23	pubchem_cid			95% BCa bootstrap CI clustered by PubChem compound; uncertainty is over the observed compound panel, not broader chemical space.	CVCL_0023
tahoe	sciplex	peer_baseline_dataset_pair_line	pb_source_peer_spearman_logfc_pair_corrected_percentile	mean_pb_source_peer_spearman_logfc_pair_corrected_percentile	0.32693610224476105	0.26553055416987154	0.43570565345024637	0.08508754964018742	bca	ok	0.95	2000	2000	23	23	23	pubchem_cid			95% BCa bootstrap CI clustered by PubChem compound; uncertainty is over the observed compound panel, not broader chemical space.	CVCL_0023
tahoe	sciplex	peer_baseline_dataset_pair_line	pb_target_peer_spearman_logfc_pair	mean_pb_target_peer_spearman_logfc_pair	0.002712149284706293	-0.00168384446422597	0.007560277946237766	0.004622061205231868	bca	ok	0.95	2000	2000	23	23	23	pubchem_cid			95% BCa bootstrap CI clustered by PubChem compound; uncertainty is over the observed compound panel, not broader chemical space.	CVCL_0023
tahoe	sciplex	peer_baseline_dataset_pair_line	pb_delta_vs_target_peer_spearman_logfc	mean_pb_delta_vs_target_peer_spearman_logfc	0.04986239728189616	0.023139192019516364	0.10613144171767207	0.04149612484907785	bca	ok	0.95	2000	2000	23	23	23	pubchem_cid			95% BCa bootstrap CI clustered by PubChem compound; uncertainty is over the observed compound panel, not broader chemical space.	CVCL_0023
tahoe	sciplex	peer_baseline_dataset_pair_line	pb_target_peer_spearman_logfc_pair_sd_score	mean_pb_target_peer_spearman_logfc_pair_sd_score	0.03531083972078329	0.03125761541146319	0.04192998324738255	0.005336183917959678	bca	ok	0.95	2000	2000	23	23	23	pubchem_cid			95% BCa bootstrap CI clustered by PubChem compound; uncertainty is over the observed compound panel, not broader chemical space.	CVCL_0023
tahoe	sciplex	peer_baseline_dataset_pair_line	pb_target_peer_spearman_logfc_pair_fraction_below_observed	mean_pb_target_peer_spearman_logfc_pair_fraction_below_observed	0.6705093896563443	0.6013191568045425	0.7537158212291134	0.07619833221228545	bca	ok	0.95	2000	2000	23	23	23	pubchem_cid			95% BCa bootstrap CI clustered by PubChem compound; uncertainty is over the observed compound panel, not broader chemical space.	CVCL_0023
tahoe	sciplex	peer_baseline_dataset_pair_line	pb_target_peer_spearman_logfc_pair_corrected_percentile	mean_pb_target_peer_spearman_logfc_pair_corrected_percentile	0.6718435833266257	0.6002807034181283	0.7490102370658666	0.07436476682386911	bca	ok	0.95	2000	2000	23	23	23	pubchem_cid			95% BCa bootstrap CI clustered by PubChem compound; uncertainty is over the observed compound panel, not broader chemical space.	CVCL_0023
