dataset_a	dataset_b	similarity_metric	scale_variant	peer_cap_order	peer_cap_label	summary_level	metric	value_col	mean	ci_low	ci_high	ci_half_width	ci_method	ci_status	ci_level	n_bootstrap_iterations	n_bootstrap_valid	n_rows	n_finite_rows	n_compounds	cluster_col	inner_strata	outer_strata	uncertainty_scope
cigs_mce	cigs_tcm	cosine	raw	0	all	retrieval_peer_sensitivity_dataset_pair	delta_vs_source_peer_normalized_rank	delta_vs_source_peer_normalized_rank	-0.03610531583988148	-0.051992713346289014	-0.020648570298772848	0.01567207152375808	bca	ok	0.95	2000	2000	11042	11042	974	query_pubchem_cid	direction,cell_type,time_key	direction	95% BCa bootstrap CI clustered by PubChem compound; uncertainty is over the observed compound panel, not broader chemical space.
cigs_mce	cigs_tcm	cosine	raw	0	all	retrieval_peer_sensitivity_dataset_pair	delta_vs_target_peer_normalized_rank	delta_vs_target_peer_normalized_rank	0.07490614531814126	0.06036242136618703	0.08873288093639552	0.014185229785104243	bca	ok	0.95	2000	2000	11042	11042	974	query_pubchem_cid	direction,cell_type,time_key	direction	95% BCa bootstrap CI clustered by PubChem compound; uncertainty is over the observed compound panel, not broader chemical space.
cigs_mce	cigs_tcm	cosine	raw	0	all	retrieval_peer_sensitivity_dataset_pair	source_individual_corrected_percentile	source_individual_corrected_percentile	0.4552755054758611	0.4435913493500759	0.46803922671528764	0.012223938682605878	bca	ok	0.95	2000	2000	11042	11042	974	query_pubchem_cid	direction,cell_type,time_key	direction	95% BCa bootstrap CI clustered by PubChem compound; uncertainty is over the observed compound panel, not broader chemical space.
cigs_mce	cigs_tcm	cosine	raw	0	all	retrieval_peer_sensitivity_dataset_pair	source_individual_fraction_below_observed	source_individual_fraction_below_observed	0.4549992569617093	0.44231625607990643	0.4671788773167865	0.012431310618440022	bca	ok	0.95	2000	2000	11042	11042	974	query_pubchem_cid	direction,cell_type,time_key	direction	95% BCa bootstrap CI clustered by PubChem compound; uncertainty is over the observed compound panel, not broader chemical space.
cigs_mce	cigs_tcm	cosine	raw	0	all	retrieval_peer_sensitivity_dataset_pair	source_individual_mean_similarity	source_individual_mean_similarity	0.03667983101796034	0.0355047405619151	0.03796324925299263	0.0012292543455387668	bca	ok	0.95	2000	2000	11042	11042	974	query_pubchem_cid	direction,cell_type,time_key	direction	95% BCa bootstrap CI clustered by PubChem compound; uncertainty is over the observed compound panel, not broader chemical space.
cigs_mce	cigs_tcm	cosine	raw	0	all	retrieval_peer_sensitivity_dataset_pair	source_individual_n_peers	source_individual_n_peers	2828.199519074629	2821.1631970061535	2832.3605538575075	5.598678425677008	bca	ok	0.95	2000	2000	11042	11042	974	query_pubchem_cid	direction,cell_type,time_key	direction	95% BCa bootstrap CI clustered by PubChem compound; uncertainty is over the observed compound panel, not broader chemical space.
cigs_mce	cigs_tcm	cosine	raw	0	all	retrieval_peer_sensitivity_dataset_pair	source_individual_sd_similarity	source_individual_sd_similarity	0.07896938944641732	0.0781088549537178	0.07982354572855647	0.0008573453874193351	bca	ok	0.95	2000	2000	11042	11042	974	query_pubchem_cid	direction,cell_type,time_key	direction	95% BCa bootstrap CI clustered by PubChem compound; uncertainty is over the observed compound panel, not broader chemical space.
cigs_mce	cigs_tcm	cosine	raw	0	all	retrieval_peer_sensitivity_dataset_pair	source_peer_normalized_rank	source_peer_normalized_rank	0.6123461574201169	0.6085432488539356	0.6157450026682348	0.0036008769071496083	bca	ok	0.95	2000	2000	11042	11042	974	query_pubchem_cid	direction,cell_type,time_key	direction	95% BCa bootstrap CI clustered by PubChem compound; uncertainty is over the observed compound panel, not broader chemical space.
cigs_mce	cigs_tcm	cosine	raw	0	all	retrieval_peer_sensitivity_dataset_pair	target_individual_corrected_percentile	target_individual_corrected_percentile	0.5757892176601429	0.5618830691349557	0.5901644161158153	0.0141406734904298	bca	ok	0.95	2000	2000	11042	11042	974	query_pubchem_cid	direction,cell_type,time_key	direction	95% BCa bootstrap CI clustered by PubChem compound; uncertainty is over the observed compound panel, not broader chemical space.
cigs_mce	cigs_tcm	cosine	raw	0	all	retrieval_peer_sensitivity_dataset_pair	target_individual_fraction_below_observed	target_individual_fraction_below_observed	0.5755737966033808	0.5609696363233875	0.5897619328830055	0.014396148279809007	bca	ok	0.95	2000	2000	11042	11042	974	query_pubchem_cid	direction,cell_type,time_key	direction	95% BCa bootstrap CI clustered by PubChem compound; uncertainty is over the observed compound panel, not broader chemical space.
cigs_mce	cigs_tcm	cosine	raw	0	all	retrieval_peer_sensitivity_dataset_pair	target_individual_mean_similarity	target_individual_mean_similarity	0.0024984334716644857	0.0018583142012343413	0.003400639285670118	0.0007711625422178885	bca	ok	0.95	2000	2000	11042	11042	974	query_pubchem_cid	direction,cell_type,time_key	direction	95% BCa bootstrap CI clustered by PubChem compound; uncertainty is over the observed compound panel, not broader chemical space.
cigs_mce	cigs_tcm	cosine	raw	0	all	retrieval_peer_sensitivity_dataset_pair	target_individual_n_peers	target_individual_n_peers	2827.5971715623737	2820.886434986903	2832.146510113294	5.630037563195401	bca	ok	0.95	2000	2000	11042	11042	974	query_pubchem_cid	direction,cell_type,time_key	direction	95% BCa bootstrap CI clustered by PubChem compound; uncertainty is over the observed compound panel, not broader chemical space.
cigs_mce	cigs_tcm	cosine	raw	0	all	retrieval_peer_sensitivity_dataset_pair	target_individual_sd_similarity	target_individual_sd_similarity	0.03795489801368813	0.0374800876747893	0.038613029357300946	0.0005664708412558214	bca	ok	0.95	2000	2000	11042	11042	974	query_pubchem_cid	direction,cell_type,time_key	direction	95% BCa bootstrap CI clustered by PubChem compound; uncertainty is over the observed compound panel, not broader chemical space.
cigs_mce	cigs_tcm	cosine	raw	0	all	retrieval_peer_sensitivity_dataset_pair	target_peer_normalized_rank	target_peer_normalized_rank	0.5013346962620946	0.5007347523474216	0.50216405335307	0.0007146505028242101	bca	ok	0.95	2000	2000	11042	11042	974	query_pubchem_cid	direction,cell_type,time_key	direction	95% BCa bootstrap CI clustered by PubChem compound; uncertainty is over the observed compound panel, not broader chemical space.
cigs_mce	cigs_tcm	spearman	raw	0	all	retrieval_peer_sensitivity_dataset_pair	delta_vs_source_peer_normalized_rank	delta_vs_source_peer_normalized_rank	-0.03639110043224504	-0.05222278441476792	-0.02033618816264372	0.0159432981260621	bca	ok	0.95	2000	2000	11042	11042	974	query_pubchem_cid	direction,cell_type,time_key	direction	95% BCa bootstrap CI clustered by PubChem compound; uncertainty is over the observed compound panel, not broader chemical space.
cigs_mce	cigs_tcm	spearman	raw	0	all	retrieval_peer_sensitivity_dataset_pair	delta_vs_target_peer_normalized_rank	delta_vs_target_peer_normalized_rank	0.07955417577131776	0.06512736773874235	0.09255558979249794	0.013714111026877793	bca	ok	0.95	2000	2000	11042	11042	974	query_pubchem_cid	direction,cell_type,time_key	direction	95% BCa bootstrap CI clustered by PubChem compound; uncertainty is over the observed compound panel, not broader chemical space.
cigs_mce	cigs_tcm	spearman	raw	0	all	retrieval_peer_sensitivity_dataset_pair	source_individual_corrected_percentile	source_individual_corrected_percentile	0.45344865656068656	0.4402648279865714	0.46589913138819056	0.012817151700809576	bca	ok	0.95	2000	2000	11042	11042	974	query_pubchem_cid	direction,cell_type,time_key	direction	95% BCa bootstrap CI clustered by PubChem compound; uncertainty is over the observed compound panel, not broader chemical space.
cigs_mce	cigs_tcm	spearman	raw	0	all	retrieval_peer_sensitivity_dataset_pair	source_individual_fraction_below_observed	source_individual_fraction_below_observed	0.4531731917875883	0.44086454266362884	0.46545520398405965	0.012295330660215403	bca	ok	0.95	2000	2000	11042	11042	974	query_pubchem_cid	direction,cell_type,time_key	direction	95% BCa bootstrap CI clustered by PubChem compound; uncertainty is over the observed compound panel, not broader chemical space.
cigs_mce	cigs_tcm	spearman	raw	0	all	retrieval_peer_sensitivity_dataset_pair	source_individual_mean_similarity	source_individual_mean_similarity	0.03461746107047242	0.033557300199962024	0.03568338070899399	0.0010630402545159824	bca	ok	0.95	2000	2000	11042	11042	974	query_pubchem_cid	direction,cell_type,time_key	direction	95% BCa bootstrap CI clustered by PubChem compound; uncertainty is over the observed compound panel, not broader chemical space.
cigs_mce	cigs_tcm	spearman	raw	0	all	retrieval_peer_sensitivity_dataset_pair	source_individual_n_peers	source_individual_n_peers	2828.199519074629	2821.4685489047856	2832.6981700348856	5.614810565049993	bca	ok	0.95	2000	2000	11042	11042	974	query_pubchem_cid	direction,cell_type,time_key	direction	95% BCa bootstrap CI clustered by PubChem compound; uncertainty is over the observed compound panel, not broader chemical space.
cigs_mce	cigs_tcm	spearman	raw	0	all	retrieval_peer_sensitivity_dataset_pair	source_individual_sd_similarity	source_individual_sd_similarity	0.07966685372239111	0.07879381678042827	0.08056576638604795	0.0008859748028098441	bca	ok	0.95	2000	2000	11042	11042	974	query_pubchem_cid	direction,cell_type,time_key	direction	95% BCa bootstrap CI clustered by PubChem compound; uncertainty is over the observed compound panel, not broader chemical space.
cigs_mce	cigs_tcm	spearman	raw	0	all	retrieval_peer_sensitivity_dataset_pair	source_peer_normalized_rank	source_peer_normalized_rank	0.6173293277207308	0.6137329768547048	0.6208410925398696	0.003554057842582392	bca	ok	0.95	2000	2000	11042	11042	974	query_pubchem_cid	direction,cell_type,time_key	direction	95% BCa bootstrap CI clustered by PubChem compound; uncertainty is over the observed compound panel, not broader chemical space.
cigs_mce	cigs_tcm	spearman	raw	0	all	retrieval_peer_sensitivity_dataset_pair	target_individual_corrected_percentile	target_individual_corrected_percentile	0.5803125949565267	0.5660443735796187	0.5942322621352281	0.014093944277804693	bca	ok	0.95	2000	2000	11042	11042	974	query_pubchem_cid	direction,cell_type,time_key	direction	95% BCa bootstrap CI clustered by PubChem compound; uncertainty is over the observed compound panel, not broader chemical space.
cigs_mce	cigs_tcm	spearman	raw	0	all	retrieval_peer_sensitivity_dataset_pair	target_individual_fraction_below_observed	target_individual_fraction_below_observed	0.5801024377485292	0.5660465391300199	0.5941445288394822	0.014048994854731156	bca	ok	0.95	2000	2000	11042	11042	974	query_pubchem_cid	direction,cell_type,time_key	direction	95% BCa bootstrap CI clustered by PubChem compound; uncertainty is over the observed compound panel, not broader chemical space.
cigs_mce	cigs_tcm	spearman	raw	0	all	retrieval_peer_sensitivity_dataset_pair	target_individual_mean_similarity	target_individual_mean_similarity	0.002056556946651618	0.0014664339981692166	0.002801059150083451	0.0006673125759571173	bca	ok	0.95	2000	2000	11042	11042	974	query_pubchem_cid	direction,cell_type,time_key	direction	95% BCa bootstrap CI clustered by PubChem compound; uncertainty is over the observed compound panel, not broader chemical space.
cigs_mce	cigs_tcm	spearman	raw	0	all	retrieval_peer_sensitivity_dataset_pair	target_individual_n_peers	target_individual_n_peers	2827.5971715623737	2820.743669970478	2831.894112368991	5.575221199256475	bca	ok	0.95	2000	2000	11042	11042	974	query_pubchem_cid	direction,cell_type,time_key	direction	95% BCa bootstrap CI clustered by PubChem compound; uncertainty is over the observed compound panel, not broader chemical space.
cigs_mce	cigs_tcm	spearman	raw	0	all	retrieval_peer_sensitivity_dataset_pair	target_individual_sd_similarity	target_individual_sd_similarity	0.03575206759938486	0.03527935196570022	0.03635712656358814	0.0005388872989439582	bca	ok	0.95	2000	2000	11042	11042	974	query_pubchem_cid	direction,cell_type,time_key	direction	95% BCa bootstrap CI clustered by PubChem compound; uncertainty is over the observed compound panel, not broader chemical space.
cigs_mce	cigs_tcm	spearman	raw	0	all	retrieval_peer_sensitivity_dataset_pair	target_peer_normalized_rank	target_peer_normalized_rank	0.5013840515171677	0.5008458686776358	0.5021216439390662	0.0006378876307152059	bca	ok	0.95	2000	2000	11042	11042	974	query_pubchem_cid	direction,cell_type,time_key	direction	95% BCa bootstrap CI clustered by PubChem compound; uncertainty is over the observed compound panel, not broader chemical space.
l1000_phase1	cigs_mce	cosine	raw	0	all	retrieval_peer_sensitivity_dataset_pair	delta_vs_source_peer_normalized_rank	delta_vs_source_peer_normalized_rank	-0.10612322954666609	-0.18686668081071955	-0.0166424358783438	0.08511212246618788	bca	ok	0.95	2000	2000	855	855	124	query_pubchem_cid	direction,cell_type,time_key	direction	95% BCa bootstrap CI clustered by PubChem compound; uncertainty is over the observed compound panel, not broader chemical space.
l1000_phase1	cigs_mce	cosine	raw	0	all	retrieval_peer_sensitivity_dataset_pair	delta_vs_target_peer_normalized_rank	delta_vs_target_peer_normalized_rank	0.09267169001006202	0.023738587947209545	0.17427707578048027	0.07526924391663536	bca	ok	0.95	2000	2000	855	855	124	query_pubchem_cid	direction,cell_type,time_key	direction	95% BCa bootstrap CI clustered by PubChem compound; uncertainty is over the observed compound panel, not broader chemical space.
l1000_phase1	cigs_mce	cosine	raw	0	all	retrieval_peer_sensitivity_dataset_pair	source_individual_corrected_percentile	source_individual_corrected_percentile	0.3967078921884859	0.35062433170943397	0.5009922552695677	0.07518396178006687	bca	ok	0.95	2000	2000	855	855	124	query_pubchem_cid	direction,cell_type,time_key	direction	95% BCa bootstrap CI clustered by PubChem compound; uncertainty is over the observed compound panel, not broader chemical space.
l1000_phase1	cigs_mce	cosine	raw	0	all	retrieval_peer_sensitivity_dataset_pair	source_individual_fraction_below_observed	source_individual_fraction_below_observed	0.39435310081642105	0.3511229026478172	0.4890713961721496	0.06897424676216621	bca	ok	0.95	2000	2000	855	855	124	query_pubchem_cid	direction,cell_type,time_key	direction	95% BCa bootstrap CI clustered by PubChem compound; uncertainty is over the observed compound panel, not broader chemical space.
l1000_phase1	cigs_mce	cosine	raw	0	all	retrieval_peer_sensitivity_dataset_pair	source_individual_mean_similarity	source_individual_mean_similarity	0.1674360254831745	0.14565109084629232	0.18243233848914125	0.018390623821424465	bca	ok	0.95	2000	2000	855	855	124	query_pubchem_cid	direction,cell_type,time_key	direction	95% BCa bootstrap CI clustered by PubChem compound; uncertainty is over the observed compound panel, not broader chemical space.
l1000_phase1	cigs_mce	cosine	raw	0	all	retrieval_peer_sensitivity_dataset_pair	source_individual_n_peers	source_individual_n_peers	1600.9619885103812	1599.7873078144225	1601.2768549135826	0.7447735495800316	bca	ok	0.95	2000	2000	855	855	124	query_pubchem_cid	direction,cell_type,time_key	direction	95% BCa bootstrap CI clustered by PubChem compound; uncertainty is over the observed compound panel, not broader chemical space.
l1000_phase1	cigs_mce	cosine	raw	0	all	retrieval_peer_sensitivity_dataset_pair	source_individual_sd_similarity	source_individual_sd_similarity	0.1310625659682239	0.1220088665980492	0.14055233764682282	0.009271735524386808	bca	ok	0.95	2000	2000	855	855	124	query_pubchem_cid	direction,cell_type,time_key	direction	95% BCa bootstrap CI clustered by PubChem compound; uncertainty is over the observed compound panel, not broader chemical space.
l1000_phase1	cigs_mce	cosine	raw	0	all	retrieval_peer_sensitivity_dataset_pair	source_peer_normalized_rank	source_peer_normalized_rank	0.731719715822476	0.7138850537194094	0.7508488906257238	0.01848191845315722	bca	ok	0.95	2000	2000	855	855	124	query_pubchem_cid	direction,cell_type,time_key	direction	95% BCa bootstrap CI clustered by PubChem compound; uncertainty is over the observed compound panel, not broader chemical space.
l1000_phase1	cigs_mce	cosine	raw	0	all	retrieval_peer_sensitivity_dataset_pair	target_individual_corrected_percentile	target_individual_corrected_percentile	0.6015172790225183	0.5346471330618667	0.6812775688525118	0.07331521789532253	bca	ok	0.95	2000	2000	855	855	124	query_pubchem_cid	direction,cell_type,time_key	direction	95% BCa bootstrap CI clustered by PubChem compound; uncertainty is over the observed compound panel, not broader chemical space.
l1000_phase1	cigs_mce	cosine	raw	0	all	retrieval_peer_sensitivity_dataset_pair	target_individual_fraction_below_observed	target_individual_fraction_below_observed	0.6001783223899292	0.5313371386097622	0.676872187939976	0.07276752466510694	bca	ok	0.95	2000	2000	855	855	124	query_pubchem_cid	direction,cell_type,time_key	direction	95% BCa bootstrap CI clustered by PubChem compound; uncertainty is over the observed compound panel, not broader chemical space.
l1000_phase1	cigs_mce	cosine	raw	0	all	retrieval_peer_sensitivity_dataset_pair	target_individual_mean_similarity	target_individual_mean_similarity	0.033340294411044365	0.02781696834664042	0.0386993786407168	0.00544120514703819	bca	ok	0.95	2000	2000	855	855	124	query_pubchem_cid	direction,cell_type,time_key	direction	95% BCa bootstrap CI clustered by PubChem compound; uncertainty is over the observed compound panel, not broader chemical space.
l1000_phase1	cigs_mce	cosine	raw	0	all	retrieval_peer_sensitivity_dataset_pair	target_individual_n_peers	target_individual_n_peers	1601.086844170242	1600.1481477382117	1601.373397557584	0.6126249096861329	bca	ok	0.95	2000	2000	855	855	124	query_pubchem_cid	direction,cell_type,time_key	direction	95% BCa bootstrap CI clustered by PubChem compound; uncertainty is over the observed compound panel, not broader chemical space.
l1000_phase1	cigs_mce	cosine	raw	0	all	retrieval_peer_sensitivity_dataset_pair	target_individual_sd_similarity	target_individual_sd_similarity	0.0532835224421406	0.050397200368499546	0.05631337696105614	0.002958088296278298	bca	ok	0.95	2000	2000	855	855	124	query_pubchem_cid	direction,cell_type,time_key	direction	95% BCa bootstrap CI clustered by PubChem compound; uncertainty is over the observed compound panel, not broader chemical space.
l1000_phase1	cigs_mce	cosine	raw	0	all	retrieval_peer_sensitivity_dataset_pair	target_peer_normalized_rank	target_peer_normalized_rank	0.5329247962657481	0.5292742494907774	0.5362413241232104	0.0034835373162164784	bca	ok	0.95	2000	2000	855	855	124	query_pubchem_cid	direction,cell_type,time_key	direction	95% BCa bootstrap CI clustered by PubChem compound; uncertainty is over the observed compound panel, not broader chemical space.
l1000_phase1	cigs_mce	spearman	raw	0	all	retrieval_peer_sensitivity_dataset_pair	delta_vs_source_peer_normalized_rank	delta_vs_source_peer_normalized_rank	-0.11287868648854144	-0.18844446674021811	-0.030802766951810334	0.07882084989420389	bca	ok	0.95	2000	2000	855	855	124	query_pubchem_cid	direction,cell_type,time_key	direction	95% BCa bootstrap CI clustered by PubChem compound; uncertainty is over the observed compound panel, not broader chemical space.
l1000_phase1	cigs_mce	spearman	raw	0	all	retrieval_peer_sensitivity_dataset_pair	delta_vs_target_peer_normalized_rank	delta_vs_target_peer_normalized_rank	0.08661565779304838	0.016591040310498767	0.15910833843185268	0.07125864906067696	bca	ok	0.95	2000	2000	855	855	124	query_pubchem_cid	direction,cell_type,time_key	direction	95% BCa bootstrap CI clustered by PubChem compound; uncertainty is over the observed compound panel, not broader chemical space.
l1000_phase1	cigs_mce	spearman	raw	0	all	retrieval_peer_sensitivity_dataset_pair	source_individual_corrected_percentile	source_individual_corrected_percentile	0.3924763442029357	0.3411869675594275	0.472562611671805	0.06568782205618875	bca	ok	0.95	2000	2000	855	855	124	query_pubchem_cid	direction,cell_type,time_key	direction	95% BCa bootstrap CI clustered by PubChem compound; uncertainty is over the observed compound panel, not broader chemical space.
l1000_phase1	cigs_mce	spearman	raw	0	all	retrieval_peer_sensitivity_dataset_pair	source_individual_fraction_below_observed	source_individual_fraction_below_observed	0.39020129622043787	0.33727490415920613	0.4744448581569772	0.06858497699888552	bca	ok	0.95	2000	2000	855	855	124	query_pubchem_cid	direction,cell_type,time_key	direction	95% BCa bootstrap CI clustered by PubChem compound; uncertainty is over the observed compound panel, not broader chemical space.
l1000_phase1	cigs_mce	spearman	raw	0	all	retrieval_peer_sensitivity_dataset_pair	source_individual_mean_similarity	source_individual_mean_similarity	0.17094730827816002	0.1451553158546384	0.18699976539988258	0.020922224772622094	bca	ok	0.95	2000	2000	855	855	124	query_pubchem_cid	direction,cell_type,time_key	direction	95% BCa bootstrap CI clustered by PubChem compound; uncertainty is over the observed compound panel, not broader chemical space.
l1000_phase1	cigs_mce	spearman	raw	0	all	retrieval_peer_sensitivity_dataset_pair	source_individual_n_peers	source_individual_n_peers	1600.9619885103812	1600.0021930165813	1601.2767387064741	0.6372728449464375	bca	ok	0.95	2000	2000	855	855	124	query_pubchem_cid	direction,cell_type,time_key	direction	95% BCa bootstrap CI clustered by PubChem compound; uncertainty is over the observed compound panel, not broader chemical space.
l1000_phase1	cigs_mce	spearman	raw	0	all	retrieval_peer_sensitivity_dataset_pair	source_individual_sd_similarity	source_individual_sd_similarity	0.1362504038828325	0.12427572007486516	0.14663049727858782	0.011177388601861328	bca	ok	0.95	2000	2000	855	855	124	query_pubchem_cid	direction,cell_type,time_key	direction	95% BCa bootstrap CI clustered by PubChem compound; uncertainty is over the observed compound panel, not broader chemical space.
l1000_phase1	cigs_mce	spearman	raw	0	all	retrieval_peer_sensitivity_dataset_pair	source_peer_normalized_rank	source_peer_normalized_rank	0.7305836213271364	0.7067364593513918	0.7515651194430153	0.022414330045811726	bca	ok	0.95	2000	2000	855	855	124	query_pubchem_cid	direction,cell_type,time_key	direction	95% BCa bootstrap CI clustered by PubChem compound; uncertainty is over the observed compound panel, not broader chemical space.
l1000_phase1	cigs_mce	spearman	raw	0	all	retrieval_peer_sensitivity_dataset_pair	target_individual_corrected_percentile	target_individual_corrected_percentile	0.5953576052783118	0.5287328680559584	0.6785353632795431	0.07490124761179234	bca	ok	0.95	2000	2000	855	855	124	query_pubchem_cid	direction,cell_type,time_key	direction	95% BCa bootstrap CI clustered by PubChem compound; uncertainty is over the observed compound panel, not broader chemical space.
l1000_phase1	cigs_mce	spearman	raw	0	all	retrieval_peer_sensitivity_dataset_pair	target_individual_fraction_below_observed	target_individual_fraction_below_observed	0.5939200729438188	0.5274987000053271	0.6737657719675367	0.07313353598110484	bca	ok	0.95	2000	2000	855	855	124	query_pubchem_cid	direction,cell_type,time_key	direction	95% BCa bootstrap CI clustered by PubChem compound; uncertainty is over the observed compound panel, not broader chemical space.
l1000_phase1	cigs_mce	spearman	raw	0	all	retrieval_peer_sensitivity_dataset_pair	target_individual_mean_similarity	target_individual_mean_similarity	0.0272997371783801	0.022241241079229538	0.03203581040990834	0.004897284665339402	bca	ok	0.95	2000	2000	855	855	124	query_pubchem_cid	direction,cell_type,time_key	direction	95% BCa bootstrap CI clustered by PubChem compound; uncertainty is over the observed compound panel, not broader chemical space.
l1000_phase1	cigs_mce	spearman	raw	0	all	retrieval_peer_sensitivity_dataset_pair	target_individual_n_peers	target_individual_n_peers	1601.086844170242	1600.0895976756078	1601.3638952613837	0.637148792887956	bca	ok	0.95	2000	2000	855	855	124	query_pubchem_cid	direction,cell_type,time_key	direction	95% BCa bootstrap CI clustered by PubChem compound; uncertainty is over the observed compound panel, not broader chemical space.
l1000_phase1	cigs_mce	spearman	raw	0	all	retrieval_peer_sensitivity_dataset_pair	target_individual_sd_similarity	target_individual_sd_similarity	0.051296219912566374	0.048662789052685416	0.054146011244698485	0.002741611096006534	bca	ok	0.95	2000	2000	855	855	124	query_pubchem_cid	direction,cell_type,time_key	direction	95% BCa bootstrap CI clustered by PubChem compound; uncertainty is over the observed compound panel, not broader chemical space.
l1000_phase1	cigs_mce	spearman	raw	0	all	retrieval_peer_sensitivity_dataset_pair	target_peer_normalized_rank	target_peer_normalized_rank	0.5310892770455465	0.5276560699579047	0.5341903118196079	0.0032671209308515747	bca	ok	0.95	2000	2000	855	855	124	query_pubchem_cid	direction,cell_type,time_key	direction	95% BCa bootstrap CI clustered by PubChem compound; uncertainty is over the observed compound panel, not broader chemical space.
l1000_phase1	l1000_phase2	cosine	raw	0	all	retrieval_peer_sensitivity_dataset_pair	delta_vs_source_peer_normalized_rank	delta_vs_source_peer_normalized_rank	0.116802830662805	0.06730697722183383	0.1745061059200996	0.053599564349132885	bca	ok	0.95	2000	2000	21857	21576	257	query_pubchem_cid	direction,cell_type,time_key	direction	95% BCa bootstrap CI clustered by PubChem compound; uncertainty is over the observed compound panel, not broader chemical space.
l1000_phase1	l1000_phase2	cosine	raw	0	all	retrieval_peer_sensitivity_dataset_pair	delta_vs_target_peer_normalized_rank	delta_vs_target_peer_normalized_rank	0.21939252946818222	0.17841146733622232	0.2721982719515994	0.04689340230768854	bca	ok	0.95	2000	2000	21857	21442	257	query_pubchem_cid	direction,cell_type,time_key	direction	95% BCa bootstrap CI clustered by PubChem compound; uncertainty is over the observed compound panel, not broader chemical space.
l1000_phase1	l1000_phase2	cosine	raw	0	all	retrieval_peer_sensitivity_dataset_pair	source_individual_corrected_percentile	source_individual_corrected_percentile	0.638054832462064	0.5873811463396692	0.7072960269090877	0.05995744028470923	bca	ok	0.95	2000	2000	21857	21576	257	query_pubchem_cid	direction,cell_type,time_key	direction	95% BCa bootstrap CI clustered by PubChem compound; uncertainty is over the observed compound panel, not broader chemical space.
l1000_phase1	l1000_phase2	cosine	raw	0	all	retrieval_peer_sensitivity_dataset_pair	source_individual_fraction_below_observed	source_individual_fraction_below_observed	0.6298712428668467	0.5772052946698625	0.7019185388535669	0.06235662209185222	bca	ok	0.95	2000	2000	21857	21576	257	query_pubchem_cid	direction,cell_type,time_key	direction	95% BCa bootstrap CI clustered by PubChem compound; uncertainty is over the observed compound panel, not broader chemical space.
l1000_phase1	l1000_phase2	cosine	raw	0	all	retrieval_peer_sensitivity_dataset_pair	source_individual_mean_similarity	source_individual_mean_similarity	0.13205582480064015	0.12443786219745269	0.14108687971893513	0.008324508760741221	bca	ok	0.95	2000	2000	21857	21576	257	query_pubchem_cid	direction,cell_type,time_key	direction	95% BCa bootstrap CI clustered by PubChem compound; uncertainty is over the observed compound panel, not broader chemical space.
l1000_phase1	l1000_phase2	cosine	raw	0	all	retrieval_peer_sensitivity_dataset_pair	source_individual_n_peers	source_individual_n_peers	228.03093011686656	215.83497265420326	238.0734423118242	11.119234828810477	bca	ok	0.95	2000	2000	21857	21857	257	query_pubchem_cid	direction,cell_type,time_key	direction	95% BCa bootstrap CI clustered by PubChem compound; uncertainty is over the observed compound panel, not broader chemical space.
l1000_phase1	l1000_phase2	cosine	raw	0	all	retrieval_peer_sensitivity_dataset_pair	source_individual_sd_similarity	source_individual_sd_similarity	0.1397577921381512	0.134447181136444	0.1453200166712807	0.00543641776741835	bca	ok	0.95	2000	2000	21857	21573	257	query_pubchem_cid	direction,cell_type,time_key	direction	95% BCa bootstrap CI clustered by PubChem compound; uncertainty is over the observed compound panel, not broader chemical space.
l1000_phase1	l1000_phase2	cosine	raw	0	all	retrieval_peer_sensitivity_dataset_pair	source_peer_normalized_rank	source_peer_normalized_rank	0.6307438598461578	0.6198278375893285	0.6465086410815085	0.013340401746090025	bca	ok	0.95	2000	2000	21857	21576	257	query_pubchem_cid	direction,cell_type,time_key	direction	95% BCa bootstrap CI clustered by PubChem compound; uncertainty is over the observed compound panel, not broader chemical space.
l1000_phase1	l1000_phase2	cosine	raw	0	all	retrieval_peer_sensitivity_dataset_pair	target_individual_corrected_percentile	target_individual_corrected_percentile	0.7459054891360608	0.7055627130280562	0.7923042495742103	0.043370768273077065	bca	ok	0.95	2000	2000	21857	21442	257	query_pubchem_cid	direction,cell_type,time_key	direction	95% BCa bootstrap CI clustered by PubChem compound; uncertainty is over the observed compound panel, not broader chemical space.
l1000_phase1	l1000_phase2	cosine	raw	0	all	retrieval_peer_sensitivity_dataset_pair	target_individual_fraction_below_observed	target_individual_fraction_below_observed	0.7408832589415715	0.6994360097518239	0.7891417746033561	0.04485288242576613	bca	ok	0.95	2000	2000	21857	21442	257	query_pubchem_cid	direction,cell_type,time_key	direction	95% BCa bootstrap CI clustered by PubChem compound; uncertainty is over the observed compound panel, not broader chemical space.
l1000_phase1	l1000_phase2	cosine	raw	0	all	retrieval_peer_sensitivity_dataset_pair	target_individual_mean_similarity	target_individual_mean_similarity	0.06836099863018195	0.058992544873286354	0.07942244447087703	0.010214949798795336	bca	ok	0.95	2000	2000	21857	21442	257	query_pubchem_cid	direction,cell_type,time_key	direction	95% BCa bootstrap CI clustered by PubChem compound; uncertainty is over the observed compound panel, not broader chemical space.
l1000_phase1	l1000_phase2	cosine	raw	0	all	retrieval_peer_sensitivity_dataset_pair	target_individual_n_peers	target_individual_n_peers	221.5625852702036	209.06621957199482	231.8051535215138	11.36946697475949	bca	ok	0.95	2000	2000	21857	21857	257	query_pubchem_cid	direction,cell_type,time_key	direction	95% BCa bootstrap CI clustered by PubChem compound; uncertainty is over the observed compound panel, not broader chemical space.
l1000_phase1	l1000_phase2	cosine	raw	0	all	retrieval_peer_sensitivity_dataset_pair	target_individual_sd_similarity	target_individual_sd_similarity	0.11257301609514597	0.1067237524587125	0.11872100388241907	0.005998625711853285	bca	ok	0.95	2000	2000	21857	21438	257	query_pubchem_cid	direction,cell_type,time_key	direction	95% BCa bootstrap CI clustered by PubChem compound; uncertainty is over the observed compound panel, not broader chemical space.
l1000_phase1	l1000_phase2	cosine	raw	0	all	retrieval_peer_sensitivity_dataset_pair	target_peer_normalized_rank	target_peer_normalized_rank	0.5256603213110826	0.5172103930272296	0.5343540293967716	0.008571818184770985	bca	ok	0.95	2000	2000	21857	21442	257	query_pubchem_cid	direction,cell_type,time_key	direction	95% BCa bootstrap CI clustered by PubChem compound; uncertainty is over the observed compound panel, not broader chemical space.
l1000_phase1	l1000_phase2	spearman	raw	0	all	retrieval_peer_sensitivity_dataset_pair	delta_vs_source_peer_normalized_rank	delta_vs_source_peer_normalized_rank	0.12327942502032993	0.07480410647285439	0.1833435953914604	0.054269744459303	bca	ok	0.95	2000	2000	21857	21576	257	query_pubchem_cid	direction,cell_type,time_key	direction	95% BCa bootstrap CI clustered by PubChem compound; uncertainty is over the observed compound panel, not broader chemical space.
l1000_phase1	l1000_phase2	spearman	raw	0	all	retrieval_peer_sensitivity_dataset_pair	delta_vs_target_peer_normalized_rank	delta_vs_target_peer_normalized_rank	0.23152726964048642	0.1923956853988109	0.2738457179521217	0.040725016276655396	bca	ok	0.95	2000	2000	21857	21442	257	query_pubchem_cid	direction,cell_type,time_key	direction	95% BCa bootstrap CI clustered by PubChem compound; uncertainty is over the observed compound panel, not broader chemical space.
l1000_phase1	l1000_phase2	spearman	raw	0	all	retrieval_peer_sensitivity_dataset_pair	source_individual_corrected_percentile	source_individual_corrected_percentile	0.635889860920509	0.586492806100341	0.7092541274245252	0.06138066066209208	bca	ok	0.95	2000	2000	21857	21576	257	query_pubchem_cid	direction,cell_type,time_key	direction	95% BCa bootstrap CI clustered by PubChem compound; uncertainty is over the observed compound panel, not broader chemical space.
l1000_phase1	l1000_phase2	spearman	raw	0	all	retrieval_peer_sensitivity_dataset_pair	source_individual_fraction_below_observed	source_individual_fraction_below_observed	0.6276154359842733	0.576961126862971	0.7037923116141687	0.06341559237559885	bca	ok	0.95	2000	2000	21857	21576	257	query_pubchem_cid	direction,cell_type,time_key	direction	95% BCa bootstrap CI clustered by PubChem compound; uncertainty is over the observed compound panel, not broader chemical space.
l1000_phase1	l1000_phase2	spearman	raw	0	all	retrieval_peer_sensitivity_dataset_pair	source_individual_mean_similarity	source_individual_mean_similarity	0.1352746853617652	0.12753591317272944	0.14190008155501954	0.0071820841911450495	bca	ok	0.95	2000	2000	21857	21576	257	query_pubchem_cid	direction,cell_type,time_key	direction	95% BCa bootstrap CI clustered by PubChem compound; uncertainty is over the observed compound panel, not broader chemical space.
l1000_phase1	l1000_phase2	spearman	raw	0	all	retrieval_peer_sensitivity_dataset_pair	source_individual_n_peers	source_individual_n_peers	228.03093011686656	216.4203804402321	237.64269791871266	10.611158739240281	bca	ok	0.95	2000	2000	21857	21857	257	query_pubchem_cid	direction,cell_type,time_key	direction	95% BCa bootstrap CI clustered by PubChem compound; uncertainty is over the observed compound panel, not broader chemical space.
l1000_phase1	l1000_phase2	spearman	raw	0	all	retrieval_peer_sensitivity_dataset_pair	source_individual_sd_similarity	source_individual_sd_similarity	0.14712904470563679	0.14202397554558685	0.15176234287972978	0.004869183667071467	bca	ok	0.95	2000	2000	21857	21573	257	query_pubchem_cid	direction,cell_type,time_key	direction	95% BCa bootstrap CI clustered by PubChem compound; uncertainty is over the observed compound panel, not broader chemical space.
l1000_phase1	l1000_phase2	spearman	raw	0	all	retrieval_peer_sensitivity_dataset_pair	source_peer_normalized_rank	source_peer_normalized_rank	0.6371849836373322	0.6225845162126193	0.6542338292208856	0.015824656504133117	bca	ok	0.95	2000	2000	21857	21576	257	query_pubchem_cid	direction,cell_type,time_key	direction	95% BCa bootstrap CI clustered by PubChem compound; uncertainty is over the observed compound panel, not broader chemical space.
l1000_phase1	l1000_phase2	spearman	raw	0	all	retrieval_peer_sensitivity_dataset_pair	target_individual_corrected_percentile	target_individual_corrected_percentile	0.7563814997782299	0.7156616247610231	0.8031834241667177	0.0437608997028473	bca	ok	0.95	2000	2000	21857	21442	257	query_pubchem_cid	direction,cell_type,time_key	direction	95% BCa bootstrap CI clustered by PubChem compound; uncertainty is over the observed compound panel, not broader chemical space.
l1000_phase1	l1000_phase2	spearman	raw	0	all	retrieval_peer_sensitivity_dataset_pair	target_individual_fraction_below_observed	target_individual_fraction_below_observed	0.751747195777965	0.7137898150089913	0.7964964068534421	0.04135329592222542	bca	ok	0.95	2000	2000	21857	21442	257	query_pubchem_cid	direction,cell_type,time_key	direction	95% BCa bootstrap CI clustered by PubChem compound; uncertainty is over the observed compound panel, not broader chemical space.
l1000_phase1	l1000_phase2	spearman	raw	0	all	retrieval_peer_sensitivity_dataset_pair	target_individual_mean_similarity	target_individual_mean_similarity	0.06890607256419584	0.05951599806234643	0.07926799766861826	0.009875999803135919	bca	ok	0.95	2000	2000	21857	21442	257	query_pubchem_cid	direction,cell_type,time_key	direction	95% BCa bootstrap CI clustered by PubChem compound; uncertainty is over the observed compound panel, not broader chemical space.
l1000_phase1	l1000_phase2	spearman	raw	0	all	retrieval_peer_sensitivity_dataset_pair	target_individual_n_peers	target_individual_n_peers	221.5625852702036	210.44048693124452	231.8535764428612	10.706544755808338	bca	ok	0.95	2000	2000	21857	21857	257	query_pubchem_cid	direction,cell_type,time_key	direction	95% BCa bootstrap CI clustered by PubChem compound; uncertainty is over the observed compound panel, not broader chemical space.
l1000_phase1	l1000_phase2	spearman	raw	0	all	retrieval_peer_sensitivity_dataset_pair	target_individual_sd_similarity	target_individual_sd_similarity	0.12020973792151524	0.11507847549070749	0.12581704278445727	0.0053692836468748895	bca	ok	0.95	2000	2000	21857	21438	257	query_pubchem_cid	direction,cell_type,time_key	direction	95% BCa bootstrap CI clustered by PubChem compound; uncertainty is over the observed compound panel, not broader chemical space.
l1000_phase1	l1000_phase2	spearman	raw	0	all	retrieval_peer_sensitivity_dataset_pair	target_peer_normalized_rank	target_peer_normalized_rank	0.5263371464675703	0.5185487473528179	0.53294804259457	0.0071996476208760485	bca	ok	0.95	2000	2000	21857	21442	257	query_pubchem_cid	direction,cell_type,time_key	direction	95% BCa bootstrap CI clustered by PubChem compound; uncertainty is over the observed compound panel, not broader chemical space.
l1000_phase1	sciplex	cosine	raw	0	all	retrieval_peer_sensitivity_dataset_pair	delta_vs_source_peer_normalized_rank	delta_vs_source_peer_normalized_rank	-0.018567386175849698	-0.06405324847085576	0.026530558929793602	0.04529190370032468	bca	ok	0.95	2000	2000	1897	1876	90	query_pubchem_cid	direction,cell_type,time_key	direction	95% BCa bootstrap CI clustered by PubChem compound; uncertainty is over the observed compound panel, not broader chemical space.
l1000_phase1	sciplex	cosine	raw	0	all	retrieval_peer_sensitivity_dataset_pair	delta_vs_target_peer_normalized_rank	delta_vs_target_peer_normalized_rank	0.12316824001020965	0.06978049457262302	0.16530824916780054	0.04776387729758876	bca	ok	0.95	2000	2000	1897	1887	90	query_pubchem_cid	direction,cell_type,time_key	direction	95% BCa bootstrap CI clustered by PubChem compound; uncertainty is over the observed compound panel, not broader chemical space.
l1000_phase1	sciplex	cosine	raw	0	all	retrieval_peer_sensitivity_dataset_pair	source_individual_corrected_percentile	source_individual_corrected_percentile	0.46827703246652413	0.43560186227647657	0.5179925001077967	0.041195318915660084	bca	ok	0.95	2000	2000	1897	1876	90	query_pubchem_cid	direction,cell_type,time_key	direction	95% BCa bootstrap CI clustered by PubChem compound; uncertainty is over the observed compound panel, not broader chemical space.
l1000_phase1	sciplex	cosine	raw	0	all	retrieval_peer_sensitivity_dataset_pair	source_individual_fraction_below_observed	source_individual_fraction_below_observed	0.46213015319576833	0.4257113545090541	0.5104837964562018	0.042386220973573835	bca	ok	0.95	2000	2000	1897	1876	90	query_pubchem_cid	direction,cell_type,time_key	direction	95% BCa bootstrap CI clustered by PubChem compound; uncertainty is over the observed compound panel, not broader chemical space.
l1000_phase1	sciplex	cosine	raw	0	all	retrieval_peer_sensitivity_dataset_pair	source_individual_mean_similarity	source_individual_mean_similarity	0.10083971483436352	0.08932511054162166	0.11251493285660688	0.011594911157492609	bca	ok	0.95	2000	2000	1897	1876	90	query_pubchem_cid	direction,cell_type,time_key	direction	95% BCa bootstrap CI clustered by PubChem compound; uncertainty is over the observed compound panel, not broader chemical space.
l1000_phase1	sciplex	cosine	raw	0	all	retrieval_peer_sensitivity_dataset_pair	source_individual_n_peers	source_individual_n_peers	580.0352668113383	526.6552749268878	620.6091498756404	46.97693747437626	bca	ok	0.95	2000	2000	1897	1897	90	query_pubchem_cid	direction,cell_type,time_key	direction	95% BCa bootstrap CI clustered by PubChem compound; uncertainty is over the observed compound panel, not broader chemical space.
l1000_phase1	sciplex	cosine	raw	0	all	retrieval_peer_sensitivity_dataset_pair	source_individual_sd_similarity	source_individual_sd_similarity	0.12264539874886167	0.11502736171712906	0.13316345136329677	0.009068044823083855	bca	ok	0.95	2000	2000	1897	1876	90	query_pubchem_cid	direction,cell_type,time_key	direction	95% BCa bootstrap CI clustered by PubChem compound; uncertainty is over the observed compound panel, not broader chemical space.
l1000_phase1	sciplex	cosine	raw	0	all	retrieval_peer_sensitivity_dataset_pair	source_peer_normalized_rank	source_peer_normalized_rank	0.6632987521817987	0.6462073076694788	0.6749331948901813	0.014362943610351286	bca	ok	0.95	2000	2000	1897	1876	90	query_pubchem_cid	direction,cell_type,time_key	direction	95% BCa bootstrap CI clustered by PubChem compound; uncertainty is over the observed compound panel, not broader chemical space.
l1000_phase1	sciplex	cosine	raw	0	all	retrieval_peer_sensitivity_dataset_pair	target_individual_corrected_percentile	target_individual_corrected_percentile	0.6401722633551045	0.5896663131262561	0.6874046834077706	0.048869185140757276	bca	ok	0.95	2000	2000	1897	1887	90	query_pubchem_cid	direction,cell_type,time_key	direction	95% BCa bootstrap CI clustered by PubChem compound; uncertainty is over the observed compound panel, not broader chemical space.
l1000_phase1	sciplex	cosine	raw	0	all	retrieval_peer_sensitivity_dataset_pair	target_individual_fraction_below_observed	target_individual_fraction_below_observed	0.6355248170642938	0.5846843145245536	0.6819945290835004	0.04865510727947342	bca	ok	0.95	2000	2000	1897	1887	90	query_pubchem_cid	direction,cell_type,time_key	direction	95% BCa bootstrap CI clustered by PubChem compound; uncertainty is over the observed compound panel, not broader chemical space.
l1000_phase1	sciplex	cosine	raw	0	all	retrieval_peer_sensitivity_dataset_pair	target_individual_mean_similarity	target_individual_mean_similarity	0.037799319334946874	0.030752470369935662	0.0449487977005778	0.00709816366532107	bca	ok	0.95	2000	2000	1897	1887	90	query_pubchem_cid	direction,cell_type,time_key	direction	95% BCa bootstrap CI clustered by PubChem compound; uncertainty is over the observed compound panel, not broader chemical space.
l1000_phase1	sciplex	cosine	raw	0	all	retrieval_peer_sensitivity_dataset_pair	target_individual_n_peers	target_individual_n_peers	489.1751492803688	442.74445965061955	537.1491532660513	47.202346807715855	bca	ok	0.95	2000	2000	1897	1897	90	query_pubchem_cid	direction,cell_type,time_key	direction	95% BCa bootstrap CI clustered by PubChem compound; uncertainty is over the observed compound panel, not broader chemical space.
l1000_phase1	sciplex	cosine	raw	0	all	retrieval_peer_sensitivity_dataset_pair	target_individual_sd_similarity	target_individual_sd_similarity	0.0626179112559459	0.05619631680350941	0.07173721595435663	0.00777044957542361	bca	ok	0.95	2000	2000	1897	1887	90	query_pubchem_cid	direction,cell_type,time_key	direction	95% BCa bootstrap CI clustered by PubChem compound; uncertainty is over the observed compound panel, not broader chemical space.
l1000_phase1	sciplex	cosine	raw	0	all	retrieval_peer_sensitivity_dataset_pair	target_peer_normalized_rank	target_peer_normalized_rank	0.5220438468162494	0.5166578046059261	0.5268811099183179	0.0051116526561958975	bca	ok	0.95	2000	2000	1897	1887	90	query_pubchem_cid	direction,cell_type,time_key	direction	95% BCa bootstrap CI clustered by PubChem compound; uncertainty is over the observed compound panel, not broader chemical space.
l1000_phase1	sciplex	spearman	raw	0	all	retrieval_peer_sensitivity_dataset_pair	delta_vs_source_peer_normalized_rank	delta_vs_source_peer_normalized_rank	-0.02430641245062966	-0.06825808211716705	0.02150397323744745	0.04488102767730725	bca	ok	0.95	2000	2000	1897	1876	90	query_pubchem_cid	direction,cell_type,time_key	direction	95% BCa bootstrap CI clustered by PubChem compound; uncertainty is over the observed compound panel, not broader chemical space.
l1000_phase1	sciplex	spearman	raw	0	all	retrieval_peer_sensitivity_dataset_pair	delta_vs_target_peer_normalized_rank	delta_vs_target_peer_normalized_rank	0.1324486649865782	0.07604673800012744	0.174953483296864	0.04945337264836828	bca	ok	0.95	2000	2000	1897	1887	90	query_pubchem_cid	direction,cell_type,time_key	direction	95% BCa bootstrap CI clustered by PubChem compound; uncertainty is over the observed compound panel, not broader chemical space.
l1000_phase1	sciplex	spearman	raw	0	all	retrieval_peer_sensitivity_dataset_pair	source_individual_corrected_percentile	source_individual_corrected_percentile	0.4539296078400663	0.4145471019007024	0.5027251562641583	0.04408902718172794	bca	ok	0.95	2000	2000	1897	1876	90	query_pubchem_cid	direction,cell_type,time_key	direction	95% BCa bootstrap CI clustered by PubChem compound; uncertainty is over the observed compound panel, not broader chemical space.
l1000_phase1	sciplex	spearman	raw	0	all	retrieval_peer_sensitivity_dataset_pair	source_individual_fraction_below_observed	source_individual_fraction_below_observed	0.44781301317528227	0.41067933555279884	0.4989331381495278	0.04412690129836447	bca	ok	0.95	2000	2000	1897	1876	90	query_pubchem_cid	direction,cell_type,time_key	direction	95% BCa bootstrap CI clustered by PubChem compound; uncertainty is over the observed compound panel, not broader chemical space.
l1000_phase1	sciplex	spearman	raw	0	all	retrieval_peer_sensitivity_dataset_pair	source_individual_mean_similarity	source_individual_mean_similarity	0.10072603208136621	0.0885999174493734	0.11228069956653502	0.011840391058580813	bca	ok	0.95	2000	2000	1897	1876	90	query_pubchem_cid	direction,cell_type,time_key	direction	95% BCa bootstrap CI clustered by PubChem compound; uncertainty is over the observed compound panel, not broader chemical space.
l1000_phase1	sciplex	spearman	raw	0	all	retrieval_peer_sensitivity_dataset_pair	source_individual_n_peers	source_individual_n_peers	580.0352668113383	529.5549468650771	621.6769228349549	46.06098798493889	bca	ok	0.95	2000	2000	1897	1897	90	query_pubchem_cid	direction,cell_type,time_key	direction	95% BCa bootstrap CI clustered by PubChem compound; uncertainty is over the observed compound panel, not broader chemical space.
l1000_phase1	sciplex	spearman	raw	0	all	retrieval_peer_sensitivity_dataset_pair	source_individual_sd_similarity	source_individual_sd_similarity	0.11933445133957951	0.11235161976971766	0.13019280891348184	0.008920594571882087	bca	ok	0.95	2000	2000	1897	1876	90	query_pubchem_cid	direction,cell_type,time_key	direction	95% BCa bootstrap CI clustered by PubChem compound; uncertainty is over the observed compound panel, not broader chemical space.
l1000_phase1	sciplex	spearman	raw	0	all	retrieval_peer_sensitivity_dataset_pair	source_peer_normalized_rank	source_peer_normalized_rank	0.6745727808495667	0.6572285078613785	0.6878199527079091	0.015295722423265268	bca	ok	0.95	2000	2000	1897	1876	90	query_pubchem_cid	direction,cell_type,time_key	direction	95% BCa bootstrap CI clustered by PubChem compound; uncertainty is over the observed compound panel, not broader chemical space.
l1000_phase1	sciplex	spearman	raw	0	all	retrieval_peer_sensitivity_dataset_pair	target_individual_corrected_percentile	target_individual_corrected_percentile	0.6477741407177116	0.5972176568381277	0.6957568739999002	0.04926960858088625	bca	ok	0.95	2000	2000	1897	1887	90	query_pubchem_cid	direction,cell_type,time_key	direction	95% BCa bootstrap CI clustered by PubChem compound; uncertainty is over the observed compound panel, not broader chemical space.
l1000_phase1	sciplex	spearman	raw	0	all	retrieval_peer_sensitivity_dataset_pair	target_individual_fraction_below_observed	target_individual_fraction_below_observed	0.6429561015386129	0.5921967678071961	0.6925945893843689	0.050198910788586404	bca	ok	0.95	2000	2000	1897	1887	90	query_pubchem_cid	direction,cell_type,time_key	direction	95% BCa bootstrap CI clustered by PubChem compound; uncertainty is over the observed compound panel, not broader chemical space.
l1000_phase1	sciplex	spearman	raw	0	all	retrieval_peer_sensitivity_dataset_pair	target_individual_mean_similarity	target_individual_mean_similarity	0.033015498687966605	0.027240003791061587	0.039728165581419686	0.00624408089517905	bca	ok	0.95	2000	2000	1897	1887	90	query_pubchem_cid	direction,cell_type,time_key	direction	95% BCa bootstrap CI clustered by PubChem compound; uncertainty is over the observed compound panel, not broader chemical space.
l1000_phase1	sciplex	spearman	raw	0	all	retrieval_peer_sensitivity_dataset_pair	target_individual_n_peers	target_individual_n_peers	489.1751492803688	440.67876027016234	540.3438538205941	49.83254677521586	bca	ok	0.95	2000	2000	1897	1897	90	query_pubchem_cid	direction,cell_type,time_key	direction	95% BCa bootstrap CI clustered by PubChem compound; uncertainty is over the observed compound panel, not broader chemical space.
l1000_phase1	sciplex	spearman	raw	0	all	retrieval_peer_sensitivity_dataset_pair	target_individual_sd_similarity	target_individual_sd_similarity	0.05885455325331975	0.05227652614435136	0.0684687514951233	0.008096112675385968	bca	ok	0.95	2000	2000	1897	1887	90	query_pubchem_cid	direction,cell_type,time_key	direction	95% BCa bootstrap CI clustered by PubChem compound; uncertainty is over the observed compound panel, not broader chemical space.
l1000_phase1	sciplex	spearman	raw	0	all	retrieval_peer_sensitivity_dataset_pair	target_peer_normalized_rank	target_peer_normalized_rank	0.5177262983668975	0.510873998994007	0.5236077309095423	0.006366865957767642	bca	ok	0.95	2000	2000	1897	1887	90	query_pubchem_cid	direction,cell_type,time_key	direction	95% BCa bootstrap CI clustered by PubChem compound; uncertainty is over the observed compound panel, not broader chemical space.
l1000_phase1	tahoe	cosine	raw	0	all	retrieval_peer_sensitivity_dataset_pair	delta_vs_source_peer_normalized_rank	delta_vs_source_peer_normalized_rank	-0.12950178311572258	-0.20372685438005528	-0.05891594838721098	0.07240545299642215	bca	ok	0.95	2000	2000	692	675	86	query_pubchem_cid	direction,cell_type,time_key	direction	95% BCa bootstrap CI clustered by PubChem compound; uncertainty is over the observed compound panel, not broader chemical space.
l1000_phase1	tahoe	cosine	raw	0	all	retrieval_peer_sensitivity_dataset_pair	delta_vs_target_peer_normalized_rank	delta_vs_target_peer_normalized_rank	0.1191982378838138	0.041789991965224774	0.1933998755728649	0.07580494180382005	bca	ok	0.95	2000	2000	692	687	86	query_pubchem_cid	direction,cell_type,time_key	direction	95% BCa bootstrap CI clustered by PubChem compound; uncertainty is over the observed compound panel, not broader chemical space.
l1000_phase1	tahoe	cosine	raw	0	all	retrieval_peer_sensitivity_dataset_pair	source_individual_corrected_percentile	source_individual_corrected_percentile	0.36439823837119634	0.3018165197079398	0.4643854758439266	0.08128447806799338	bca	ok	0.95	2000	2000	692	675	86	query_pubchem_cid	direction,cell_type,time_key	direction	95% BCa bootstrap CI clustered by PubChem compound; uncertainty is over the observed compound panel, not broader chemical space.
l1000_phase1	tahoe	cosine	raw	0	all	retrieval_peer_sensitivity_dataset_pair	source_individual_fraction_below_observed	source_individual_fraction_below_observed	0.34998772398425837	0.29025216455368136	0.4471470441388641	0.07844743979259136	bca	ok	0.95	2000	2000	692	675	86	query_pubchem_cid	direction,cell_type,time_key	direction	95% BCa bootstrap CI clustered by PubChem compound; uncertainty is over the observed compound panel, not broader chemical space.
l1000_phase1	tahoe	cosine	raw	0	all	retrieval_peer_sensitivity_dataset_pair	source_individual_mean_similarity	source_individual_mean_similarity	0.12353657200568197	0.11164200358888823	0.1349861405601041	0.011672068485607937	bca	ok	0.95	2000	2000	692	675	86	query_pubchem_cid	direction,cell_type,time_key	direction	95% BCa bootstrap CI clustered by PubChem compound; uncertainty is over the observed compound panel, not broader chemical space.
l1000_phase1	tahoe	cosine	raw	0	all	retrieval_peer_sensitivity_dataset_pair	source_individual_n_peers	source_individual_n_peers	254.5253987074502	221.8062873682486	274.27276146905723	26.233237050404313	bca	ok	0.95	2000	2000	692	692	86	query_pubchem_cid	direction,cell_type,time_key	direction	95% BCa bootstrap CI clustered by PubChem compound; uncertainty is over the observed compound panel, not broader chemical space.
l1000_phase1	tahoe	cosine	raw	0	all	retrieval_peer_sensitivity_dataset_pair	source_individual_sd_similarity	source_individual_sd_similarity	0.12846986915348352	0.11933430643782209	0.13794932996795883	0.009307511765068374	bca	ok	0.95	2000	2000	692	675	86	query_pubchem_cid	direction,cell_type,time_key	direction	95% BCa bootstrap CI clustered by PubChem compound; uncertainty is over the observed compound panel, not broader chemical space.
l1000_phase1	tahoe	cosine	raw	0	all	retrieval_peer_sensitivity_dataset_pair	source_peer_normalized_rank	source_peer_normalized_rank	0.7670363074969726	0.7355959519313364	0.7898451773993079	0.027124612733985753	bca	ok	0.95	2000	2000	692	675	86	query_pubchem_cid	direction,cell_type,time_key	direction	95% BCa bootstrap CI clustered by PubChem compound; uncertainty is over the observed compound panel, not broader chemical space.
l1000_phase1	tahoe	cosine	raw	0	all	retrieval_peer_sensitivity_dataset_pair	target_individual_corrected_percentile	target_individual_corrected_percentile	0.6406459787709213	0.5621037007262181	0.7244039584898443	0.08115012888181311	bca	ok	0.95	2000	2000	692	687	86	query_pubchem_cid	direction,cell_type,time_key	direction	95% BCa bootstrap CI clustered by PubChem compound; uncertainty is over the observed compound panel, not broader chemical space.
l1000_phase1	tahoe	cosine	raw	0	all	retrieval_peer_sensitivity_dataset_pair	target_individual_fraction_below_observed	target_individual_fraction_below_observed	0.6343817842253126	0.5588538750428275	0.7254445153179686	0.08329532013757057	bca	ok	0.95	2000	2000	692	687	86	query_pubchem_cid	direction,cell_type,time_key	direction	95% BCa bootstrap CI clustered by PubChem compound; uncertainty is over the observed compound panel, not broader chemical space.
l1000_phase1	tahoe	cosine	raw	0	all	retrieval_peer_sensitivity_dataset_pair	target_individual_mean_similarity	target_individual_mean_similarity	0.00652135924934811	0.002204201417147267	0.010533914368623859	0.004164856475738296	bca	ok	0.95	2000	2000	692	687	86	query_pubchem_cid	direction,cell_type,time_key	direction	95% BCa bootstrap CI clustered by PubChem compound; uncertainty is over the observed compound panel, not broader chemical space.
l1000_phase1	tahoe	cosine	raw	0	all	retrieval_peer_sensitivity_dataset_pair	target_individual_n_peers	target_individual_n_peers	252.84893210436925	223.6279788146589	275.4638557660507	25.917938475695905	bca	ok	0.95	2000	2000	692	692	86	query_pubchem_cid	direction,cell_type,time_key	direction	95% BCa bootstrap CI clustered by PubChem compound; uncertainty is over the observed compound panel, not broader chemical space.
l1000_phase1	tahoe	cosine	raw	0	all	retrieval_peer_sensitivity_dataset_pair	target_individual_sd_similarity	target_individual_sd_similarity	0.05196805674115559	0.049067571967509924	0.05520918482584263	0.003070806429166354	bca	ok	0.95	2000	2000	692	687	86	query_pubchem_cid	direction,cell_type,time_key	direction	95% BCa bootstrap CI clustered by PubChem compound; uncertainty is over the observed compound panel, not broader chemical space.
l1000_phase1	tahoe	cosine	raw	0	all	retrieval_peer_sensitivity_dataset_pair	target_peer_normalized_rank	target_peer_normalized_rank	0.5148569457895287	0.5045308324261468	0.5225598698536438	0.009014518713748476	bca	ok	0.95	2000	2000	692	687	86	query_pubchem_cid	direction,cell_type,time_key	direction	95% BCa bootstrap CI clustered by PubChem compound; uncertainty is over the observed compound panel, not broader chemical space.
l1000_phase1	tahoe	spearman	raw	0	all	retrieval_peer_sensitivity_dataset_pair	delta_vs_source_peer_normalized_rank	delta_vs_source_peer_normalized_rank	-0.1465675585175769	-0.22062523317930957	-0.07069756801720568	0.07496383258105194	bca	ok	0.95	2000	2000	692	675	86	query_pubchem_cid	direction,cell_type,time_key	direction	95% BCa bootstrap CI clustered by PubChem compound; uncertainty is over the observed compound panel, not broader chemical space.
l1000_phase1	tahoe	spearman	raw	0	all	retrieval_peer_sensitivity_dataset_pair	delta_vs_target_peer_normalized_rank	delta_vs_target_peer_normalized_rank	0.12002707052572534	0.04509930768185982	0.19870491430291035	0.07680280331052526	bca	ok	0.95	2000	2000	692	687	86	query_pubchem_cid	direction,cell_type,time_key	direction	95% BCa bootstrap CI clustered by PubChem compound; uncertainty is over the observed compound panel, not broader chemical space.
l1000_phase1	tahoe	spearman	raw	0	all	retrieval_peer_sensitivity_dataset_pair	source_individual_corrected_percentile	source_individual_corrected_percentile	0.336918494759297	0.28319729128800786	0.4312701137152742	0.07403641121363316	bca	ok	0.95	2000	2000	692	675	86	query_pubchem_cid	direction,cell_type,time_key	direction	95% BCa bootstrap CI clustered by PubChem compound; uncertainty is over the observed compound panel, not broader chemical space.
l1000_phase1	tahoe	spearman	raw	0	all	retrieval_peer_sensitivity_dataset_pair	source_individual_fraction_below_observed	source_individual_fraction_below_observed	0.3214602043825748	0.268325442079045	0.42550965389613726	0.07859210590854612	bca	ok	0.95	2000	2000	692	675	86	query_pubchem_cid	direction,cell_type,time_key	direction	95% BCa bootstrap CI clustered by PubChem compound; uncertainty is over the observed compound panel, not broader chemical space.
l1000_phase1	tahoe	spearman	raw	0	all	retrieval_peer_sensitivity_dataset_pair	source_individual_mean_similarity	source_individual_mean_similarity	0.1354797544544689	0.12240719954674556	0.14764846709231735	0.012620633772785897	bca	ok	0.95	2000	2000	692	675	86	query_pubchem_cid	direction,cell_type,time_key	direction	95% BCa bootstrap CI clustered by PubChem compound; uncertainty is over the observed compound panel, not broader chemical space.
l1000_phase1	tahoe	spearman	raw	0	all	retrieval_peer_sensitivity_dataset_pair	source_individual_n_peers	source_individual_n_peers	254.5253987074502	226.8305731612607	276.15315339302515	24.661290115882224	bca	ok	0.95	2000	2000	692	692	86	query_pubchem_cid	direction,cell_type,time_key	direction	95% BCa bootstrap CI clustered by PubChem compound; uncertainty is over the observed compound panel, not broader chemical space.
l1000_phase1	tahoe	spearman	raw	0	all	retrieval_peer_sensitivity_dataset_pair	source_individual_sd_similarity	source_individual_sd_similarity	0.13198816035771	0.12404739465046448	0.140793578698833	0.008373092024184257	bca	ok	0.95	2000	2000	692	675	86	query_pubchem_cid	direction,cell_type,time_key	direction	95% BCa bootstrap CI clustered by PubChem compound; uncertainty is over the observed compound panel, not broader chemical space.
l1000_phase1	tahoe	spearman	raw	0	all	retrieval_peer_sensitivity_dataset_pair	source_peer_normalized_rank	source_peer_normalized_rank	0.7811864677882496	0.7515145428297246	0.8047631757650155	0.02662431646764546	bca	ok	0.95	2000	2000	692	675	86	query_pubchem_cid	direction,cell_type,time_key	direction	95% BCa bootstrap CI clustered by PubChem compound; uncertainty is over the observed compound panel, not broader chemical space.
l1000_phase1	tahoe	spearman	raw	0	all	retrieval_peer_sensitivity_dataset_pair	target_individual_corrected_percentile	target_individual_corrected_percentile	0.6377980309205511	0.5650095789020096	0.7229043211064363	0.07894737110221334	bca	ok	0.95	2000	2000	692	687	86	query_pubchem_cid	direction,cell_type,time_key	direction	95% BCa bootstrap CI clustered by PubChem compound; uncertainty is over the observed compound panel, not broader chemical space.
l1000_phase1	tahoe	spearman	raw	0	all	retrieval_peer_sensitivity_dataset_pair	target_individual_fraction_below_observed	target_individual_fraction_below_observed	0.631469555031436	0.5604266129415113	0.7207391907279392	0.08015628889321397	bca	ok	0.95	2000	2000	692	687	86	query_pubchem_cid	direction,cell_type,time_key	direction	95% BCa bootstrap CI clustered by PubChem compound; uncertainty is over the observed compound panel, not broader chemical space.
l1000_phase1	tahoe	spearman	raw	0	all	retrieval_peer_sensitivity_dataset_pair	target_individual_mean_similarity	target_individual_mean_similarity	0.005177376286562768	0.0010721531646767694	0.009075578058806922	0.004001712447065076	bca	ok	0.95	2000	2000	692	687	86	query_pubchem_cid	direction,cell_type,time_key	direction	95% BCa bootstrap CI clustered by PubChem compound; uncertainty is over the observed compound panel, not broader chemical space.
l1000_phase1	tahoe	spearman	raw	0	all	retrieval_peer_sensitivity_dataset_pair	target_individual_n_peers	target_individual_n_peers	252.84893210436925	224.82622994316975	275.12604428107926	25.149907168954755	bca	ok	0.95	2000	2000	692	692	86	query_pubchem_cid	direction,cell_type,time_key	direction	95% BCa bootstrap CI clustered by PubChem compound; uncertainty is over the observed compound panel, not broader chemical space.
l1000_phase1	tahoe	spearman	raw	0	all	retrieval_peer_sensitivity_dataset_pair	target_individual_sd_similarity	target_individual_sd_similarity	0.05082575645526482	0.04820589693741657	0.05374798137181072	0.002771042217197074	bca	ok	0.95	2000	2000	692	687	86	query_pubchem_cid	direction,cell_type,time_key	direction	95% BCa bootstrap CI clustered by PubChem compound; uncertainty is over the observed compound panel, not broader chemical space.
l1000_phase1	tahoe	spearman	raw	0	all	retrieval_peer_sensitivity_dataset_pair	target_peer_normalized_rank	target_peer_normalized_rank	0.5116420197039661	0.5018788725424546	0.519215932361501	0.008668529909523215	bca	ok	0.95	2000	2000	692	687	86	query_pubchem_cid	direction,cell_type,time_key	direction	95% BCa bootstrap CI clustered by PubChem compound; uncertainty is over the observed compound panel, not broader chemical space.
l1000_phase2	cigs_mce	cosine	raw	0	all	retrieval_peer_sensitivity_dataset_pair	delta_vs_source_peer_normalized_rank	delta_vs_source_peer_normalized_rank	0.13798667112438628	0.05875555696020063	0.1961608976074026	0.06870267032360099	bca	ok	0.95	2000	2000	372	372	68	query_pubchem_cid	direction,cell_type,time_key	direction	95% BCa bootstrap CI clustered by PubChem compound; uncertainty is over the observed compound panel, not broader chemical space.
l1000_phase2	cigs_mce	cosine	raw	0	all	retrieval_peer_sensitivity_dataset_pair	delta_vs_target_peer_normalized_rank	delta_vs_target_peer_normalized_rank	0.27392058541537	0.20392089095701038	0.32326663749664813	0.05967287326981888	bca	ok	0.95	2000	2000	372	372	68	query_pubchem_cid	direction,cell_type,time_key	direction	95% BCa bootstrap CI clustered by PubChem compound; uncertainty is over the observed compound panel, not broader chemical space.
l1000_phase2	cigs_mce	cosine	raw	0	all	retrieval_peer_sensitivity_dataset_pair	source_individual_corrected_percentile	source_individual_corrected_percentile	0.6156308435761363	0.5484748364456705	0.6797403777703074	0.06563277066231843	bca	ok	0.95	2000	2000	372	372	68	query_pubchem_cid	direction,cell_type,time_key	direction	95% BCa bootstrap CI clustered by PubChem compound; uncertainty is over the observed compound panel, not broader chemical space.
l1000_phase2	cigs_mce	cosine	raw	0	all	retrieval_peer_sensitivity_dataset_pair	source_individual_fraction_below_observed	source_individual_fraction_below_observed	0.6145772391543327	0.54550696237788	0.680356094968558	0.067424566295339	bca	ok	0.95	2000	2000	372	372	68	query_pubchem_cid	direction,cell_type,time_key	direction	95% BCa bootstrap CI clustered by PubChem compound; uncertainty is over the observed compound panel, not broader chemical space.
l1000_phase2	cigs_mce	cosine	raw	0	all	retrieval_peer_sensitivity_dataset_pair	source_individual_mean_similarity	source_individual_mean_similarity	0.19016930414709504	0.17400452553887116	0.20544550299147593	0.015720488726302384	bca	ok	0.95	2000	2000	372	372	68	query_pubchem_cid	direction,cell_type,time_key	direction	95% BCa bootstrap CI clustered by PubChem compound; uncertainty is over the observed compound panel, not broader chemical space.
l1000_phase2	cigs_mce	cosine	raw	0	all	retrieval_peer_sensitivity_dataset_pair	source_individual_n_peers	source_individual_n_peers	1627.1673221515325	1626.9925122848001	1627.411109267163	0.20929849118147104	bca	ok	0.95	2000	2000	372	372	68	query_pubchem_cid	direction,cell_type,time_key	direction	95% BCa bootstrap CI clustered by PubChem compound; uncertainty is over the observed compound panel, not broader chemical space.
l1000_phase2	cigs_mce	cosine	raw	0	all	retrieval_peer_sensitivity_dataset_pair	source_individual_sd_similarity	source_individual_sd_similarity	0.13223241671448369	0.12555154084116474	0.13839840655844204	0.006423432858638653	bca	ok	0.95	2000	2000	372	372	68	query_pubchem_cid	direction,cell_type,time_key	direction	95% BCa bootstrap CI clustered by PubChem compound; uncertainty is over the observed compound panel, not broader chemical space.
l1000_phase2	cigs_mce	cosine	raw	0	all	retrieval_peer_sensitivity_dataset_pair	source_peer_normalized_rank	source_peer_normalized_rank	0.7102925835812597	0.6921940131239127	0.7284089575704997	0.018107472223293508	bca	ok	0.95	2000	2000	372	372	68	query_pubchem_cid	direction,cell_type,time_key	direction	95% BCa bootstrap CI clustered by PubChem compound; uncertainty is over the observed compound panel, not broader chemical space.
l1000_phase2	cigs_mce	cosine	raw	0	all	retrieval_peer_sensitivity_dataset_pair	target_individual_corrected_percentile	target_individual_corrected_percentile	0.8210475818858581	0.7501790964733474	0.8771472828654981	0.0634840931960754	bca	ok	0.95	2000	2000	372	372	68	query_pubchem_cid	direction,cell_type,time_key	direction	95% BCa bootstrap CI clustered by PubChem compound; uncertainty is over the observed compound panel, not broader chemical space.
l1000_phase2	cigs_mce	cosine	raw	0	all	retrieval_peer_sensitivity_dataset_pair	target_individual_fraction_below_observed	target_individual_fraction_below_observed	0.8205893041220487	0.7510574022687577	0.8771720427006898	0.06305732021596605	bca	ok	0.95	2000	2000	372	372	68	query_pubchem_cid	direction,cell_type,time_key	direction	95% BCa bootstrap CI clustered by PubChem compound; uncertainty is over the observed compound panel, not broader chemical space.
l1000_phase2	cigs_mce	cosine	raw	0	all	retrieval_peer_sensitivity_dataset_pair	target_individual_mean_similarity	target_individual_mean_similarity	0.09279532079233709	0.08042131140876033	0.10495268642193965	0.012265687506589663	bca	ok	0.95	2000	2000	372	372	68	query_pubchem_cid	direction,cell_type,time_key	direction	95% BCa bootstrap CI clustered by PubChem compound; uncertainty is over the observed compound panel, not broader chemical space.
l1000_phase2	cigs_mce	cosine	raw	0	all	retrieval_peer_sensitivity_dataset_pair	target_individual_n_peers	target_individual_n_peers	1627.34997108155	1627.2017382507524	1627.637485785475	0.21787376736131137	bca	ok	0.95	2000	2000	372	372	68	query_pubchem_cid	direction,cell_type,time_key	direction	95% BCa bootstrap CI clustered by PubChem compound; uncertainty is over the observed compound panel, not broader chemical space.
l1000_phase2	cigs_mce	cosine	raw	0	all	retrieval_peer_sensitivity_dataset_pair	target_individual_sd_similarity	target_individual_sd_similarity	0.07676855299721931	0.07125299231753462	0.08249270422009897	0.005619855951282171	bca	ok	0.95	2000	2000	372	372	68	query_pubchem_cid	direction,cell_type,time_key	direction	95% BCa bootstrap CI clustered by PubChem compound; uncertainty is over the observed compound panel, not broader chemical space.
l1000_phase2	cigs_mce	cosine	raw	0	all	retrieval_peer_sensitivity_dataset_pair	target_peer_normalized_rank	target_peer_normalized_rank	0.5743586692902758	0.5675038124763444	0.5794060107104578	0.005951099117056713	bca	ok	0.95	2000	2000	372	372	68	query_pubchem_cid	direction,cell_type,time_key	direction	95% BCa bootstrap CI clustered by PubChem compound; uncertainty is over the observed compound panel, not broader chemical space.
l1000_phase2	cigs_mce	spearman	raw	0	all	retrieval_peer_sensitivity_dataset_pair	delta_vs_source_peer_normalized_rank	delta_vs_source_peer_normalized_rank	0.11457919469865487	0.03314134789546846	0.1798293044163338	0.07334397826043267	bca	ok	0.95	2000	2000	372	372	68	query_pubchem_cid	direction,cell_type,time_key	direction	95% BCa bootstrap CI clustered by PubChem compound; uncertainty is over the observed compound panel, not broader chemical space.
l1000_phase2	cigs_mce	spearman	raw	0	all	retrieval_peer_sensitivity_dataset_pair	delta_vs_target_peer_normalized_rank	delta_vs_target_peer_normalized_rank	0.25598540683631393	0.19201475954331754	0.3086928411317928	0.05833904079423763	bca	ok	0.95	2000	2000	372	372	68	query_pubchem_cid	direction,cell_type,time_key	direction	95% BCa bootstrap CI clustered by PubChem compound; uncertainty is over the observed compound panel, not broader chemical space.
l1000_phase2	cigs_mce	spearman	raw	0	all	retrieval_peer_sensitivity_dataset_pair	source_individual_corrected_percentile	source_individual_corrected_percentile	0.5850183855611173	0.5130022567984922	0.6512743323211895	0.06913603776134863	bca	ok	0.95	2000	2000	372	372	68	query_pubchem_cid	direction,cell_type,time_key	direction	95% BCa bootstrap CI clustered by PubChem compound; uncertainty is over the observed compound panel, not broader chemical space.
l1000_phase2	cigs_mce	spearman	raw	0	all	retrieval_peer_sensitivity_dataset_pair	source_individual_fraction_below_observed	source_individual_fraction_below_observed	0.5838698511881582	0.5115423339919347	0.6514083076586484	0.06993298683335686	bca	ok	0.95	2000	2000	372	372	68	query_pubchem_cid	direction,cell_type,time_key	direction	95% BCa bootstrap CI clustered by PubChem compound; uncertainty is over the observed compound panel, not broader chemical space.
l1000_phase2	cigs_mce	spearman	raw	0	all	retrieval_peer_sensitivity_dataset_pair	source_individual_mean_similarity	source_individual_mean_similarity	0.18611552821650207	0.16970842273516382	0.20051687741478044	0.015404227339808313	bca	ok	0.95	2000	2000	372	372	68	query_pubchem_cid	direction,cell_type,time_key	direction	95% BCa bootstrap CI clustered by PubChem compound; uncertainty is over the observed compound panel, not broader chemical space.
l1000_phase2	cigs_mce	spearman	raw	0	all	retrieval_peer_sensitivity_dataset_pair	source_individual_n_peers	source_individual_n_peers	1627.1673221515325	1626.9985272026533	1627.4267521823208	0.21411248983372388	bca	ok	0.95	2000	2000	372	372	68	query_pubchem_cid	direction,cell_type,time_key	direction	95% BCa bootstrap CI clustered by PubChem compound; uncertainty is over the observed compound panel, not broader chemical space.
l1000_phase2	cigs_mce	spearman	raw	0	all	retrieval_peer_sensitivity_dataset_pair	source_individual_sd_similarity	source_individual_sd_similarity	0.12992317161585645	0.123171195003261	0.1359506024256758	0.006389703711207402	bca	ok	0.95	2000	2000	372	372	68	query_pubchem_cid	direction,cell_type,time_key	direction	95% BCa bootstrap CI clustered by PubChem compound; uncertainty is over the observed compound panel, not broader chemical space.
l1000_phase2	cigs_mce	spearman	raw	0	all	retrieval_peer_sensitivity_dataset_pair	source_peer_normalized_rank	source_peer_normalized_rank	0.7150559254389377	0.6941830111381321	0.7362938316457478	0.02105541025380786	bca	ok	0.95	2000	2000	372	372	68	query_pubchem_cid	direction,cell_type,time_key	direction	95% BCa bootstrap CI clustered by PubChem compound; uncertainty is over the observed compound panel, not broader chemical space.
l1000_phase2	cigs_mce	spearman	raw	0	all	retrieval_peer_sensitivity_dataset_pair	target_individual_corrected_percentile	target_individual_corrected_percentile	0.798474296881258	0.7262332729392202	0.8599639399584785	0.06686533350962914	bca	ok	0.95	2000	2000	372	372	68	query_pubchem_cid	direction,cell_type,time_key	direction	95% BCa bootstrap CI clustered by PubChem compound; uncertainty is over the observed compound panel, not broader chemical space.
l1000_phase2	cigs_mce	spearman	raw	0	all	retrieval_peer_sensitivity_dataset_pair	target_individual_fraction_below_observed	target_individual_fraction_below_observed	0.7979641073062076	0.7265849565187836	0.859647488584037	0.06653126603262666	bca	ok	0.95	2000	2000	372	372	68	query_pubchem_cid	direction,cell_type,time_key	direction	95% BCa bootstrap CI clustered by PubChem compound; uncertainty is over the observed compound panel, not broader chemical space.
l1000_phase2	cigs_mce	spearman	raw	0	all	retrieval_peer_sensitivity_dataset_pair	target_individual_mean_similarity	target_individual_mean_similarity	0.08309070768532684	0.07130498631734107	0.09602742044919674	0.012361217065927833	bca	ok	0.95	2000	2000	372	372	68	query_pubchem_cid	direction,cell_type,time_key	direction	95% BCa bootstrap CI clustered by PubChem compound; uncertainty is over the observed compound panel, not broader chemical space.
l1000_phase2	cigs_mce	spearman	raw	0	all	retrieval_peer_sensitivity_dataset_pair	target_individual_n_peers	target_individual_n_peers	1627.34997108155	1627.205240743721	1627.6417273629838	0.21824330963136163	bca	ok	0.95	2000	2000	372	372	68	query_pubchem_cid	direction,cell_type,time_key	direction	95% BCa bootstrap CI clustered by PubChem compound; uncertainty is over the observed compound panel, not broader chemical space.
l1000_phase2	cigs_mce	spearman	raw	0	all	retrieval_peer_sensitivity_dataset_pair	target_individual_sd_similarity	target_individual_sd_similarity	0.07602311366583304	0.07079908262488353	0.08140888118493955	0.0053048992800280095	bca	ok	0.95	2000	2000	372	372	68	query_pubchem_cid	direction,cell_type,time_key	direction	95% BCa bootstrap CI clustered by PubChem compound; uncertainty is over the observed compound panel, not broader chemical space.
l1000_phase2	cigs_mce	spearman	raw	0	all	retrieval_peer_sensitivity_dataset_pair	target_peer_normalized_rank	target_peer_normalized_rank	0.5736497133012786	0.5662038322177665	0.5785336310886365	0.006164899435435023	bca	ok	0.95	2000	2000	372	372	68	query_pubchem_cid	direction,cell_type,time_key	direction	95% BCa bootstrap CI clustered by PubChem compound; uncertainty is over the observed compound panel, not broader chemical space.
l1000_phase2	sciplex	cosine	raw	0	all	retrieval_peer_sensitivity_dataset_pair	delta_vs_source_peer_normalized_rank	delta_vs_source_peer_normalized_rank	0.0859732762033188	0.042104013305361544	0.1325853782455586	0.045240682470098534	bca	ok	0.95	2000	2000	2323	2323	83	query_pubchem_cid	direction,cell_type,time_key	direction	95% BCa bootstrap CI clustered by PubChem compound; uncertainty is over the observed compound panel, not broader chemical space.
l1000_phase2	sciplex	cosine	raw	0	all	retrieval_peer_sensitivity_dataset_pair	delta_vs_target_peer_normalized_rank	delta_vs_target_peer_normalized_rank	0.1894220531656282	0.14343267833384174	0.23977891020554656	0.04817311593585241	bca	ok	0.95	2000	2000	2323	2323	83	query_pubchem_cid	direction,cell_type,time_key	direction	95% BCa bootstrap CI clustered by PubChem compound; uncertainty is over the observed compound panel, not broader chemical space.
l1000_phase2	sciplex	cosine	raw	0	all	retrieval_peer_sensitivity_dataset_pair	source_individual_corrected_percentile	source_individual_corrected_percentile	0.5635482596866017	0.5226504027075463	0.6099277954437226	0.04363869636808815	bca	ok	0.95	2000	2000	2323	2323	83	query_pubchem_cid	direction,cell_type,time_key	direction	95% BCa bootstrap CI clustered by PubChem compound; uncertainty is over the observed compound panel, not broader chemical space.
l1000_phase2	sciplex	cosine	raw	0	all	retrieval_peer_sensitivity_dataset_pair	source_individual_fraction_below_observed	source_individual_fraction_below_observed	0.561472916845887	0.5206199618476639	0.6049221730725203	0.042151105612428186	bca	ok	0.95	2000	2000	2323	2323	83	query_pubchem_cid	direction,cell_type,time_key	direction	95% BCa bootstrap CI clustered by PubChem compound; uncertainty is over the observed compound panel, not broader chemical space.
l1000_phase2	sciplex	cosine	raw	0	all	retrieval_peer_sensitivity_dataset_pair	source_individual_mean_similarity	source_individual_mean_similarity	0.06194957758768552	0.055057553728019376	0.06967235963241876	0.007307402952199692	bca	ok	0.95	2000	2000	2323	2323	83	query_pubchem_cid	direction,cell_type,time_key	direction	95% BCa bootstrap CI clustered by PubChem compound; uncertainty is over the observed compound panel, not broader chemical space.
l1000_phase2	sciplex	cosine	raw	0	all	retrieval_peer_sensitivity_dataset_pair	source_individual_n_peers	source_individual_n_peers	327.400734491121	320.9815623026419	332.6193624896033	5.818900093480693	bca	ok	0.95	2000	2000	2323	2323	83	query_pubchem_cid	direction,cell_type,time_key	direction	95% BCa bootstrap CI clustered by PubChem compound; uncertainty is over the observed compound panel, not broader chemical space.
l1000_phase2	sciplex	cosine	raw	0	all	retrieval_peer_sensitivity_dataset_pair	source_individual_sd_similarity	source_individual_sd_similarity	0.10563340148824026	0.1013541145563298	0.11054813611219315	0.004597010777931676	bca	ok	0.95	2000	2000	2323	2323	83	query_pubchem_cid	direction,cell_type,time_key	direction	95% BCa bootstrap CI clustered by PubChem compound; uncertainty is over the observed compound panel, not broader chemical space.
l1000_phase2	sciplex	cosine	raw	0	all	retrieval_peer_sensitivity_dataset_pair	source_peer_normalized_rank	source_peer_normalized_rank	0.6109343468544943	0.602742502021912	0.6181834052209346	0.007720451599511291	bca	ok	0.95	2000	2000	2323	2323	83	query_pubchem_cid	direction,cell_type,time_key	direction	95% BCa bootstrap CI clustered by PubChem compound; uncertainty is over the observed compound panel, not broader chemical space.
l1000_phase2	sciplex	cosine	raw	0	all	retrieval_peer_sensitivity_dataset_pair	target_individual_corrected_percentile	target_individual_corrected_percentile	0.6976117469273705	0.6509629536084987	0.74613576506894	0.04758640573022066	bca	ok	0.95	2000	2000	2323	2323	83	query_pubchem_cid	direction,cell_type,time_key	direction	95% BCa bootstrap CI clustered by PubChem compound; uncertainty is over the observed compound panel, not broader chemical space.
l1000_phase2	sciplex	cosine	raw	0	all	retrieval_peer_sensitivity_dataset_pair	target_individual_fraction_below_observed	target_individual_fraction_below_observed	0.6961368992375415	0.6518239169967155	0.7412232340880038	0.04469965854564417	bca	ok	0.95	2000	2000	2323	2323	83	query_pubchem_cid	direction,cell_type,time_key	direction	95% BCa bootstrap CI clustered by PubChem compound; uncertainty is over the observed compound panel, not broader chemical space.
l1000_phase2	sciplex	cosine	raw	0	all	retrieval_peer_sensitivity_dataset_pair	target_individual_mean_similarity	target_individual_mean_similarity	0.02354372995166905	0.018916338120195424	0.028562361685589416	0.004823011782696996	bca	ok	0.95	2000	2000	2323	2323	83	query_pubchem_cid	direction,cell_type,time_key	direction	95% BCa bootstrap CI clustered by PubChem compound; uncertainty is over the observed compound panel, not broader chemical space.
l1000_phase2	sciplex	cosine	raw	0	all	retrieval_peer_sensitivity_dataset_pair	target_individual_n_peers	target_individual_n_peers	317.4165082021051	312.75315024563844	321.7397950074842	4.493322380922876	bca	ok	0.95	2000	2000	2323	2323	83	query_pubchem_cid	direction,cell_type,time_key	direction	95% BCa bootstrap CI clustered by PubChem compound; uncertainty is over the observed compound panel, not broader chemical space.
l1000_phase2	sciplex	cosine	raw	0	all	retrieval_peer_sensitivity_dataset_pair	target_individual_sd_similarity	target_individual_sd_similarity	0.05567385338205176	0.0517568060907706	0.060670342112573	0.0044567680109012	bca	ok	0.95	2000	2000	2323	2323	83	query_pubchem_cid	direction,cell_type,time_key	direction	95% BCa bootstrap CI clustered by PubChem compound; uncertainty is over the observed compound panel, not broader chemical space.
l1000_phase2	sciplex	cosine	raw	0	all	retrieval_peer_sensitivity_dataset_pair	target_peer_normalized_rank	target_peer_normalized_rank	0.507485569892185	0.5037759363316047	0.5113235347680481	0.0037737992182217406	bca	ok	0.95	2000	2000	2323	2323	83	query_pubchem_cid	direction,cell_type,time_key	direction	95% BCa bootstrap CI clustered by PubChem compound; uncertainty is over the observed compound panel, not broader chemical space.
l1000_phase2	sciplex	spearman	raw	0	all	retrieval_peer_sensitivity_dataset_pair	delta_vs_source_peer_normalized_rank	delta_vs_source_peer_normalized_rank	0.07516424523091104	0.03410788134928518	0.12413617527964535	0.04501414696518009	bca	ok	0.95	2000	2000	2323	2323	83	query_pubchem_cid	direction,cell_type,time_key	direction	95% BCa bootstrap CI clustered by PubChem compound; uncertainty is over the observed compound panel, not broader chemical space.
l1000_phase2	sciplex	spearman	raw	0	all	retrieval_peer_sensitivity_dataset_pair	delta_vs_target_peer_normalized_rank	delta_vs_target_peer_normalized_rank	0.19357053662714016	0.15135850101226622	0.2408801895959025	0.04476084429181813	bca	ok	0.95	2000	2000	2323	2323	83	query_pubchem_cid	direction,cell_type,time_key	direction	95% BCa bootstrap CI clustered by PubChem compound; uncertainty is over the observed compound panel, not broader chemical space.
l1000_phase2	sciplex	spearman	raw	0	all	retrieval_peer_sensitivity_dataset_pair	source_individual_corrected_percentile	source_individual_corrected_percentile	0.550226937713666	0.5068875387806674	0.5968398717531633	0.04497616648624797	bca	ok	0.95	2000	2000	2323	2323	83	query_pubchem_cid	direction,cell_type,time_key	direction	95% BCa bootstrap CI clustered by PubChem compound; uncertainty is over the observed compound panel, not broader chemical space.
l1000_phase2	sciplex	spearman	raw	0	all	retrieval_peer_sensitivity_dataset_pair	source_individual_fraction_below_observed	source_individual_fraction_below_observed	0.5481087217313632	0.5064273901388979	0.59221337847988	0.04289299417049103	bca	ok	0.95	2000	2000	2323	2323	83	query_pubchem_cid	direction,cell_type,time_key	direction	95% BCa bootstrap CI clustered by PubChem compound; uncertainty is over the observed compound panel, not broader chemical space.
l1000_phase2	sciplex	spearman	raw	0	all	retrieval_peer_sensitivity_dataset_pair	source_individual_mean_similarity	source_individual_mean_similarity	0.06467149132036072	0.05773926259489339	0.07133433039085171	0.006797533897979161	bca	ok	0.95	2000	2000	2323	2323	83	query_pubchem_cid	direction,cell_type,time_key	direction	95% BCa bootstrap CI clustered by PubChem compound; uncertainty is over the observed compound panel, not broader chemical space.
l1000_phase2	sciplex	spearman	raw	0	all	retrieval_peer_sensitivity_dataset_pair	source_individual_n_peers	source_individual_n_peers	327.400734491121	321.15133871237305	332.79026229825956	5.819461792943258	bca	ok	0.95	2000	2000	2323	2323	83	query_pubchem_cid	direction,cell_type,time_key	direction	95% BCa bootstrap CI clustered by PubChem compound; uncertainty is over the observed compound panel, not broader chemical space.
l1000_phase2	sciplex	spearman	raw	0	all	retrieval_peer_sensitivity_dataset_pair	source_individual_sd_similarity	source_individual_sd_similarity	0.10645886794789172	0.10219629360946914	0.11122561037468	0.004514658382605431	bca	ok	0.95	2000	2000	2323	2323	83	query_pubchem_cid	direction,cell_type,time_key	direction	95% BCa bootstrap CI clustered by PubChem compound; uncertainty is over the observed compound panel, not broader chemical space.
l1000_phase2	sciplex	spearman	raw	0	all	retrieval_peer_sensitivity_dataset_pair	source_peer_normalized_rank	source_peer_normalized_rank	0.6255534952521147	0.6183250191702343	0.6330935970079966	0.0073842889188811545	bca	ok	0.95	2000	2000	2323	2323	83	query_pubchem_cid	direction,cell_type,time_key	direction	95% BCa bootstrap CI clustered by PubChem compound; uncertainty is over the observed compound panel, not broader chemical space.
l1000_phase2	sciplex	spearman	raw	0	all	retrieval_peer_sensitivity_dataset_pair	target_individual_corrected_percentile	target_individual_corrected_percentile	0.7006700850049462	0.6552649246756626	0.7426818947416307	0.04370848503298408	bca	ok	0.95	2000	2000	2323	2323	83	query_pubchem_cid	direction,cell_type,time_key	direction	95% BCa bootstrap CI clustered by PubChem compound; uncertainty is over the observed compound panel, not broader chemical space.
l1000_phase2	sciplex	spearman	raw	0	all	retrieval_peer_sensitivity_dataset_pair	target_individual_fraction_below_observed	target_individual_fraction_below_observed	0.6992027567344967	0.6568138853771235	0.7465063456912838	0.04484623015708017	bca	ok	0.95	2000	2000	2323	2323	83	query_pubchem_cid	direction,cell_type,time_key	direction	95% BCa bootstrap CI clustered by PubChem compound; uncertainty is over the observed compound panel, not broader chemical space.
l1000_phase2	sciplex	spearman	raw	0	all	retrieval_peer_sensitivity_dataset_pair	target_individual_mean_similarity	target_individual_mean_similarity	0.023056475174764734	0.01889908208230543	0.02784469627554368	0.004472807096619125	bca	ok	0.95	2000	2000	2323	2323	83	query_pubchem_cid	direction,cell_type,time_key	direction	95% BCa bootstrap CI clustered by PubChem compound; uncertainty is over the observed compound panel, not broader chemical space.
l1000_phase2	sciplex	spearman	raw	0	all	retrieval_peer_sensitivity_dataset_pair	target_individual_n_peers	target_individual_n_peers	317.4165082021051	312.7139198727404	321.84471655592466	4.565398341592129	bca	ok	0.95	2000	2000	2323	2323	83	query_pubchem_cid	direction,cell_type,time_key	direction	95% BCa bootstrap CI clustered by PubChem compound; uncertainty is over the observed compound panel, not broader chemical space.
l1000_phase2	sciplex	spearman	raw	0	all	retrieval_peer_sensitivity_dataset_pair	target_individual_sd_similarity	target_individual_sd_similarity	0.0540635087360566	0.05028423723783308	0.05886789967268791	0.004291831217427412	bca	ok	0.95	2000	2000	2323	2323	83	query_pubchem_cid	direction,cell_type,time_key	direction	95% BCa bootstrap CI clustered by PubChem compound; uncertainty is over the observed compound panel, not broader chemical space.
l1000_phase2	sciplex	spearman	raw	0	all	retrieval_peer_sensitivity_dataset_pair	target_peer_normalized_rank	target_peer_normalized_rank	0.5071472038558856	0.5037870786273282	0.5109484776464991	0.00358069950958545	bca	ok	0.95	2000	2000	2323	2323	83	query_pubchem_cid	direction,cell_type,time_key	direction	95% BCa bootstrap CI clustered by PubChem compound; uncertainty is over the observed compound panel, not broader chemical space.
l1000_phase2	tahoe	cosine	raw	0	all	retrieval_peer_sensitivity_dataset_pair	delta_vs_source_peer_normalized_rank	delta_vs_source_peer_normalized_rank	-0.1297408618612969	-0.18377868235542083	-0.08060400563561482	0.05158733835990301	bca	ok	0.95	2000	2000	1755	1755	110	query_pubchem_cid	direction,cell_type,time_key	direction	95% BCa bootstrap CI clustered by PubChem compound; uncertainty is over the observed compound panel, not broader chemical space.
l1000_phase2	tahoe	cosine	raw	0	all	retrieval_peer_sensitivity_dataset_pair	delta_vs_target_peer_normalized_rank	delta_vs_target_peer_normalized_rank	0.10977164736949578	0.06032307260430527	0.1540937946891464	0.04688536104242057	bca	ok	0.95	2000	2000	1755	1755	110	query_pubchem_cid	direction,cell_type,time_key	direction	95% BCa bootstrap CI clustered by PubChem compound; uncertainty is over the observed compound panel, not broader chemical space.
l1000_phase2	tahoe	cosine	raw	0	all	retrieval_peer_sensitivity_dataset_pair	source_individual_corrected_percentile	source_individual_corrected_percentile	0.35368488610993726	0.3119146029734025	0.41030189095149583	0.04919364398904666	bca	ok	0.95	2000	2000	1755	1755	110	query_pubchem_cid	direction,cell_type,time_key	direction	95% BCa bootstrap CI clustered by PubChem compound; uncertainty is over the observed compound panel, not broader chemical space.
l1000_phase2	tahoe	cosine	raw	0	all	retrieval_peer_sensitivity_dataset_pair	source_individual_fraction_below_observed	source_individual_fraction_below_observed	0.34727893441767876	0.3056189216501228	0.4048894651054704	0.04963527172767382	bca	ok	0.95	2000	2000	1755	1755	110	query_pubchem_cid	direction,cell_type,time_key	direction	95% BCa bootstrap CI clustered by PubChem compound; uncertainty is over the observed compound panel, not broader chemical space.
l1000_phase2	tahoe	cosine	raw	0	all	retrieval_peer_sensitivity_dataset_pair	source_individual_mean_similarity	source_individual_mean_similarity	0.10132773747297193	0.09553557789664281	0.10550553440365597	0.004984978253506578	bca	ok	0.95	2000	2000	1755	1755	110	query_pubchem_cid	direction,cell_type,time_key	direction	95% BCa bootstrap CI clustered by PubChem compound; uncertainty is over the observed compound panel, not broader chemical space.
l1000_phase2	tahoe	cosine	raw	0	all	retrieval_peer_sensitivity_dataset_pair	source_individual_n_peers	source_individual_n_peers	163.82606481645578	159.28912812397218	166.63383306207285	3.672352469050338	bca	ok	0.95	2000	2000	1755	1755	110	query_pubchem_cid	direction,cell_type,time_key	direction	95% BCa bootstrap CI clustered by PubChem compound; uncertainty is over the observed compound panel, not broader chemical space.
l1000_phase2	tahoe	cosine	raw	0	all	retrieval_peer_sensitivity_dataset_pair	source_individual_sd_similarity	source_individual_sd_similarity	0.10338885505327938	0.0998271246927692	0.10775199213121617	0.003962433719223481	bca	ok	0.95	2000	2000	1755	1755	110	query_pubchem_cid	direction,cell_type,time_key	direction	95% BCa bootstrap CI clustered by PubChem compound; uncertainty is over the observed compound panel, not broader chemical space.
l1000_phase2	tahoe	cosine	raw	0	all	retrieval_peer_sensitivity_dataset_pair	source_peer_normalized_rank	source_peer_normalized_rank	0.7403759429967764	0.7249942468891297	0.7518593217951904	0.013432537453030358	bca	ok	0.95	2000	2000	1755	1755	110	query_pubchem_cid	direction,cell_type,time_key	direction	95% BCa bootstrap CI clustered by PubChem compound; uncertainty is over the observed compound panel, not broader chemical space.
l1000_phase2	tahoe	cosine	raw	0	all	retrieval_peer_sensitivity_dataset_pair	target_individual_corrected_percentile	target_individual_corrected_percentile	0.6159122976095631	0.5658979462452028	0.6582832182417753	0.04619263599828621	bca	ok	0.95	2000	2000	1755	1755	110	query_pubchem_cid	direction,cell_type,time_key	direction	95% BCa bootstrap CI clustered by PubChem compound; uncertainty is over the observed compound panel, not broader chemical space.
l1000_phase2	tahoe	cosine	raw	0	all	retrieval_peer_sensitivity_dataset_pair	target_individual_fraction_below_observed	target_individual_fraction_below_observed	0.6124617352688027	0.5604203006663646	0.6559047302047051	0.04774221476917023	bca	ok	0.95	2000	2000	1755	1755	110	query_pubchem_cid	direction,cell_type,time_key	direction	95% BCa bootstrap CI clustered by PubChem compound; uncertainty is over the observed compound panel, not broader chemical space.
l1000_phase2	tahoe	cosine	raw	0	all	retrieval_peer_sensitivity_dataset_pair	target_individual_mean_similarity	target_individual_mean_similarity	0.0020625081305165006	-0.00016541747193466477	0.004930459796686056	0.0025479386343103608	bca	ok	0.95	2000	2000	1755	1755	110	query_pubchem_cid	direction,cell_type,time_key	direction	95% BCa bootstrap CI clustered by PubChem compound; uncertainty is over the observed compound panel, not broader chemical space.
l1000_phase2	tahoe	cosine	raw	0	all	retrieval_peer_sensitivity_dataset_pair	target_individual_n_peers	target_individual_n_peers	163.81261855836652	158.39344023478435	166.8374172805377	4.221988522876671	bca	ok	0.95	2000	2000	1755	1755	110	query_pubchem_cid	direction,cell_type,time_key	direction	95% BCa bootstrap CI clustered by PubChem compound; uncertainty is over the observed compound panel, not broader chemical space.
l1000_phase2	tahoe	cosine	raw	0	all	retrieval_peer_sensitivity_dataset_pair	target_individual_sd_similarity	target_individual_sd_similarity	0.046899386348785946	0.04521131995290266	0.04924779606113674	0.0020182380541170393	bca	ok	0.95	2000	2000	1755	1755	110	query_pubchem_cid	direction,cell_type,time_key	direction	95% BCa bootstrap CI clustered by PubChem compound; uncertainty is over the observed compound panel, not broader chemical space.
l1000_phase2	tahoe	cosine	raw	0	all	retrieval_peer_sensitivity_dataset_pair	target_peer_normalized_rank	target_peer_normalized_rank	0.5008634337659835	0.4971161515137965	0.5052447976970892	0.004064323091646338	bca	ok	0.95	2000	2000	1755	1755	110	query_pubchem_cid	direction,cell_type,time_key	direction	95% BCa bootstrap CI clustered by PubChem compound; uncertainty is over the observed compound panel, not broader chemical space.
l1000_phase2	tahoe	spearman	raw	0	all	retrieval_peer_sensitivity_dataset_pair	delta_vs_source_peer_normalized_rank	delta_vs_source_peer_normalized_rank	-0.15705631085512836	-0.2074633341078282	-0.1048157539127628	0.0513237900975327	bca	ok	0.95	2000	2000	1755	1755	110	query_pubchem_cid	direction,cell_type,time_key	direction	95% BCa bootstrap CI clustered by PubChem compound; uncertainty is over the observed compound panel, not broader chemical space.
l1000_phase2	tahoe	spearman	raw	0	all	retrieval_peer_sensitivity_dataset_pair	delta_vs_target_peer_normalized_rank	delta_vs_target_peer_normalized_rank	0.11980548957012971	0.0768674896186673	0.1632373946264062	0.04318495250386946	bca	ok	0.95	2000	2000	1755	1755	110	query_pubchem_cid	direction,cell_type,time_key	direction	95% BCa bootstrap CI clustered by PubChem compound; uncertainty is over the observed compound panel, not broader chemical space.
l1000_phase2	tahoe	spearman	raw	0	all	retrieval_peer_sensitivity_dataset_pair	source_individual_corrected_percentile	source_individual_corrected_percentile	0.3047176417037337	0.26954544260780605	0.3594514984639295	0.04495302792806172	bca	ok	0.95	2000	2000	1755	1755	110	query_pubchem_cid	direction,cell_type,time_key	direction	95% BCa bootstrap CI clustered by PubChem compound; uncertainty is over the observed compound panel, not broader chemical space.
l1000_phase2	tahoe	spearman	raw	0	all	retrieval_peer_sensitivity_dataset_pair	source_individual_fraction_below_observed	source_individual_fraction_below_observed	0.2980174406734031	0.2617202243251156	0.3578706366703736	0.048075206172629004	bca	ok	0.95	2000	2000	1755	1755	110	query_pubchem_cid	direction,cell_type,time_key	direction	95% BCa bootstrap CI clustered by PubChem compound; uncertainty is over the observed compound panel, not broader chemical space.
l1000_phase2	tahoe	spearman	raw	0	all	retrieval_peer_sensitivity_dataset_pair	source_individual_mean_similarity	source_individual_mean_similarity	0.12276821813094642	0.11673432298144557	0.12773679601557258	0.00550123651706351	bca	ok	0.95	2000	2000	1755	1755	110	query_pubchem_cid	direction,cell_type,time_key	direction	95% BCa bootstrap CI clustered by PubChem compound; uncertainty is over the observed compound panel, not broader chemical space.
l1000_phase2	tahoe	spearman	raw	0	all	retrieval_peer_sensitivity_dataset_pair	source_individual_n_peers	source_individual_n_peers	163.82606481645578	159.39665452301332	166.66604856702526	3.634697022005966	bca	ok	0.95	2000	2000	1755	1755	110	query_pubchem_cid	direction,cell_type,time_key	direction	95% BCa bootstrap CI clustered by PubChem compound; uncertainty is over the observed compound panel, not broader chemical space.
l1000_phase2	tahoe	spearman	raw	0	all	retrieval_peer_sensitivity_dataset_pair	source_individual_sd_similarity	source_individual_sd_similarity	0.11207435757017406	0.1084384362940287	0.11657474100996817	0.004068152357969736	bca	ok	0.95	2000	2000	1755	1755	110	query_pubchem_cid	direction,cell_type,time_key	direction	95% BCa bootstrap CI clustered by PubChem compound; uncertainty is over the observed compound panel, not broader chemical space.
l1000_phase2	tahoe	spearman	raw	0	all	retrieval_peer_sensitivity_dataset_pair	source_peer_normalized_rank	source_peer_normalized_rank	0.78033189910121	0.7624938191001245	0.7921235754742195	0.01481487818704752	bca	ok	0.95	2000	2000	1755	1755	110	query_pubchem_cid	direction,cell_type,time_key	direction	95% BCa bootstrap CI clustered by PubChem compound; uncertainty is over the observed compound panel, not broader chemical space.
l1000_phase2	tahoe	spearman	raw	0	all	retrieval_peer_sensitivity_dataset_pair	target_individual_corrected_percentile	target_individual_corrected_percentile	0.6245602873045026	0.577984500290481	0.6690587331023194	0.04553711640591923	bca	ok	0.95	2000	2000	1755	1755	110	query_pubchem_cid	direction,cell_type,time_key	direction	95% BCa bootstrap CI clustered by PubChem compound; uncertainty is over the observed compound panel, not broader chemical space.
l1000_phase2	tahoe	spearman	raw	0	all	retrieval_peer_sensitivity_dataset_pair	target_individual_fraction_below_observed	target_individual_fraction_below_observed	0.6211990754935413	0.5748813639880657	0.6679915846244193	0.04655511031817683	bca	ok	0.95	2000	2000	1755	1755	110	query_pubchem_cid	direction,cell_type,time_key	direction	95% BCa bootstrap CI clustered by PubChem compound; uncertainty is over the observed compound panel, not broader chemical space.
l1000_phase2	tahoe	spearman	raw	0	all	retrieval_peer_sensitivity_dataset_pair	target_individual_mean_similarity	target_individual_mean_similarity	-0.0007554402751041375	-0.002904022694816516	0.0021858408709657944	0.002544931782891155	bca	ok	0.95	2000	2000	1755	1755	110	query_pubchem_cid	direction,cell_type,time_key	direction	95% BCa bootstrap CI clustered by PubChem compound; uncertainty is over the observed compound panel, not broader chemical space.
l1000_phase2	tahoe	spearman	raw	0	all	retrieval_peer_sensitivity_dataset_pair	target_individual_n_peers	target_individual_n_peers	163.81261855836652	158.51328511489723	166.73762168278876	4.112168283945763	bca	ok	0.95	2000	2000	1755	1755	110	query_pubchem_cid	direction,cell_type,time_key	direction	95% BCa bootstrap CI clustered by PubChem compound; uncertainty is over the observed compound panel, not broader chemical space.
l1000_phase2	tahoe	spearman	raw	0	all	retrieval_peer_sensitivity_dataset_pair	target_individual_sd_similarity	target_individual_sd_similarity	0.04920855186555134	0.047279240045086206	0.05182718424716823	0.0022739721010410115	bca	ok	0.95	2000	2000	1755	1755	110	query_pubchem_cid	direction,cell_type,time_key	direction	95% BCa bootstrap CI clustered by PubChem compound; uncertainty is over the observed compound panel, not broader chemical space.
l1000_phase2	tahoe	spearman	raw	0	all	retrieval_peer_sensitivity_dataset_pair	target_peer_normalized_rank	target_peer_normalized_rank	0.5034700986759519	0.4994604501219188	0.5078604616403773	0.0042000057592292694	bca	ok	0.95	2000	2000	1755	1755	110	query_pubchem_cid	direction,cell_type,time_key	direction	95% BCa bootstrap CI clustered by PubChem compound; uncertainty is over the observed compound panel, not broader chemical space.
tahoe	sciplex	cosine	raw	0	all	retrieval_peer_sensitivity_dataset_pair	delta_vs_source_peer_normalized_rank	delta_vs_source_peer_normalized_rank	-0.10924901971315917	-0.18747211247246506	-0.017678613278095983	0.08489674959718455	bca	ok	0.95	2000	2000	223	223	23	query_pubchem_cid	direction,cell_type,time_key	direction	95% BCa bootstrap CI clustered by PubChem compound; uncertainty is over the observed compound panel, not broader chemical space.
tahoe	sciplex	cosine	raw	0	all	retrieval_peer_sensitivity_dataset_pair	delta_vs_target_peer_normalized_rank	delta_vs_target_peer_normalized_rank	0.1899532221101351	0.12296459517808253	0.2743888686204244	0.07571213672117093	bca	ok	0.95	2000	2000	223	223	23	query_pubchem_cid	direction,cell_type,time_key	direction	95% BCa bootstrap CI clustered by PubChem compound; uncertainty is over the observed compound panel, not broader chemical space.
tahoe	sciplex	cosine	raw	0	all	retrieval_peer_sensitivity_dataset_pair	source_individual_corrected_percentile	source_individual_corrected_percentile	0.3451498061910495	0.27033328020683095	0.44469875377804097	0.08718273678560501	bca	ok	0.95	2000	2000	223	223	23	query_pubchem_cid	direction,cell_type,time_key	direction	95% BCa bootstrap CI clustered by PubChem compound; uncertainty is over the observed compound panel, not broader chemical space.
tahoe	sciplex	cosine	raw	0	all	retrieval_peer_sensitivity_dataset_pair	source_individual_fraction_below_observed	source_individual_fraction_below_observed	0.3367896712845828	0.2613044503324792	0.45197955308932053	0.09533755137842068	bca	ok	0.95	2000	2000	223	223	23	query_pubchem_cid	direction,cell_type,time_key	direction	95% BCa bootstrap CI clustered by PubChem compound; uncertainty is over the observed compound panel, not broader chemical space.
tahoe	sciplex	cosine	raw	0	all	retrieval_peer_sensitivity_dataset_pair	source_individual_mean_similarity	source_individual_mean_similarity	0.13468206558843918	0.12246884649920886	0.14401680696952263	0.010773980235156883	bca	ok	0.95	2000	2000	223	223	23	query_pubchem_cid	direction,cell_type,time_key	direction	95% BCa bootstrap CI clustered by PubChem compound; uncertainty is over the observed compound panel, not broader chemical space.
tahoe	sciplex	cosine	raw	0	all	retrieval_peer_sensitivity_dataset_pair	source_individual_n_peers	source_individual_n_peers	115.80392156862744	114.41508717413814	117.25659497440293	1.4207539001323966	bca	ok	0.95	2000	2000	223	223	23	query_pubchem_cid	direction,cell_type,time_key	direction	95% BCa bootstrap CI clustered by PubChem compound; uncertainty is over the observed compound panel, not broader chemical space.
tahoe	sciplex	cosine	raw	0	all	retrieval_peer_sensitivity_dataset_pair	source_individual_sd_similarity	source_individual_sd_similarity	0.10305721502642519	0.09893558900850394	0.10891091695488858	0.004987663973192322	bca	ok	0.95	2000	2000	223	223	23	query_pubchem_cid	direction,cell_type,time_key	direction	95% BCa bootstrap CI clustered by PubChem compound; uncertainty is over the observed compound panel, not broader chemical space.
tahoe	sciplex	cosine	raw	0	all	retrieval_peer_sensitivity_dataset_pair	source_peer_normalized_rank	source_peer_normalized_rank	0.7979037225817309	0.7686355221760262	0.8237838291138947	0.02757415346893427	bca	ok	0.95	2000	2000	223	223	23	query_pubchem_cid	direction,cell_type,time_key	direction	95% BCa bootstrap CI clustered by PubChem compound; uncertainty is over the observed compound panel, not broader chemical space.
tahoe	sciplex	cosine	raw	0	all	retrieval_peer_sensitivity_dataset_pair	target_individual_corrected_percentile	target_individual_corrected_percentile	0.6966702366456071	0.6255060983769649	0.78184755463962	0.07817072813132753	bca	ok	0.95	2000	2000	223	223	23	query_pubchem_cid	direction,cell_type,time_key	direction	95% BCa bootstrap CI clustered by PubChem compound; uncertainty is over the observed compound panel, not broader chemical space.
tahoe	sciplex	cosine	raw	0	all	retrieval_peer_sensitivity_dataset_pair	target_individual_fraction_below_observed	target_individual_fraction_below_observed	0.6929677308293265	0.6221574170051548	0.7764362027066546	0.07713939285074989	bca	ok	0.95	2000	2000	223	223	23	query_pubchem_cid	direction,cell_type,time_key	direction	95% BCa bootstrap CI clustered by PubChem compound; uncertainty is over the observed compound panel, not broader chemical space.
tahoe	sciplex	cosine	raw	0	all	retrieval_peer_sensitivity_dataset_pair	target_individual_mean_similarity	target_individual_mean_similarity	0.005902674825488608	0.0016328549310997314	0.011274364117636224	0.004820754593268246	bca	ok	0.95	2000	2000	223	223	23	query_pubchem_cid	direction,cell_type,time_key	direction	95% BCa bootstrap CI clustered by PubChem compound; uncertainty is over the observed compound panel, not broader chemical space.
tahoe	sciplex	cosine	raw	0	all	retrieval_peer_sensitivity_dataset_pair	target_individual_n_peers	target_individual_n_peers	115.29386189258312	114.31392339544513	116.47574141822808	1.0809090113914763	bca	ok	0.95	2000	2000	223	223	23	query_pubchem_cid	direction,cell_type,time_key	direction	95% BCa bootstrap CI clustered by PubChem compound; uncertainty is over the observed compound panel, not broader chemical space.
tahoe	sciplex	cosine	raw	0	all	retrieval_peer_sensitivity_dataset_pair	target_individual_sd_similarity	target_individual_sd_similarity	0.036728484479650866	0.03238467059093574	0.04405809792884578	0.00583671366895502	bca	ok	0.95	2000	2000	223	223	23	query_pubchem_cid	direction,cell_type,time_key	direction	95% BCa bootstrap CI clustered by PubChem compound; uncertainty is over the observed compound panel, not broader chemical space.
tahoe	sciplex	cosine	raw	0	all	retrieval_peer_sensitivity_dataset_pair	target_peer_normalized_rank	target_peer_normalized_rank	0.4987014807584367	0.4904163449831893	0.5068156261484982	0.008199640582654433	bca	ok	0.95	2000	2000	223	223	23	query_pubchem_cid	direction,cell_type,time_key	direction	95% BCa bootstrap CI clustered by PubChem compound; uncertainty is over the observed compound panel, not broader chemical space.
tahoe	sciplex	spearman	raw	0	all	retrieval_peer_sensitivity_dataset_pair	delta_vs_source_peer_normalized_rank	delta_vs_source_peer_normalized_rank	-0.12434872246077175	-0.20247116230448933	-0.024276987698359814	0.08909708730306476	bca	ok	0.95	2000	2000	223	223	23	query_pubchem_cid	direction,cell_type,time_key	direction	95% BCa bootstrap CI clustered by PubChem compound; uncertainty is over the observed compound panel, not broader chemical space.
tahoe	sciplex	spearman	raw	0	all	retrieval_peer_sensitivity_dataset_pair	delta_vs_target_peer_normalized_rank	delta_vs_target_peer_normalized_rank	0.16497634382695373	0.09414561319798885	0.2505107747594679	0.07818258078073953	bca	ok	0.95	2000	2000	223	223	23	query_pubchem_cid	direction,cell_type,time_key	direction	95% BCa bootstrap CI clustered by PubChem compound; uncertainty is over the observed compound panel, not broader chemical space.
tahoe	sciplex	spearman	raw	0	all	retrieval_peer_sensitivity_dataset_pair	source_individual_corrected_percentile	source_individual_corrected_percentile	0.3333405708583888	0.26700334116900254	0.4298492086830194	0.08142293375700843	bca	ok	0.95	2000	2000	223	223	23	query_pubchem_cid	direction,cell_type,time_key	direction	95% BCa bootstrap CI clustered by PubChem compound; uncertainty is over the observed compound panel, not broader chemical space.
tahoe	sciplex	spearman	raw	0	all	retrieval_peer_sensitivity_dataset_pair	source_individual_fraction_below_observed	source_individual_fraction_below_observed	0.32487085024231044	0.25536871293037977	0.4237279058040115	0.08417959643681586	bca	ok	0.95	2000	2000	223	223	23	query_pubchem_cid	direction,cell_type,time_key	direction	95% BCa bootstrap CI clustered by PubChem compound; uncertainty is over the observed compound panel, not broader chemical space.
tahoe	sciplex	spearman	raw	0	all	retrieval_peer_sensitivity_dataset_pair	source_individual_mean_similarity	source_individual_mean_similarity	0.13485789136167178	0.12308555074193778	0.14407767703798152	0.010496063148021872	bca	ok	0.95	2000	2000	223	223	23	query_pubchem_cid	direction,cell_type,time_key	direction	95% BCa bootstrap CI clustered by PubChem compound; uncertainty is over the observed compound panel, not broader chemical space.
tahoe	sciplex	spearman	raw	0	all	retrieval_peer_sensitivity_dataset_pair	source_individual_n_peers	source_individual_n_peers	115.80392156862744	114.37931034482759	117.29718875502007	1.458939205096243	bca	ok	0.95	2000	2000	223	223	23	query_pubchem_cid	direction,cell_type,time_key	direction	95% BCa bootstrap CI clustered by PubChem compound; uncertainty is over the observed compound panel, not broader chemical space.
tahoe	sciplex	spearman	raw	0	all	retrieval_peer_sensitivity_dataset_pair	source_individual_sd_similarity	source_individual_sd_similarity	0.10728793859055169	0.10217747795640285	0.11282296379002935	0.005322742916813249	bca	ok	0.95	2000	2000	223	223	23	query_pubchem_cid	direction,cell_type,time_key	direction	95% BCa bootstrap CI clustered by PubChem compound; uncertainty is over the observed compound panel, not broader chemical space.
tahoe	sciplex	spearman	raw	0	all	retrieval_peer_sensitivity_dataset_pair	source_peer_normalized_rank	source_peer_normalized_rank	0.7896155810723438	0.7595588063095984	0.8141133763884327	0.027277285039417176	bca	ok	0.95	2000	2000	223	223	23	query_pubchem_cid	direction,cell_type,time_key	direction	95% BCa bootstrap CI clustered by PubChem compound; uncertainty is over the observed compound panel, not broader chemical space.
tahoe	sciplex	spearman	raw	0	all	retrieval_peer_sensitivity_dataset_pair	target_individual_corrected_percentile	target_individual_corrected_percentile	0.6688246621083364	0.6032010180349847	0.7590445173973087	0.077921749681162	bca	ok	0.95	2000	2000	223	223	23	query_pubchem_cid	direction,cell_type,time_key	direction	95% BCa bootstrap CI clustered by PubChem compound; uncertainty is over the observed compound panel, not broader chemical space.
tahoe	sciplex	spearman	raw	0	all	retrieval_peer_sensitivity_dataset_pair	target_individual_fraction_below_observed	target_individual_fraction_below_observed	0.6647364208065183	0.5918999137322529	0.7609855467495423	0.0845428165086447	bca	ok	0.95	2000	2000	223	223	23	query_pubchem_cid	direction,cell_type,time_key	direction	95% BCa bootstrap CI clustered by PubChem compound; uncertainty is over the observed compound panel, not broader chemical space.
tahoe	sciplex	spearman	raw	0	all	retrieval_peer_sensitivity_dataset_pair	target_individual_mean_similarity	target_individual_mean_similarity	0.00372364786931017	-0.001198653082588245	0.00867671959690948	0.004937686339748862	bca	ok	0.95	2000	2000	223	223	23	query_pubchem_cid	direction,cell_type,time_key	direction	95% BCa bootstrap CI clustered by PubChem compound; uncertainty is over the observed compound panel, not broader chemical space.
tahoe	sciplex	spearman	raw	0	all	retrieval_peer_sensitivity_dataset_pair	target_individual_n_peers	target_individual_n_peers	115.29386189258312	114.26611694152923	116.45577211394303	1.0948275862068968	bca	ok	0.95	2000	2000	223	223	23	query_pubchem_cid	direction,cell_type,time_key	direction	95% BCa bootstrap CI clustered by PubChem compound; uncertainty is over the observed compound panel, not broader chemical space.
tahoe	sciplex	spearman	raw	0	all	retrieval_peer_sensitivity_dataset_pair	target_individual_sd_similarity	target_individual_sd_similarity	0.03675534618299565	0.032567703977623964	0.04320867481353274	0.005320485417954386	bca	ok	0.95	2000	2000	223	223	23	query_pubchem_cid	direction,cell_type,time_key	direction	95% BCa bootstrap CI clustered by PubChem compound; uncertainty is over the observed compound panel, not broader chemical space.
tahoe	sciplex	spearman	raw	0	all	retrieval_peer_sensitivity_dataset_pair	target_peer_normalized_rank	target_peer_normalized_rank	0.5002905147846183	0.4908169969601629	0.5084768650580658	0.008829934048951438	bca	ok	0.95	2000	2000	223	223	23	query_pubchem_cid	direction,cell_type,time_key	direction	95% BCa bootstrap CI clustered by PubChem compound; uncertainty is over the observed compound panel, not broader chemical space.
