dose_threshold	threshold_order	max_fold_difference	max_abs_delta_log10_dose	is_reference	dataset_a	dataset_b	summary_level	metric	value_col	mean	ci_low	ci_high	ci_half_width	ci_method	ci_status	ci_level	n_bootstrap_iterations	n_bootstrap_valid	n_rows	n_finite_rows	n_compounds	cluster_col	inner_strata	outer_strata	uncertainty_scope	cell_type
2x	1	2.0	0.3010299956639812	False	l1000_phase1	l1000_phase2	dose_threshold_dataset_pair	observed_deg_lfc_spearman_sym_p05	mean_observed_deg_lfc_spearman_sym_p05	0.1593182263844213	0.11086979035521198	0.21282880078037508	0.05097950521258155	bca	ok	0.95	2000	2000	553	506	170	pubchem_cid			95% BCa bootstrap CI clustered by PubChem compound; uncertainty is over the observed compound panel, not broader chemical space.	
2x	1	2.0	0.3010299956639812	False	l1000_phase1	l1000_phase2	dose_threshold_dataset_pair	baseline_pair_deg_lfc_spearman_p05	mean_baseline_pair_deg_lfc_spearman_p05	0.3841724460619057	0.35481544632560746	0.40926053953468355	0.027222546604538045	bca	ok	0.95	2000	2000	553	553	176	pubchem_cid			95% BCa bootstrap CI clustered by PubChem compound; uncertainty is over the observed compound panel, not broader chemical space.	
2x	1	2.0	0.3010299956639812	False	l1000_phase1	l1000_phase2	dose_threshold_dataset_pair	delta_vs_baseline_pair_deg_lfc_spearman_p05	mean_delta_vs_baseline_pair_deg_lfc_spearman_p05	-0.21974623182495456	-0.2655172318579292	-0.17528033815602623	0.04511844685095148	bca	ok	0.95	2000	2000	553	506	170	pubchem_cid			95% BCa bootstrap CI clustered by PubChem compound; uncertainty is over the observed compound panel, not broader chemical space.	
2x	1	2.0	0.3010299956639812	False	l1000_phase1	l1000_phase2	dose_threshold_dataset_pair	observed_direction_agreement_p05	mean_observed_direction_agreement_p05	0.8949486055671774	0.8641586258546246	0.9209851780901733	0.02841327611777439	bca	ok	0.95	2000	2000	553	276	110	pubchem_cid			95% BCa bootstrap CI clustered by PubChem compound; uncertainty is over the observed compound panel, not broader chemical space.	
2x	1	2.0	0.3010299956639812	False	l1000_phase1	l1000_phase2	dose_threshold_dataset_pair	baseline_pair_direction_agreement_p05	mean_baseline_pair_direction_agreement_p05	0.7085395399888197	0.694474204294076	0.7231249693553872	0.014325382530655573	bca	ok	0.95	2000	2000	553	553	176	pubchem_cid			95% BCa bootstrap CI clustered by PubChem compound; uncertainty is over the observed compound panel, not broader chemical space.	
2x	1	2.0	0.3010299956639812	False	l1000_phase1	l1000_phase2	dose_threshold_dataset_pair	delta_vs_baseline_pair_direction_agreement_p05	mean_delta_vs_baseline_pair_direction_agreement_p05	0.14512812349632287	0.11672949417470974	0.17194200780764488	0.02760625681646757	bca	ok	0.95	2000	2000	553	276	110	pubchem_cid			95% BCa bootstrap CI clustered by PubChem compound; uncertainty is over the observed compound panel, not broader chemical space.	
2x	1	2.0	0.3010299956639812	False	l1000_phase1	sciplex	dose_threshold_dataset_pair	observed_deg_lfc_spearman_sym_p05	mean_observed_deg_lfc_spearman_sym_p05	0.2533539260837602	0.009448454595252481	0.48616804670849456	0.23835979605662105	bca	ok	0.95	2000	2000	53	7	5	pubchem_cid			95% BCa bootstrap CI clustered by PubChem compound; uncertainty is over the observed compound panel, not broader chemical space.	
2x	1	2.0	0.3010299956639812	False	l1000_phase1	sciplex	dose_threshold_dataset_pair	baseline_pair_deg_lfc_spearman_p05	mean_baseline_pair_deg_lfc_spearman_p05	0.250934641883557	0.09775266331086326	0.3760000826549881	0.13912370967206242	bca	ok	0.95	2000	2000	53	49	37	pubchem_cid			95% BCa bootstrap CI clustered by PubChem compound; uncertainty is over the observed compound panel, not broader chemical space.	
2x	1	2.0	0.3010299956639812	False	l1000_phase1	sciplex	dose_threshold_dataset_pair	delta_vs_baseline_pair_deg_lfc_spearman_p05	mean_delta_vs_baseline_pair_deg_lfc_spearman_p05	-0.19139379496274683	-0.5160943585042191	-0.08020225803289695	0.2179460502356611	bca	ok	0.95	2000	2000	53	7	5	pubchem_cid			95% BCa bootstrap CI clustered by PubChem compound; uncertainty is over the observed compound panel, not broader chemical space.	
2x	1	2.0	0.3010299956639812	False	l1000_phase1	sciplex	dose_threshold_dataset_pair	observed_direction_agreement_p05	mean_observed_direction_agreement_p05	0.9137834821428572	0.7622279540041915	0.979591836734694	0.10868194136525122	bca	ok	0.95	2000	2000	53	8	6	pubchem_cid			95% BCa bootstrap CI clustered by PubChem compound; uncertainty is over the observed compound panel, not broader chemical space.	
2x	1	2.0	0.3010299956639812	False	l1000_phase1	sciplex	dose_threshold_dataset_pair	baseline_pair_direction_agreement_p05	mean_baseline_pair_direction_agreement_p05	0.6769844551323266	0.6077580064127736	0.7373426627355169	0.06479232816137165	bca	ok	0.95	2000	2000	53	52	37	pubchem_cid			95% BCa bootstrap CI clustered by PubChem compound; uncertainty is over the observed compound panel, not broader chemical space.	
2x	1	2.0	0.3010299956639812	False	l1000_phase1	sciplex	dose_threshold_dataset_pair	delta_vs_baseline_pair_direction_agreement_p05	mean_delta_vs_baseline_pair_direction_agreement_p05	0.12968534470850748	0.04724163770673438	0.20770515247983048	0.08023175738654806	bca	ok	0.95	2000	2000	53	8	6	pubchem_cid			95% BCa bootstrap CI clustered by PubChem compound; uncertainty is over the observed compound panel, not broader chemical space.	
2x	1	2.0	0.3010299956639812	False	l1000_phase1	tahoe	dose_threshold_dataset_pair	observed_deg_lfc_spearman_sym_p05	mean_observed_deg_lfc_spearman_sym_p05	0.1622265556796972	-0.05849449107876384	0.3200686690168851	0.18928158004782447	bca	ok	0.95	2000	2000	21	13	11	pubchem_cid			95% BCa bootstrap CI clustered by PubChem compound; uncertainty is over the observed compound panel, not broader chemical space.	
2x	1	2.0	0.3010299956639812	False	l1000_phase1	tahoe	dose_threshold_dataset_pair	baseline_pair_deg_lfc_spearman_p05	mean_baseline_pair_deg_lfc_spearman_p05	0.4231600792720486	0.28892938290275993	0.5121132739615222	0.11159194552938112	bca	ok	0.95	2000	2000	21	21	17	pubchem_cid			95% BCa bootstrap CI clustered by PubChem compound; uncertainty is over the observed compound panel, not broader chemical space.	
2x	1	2.0	0.3010299956639812	False	l1000_phase1	tahoe	dose_threshold_dataset_pair	delta_vs_baseline_pair_deg_lfc_spearman_p05	mean_delta_vs_baseline_pair_deg_lfc_spearman_p05	-0.2608057337586894	-0.36736118648759414	-0.1595476547777554	0.10390676585491937	bca	ok	0.95	2000	2000	21	13	11	pubchem_cid			95% BCa bootstrap CI clustered by PubChem compound; uncertainty is over the observed compound panel, not broader chemical space.	
2x	1	2.0	0.3010299956639812	False	l1000_phase1	tahoe	dose_threshold_dataset_pair	observed_direction_agreement_p05	mean_observed_direction_agreement_p05	0.7211948840512399	0.3329886754825082	0.8461948840512399	0.25660310428436583	bca	ok	0.95	2000	2000	21	8	6	pubchem_cid			95% BCa bootstrap CI clustered by PubChem compound; uncertainty is over the observed compound panel, not broader chemical space.	
2x	1	2.0	0.3010299956639812	False	l1000_phase1	tahoe	dose_threshold_dataset_pair	baseline_pair_direction_agreement_p05	mean_baseline_pair_direction_agreement_p05	0.7356507383191901	0.6898214716085186	0.7933317098615036	0.0517551191264925	bca	ok	0.95	2000	2000	21	21	17	pubchem_cid			95% BCa bootstrap CI clustered by PubChem compound; uncertainty is over the observed compound panel, not broader chemical space.	
2x	1	2.0	0.3010299956639812	False	l1000_phase1	tahoe	dose_threshold_dataset_pair	delta_vs_baseline_pair_direction_agreement_p05	mean_delta_vs_baseline_pair_direction_agreement_p05	-0.03149658972298584	-0.4837340946270833	0.08855240101461505	0.28614324782084916	bca	ok	0.95	2000	2000	21	8	6	pubchem_cid			95% BCa bootstrap CI clustered by PubChem compound; uncertainty is over the observed compound panel, not broader chemical space.	
2x	1	2.0	0.3010299956639812	False	l1000_phase2	sciplex	dose_threshold_dataset_pair	observed_deg_lfc_spearman_sym_p05	mean_observed_deg_lfc_spearman_sym_p05	0.38264716306331237	0.1816484099450429	0.5350020750980957	0.17667683257652642	bca	ok	0.95	2000	2000	127	15	14	pubchem_cid			95% BCa bootstrap CI clustered by PubChem compound; uncertainty is over the observed compound panel, not broader chemical space.	
2x	1	2.0	0.3010299956639812	False	l1000_phase2	sciplex	dose_threshold_dataset_pair	baseline_pair_deg_lfc_spearman_p05	mean_baseline_pair_deg_lfc_spearman_p05	0.2130265182938198	0.11573633237550775	0.30156855944367233	0.0929161135340823	bca	ok	0.95	2000	2000	127	102	73	pubchem_cid			95% BCa bootstrap CI clustered by PubChem compound; uncertainty is over the observed compound panel, not broader chemical space.	
2x	1	2.0	0.3010299956639812	False	l1000_phase2	sciplex	dose_threshold_dataset_pair	delta_vs_baseline_pair_deg_lfc_spearman_p05	mean_delta_vs_baseline_pair_deg_lfc_spearman_p05	-0.021986090100684096	-0.13366167575042995	0.13121699153603858	0.13243933364323426	bca	ok	0.95	2000	2000	127	15	14	pubchem_cid			95% BCa bootstrap CI clustered by PubChem compound; uncertainty is over the observed compound panel, not broader chemical space.	
2x	1	2.0	0.3010299956639812	False	l1000_phase2	sciplex	dose_threshold_dataset_pair	observed_direction_agreement_p05	mean_observed_direction_agreement_p05	0.930650791271345	0.8527018386076941	0.9740733151183971	0.06068573825535151	bca	ok	0.95	2000	2000	127	15	15	pubchem_cid			95% BCa bootstrap CI clustered by PubChem compound; uncertainty is over the observed compound panel, not broader chemical space.	
2x	1	2.0	0.3010299956639812	False	l1000_phase2	sciplex	dose_threshold_dataset_pair	baseline_pair_direction_agreement_p05	mean_baseline_pair_direction_agreement_p05	0.6441333337955752	0.6025027595441164	0.6791891557477493	0.03834319810181647	bca	ok	0.95	2000	2000	127	113	78	pubchem_cid			95% BCa bootstrap CI clustered by PubChem compound; uncertainty is over the observed compound panel, not broader chemical space.	
2x	1	2.0	0.3010299956639812	False	l1000_phase2	sciplex	dose_threshold_dataset_pair	delta_vs_baseline_pair_direction_agreement_p05	mean_delta_vs_baseline_pair_direction_agreement_p05	0.21033891688062933	0.1405464784216955	0.2738305571349709	0.0666420393566377	bca	ok	0.95	2000	2000	127	15	15	pubchem_cid			95% BCa bootstrap CI clustered by PubChem compound; uncertainty is over the observed compound panel, not broader chemical space.	
2x	1	2.0	0.3010299956639812	False	l1000_phase2	tahoe	dose_threshold_dataset_pair	observed_deg_lfc_spearman_sym_p05	mean_observed_deg_lfc_spearman_sym_p05	0.06603606577139064	-0.04242732324053144	0.1679741960219581	0.10520075963124477	bca	ok	0.95	2000	2000	134	58	47	pubchem_cid			95% BCa bootstrap CI clustered by PubChem compound; uncertainty is over the observed compound panel, not broader chemical space.	
2x	1	2.0	0.3010299956639812	False	l1000_phase2	tahoe	dose_threshold_dataset_pair	baseline_pair_deg_lfc_spearman_p05	mean_baseline_pair_deg_lfc_spearman_p05	0.26106327017007014	0.17500577824543995	0.3396887391426504	0.08234148044860523	bca	ok	0.95	2000	2000	134	122	101	pubchem_cid			95% BCa bootstrap CI clustered by PubChem compound; uncertainty is over the observed compound panel, not broader chemical space.	
2x	1	2.0	0.3010299956639812	False	l1000_phase2	tahoe	dose_threshold_dataset_pair	delta_vs_baseline_pair_deg_lfc_spearman_p05	mean_delta_vs_baseline_pair_deg_lfc_spearman_p05	-0.30846480699563866	-0.423295234736231	-0.17395098718956956	0.12467212377333071	bca	ok	0.95	2000	2000	134	58	47	pubchem_cid			95% BCa bootstrap CI clustered by PubChem compound; uncertainty is over the observed compound panel, not broader chemical space.	
2x	1	2.0	0.3010299956639812	False	l1000_phase2	tahoe	dose_threshold_dataset_pair	observed_direction_agreement_p05	mean_observed_direction_agreement_p05	0.6459935266266588	0.4778324031916372	0.7681685532721876	0.14516807504027518	bca	ok	0.95	2000	2000	134	24	18	pubchem_cid			95% BCa bootstrap CI clustered by PubChem compound; uncertainty is over the observed compound panel, not broader chemical space.	
2x	1	2.0	0.3010299956639812	False	l1000_phase2	tahoe	dose_threshold_dataset_pair	baseline_pair_direction_agreement_p05	mean_baseline_pair_direction_agreement_p05	0.6689375692087576	0.6325343588799881	0.7061410221519047	0.03680333163595828	bca	ok	0.95	2000	2000	134	130	107	pubchem_cid			95% BCa bootstrap CI clustered by PubChem compound; uncertainty is over the observed compound panel, not broader chemical space.	
2x	1	2.0	0.3010299956639812	False	l1000_phase2	tahoe	dose_threshold_dataset_pair	delta_vs_baseline_pair_direction_agreement_p05	mean_delta_vs_baseline_pair_direction_agreement_p05	-0.14063534744863326	-0.31179329876362444	-0.025610792113187876	0.14309125332521827	bca	ok	0.95	2000	2000	134	24	18	pubchem_cid			95% BCa bootstrap CI clustered by PubChem compound; uncertainty is over the observed compound panel, not broader chemical space.	
2x	1	2.0	0.3010299956639812	False	tahoe	sciplex	dose_threshold_dataset_pair	observed_deg_lfc_spearman_sym_p05	mean_observed_deg_lfc_spearman_sym_p05	0.15785887696601744	-0.13675464351991556	0.33966618997760045	0.238210416748758	bca	ok	0.95	2000	2000	23	8	8	pubchem_cid			95% BCa bootstrap CI clustered by PubChem compound; uncertainty is over the observed compound panel, not broader chemical space.	
2x	1	2.0	0.3010299956639812	False	tahoe	sciplex	dose_threshold_dataset_pair	baseline_pair_deg_lfc_spearman_p05	mean_baseline_pair_deg_lfc_spearman_p05	0.5121751091782398	0.1897012844224384	0.6719900834096788	0.2411443994936202	bca	ok	0.95	2000	2000	23	17	17	pubchem_cid			95% BCa bootstrap CI clustered by PubChem compound; uncertainty is over the observed compound panel, not broader chemical space.	
2x	1	2.0	0.3010299956639812	False	tahoe	sciplex	dose_threshold_dataset_pair	delta_vs_baseline_pair_deg_lfc_spearman_p05	mean_delta_vs_baseline_pair_deg_lfc_spearman_p05	-0.41269642524999023	-0.6495433947524386	-0.24066851298689748	0.20443744088277055	bca	ok	0.95	2000	2000	23	8	8	pubchem_cid			95% BCa bootstrap CI clustered by PubChem compound; uncertainty is over the observed compound panel, not broader chemical space.	
2x	1	2.0	0.3010299956639812	False	tahoe	sciplex	dose_threshold_dataset_pair	observed_direction_agreement_p05	mean_observed_direction_agreement_p05	0.8933727687837276	0.8510273972602741	0.9163636363636364	0.03266811955168114	bca	ok	0.95	2000	2000	23	3	3	pubchem_cid			95% BCa bootstrap CI clustered by PubChem compound; uncertainty is over the observed compound panel, not broader chemical space.	
2x	1	2.0	0.3010299956639812	False	tahoe	sciplex	dose_threshold_dataset_pair	baseline_pair_direction_agreement_p05	mean_baseline_pair_direction_agreement_p05	0.8888464119091276	0.8343156565723973	0.9348350541215087	0.05025969877455572	bca	ok	0.95	2000	2000	23	21	21	pubchem_cid			95% BCa bootstrap CI clustered by PubChem compound; uncertainty is over the observed compound panel, not broader chemical space.	
2x	1	2.0	0.3010299956639812	False	tahoe	sciplex	dose_threshold_dataset_pair	delta_vs_baseline_pair_direction_agreement_p05	mean_delta_vs_baseline_pair_direction_agreement_p05	0.14580006737005538	0.1216694184553293	0.1673678129258306	0.022849197235250654	bca	ok	0.95	2000	2000	23	3	3	pubchem_cid			95% BCa bootstrap CI clustered by PubChem compound; uncertainty is over the observed compound panel, not broader chemical space.	
2x	1	2.0	0.3010299956639812	False	l1000_phase1	l1000_phase2	dose_threshold_dataset_pair_line	observed_deg_lfc_spearman_sym_p05	mean_observed_deg_lfc_spearman_sym_p05	0.31629320890863294	0.16768977677420394	0.44961312182366686	0.14096167252473146	bca	ok	0.95	2000	2000	16	16	16	pubchem_cid			95% BCa bootstrap CI clustered by PubChem compound; uncertainty is over the observed compound panel, not broader chemical space.	CVCL_0023
2x	1	2.0	0.3010299956639812	False	l1000_phase1	l1000_phase2	dose_threshold_dataset_pair_line	baseline_pair_deg_lfc_spearman_p05	mean_baseline_pair_deg_lfc_spearman_p05	0.42812599061953227	0.260264037629969	0.5298877154373777	0.13481183890370432	bca	ok	0.95	2000	2000	16	16	16	pubchem_cid			95% BCa bootstrap CI clustered by PubChem compound; uncertainty is over the observed compound panel, not broader chemical space.	CVCL_0023
2x	1	2.0	0.3010299956639812	False	l1000_phase1	l1000_phase2	dose_threshold_dataset_pair_line	delta_vs_baseline_pair_deg_lfc_spearman_p05	mean_delta_vs_baseline_pair_deg_lfc_spearman_p05	-0.17256640545865065	-0.3210325496292185	-0.057615102717865685	0.1317087234556764	bca	ok	0.95	2000	2000	16	16	16	pubchem_cid			95% BCa bootstrap CI clustered by PubChem compound; uncertainty is over the observed compound panel, not broader chemical space.	CVCL_0023
2x	1	2.0	0.3010299956639812	False	l1000_phase1	l1000_phase2	dose_threshold_dataset_pair_line	observed_direction_agreement_p05	mean_observed_direction_agreement_p05	0.9089805230351615	0.7919297195156454	0.9695280741705712	0.0887991773274629	bca	ok	0.95	2000	2000	16	13	13	pubchem_cid			95% BCa bootstrap CI clustered by PubChem compound; uncertainty is over the observed compound panel, not broader chemical space.	CVCL_0023
2x	1	2.0	0.3010299956639812	False	l1000_phase1	l1000_phase2	dose_threshold_dataset_pair_line	baseline_pair_direction_agreement_p05	mean_baseline_pair_direction_agreement_p05	0.7458951120249473	0.6760579434937276	0.7924947507462056	0.05821840362623898	bca	ok	0.95	2000	2000	16	16	16	pubchem_cid			95% BCa bootstrap CI clustered by PubChem compound; uncertainty is over the observed compound panel, not broader chemical space.	CVCL_0023
2x	1	2.0	0.3010299956639812	False	l1000_phase1	l1000_phase2	dose_threshold_dataset_pair_line	delta_vs_baseline_pair_direction_agreement_p05	mean_delta_vs_baseline_pair_direction_agreement_p05	0.12018455302509341	-0.024898491421755608	0.19234484656638481	0.1086216689940702	bca	ok	0.95	2000	2000	16	13	13	pubchem_cid			95% BCa bootstrap CI clustered by PubChem compound; uncertainty is over the observed compound panel, not broader chemical space.	CVCL_0023
2x	1	2.0	0.3010299956639812	False	l1000_phase1	l1000_phase2	dose_threshold_dataset_pair_line	observed_deg_lfc_spearman_sym_p05	mean_observed_deg_lfc_spearman_sym_p05	0.05933229444082758	-0.006360859541661322	0.11998471375540835	0.06317278664853483	bca	ok	0.95	2000	2000	136	130	130	pubchem_cid			95% BCa bootstrap CI clustered by PubChem compound; uncertainty is over the observed compound panel, not broader chemical space.	CVCL_0031
2x	1	2.0	0.3010299956639812	False	l1000_phase1	l1000_phase2	dose_threshold_dataset_pair_line	baseline_pair_deg_lfc_spearman_p05	mean_baseline_pair_deg_lfc_spearman_p05	0.3017093783018402	0.25732348881403644	0.3428600643264111	0.04276828775618732	bca	ok	0.95	2000	2000	136	136	136	pubchem_cid			95% BCa bootstrap CI clustered by PubChem compound; uncertainty is over the observed compound panel, not broader chemical space.	CVCL_0031
2x	1	2.0	0.3010299956639812	False	l1000_phase1	l1000_phase2	dose_threshold_dataset_pair_line	delta_vs_baseline_pair_deg_lfc_spearman_p05	mean_delta_vs_baseline_pair_deg_lfc_spearman_p05	-0.23920165982235117	-0.3057646360177527	-0.1747222220370731	0.06552120699033981	bca	ok	0.95	2000	2000	136	130	130	pubchem_cid			95% BCa bootstrap CI clustered by PubChem compound; uncertainty is over the observed compound panel, not broader chemical space.	CVCL_0031
2x	1	2.0	0.3010299956639812	False	l1000_phase1	l1000_phase2	dose_threshold_dataset_pair_line	observed_direction_agreement_p05	mean_observed_direction_agreement_p05	0.8431925056728876	0.7663182804004897	0.896941937985658	0.06531182879258418	bca	ok	0.95	2000	2000	136	60	60	pubchem_cid			95% BCa bootstrap CI clustered by PubChem compound; uncertainty is over the observed compound panel, not broader chemical space.	CVCL_0031
2x	1	2.0	0.3010299956639812	False	l1000_phase1	l1000_phase2	dose_threshold_dataset_pair_line	baseline_pair_direction_agreement_p05	mean_baseline_pair_direction_agreement_p05	0.6832789761928022	0.6629639193066728	0.7029752247730059	0.020005652733166568	bca	ok	0.95	2000	2000	136	136	136	pubchem_cid			95% BCa bootstrap CI clustered by PubChem compound; uncertainty is over the observed compound panel, not broader chemical space.	CVCL_0031
2x	1	2.0	0.3010299956639812	False	l1000_phase1	l1000_phase2	dose_threshold_dataset_pair_line	delta_vs_baseline_pair_direction_agreement_p05	mean_delta_vs_baseline_pair_direction_agreement_p05	0.14114982116894806	0.06295811538851395	0.20173977501718438	0.06939082981433521	bca	ok	0.95	2000	2000	136	60	60	pubchem_cid			95% BCa bootstrap CI clustered by PubChem compound; uncertainty is over the observed compound panel, not broader chemical space.	CVCL_0031
2x	1	2.0	0.3010299956639812	False	l1000_phase1	l1000_phase2	dose_threshold_dataset_pair_line	observed_deg_lfc_spearman_sym_p05	mean_observed_deg_lfc_spearman_sym_p05	0.18495367218631714	0.08495937061127845	0.28328329809568353	0.09916196374220254	bca	ok	0.95	2000	2000	63	57	57	pubchem_cid			95% BCa bootstrap CI clustered by PubChem compound; uncertainty is over the observed compound panel, not broader chemical space.	CVCL_0033
2x	1	2.0	0.3010299956639812	False	l1000_phase1	l1000_phase2	dose_threshold_dataset_pair_line	baseline_pair_deg_lfc_spearman_p05	mean_baseline_pair_deg_lfc_spearman_p05	0.3677367384987096	0.2939627409552803	0.4335646349151959	0.06980094697995781	bca	ok	0.95	2000	2000	63	63	63	pubchem_cid			95% BCa bootstrap CI clustered by PubChem compound; uncertainty is over the observed compound panel, not broader chemical space.	CVCL_0033
2x	1	2.0	0.3010299956639812	False	l1000_phase1	l1000_phase2	dose_threshold_dataset_pair_line	delta_vs_baseline_pair_deg_lfc_spearman_p05	mean_delta_vs_baseline_pair_deg_lfc_spearman_p05	-0.2272219254017624	-0.34282980998976076	-0.12936816568710094	0.10673082215132991	bca	ok	0.95	2000	2000	63	57	57	pubchem_cid			95% BCa bootstrap CI clustered by PubChem compound; uncertainty is over the observed compound panel, not broader chemical space.	CVCL_0033
2x	1	2.0	0.3010299956639812	False	l1000_phase1	l1000_phase2	dose_threshold_dataset_pair_line	observed_direction_agreement_p05	mean_observed_direction_agreement_p05	0.9550413775216738	0.9206610487473523	0.9781266930244445	0.02873282213854611	bca	ok	0.95	2000	2000	63	30	30	pubchem_cid			95% BCa bootstrap CI clustered by PubChem compound; uncertainty is over the observed compound panel, not broader chemical space.	CVCL_0033
2x	1	2.0	0.3010299956639812	False	l1000_phase1	l1000_phase2	dose_threshold_dataset_pair_line	baseline_pair_direction_agreement_p05	mean_baseline_pair_direction_agreement_p05	0.666610566994492	0.627787179956804	0.7011522437435697	0.03668253189338283	bca	ok	0.95	2000	2000	63	63	63	pubchem_cid			95% BCa bootstrap CI clustered by PubChem compound; uncertainty is over the observed compound panel, not broader chemical space.	CVCL_0033
2x	1	2.0	0.3010299956639812	False	l1000_phase1	l1000_phase2	dose_threshold_dataset_pair_line	delta_vs_baseline_pair_direction_agreement_p05	mean_delta_vs_baseline_pair_direction_agreement_p05	0.22258362339889723	0.17084843165486804	0.2745547907194607	0.05185317953229633	bca	ok	0.95	2000	2000	63	30	30	pubchem_cid			95% BCa bootstrap CI clustered by PubChem compound; uncertainty is over the observed compound panel, not broader chemical space.	CVCL_0033
2x	1	2.0	0.3010299956639812	False	l1000_phase1	l1000_phase2	dose_threshold_dataset_pair_line	observed_deg_lfc_spearman_sym_p05	mean_observed_deg_lfc_spearman_sym_p05	-0.008266253301068397	-0.11297767571396082	0.06429061339581926	0.08863414455489005	bca	ok	0.95	2000	2000	15	14	14	pubchem_cid			95% BCa bootstrap CI clustered by PubChem compound; uncertainty is over the observed compound panel, not broader chemical space.	CVCL_0035
2x	1	2.0	0.3010299956639812	False	l1000_phase1	l1000_phase2	dose_threshold_dataset_pair_line	baseline_pair_deg_lfc_spearman_p05	mean_baseline_pair_deg_lfc_spearman_p05	0.30015720021362013	0.2331242486272613	0.36151499085182176	0.06419537111228023	bca	ok	0.95	2000	2000	15	15	15	pubchem_cid			95% BCa bootstrap CI clustered by PubChem compound; uncertainty is over the observed compound panel, not broader chemical space.	CVCL_0035
2x	1	2.0	0.3010299956639812	False	l1000_phase1	l1000_phase2	dose_threshold_dataset_pair_line	delta_vs_baseline_pair_deg_lfc_spearman_p05	mean_delta_vs_baseline_pair_deg_lfc_spearman_p05	-0.2982368144851482	-0.4461216573140757	-0.20067731531874994	0.12272217099766289	bca	ok	0.95	2000	2000	15	14	14	pubchem_cid			95% BCa bootstrap CI clustered by PubChem compound; uncertainty is over the observed compound panel, not broader chemical space.	CVCL_0035
2x	1	2.0	0.3010299956639812	False	l1000_phase1	l1000_phase2	dose_threshold_dataset_pair_line	observed_direction_agreement_p05	mean_observed_direction_agreement_p05	0.6559216925772109	0.482660303125014	0.8015260881816068	0.15943289252829637	bca	ok	0.95	2000	2000	15	13	13	pubchem_cid			95% BCa bootstrap CI clustered by PubChem compound; uncertainty is over the observed compound panel, not broader chemical space.	CVCL_0035
2x	1	2.0	0.3010299956639812	False	l1000_phase1	l1000_phase2	dose_threshold_dataset_pair_line	baseline_pair_direction_agreement_p05	mean_baseline_pair_direction_agreement_p05	0.673702071550472	0.6481226703480918	0.7108328859343946	0.03135510779315143	bca	ok	0.95	2000	2000	15	15	15	pubchem_cid			95% BCa bootstrap CI clustered by PubChem compound; uncertainty is over the observed compound panel, not broader chemical space.	CVCL_0035
2x	1	2.0	0.3010299956639812	False	l1000_phase1	l1000_phase2	dose_threshold_dataset_pair_line	delta_vs_baseline_pair_direction_agreement_p05	mean_delta_vs_baseline_pair_direction_agreement_p05	-0.02061342788151878	-0.1940868058526883	0.14369606531842635	0.16889143558555733	bca	ok	0.95	2000	2000	15	13	13	pubchem_cid			95% BCa bootstrap CI clustered by PubChem compound; uncertainty is over the observed compound panel, not broader chemical space.	CVCL_0035
2x	1	2.0	0.3010299956639812	False	l1000_phase1	l1000_phase2	dose_threshold_dataset_pair_line	observed_deg_lfc_spearman_sym_p05	mean_observed_deg_lfc_spearman_sym_p05	0.17134418661405365	0.07186959141954292	0.25378393046147857	0.09095716952096783	bca	ok	0.95	2000	2000	94	84	84	pubchem_cid			95% BCa bootstrap CI clustered by PubChem compound; uncertainty is over the observed compound panel, not broader chemical space.	CVCL_0062
2x	1	2.0	0.3010299956639812	False	l1000_phase1	l1000_phase2	dose_threshold_dataset_pair_line	baseline_pair_deg_lfc_spearman_p05	mean_baseline_pair_deg_lfc_spearman_p05	0.34662128442750983	0.2831414917330312	0.4021231060309523	0.059490807148960545	bca	ok	0.95	2000	2000	94	94	94	pubchem_cid			95% BCa bootstrap CI clustered by PubChem compound; uncertainty is over the observed compound panel, not broader chemical space.	CVCL_0062
2x	1	2.0	0.3010299956639812	False	l1000_phase1	l1000_phase2	dose_threshold_dataset_pair_line	delta_vs_baseline_pair_deg_lfc_spearman_p05	mean_delta_vs_baseline_pair_deg_lfc_spearman_p05	-0.1621310289512563	-0.25338563034723327	-0.08337297569602478	0.08500632732560424	bca	ok	0.95	2000	2000	94	84	84	pubchem_cid			95% BCa bootstrap CI clustered by PubChem compound; uncertainty is over the observed compound panel, not broader chemical space.	CVCL_0062
2x	1	2.0	0.3010299956639812	False	l1000_phase1	l1000_phase2	dose_threshold_dataset_pair_line	observed_direction_agreement_p05	mean_observed_direction_agreement_p05	0.9224486689345633	0.8034568521851992	0.9663780562793265	0.08146060204706362	bca	ok	0.95	2000	2000	94	41	41	pubchem_cid			95% BCa bootstrap CI clustered by PubChem compound; uncertainty is over the observed compound panel, not broader chemical space.	CVCL_0062
2x	1	2.0	0.3010299956639812	False	l1000_phase1	l1000_phase2	dose_threshold_dataset_pair_line	baseline_pair_direction_agreement_p05	mean_baseline_pair_direction_agreement_p05	0.6886375970697106	0.6589059863032305	0.7175282552368175	0.02931113446679351	bca	ok	0.95	2000	2000	94	94	94	pubchem_cid			95% BCa bootstrap CI clustered by PubChem compound; uncertainty is over the observed compound panel, not broader chemical space.	CVCL_0062
2x	1	2.0	0.3010299956639812	False	l1000_phase1	l1000_phase2	dose_threshold_dataset_pair_line	delta_vs_baseline_pair_direction_agreement_p05	mean_delta_vs_baseline_pair_direction_agreement_p05	0.1887086193883162	0.10478579772871416	0.24564779352323296	0.0704309978972594	bca	ok	0.95	2000	2000	94	41	41	pubchem_cid			95% BCa bootstrap CI clustered by PubChem compound; uncertainty is over the observed compound panel, not broader chemical space.	CVCL_0062
2x	1	2.0	0.3010299956639812	False	l1000_phase1	l1000_phase2	dose_threshold_dataset_pair_line	observed_deg_lfc_spearman_sym_p05	mean_observed_deg_lfc_spearman_sym_p05	0.3229493893086418	0.03306376224051466	0.4936934139690625	0.23031482586427393	bca	ok	0.95	2000	2000	17	17	17	pubchem_cid			95% BCa bootstrap CI clustered by PubChem compound; uncertainty is over the observed compound panel, not broader chemical space.	CVCL_0132
2x	1	2.0	0.3010299956639812	False	l1000_phase1	l1000_phase2	dose_threshold_dataset_pair_line	baseline_pair_deg_lfc_spearman_p05	mean_baseline_pair_deg_lfc_spearman_p05	0.5430618480004118	0.436802448615159	0.6374180337548196	0.10030779256983033	bca	ok	0.95	2000	2000	17	17	17	pubchem_cid			95% BCa bootstrap CI clustered by PubChem compound; uncertainty is over the observed compound panel, not broader chemical space.	CVCL_0132
2x	1	2.0	0.3010299956639812	False	l1000_phase1	l1000_phase2	dose_threshold_dataset_pair_line	delta_vs_baseline_pair_deg_lfc_spearman_p05	mean_delta_vs_baseline_pair_deg_lfc_spearman_p05	-0.21565490403601134	-0.38549456386878156	-0.10692896859481266	0.13928279763698445	bca	ok	0.95	2000	2000	17	17	17	pubchem_cid			95% BCa bootstrap CI clustered by PubChem compound; uncertainty is over the observed compound panel, not broader chemical space.	CVCL_0132
2x	1	2.0	0.3010299956639812	False	l1000_phase1	l1000_phase2	dose_threshold_dataset_pair_line	observed_direction_agreement_p05	mean_observed_direction_agreement_p05	0.8963037019677105	0.7952553233914409	0.9529527111992926	0.07884869390392585	bca	ok	0.95	2000	2000	17	13	13	pubchem_cid			95% BCa bootstrap CI clustered by PubChem compound; uncertainty is over the observed compound panel, not broader chemical space.	CVCL_0132
2x	1	2.0	0.3010299956639812	False	l1000_phase1	l1000_phase2	dose_threshold_dataset_pair_line	baseline_pair_direction_agreement_p05	mean_baseline_pair_direction_agreement_p05	0.7826620651898616	0.7274068290970462	0.8248362456018068	0.04871470825238028	bca	ok	0.95	2000	2000	17	17	17	pubchem_cid			95% BCa bootstrap CI clustered by PubChem compound; uncertainty is over the observed compound panel, not broader chemical space.	CVCL_0132
2x	1	2.0	0.3010299956639812	False	l1000_phase1	l1000_phase2	dose_threshold_dataset_pair_line	delta_vs_baseline_pair_direction_agreement_p05	mean_delta_vs_baseline_pair_direction_agreement_p05	0.05565799907374325	-0.015434075861600696	0.10548619479341237	0.060460135327506534	bca	ok	0.95	2000	2000	17	13	13	pubchem_cid			95% BCa bootstrap CI clustered by PubChem compound; uncertainty is over the observed compound panel, not broader chemical space.	CVCL_0132
2x	1	2.0	0.3010299956639812	False	l1000_phase1	l1000_phase2	dose_threshold_dataset_pair_line	observed_deg_lfc_spearman_sym_p05	mean_observed_deg_lfc_spearman_sym_p05	0.2646019475513454	0.14309607801423394	0.36789705445645265	0.11240048822110936	bca	ok	0.95	2000	2000	63	47	47	pubchem_cid			95% BCa bootstrap CI clustered by PubChem compound; uncertainty is over the observed compound panel, not broader chemical space.	CVCL_0178
2x	1	2.0	0.3010299956639812	False	l1000_phase1	l1000_phase2	dose_threshold_dataset_pair_line	baseline_pair_deg_lfc_spearman_p05	mean_baseline_pair_deg_lfc_spearman_p05	0.5006256914765248	0.4153720831806742	0.5645150336854444	0.07457147525238511	bca	ok	0.95	2000	2000	63	63	63	pubchem_cid			95% BCa bootstrap CI clustered by PubChem compound; uncertainty is over the observed compound panel, not broader chemical space.	CVCL_0178
2x	1	2.0	0.3010299956639812	False	l1000_phase1	l1000_phase2	dose_threshold_dataset_pair_line	delta_vs_baseline_pair_deg_lfc_spearman_p05	mean_delta_vs_baseline_pair_deg_lfc_spearman_p05	-0.15403351111313113	-0.32334016601366194	-0.016817818035652805	0.15326117398900457	bca	ok	0.95	2000	2000	63	47	47	pubchem_cid			95% BCa bootstrap CI clustered by PubChem compound; uncertainty is over the observed compound panel, not broader chemical space.	CVCL_0178
2x	1	2.0	0.3010299956639812	False	l1000_phase1	l1000_phase2	dose_threshold_dataset_pair_line	observed_direction_agreement_p05	mean_observed_direction_agreement_p05	0.9323749851835096	0.8012497893717807	0.9758832173602398	0.08731671399422952	bca	ok	0.95	2000	2000	63	28	28	pubchem_cid			95% BCa bootstrap CI clustered by PubChem compound; uncertainty is over the observed compound panel, not broader chemical space.	CVCL_0178
2x	1	2.0	0.3010299956639812	False	l1000_phase1	l1000_phase2	dose_threshold_dataset_pair_line	baseline_pair_direction_agreement_p05	mean_baseline_pair_direction_agreement_p05	0.7690681570975477	0.7276074010059936	0.8060453301612479	0.039218964577627136	bca	ok	0.95	2000	2000	63	63	63	pubchem_cid			95% BCa bootstrap CI clustered by PubChem compound; uncertainty is over the observed compound panel, not broader chemical space.	CVCL_0178
2x	1	2.0	0.3010299956639812	False	l1000_phase1	l1000_phase2	dose_threshold_dataset_pair_line	delta_vs_baseline_pair_direction_agreement_p05	mean_delta_vs_baseline_pair_direction_agreement_p05	0.13640895135132655	-0.034068623406802265	0.19939488177298154	0.11673175258989191	bca	ok	0.95	2000	2000	63	28	28	pubchem_cid			95% BCa bootstrap CI clustered by PubChem compound; uncertainty is over the observed compound panel, not broader chemical space.	CVCL_0178
2x	1	2.0	0.3010299956639812	False	l1000_phase1	l1000_phase2	dose_threshold_dataset_pair_line	observed_deg_lfc_spearman_sym_p05	mean_observed_deg_lfc_spearman_sym_p05	0.13929143047950995	-0.0009745733850885924	0.44507358013823384	0.22302407676166122	bca	ok	0.95	2000	2000	8	8	8	pubchem_cid			95% BCa bootstrap CI clustered by PubChem compound; uncertainty is over the observed compound panel, not broader chemical space.	CVCL_0320
2x	1	2.0	0.3010299956639812	False	l1000_phase1	l1000_phase2	dose_threshold_dataset_pair_line	baseline_pair_deg_lfc_spearman_p05	mean_baseline_pair_deg_lfc_spearman_p05	0.4346518503286587	0.3048131883165603	0.5332724358912846	0.11422962378736215	bca	ok	0.95	2000	2000	8	8	8	pubchem_cid			95% BCa bootstrap CI clustered by PubChem compound; uncertainty is over the observed compound panel, not broader chemical space.	CVCL_0320
2x	1	2.0	0.3010299956639812	False	l1000_phase1	l1000_phase2	dose_threshold_dataset_pair_line	delta_vs_baseline_pair_deg_lfc_spearman_p05	mean_delta_vs_baseline_pair_deg_lfc_spearman_p05	-0.2928671253024966	-0.486744922489737	-0.05870107844222641	0.2140219220237553	bca	ok	0.95	2000	2000	8	8	8	pubchem_cid			95% BCa bootstrap CI clustered by PubChem compound; uncertainty is over the observed compound panel, not broader chemical space.	CVCL_0320
2x	1	2.0	0.3010299956639812	False	l1000_phase1	l1000_phase2	dose_threshold_dataset_pair_line	observed_direction_agreement_p05	mean_observed_direction_agreement_p05	0.8570767195767196	0.6067135543157084	0.9583333333333334	0.1758098895088125	bca	ok	0.95	2000	2000	8	6	6	pubchem_cid			95% BCa bootstrap CI clustered by PubChem compound; uncertainty is over the observed compound panel, not broader chemical space.	CVCL_0320
2x	1	2.0	0.3010299956639812	False	l1000_phase1	l1000_phase2	dose_threshold_dataset_pair_line	baseline_pair_direction_agreement_p05	mean_baseline_pair_direction_agreement_p05	0.7197340930031528	0.6770587483661471	0.7687262418753691	0.04583374675461099	bca	ok	0.95	2000	2000	8	8	8	pubchem_cid			95% BCa bootstrap CI clustered by PubChem compound; uncertainty is over the observed compound panel, not broader chemical space.	CVCL_0320
2x	1	2.0	0.3010299956639812	False	l1000_phase1	l1000_phase2	dose_threshold_dataset_pair_line	delta_vs_baseline_pair_direction_agreement_p05	mean_delta_vs_baseline_pair_direction_agreement_p05	0.07766539295704127	-0.12826661229683092	0.19353643950098076	0.16090152589890583	bca	ok	0.95	2000	2000	8	6	6	pubchem_cid			95% BCa bootstrap CI clustered by PubChem compound; uncertainty is over the observed compound panel, not broader chemical space.	CVCL_0320
2x	1	2.0	0.3010299956639812	False	l1000_phase1	l1000_phase2	dose_threshold_dataset_pair_line	observed_deg_lfc_spearman_sym_p05	mean_observed_deg_lfc_spearman_sym_p05	0.18914933147853152	0.08809974418596493	0.28187001190707467	0.09688513386055486	bca	ok	0.95	2000	2000	63	62	62	pubchem_cid			95% BCa bootstrap CI clustered by PubChem compound; uncertainty is over the observed compound panel, not broader chemical space.	CVCL_0332
2x	1	2.0	0.3010299956639812	False	l1000_phase1	l1000_phase2	dose_threshold_dataset_pair_line	baseline_pair_deg_lfc_spearman_p05	mean_baseline_pair_deg_lfc_spearman_p05	0.4097109090059674	0.33483850660523207	0.47218125023300755	0.06867137181388774	bca	ok	0.95	2000	2000	63	63	63	pubchem_cid			95% BCa bootstrap CI clustered by PubChem compound; uncertainty is over the observed compound panel, not broader chemical space.	CVCL_0332
2x	1	2.0	0.3010299956639812	False	l1000_phase1	l1000_phase2	dose_threshold_dataset_pair_line	delta_vs_baseline_pair_deg_lfc_spearman_p05	mean_delta_vs_baseline_pair_deg_lfc_spearman_p05	-0.2457064392573492	-0.36201777379492633	-0.1478154005551634	0.10710118661988147	bca	ok	0.95	2000	2000	63	62	62	pubchem_cid			95% BCa bootstrap CI clustered by PubChem compound; uncertainty is over the observed compound panel, not broader chemical space.	CVCL_0332
2x	1	2.0	0.3010299956639812	False	l1000_phase1	l1000_phase2	dose_threshold_dataset_pair_line	observed_direction_agreement_p05	mean_observed_direction_agreement_p05	0.9641963382176787	0.9264213923637692	0.9825045398928793	0.028041573764555072	bca	ok	0.95	2000	2000	63	35	35	pubchem_cid			95% BCa bootstrap CI clustered by PubChem compound; uncertainty is over the observed compound panel, not broader chemical space.	CVCL_0332
2x	1	2.0	0.3010299956639812	False	l1000_phase1	l1000_phase2	dose_threshold_dataset_pair_line	baseline_pair_direction_agreement_p05	mean_baseline_pair_direction_agreement_p05	0.7160699920241632	0.6844606759550436	0.7450654827296981	0.03030240338732726	bca	ok	0.95	2000	2000	63	63	63	pubchem_cid			95% BCa bootstrap CI clustered by PubChem compound; uncertainty is over the observed compound panel, not broader chemical space.	CVCL_0332
2x	1	2.0	0.3010299956639812	False	l1000_phase1	l1000_phase2	dose_threshold_dataset_pair_line	delta_vs_baseline_pair_direction_agreement_p05	mean_delta_vs_baseline_pair_direction_agreement_p05	0.22203936568085916	0.17842683543931198	0.28388593299552684	0.05272954877810743	bca	ok	0.95	2000	2000	63	35	35	pubchem_cid			95% BCa bootstrap CI clustered by PubChem compound; uncertainty is over the observed compound panel, not broader chemical space.	CVCL_0332
2x	1	2.0	0.3010299956639812	False	l1000_phase1	l1000_phase2	dose_threshold_dataset_pair_line	observed_deg_lfc_spearman_sym_p05	mean_observed_deg_lfc_spearman_sym_p05	0.2190965079077428	0.10061365019627959	0.3364327274944278	0.11790953864907411	bca	ok	0.95	2000	2000	63	56	56	pubchem_cid			95% BCa bootstrap CI clustered by PubChem compound; uncertainty is over the observed compound panel, not broader chemical space.	CVCL_0598
2x	1	2.0	0.3010299956639812	False	l1000_phase1	l1000_phase2	dose_threshold_dataset_pair_line	baseline_pair_deg_lfc_spearman_p05	mean_baseline_pair_deg_lfc_spearman_p05	0.448290396943232	0.3778520016867634	0.5170201870246633	0.06958409266894997	bca	ok	0.95	2000	2000	63	63	63	pubchem_cid			95% BCa bootstrap CI clustered by PubChem compound; uncertainty is over the observed compound panel, not broader chemical space.	CVCL_0598
2x	1	2.0	0.3010299956639812	False	l1000_phase1	l1000_phase2	dose_threshold_dataset_pair_line	delta_vs_baseline_pair_deg_lfc_spearman_p05	mean_delta_vs_baseline_pair_deg_lfc_spearman_p05	-0.2212380977915049	-0.32775571761199995	-0.12450617847785302	0.10162476956707348	bca	ok	0.95	2000	2000	63	56	56	pubchem_cid			95% BCa bootstrap CI clustered by PubChem compound; uncertainty is over the observed compound panel, not broader chemical space.	CVCL_0598
2x	1	2.0	0.3010299956639812	False	l1000_phase1	l1000_phase2	dose_threshold_dataset_pair_line	observed_direction_agreement_p05	mean_observed_direction_agreement_p05	0.8979070749843082	0.7447854153118684	0.9695573495084605	0.11238596709829607	bca	ok	0.95	2000	2000	63	27	27	pubchem_cid			95% BCa bootstrap CI clustered by PubChem compound; uncertainty is over the observed compound panel, not broader chemical space.	CVCL_0598
2x	1	2.0	0.3010299956639812	False	l1000_phase1	l1000_phase2	dose_threshold_dataset_pair_line	baseline_pair_direction_agreement_p05	mean_baseline_pair_direction_agreement_p05	0.7462959393965362	0.7101247905807831	0.7817628043129836	0.035819006866100234	bca	ok	0.95	2000	2000	63	63	63	pubchem_cid			95% BCa bootstrap CI clustered by PubChem compound; uncertainty is over the observed compound panel, not broader chemical space.	CVCL_0598
2x	1	2.0	0.3010299956639812	False	l1000_phase1	l1000_phase2	dose_threshold_dataset_pair_line	delta_vs_baseline_pair_direction_agreement_p05	mean_delta_vs_baseline_pair_direction_agreement_p05	0.061904314299332616	-0.0705828775611806	0.12371829060252684	0.09715058408185373	bca	ok	0.95	2000	2000	63	27	27	pubchem_cid			95% BCa bootstrap CI clustered by PubChem compound; uncertainty is over the observed compound panel, not broader chemical space.	CVCL_0598
2x	1	2.0	0.3010299956639812	False	l1000_phase1	l1000_phase2	dose_threshold_dataset_pair_line	observed_deg_lfc_spearman_sym_p05	mean_observed_deg_lfc_spearman_sym_p05	-0.06843463095041007	-0.3262849296946473	0.10342618308911762	0.21485555639188245	bca	ok	0.95	2000	2000	6	6	6	pubchem_cid			95% BCa bootstrap CI clustered by PubChem compound; uncertainty is over the observed compound panel, not broader chemical space.	CVCL_5136
2x	1	2.0	0.3010299956639812	False	l1000_phase1	l1000_phase2	dose_threshold_dataset_pair_line	baseline_pair_deg_lfc_spearman_p05	mean_baseline_pair_deg_lfc_spearman_p05	0.3514006929648026	0.20523390862608817	0.48572685789650705	0.14024647463520945	bca	ok	0.95	2000	2000	6	6	6	pubchem_cid			95% BCa bootstrap CI clustered by PubChem compound; uncertainty is over the observed compound panel, not broader chemical space.	CVCL_5136
2x	1	2.0	0.3010299956639812	False	l1000_phase1	l1000_phase2	dose_threshold_dataset_pair_line	delta_vs_baseline_pair_deg_lfc_spearman_p05	mean_delta_vs_baseline_pair_deg_lfc_spearman_p05	-0.3866396607206141	-0.5128833521719798	-0.22443594432623937	0.1442237039228702	bca	ok	0.95	2000	2000	6	6	6	pubchem_cid			95% BCa bootstrap CI clustered by PubChem compound; uncertainty is over the observed compound panel, not broader chemical space.	CVCL_5136
2x	1	2.0	0.3010299956639812	False	l1000_phase1	l1000_phase2	dose_threshold_dataset_pair_line	observed_direction_agreement_p05	mean_observed_direction_agreement_p05	1.0	1.0	1.0	0.0	degenerate	zero_bootstrap_variance	0.95	2000	2000	6	3	3	pubchem_cid			95% BCa bootstrap CI clustered by PubChem compound; uncertainty is over the observed compound panel, not broader chemical space.	CVCL_5136
2x	1	2.0	0.3010299956639812	False	l1000_phase1	l1000_phase2	dose_threshold_dataset_pair_line	baseline_pair_direction_agreement_p05	mean_baseline_pair_direction_agreement_p05	0.7128316269804996	0.6498816274509666	0.7653084307442973	0.057713401646665385	bca	ok	0.95	2000	2000	6	6	6	pubchem_cid			95% BCa bootstrap CI clustered by PubChem compound; uncertainty is over the observed compound panel, not broader chemical space.	CVCL_5136
2x	1	2.0	0.3010299956639812	False	l1000_phase1	l1000_phase2	dose_threshold_dataset_pair_line	delta_vs_baseline_pair_direction_agreement_p05	mean_delta_vs_baseline_pair_direction_agreement_p05	0.22153333068216444	0.19167087967644084	0.27542115902964964	0.0418751396766044	bca	ok	0.95	2000	2000	6	3	3	pubchem_cid			95% BCa bootstrap CI clustered by PubChem compound; uncertainty is over the observed compound panel, not broader chemical space.	CVCL_5136
2x	1	2.0	0.3010299956639812	False	l1000_phase1	l1000_phase2	dose_threshold_dataset_pair_line	observed_deg_lfc_spearman_sym_p05	mean_observed_deg_lfc_spearman_sym_p05	-0.05768756149205123	-0.2141697873221871	0.12787558732310744	0.17102268732264728	bca	ok	0.95	2000	2000	7	7	7	pubchem_cid			95% BCa bootstrap CI clustered by PubChem compound; uncertainty is over the observed compound panel, not broader chemical space.	CVCL_VU89
2x	1	2.0	0.3010299956639812	False	l1000_phase1	l1000_phase2	dose_threshold_dataset_pair_line	baseline_pair_deg_lfc_spearman_p05	mean_baseline_pair_deg_lfc_spearman_p05	0.4662587599822814	0.3876723518688192	0.5350408261581991	0.07368423714468997	bca	ok	0.95	2000	2000	7	7	7	pubchem_cid			95% BCa bootstrap CI clustered by PubChem compound; uncertainty is over the observed compound panel, not broader chemical space.	CVCL_VU89
2x	1	2.0	0.3010299956639812	False	l1000_phase1	l1000_phase2	dose_threshold_dataset_pair_line	delta_vs_baseline_pair_deg_lfc_spearman_p05	mean_delta_vs_baseline_pair_deg_lfc_spearman_p05	-0.5082280608036281	-0.6888238847164986	-0.3556314053437867	0.16659623968635595	bca	ok	0.95	2000	2000	7	7	7	pubchem_cid			95% BCa bootstrap CI clustered by PubChem compound; uncertainty is over the observed compound panel, not broader chemical space.	CVCL_VU89
2x	1	2.0	0.3010299956639812	False	l1000_phase1	l1000_phase2	dose_threshold_dataset_pair_line	observed_direction_agreement_p05	mean_observed_direction_agreement_p05	0.7439450250118405	0.3465487928594554	0.9204301075268816	0.2869406573337131	bca	ok	0.95	2000	2000	7	5	5	pubchem_cid			95% BCa bootstrap CI clustered by PubChem compound; uncertainty is over the observed compound panel, not broader chemical space.	CVCL_VU89
2x	1	2.0	0.3010299956639812	False	l1000_phase1	l1000_phase2	dose_threshold_dataset_pair_line	baseline_pair_direction_agreement_p05	mean_baseline_pair_direction_agreement_p05	0.6998446618666904	0.6624010721407743	0.7353684943601309	0.036483711109678296	bca	ok	0.95	2000	2000	7	7	7	pubchem_cid			95% BCa bootstrap CI clustered by PubChem compound; uncertainty is over the observed compound panel, not broader chemical space.	CVCL_VU89
2x	1	2.0	0.3010299956639812	False	l1000_phase1	l1000_phase2	dose_threshold_dataset_pair_line	delta_vs_baseline_pair_direction_agreement_p05	mean_delta_vs_baseline_pair_direction_agreement_p05	0.02462653833970792	-0.36534055867863485	0.24787457889385758	0.30660756878624623	bca	ok	0.95	2000	2000	7	5	5	pubchem_cid			95% BCa bootstrap CI clustered by PubChem compound; uncertainty is over the observed compound panel, not broader chemical space.	CVCL_VU89
2x	1	2.0	0.3010299956639812	False	l1000_phase1	l1000_phase2	dose_threshold_dataset_pair_line	observed_deg_lfc_spearman_sym_p05	mean_observed_deg_lfc_spearman_sym_p05					not_estimable	too_few_clusters_or_values	0.95	2000	0	1	1	1	pubchem_cid			95% BCa bootstrap CI clustered by PubChem compound; uncertainty is over the observed compound panel, not broader chemical space.	NEU
2x	1	2.0	0.3010299956639812	False	l1000_phase1	l1000_phase2	dose_threshold_dataset_pair_line	baseline_pair_deg_lfc_spearman_p05	mean_baseline_pair_deg_lfc_spearman_p05					not_estimable	too_few_clusters_or_values	0.95	2000	0	1	1	1	pubchem_cid			95% BCa bootstrap CI clustered by PubChem compound; uncertainty is over the observed compound panel, not broader chemical space.	NEU
2x	1	2.0	0.3010299956639812	False	l1000_phase1	l1000_phase2	dose_threshold_dataset_pair_line	delta_vs_baseline_pair_deg_lfc_spearman_p05	mean_delta_vs_baseline_pair_deg_lfc_spearman_p05					not_estimable	too_few_clusters_or_values	0.95	2000	0	1	1	1	pubchem_cid			95% BCa bootstrap CI clustered by PubChem compound; uncertainty is over the observed compound panel, not broader chemical space.	NEU
2x	1	2.0	0.3010299956639812	False	l1000_phase1	l1000_phase2	dose_threshold_dataset_pair_line	observed_direction_agreement_p05	mean_observed_direction_agreement_p05					not_estimable	too_few_clusters_or_values	0.95	2000	0	1	1	1	pubchem_cid			95% BCa bootstrap CI clustered by PubChem compound; uncertainty is over the observed compound panel, not broader chemical space.	NEU
2x	1	2.0	0.3010299956639812	False	l1000_phase1	l1000_phase2	dose_threshold_dataset_pair_line	baseline_pair_direction_agreement_p05	mean_baseline_pair_direction_agreement_p05					not_estimable	too_few_clusters_or_values	0.95	2000	0	1	1	1	pubchem_cid			95% BCa bootstrap CI clustered by PubChem compound; uncertainty is over the observed compound panel, not broader chemical space.	NEU
2x	1	2.0	0.3010299956639812	False	l1000_phase1	l1000_phase2	dose_threshold_dataset_pair_line	delta_vs_baseline_pair_direction_agreement_p05	mean_delta_vs_baseline_pair_direction_agreement_p05					not_estimable	too_few_clusters_or_values	0.95	2000	0	1	1	1	pubchem_cid			95% BCa bootstrap CI clustered by PubChem compound; uncertainty is over the observed compound panel, not broader chemical space.	NEU
2x	1	2.0	0.3010299956639812	False	l1000_phase1	l1000_phase2	dose_threshold_dataset_pair_line	observed_deg_lfc_spearman_sym_p05	mean_observed_deg_lfc_spearman_sym_p05					not_estimable	too_few_clusters_or_values	0.95	2000	0	1	1	1	pubchem_cid			95% BCa bootstrap CI clustered by PubChem compound; uncertainty is over the observed compound panel, not broader chemical space.	NPC
2x	1	2.0	0.3010299956639812	False	l1000_phase1	l1000_phase2	dose_threshold_dataset_pair_line	baseline_pair_deg_lfc_spearman_p05	mean_baseline_pair_deg_lfc_spearman_p05					not_estimable	too_few_clusters_or_values	0.95	2000	0	1	1	1	pubchem_cid			95% BCa bootstrap CI clustered by PubChem compound; uncertainty is over the observed compound panel, not broader chemical space.	NPC
2x	1	2.0	0.3010299956639812	False	l1000_phase1	l1000_phase2	dose_threshold_dataset_pair_line	delta_vs_baseline_pair_deg_lfc_spearman_p05	mean_delta_vs_baseline_pair_deg_lfc_spearman_p05					not_estimable	too_few_clusters_or_values	0.95	2000	0	1	1	1	pubchem_cid			95% BCa bootstrap CI clustered by PubChem compound; uncertainty is over the observed compound panel, not broader chemical space.	NPC
2x	1	2.0	0.3010299956639812	False	l1000_phase1	l1000_phase2	dose_threshold_dataset_pair_line	observed_direction_agreement_p05	mean_observed_direction_agreement_p05					not_estimable	too_few_clusters_or_values	0.95	2000	0	1	1	1	pubchem_cid			95% BCa bootstrap CI clustered by PubChem compound; uncertainty is over the observed compound panel, not broader chemical space.	NPC
2x	1	2.0	0.3010299956639812	False	l1000_phase1	l1000_phase2	dose_threshold_dataset_pair_line	baseline_pair_direction_agreement_p05	mean_baseline_pair_direction_agreement_p05					not_estimable	too_few_clusters_or_values	0.95	2000	0	1	1	1	pubchem_cid			95% BCa bootstrap CI clustered by PubChem compound; uncertainty is over the observed compound panel, not broader chemical space.	NPC
2x	1	2.0	0.3010299956639812	False	l1000_phase1	l1000_phase2	dose_threshold_dataset_pair_line	delta_vs_baseline_pair_direction_agreement_p05	mean_delta_vs_baseline_pair_direction_agreement_p05					not_estimable	too_few_clusters_or_values	0.95	2000	0	1	1	1	pubchem_cid			95% BCa bootstrap CI clustered by PubChem compound; uncertainty is over the observed compound panel, not broader chemical space.	NPC
2x	1	2.0	0.3010299956639812	False	l1000_phase1	sciplex	dose_threshold_dataset_pair_line	observed_deg_lfc_spearman_sym_p05	mean_observed_deg_lfc_spearman_sym_p05	0.10132015465313327	-0.3642857142857143	0.5669260235919809	0.4656058689388476	percentile_fallback	too_few_jackknife_values_for_bca	0.95	2000	2000	15	2	2	pubchem_cid			95% BCa bootstrap CI clustered by PubChem compound; uncertainty is over the observed compound panel, not broader chemical space.	CVCL_0023
2x	1	2.0	0.3010299956639812	False	l1000_phase1	sciplex	dose_threshold_dataset_pair_line	baseline_pair_deg_lfc_spearman_p05	mean_baseline_pair_deg_lfc_spearman_p05	0.24229873096526558	-0.16185266347232596	0.42044560878286275	0.29114913612759435	bca	ok	0.95	2000	2000	15	12	12	pubchem_cid			95% BCa bootstrap CI clustered by PubChem compound; uncertainty is over the observed compound panel, not broader chemical space.	CVCL_0023
2x	1	2.0	0.3010299956639812	False	l1000_phase1	sciplex	dose_threshold_dataset_pair_line	delta_vs_baseline_pair_deg_lfc_spearman_p05	mean_delta_vs_baseline_pair_deg_lfc_spearman_p05	-0.0448332088820735	-0.1467532467532467	0.0570868289890997	0.1019200378711732	percentile_fallback	too_few_jackknife_values_for_bca	0.95	2000	2000	15	2	2	pubchem_cid			95% BCa bootstrap CI clustered by PubChem compound; uncertainty is over the observed compound panel, not broader chemical space.	CVCL_0023
2x	1	2.0	0.3010299956639812	False	l1000_phase1	sciplex	dose_threshold_dataset_pair_line	observed_direction_agreement_p05	mean_observed_direction_agreement_p05	1.0	1.0	1.0	0.0	degenerate	zero_bootstrap_variance	0.95	2000	2000	15	2	2	pubchem_cid			95% BCa bootstrap CI clustered by PubChem compound; uncertainty is over the observed compound panel, not broader chemical space.	CVCL_0023
2x	1	2.0	0.3010299956639812	False	l1000_phase1	sciplex	dose_threshold_dataset_pair_line	baseline_pair_direction_agreement_p05	mean_baseline_pair_direction_agreement_p05	0.5435695415752483	0.3814974324848728	0.6691697228268934	0.1438361451710103	bca	ok	0.95	2000	2000	15	15	15	pubchem_cid			95% BCa bootstrap CI clustered by PubChem compound; uncertainty is over the observed compound panel, not broader chemical space.	CVCL_0023
2x	1	2.0	0.3010299956639812	False	l1000_phase1	sciplex	dose_threshold_dataset_pair_line	delta_vs_baseline_pair_direction_agreement_p05	mean_delta_vs_baseline_pair_direction_agreement_p05	0.2778804999143982	0.2527306967984934	0.303030303030303	0.025149803115904784	percentile_fallback	too_few_jackknife_values_for_bca	0.95	2000	2000	15	2	2	pubchem_cid			95% BCa bootstrap CI clustered by PubChem compound; uncertainty is over the observed compound panel, not broader chemical space.	CVCL_0023
2x	1	2.0	0.3010299956639812	False	l1000_phase1	sciplex	dose_threshold_dataset_pair_line	observed_deg_lfc_spearman_sym_p05	mean_observed_deg_lfc_spearman_sym_p05	0.31416743465601094	0.040427852062293004	0.45110077197057885	0.20533645995414293	bca	ok	0.95	2000	2000	38	5	5	pubchem_cid			95% BCa bootstrap CI clustered by PubChem compound; uncertainty is over the observed compound panel, not broader chemical space.	CVCL_0031
2x	1	2.0	0.3010299956639812	False	l1000_phase1	sciplex	dose_threshold_dataset_pair_line	baseline_pair_deg_lfc_spearman_p05	mean_baseline_pair_deg_lfc_spearman_p05	0.25373547785705686	0.05403163030620827	0.4117914039129639	0.17887988680337782	bca	ok	0.95	2000	2000	38	37	37	pubchem_cid			95% BCa bootstrap CI clustered by PubChem compound; uncertainty is over the observed compound panel, not broader chemical space.	CVCL_0031
2x	1	2.0	0.3010299956639812	False	l1000_phase1	sciplex	dose_threshold_dataset_pair_line	delta_vs_baseline_pair_deg_lfc_spearman_p05	mean_delta_vs_baseline_pair_deg_lfc_spearman_p05	-0.25001802939501616	-0.5160943585042191	-0.08332148118452387	0.21638643865984764	bca	ok	0.95	2000	2000	38	5	5	pubchem_cid			95% BCa bootstrap CI clustered by PubChem compound; uncertainty is over the observed compound panel, not broader chemical space.	CVCL_0031
2x	1	2.0	0.3010299956639812	False	l1000_phase1	sciplex	dose_threshold_dataset_pair_line	observed_direction_agreement_p05	mean_observed_direction_agreement_p05	0.8850446428571428	0.5568210228144342	0.9761904761904763	0.20968472668802102	bca	ok	0.95	2000	2000	38	6	6	pubchem_cid			95% BCa bootstrap CI clustered by PubChem compound; uncertainty is over the observed compound panel, not broader chemical space.	CVCL_0031
2x	1	2.0	0.3010299956639812	False	l1000_phase1	sciplex	dose_threshold_dataset_pair_line	baseline_pair_direction_agreement_p05	mean_baseline_pair_direction_agreement_p05	0.731071582250061	0.6556512117939138	0.7843275123734482	0.0643381502897672	bca	ok	0.95	2000	2000	38	37	37	pubchem_cid			95% BCa bootstrap CI clustered by PubChem compound; uncertainty is over the observed compound panel, not broader chemical space.	CVCL_0031
2x	1	2.0	0.3010299956639812	False	l1000_phase1	sciplex	dose_threshold_dataset_pair_line	delta_vs_baseline_pair_direction_agreement_p05	mean_delta_vs_baseline_pair_direction_agreement_p05	0.08028695963987727	-0.12026076651207801	0.19023644472732867	0.15524860561970333	bca	ok	0.95	2000	2000	38	6	6	pubchem_cid			95% BCa bootstrap CI clustered by PubChem compound; uncertainty is over the observed compound panel, not broader chemical space.	CVCL_0031
2x	1	2.0	0.3010299956639812	False	l1000_phase1	tahoe	dose_threshold_dataset_pair_line	observed_deg_lfc_spearman_sym_p05	mean_observed_deg_lfc_spearman_sym_p05	0.15538907365158344	-0.23556985010395573	0.4070817970222194	0.3213258235630876	bca	ok	0.95	2000	2000	7	5	5	pubchem_cid			95% BCa bootstrap CI clustered by PubChem compound; uncertainty is over the observed compound panel, not broader chemical space.	CVCL_0023
2x	1	2.0	0.3010299956639812	False	l1000_phase1	tahoe	dose_threshold_dataset_pair_line	baseline_pair_deg_lfc_spearman_p05	mean_baseline_pair_deg_lfc_spearman_p05	0.4701567828228992	0.23275376719976376	0.5782282817616186	0.1727372572809274	bca	ok	0.95	2000	2000	7	7	7	pubchem_cid			95% BCa bootstrap CI clustered by PubChem compound; uncertainty is over the observed compound panel, not broader chemical space.	CVCL_0023
2x	1	2.0	0.3010299956639812	False	l1000_phase1	tahoe	dose_threshold_dataset_pair_line	delta_vs_baseline_pair_deg_lfc_spearman_p05	mean_delta_vs_baseline_pair_deg_lfc_spearman_p05	-0.19796384409024395	-0.3499887876101955	-0.08934209529550723	0.13032334615734412	bca	ok	0.95	2000	2000	7	5	5	pubchem_cid			95% BCa bootstrap CI clustered by PubChem compound; uncertainty is over the observed compound panel, not broader chemical space.	CVCL_0023
2x	1	2.0	0.3010299956639812	False	l1000_phase1	tahoe	dose_threshold_dataset_pair_line	observed_direction_agreement_p05	mean_observed_direction_agreement_p05	0.8063448979765212	0.7916666666666666	0.8187099275829302	0.013521630458131761	bca	ok	0.95	2000	2000	7	3	3	pubchem_cid			95% BCa bootstrap CI clustered by PubChem compound; uncertainty is over the observed compound panel, not broader chemical space.	CVCL_0023
2x	1	2.0	0.3010299956639812	False	l1000_phase1	tahoe	dose_threshold_dataset_pair_line	baseline_pair_direction_agreement_p05	mean_baseline_pair_direction_agreement_p05	0.7525280379248545	0.6596863873046892	0.8151063270152512	0.077709969855281	bca	ok	0.95	2000	2000	7	7	7	pubchem_cid			95% BCa bootstrap CI clustered by PubChem compound; uncertainty is over the observed compound panel, not broader chemical space.	CVCL_0023
2x	1	2.0	0.3010299956639812	False	l1000_phase1	tahoe	dose_threshold_dataset_pair_line	delta_vs_baseline_pair_direction_agreement_p05	mean_delta_vs_baseline_pair_direction_agreement_p05	0.08082371051227183	0.0488095238095237	0.10348739902671156	0.02733893760859393	bca	ok	0.95	2000	2000	7	3	3	pubchem_cid			95% BCa bootstrap CI clustered by PubChem compound; uncertainty is over the observed compound panel, not broader chemical space.	CVCL_0023
2x	1	2.0	0.3010299956639812	False	l1000_phase1	tahoe	dose_threshold_dataset_pair_line	observed_deg_lfc_spearman_sym_p05	mean_observed_deg_lfc_spearman_sym_p05	0.48463030299195603	0.40966382930470546	0.5595967766792066	0.07496647368725057	percentile_fallback	too_few_jackknife_values_for_bca	0.95	2000	2000	3	2	2	pubchem_cid			95% BCa bootstrap CI clustered by PubChem compound; uncertainty is over the observed compound panel, not broader chemical space.	CVCL_0320
2x	1	2.0	0.3010299956639812	False	l1000_phase1	tahoe	dose_threshold_dataset_pair_line	baseline_pair_deg_lfc_spearman_p05	mean_baseline_pair_deg_lfc_spearman_p05	0.47677950520215434	0.4495104895104894	0.49219414453518745	0.021341827512349032	bca	ok	0.95	2000	2000	3	3	3	pubchem_cid			95% BCa bootstrap CI clustered by PubChem compound; uncertainty is over the observed compound panel, not broader chemical space.	CVCL_0320
2x	1	2.0	0.3010299956639812	False	l1000_phase1	tahoe	dose_threshold_dataset_pair_line	delta_vs_baseline_pair_deg_lfc_spearman_p05	mean_delta_vs_baseline_pair_deg_lfc_spearman_p05	-0.005783710056030747	-0.0754097892816792	0.0638423691696177	0.06962607922564845	percentile_fallback	too_few_jackknife_values_for_bca	0.95	2000	2000	3	2	2	pubchem_cid			95% BCa bootstrap CI clustered by PubChem compound; uncertainty is over the observed compound panel, not broader chemical space.	CVCL_0320
2x	1	2.0	0.3010299956639812	False	l1000_phase1	tahoe	dose_threshold_dataset_pair_line	observed_direction_agreement_p05	mean_observed_direction_agreement_p05	0.8120677447957334	0.773620025673941	0.8505154639175257	0.0384477191217924	percentile_fallback	too_few_jackknife_values_for_bca	0.95	2000	2000	3	2	2	pubchem_cid			95% BCa bootstrap CI clustered by PubChem compound; uncertainty is over the observed compound panel, not broader chemical space.	CVCL_0320
2x	1	2.0	0.3010299956639812	False	l1000_phase1	tahoe	dose_threshold_dataset_pair_line	baseline_pair_direction_agreement_p05	mean_baseline_pair_direction_agreement_p05	0.7028818818883762	0.6987012987012987	0.706396464409453	0.0038475828540771584	bca	ok	0.95	2000	2000	3	3	3	pubchem_cid			95% BCa bootstrap CI clustered by PubChem compound; uncertainty is over the observed compound panel, not broader chemical space.	CVCL_0320
2x	1	2.0	0.3010299956639812	False	l1000_phase1	tahoe	dose_threshold_dataset_pair_line	delta_vs_baseline_pair_direction_agreement_p05	mean_delta_vs_baseline_pair_direction_agreement_p05	0.10809457231281926	0.0643749794094115	0.151814165216227	0.04371959290340775	percentile_fallback	too_few_jackknife_values_for_bca	0.95	2000	2000	3	2	2	pubchem_cid			95% BCa bootstrap CI clustered by PubChem compound; uncertainty is over the observed compound panel, not broader chemical space.	CVCL_0320
2x	1	2.0	0.3010299956639812	False	l1000_phase1	tahoe	dose_threshold_dataset_pair_line	observed_deg_lfc_spearman_sym_p05	mean_observed_deg_lfc_spearman_sym_p05	0.06045654159903909	-0.3376205315807041	0.22375721492375433	0.28068887325222924	bca	ok	0.95	2000	2000	11	6	6	pubchem_cid			95% BCa bootstrap CI clustered by PubChem compound; uncertainty is over the observed compound panel, not broader chemical space.	CVCL_0332
2x	1	2.0	0.3010299956639812	False	l1000_phase1	tahoe	dose_threshold_dataset_pair_line	baseline_pair_deg_lfc_spearman_p05	mean_baseline_pair_deg_lfc_spearman_p05	0.3786296063042057	0.15672278301054055	0.519585774914509	0.1814314959519842	bca	ok	0.95	2000	2000	11	11	11	pubchem_cid			95% BCa bootstrap CI clustered by PubChem compound; uncertainty is over the observed compound panel, not broader chemical space.	CVCL_0332
2x	1	2.0	0.3010299956639812	False	l1000_phase1	tahoe	dose_threshold_dataset_pair_line	delta_vs_baseline_pair_deg_lfc_spearman_p05	mean_delta_vs_baseline_pair_deg_lfc_spearman_p05	-0.3981813163832801	-0.4967565642822635	-0.2997970299948084	0.09847976714372755	bca	ok	0.95	2000	2000	11	6	6	pubchem_cid			95% BCa bootstrap CI clustered by PubChem compound; uncertainty is over the observed compound panel, not broader chemical space.	CVCL_0332
2x	1	2.0	0.3010299956639812	False	l1000_phase1	tahoe	dose_threshold_dataset_pair_line	observed_direction_agreement_p05	mean_observed_direction_agreement_p05	0.575462962962963	0.0	0.9087962962962962	0.4543981481481481	bca	ok	0.95	2000	2000	11	3	3	pubchem_cid			95% BCa bootstrap CI clustered by PubChem compound; uncertainty is over the observed compound panel, not broader chemical space.	CVCL_0332
2x	1	2.0	0.3010299956639812	False	l1000_phase1	tahoe	dose_threshold_dataset_pair_line	baseline_pair_direction_agreement_p05	mean_baseline_pair_direction_agreement_p05	0.7338475994148986	0.6397084717939971	0.8256459174295864	0.09296872281779461	bca	ok	0.95	2000	2000	11	11	11	pubchem_cid			95% BCa bootstrap CI clustered by PubChem compound; uncertainty is over the observed compound panel, not broader chemical space.	CVCL_0332
2x	1	2.0	0.3010299956639812	False	l1000_phase1	tahoe	dose_threshold_dataset_pair_line	delta_vs_baseline_pair_direction_agreement_p05	mean_delta_vs_baseline_pair_direction_agreement_p05	-0.23687766464878024	-0.78125	0.06156873003812674	0.42140936501906334	bca	ok	0.95	2000	2000	11	3	3	pubchem_cid			95% BCa bootstrap CI clustered by PubChem compound; uncertainty is over the observed compound panel, not broader chemical space.	CVCL_0332
2x	1	2.0	0.3010299956639812	False	l1000_phase2	sciplex	dose_threshold_dataset_pair_line	observed_deg_lfc_spearman_sym_p05	mean_observed_deg_lfc_spearman_sym_p05					not_estimable	too_few_clusters_or_values	0.95	2000	0	44	1	1	pubchem_cid			95% BCa bootstrap CI clustered by PubChem compound; uncertainty is over the observed compound panel, not broader chemical space.	CVCL_0023
2x	1	2.0	0.3010299956639812	False	l1000_phase2	sciplex	dose_threshold_dataset_pair_line	baseline_pair_deg_lfc_spearman_p05	mean_baseline_pair_deg_lfc_spearman_p05	0.2316858453308909	-0.010235529736386868	0.422033993952125	0.21613476184425592	bca	ok	0.95	2000	2000	44	29	29	pubchem_cid			95% BCa bootstrap CI clustered by PubChem compound; uncertainty is over the observed compound panel, not broader chemical space.	CVCL_0023
2x	1	2.0	0.3010299956639812	False	l1000_phase2	sciplex	dose_threshold_dataset_pair_line	delta_vs_baseline_pair_deg_lfc_spearman_p05	mean_delta_vs_baseline_pair_deg_lfc_spearman_p05					not_estimable	too_few_clusters_or_values	0.95	2000	0	44	1	1	pubchem_cid			95% BCa bootstrap CI clustered by PubChem compound; uncertainty is over the observed compound panel, not broader chemical space.	CVCL_0023
2x	1	2.0	0.3010299956639812	False	l1000_phase2	sciplex	dose_threshold_dataset_pair_line	observed_direction_agreement_p05	mean_observed_direction_agreement_p05					not_estimable	too_few_clusters_or_values	0.95	2000	0	44	1	1	pubchem_cid			95% BCa bootstrap CI clustered by PubChem compound; uncertainty is over the observed compound panel, not broader chemical space.	CVCL_0023
2x	1	2.0	0.3010299956639812	False	l1000_phase2	sciplex	dose_threshold_dataset_pair_line	baseline_pair_direction_agreement_p05	mean_baseline_pair_direction_agreement_p05	0.7134494265924535	0.6204808358730092	0.785848506625211	0.08268383537610091	bca	ok	0.95	2000	2000	44	35	35	pubchem_cid			95% BCa bootstrap CI clustered by PubChem compound; uncertainty is over the observed compound panel, not broader chemical space.	CVCL_0023
2x	1	2.0	0.3010299956639812	False	l1000_phase2	sciplex	dose_threshold_dataset_pair_line	delta_vs_baseline_pair_direction_agreement_p05	mean_delta_vs_baseline_pair_direction_agreement_p05					not_estimable	too_few_clusters_or_values	0.95	2000	0	44	1	1	pubchem_cid			95% BCa bootstrap CI clustered by PubChem compound; uncertainty is over the observed compound panel, not broader chemical space.	CVCL_0023
2x	1	2.0	0.3010299956639812	False	l1000_phase2	sciplex	dose_threshold_dataset_pair_line	observed_deg_lfc_spearman_sym_p05	mean_observed_deg_lfc_spearman_sym_p05	0.4155913481800795	0.2133671331902227	0.5398001398470637	0.16321650332842047	bca	ok	0.95	2000	2000	83	14	14	pubchem_cid			95% BCa bootstrap CI clustered by PubChem compound; uncertainty is over the observed compound panel, not broader chemical space.	CVCL_0031
2x	1	2.0	0.3010299956639812	False	l1000_phase2	sciplex	dose_threshold_dataset_pair_line	baseline_pair_deg_lfc_spearman_p05	mean_baseline_pair_deg_lfc_spearman_p05	0.2056139089229285	0.10397845998041275	0.3026314554518541	0.09932649773572068	bca	ok	0.95	2000	2000	83	73	73	pubchem_cid			95% BCa bootstrap CI clustered by PubChem compound; uncertainty is over the observed compound panel, not broader chemical space.	CVCL_0031
2x	1	2.0	0.3010299956639812	False	l1000_phase2	sciplex	dose_threshold_dataset_pair_line	delta_vs_baseline_pair_deg_lfc_spearman_p05	mean_delta_vs_baseline_pair_deg_lfc_spearman_p05	-0.009781014903794186	-0.11655005848888073	0.1532116864726255	0.13488087248075312	bca	ok	0.95	2000	2000	83	14	14	pubchem_cid			95% BCa bootstrap CI clustered by PubChem compound; uncertainty is over the observed compound panel, not broader chemical space.	CVCL_0031
2x	1	2.0	0.3010299956639812	False	l1000_phase2	sciplex	dose_threshold_dataset_pair_line	observed_direction_agreement_p05	mean_observed_direction_agreement_p05	0.9256972763621553	0.8329692687578464	0.9708976884124647	0.06896420982730916	bca	ok	0.95	2000	2000	83	14	14	pubchem_cid			95% BCa bootstrap CI clustered by PubChem compound; uncertainty is over the observed compound panel, not broader chemical space.	CVCL_0031
2x	1	2.0	0.3010299956639812	False	l1000_phase2	sciplex	dose_threshold_dataset_pair_line	baseline_pair_direction_agreement_p05	mean_baseline_pair_direction_agreement_p05	0.6130299588226171	0.5636666364360039	0.6532703875920306	0.04480187557801335	bca	ok	0.95	2000	2000	83	78	78	pubchem_cid			95% BCa bootstrap CI clustered by PubChem compound; uncertainty is over the observed compound panel, not broader chemical space.	CVCL_0031
2x	1	2.0	0.3010299956639812	False	l1000_phase2	sciplex	dose_threshold_dataset_pair_line	delta_vs_baseline_pair_direction_agreement_p05	mean_delta_vs_baseline_pair_direction_agreement_p05	0.21992834262055008	0.1435150157822988	0.28114209801932444	0.06881354111851282	bca	ok	0.95	2000	2000	83	14	14	pubchem_cid			95% BCa bootstrap CI clustered by PubChem compound; uncertainty is over the observed compound panel, not broader chemical space.	CVCL_0031
2x	1	2.0	0.3010299956639812	False	l1000_phase2	tahoe	dose_threshold_dataset_pair_line	observed_deg_lfc_spearman_sym_p05	mean_observed_deg_lfc_spearman_sym_p05	0.153301411278669	-0.08243118641959406	0.3308096543366436	0.20662042037811884	bca	ok	0.95	2000	2000	24	13	13	pubchem_cid			95% BCa bootstrap CI clustered by PubChem compound; uncertainty is over the observed compound panel, not broader chemical space.	CVCL_0023
2x	1	2.0	0.3010299956639812	False	l1000_phase2	tahoe	dose_threshold_dataset_pair_line	baseline_pair_deg_lfc_spearman_p05	mean_baseline_pair_deg_lfc_spearman_p05	0.4507854799864885	0.32081956463763456	0.5670763037902546	0.12312836957631004	bca	ok	0.95	2000	2000	24	23	23	pubchem_cid			95% BCa bootstrap CI clustered by PubChem compound; uncertainty is over the observed compound panel, not broader chemical space.	CVCL_0023
2x	1	2.0	0.3010299956639812	False	l1000_phase2	tahoe	dose_threshold_dataset_pair_line	delta_vs_baseline_pair_deg_lfc_spearman_p05	mean_delta_vs_baseline_pair_deg_lfc_spearman_p05	-0.2831696838076078	-0.5194026291008116	-0.017361786985987122	0.25102042105741224	bca	ok	0.95	2000	2000	24	13	13	pubchem_cid			95% BCa bootstrap CI clustered by PubChem compound; uncertainty is over the observed compound panel, not broader chemical space.	CVCL_0023
2x	1	2.0	0.3010299956639812	False	l1000_phase2	tahoe	dose_threshold_dataset_pair_line	observed_direction_agreement_p05	mean_observed_direction_agreement_p05	0.7663930777093672	0.48222507523061076	0.922854041901661	0.2203144833355251	bca	ok	0.95	2000	2000	24	6	6	pubchem_cid			95% BCa bootstrap CI clustered by PubChem compound; uncertainty is over the observed compound panel, not broader chemical space.	CVCL_0023
2x	1	2.0	0.3010299956639812	False	l1000_phase2	tahoe	dose_threshold_dataset_pair_line	baseline_pair_direction_agreement_p05	mean_baseline_pair_direction_agreement_p05	0.7220598643225742	0.6055785100920617	0.7749994536480808	0.08471047177800956	bca	ok	0.95	2000	2000	24	23	23	pubchem_cid			95% BCa bootstrap CI clustered by PubChem compound; uncertainty is over the observed compound panel, not broader chemical space.	CVCL_0023
2x	1	2.0	0.3010299956639812	False	l1000_phase2	tahoe	dose_threshold_dataset_pair_line	delta_vs_baseline_pair_direction_agreement_p05	mean_delta_vs_baseline_pair_direction_agreement_p05	-0.03009164605477714	-0.37903462744426225	0.13437005574493963	0.2567023415946009	bca	ok	0.95	2000	2000	24	6	6	pubchem_cid			95% BCa bootstrap CI clustered by PubChem compound; uncertainty is over the observed compound panel, not broader chemical space.	CVCL_0023
2x	1	2.0	0.3010299956639812	False	l1000_phase2	tahoe	dose_threshold_dataset_pair_line	observed_deg_lfc_spearman_sym_p05	mean_observed_deg_lfc_spearman_sym_p05	0.040826077069288015	-0.07629137096861732	0.15386688766444165	0.11507912931652949	bca	ok	0.95	2000	2000	110	45	45	pubchem_cid			95% BCa bootstrap CI clustered by PubChem compound; uncertainty is over the observed compound panel, not broader chemical space.	CVCL_0320
2x	1	2.0	0.3010299956639812	False	l1000_phase2	tahoe	dose_threshold_dataset_pair_line	baseline_pair_deg_lfc_spearman_p05	mean_baseline_pair_deg_lfc_spearman_p05	0.21698639314201335	0.11979151102720759	0.29825150528375743	0.08922999712827492	bca	ok	0.95	2000	2000	110	99	99	pubchem_cid			95% BCa bootstrap CI clustered by PubChem compound; uncertainty is over the observed compound panel, not broader chemical space.	CVCL_0320
2x	1	2.0	0.3010299956639812	False	l1000_phase2	tahoe	dose_threshold_dataset_pair_line	delta_vs_baseline_pair_deg_lfc_spearman_p05	mean_delta_vs_baseline_pair_deg_lfc_spearman_p05	-0.3157722870277365	-0.43964701036088943	-0.17075374067790736	0.13444663484149105	bca	ok	0.95	2000	2000	110	45	45	pubchem_cid			95% BCa bootstrap CI clustered by PubChem compound; uncertainty is over the observed compound panel, not broader chemical space.	CVCL_0320
2x	1	2.0	0.3010299956639812	False	l1000_phase2	tahoe	dose_threshold_dataset_pair_line	observed_direction_agreement_p05	mean_observed_direction_agreement_p05	0.6058603429324226	0.4424556611377024	0.7410526480685093	0.14929849346540347	bca	ok	0.95	2000	2000	110	18	18	pubchem_cid			95% BCa bootstrap CI clustered by PubChem compound; uncertainty is over the observed compound panel, not broader chemical space.	CVCL_0320
2x	1	2.0	0.3010299956639812	False	l1000_phase2	tahoe	dose_threshold_dataset_pair_line	baseline_pair_direction_agreement_p05	mean_baseline_pair_direction_agreement_p05	0.6575187581095259	0.6167546033865338	0.699776986240162	0.04151119142681414	bca	ok	0.95	2000	2000	110	107	107	pubchem_cid			95% BCa bootstrap CI clustered by PubChem compound; uncertainty is over the observed compound panel, not broader chemical space.	CVCL_0320
2x	1	2.0	0.3010299956639812	False	l1000_phase2	tahoe	dose_threshold_dataset_pair_line	delta_vs_baseline_pair_direction_agreement_p05	mean_delta_vs_baseline_pair_direction_agreement_p05	-0.17748324791325196	-0.3476491775576243	-0.03997870759437987	0.15383523498162222	bca	ok	0.95	2000	2000	110	18	18	pubchem_cid			95% BCa bootstrap CI clustered by PubChem compound; uncertainty is over the observed compound panel, not broader chemical space.	CVCL_0320
2x	1	2.0	0.3010299956639812	False	tahoe	sciplex	dose_threshold_dataset_pair_line	observed_deg_lfc_spearman_sym_p05	mean_observed_deg_lfc_spearman_sym_p05	0.15785887696601744	-0.14677118111636822	0.35083203877192315	0.24880160994414569	bca	ok	0.95	2000	2000	23	8	8	pubchem_cid			95% BCa bootstrap CI clustered by PubChem compound; uncertainty is over the observed compound panel, not broader chemical space.	CVCL_0023
2x	1	2.0	0.3010299956639812	False	tahoe	sciplex	dose_threshold_dataset_pair_line	baseline_pair_deg_lfc_spearman_p05	mean_baseline_pair_deg_lfc_spearman_p05	0.5121751091782398	0.21149744955608318	0.6829137687394377	0.23570815959167724	bca	ok	0.95	2000	2000	23	17	17	pubchem_cid			95% BCa bootstrap CI clustered by PubChem compound; uncertainty is over the observed compound panel, not broader chemical space.	CVCL_0023
2x	1	2.0	0.3010299956639812	False	tahoe	sciplex	dose_threshold_dataset_pair_line	delta_vs_baseline_pair_deg_lfc_spearman_p05	mean_delta_vs_baseline_pair_deg_lfc_spearman_p05	-0.41269642524999023	-0.6537739007227238	-0.24214938079799522	0.2058122599623643	bca	ok	0.95	2000	2000	23	8	8	pubchem_cid			95% BCa bootstrap CI clustered by PubChem compound; uncertainty is over the observed compound panel, not broader chemical space.	CVCL_0023
2x	1	2.0	0.3010299956639812	False	tahoe	sciplex	dose_threshold_dataset_pair_line	observed_direction_agreement_p05	mean_observed_direction_agreement_p05	0.8933727687837276	0.8510273972602741	0.9163636363636364	0.03266811955168114	bca	ok	0.95	2000	2000	23	3	3	pubchem_cid			95% BCa bootstrap CI clustered by PubChem compound; uncertainty is over the observed compound panel, not broader chemical space.	CVCL_0023
2x	1	2.0	0.3010299956639812	False	tahoe	sciplex	dose_threshold_dataset_pair_line	baseline_pair_direction_agreement_p05	mean_baseline_pair_direction_agreement_p05	0.8888464119091276	0.8341480671170628	0.9345319220544778	0.05019192746870749	bca	ok	0.95	2000	2000	23	21	21	pubchem_cid			95% BCa bootstrap CI clustered by PubChem compound; uncertainty is over the observed compound panel, not broader chemical space.	CVCL_0023
2x	1	2.0	0.3010299956639812	False	tahoe	sciplex	dose_threshold_dataset_pair_line	delta_vs_baseline_pair_direction_agreement_p05	mean_delta_vs_baseline_pair_direction_agreement_p05	0.14580006737005538	0.1216694184553293	0.1673678129258306	0.022849197235250654	bca	ok	0.95	2000	2000	23	3	3	pubchem_cid			95% BCa bootstrap CI clustered by PubChem compound; uncertainty is over the observed compound panel, not broader chemical space.	CVCL_0023
3x	2	3.0	0.47712125471966244	False	l1000_phase1	l1000_phase2	dose_threshold_dataset_pair	observed_deg_lfc_spearman_sym_p05	mean_observed_deg_lfc_spearman_sym_p05	0.1595055340205016	0.11113433400275688	0.21293444986471993	0.05090005793098153	bca	ok	0.95	2000	2000	553	506	170	pubchem_cid			95% BCa bootstrap CI clustered by PubChem compound; uncertainty is over the observed compound panel, not broader chemical space.	
3x	2	3.0	0.47712125471966244	False	l1000_phase1	l1000_phase2	dose_threshold_dataset_pair	baseline_pair_deg_lfc_spearman_p05	mean_baseline_pair_deg_lfc_spearman_p05	0.3841345832394707	0.3547780361948934	0.4092122391551181	0.02721710148011236	bca	ok	0.95	2000	2000	553	553	176	pubchem_cid			95% BCa bootstrap CI clustered by PubChem compound; uncertainty is over the observed compound panel, not broader chemical space.	
3x	2	3.0	0.47712125471966244	False	l1000_phase1	l1000_phase2	dose_threshold_dataset_pair	delta_vs_baseline_pair_deg_lfc_spearman_p05	mean_delta_vs_baseline_pair_deg_lfc_spearman_p05	-0.21964482472593982	-0.26541784131996815	-0.17517874923434137	0.04511954604281339	bca	ok	0.95	2000	2000	553	506	170	pubchem_cid			95% BCa bootstrap CI clustered by PubChem compound; uncertainty is over the observed compound panel, not broader chemical space.	
3x	2	3.0	0.47712125471966244	False	l1000_phase1	l1000_phase2	dose_threshold_dataset_pair	observed_direction_agreement_p05	mean_observed_direction_agreement_p05	0.8949486055671774	0.8641586258546246	0.9209851780901733	0.02841327611777439	bca	ok	0.95	2000	2000	553	276	110	pubchem_cid			95% BCa bootstrap CI clustered by PubChem compound; uncertainty is over the observed compound panel, not broader chemical space.	
3x	2	3.0	0.47712125471966244	False	l1000_phase1	l1000_phase2	dose_threshold_dataset_pair	baseline_pair_direction_agreement_p05	mean_baseline_pair_direction_agreement_p05	0.7084806524794824	0.6944477212471145	0.7230874859430619	0.014319882347973711	bca	ok	0.95	2000	2000	553	553	176	pubchem_cid			95% BCa bootstrap CI clustered by PubChem compound; uncertainty is over the observed compound panel, not broader chemical space.	
3x	2	3.0	0.47712125471966244	False	l1000_phase1	l1000_phase2	dose_threshold_dataset_pair	delta_vs_baseline_pair_direction_agreement_p05	mean_delta_vs_baseline_pair_direction_agreement_p05	0.14512812349632287	0.11672949417470974	0.17194200780764488	0.02760625681646757	bca	ok	0.95	2000	2000	553	276	110	pubchem_cid			95% BCa bootstrap CI clustered by PubChem compound; uncertainty is over the observed compound panel, not broader chemical space.	
3x	2	3.0	0.47712125471966244	False	l1000_phase1	sciplex	dose_threshold_dataset_pair	observed_deg_lfc_spearman_sym_p05	mean_observed_deg_lfc_spearman_sym_p05	0.2533539260837602	0.009448454595252481	0.48616804670849456	0.23835979605662105	bca	ok	0.95	2000	2000	53	7	5	pubchem_cid			95% BCa bootstrap CI clustered by PubChem compound; uncertainty is over the observed compound panel, not broader chemical space.	
3x	2	3.0	0.47712125471966244	False	l1000_phase1	sciplex	dose_threshold_dataset_pair	baseline_pair_deg_lfc_spearman_p05	mean_baseline_pair_deg_lfc_spearman_p05	0.250934641883557	0.09775266331086326	0.3760000826549881	0.13912370967206242	bca	ok	0.95	2000	2000	53	49	37	pubchem_cid			95% BCa bootstrap CI clustered by PubChem compound; uncertainty is over the observed compound panel, not broader chemical space.	
3x	2	3.0	0.47712125471966244	False	l1000_phase1	sciplex	dose_threshold_dataset_pair	delta_vs_baseline_pair_deg_lfc_spearman_p05	mean_delta_vs_baseline_pair_deg_lfc_spearman_p05	-0.19139379496274683	-0.5160943585042191	-0.08020225803289695	0.2179460502356611	bca	ok	0.95	2000	2000	53	7	5	pubchem_cid			95% BCa bootstrap CI clustered by PubChem compound; uncertainty is over the observed compound panel, not broader chemical space.	
3x	2	3.0	0.47712125471966244	False	l1000_phase1	sciplex	dose_threshold_dataset_pair	observed_direction_agreement_p05	mean_observed_direction_agreement_p05	0.9137834821428572	0.7622279540041915	0.979591836734694	0.10868194136525122	bca	ok	0.95	2000	2000	53	8	6	pubchem_cid			95% BCa bootstrap CI clustered by PubChem compound; uncertainty is over the observed compound panel, not broader chemical space.	
3x	2	3.0	0.47712125471966244	False	l1000_phase1	sciplex	dose_threshold_dataset_pair	baseline_pair_direction_agreement_p05	mean_baseline_pair_direction_agreement_p05	0.6769844551323266	0.6077580064127736	0.7373426627355169	0.06479232816137165	bca	ok	0.95	2000	2000	53	52	37	pubchem_cid			95% BCa bootstrap CI clustered by PubChem compound; uncertainty is over the observed compound panel, not broader chemical space.	
3x	2	3.0	0.47712125471966244	False	l1000_phase1	sciplex	dose_threshold_dataset_pair	delta_vs_baseline_pair_direction_agreement_p05	mean_delta_vs_baseline_pair_direction_agreement_p05	0.12968534470850748	0.04724163770673438	0.20770515247983048	0.08023175738654806	bca	ok	0.95	2000	2000	53	8	6	pubchem_cid			95% BCa bootstrap CI clustered by PubChem compound; uncertainty is over the observed compound panel, not broader chemical space.	
3x	2	3.0	0.47712125471966244	False	l1000_phase1	tahoe	dose_threshold_dataset_pair	observed_deg_lfc_spearman_sym_p05	mean_observed_deg_lfc_spearman_sym_p05	0.1622265556796972	-0.05849449107876384	0.3200686690168851	0.18928158004782447	bca	ok	0.95	2000	2000	21	13	11	pubchem_cid			95% BCa bootstrap CI clustered by PubChem compound; uncertainty is over the observed compound panel, not broader chemical space.	
3x	2	3.0	0.47712125471966244	False	l1000_phase1	tahoe	dose_threshold_dataset_pair	baseline_pair_deg_lfc_spearman_p05	mean_baseline_pair_deg_lfc_spearman_p05	0.4231600792720486	0.28892938290275993	0.5121132739615222	0.11159194552938112	bca	ok	0.95	2000	2000	21	21	17	pubchem_cid			95% BCa bootstrap CI clustered by PubChem compound; uncertainty is over the observed compound panel, not broader chemical space.	
3x	2	3.0	0.47712125471966244	False	l1000_phase1	tahoe	dose_threshold_dataset_pair	delta_vs_baseline_pair_deg_lfc_spearman_p05	mean_delta_vs_baseline_pair_deg_lfc_spearman_p05	-0.2608057337586894	-0.36736118648759414	-0.1595476547777554	0.10390676585491937	bca	ok	0.95	2000	2000	21	13	11	pubchem_cid			95% BCa bootstrap CI clustered by PubChem compound; uncertainty is over the observed compound panel, not broader chemical space.	
3x	2	3.0	0.47712125471966244	False	l1000_phase1	tahoe	dose_threshold_dataset_pair	observed_direction_agreement_p05	mean_observed_direction_agreement_p05	0.7211948840512399	0.3329886754825082	0.8461948840512399	0.25660310428436583	bca	ok	0.95	2000	2000	21	8	6	pubchem_cid			95% BCa bootstrap CI clustered by PubChem compound; uncertainty is over the observed compound panel, not broader chemical space.	
3x	2	3.0	0.47712125471966244	False	l1000_phase1	tahoe	dose_threshold_dataset_pair	baseline_pair_direction_agreement_p05	mean_baseline_pair_direction_agreement_p05	0.7356507383191901	0.6898214716085186	0.7933317098615036	0.0517551191264925	bca	ok	0.95	2000	2000	21	21	17	pubchem_cid			95% BCa bootstrap CI clustered by PubChem compound; uncertainty is over the observed compound panel, not broader chemical space.	
3x	2	3.0	0.47712125471966244	False	l1000_phase1	tahoe	dose_threshold_dataset_pair	delta_vs_baseline_pair_direction_agreement_p05	mean_delta_vs_baseline_pair_direction_agreement_p05	-0.03149658972298584	-0.4837340946270833	0.08855240101461505	0.28614324782084916	bca	ok	0.95	2000	2000	21	8	6	pubchem_cid			95% BCa bootstrap CI clustered by PubChem compound; uncertainty is over the observed compound panel, not broader chemical space.	
3x	2	3.0	0.47712125471966244	False	l1000_phase2	sciplex	dose_threshold_dataset_pair	observed_deg_lfc_spearman_sym_p05	mean_observed_deg_lfc_spearman_sym_p05	0.38264716306331237	0.1816484099450429	0.5350020750980957	0.17667683257652642	bca	ok	0.95	2000	2000	127	15	14	pubchem_cid			95% BCa bootstrap CI clustered by PubChem compound; uncertainty is over the observed compound panel, not broader chemical space.	
3x	2	3.0	0.47712125471966244	False	l1000_phase2	sciplex	dose_threshold_dataset_pair	baseline_pair_deg_lfc_spearman_p05	mean_baseline_pair_deg_lfc_spearman_p05	0.2130265182938198	0.11573633237550775	0.30156855944367233	0.0929161135340823	bca	ok	0.95	2000	2000	127	102	73	pubchem_cid			95% BCa bootstrap CI clustered by PubChem compound; uncertainty is over the observed compound panel, not broader chemical space.	
3x	2	3.0	0.47712125471966244	False	l1000_phase2	sciplex	dose_threshold_dataset_pair	delta_vs_baseline_pair_deg_lfc_spearman_p05	mean_delta_vs_baseline_pair_deg_lfc_spearman_p05	-0.021986090100684096	-0.13366167575042995	0.13121699153603858	0.13243933364323426	bca	ok	0.95	2000	2000	127	15	14	pubchem_cid			95% BCa bootstrap CI clustered by PubChem compound; uncertainty is over the observed compound panel, not broader chemical space.	
3x	2	3.0	0.47712125471966244	False	l1000_phase2	sciplex	dose_threshold_dataset_pair	observed_direction_agreement_p05	mean_observed_direction_agreement_p05	0.930650791271345	0.8527018386076941	0.9740733151183971	0.06068573825535151	bca	ok	0.95	2000	2000	127	15	15	pubchem_cid			95% BCa bootstrap CI clustered by PubChem compound; uncertainty is over the observed compound panel, not broader chemical space.	
3x	2	3.0	0.47712125471966244	False	l1000_phase2	sciplex	dose_threshold_dataset_pair	baseline_pair_direction_agreement_p05	mean_baseline_pair_direction_agreement_p05	0.6441333337955752	0.6025027595441164	0.6791891557477493	0.03834319810181647	bca	ok	0.95	2000	2000	127	113	78	pubchem_cid			95% BCa bootstrap CI clustered by PubChem compound; uncertainty is over the observed compound panel, not broader chemical space.	
3x	2	3.0	0.47712125471966244	False	l1000_phase2	sciplex	dose_threshold_dataset_pair	delta_vs_baseline_pair_direction_agreement_p05	mean_delta_vs_baseline_pair_direction_agreement_p05	0.21033891688062933	0.1405464784216955	0.2738305571349709	0.0666420393566377	bca	ok	0.95	2000	2000	127	15	15	pubchem_cid			95% BCa bootstrap CI clustered by PubChem compound; uncertainty is over the observed compound panel, not broader chemical space.	
3x	2	3.0	0.47712125471966244	False	l1000_phase2	tahoe	dose_threshold_dataset_pair	observed_deg_lfc_spearman_sym_p05	mean_observed_deg_lfc_spearman_sym_p05	0.06603606577139064	-0.04242732324053144	0.1679741960219581	0.10520075963124477	bca	ok	0.95	2000	2000	134	58	47	pubchem_cid			95% BCa bootstrap CI clustered by PubChem compound; uncertainty is over the observed compound panel, not broader chemical space.	
3x	2	3.0	0.47712125471966244	False	l1000_phase2	tahoe	dose_threshold_dataset_pair	baseline_pair_deg_lfc_spearman_p05	mean_baseline_pair_deg_lfc_spearman_p05	0.2628938712629663	0.17928720167286227	0.3421530269143921	0.08143291262076491	bca	ok	0.95	2000	2000	134	122	101	pubchem_cid			95% BCa bootstrap CI clustered by PubChem compound; uncertainty is over the observed compound panel, not broader chemical space.	
3x	2	3.0	0.47712125471966244	False	l1000_phase2	tahoe	dose_threshold_dataset_pair	delta_vs_baseline_pair_deg_lfc_spearman_p05	mean_delta_vs_baseline_pair_deg_lfc_spearman_p05	-0.30846480699563866	-0.423295234736231	-0.17395098718956956	0.12467212377333071	bca	ok	0.95	2000	2000	134	58	47	pubchem_cid			95% BCa bootstrap CI clustered by PubChem compound; uncertainty is over the observed compound panel, not broader chemical space.	
3x	2	3.0	0.47712125471966244	False	l1000_phase2	tahoe	dose_threshold_dataset_pair	observed_direction_agreement_p05	mean_observed_direction_agreement_p05	0.6459935266266588	0.4778324031916372	0.7681685532721876	0.14516807504027518	bca	ok	0.95	2000	2000	134	24	18	pubchem_cid			95% BCa bootstrap CI clustered by PubChem compound; uncertainty is over the observed compound panel, not broader chemical space.	
3x	2	3.0	0.47712125471966244	False	l1000_phase2	tahoe	dose_threshold_dataset_pair	baseline_pair_direction_agreement_p05	mean_baseline_pair_direction_agreement_p05	0.6682196204908089	0.6318245774152877	0.7055713430431648	0.03687338281393854	bca	ok	0.95	2000	2000	134	130	107	pubchem_cid			95% BCa bootstrap CI clustered by PubChem compound; uncertainty is over the observed compound panel, not broader chemical space.	
3x	2	3.0	0.47712125471966244	False	l1000_phase2	tahoe	dose_threshold_dataset_pair	delta_vs_baseline_pair_direction_agreement_p05	mean_delta_vs_baseline_pair_direction_agreement_p05	-0.14063534744863326	-0.31179329876362444	-0.025610792113187876	0.14309125332521827	bca	ok	0.95	2000	2000	134	24	18	pubchem_cid			95% BCa bootstrap CI clustered by PubChem compound; uncertainty is over the observed compound panel, not broader chemical space.	
3x	2	3.0	0.47712125471966244	False	tahoe	sciplex	dose_threshold_dataset_pair	observed_deg_lfc_spearman_sym_p05	mean_observed_deg_lfc_spearman_sym_p05	0.15785887696601744	-0.13675464351991556	0.33966618997760045	0.238210416748758	bca	ok	0.95	2000	2000	23	8	8	pubchem_cid			95% BCa bootstrap CI clustered by PubChem compound; uncertainty is over the observed compound panel, not broader chemical space.	
3x	2	3.0	0.47712125471966244	False	tahoe	sciplex	dose_threshold_dataset_pair	baseline_pair_deg_lfc_spearman_p05	mean_baseline_pair_deg_lfc_spearman_p05	0.5121751091782398	0.1897012844224384	0.6719900834096788	0.2411443994936202	bca	ok	0.95	2000	2000	23	17	17	pubchem_cid			95% BCa bootstrap CI clustered by PubChem compound; uncertainty is over the observed compound panel, not broader chemical space.	
3x	2	3.0	0.47712125471966244	False	tahoe	sciplex	dose_threshold_dataset_pair	delta_vs_baseline_pair_deg_lfc_spearman_p05	mean_delta_vs_baseline_pair_deg_lfc_spearman_p05	-0.41269642524999023	-0.6495433947524386	-0.24066851298689748	0.20443744088277055	bca	ok	0.95	2000	2000	23	8	8	pubchem_cid			95% BCa bootstrap CI clustered by PubChem compound; uncertainty is over the observed compound panel, not broader chemical space.	
3x	2	3.0	0.47712125471966244	False	tahoe	sciplex	dose_threshold_dataset_pair	observed_direction_agreement_p05	mean_observed_direction_agreement_p05	0.8933727687837276	0.8510273972602741	0.9163636363636364	0.03266811955168114	bca	ok	0.95	2000	2000	23	3	3	pubchem_cid			95% BCa bootstrap CI clustered by PubChem compound; uncertainty is over the observed compound panel, not broader chemical space.	
3x	2	3.0	0.47712125471966244	False	tahoe	sciplex	dose_threshold_dataset_pair	baseline_pair_direction_agreement_p05	mean_baseline_pair_direction_agreement_p05	0.8888464119091276	0.8343156565723973	0.9348350541215087	0.05025969877455572	bca	ok	0.95	2000	2000	23	21	21	pubchem_cid			95% BCa bootstrap CI clustered by PubChem compound; uncertainty is over the observed compound panel, not broader chemical space.	
3x	2	3.0	0.47712125471966244	False	tahoe	sciplex	dose_threshold_dataset_pair	delta_vs_baseline_pair_direction_agreement_p05	mean_delta_vs_baseline_pair_direction_agreement_p05	0.14580006737005538	0.1216694184553293	0.1673678129258306	0.022849197235250654	bca	ok	0.95	2000	2000	23	3	3	pubchem_cid			95% BCa bootstrap CI clustered by PubChem compound; uncertainty is over the observed compound panel, not broader chemical space.	
3x	2	3.0	0.47712125471966244	False	l1000_phase1	l1000_phase2	dose_threshold_dataset_pair_line	observed_deg_lfc_spearman_sym_p05	mean_observed_deg_lfc_spearman_sym_p05	0.31629320890863294	0.16768977677420394	0.44961312182366686	0.14096167252473146	bca	ok	0.95	2000	2000	16	16	16	pubchem_cid			95% BCa bootstrap CI clustered by PubChem compound; uncertainty is over the observed compound panel, not broader chemical space.	CVCL_0023
3x	2	3.0	0.47712125471966244	False	l1000_phase1	l1000_phase2	dose_threshold_dataset_pair_line	baseline_pair_deg_lfc_spearman_p05	mean_baseline_pair_deg_lfc_spearman_p05	0.42812599061953227	0.260264037629969	0.5298877154373777	0.13481183890370432	bca	ok	0.95	2000	2000	16	16	16	pubchem_cid			95% BCa bootstrap CI clustered by PubChem compound; uncertainty is over the observed compound panel, not broader chemical space.	CVCL_0023
3x	2	3.0	0.47712125471966244	False	l1000_phase1	l1000_phase2	dose_threshold_dataset_pair_line	delta_vs_baseline_pair_deg_lfc_spearman_p05	mean_delta_vs_baseline_pair_deg_lfc_spearman_p05	-0.17256640545865065	-0.3210325496292185	-0.057615102717865685	0.1317087234556764	bca	ok	0.95	2000	2000	16	16	16	pubchem_cid			95% BCa bootstrap CI clustered by PubChem compound; uncertainty is over the observed compound panel, not broader chemical space.	CVCL_0023
3x	2	3.0	0.47712125471966244	False	l1000_phase1	l1000_phase2	dose_threshold_dataset_pair_line	observed_direction_agreement_p05	mean_observed_direction_agreement_p05	0.9089805230351615	0.7919297195156454	0.9695280741705712	0.0887991773274629	bca	ok	0.95	2000	2000	16	13	13	pubchem_cid			95% BCa bootstrap CI clustered by PubChem compound; uncertainty is over the observed compound panel, not broader chemical space.	CVCL_0023
3x	2	3.0	0.47712125471966244	False	l1000_phase1	l1000_phase2	dose_threshold_dataset_pair_line	baseline_pair_direction_agreement_p05	mean_baseline_pair_direction_agreement_p05	0.7458951120249473	0.6760579434937276	0.7924947507462056	0.05821840362623898	bca	ok	0.95	2000	2000	16	16	16	pubchem_cid			95% BCa bootstrap CI clustered by PubChem compound; uncertainty is over the observed compound panel, not broader chemical space.	CVCL_0023
3x	2	3.0	0.47712125471966244	False	l1000_phase1	l1000_phase2	dose_threshold_dataset_pair_line	delta_vs_baseline_pair_direction_agreement_p05	mean_delta_vs_baseline_pair_direction_agreement_p05	0.12018455302509341	-0.024898491421755608	0.19234484656638481	0.1086216689940702	bca	ok	0.95	2000	2000	16	13	13	pubchem_cid			95% BCa bootstrap CI clustered by PubChem compound; uncertainty is over the observed compound panel, not broader chemical space.	CVCL_0023
3x	2	3.0	0.47712125471966244	False	l1000_phase1	l1000_phase2	dose_threshold_dataset_pair_line	observed_deg_lfc_spearman_sym_p05	mean_observed_deg_lfc_spearman_sym_p05	0.06006135339357074	-0.004914451785374397	0.12088904289276428	0.06290174733906934	bca	ok	0.95	2000	2000	136	130	130	pubchem_cid			95% BCa bootstrap CI clustered by PubChem compound; uncertainty is over the observed compound panel, not broader chemical space.	CVCL_0031
3x	2	3.0	0.47712125471966244	False	l1000_phase1	l1000_phase2	dose_threshold_dataset_pair_line	baseline_pair_deg_lfc_spearman_p05	mean_baseline_pair_deg_lfc_spearman_p05	0.3015554213841449	0.25749459352185766	0.34291365536380713	0.042709530920974736	bca	ok	0.95	2000	2000	136	136	136	pubchem_cid			95% BCa bootstrap CI clustered by PubChem compound; uncertainty is over the observed compound panel, not broader chemical space.	CVCL_0031
3x	2	3.0	0.47712125471966244	False	l1000_phase1	l1000_phase2	dose_threshold_dataset_pair_line	delta_vs_baseline_pair_deg_lfc_spearman_p05	mean_delta_vs_baseline_pair_deg_lfc_spearman_p05	-0.23880695219080142	-0.3055670929882106	-0.17468188803322632	0.06544260247749215	bca	ok	0.95	2000	2000	136	130	130	pubchem_cid			95% BCa bootstrap CI clustered by PubChem compound; uncertainty is over the observed compound panel, not broader chemical space.	CVCL_0031
3x	2	3.0	0.47712125471966244	False	l1000_phase1	l1000_phase2	dose_threshold_dataset_pair_line	observed_direction_agreement_p05	mean_observed_direction_agreement_p05	0.8431925056728876	0.7663182804004897	0.896941937985658	0.06531182879258418	bca	ok	0.95	2000	2000	136	60	60	pubchem_cid			95% BCa bootstrap CI clustered by PubChem compound; uncertainty is over the observed compound panel, not broader chemical space.	CVCL_0031
3x	2	3.0	0.47712125471966244	False	l1000_phase1	l1000_phase2	dose_threshold_dataset_pair_line	baseline_pair_direction_agreement_p05	mean_baseline_pair_direction_agreement_p05	0.6830395291879238	0.6626089986295235	0.7027629798709699	0.020076990620723212	bca	ok	0.95	2000	2000	136	136	136	pubchem_cid			95% BCa bootstrap CI clustered by PubChem compound; uncertainty is over the observed compound panel, not broader chemical space.	CVCL_0031
3x	2	3.0	0.47712125471966244	False	l1000_phase1	l1000_phase2	dose_threshold_dataset_pair_line	delta_vs_baseline_pair_direction_agreement_p05	mean_delta_vs_baseline_pair_direction_agreement_p05	0.14114982116894806	0.06295811538851395	0.20173977501718438	0.06939082981433521	bca	ok	0.95	2000	2000	136	60	60	pubchem_cid			95% BCa bootstrap CI clustered by PubChem compound; uncertainty is over the observed compound panel, not broader chemical space.	CVCL_0031
3x	2	3.0	0.47712125471966244	False	l1000_phase1	l1000_phase2	dose_threshold_dataset_pair_line	observed_deg_lfc_spearman_sym_p05	mean_observed_deg_lfc_spearman_sym_p05	0.18495367218631714	0.08495937061127845	0.28328329809568353	0.09916196374220254	bca	ok	0.95	2000	2000	63	57	57	pubchem_cid			95% BCa bootstrap CI clustered by PubChem compound; uncertainty is over the observed compound panel, not broader chemical space.	CVCL_0033
3x	2	3.0	0.47712125471966244	False	l1000_phase1	l1000_phase2	dose_threshold_dataset_pair_line	baseline_pair_deg_lfc_spearman_p05	mean_baseline_pair_deg_lfc_spearman_p05	0.3677367384987096	0.2939627409552803	0.4335646349151959	0.06980094697995781	bca	ok	0.95	2000	2000	63	63	63	pubchem_cid			95% BCa bootstrap CI clustered by PubChem compound; uncertainty is over the observed compound panel, not broader chemical space.	CVCL_0033
3x	2	3.0	0.47712125471966244	False	l1000_phase1	l1000_phase2	dose_threshold_dataset_pair_line	delta_vs_baseline_pair_deg_lfc_spearman_p05	mean_delta_vs_baseline_pair_deg_lfc_spearman_p05	-0.2272219254017624	-0.34282980998976076	-0.12936816568710094	0.10673082215132991	bca	ok	0.95	2000	2000	63	57	57	pubchem_cid			95% BCa bootstrap CI clustered by PubChem compound; uncertainty is over the observed compound panel, not broader chemical space.	CVCL_0033
3x	2	3.0	0.47712125471966244	False	l1000_phase1	l1000_phase2	dose_threshold_dataset_pair_line	observed_direction_agreement_p05	mean_observed_direction_agreement_p05	0.9550413775216738	0.9206610487473523	0.9781266930244445	0.02873282213854611	bca	ok	0.95	2000	2000	63	30	30	pubchem_cid			95% BCa bootstrap CI clustered by PubChem compound; uncertainty is over the observed compound panel, not broader chemical space.	CVCL_0033
3x	2	3.0	0.47712125471966244	False	l1000_phase1	l1000_phase2	dose_threshold_dataset_pair_line	baseline_pair_direction_agreement_p05	mean_baseline_pair_direction_agreement_p05	0.666610566994492	0.627787179956804	0.7011522437435697	0.03668253189338283	bca	ok	0.95	2000	2000	63	63	63	pubchem_cid			95% BCa bootstrap CI clustered by PubChem compound; uncertainty is over the observed compound panel, not broader chemical space.	CVCL_0033
3x	2	3.0	0.47712125471966244	False	l1000_phase1	l1000_phase2	dose_threshold_dataset_pair_line	delta_vs_baseline_pair_direction_agreement_p05	mean_delta_vs_baseline_pair_direction_agreement_p05	0.22258362339889723	0.17084843165486804	0.2745547907194607	0.05185317953229633	bca	ok	0.95	2000	2000	63	30	30	pubchem_cid			95% BCa bootstrap CI clustered by PubChem compound; uncertainty is over the observed compound panel, not broader chemical space.	CVCL_0033
3x	2	3.0	0.47712125471966244	False	l1000_phase1	l1000_phase2	dose_threshold_dataset_pair_line	observed_deg_lfc_spearman_sym_p05	mean_observed_deg_lfc_spearman_sym_p05	-0.008266253301068397	-0.11297767571396082	0.06429061339581926	0.08863414455489005	bca	ok	0.95	2000	2000	15	14	14	pubchem_cid			95% BCa bootstrap CI clustered by PubChem compound; uncertainty is over the observed compound panel, not broader chemical space.	CVCL_0035
3x	2	3.0	0.47712125471966244	False	l1000_phase1	l1000_phase2	dose_threshold_dataset_pair_line	baseline_pair_deg_lfc_spearman_p05	mean_baseline_pair_deg_lfc_spearman_p05	0.30015720021362013	0.2331242486272613	0.36151499085182176	0.06419537111228023	bca	ok	0.95	2000	2000	15	15	15	pubchem_cid			95% BCa bootstrap CI clustered by PubChem compound; uncertainty is over the observed compound panel, not broader chemical space.	CVCL_0035
3x	2	3.0	0.47712125471966244	False	l1000_phase1	l1000_phase2	dose_threshold_dataset_pair_line	delta_vs_baseline_pair_deg_lfc_spearman_p05	mean_delta_vs_baseline_pair_deg_lfc_spearman_p05	-0.2982368144851482	-0.4461216573140757	-0.20067731531874994	0.12272217099766289	bca	ok	0.95	2000	2000	15	14	14	pubchem_cid			95% BCa bootstrap CI clustered by PubChem compound; uncertainty is over the observed compound panel, not broader chemical space.	CVCL_0035
3x	2	3.0	0.47712125471966244	False	l1000_phase1	l1000_phase2	dose_threshold_dataset_pair_line	observed_direction_agreement_p05	mean_observed_direction_agreement_p05	0.6559216925772109	0.482660303125014	0.8015260881816068	0.15943289252829637	bca	ok	0.95	2000	2000	15	13	13	pubchem_cid			95% BCa bootstrap CI clustered by PubChem compound; uncertainty is over the observed compound panel, not broader chemical space.	CVCL_0035
3x	2	3.0	0.47712125471966244	False	l1000_phase1	l1000_phase2	dose_threshold_dataset_pair_line	baseline_pair_direction_agreement_p05	mean_baseline_pair_direction_agreement_p05	0.673702071550472	0.6481226703480918	0.7108328859343946	0.03135510779315143	bca	ok	0.95	2000	2000	15	15	15	pubchem_cid			95% BCa bootstrap CI clustered by PubChem compound; uncertainty is over the observed compound panel, not broader chemical space.	CVCL_0035
3x	2	3.0	0.47712125471966244	False	l1000_phase1	l1000_phase2	dose_threshold_dataset_pair_line	delta_vs_baseline_pair_direction_agreement_p05	mean_delta_vs_baseline_pair_direction_agreement_p05	-0.02061342788151878	-0.1940868058526883	0.14369606531842635	0.16889143558555733	bca	ok	0.95	2000	2000	15	13	13	pubchem_cid			95% BCa bootstrap CI clustered by PubChem compound; uncertainty is over the observed compound panel, not broader chemical space.	CVCL_0035
3x	2	3.0	0.47712125471966244	False	l1000_phase1	l1000_phase2	dose_threshold_dataset_pair_line	observed_deg_lfc_spearman_sym_p05	mean_observed_deg_lfc_spearman_sym_p05	0.17134418661405365	0.07186959141954292	0.25378393046147857	0.09095716952096783	bca	ok	0.95	2000	2000	94	84	84	pubchem_cid			95% BCa bootstrap CI clustered by PubChem compound; uncertainty is over the observed compound panel, not broader chemical space.	CVCL_0062
3x	2	3.0	0.47712125471966244	False	l1000_phase1	l1000_phase2	dose_threshold_dataset_pair_line	baseline_pair_deg_lfc_spearman_p05	mean_baseline_pair_deg_lfc_spearman_p05	0.34662128442750983	0.2831414917330312	0.4021231060309523	0.059490807148960545	bca	ok	0.95	2000	2000	94	94	94	pubchem_cid			95% BCa bootstrap CI clustered by PubChem compound; uncertainty is over the observed compound panel, not broader chemical space.	CVCL_0062
3x	2	3.0	0.47712125471966244	False	l1000_phase1	l1000_phase2	dose_threshold_dataset_pair_line	delta_vs_baseline_pair_deg_lfc_spearman_p05	mean_delta_vs_baseline_pair_deg_lfc_spearman_p05	-0.1621310289512563	-0.25338563034723327	-0.08337297569602478	0.08500632732560424	bca	ok	0.95	2000	2000	94	84	84	pubchem_cid			95% BCa bootstrap CI clustered by PubChem compound; uncertainty is over the observed compound panel, not broader chemical space.	CVCL_0062
3x	2	3.0	0.47712125471966244	False	l1000_phase1	l1000_phase2	dose_threshold_dataset_pair_line	observed_direction_agreement_p05	mean_observed_direction_agreement_p05	0.9224486689345633	0.8034568521851992	0.9663780562793265	0.08146060204706362	bca	ok	0.95	2000	2000	94	41	41	pubchem_cid			95% BCa bootstrap CI clustered by PubChem compound; uncertainty is over the observed compound panel, not broader chemical space.	CVCL_0062
3x	2	3.0	0.47712125471966244	False	l1000_phase1	l1000_phase2	dose_threshold_dataset_pair_line	baseline_pair_direction_agreement_p05	mean_baseline_pair_direction_agreement_p05	0.6886375970697106	0.6589059863032305	0.7175282552368175	0.02931113446679351	bca	ok	0.95	2000	2000	94	94	94	pubchem_cid			95% BCa bootstrap CI clustered by PubChem compound; uncertainty is over the observed compound panel, not broader chemical space.	CVCL_0062
3x	2	3.0	0.47712125471966244	False	l1000_phase1	l1000_phase2	dose_threshold_dataset_pair_line	delta_vs_baseline_pair_direction_agreement_p05	mean_delta_vs_baseline_pair_direction_agreement_p05	0.1887086193883162	0.10478579772871416	0.24564779352323296	0.0704309978972594	bca	ok	0.95	2000	2000	94	41	41	pubchem_cid			95% BCa bootstrap CI clustered by PubChem compound; uncertainty is over the observed compound panel, not broader chemical space.	CVCL_0062
3x	2	3.0	0.47712125471966244	False	l1000_phase1	l1000_phase2	dose_threshold_dataset_pair_line	observed_deg_lfc_spearman_sym_p05	mean_observed_deg_lfc_spearman_sym_p05	0.3229493893086418	0.03306376224051466	0.4936934139690625	0.23031482586427393	bca	ok	0.95	2000	2000	17	17	17	pubchem_cid			95% BCa bootstrap CI clustered by PubChem compound; uncertainty is over the observed compound panel, not broader chemical space.	CVCL_0132
3x	2	3.0	0.47712125471966244	False	l1000_phase1	l1000_phase2	dose_threshold_dataset_pair_line	baseline_pair_deg_lfc_spearman_p05	mean_baseline_pair_deg_lfc_spearman_p05	0.5430618480004118	0.436802448615159	0.6374180337548196	0.10030779256983033	bca	ok	0.95	2000	2000	17	17	17	pubchem_cid			95% BCa bootstrap CI clustered by PubChem compound; uncertainty is over the observed compound panel, not broader chemical space.	CVCL_0132
3x	2	3.0	0.47712125471966244	False	l1000_phase1	l1000_phase2	dose_threshold_dataset_pair_line	delta_vs_baseline_pair_deg_lfc_spearman_p05	mean_delta_vs_baseline_pair_deg_lfc_spearman_p05	-0.21565490403601134	-0.38549456386878156	-0.10692896859481266	0.13928279763698445	bca	ok	0.95	2000	2000	17	17	17	pubchem_cid			95% BCa bootstrap CI clustered by PubChem compound; uncertainty is over the observed compound panel, not broader chemical space.	CVCL_0132
3x	2	3.0	0.47712125471966244	False	l1000_phase1	l1000_phase2	dose_threshold_dataset_pair_line	observed_direction_agreement_p05	mean_observed_direction_agreement_p05	0.8963037019677105	0.7952553233914409	0.9529527111992926	0.07884869390392585	bca	ok	0.95	2000	2000	17	13	13	pubchem_cid			95% BCa bootstrap CI clustered by PubChem compound; uncertainty is over the observed compound panel, not broader chemical space.	CVCL_0132
3x	2	3.0	0.47712125471966244	False	l1000_phase1	l1000_phase2	dose_threshold_dataset_pair_line	baseline_pair_direction_agreement_p05	mean_baseline_pair_direction_agreement_p05	0.7826620651898616	0.7274068290970462	0.8248362456018068	0.04871470825238028	bca	ok	0.95	2000	2000	17	17	17	pubchem_cid			95% BCa bootstrap CI clustered by PubChem compound; uncertainty is over the observed compound panel, not broader chemical space.	CVCL_0132
3x	2	3.0	0.47712125471966244	False	l1000_phase1	l1000_phase2	dose_threshold_dataset_pair_line	delta_vs_baseline_pair_direction_agreement_p05	mean_delta_vs_baseline_pair_direction_agreement_p05	0.05565799907374325	-0.015434075861600696	0.10548619479341237	0.060460135327506534	bca	ok	0.95	2000	2000	17	13	13	pubchem_cid			95% BCa bootstrap CI clustered by PubChem compound; uncertainty is over the observed compound panel, not broader chemical space.	CVCL_0132
3x	2	3.0	0.47712125471966244	False	l1000_phase1	l1000_phase2	dose_threshold_dataset_pair_line	observed_deg_lfc_spearman_sym_p05	mean_observed_deg_lfc_spearman_sym_p05	0.2646019475513454	0.14309607801423394	0.36789705445645265	0.11240048822110936	bca	ok	0.95	2000	2000	63	47	47	pubchem_cid			95% BCa bootstrap CI clustered by PubChem compound; uncertainty is over the observed compound panel, not broader chemical space.	CVCL_0178
3x	2	3.0	0.47712125471966244	False	l1000_phase1	l1000_phase2	dose_threshold_dataset_pair_line	baseline_pair_deg_lfc_spearman_p05	mean_baseline_pair_deg_lfc_spearman_p05	0.5006256914765248	0.4153720831806742	0.5645150336854444	0.07457147525238511	bca	ok	0.95	2000	2000	63	63	63	pubchem_cid			95% BCa bootstrap CI clustered by PubChem compound; uncertainty is over the observed compound panel, not broader chemical space.	CVCL_0178
3x	2	3.0	0.47712125471966244	False	l1000_phase1	l1000_phase2	dose_threshold_dataset_pair_line	delta_vs_baseline_pair_deg_lfc_spearman_p05	mean_delta_vs_baseline_pair_deg_lfc_spearman_p05	-0.15403351111313113	-0.32334016601366194	-0.016817818035652805	0.15326117398900457	bca	ok	0.95	2000	2000	63	47	47	pubchem_cid			95% BCa bootstrap CI clustered by PubChem compound; uncertainty is over the observed compound panel, not broader chemical space.	CVCL_0178
3x	2	3.0	0.47712125471966244	False	l1000_phase1	l1000_phase2	dose_threshold_dataset_pair_line	observed_direction_agreement_p05	mean_observed_direction_agreement_p05	0.9323749851835096	0.8012497893717807	0.9758832173602398	0.08731671399422952	bca	ok	0.95	2000	2000	63	28	28	pubchem_cid			95% BCa bootstrap CI clustered by PubChem compound; uncertainty is over the observed compound panel, not broader chemical space.	CVCL_0178
3x	2	3.0	0.47712125471966244	False	l1000_phase1	l1000_phase2	dose_threshold_dataset_pair_line	baseline_pair_direction_agreement_p05	mean_baseline_pair_direction_agreement_p05	0.7690681570975477	0.7276074010059936	0.8060453301612479	0.039218964577627136	bca	ok	0.95	2000	2000	63	63	63	pubchem_cid			95% BCa bootstrap CI clustered by PubChem compound; uncertainty is over the observed compound panel, not broader chemical space.	CVCL_0178
3x	2	3.0	0.47712125471966244	False	l1000_phase1	l1000_phase2	dose_threshold_dataset_pair_line	delta_vs_baseline_pair_direction_agreement_p05	mean_delta_vs_baseline_pair_direction_agreement_p05	0.13640895135132655	-0.034068623406802265	0.19939488177298154	0.11673175258989191	bca	ok	0.95	2000	2000	63	28	28	pubchem_cid			95% BCa bootstrap CI clustered by PubChem compound; uncertainty is over the observed compound panel, not broader chemical space.	CVCL_0178
3x	2	3.0	0.47712125471966244	False	l1000_phase1	l1000_phase2	dose_threshold_dataset_pair_line	observed_deg_lfc_spearman_sym_p05	mean_observed_deg_lfc_spearman_sym_p05	0.13929143047950995	-0.0009745733850885924	0.44507358013823384	0.22302407676166122	bca	ok	0.95	2000	2000	8	8	8	pubchem_cid			95% BCa bootstrap CI clustered by PubChem compound; uncertainty is over the observed compound panel, not broader chemical space.	CVCL_0320
3x	2	3.0	0.47712125471966244	False	l1000_phase1	l1000_phase2	dose_threshold_dataset_pair_line	baseline_pair_deg_lfc_spearman_p05	mean_baseline_pair_deg_lfc_spearman_p05	0.4346518503286587	0.3048131883165603	0.5332724358912846	0.11422962378736215	bca	ok	0.95	2000	2000	8	8	8	pubchem_cid			95% BCa bootstrap CI clustered by PubChem compound; uncertainty is over the observed compound panel, not broader chemical space.	CVCL_0320
3x	2	3.0	0.47712125471966244	False	l1000_phase1	l1000_phase2	dose_threshold_dataset_pair_line	delta_vs_baseline_pair_deg_lfc_spearman_p05	mean_delta_vs_baseline_pair_deg_lfc_spearman_p05	-0.2928671253024966	-0.486744922489737	-0.05870107844222641	0.2140219220237553	bca	ok	0.95	2000	2000	8	8	8	pubchem_cid			95% BCa bootstrap CI clustered by PubChem compound; uncertainty is over the observed compound panel, not broader chemical space.	CVCL_0320
3x	2	3.0	0.47712125471966244	False	l1000_phase1	l1000_phase2	dose_threshold_dataset_pair_line	observed_direction_agreement_p05	mean_observed_direction_agreement_p05	0.8570767195767196	0.6067135543157084	0.9583333333333334	0.1758098895088125	bca	ok	0.95	2000	2000	8	6	6	pubchem_cid			95% BCa bootstrap CI clustered by PubChem compound; uncertainty is over the observed compound panel, not broader chemical space.	CVCL_0320
3x	2	3.0	0.47712125471966244	False	l1000_phase1	l1000_phase2	dose_threshold_dataset_pair_line	baseline_pair_direction_agreement_p05	mean_baseline_pair_direction_agreement_p05	0.7197340930031528	0.6770587483661471	0.7687262418753691	0.04583374675461099	bca	ok	0.95	2000	2000	8	8	8	pubchem_cid			95% BCa bootstrap CI clustered by PubChem compound; uncertainty is over the observed compound panel, not broader chemical space.	CVCL_0320
3x	2	3.0	0.47712125471966244	False	l1000_phase1	l1000_phase2	dose_threshold_dataset_pair_line	delta_vs_baseline_pair_direction_agreement_p05	mean_delta_vs_baseline_pair_direction_agreement_p05	0.07766539295704127	-0.12826661229683092	0.19353643950098076	0.16090152589890583	bca	ok	0.95	2000	2000	8	6	6	pubchem_cid			95% BCa bootstrap CI clustered by PubChem compound; uncertainty is over the observed compound panel, not broader chemical space.	CVCL_0320
3x	2	3.0	0.47712125471966244	False	l1000_phase1	l1000_phase2	dose_threshold_dataset_pair_line	observed_deg_lfc_spearman_sym_p05	mean_observed_deg_lfc_spearman_sym_p05	0.18914933147853152	0.08809974418596493	0.28187001190707467	0.09688513386055486	bca	ok	0.95	2000	2000	63	62	62	pubchem_cid			95% BCa bootstrap CI clustered by PubChem compound; uncertainty is over the observed compound panel, not broader chemical space.	CVCL_0332
3x	2	3.0	0.47712125471966244	False	l1000_phase1	l1000_phase2	dose_threshold_dataset_pair_line	baseline_pair_deg_lfc_spearman_p05	mean_baseline_pair_deg_lfc_spearman_p05	0.4097109090059674	0.33483850660523207	0.47218125023300755	0.06867137181388774	bca	ok	0.95	2000	2000	63	63	63	pubchem_cid			95% BCa bootstrap CI clustered by PubChem compound; uncertainty is over the observed compound panel, not broader chemical space.	CVCL_0332
3x	2	3.0	0.47712125471966244	False	l1000_phase1	l1000_phase2	dose_threshold_dataset_pair_line	delta_vs_baseline_pair_deg_lfc_spearman_p05	mean_delta_vs_baseline_pair_deg_lfc_spearman_p05	-0.2457064392573492	-0.36201777379492633	-0.1478154005551634	0.10710118661988147	bca	ok	0.95	2000	2000	63	62	62	pubchem_cid			95% BCa bootstrap CI clustered by PubChem compound; uncertainty is over the observed compound panel, not broader chemical space.	CVCL_0332
3x	2	3.0	0.47712125471966244	False	l1000_phase1	l1000_phase2	dose_threshold_dataset_pair_line	observed_direction_agreement_p05	mean_observed_direction_agreement_p05	0.9641963382176787	0.9264213923637692	0.9825045398928793	0.028041573764555072	bca	ok	0.95	2000	2000	63	35	35	pubchem_cid			95% BCa bootstrap CI clustered by PubChem compound; uncertainty is over the observed compound panel, not broader chemical space.	CVCL_0332
3x	2	3.0	0.47712125471966244	False	l1000_phase1	l1000_phase2	dose_threshold_dataset_pair_line	baseline_pair_direction_agreement_p05	mean_baseline_pair_direction_agreement_p05	0.7160699920241632	0.6844606759550436	0.7450654827296981	0.03030240338732726	bca	ok	0.95	2000	2000	63	63	63	pubchem_cid			95% BCa bootstrap CI clustered by PubChem compound; uncertainty is over the observed compound panel, not broader chemical space.	CVCL_0332
3x	2	3.0	0.47712125471966244	False	l1000_phase1	l1000_phase2	dose_threshold_dataset_pair_line	delta_vs_baseline_pair_direction_agreement_p05	mean_delta_vs_baseline_pair_direction_agreement_p05	0.22203936568085916	0.17842683543931198	0.28388593299552684	0.05272954877810743	bca	ok	0.95	2000	2000	63	35	35	pubchem_cid			95% BCa bootstrap CI clustered by PubChem compound; uncertainty is over the observed compound panel, not broader chemical space.	CVCL_0332
3x	2	3.0	0.47712125471966244	False	l1000_phase1	l1000_phase2	dose_threshold_dataset_pair_line	observed_deg_lfc_spearman_sym_p05	mean_observed_deg_lfc_spearman_sym_p05	0.2190965079077428	0.10061365019627959	0.3364327274944278	0.11790953864907411	bca	ok	0.95	2000	2000	63	56	56	pubchem_cid			95% BCa bootstrap CI clustered by PubChem compound; uncertainty is over the observed compound panel, not broader chemical space.	CVCL_0598
3x	2	3.0	0.47712125471966244	False	l1000_phase1	l1000_phase2	dose_threshold_dataset_pair_line	baseline_pair_deg_lfc_spearman_p05	mean_baseline_pair_deg_lfc_spearman_p05	0.448290396943232	0.3778520016867634	0.5170201870246633	0.06958409266894997	bca	ok	0.95	2000	2000	63	63	63	pubchem_cid			95% BCa bootstrap CI clustered by PubChem compound; uncertainty is over the observed compound panel, not broader chemical space.	CVCL_0598
3x	2	3.0	0.47712125471966244	False	l1000_phase1	l1000_phase2	dose_threshold_dataset_pair_line	delta_vs_baseline_pair_deg_lfc_spearman_p05	mean_delta_vs_baseline_pair_deg_lfc_spearman_p05	-0.2212380977915049	-0.32775571761199995	-0.12450617847785302	0.10162476956707348	bca	ok	0.95	2000	2000	63	56	56	pubchem_cid			95% BCa bootstrap CI clustered by PubChem compound; uncertainty is over the observed compound panel, not broader chemical space.	CVCL_0598
3x	2	3.0	0.47712125471966244	False	l1000_phase1	l1000_phase2	dose_threshold_dataset_pair_line	observed_direction_agreement_p05	mean_observed_direction_agreement_p05	0.8979070749843082	0.7447854153118684	0.9695573495084605	0.11238596709829607	bca	ok	0.95	2000	2000	63	27	27	pubchem_cid			95% BCa bootstrap CI clustered by PubChem compound; uncertainty is over the observed compound panel, not broader chemical space.	CVCL_0598
3x	2	3.0	0.47712125471966244	False	l1000_phase1	l1000_phase2	dose_threshold_dataset_pair_line	baseline_pair_direction_agreement_p05	mean_baseline_pair_direction_agreement_p05	0.7462959393965362	0.7101247905807831	0.7817628043129836	0.035819006866100234	bca	ok	0.95	2000	2000	63	63	63	pubchem_cid			95% BCa bootstrap CI clustered by PubChem compound; uncertainty is over the observed compound panel, not broader chemical space.	CVCL_0598
3x	2	3.0	0.47712125471966244	False	l1000_phase1	l1000_phase2	dose_threshold_dataset_pair_line	delta_vs_baseline_pair_direction_agreement_p05	mean_delta_vs_baseline_pair_direction_agreement_p05	0.061904314299332616	-0.0705828775611806	0.12371829060252684	0.09715058408185373	bca	ok	0.95	2000	2000	63	27	27	pubchem_cid			95% BCa bootstrap CI clustered by PubChem compound; uncertainty is over the observed compound panel, not broader chemical space.	CVCL_0598
3x	2	3.0	0.47712125471966244	False	l1000_phase1	l1000_phase2	dose_threshold_dataset_pair_line	observed_deg_lfc_spearman_sym_p05	mean_observed_deg_lfc_spearman_sym_p05	-0.06843463095041007	-0.3262849296946473	0.10342618308911762	0.21485555639188245	bca	ok	0.95	2000	2000	6	6	6	pubchem_cid			95% BCa bootstrap CI clustered by PubChem compound; uncertainty is over the observed compound panel, not broader chemical space.	CVCL_5136
3x	2	3.0	0.47712125471966244	False	l1000_phase1	l1000_phase2	dose_threshold_dataset_pair_line	baseline_pair_deg_lfc_spearman_p05	mean_baseline_pair_deg_lfc_spearman_p05	0.3514006929648026	0.20523390862608817	0.48572685789650705	0.14024647463520945	bca	ok	0.95	2000	2000	6	6	6	pubchem_cid			95% BCa bootstrap CI clustered by PubChem compound; uncertainty is over the observed compound panel, not broader chemical space.	CVCL_5136
3x	2	3.0	0.47712125471966244	False	l1000_phase1	l1000_phase2	dose_threshold_dataset_pair_line	delta_vs_baseline_pair_deg_lfc_spearman_p05	mean_delta_vs_baseline_pair_deg_lfc_spearman_p05	-0.3866396607206141	-0.5128833521719798	-0.22443594432623937	0.1442237039228702	bca	ok	0.95	2000	2000	6	6	6	pubchem_cid			95% BCa bootstrap CI clustered by PubChem compound; uncertainty is over the observed compound panel, not broader chemical space.	CVCL_5136
3x	2	3.0	0.47712125471966244	False	l1000_phase1	l1000_phase2	dose_threshold_dataset_pair_line	observed_direction_agreement_p05	mean_observed_direction_agreement_p05	1.0	1.0	1.0	0.0	degenerate	zero_bootstrap_variance	0.95	2000	2000	6	3	3	pubchem_cid			95% BCa bootstrap CI clustered by PubChem compound; uncertainty is over the observed compound panel, not broader chemical space.	CVCL_5136
3x	2	3.0	0.47712125471966244	False	l1000_phase1	l1000_phase2	dose_threshold_dataset_pair_line	baseline_pair_direction_agreement_p05	mean_baseline_pair_direction_agreement_p05	0.7128316269804996	0.6498816274509666	0.7653084307442973	0.057713401646665385	bca	ok	0.95	2000	2000	6	6	6	pubchem_cid			95% BCa bootstrap CI clustered by PubChem compound; uncertainty is over the observed compound panel, not broader chemical space.	CVCL_5136
3x	2	3.0	0.47712125471966244	False	l1000_phase1	l1000_phase2	dose_threshold_dataset_pair_line	delta_vs_baseline_pair_direction_agreement_p05	mean_delta_vs_baseline_pair_direction_agreement_p05	0.22153333068216444	0.19167087967644084	0.27542115902964964	0.0418751396766044	bca	ok	0.95	2000	2000	6	3	3	pubchem_cid			95% BCa bootstrap CI clustered by PubChem compound; uncertainty is over the observed compound panel, not broader chemical space.	CVCL_5136
3x	2	3.0	0.47712125471966244	False	l1000_phase1	l1000_phase2	dose_threshold_dataset_pair_line	observed_deg_lfc_spearman_sym_p05	mean_observed_deg_lfc_spearman_sym_p05	-0.05768756149205123	-0.2141697873221871	0.12787558732310744	0.17102268732264728	bca	ok	0.95	2000	2000	7	7	7	pubchem_cid			95% BCa bootstrap CI clustered by PubChem compound; uncertainty is over the observed compound panel, not broader chemical space.	CVCL_VU89
3x	2	3.0	0.47712125471966244	False	l1000_phase1	l1000_phase2	dose_threshold_dataset_pair_line	baseline_pair_deg_lfc_spearman_p05	mean_baseline_pair_deg_lfc_spearman_p05	0.4662587599822814	0.3876723518688192	0.5350408261581991	0.07368423714468997	bca	ok	0.95	2000	2000	7	7	7	pubchem_cid			95% BCa bootstrap CI clustered by PubChem compound; uncertainty is over the observed compound panel, not broader chemical space.	CVCL_VU89
3x	2	3.0	0.47712125471966244	False	l1000_phase1	l1000_phase2	dose_threshold_dataset_pair_line	delta_vs_baseline_pair_deg_lfc_spearman_p05	mean_delta_vs_baseline_pair_deg_lfc_spearman_p05	-0.5082280608036281	-0.6888238847164986	-0.3556314053437867	0.16659623968635595	bca	ok	0.95	2000	2000	7	7	7	pubchem_cid			95% BCa bootstrap CI clustered by PubChem compound; uncertainty is over the observed compound panel, not broader chemical space.	CVCL_VU89
3x	2	3.0	0.47712125471966244	False	l1000_phase1	l1000_phase2	dose_threshold_dataset_pair_line	observed_direction_agreement_p05	mean_observed_direction_agreement_p05	0.7439450250118405	0.3465487928594554	0.9204301075268816	0.2869406573337131	bca	ok	0.95	2000	2000	7	5	5	pubchem_cid			95% BCa bootstrap CI clustered by PubChem compound; uncertainty is over the observed compound panel, not broader chemical space.	CVCL_VU89
3x	2	3.0	0.47712125471966244	False	l1000_phase1	l1000_phase2	dose_threshold_dataset_pair_line	baseline_pair_direction_agreement_p05	mean_baseline_pair_direction_agreement_p05	0.6998446618666904	0.6624010721407743	0.7353684943601309	0.036483711109678296	bca	ok	0.95	2000	2000	7	7	7	pubchem_cid			95% BCa bootstrap CI clustered by PubChem compound; uncertainty is over the observed compound panel, not broader chemical space.	CVCL_VU89
3x	2	3.0	0.47712125471966244	False	l1000_phase1	l1000_phase2	dose_threshold_dataset_pair_line	delta_vs_baseline_pair_direction_agreement_p05	mean_delta_vs_baseline_pair_direction_agreement_p05	0.02462653833970792	-0.36534055867863485	0.24787457889385758	0.30660756878624623	bca	ok	0.95	2000	2000	7	5	5	pubchem_cid			95% BCa bootstrap CI clustered by PubChem compound; uncertainty is over the observed compound panel, not broader chemical space.	CVCL_VU89
3x	2	3.0	0.47712125471966244	False	l1000_phase1	l1000_phase2	dose_threshold_dataset_pair_line	observed_deg_lfc_spearman_sym_p05	mean_observed_deg_lfc_spearman_sym_p05					not_estimable	too_few_clusters_or_values	0.95	2000	0	1	1	1	pubchem_cid			95% BCa bootstrap CI clustered by PubChem compound; uncertainty is over the observed compound panel, not broader chemical space.	NEU
3x	2	3.0	0.47712125471966244	False	l1000_phase1	l1000_phase2	dose_threshold_dataset_pair_line	baseline_pair_deg_lfc_spearman_p05	mean_baseline_pair_deg_lfc_spearman_p05					not_estimable	too_few_clusters_or_values	0.95	2000	0	1	1	1	pubchem_cid			95% BCa bootstrap CI clustered by PubChem compound; uncertainty is over the observed compound panel, not broader chemical space.	NEU
3x	2	3.0	0.47712125471966244	False	l1000_phase1	l1000_phase2	dose_threshold_dataset_pair_line	delta_vs_baseline_pair_deg_lfc_spearman_p05	mean_delta_vs_baseline_pair_deg_lfc_spearman_p05					not_estimable	too_few_clusters_or_values	0.95	2000	0	1	1	1	pubchem_cid			95% BCa bootstrap CI clustered by PubChem compound; uncertainty is over the observed compound panel, not broader chemical space.	NEU
3x	2	3.0	0.47712125471966244	False	l1000_phase1	l1000_phase2	dose_threshold_dataset_pair_line	observed_direction_agreement_p05	mean_observed_direction_agreement_p05					not_estimable	too_few_clusters_or_values	0.95	2000	0	1	1	1	pubchem_cid			95% BCa bootstrap CI clustered by PubChem compound; uncertainty is over the observed compound panel, not broader chemical space.	NEU
3x	2	3.0	0.47712125471966244	False	l1000_phase1	l1000_phase2	dose_threshold_dataset_pair_line	baseline_pair_direction_agreement_p05	mean_baseline_pair_direction_agreement_p05					not_estimable	too_few_clusters_or_values	0.95	2000	0	1	1	1	pubchem_cid			95% BCa bootstrap CI clustered by PubChem compound; uncertainty is over the observed compound panel, not broader chemical space.	NEU
3x	2	3.0	0.47712125471966244	False	l1000_phase1	l1000_phase2	dose_threshold_dataset_pair_line	delta_vs_baseline_pair_direction_agreement_p05	mean_delta_vs_baseline_pair_direction_agreement_p05					not_estimable	too_few_clusters_or_values	0.95	2000	0	1	1	1	pubchem_cid			95% BCa bootstrap CI clustered by PubChem compound; uncertainty is over the observed compound panel, not broader chemical space.	NEU
3x	2	3.0	0.47712125471966244	False	l1000_phase1	l1000_phase2	dose_threshold_dataset_pair_line	observed_deg_lfc_spearman_sym_p05	mean_observed_deg_lfc_spearman_sym_p05					not_estimable	too_few_clusters_or_values	0.95	2000	0	1	1	1	pubchem_cid			95% BCa bootstrap CI clustered by PubChem compound; uncertainty is over the observed compound panel, not broader chemical space.	NPC
3x	2	3.0	0.47712125471966244	False	l1000_phase1	l1000_phase2	dose_threshold_dataset_pair_line	baseline_pair_deg_lfc_spearman_p05	mean_baseline_pair_deg_lfc_spearman_p05					not_estimable	too_few_clusters_or_values	0.95	2000	0	1	1	1	pubchem_cid			95% BCa bootstrap CI clustered by PubChem compound; uncertainty is over the observed compound panel, not broader chemical space.	NPC
3x	2	3.0	0.47712125471966244	False	l1000_phase1	l1000_phase2	dose_threshold_dataset_pair_line	delta_vs_baseline_pair_deg_lfc_spearman_p05	mean_delta_vs_baseline_pair_deg_lfc_spearman_p05					not_estimable	too_few_clusters_or_values	0.95	2000	0	1	1	1	pubchem_cid			95% BCa bootstrap CI clustered by PubChem compound; uncertainty is over the observed compound panel, not broader chemical space.	NPC
3x	2	3.0	0.47712125471966244	False	l1000_phase1	l1000_phase2	dose_threshold_dataset_pair_line	observed_direction_agreement_p05	mean_observed_direction_agreement_p05					not_estimable	too_few_clusters_or_values	0.95	2000	0	1	1	1	pubchem_cid			95% BCa bootstrap CI clustered by PubChem compound; uncertainty is over the observed compound panel, not broader chemical space.	NPC
3x	2	3.0	0.47712125471966244	False	l1000_phase1	l1000_phase2	dose_threshold_dataset_pair_line	baseline_pair_direction_agreement_p05	mean_baseline_pair_direction_agreement_p05					not_estimable	too_few_clusters_or_values	0.95	2000	0	1	1	1	pubchem_cid			95% BCa bootstrap CI clustered by PubChem compound; uncertainty is over the observed compound panel, not broader chemical space.	NPC
3x	2	3.0	0.47712125471966244	False	l1000_phase1	l1000_phase2	dose_threshold_dataset_pair_line	delta_vs_baseline_pair_direction_agreement_p05	mean_delta_vs_baseline_pair_direction_agreement_p05					not_estimable	too_few_clusters_or_values	0.95	2000	0	1	1	1	pubchem_cid			95% BCa bootstrap CI clustered by PubChem compound; uncertainty is over the observed compound panel, not broader chemical space.	NPC
3x	2	3.0	0.47712125471966244	False	l1000_phase1	sciplex	dose_threshold_dataset_pair_line	observed_deg_lfc_spearman_sym_p05	mean_observed_deg_lfc_spearman_sym_p05	0.10132015465313327	-0.3642857142857143	0.5669260235919809	0.4656058689388476	percentile_fallback	too_few_jackknife_values_for_bca	0.95	2000	2000	15	2	2	pubchem_cid			95% BCa bootstrap CI clustered by PubChem compound; uncertainty is over the observed compound panel, not broader chemical space.	CVCL_0023
3x	2	3.0	0.47712125471966244	False	l1000_phase1	sciplex	dose_threshold_dataset_pair_line	baseline_pair_deg_lfc_spearman_p05	mean_baseline_pair_deg_lfc_spearman_p05	0.24229873096526558	-0.16185266347232596	0.42044560878286275	0.29114913612759435	bca	ok	0.95	2000	2000	15	12	12	pubchem_cid			95% BCa bootstrap CI clustered by PubChem compound; uncertainty is over the observed compound panel, not broader chemical space.	CVCL_0023
3x	2	3.0	0.47712125471966244	False	l1000_phase1	sciplex	dose_threshold_dataset_pair_line	delta_vs_baseline_pair_deg_lfc_spearman_p05	mean_delta_vs_baseline_pair_deg_lfc_spearman_p05	-0.0448332088820735	-0.1467532467532467	0.0570868289890997	0.1019200378711732	percentile_fallback	too_few_jackknife_values_for_bca	0.95	2000	2000	15	2	2	pubchem_cid			95% BCa bootstrap CI clustered by PubChem compound; uncertainty is over the observed compound panel, not broader chemical space.	CVCL_0023
3x	2	3.0	0.47712125471966244	False	l1000_phase1	sciplex	dose_threshold_dataset_pair_line	observed_direction_agreement_p05	mean_observed_direction_agreement_p05	1.0	1.0	1.0	0.0	degenerate	zero_bootstrap_variance	0.95	2000	2000	15	2	2	pubchem_cid			95% BCa bootstrap CI clustered by PubChem compound; uncertainty is over the observed compound panel, not broader chemical space.	CVCL_0023
3x	2	3.0	0.47712125471966244	False	l1000_phase1	sciplex	dose_threshold_dataset_pair_line	baseline_pair_direction_agreement_p05	mean_baseline_pair_direction_agreement_p05	0.5435695415752483	0.3814974324848728	0.6691697228268934	0.1438361451710103	bca	ok	0.95	2000	2000	15	15	15	pubchem_cid			95% BCa bootstrap CI clustered by PubChem compound; uncertainty is over the observed compound panel, not broader chemical space.	CVCL_0023
3x	2	3.0	0.47712125471966244	False	l1000_phase1	sciplex	dose_threshold_dataset_pair_line	delta_vs_baseline_pair_direction_agreement_p05	mean_delta_vs_baseline_pair_direction_agreement_p05	0.2778804999143982	0.2527306967984934	0.303030303030303	0.025149803115904784	percentile_fallback	too_few_jackknife_values_for_bca	0.95	2000	2000	15	2	2	pubchem_cid			95% BCa bootstrap CI clustered by PubChem compound; uncertainty is over the observed compound panel, not broader chemical space.	CVCL_0023
3x	2	3.0	0.47712125471966244	False	l1000_phase1	sciplex	dose_threshold_dataset_pair_line	observed_deg_lfc_spearman_sym_p05	mean_observed_deg_lfc_spearman_sym_p05	0.31416743465601094	0.040427852062293004	0.45110077197057885	0.20533645995414293	bca	ok	0.95	2000	2000	38	5	5	pubchem_cid			95% BCa bootstrap CI clustered by PubChem compound; uncertainty is over the observed compound panel, not broader chemical space.	CVCL_0031
3x	2	3.0	0.47712125471966244	False	l1000_phase1	sciplex	dose_threshold_dataset_pair_line	baseline_pair_deg_lfc_spearman_p05	mean_baseline_pair_deg_lfc_spearman_p05	0.25373547785705686	0.05403163030620827	0.4117914039129639	0.17887988680337782	bca	ok	0.95	2000	2000	38	37	37	pubchem_cid			95% BCa bootstrap CI clustered by PubChem compound; uncertainty is over the observed compound panel, not broader chemical space.	CVCL_0031
3x	2	3.0	0.47712125471966244	False	l1000_phase1	sciplex	dose_threshold_dataset_pair_line	delta_vs_baseline_pair_deg_lfc_spearman_p05	mean_delta_vs_baseline_pair_deg_lfc_spearman_p05	-0.25001802939501616	-0.5160943585042191	-0.08332148118452387	0.21638643865984764	bca	ok	0.95	2000	2000	38	5	5	pubchem_cid			95% BCa bootstrap CI clustered by PubChem compound; uncertainty is over the observed compound panel, not broader chemical space.	CVCL_0031
3x	2	3.0	0.47712125471966244	False	l1000_phase1	sciplex	dose_threshold_dataset_pair_line	observed_direction_agreement_p05	mean_observed_direction_agreement_p05	0.8850446428571428	0.5568210228144342	0.9761904761904763	0.20968472668802102	bca	ok	0.95	2000	2000	38	6	6	pubchem_cid			95% BCa bootstrap CI clustered by PubChem compound; uncertainty is over the observed compound panel, not broader chemical space.	CVCL_0031
3x	2	3.0	0.47712125471966244	False	l1000_phase1	sciplex	dose_threshold_dataset_pair_line	baseline_pair_direction_agreement_p05	mean_baseline_pair_direction_agreement_p05	0.731071582250061	0.6556512117939138	0.7843275123734482	0.0643381502897672	bca	ok	0.95	2000	2000	38	37	37	pubchem_cid			95% BCa bootstrap CI clustered by PubChem compound; uncertainty is over the observed compound panel, not broader chemical space.	CVCL_0031
3x	2	3.0	0.47712125471966244	False	l1000_phase1	sciplex	dose_threshold_dataset_pair_line	delta_vs_baseline_pair_direction_agreement_p05	mean_delta_vs_baseline_pair_direction_agreement_p05	0.08028695963987727	-0.12026076651207801	0.19023644472732867	0.15524860561970333	bca	ok	0.95	2000	2000	38	6	6	pubchem_cid			95% BCa bootstrap CI clustered by PubChem compound; uncertainty is over the observed compound panel, not broader chemical space.	CVCL_0031
3x	2	3.0	0.47712125471966244	False	l1000_phase1	tahoe	dose_threshold_dataset_pair_line	observed_deg_lfc_spearman_sym_p05	mean_observed_deg_lfc_spearman_sym_p05	0.15538907365158344	-0.23556985010395573	0.4070817970222194	0.3213258235630876	bca	ok	0.95	2000	2000	7	5	5	pubchem_cid			95% BCa bootstrap CI clustered by PubChem compound; uncertainty is over the observed compound panel, not broader chemical space.	CVCL_0023
3x	2	3.0	0.47712125471966244	False	l1000_phase1	tahoe	dose_threshold_dataset_pair_line	baseline_pair_deg_lfc_spearman_p05	mean_baseline_pair_deg_lfc_spearman_p05	0.4701567828228992	0.23275376719976376	0.5782282817616186	0.1727372572809274	bca	ok	0.95	2000	2000	7	7	7	pubchem_cid			95% BCa bootstrap CI clustered by PubChem compound; uncertainty is over the observed compound panel, not broader chemical space.	CVCL_0023
3x	2	3.0	0.47712125471966244	False	l1000_phase1	tahoe	dose_threshold_dataset_pair_line	delta_vs_baseline_pair_deg_lfc_spearman_p05	mean_delta_vs_baseline_pair_deg_lfc_spearman_p05	-0.19796384409024395	-0.3499887876101955	-0.08934209529550723	0.13032334615734412	bca	ok	0.95	2000	2000	7	5	5	pubchem_cid			95% BCa bootstrap CI clustered by PubChem compound; uncertainty is over the observed compound panel, not broader chemical space.	CVCL_0023
3x	2	3.0	0.47712125471966244	False	l1000_phase1	tahoe	dose_threshold_dataset_pair_line	observed_direction_agreement_p05	mean_observed_direction_agreement_p05	0.8063448979765212	0.7916666666666666	0.8187099275829302	0.013521630458131761	bca	ok	0.95	2000	2000	7	3	3	pubchem_cid			95% BCa bootstrap CI clustered by PubChem compound; uncertainty is over the observed compound panel, not broader chemical space.	CVCL_0023
3x	2	3.0	0.47712125471966244	False	l1000_phase1	tahoe	dose_threshold_dataset_pair_line	baseline_pair_direction_agreement_p05	mean_baseline_pair_direction_agreement_p05	0.7525280379248545	0.6596863873046892	0.8151063270152512	0.077709969855281	bca	ok	0.95	2000	2000	7	7	7	pubchem_cid			95% BCa bootstrap CI clustered by PubChem compound; uncertainty is over the observed compound panel, not broader chemical space.	CVCL_0023
3x	2	3.0	0.47712125471966244	False	l1000_phase1	tahoe	dose_threshold_dataset_pair_line	delta_vs_baseline_pair_direction_agreement_p05	mean_delta_vs_baseline_pair_direction_agreement_p05	0.08082371051227183	0.0488095238095237	0.10348739902671156	0.02733893760859393	bca	ok	0.95	2000	2000	7	3	3	pubchem_cid			95% BCa bootstrap CI clustered by PubChem compound; uncertainty is over the observed compound panel, not broader chemical space.	CVCL_0023
3x	2	3.0	0.47712125471966244	False	l1000_phase1	tahoe	dose_threshold_dataset_pair_line	observed_deg_lfc_spearman_sym_p05	mean_observed_deg_lfc_spearman_sym_p05	0.48463030299195603	0.40966382930470546	0.5595967766792066	0.07496647368725057	percentile_fallback	too_few_jackknife_values_for_bca	0.95	2000	2000	3	2	2	pubchem_cid			95% BCa bootstrap CI clustered by PubChem compound; uncertainty is over the observed compound panel, not broader chemical space.	CVCL_0320
3x	2	3.0	0.47712125471966244	False	l1000_phase1	tahoe	dose_threshold_dataset_pair_line	baseline_pair_deg_lfc_spearman_p05	mean_baseline_pair_deg_lfc_spearman_p05	0.47677950520215434	0.4495104895104894	0.49219414453518745	0.021341827512349032	bca	ok	0.95	2000	2000	3	3	3	pubchem_cid			95% BCa bootstrap CI clustered by PubChem compound; uncertainty is over the observed compound panel, not broader chemical space.	CVCL_0320
3x	2	3.0	0.47712125471966244	False	l1000_phase1	tahoe	dose_threshold_dataset_pair_line	delta_vs_baseline_pair_deg_lfc_spearman_p05	mean_delta_vs_baseline_pair_deg_lfc_spearman_p05	-0.005783710056030747	-0.0754097892816792	0.0638423691696177	0.06962607922564845	percentile_fallback	too_few_jackknife_values_for_bca	0.95	2000	2000	3	2	2	pubchem_cid			95% BCa bootstrap CI clustered by PubChem compound; uncertainty is over the observed compound panel, not broader chemical space.	CVCL_0320
3x	2	3.0	0.47712125471966244	False	l1000_phase1	tahoe	dose_threshold_dataset_pair_line	observed_direction_agreement_p05	mean_observed_direction_agreement_p05	0.8120677447957334	0.773620025673941	0.8505154639175257	0.0384477191217924	percentile_fallback	too_few_jackknife_values_for_bca	0.95	2000	2000	3	2	2	pubchem_cid			95% BCa bootstrap CI clustered by PubChem compound; uncertainty is over the observed compound panel, not broader chemical space.	CVCL_0320
3x	2	3.0	0.47712125471966244	False	l1000_phase1	tahoe	dose_threshold_dataset_pair_line	baseline_pair_direction_agreement_p05	mean_baseline_pair_direction_agreement_p05	0.7028818818883762	0.6987012987012987	0.706396464409453	0.0038475828540771584	bca	ok	0.95	2000	2000	3	3	3	pubchem_cid			95% BCa bootstrap CI clustered by PubChem compound; uncertainty is over the observed compound panel, not broader chemical space.	CVCL_0320
3x	2	3.0	0.47712125471966244	False	l1000_phase1	tahoe	dose_threshold_dataset_pair_line	delta_vs_baseline_pair_direction_agreement_p05	mean_delta_vs_baseline_pair_direction_agreement_p05	0.10809457231281926	0.0643749794094115	0.151814165216227	0.04371959290340775	percentile_fallback	too_few_jackknife_values_for_bca	0.95	2000	2000	3	2	2	pubchem_cid			95% BCa bootstrap CI clustered by PubChem compound; uncertainty is over the observed compound panel, not broader chemical space.	CVCL_0320
3x	2	3.0	0.47712125471966244	False	l1000_phase1	tahoe	dose_threshold_dataset_pair_line	observed_deg_lfc_spearman_sym_p05	mean_observed_deg_lfc_spearman_sym_p05	0.06045654159903909	-0.3376205315807041	0.22375721492375433	0.28068887325222924	bca	ok	0.95	2000	2000	11	6	6	pubchem_cid			95% BCa bootstrap CI clustered by PubChem compound; uncertainty is over the observed compound panel, not broader chemical space.	CVCL_0332
3x	2	3.0	0.47712125471966244	False	l1000_phase1	tahoe	dose_threshold_dataset_pair_line	baseline_pair_deg_lfc_spearman_p05	mean_baseline_pair_deg_lfc_spearman_p05	0.3786296063042057	0.15672278301054055	0.519585774914509	0.1814314959519842	bca	ok	0.95	2000	2000	11	11	11	pubchem_cid			95% BCa bootstrap CI clustered by PubChem compound; uncertainty is over the observed compound panel, not broader chemical space.	CVCL_0332
3x	2	3.0	0.47712125471966244	False	l1000_phase1	tahoe	dose_threshold_dataset_pair_line	delta_vs_baseline_pair_deg_lfc_spearman_p05	mean_delta_vs_baseline_pair_deg_lfc_spearman_p05	-0.3981813163832801	-0.4967565642822635	-0.2997970299948084	0.09847976714372755	bca	ok	0.95	2000	2000	11	6	6	pubchem_cid			95% BCa bootstrap CI clustered by PubChem compound; uncertainty is over the observed compound panel, not broader chemical space.	CVCL_0332
3x	2	3.0	0.47712125471966244	False	l1000_phase1	tahoe	dose_threshold_dataset_pair_line	observed_direction_agreement_p05	mean_observed_direction_agreement_p05	0.575462962962963	0.0	0.9087962962962962	0.4543981481481481	bca	ok	0.95	2000	2000	11	3	3	pubchem_cid			95% BCa bootstrap CI clustered by PubChem compound; uncertainty is over the observed compound panel, not broader chemical space.	CVCL_0332
3x	2	3.0	0.47712125471966244	False	l1000_phase1	tahoe	dose_threshold_dataset_pair_line	baseline_pair_direction_agreement_p05	mean_baseline_pair_direction_agreement_p05	0.7338475994148986	0.6397084717939971	0.8256459174295864	0.09296872281779461	bca	ok	0.95	2000	2000	11	11	11	pubchem_cid			95% BCa bootstrap CI clustered by PubChem compound; uncertainty is over the observed compound panel, not broader chemical space.	CVCL_0332
3x	2	3.0	0.47712125471966244	False	l1000_phase1	tahoe	dose_threshold_dataset_pair_line	delta_vs_baseline_pair_direction_agreement_p05	mean_delta_vs_baseline_pair_direction_agreement_p05	-0.23687766464878024	-0.78125	0.06156873003812674	0.42140936501906334	bca	ok	0.95	2000	2000	11	3	3	pubchem_cid			95% BCa bootstrap CI clustered by PubChem compound; uncertainty is over the observed compound panel, not broader chemical space.	CVCL_0332
3x	2	3.0	0.47712125471966244	False	l1000_phase2	sciplex	dose_threshold_dataset_pair_line	observed_deg_lfc_spearman_sym_p05	mean_observed_deg_lfc_spearman_sym_p05					not_estimable	too_few_clusters_or_values	0.95	2000	0	44	1	1	pubchem_cid			95% BCa bootstrap CI clustered by PubChem compound; uncertainty is over the observed compound panel, not broader chemical space.	CVCL_0023
3x	2	3.0	0.47712125471966244	False	l1000_phase2	sciplex	dose_threshold_dataset_pair_line	baseline_pair_deg_lfc_spearman_p05	mean_baseline_pair_deg_lfc_spearman_p05	0.2316858453308909	-0.010235529736386868	0.422033993952125	0.21613476184425592	bca	ok	0.95	2000	2000	44	29	29	pubchem_cid			95% BCa bootstrap CI clustered by PubChem compound; uncertainty is over the observed compound panel, not broader chemical space.	CVCL_0023
3x	2	3.0	0.47712125471966244	False	l1000_phase2	sciplex	dose_threshold_dataset_pair_line	delta_vs_baseline_pair_deg_lfc_spearman_p05	mean_delta_vs_baseline_pair_deg_lfc_spearman_p05					not_estimable	too_few_clusters_or_values	0.95	2000	0	44	1	1	pubchem_cid			95% BCa bootstrap CI clustered by PubChem compound; uncertainty is over the observed compound panel, not broader chemical space.	CVCL_0023
3x	2	3.0	0.47712125471966244	False	l1000_phase2	sciplex	dose_threshold_dataset_pair_line	observed_direction_agreement_p05	mean_observed_direction_agreement_p05					not_estimable	too_few_clusters_or_values	0.95	2000	0	44	1	1	pubchem_cid			95% BCa bootstrap CI clustered by PubChem compound; uncertainty is over the observed compound panel, not broader chemical space.	CVCL_0023
3x	2	3.0	0.47712125471966244	False	l1000_phase2	sciplex	dose_threshold_dataset_pair_line	baseline_pair_direction_agreement_p05	mean_baseline_pair_direction_agreement_p05	0.7134494265924535	0.6204808358730092	0.785848506625211	0.08268383537610091	bca	ok	0.95	2000	2000	44	35	35	pubchem_cid			95% BCa bootstrap CI clustered by PubChem compound; uncertainty is over the observed compound panel, not broader chemical space.	CVCL_0023
3x	2	3.0	0.47712125471966244	False	l1000_phase2	sciplex	dose_threshold_dataset_pair_line	delta_vs_baseline_pair_direction_agreement_p05	mean_delta_vs_baseline_pair_direction_agreement_p05					not_estimable	too_few_clusters_or_values	0.95	2000	0	44	1	1	pubchem_cid			95% BCa bootstrap CI clustered by PubChem compound; uncertainty is over the observed compound panel, not broader chemical space.	CVCL_0023
3x	2	3.0	0.47712125471966244	False	l1000_phase2	sciplex	dose_threshold_dataset_pair_line	observed_deg_lfc_spearman_sym_p05	mean_observed_deg_lfc_spearman_sym_p05	0.4155913481800795	0.2133671331902227	0.5398001398470637	0.16321650332842047	bca	ok	0.95	2000	2000	83	14	14	pubchem_cid			95% BCa bootstrap CI clustered by PubChem compound; uncertainty is over the observed compound panel, not broader chemical space.	CVCL_0031
3x	2	3.0	0.47712125471966244	False	l1000_phase2	sciplex	dose_threshold_dataset_pair_line	baseline_pair_deg_lfc_spearman_p05	mean_baseline_pair_deg_lfc_spearman_p05	0.2056139089229285	0.10397845998041275	0.3026314554518541	0.09932649773572068	bca	ok	0.95	2000	2000	83	73	73	pubchem_cid			95% BCa bootstrap CI clustered by PubChem compound; uncertainty is over the observed compound panel, not broader chemical space.	CVCL_0031
3x	2	3.0	0.47712125471966244	False	l1000_phase2	sciplex	dose_threshold_dataset_pair_line	delta_vs_baseline_pair_deg_lfc_spearman_p05	mean_delta_vs_baseline_pair_deg_lfc_spearman_p05	-0.009781014903794186	-0.11655005848888073	0.1532116864726255	0.13488087248075312	bca	ok	0.95	2000	2000	83	14	14	pubchem_cid			95% BCa bootstrap CI clustered by PubChem compound; uncertainty is over the observed compound panel, not broader chemical space.	CVCL_0031
3x	2	3.0	0.47712125471966244	False	l1000_phase2	sciplex	dose_threshold_dataset_pair_line	observed_direction_agreement_p05	mean_observed_direction_agreement_p05	0.9256972763621553	0.8329692687578464	0.9708976884124647	0.06896420982730916	bca	ok	0.95	2000	2000	83	14	14	pubchem_cid			95% BCa bootstrap CI clustered by PubChem compound; uncertainty is over the observed compound panel, not broader chemical space.	CVCL_0031
3x	2	3.0	0.47712125471966244	False	l1000_phase2	sciplex	dose_threshold_dataset_pair_line	baseline_pair_direction_agreement_p05	mean_baseline_pair_direction_agreement_p05	0.6130299588226171	0.5636666364360039	0.6532703875920306	0.04480187557801335	bca	ok	0.95	2000	2000	83	78	78	pubchem_cid			95% BCa bootstrap CI clustered by PubChem compound; uncertainty is over the observed compound panel, not broader chemical space.	CVCL_0031
3x	2	3.0	0.47712125471966244	False	l1000_phase2	sciplex	dose_threshold_dataset_pair_line	delta_vs_baseline_pair_direction_agreement_p05	mean_delta_vs_baseline_pair_direction_agreement_p05	0.21992834262055008	0.1435150157822988	0.28114209801932444	0.06881354111851282	bca	ok	0.95	2000	2000	83	14	14	pubchem_cid			95% BCa bootstrap CI clustered by PubChem compound; uncertainty is over the observed compound panel, not broader chemical space.	CVCL_0031
3x	2	3.0	0.47712125471966244	False	l1000_phase2	tahoe	dose_threshold_dataset_pair_line	observed_deg_lfc_spearman_sym_p05	mean_observed_deg_lfc_spearman_sym_p05	0.153301411278669	-0.08243118641959406	0.3308096543366436	0.20662042037811884	bca	ok	0.95	2000	2000	24	13	13	pubchem_cid			95% BCa bootstrap CI clustered by PubChem compound; uncertainty is over the observed compound panel, not broader chemical space.	CVCL_0023
3x	2	3.0	0.47712125471966244	False	l1000_phase2	tahoe	dose_threshold_dataset_pair_line	baseline_pair_deg_lfc_spearman_p05	mean_baseline_pair_deg_lfc_spearman_p05	0.4604956249140248	0.33358911361423305	0.5714497985892978	0.11893034248753237	bca	ok	0.95	2000	2000	24	23	23	pubchem_cid			95% BCa bootstrap CI clustered by PubChem compound; uncertainty is over the observed compound panel, not broader chemical space.	CVCL_0023
3x	2	3.0	0.47712125471966244	False	l1000_phase2	tahoe	dose_threshold_dataset_pair_line	delta_vs_baseline_pair_deg_lfc_spearman_p05	mean_delta_vs_baseline_pair_deg_lfc_spearman_p05	-0.2831696838076078	-0.5194026291008116	-0.017361786985987122	0.25102042105741224	bca	ok	0.95	2000	2000	24	13	13	pubchem_cid			95% BCa bootstrap CI clustered by PubChem compound; uncertainty is over the observed compound panel, not broader chemical space.	CVCL_0023
3x	2	3.0	0.47712125471966244	False	l1000_phase2	tahoe	dose_threshold_dataset_pair_line	observed_direction_agreement_p05	mean_observed_direction_agreement_p05	0.7663930777093672	0.48222507523061076	0.922854041901661	0.2203144833355251	bca	ok	0.95	2000	2000	24	6	6	pubchem_cid			95% BCa bootstrap CI clustered by PubChem compound; uncertainty is over the observed compound panel, not broader chemical space.	CVCL_0023
3x	2	3.0	0.47712125471966244	False	l1000_phase2	tahoe	dose_threshold_dataset_pair_line	baseline_pair_direction_agreement_p05	mean_baseline_pair_direction_agreement_p05	0.7180018933080814	0.6011357626069739	0.7711775024424747	0.08502086991775043	bca	ok	0.95	2000	2000	24	23	23	pubchem_cid			95% BCa bootstrap CI clustered by PubChem compound; uncertainty is over the observed compound panel, not broader chemical space.	CVCL_0023
3x	2	3.0	0.47712125471966244	False	l1000_phase2	tahoe	dose_threshold_dataset_pair_line	delta_vs_baseline_pair_direction_agreement_p05	mean_delta_vs_baseline_pair_direction_agreement_p05	-0.03009164605477714	-0.37903462744426225	0.13437005574493963	0.2567023415946009	bca	ok	0.95	2000	2000	24	6	6	pubchem_cid			95% BCa bootstrap CI clustered by PubChem compound; uncertainty is over the observed compound panel, not broader chemical space.	CVCL_0023
3x	2	3.0	0.47712125471966244	False	l1000_phase2	tahoe	dose_threshold_dataset_pair_line	observed_deg_lfc_spearman_sym_p05	mean_observed_deg_lfc_spearman_sym_p05	0.040826077069288015	-0.07629137096861732	0.15386688766444165	0.11507912931652949	bca	ok	0.95	2000	2000	110	45	45	pubchem_cid			95% BCa bootstrap CI clustered by PubChem compound; uncertainty is over the observed compound panel, not broader chemical space.	CVCL_0320
3x	2	3.0	0.47712125471966244	False	l1000_phase2	tahoe	dose_threshold_dataset_pair_line	baseline_pair_deg_lfc_spearman_p05	mean_baseline_pair_deg_lfc_spearman_p05	0.21698639314201335	0.11979151102720759	0.29825150528375743	0.08922999712827492	bca	ok	0.95	2000	2000	110	99	99	pubchem_cid			95% BCa bootstrap CI clustered by PubChem compound; uncertainty is over the observed compound panel, not broader chemical space.	CVCL_0320
3x	2	3.0	0.47712125471966244	False	l1000_phase2	tahoe	dose_threshold_dataset_pair_line	delta_vs_baseline_pair_deg_lfc_spearman_p05	mean_delta_vs_baseline_pair_deg_lfc_spearman_p05	-0.3157722870277365	-0.43964701036088943	-0.17075374067790736	0.13444663484149105	bca	ok	0.95	2000	2000	110	45	45	pubchem_cid			95% BCa bootstrap CI clustered by PubChem compound; uncertainty is over the observed compound panel, not broader chemical space.	CVCL_0320
3x	2	3.0	0.47712125471966244	False	l1000_phase2	tahoe	dose_threshold_dataset_pair_line	observed_direction_agreement_p05	mean_observed_direction_agreement_p05	0.6058603429324226	0.4424556611377024	0.7410526480685093	0.14929849346540347	bca	ok	0.95	2000	2000	110	18	18	pubchem_cid			95% BCa bootstrap CI clustered by PubChem compound; uncertainty is over the observed compound panel, not broader chemical space.	CVCL_0320
3x	2	3.0	0.47712125471966244	False	l1000_phase2	tahoe	dose_threshold_dataset_pair_line	baseline_pair_direction_agreement_p05	mean_baseline_pair_direction_agreement_p05	0.6575187581095259	0.6167546033865338	0.699776986240162	0.04151119142681414	bca	ok	0.95	2000	2000	110	107	107	pubchem_cid			95% BCa bootstrap CI clustered by PubChem compound; uncertainty is over the observed compound panel, not broader chemical space.	CVCL_0320
3x	2	3.0	0.47712125471966244	False	l1000_phase2	tahoe	dose_threshold_dataset_pair_line	delta_vs_baseline_pair_direction_agreement_p05	mean_delta_vs_baseline_pair_direction_agreement_p05	-0.17748324791325196	-0.3476491775576243	-0.03997870759437987	0.15383523498162222	bca	ok	0.95	2000	2000	110	18	18	pubchem_cid			95% BCa bootstrap CI clustered by PubChem compound; uncertainty is over the observed compound panel, not broader chemical space.	CVCL_0320
3x	2	3.0	0.47712125471966244	False	tahoe	sciplex	dose_threshold_dataset_pair_line	observed_deg_lfc_spearman_sym_p05	mean_observed_deg_lfc_spearman_sym_p05	0.15785887696601744	-0.14677118111636822	0.35083203877192315	0.24880160994414569	bca	ok	0.95	2000	2000	23	8	8	pubchem_cid			95% BCa bootstrap CI clustered by PubChem compound; uncertainty is over the observed compound panel, not broader chemical space.	CVCL_0023
3x	2	3.0	0.47712125471966244	False	tahoe	sciplex	dose_threshold_dataset_pair_line	baseline_pair_deg_lfc_spearman_p05	mean_baseline_pair_deg_lfc_spearman_p05	0.5121751091782398	0.21149744955608318	0.6829137687394377	0.23570815959167724	bca	ok	0.95	2000	2000	23	17	17	pubchem_cid			95% BCa bootstrap CI clustered by PubChem compound; uncertainty is over the observed compound panel, not broader chemical space.	CVCL_0023
3x	2	3.0	0.47712125471966244	False	tahoe	sciplex	dose_threshold_dataset_pair_line	delta_vs_baseline_pair_deg_lfc_spearman_p05	mean_delta_vs_baseline_pair_deg_lfc_spearman_p05	-0.41269642524999023	-0.6537739007227238	-0.24214938079799522	0.2058122599623643	bca	ok	0.95	2000	2000	23	8	8	pubchem_cid			95% BCa bootstrap CI clustered by PubChem compound; uncertainty is over the observed compound panel, not broader chemical space.	CVCL_0023
3x	2	3.0	0.47712125471966244	False	tahoe	sciplex	dose_threshold_dataset_pair_line	observed_direction_agreement_p05	mean_observed_direction_agreement_p05	0.8933727687837276	0.8510273972602741	0.9163636363636364	0.03266811955168114	bca	ok	0.95	2000	2000	23	3	3	pubchem_cid			95% BCa bootstrap CI clustered by PubChem compound; uncertainty is over the observed compound panel, not broader chemical space.	CVCL_0023
3x	2	3.0	0.47712125471966244	False	tahoe	sciplex	dose_threshold_dataset_pair_line	baseline_pair_direction_agreement_p05	mean_baseline_pair_direction_agreement_p05	0.8888464119091276	0.8341480671170628	0.9345319220544778	0.05019192746870749	bca	ok	0.95	2000	2000	23	21	21	pubchem_cid			95% BCa bootstrap CI clustered by PubChem compound; uncertainty is over the observed compound panel, not broader chemical space.	CVCL_0023
3x	2	3.0	0.47712125471966244	False	tahoe	sciplex	dose_threshold_dataset_pair_line	delta_vs_baseline_pair_direction_agreement_p05	mean_delta_vs_baseline_pair_direction_agreement_p05	0.14580006737005538	0.1216694184553293	0.1673678129258306	0.022849197235250654	bca	ok	0.95	2000	2000	23	3	3	pubchem_cid			95% BCa bootstrap CI clustered by PubChem compound; uncertainty is over the observed compound panel, not broader chemical space.	CVCL_0023
10x_reference	3	10.0	1.0	True	l1000_phase1	l1000_phase2	dose_threshold_dataset_pair	observed_deg_lfc_spearman_sym_p05	mean_observed_deg_lfc_spearman_sym_p05	0.15721854085675308	0.10890014535784381	0.21441501107504374	0.05275743285859996	bca	ok	0.95	2000	2000	554	507	171	pubchem_cid			95% BCa bootstrap CI clustered by PubChem compound; uncertainty is over the observed compound panel, not broader chemical space.	
10x_reference	3	10.0	1.0	True	l1000_phase1	l1000_phase2	dose_threshold_dataset_pair	baseline_pair_deg_lfc_spearman_p05	mean_baseline_pair_deg_lfc_spearman_p05	0.3816361453635872	0.355427023588268	0.40989550829041993	0.027234242351075966	bca	ok	0.95	2000	2000	554	554	177	pubchem_cid			95% BCa bootstrap CI clustered by PubChem compound; uncertainty is over the observed compound panel, not broader chemical space.	
10x_reference	3	10.0	1.0	True	l1000_phase1	l1000_phase2	dose_threshold_dataset_pair	delta_vs_baseline_pair_deg_lfc_spearman_p05	mean_delta_vs_baseline_pair_deg_lfc_spearman_p05	-0.21921160021957703	-0.2643273348535319	-0.17124035258172252	0.04654349113590468	bca	ok	0.95	2000	2000	554	507	171	pubchem_cid			95% BCa bootstrap CI clustered by PubChem compound; uncertainty is over the observed compound panel, not broader chemical space.	
10x_reference	3	10.0	1.0	True	l1000_phase1	l1000_phase2	dose_threshold_dataset_pair	observed_direction_agreement_p05	mean_observed_direction_agreement_p05	0.8917177441752381	0.861583770738	0.9189961396723073	0.028706184467153673	bca	ok	0.95	2000	2000	554	277	111	pubchem_cid			95% BCa bootstrap CI clustered by PubChem compound; uncertainty is over the observed compound panel, not broader chemical space.	
10x_reference	3	10.0	1.0	True	l1000_phase1	l1000_phase2	dose_threshold_dataset_pair	baseline_pair_direction_agreement_p05	mean_baseline_pair_direction_agreement_p05	0.7072018065363787	0.6929257306436866	0.721733522850481	0.014403896103397207	bca	ok	0.95	2000	2000	554	554	177	pubchem_cid			95% BCa bootstrap CI clustered by PubChem compound; uncertainty is over the observed compound panel, not broader chemical space.	
10x_reference	3	10.0	1.0	True	l1000_phase1	l1000_phase2	dose_threshold_dataset_pair	delta_vs_baseline_pair_direction_agreement_p05	mean_delta_vs_baseline_pair_direction_agreement_p05	0.14460419525265383	0.1145697870369711	0.17096262026615947	0.028196416614594183	bca	ok	0.95	2000	2000	554	277	111	pubchem_cid			95% BCa bootstrap CI clustered by PubChem compound; uncertainty is over the observed compound panel, not broader chemical space.	
10x_reference	3	10.0	1.0	True	l1000_phase1	sciplex	dose_threshold_dataset_pair	observed_deg_lfc_spearman_sym_p05	mean_observed_deg_lfc_spearman_sym_p05	0.2533539260837602	0.009448454595252481	0.48616804670849456	0.23835979605662105	bca	ok	0.95	2000	2000	53	7	5	pubchem_cid			95% BCa bootstrap CI clustered by PubChem compound; uncertainty is over the observed compound panel, not broader chemical space.	
10x_reference	3	10.0	1.0	True	l1000_phase1	sciplex	dose_threshold_dataset_pair	baseline_pair_deg_lfc_spearman_p05	mean_baseline_pair_deg_lfc_spearman_p05	0.250934641883557	0.09775266331086326	0.3760000826549881	0.13912370967206242	bca	ok	0.95	2000	2000	53	49	37	pubchem_cid			95% BCa bootstrap CI clustered by PubChem compound; uncertainty is over the observed compound panel, not broader chemical space.	
10x_reference	3	10.0	1.0	True	l1000_phase1	sciplex	dose_threshold_dataset_pair	delta_vs_baseline_pair_deg_lfc_spearman_p05	mean_delta_vs_baseline_pair_deg_lfc_spearman_p05	-0.19139379496274683	-0.5160943585042191	-0.08020225803289695	0.2179460502356611	bca	ok	0.95	2000	2000	53	7	5	pubchem_cid			95% BCa bootstrap CI clustered by PubChem compound; uncertainty is over the observed compound panel, not broader chemical space.	
10x_reference	3	10.0	1.0	True	l1000_phase1	sciplex	dose_threshold_dataset_pair	observed_direction_agreement_p05	mean_observed_direction_agreement_p05	0.9137834821428572	0.7622279540041915	0.979591836734694	0.10868194136525122	bca	ok	0.95	2000	2000	53	8	6	pubchem_cid			95% BCa bootstrap CI clustered by PubChem compound; uncertainty is over the observed compound panel, not broader chemical space.	
10x_reference	3	10.0	1.0	True	l1000_phase1	sciplex	dose_threshold_dataset_pair	baseline_pair_direction_agreement_p05	mean_baseline_pair_direction_agreement_p05	0.6769844551323266	0.6077580064127736	0.7373426627355169	0.06479232816137165	bca	ok	0.95	2000	2000	53	52	37	pubchem_cid			95% BCa bootstrap CI clustered by PubChem compound; uncertainty is over the observed compound panel, not broader chemical space.	
10x_reference	3	10.0	1.0	True	l1000_phase1	sciplex	dose_threshold_dataset_pair	delta_vs_baseline_pair_direction_agreement_p05	mean_delta_vs_baseline_pair_direction_agreement_p05	0.12968534470850748	0.04724163770673438	0.20770515247983048	0.08023175738654806	bca	ok	0.95	2000	2000	53	8	6	pubchem_cid			95% BCa bootstrap CI clustered by PubChem compound; uncertainty is over the observed compound panel, not broader chemical space.	
10x_reference	3	10.0	1.0	True	l1000_phase1	tahoe	dose_threshold_dataset_pair	observed_deg_lfc_spearman_sym_p05	mean_observed_deg_lfc_spearman_sym_p05	0.1622265556796972	-0.05849449107876384	0.3200686690168851	0.18928158004782447	bca	ok	0.95	2000	2000	21	13	11	pubchem_cid			95% BCa bootstrap CI clustered by PubChem compound; uncertainty is over the observed compound panel, not broader chemical space.	
10x_reference	3	10.0	1.0	True	l1000_phase1	tahoe	dose_threshold_dataset_pair	baseline_pair_deg_lfc_spearman_p05	mean_baseline_pair_deg_lfc_spearman_p05	0.4231600792720486	0.28892938290275993	0.5121132739615222	0.11159194552938112	bca	ok	0.95	2000	2000	21	21	17	pubchem_cid			95% BCa bootstrap CI clustered by PubChem compound; uncertainty is over the observed compound panel, not broader chemical space.	
10x_reference	3	10.0	1.0	True	l1000_phase1	tahoe	dose_threshold_dataset_pair	delta_vs_baseline_pair_deg_lfc_spearman_p05	mean_delta_vs_baseline_pair_deg_lfc_spearman_p05	-0.2608057337586894	-0.36736118648759414	-0.1595476547777554	0.10390676585491937	bca	ok	0.95	2000	2000	21	13	11	pubchem_cid			95% BCa bootstrap CI clustered by PubChem compound; uncertainty is over the observed compound panel, not broader chemical space.	
10x_reference	3	10.0	1.0	True	l1000_phase1	tahoe	dose_threshold_dataset_pair	observed_direction_agreement_p05	mean_observed_direction_agreement_p05	0.7211948840512399	0.3329886754825082	0.8461948840512399	0.25660310428436583	bca	ok	0.95	2000	2000	21	8	6	pubchem_cid			95% BCa bootstrap CI clustered by PubChem compound; uncertainty is over the observed compound panel, not broader chemical space.	
10x_reference	3	10.0	1.0	True	l1000_phase1	tahoe	dose_threshold_dataset_pair	baseline_pair_direction_agreement_p05	mean_baseline_pair_direction_agreement_p05	0.7356507383191901	0.6898214716085186	0.7933317098615036	0.0517551191264925	bca	ok	0.95	2000	2000	21	21	17	pubchem_cid			95% BCa bootstrap CI clustered by PubChem compound; uncertainty is over the observed compound panel, not broader chemical space.	
10x_reference	3	10.0	1.0	True	l1000_phase1	tahoe	dose_threshold_dataset_pair	delta_vs_baseline_pair_direction_agreement_p05	mean_delta_vs_baseline_pair_direction_agreement_p05	-0.03149658972298584	-0.4837340946270833	0.08855240101461505	0.28614324782084916	bca	ok	0.95	2000	2000	21	8	6	pubchem_cid			95% BCa bootstrap CI clustered by PubChem compound; uncertainty is over the observed compound panel, not broader chemical space.	
10x_reference	3	10.0	1.0	True	l1000_phase2	sciplex	dose_threshold_dataset_pair	observed_deg_lfc_spearman_sym_p05	mean_observed_deg_lfc_spearman_sym_p05	0.38264716306331237	0.1816484099450429	0.5350020750980957	0.17667683257652642	bca	ok	0.95	2000	2000	127	15	14	pubchem_cid			95% BCa bootstrap CI clustered by PubChem compound; uncertainty is over the observed compound panel, not broader chemical space.	
10x_reference	3	10.0	1.0	True	l1000_phase2	sciplex	dose_threshold_dataset_pair	baseline_pair_deg_lfc_spearman_p05	mean_baseline_pair_deg_lfc_spearman_p05	0.2130265182938198	0.11573633237550775	0.30156855944367233	0.0929161135340823	bca	ok	0.95	2000	2000	127	102	73	pubchem_cid			95% BCa bootstrap CI clustered by PubChem compound; uncertainty is over the observed compound panel, not broader chemical space.	
10x_reference	3	10.0	1.0	True	l1000_phase2	sciplex	dose_threshold_dataset_pair	delta_vs_baseline_pair_deg_lfc_spearman_p05	mean_delta_vs_baseline_pair_deg_lfc_spearman_p05	-0.021986090100684096	-0.13366167575042995	0.13121699153603858	0.13243933364323426	bca	ok	0.95	2000	2000	127	15	14	pubchem_cid			95% BCa bootstrap CI clustered by PubChem compound; uncertainty is over the observed compound panel, not broader chemical space.	
10x_reference	3	10.0	1.0	True	l1000_phase2	sciplex	dose_threshold_dataset_pair	observed_direction_agreement_p05	mean_observed_direction_agreement_p05	0.930650791271345	0.8527018386076941	0.9740733151183971	0.06068573825535151	bca	ok	0.95	2000	2000	127	15	15	pubchem_cid			95% BCa bootstrap CI clustered by PubChem compound; uncertainty is over the observed compound panel, not broader chemical space.	
10x_reference	3	10.0	1.0	True	l1000_phase2	sciplex	dose_threshold_dataset_pair	baseline_pair_direction_agreement_p05	mean_baseline_pair_direction_agreement_p05	0.6441333337955752	0.6025027595441164	0.6791891557477493	0.03834319810181647	bca	ok	0.95	2000	2000	127	113	78	pubchem_cid			95% BCa bootstrap CI clustered by PubChem compound; uncertainty is over the observed compound panel, not broader chemical space.	
10x_reference	3	10.0	1.0	True	l1000_phase2	sciplex	dose_threshold_dataset_pair	delta_vs_baseline_pair_direction_agreement_p05	mean_delta_vs_baseline_pair_direction_agreement_p05	0.21033891688062933	0.1405464784216955	0.2738305571349709	0.0666420393566377	bca	ok	0.95	2000	2000	127	15	15	pubchem_cid			95% BCa bootstrap CI clustered by PubChem compound; uncertainty is over the observed compound panel, not broader chemical space.	
10x_reference	3	10.0	1.0	True	l1000_phase2	tahoe	dose_threshold_dataset_pair	observed_deg_lfc_spearman_sym_p05	mean_observed_deg_lfc_spearman_sym_p05	0.06603606577139064	-0.04242732324053144	0.1679741960219581	0.10520075963124477	bca	ok	0.95	2000	2000	134	58	47	pubchem_cid			95% BCa bootstrap CI clustered by PubChem compound; uncertainty is over the observed compound panel, not broader chemical space.	
10x_reference	3	10.0	1.0	True	l1000_phase2	tahoe	dose_threshold_dataset_pair	baseline_pair_deg_lfc_spearman_p05	mean_baseline_pair_deg_lfc_spearman_p05	0.2628938712629663	0.17928720167286227	0.3421530269143921	0.08143291262076491	bca	ok	0.95	2000	2000	134	122	101	pubchem_cid			95% BCa bootstrap CI clustered by PubChem compound; uncertainty is over the observed compound panel, not broader chemical space.	
10x_reference	3	10.0	1.0	True	l1000_phase2	tahoe	dose_threshold_dataset_pair	delta_vs_baseline_pair_deg_lfc_spearman_p05	mean_delta_vs_baseline_pair_deg_lfc_spearman_p05	-0.30846480699563866	-0.423295234736231	-0.17395098718956956	0.12467212377333071	bca	ok	0.95	2000	2000	134	58	47	pubchem_cid			95% BCa bootstrap CI clustered by PubChem compound; uncertainty is over the observed compound panel, not broader chemical space.	
10x_reference	3	10.0	1.0	True	l1000_phase2	tahoe	dose_threshold_dataset_pair	observed_direction_agreement_p05	mean_observed_direction_agreement_p05	0.6459935266266588	0.4778324031916372	0.7681685532721876	0.14516807504027518	bca	ok	0.95	2000	2000	134	24	18	pubchem_cid			95% BCa bootstrap CI clustered by PubChem compound; uncertainty is over the observed compound panel, not broader chemical space.	
10x_reference	3	10.0	1.0	True	l1000_phase2	tahoe	dose_threshold_dataset_pair	baseline_pair_direction_agreement_p05	mean_baseline_pair_direction_agreement_p05	0.6682196204908089	0.6318245774152877	0.7055713430431648	0.03687338281393854	bca	ok	0.95	2000	2000	134	130	107	pubchem_cid			95% BCa bootstrap CI clustered by PubChem compound; uncertainty is over the observed compound panel, not broader chemical space.	
10x_reference	3	10.0	1.0	True	l1000_phase2	tahoe	dose_threshold_dataset_pair	delta_vs_baseline_pair_direction_agreement_p05	mean_delta_vs_baseline_pair_direction_agreement_p05	-0.14063534744863326	-0.31179329876362444	-0.025610792113187876	0.14309125332521827	bca	ok	0.95	2000	2000	134	24	18	pubchem_cid			95% BCa bootstrap CI clustered by PubChem compound; uncertainty is over the observed compound panel, not broader chemical space.	
10x_reference	3	10.0	1.0	True	tahoe	sciplex	dose_threshold_dataset_pair	observed_deg_lfc_spearman_sym_p05	mean_observed_deg_lfc_spearman_sym_p05	0.15785887696601744	-0.13675464351991556	0.33966618997760045	0.238210416748758	bca	ok	0.95	2000	2000	23	8	8	pubchem_cid			95% BCa bootstrap CI clustered by PubChem compound; uncertainty is over the observed compound panel, not broader chemical space.	
10x_reference	3	10.0	1.0	True	tahoe	sciplex	dose_threshold_dataset_pair	baseline_pair_deg_lfc_spearman_p05	mean_baseline_pair_deg_lfc_spearman_p05	0.5121751091782398	0.1897012844224384	0.6719900834096788	0.2411443994936202	bca	ok	0.95	2000	2000	23	17	17	pubchem_cid			95% BCa bootstrap CI clustered by PubChem compound; uncertainty is over the observed compound panel, not broader chemical space.	
10x_reference	3	10.0	1.0	True	tahoe	sciplex	dose_threshold_dataset_pair	delta_vs_baseline_pair_deg_lfc_spearman_p05	mean_delta_vs_baseline_pair_deg_lfc_spearman_p05	-0.41269642524999023	-0.6495433947524386	-0.24066851298689748	0.20443744088277055	bca	ok	0.95	2000	2000	23	8	8	pubchem_cid			95% BCa bootstrap CI clustered by PubChem compound; uncertainty is over the observed compound panel, not broader chemical space.	
10x_reference	3	10.0	1.0	True	tahoe	sciplex	dose_threshold_dataset_pair	observed_direction_agreement_p05	mean_observed_direction_agreement_p05	0.8933727687837276	0.8510273972602741	0.9163636363636364	0.03266811955168114	bca	ok	0.95	2000	2000	23	3	3	pubchem_cid			95% BCa bootstrap CI clustered by PubChem compound; uncertainty is over the observed compound panel, not broader chemical space.	
10x_reference	3	10.0	1.0	True	tahoe	sciplex	dose_threshold_dataset_pair	baseline_pair_direction_agreement_p05	mean_baseline_pair_direction_agreement_p05	0.8888464119091276	0.8343156565723973	0.9348350541215087	0.05025969877455572	bca	ok	0.95	2000	2000	23	21	21	pubchem_cid			95% BCa bootstrap CI clustered by PubChem compound; uncertainty is over the observed compound panel, not broader chemical space.	
10x_reference	3	10.0	1.0	True	tahoe	sciplex	dose_threshold_dataset_pair	delta_vs_baseline_pair_direction_agreement_p05	mean_delta_vs_baseline_pair_direction_agreement_p05	0.14580006737005538	0.1216694184553293	0.1673678129258306	0.022849197235250654	bca	ok	0.95	2000	2000	23	3	3	pubchem_cid			95% BCa bootstrap CI clustered by PubChem compound; uncertainty is over the observed compound panel, not broader chemical space.	
10x_reference	3	10.0	1.0	True	l1000_phase1	l1000_phase2	dose_threshold_dataset_pair_line	observed_deg_lfc_spearman_sym_p05	mean_observed_deg_lfc_spearman_sym_p05	0.31629320890863294	0.16768977677420394	0.44961312182366686	0.14096167252473146	bca	ok	0.95	2000	2000	16	16	16	pubchem_cid			95% BCa bootstrap CI clustered by PubChem compound; uncertainty is over the observed compound panel, not broader chemical space.	CVCL_0023
10x_reference	3	10.0	1.0	True	l1000_phase1	l1000_phase2	dose_threshold_dataset_pair_line	baseline_pair_deg_lfc_spearman_p05	mean_baseline_pair_deg_lfc_spearman_p05	0.42812599061953227	0.260264037629969	0.5298877154373777	0.13481183890370432	bca	ok	0.95	2000	2000	16	16	16	pubchem_cid			95% BCa bootstrap CI clustered by PubChem compound; uncertainty is over the observed compound panel, not broader chemical space.	CVCL_0023
10x_reference	3	10.0	1.0	True	l1000_phase1	l1000_phase2	dose_threshold_dataset_pair_line	delta_vs_baseline_pair_deg_lfc_spearman_p05	mean_delta_vs_baseline_pair_deg_lfc_spearman_p05	-0.17256640545865065	-0.3210325496292185	-0.057615102717865685	0.1317087234556764	bca	ok	0.95	2000	2000	16	16	16	pubchem_cid			95% BCa bootstrap CI clustered by PubChem compound; uncertainty is over the observed compound panel, not broader chemical space.	CVCL_0023
10x_reference	3	10.0	1.0	True	l1000_phase1	l1000_phase2	dose_threshold_dataset_pair_line	observed_direction_agreement_p05	mean_observed_direction_agreement_p05	0.9089805230351615	0.7919297195156454	0.9695280741705712	0.0887991773274629	bca	ok	0.95	2000	2000	16	13	13	pubchem_cid			95% BCa bootstrap CI clustered by PubChem compound; uncertainty is over the observed compound panel, not broader chemical space.	CVCL_0023
10x_reference	3	10.0	1.0	True	l1000_phase1	l1000_phase2	dose_threshold_dataset_pair_line	baseline_pair_direction_agreement_p05	mean_baseline_pair_direction_agreement_p05	0.7458951120249473	0.6760579434937276	0.7924947507462056	0.05821840362623898	bca	ok	0.95	2000	2000	16	16	16	pubchem_cid			95% BCa bootstrap CI clustered by PubChem compound; uncertainty is over the observed compound panel, not broader chemical space.	CVCL_0023
10x_reference	3	10.0	1.0	True	l1000_phase1	l1000_phase2	dose_threshold_dataset_pair_line	delta_vs_baseline_pair_direction_agreement_p05	mean_delta_vs_baseline_pair_direction_agreement_p05	0.12018455302509341	-0.024898491421755608	0.19234484656638481	0.1086216689940702	bca	ok	0.95	2000	2000	16	13	13	pubchem_cid			95% BCa bootstrap CI clustered by PubChem compound; uncertainty is over the observed compound panel, not broader chemical space.	CVCL_0023
10x_reference	3	10.0	1.0	True	l1000_phase1	l1000_phase2	dose_threshold_dataset_pair_line	observed_deg_lfc_spearman_sym_p05	mean_observed_deg_lfc_spearman_sym_p05	0.06006135339357074	-0.004914451785374397	0.12088904289276428	0.06290174733906934	bca	ok	0.95	2000	2000	136	130	130	pubchem_cid			95% BCa bootstrap CI clustered by PubChem compound; uncertainty is over the observed compound panel, not broader chemical space.	CVCL_0031
10x_reference	3	10.0	1.0	True	l1000_phase1	l1000_phase2	dose_threshold_dataset_pair_line	baseline_pair_deg_lfc_spearman_p05	mean_baseline_pair_deg_lfc_spearman_p05	0.3015554213841449	0.25749459352185766	0.34291365536380713	0.042709530920974736	bca	ok	0.95	2000	2000	136	136	136	pubchem_cid			95% BCa bootstrap CI clustered by PubChem compound; uncertainty is over the observed compound panel, not broader chemical space.	CVCL_0031
10x_reference	3	10.0	1.0	True	l1000_phase1	l1000_phase2	dose_threshold_dataset_pair_line	delta_vs_baseline_pair_deg_lfc_spearman_p05	mean_delta_vs_baseline_pair_deg_lfc_spearman_p05	-0.23880695219080142	-0.3055670929882106	-0.17468188803322632	0.06544260247749215	bca	ok	0.95	2000	2000	136	130	130	pubchem_cid			95% BCa bootstrap CI clustered by PubChem compound; uncertainty is over the observed compound panel, not broader chemical space.	CVCL_0031
10x_reference	3	10.0	1.0	True	l1000_phase1	l1000_phase2	dose_threshold_dataset_pair_line	observed_direction_agreement_p05	mean_observed_direction_agreement_p05	0.8431925056728876	0.7663182804004897	0.896941937985658	0.06531182879258418	bca	ok	0.95	2000	2000	136	60	60	pubchem_cid			95% BCa bootstrap CI clustered by PubChem compound; uncertainty is over the observed compound panel, not broader chemical space.	CVCL_0031
10x_reference	3	10.0	1.0	True	l1000_phase1	l1000_phase2	dose_threshold_dataset_pair_line	baseline_pair_direction_agreement_p05	mean_baseline_pair_direction_agreement_p05	0.6830395291879238	0.6626089986295235	0.7027629798709699	0.020076990620723212	bca	ok	0.95	2000	2000	136	136	136	pubchem_cid			95% BCa bootstrap CI clustered by PubChem compound; uncertainty is over the observed compound panel, not broader chemical space.	CVCL_0031
10x_reference	3	10.0	1.0	True	l1000_phase1	l1000_phase2	dose_threshold_dataset_pair_line	delta_vs_baseline_pair_direction_agreement_p05	mean_delta_vs_baseline_pair_direction_agreement_p05	0.14114982116894806	0.06295811538851395	0.20173977501718438	0.06939082981433521	bca	ok	0.95	2000	2000	136	60	60	pubchem_cid			95% BCa bootstrap CI clustered by PubChem compound; uncertainty is over the observed compound panel, not broader chemical space.	CVCL_0031
10x_reference	3	10.0	1.0	True	l1000_phase1	l1000_phase2	dose_threshold_dataset_pair_line	observed_deg_lfc_spearman_sym_p05	mean_observed_deg_lfc_spearman_sym_p05	0.18495367218631714	0.08495937061127845	0.28328329809568353	0.09916196374220254	bca	ok	0.95	2000	2000	63	57	57	pubchem_cid			95% BCa bootstrap CI clustered by PubChem compound; uncertainty is over the observed compound panel, not broader chemical space.	CVCL_0033
10x_reference	3	10.0	1.0	True	l1000_phase1	l1000_phase2	dose_threshold_dataset_pair_line	baseline_pair_deg_lfc_spearman_p05	mean_baseline_pair_deg_lfc_spearman_p05	0.3677367384987096	0.2939627409552803	0.4335646349151959	0.06980094697995781	bca	ok	0.95	2000	2000	63	63	63	pubchem_cid			95% BCa bootstrap CI clustered by PubChem compound; uncertainty is over the observed compound panel, not broader chemical space.	CVCL_0033
10x_reference	3	10.0	1.0	True	l1000_phase1	l1000_phase2	dose_threshold_dataset_pair_line	delta_vs_baseline_pair_deg_lfc_spearman_p05	mean_delta_vs_baseline_pair_deg_lfc_spearman_p05	-0.2272219254017624	-0.34282980998976076	-0.12936816568710094	0.10673082215132991	bca	ok	0.95	2000	2000	63	57	57	pubchem_cid			95% BCa bootstrap CI clustered by PubChem compound; uncertainty is over the observed compound panel, not broader chemical space.	CVCL_0033
10x_reference	3	10.0	1.0	True	l1000_phase1	l1000_phase2	dose_threshold_dataset_pair_line	observed_direction_agreement_p05	mean_observed_direction_agreement_p05	0.9550413775216738	0.9206610487473523	0.9781266930244445	0.02873282213854611	bca	ok	0.95	2000	2000	63	30	30	pubchem_cid			95% BCa bootstrap CI clustered by PubChem compound; uncertainty is over the observed compound panel, not broader chemical space.	CVCL_0033
10x_reference	3	10.0	1.0	True	l1000_phase1	l1000_phase2	dose_threshold_dataset_pair_line	baseline_pair_direction_agreement_p05	mean_baseline_pair_direction_agreement_p05	0.666610566994492	0.627787179956804	0.7011522437435697	0.03668253189338283	bca	ok	0.95	2000	2000	63	63	63	pubchem_cid			95% BCa bootstrap CI clustered by PubChem compound; uncertainty is over the observed compound panel, not broader chemical space.	CVCL_0033
10x_reference	3	10.0	1.0	True	l1000_phase1	l1000_phase2	dose_threshold_dataset_pair_line	delta_vs_baseline_pair_direction_agreement_p05	mean_delta_vs_baseline_pair_direction_agreement_p05	0.22258362339889723	0.17084843165486804	0.2745547907194607	0.05185317953229633	bca	ok	0.95	2000	2000	63	30	30	pubchem_cid			95% BCa bootstrap CI clustered by PubChem compound; uncertainty is over the observed compound panel, not broader chemical space.	CVCL_0033
10x_reference	3	10.0	1.0	True	l1000_phase1	l1000_phase2	dose_threshold_dataset_pair_line	observed_deg_lfc_spearman_sym_p05	mean_observed_deg_lfc_spearman_sym_p05	-0.008266253301068397	-0.11297767571396082	0.06429061339581926	0.08863414455489005	bca	ok	0.95	2000	2000	15	14	14	pubchem_cid			95% BCa bootstrap CI clustered by PubChem compound; uncertainty is over the observed compound panel, not broader chemical space.	CVCL_0035
10x_reference	3	10.0	1.0	True	l1000_phase1	l1000_phase2	dose_threshold_dataset_pair_line	baseline_pair_deg_lfc_spearman_p05	mean_baseline_pair_deg_lfc_spearman_p05	0.30015720021362013	0.2331242486272613	0.36151499085182176	0.06419537111228023	bca	ok	0.95	2000	2000	15	15	15	pubchem_cid			95% BCa bootstrap CI clustered by PubChem compound; uncertainty is over the observed compound panel, not broader chemical space.	CVCL_0035
10x_reference	3	10.0	1.0	True	l1000_phase1	l1000_phase2	dose_threshold_dataset_pair_line	delta_vs_baseline_pair_deg_lfc_spearman_p05	mean_delta_vs_baseline_pair_deg_lfc_spearman_p05	-0.2982368144851482	-0.4461216573140757	-0.20067731531874994	0.12272217099766289	bca	ok	0.95	2000	2000	15	14	14	pubchem_cid			95% BCa bootstrap CI clustered by PubChem compound; uncertainty is over the observed compound panel, not broader chemical space.	CVCL_0035
10x_reference	3	10.0	1.0	True	l1000_phase1	l1000_phase2	dose_threshold_dataset_pair_line	observed_direction_agreement_p05	mean_observed_direction_agreement_p05	0.6559216925772109	0.482660303125014	0.8015260881816068	0.15943289252829637	bca	ok	0.95	2000	2000	15	13	13	pubchem_cid			95% BCa bootstrap CI clustered by PubChem compound; uncertainty is over the observed compound panel, not broader chemical space.	CVCL_0035
10x_reference	3	10.0	1.0	True	l1000_phase1	l1000_phase2	dose_threshold_dataset_pair_line	baseline_pair_direction_agreement_p05	mean_baseline_pair_direction_agreement_p05	0.673702071550472	0.6481226703480918	0.7108328859343946	0.03135510779315143	bca	ok	0.95	2000	2000	15	15	15	pubchem_cid			95% BCa bootstrap CI clustered by PubChem compound; uncertainty is over the observed compound panel, not broader chemical space.	CVCL_0035
10x_reference	3	10.0	1.0	True	l1000_phase1	l1000_phase2	dose_threshold_dataset_pair_line	delta_vs_baseline_pair_direction_agreement_p05	mean_delta_vs_baseline_pair_direction_agreement_p05	-0.02061342788151878	-0.1940868058526883	0.14369606531842635	0.16889143558555733	bca	ok	0.95	2000	2000	15	13	13	pubchem_cid			95% BCa bootstrap CI clustered by PubChem compound; uncertainty is over the observed compound panel, not broader chemical space.	CVCL_0035
10x_reference	3	10.0	1.0	True	l1000_phase1	l1000_phase2	dose_threshold_dataset_pair_line	observed_deg_lfc_spearman_sym_p05	mean_observed_deg_lfc_spearman_sym_p05	0.17134418661405365	0.07186959141954292	0.25378393046147857	0.09095716952096783	bca	ok	0.95	2000	2000	94	84	84	pubchem_cid			95% BCa bootstrap CI clustered by PubChem compound; uncertainty is over the observed compound panel, not broader chemical space.	CVCL_0062
10x_reference	3	10.0	1.0	True	l1000_phase1	l1000_phase2	dose_threshold_dataset_pair_line	baseline_pair_deg_lfc_spearman_p05	mean_baseline_pair_deg_lfc_spearman_p05	0.34662128442750983	0.2831414917330312	0.4021231060309523	0.059490807148960545	bca	ok	0.95	2000	2000	94	94	94	pubchem_cid			95% BCa bootstrap CI clustered by PubChem compound; uncertainty is over the observed compound panel, not broader chemical space.	CVCL_0062
10x_reference	3	10.0	1.0	True	l1000_phase1	l1000_phase2	dose_threshold_dataset_pair_line	delta_vs_baseline_pair_deg_lfc_spearman_p05	mean_delta_vs_baseline_pair_deg_lfc_spearman_p05	-0.1621310289512563	-0.25338563034723327	-0.08337297569602478	0.08500632732560424	bca	ok	0.95	2000	2000	94	84	84	pubchem_cid			95% BCa bootstrap CI clustered by PubChem compound; uncertainty is over the observed compound panel, not broader chemical space.	CVCL_0062
10x_reference	3	10.0	1.0	True	l1000_phase1	l1000_phase2	dose_threshold_dataset_pair_line	observed_direction_agreement_p05	mean_observed_direction_agreement_p05	0.9224486689345633	0.8034568521851992	0.9663780562793265	0.08146060204706362	bca	ok	0.95	2000	2000	94	41	41	pubchem_cid			95% BCa bootstrap CI clustered by PubChem compound; uncertainty is over the observed compound panel, not broader chemical space.	CVCL_0062
10x_reference	3	10.0	1.0	True	l1000_phase1	l1000_phase2	dose_threshold_dataset_pair_line	baseline_pair_direction_agreement_p05	mean_baseline_pair_direction_agreement_p05	0.6886375970697106	0.6589059863032305	0.7175282552368175	0.02931113446679351	bca	ok	0.95	2000	2000	94	94	94	pubchem_cid			95% BCa bootstrap CI clustered by PubChem compound; uncertainty is over the observed compound panel, not broader chemical space.	CVCL_0062
10x_reference	3	10.0	1.0	True	l1000_phase1	l1000_phase2	dose_threshold_dataset_pair_line	delta_vs_baseline_pair_direction_agreement_p05	mean_delta_vs_baseline_pair_direction_agreement_p05	0.1887086193883162	0.10478579772871416	0.24564779352323296	0.0704309978972594	bca	ok	0.95	2000	2000	94	41	41	pubchem_cid			95% BCa bootstrap CI clustered by PubChem compound; uncertainty is over the observed compound panel, not broader chemical space.	CVCL_0062
10x_reference	3	10.0	1.0	True	l1000_phase1	l1000_phase2	dose_threshold_dataset_pair_line	observed_deg_lfc_spearman_sym_p05	mean_observed_deg_lfc_spearman_sym_p05	0.3229493893086418	0.03306376224051466	0.4936934139690625	0.23031482586427393	bca	ok	0.95	2000	2000	17	17	17	pubchem_cid			95% BCa bootstrap CI clustered by PubChem compound; uncertainty is over the observed compound panel, not broader chemical space.	CVCL_0132
10x_reference	3	10.0	1.0	True	l1000_phase1	l1000_phase2	dose_threshold_dataset_pair_line	baseline_pair_deg_lfc_spearman_p05	mean_baseline_pair_deg_lfc_spearman_p05	0.5430618480004118	0.436802448615159	0.6374180337548196	0.10030779256983033	bca	ok	0.95	2000	2000	17	17	17	pubchem_cid			95% BCa bootstrap CI clustered by PubChem compound; uncertainty is over the observed compound panel, not broader chemical space.	CVCL_0132
10x_reference	3	10.0	1.0	True	l1000_phase1	l1000_phase2	dose_threshold_dataset_pair_line	delta_vs_baseline_pair_deg_lfc_spearman_p05	mean_delta_vs_baseline_pair_deg_lfc_spearman_p05	-0.21565490403601134	-0.38549456386878156	-0.10692896859481266	0.13928279763698445	bca	ok	0.95	2000	2000	17	17	17	pubchem_cid			95% BCa bootstrap CI clustered by PubChem compound; uncertainty is over the observed compound panel, not broader chemical space.	CVCL_0132
10x_reference	3	10.0	1.0	True	l1000_phase1	l1000_phase2	dose_threshold_dataset_pair_line	observed_direction_agreement_p05	mean_observed_direction_agreement_p05	0.8963037019677105	0.7952553233914409	0.9529527111992926	0.07884869390392585	bca	ok	0.95	2000	2000	17	13	13	pubchem_cid			95% BCa bootstrap CI clustered by PubChem compound; uncertainty is over the observed compound panel, not broader chemical space.	CVCL_0132
10x_reference	3	10.0	1.0	True	l1000_phase1	l1000_phase2	dose_threshold_dataset_pair_line	baseline_pair_direction_agreement_p05	mean_baseline_pair_direction_agreement_p05	0.7826620651898616	0.7274068290970462	0.8248362456018068	0.04871470825238028	bca	ok	0.95	2000	2000	17	17	17	pubchem_cid			95% BCa bootstrap CI clustered by PubChem compound; uncertainty is over the observed compound panel, not broader chemical space.	CVCL_0132
10x_reference	3	10.0	1.0	True	l1000_phase1	l1000_phase2	dose_threshold_dataset_pair_line	delta_vs_baseline_pair_direction_agreement_p05	mean_delta_vs_baseline_pair_direction_agreement_p05	0.05565799907374325	-0.015434075861600696	0.10548619479341237	0.060460135327506534	bca	ok	0.95	2000	2000	17	13	13	pubchem_cid			95% BCa bootstrap CI clustered by PubChem compound; uncertainty is over the observed compound panel, not broader chemical space.	CVCL_0132
10x_reference	3	10.0	1.0	True	l1000_phase1	l1000_phase2	dose_threshold_dataset_pair_line	observed_deg_lfc_spearman_sym_p05	mean_observed_deg_lfc_spearman_sym_p05	0.2646019475513454	0.14309607801423394	0.36789705445645265	0.11240048822110936	bca	ok	0.95	2000	2000	63	47	47	pubchem_cid			95% BCa bootstrap CI clustered by PubChem compound; uncertainty is over the observed compound panel, not broader chemical space.	CVCL_0178
10x_reference	3	10.0	1.0	True	l1000_phase1	l1000_phase2	dose_threshold_dataset_pair_line	baseline_pair_deg_lfc_spearman_p05	mean_baseline_pair_deg_lfc_spearman_p05	0.5006256914765248	0.4153720831806742	0.5645150336854444	0.07457147525238511	bca	ok	0.95	2000	2000	63	63	63	pubchem_cid			95% BCa bootstrap CI clustered by PubChem compound; uncertainty is over the observed compound panel, not broader chemical space.	CVCL_0178
10x_reference	3	10.0	1.0	True	l1000_phase1	l1000_phase2	dose_threshold_dataset_pair_line	delta_vs_baseline_pair_deg_lfc_spearman_p05	mean_delta_vs_baseline_pair_deg_lfc_spearman_p05	-0.15403351111313113	-0.32334016601366194	-0.016817818035652805	0.15326117398900457	bca	ok	0.95	2000	2000	63	47	47	pubchem_cid			95% BCa bootstrap CI clustered by PubChem compound; uncertainty is over the observed compound panel, not broader chemical space.	CVCL_0178
10x_reference	3	10.0	1.0	True	l1000_phase1	l1000_phase2	dose_threshold_dataset_pair_line	observed_direction_agreement_p05	mean_observed_direction_agreement_p05	0.9323749851835096	0.8012497893717807	0.9758832173602398	0.08731671399422952	bca	ok	0.95	2000	2000	63	28	28	pubchem_cid			95% BCa bootstrap CI clustered by PubChem compound; uncertainty is over the observed compound panel, not broader chemical space.	CVCL_0178
10x_reference	3	10.0	1.0	True	l1000_phase1	l1000_phase2	dose_threshold_dataset_pair_line	baseline_pair_direction_agreement_p05	mean_baseline_pair_direction_agreement_p05	0.7690681570975477	0.7276074010059936	0.8060453301612479	0.039218964577627136	bca	ok	0.95	2000	2000	63	63	63	pubchem_cid			95% BCa bootstrap CI clustered by PubChem compound; uncertainty is over the observed compound panel, not broader chemical space.	CVCL_0178
10x_reference	3	10.0	1.0	True	l1000_phase1	l1000_phase2	dose_threshold_dataset_pair_line	delta_vs_baseline_pair_direction_agreement_p05	mean_delta_vs_baseline_pair_direction_agreement_p05	0.13640895135132655	-0.034068623406802265	0.19939488177298154	0.11673175258989191	bca	ok	0.95	2000	2000	63	28	28	pubchem_cid			95% BCa bootstrap CI clustered by PubChem compound; uncertainty is over the observed compound panel, not broader chemical space.	CVCL_0178
10x_reference	3	10.0	1.0	True	l1000_phase1	l1000_phase2	dose_threshold_dataset_pair_line	observed_deg_lfc_spearman_sym_p05	mean_observed_deg_lfc_spearman_sym_p05	0.012703493759564387	-0.317405543466869	0.28564976290233235	0.3015276531846007	bca	ok	0.95	2000	2000	9	9	9	pubchem_cid			95% BCa bootstrap CI clustered by PubChem compound; uncertainty is over the observed compound panel, not broader chemical space.	CVCL_0320
10x_reference	3	10.0	1.0	True	l1000_phase1	l1000_phase2	dose_threshold_dataset_pair_line	baseline_pair_deg_lfc_spearman_p05	mean_baseline_pair_deg_lfc_spearman_p05	0.27524608918102994	-0.2173908853266092	0.47431146506118965	0.3458511751938994	bca	ok	0.95	2000	2000	9	9	9	pubchem_cid			95% BCa bootstrap CI clustered by PubChem compound; uncertainty is over the observed compound panel, not broader chemical space.	CVCL_0320
10x_reference	3	10.0	1.0	True	l1000_phase1	l1000_phase2	dose_threshold_dataset_pair_line	delta_vs_baseline_pair_deg_lfc_spearman_p05	mean_delta_vs_baseline_pair_deg_lfc_spearman_p05	-0.26032633360221924	-0.45553566515571753	-0.06778129354891033	0.1938771858034036	bca	ok	0.95	2000	2000	9	9	9	pubchem_cid			95% BCa bootstrap CI clustered by PubChem compound; uncertainty is over the observed compound panel, not broader chemical space.	CVCL_0320
10x_reference	3	10.0	1.0	True	l1000_phase1	l1000_phase2	dose_threshold_dataset_pair_line	observed_direction_agreement_p05	mean_observed_direction_agreement_p05	0.7346371882086168	0.3518624004330151	0.9132086167800454	0.28067310817351515	bca	ok	0.95	2000	2000	9	7	7	pubchem_cid			95% BCa bootstrap CI clustered by PubChem compound; uncertainty is over the observed compound panel, not broader chemical space.	CVCL_0320
10x_reference	3	10.0	1.0	True	l1000_phase1	l1000_phase2	dose_threshold_dataset_pair_line	baseline_pair_direction_agreement_p05	mean_baseline_pair_direction_agreement_p05	0.6397636382250248	0.38162901520309844	0.7364647640180101	0.17741787440745582	bca	ok	0.95	2000	2000	9	9	9	pubchem_cid			95% BCa bootstrap CI clustered by PubChem compound; uncertainty is over the observed compound panel, not broader chemical space.	CVCL_0320
10x_reference	3	10.0	1.0	True	l1000_phase1	l1000_phase2	dose_threshold_dataset_pair_line	delta_vs_baseline_pair_direction_agreement_p05	mean_delta_vs_baseline_pair_direction_agreement_p05	0.06657033682032108	-0.08235750277397651	0.17382062946880766	0.1280890661213921	bca	ok	0.95	2000	2000	9	7	7	pubchem_cid			95% BCa bootstrap CI clustered by PubChem compound; uncertainty is over the observed compound panel, not broader chemical space.	CVCL_0320
10x_reference	3	10.0	1.0	True	l1000_phase1	l1000_phase2	dose_threshold_dataset_pair_line	observed_deg_lfc_spearman_sym_p05	mean_observed_deg_lfc_spearman_sym_p05	0.18914933147853152	0.08809974418596493	0.28187001190707467	0.09688513386055486	bca	ok	0.95	2000	2000	63	62	62	pubchem_cid			95% BCa bootstrap CI clustered by PubChem compound; uncertainty is over the observed compound panel, not broader chemical space.	CVCL_0332
10x_reference	3	10.0	1.0	True	l1000_phase1	l1000_phase2	dose_threshold_dataset_pair_line	baseline_pair_deg_lfc_spearman_p05	mean_baseline_pair_deg_lfc_spearman_p05	0.4097109090059674	0.33483850660523207	0.47218125023300755	0.06867137181388774	bca	ok	0.95	2000	2000	63	63	63	pubchem_cid			95% BCa bootstrap CI clustered by PubChem compound; uncertainty is over the observed compound panel, not broader chemical space.	CVCL_0332
10x_reference	3	10.0	1.0	True	l1000_phase1	l1000_phase2	dose_threshold_dataset_pair_line	delta_vs_baseline_pair_deg_lfc_spearman_p05	mean_delta_vs_baseline_pair_deg_lfc_spearman_p05	-0.2457064392573492	-0.36201777379492633	-0.1478154005551634	0.10710118661988147	bca	ok	0.95	2000	2000	63	62	62	pubchem_cid			95% BCa bootstrap CI clustered by PubChem compound; uncertainty is over the observed compound panel, not broader chemical space.	CVCL_0332
10x_reference	3	10.0	1.0	True	l1000_phase1	l1000_phase2	dose_threshold_dataset_pair_line	observed_direction_agreement_p05	mean_observed_direction_agreement_p05	0.9641963382176787	0.9264213923637692	0.9825045398928793	0.028041573764555072	bca	ok	0.95	2000	2000	63	35	35	pubchem_cid			95% BCa bootstrap CI clustered by PubChem compound; uncertainty is over the observed compound panel, not broader chemical space.	CVCL_0332
10x_reference	3	10.0	1.0	True	l1000_phase1	l1000_phase2	dose_threshold_dataset_pair_line	baseline_pair_direction_agreement_p05	mean_baseline_pair_direction_agreement_p05	0.7160699920241632	0.6844606759550436	0.7450654827296981	0.03030240338732726	bca	ok	0.95	2000	2000	63	63	63	pubchem_cid			95% BCa bootstrap CI clustered by PubChem compound; uncertainty is over the observed compound panel, not broader chemical space.	CVCL_0332
10x_reference	3	10.0	1.0	True	l1000_phase1	l1000_phase2	dose_threshold_dataset_pair_line	delta_vs_baseline_pair_direction_agreement_p05	mean_delta_vs_baseline_pair_direction_agreement_p05	0.22203936568085916	0.17842683543931198	0.28388593299552684	0.05272954877810743	bca	ok	0.95	2000	2000	63	35	35	pubchem_cid			95% BCa bootstrap CI clustered by PubChem compound; uncertainty is over the observed compound panel, not broader chemical space.	CVCL_0332
10x_reference	3	10.0	1.0	True	l1000_phase1	l1000_phase2	dose_threshold_dataset_pair_line	observed_deg_lfc_spearman_sym_p05	mean_observed_deg_lfc_spearman_sym_p05	0.2190965079077428	0.10061365019627959	0.3364327274944278	0.11790953864907411	bca	ok	0.95	2000	2000	63	56	56	pubchem_cid			95% BCa bootstrap CI clustered by PubChem compound; uncertainty is over the observed compound panel, not broader chemical space.	CVCL_0598
10x_reference	3	10.0	1.0	True	l1000_phase1	l1000_phase2	dose_threshold_dataset_pair_line	baseline_pair_deg_lfc_spearman_p05	mean_baseline_pair_deg_lfc_spearman_p05	0.448290396943232	0.3778520016867634	0.5170201870246633	0.06958409266894997	bca	ok	0.95	2000	2000	63	63	63	pubchem_cid			95% BCa bootstrap CI clustered by PubChem compound; uncertainty is over the observed compound panel, not broader chemical space.	CVCL_0598
10x_reference	3	10.0	1.0	True	l1000_phase1	l1000_phase2	dose_threshold_dataset_pair_line	delta_vs_baseline_pair_deg_lfc_spearman_p05	mean_delta_vs_baseline_pair_deg_lfc_spearman_p05	-0.2212380977915049	-0.32775571761199995	-0.12450617847785302	0.10162476956707348	bca	ok	0.95	2000	2000	63	56	56	pubchem_cid			95% BCa bootstrap CI clustered by PubChem compound; uncertainty is over the observed compound panel, not broader chemical space.	CVCL_0598
10x_reference	3	10.0	1.0	True	l1000_phase1	l1000_phase2	dose_threshold_dataset_pair_line	observed_direction_agreement_p05	mean_observed_direction_agreement_p05	0.8979070749843082	0.7447854153118684	0.9695573495084605	0.11238596709829607	bca	ok	0.95	2000	2000	63	27	27	pubchem_cid			95% BCa bootstrap CI clustered by PubChem compound; uncertainty is over the observed compound panel, not broader chemical space.	CVCL_0598
10x_reference	3	10.0	1.0	True	l1000_phase1	l1000_phase2	dose_threshold_dataset_pair_line	baseline_pair_direction_agreement_p05	mean_baseline_pair_direction_agreement_p05	0.7462959393965362	0.7101247905807831	0.7817628043129836	0.035819006866100234	bca	ok	0.95	2000	2000	63	63	63	pubchem_cid			95% BCa bootstrap CI clustered by PubChem compound; uncertainty is over the observed compound panel, not broader chemical space.	CVCL_0598
10x_reference	3	10.0	1.0	True	l1000_phase1	l1000_phase2	dose_threshold_dataset_pair_line	delta_vs_baseline_pair_direction_agreement_p05	mean_delta_vs_baseline_pair_direction_agreement_p05	0.061904314299332616	-0.0705828775611806	0.12371829060252684	0.09715058408185373	bca	ok	0.95	2000	2000	63	27	27	pubchem_cid			95% BCa bootstrap CI clustered by PubChem compound; uncertainty is over the observed compound panel, not broader chemical space.	CVCL_0598
10x_reference	3	10.0	1.0	True	l1000_phase1	l1000_phase2	dose_threshold_dataset_pair_line	observed_deg_lfc_spearman_sym_p05	mean_observed_deg_lfc_spearman_sym_p05	-0.06843463095041007	-0.3262849296946473	0.10342618308911762	0.21485555639188245	bca	ok	0.95	2000	2000	6	6	6	pubchem_cid			95% BCa bootstrap CI clustered by PubChem compound; uncertainty is over the observed compound panel, not broader chemical space.	CVCL_5136
10x_reference	3	10.0	1.0	True	l1000_phase1	l1000_phase2	dose_threshold_dataset_pair_line	baseline_pair_deg_lfc_spearman_p05	mean_baseline_pair_deg_lfc_spearman_p05	0.3514006929648026	0.20523390862608817	0.48572685789650705	0.14024647463520945	bca	ok	0.95	2000	2000	6	6	6	pubchem_cid			95% BCa bootstrap CI clustered by PubChem compound; uncertainty is over the observed compound panel, not broader chemical space.	CVCL_5136
10x_reference	3	10.0	1.0	True	l1000_phase1	l1000_phase2	dose_threshold_dataset_pair_line	delta_vs_baseline_pair_deg_lfc_spearman_p05	mean_delta_vs_baseline_pair_deg_lfc_spearman_p05	-0.3866396607206141	-0.5128833521719798	-0.22443594432623937	0.1442237039228702	bca	ok	0.95	2000	2000	6	6	6	pubchem_cid			95% BCa bootstrap CI clustered by PubChem compound; uncertainty is over the observed compound panel, not broader chemical space.	CVCL_5136
10x_reference	3	10.0	1.0	True	l1000_phase1	l1000_phase2	dose_threshold_dataset_pair_line	observed_direction_agreement_p05	mean_observed_direction_agreement_p05	1.0	1.0	1.0	0.0	degenerate	zero_bootstrap_variance	0.95	2000	2000	6	3	3	pubchem_cid			95% BCa bootstrap CI clustered by PubChem compound; uncertainty is over the observed compound panel, not broader chemical space.	CVCL_5136
10x_reference	3	10.0	1.0	True	l1000_phase1	l1000_phase2	dose_threshold_dataset_pair_line	baseline_pair_direction_agreement_p05	mean_baseline_pair_direction_agreement_p05	0.7128316269804996	0.6498816274509666	0.7653084307442973	0.057713401646665385	bca	ok	0.95	2000	2000	6	6	6	pubchem_cid			95% BCa bootstrap CI clustered by PubChem compound; uncertainty is over the observed compound panel, not broader chemical space.	CVCL_5136
10x_reference	3	10.0	1.0	True	l1000_phase1	l1000_phase2	dose_threshold_dataset_pair_line	delta_vs_baseline_pair_direction_agreement_p05	mean_delta_vs_baseline_pair_direction_agreement_p05	0.22153333068216444	0.19167087967644084	0.27542115902964964	0.0418751396766044	bca	ok	0.95	2000	2000	6	3	3	pubchem_cid			95% BCa bootstrap CI clustered by PubChem compound; uncertainty is over the observed compound panel, not broader chemical space.	CVCL_5136
10x_reference	3	10.0	1.0	True	l1000_phase1	l1000_phase2	dose_threshold_dataset_pair_line	observed_deg_lfc_spearman_sym_p05	mean_observed_deg_lfc_spearman_sym_p05	-0.05768756149205123	-0.2141697873221871	0.12787558732310744	0.17102268732264728	bca	ok	0.95	2000	2000	7	7	7	pubchem_cid			95% BCa bootstrap CI clustered by PubChem compound; uncertainty is over the observed compound panel, not broader chemical space.	CVCL_VU89
10x_reference	3	10.0	1.0	True	l1000_phase1	l1000_phase2	dose_threshold_dataset_pair_line	baseline_pair_deg_lfc_spearman_p05	mean_baseline_pair_deg_lfc_spearman_p05	0.4662587599822814	0.3876723518688192	0.5350408261581991	0.07368423714468997	bca	ok	0.95	2000	2000	7	7	7	pubchem_cid			95% BCa bootstrap CI clustered by PubChem compound; uncertainty is over the observed compound panel, not broader chemical space.	CVCL_VU89
10x_reference	3	10.0	1.0	True	l1000_phase1	l1000_phase2	dose_threshold_dataset_pair_line	delta_vs_baseline_pair_deg_lfc_spearman_p05	mean_delta_vs_baseline_pair_deg_lfc_spearman_p05	-0.5082280608036281	-0.6888238847164986	-0.3556314053437867	0.16659623968635595	bca	ok	0.95	2000	2000	7	7	7	pubchem_cid			95% BCa bootstrap CI clustered by PubChem compound; uncertainty is over the observed compound panel, not broader chemical space.	CVCL_VU89
10x_reference	3	10.0	1.0	True	l1000_phase1	l1000_phase2	dose_threshold_dataset_pair_line	observed_direction_agreement_p05	mean_observed_direction_agreement_p05	0.7439450250118405	0.3465487928594554	0.9204301075268816	0.2869406573337131	bca	ok	0.95	2000	2000	7	5	5	pubchem_cid			95% BCa bootstrap CI clustered by PubChem compound; uncertainty is over the observed compound panel, not broader chemical space.	CVCL_VU89
10x_reference	3	10.0	1.0	True	l1000_phase1	l1000_phase2	dose_threshold_dataset_pair_line	baseline_pair_direction_agreement_p05	mean_baseline_pair_direction_agreement_p05	0.6998446618666904	0.6624010721407743	0.7353684943601309	0.036483711109678296	bca	ok	0.95	2000	2000	7	7	7	pubchem_cid			95% BCa bootstrap CI clustered by PubChem compound; uncertainty is over the observed compound panel, not broader chemical space.	CVCL_VU89
10x_reference	3	10.0	1.0	True	l1000_phase1	l1000_phase2	dose_threshold_dataset_pair_line	delta_vs_baseline_pair_direction_agreement_p05	mean_delta_vs_baseline_pair_direction_agreement_p05	0.02462653833970792	-0.36534055867863485	0.24787457889385758	0.30660756878624623	bca	ok	0.95	2000	2000	7	5	5	pubchem_cid			95% BCa bootstrap CI clustered by PubChem compound; uncertainty is over the observed compound panel, not broader chemical space.	CVCL_VU89
10x_reference	3	10.0	1.0	True	l1000_phase1	l1000_phase2	dose_threshold_dataset_pair_line	observed_deg_lfc_spearman_sym_p05	mean_observed_deg_lfc_spearman_sym_p05					not_estimable	too_few_clusters_or_values	0.95	2000	0	1	1	1	pubchem_cid			95% BCa bootstrap CI clustered by PubChem compound; uncertainty is over the observed compound panel, not broader chemical space.	NEU
10x_reference	3	10.0	1.0	True	l1000_phase1	l1000_phase2	dose_threshold_dataset_pair_line	baseline_pair_deg_lfc_spearman_p05	mean_baseline_pair_deg_lfc_spearman_p05					not_estimable	too_few_clusters_or_values	0.95	2000	0	1	1	1	pubchem_cid			95% BCa bootstrap CI clustered by PubChem compound; uncertainty is over the observed compound panel, not broader chemical space.	NEU
10x_reference	3	10.0	1.0	True	l1000_phase1	l1000_phase2	dose_threshold_dataset_pair_line	delta_vs_baseline_pair_deg_lfc_spearman_p05	mean_delta_vs_baseline_pair_deg_lfc_spearman_p05					not_estimable	too_few_clusters_or_values	0.95	2000	0	1	1	1	pubchem_cid			95% BCa bootstrap CI clustered by PubChem compound; uncertainty is over the observed compound panel, not broader chemical space.	NEU
10x_reference	3	10.0	1.0	True	l1000_phase1	l1000_phase2	dose_threshold_dataset_pair_line	observed_direction_agreement_p05	mean_observed_direction_agreement_p05					not_estimable	too_few_clusters_or_values	0.95	2000	0	1	1	1	pubchem_cid			95% BCa bootstrap CI clustered by PubChem compound; uncertainty is over the observed compound panel, not broader chemical space.	NEU
10x_reference	3	10.0	1.0	True	l1000_phase1	l1000_phase2	dose_threshold_dataset_pair_line	baseline_pair_direction_agreement_p05	mean_baseline_pair_direction_agreement_p05					not_estimable	too_few_clusters_or_values	0.95	2000	0	1	1	1	pubchem_cid			95% BCa bootstrap CI clustered by PubChem compound; uncertainty is over the observed compound panel, not broader chemical space.	NEU
10x_reference	3	10.0	1.0	True	l1000_phase1	l1000_phase2	dose_threshold_dataset_pair_line	delta_vs_baseline_pair_direction_agreement_p05	mean_delta_vs_baseline_pair_direction_agreement_p05					not_estimable	too_few_clusters_or_values	0.95	2000	0	1	1	1	pubchem_cid			95% BCa bootstrap CI clustered by PubChem compound; uncertainty is over the observed compound panel, not broader chemical space.	NEU
10x_reference	3	10.0	1.0	True	l1000_phase1	l1000_phase2	dose_threshold_dataset_pair_line	observed_deg_lfc_spearman_sym_p05	mean_observed_deg_lfc_spearman_sym_p05					not_estimable	too_few_clusters_or_values	0.95	2000	0	1	1	1	pubchem_cid			95% BCa bootstrap CI clustered by PubChem compound; uncertainty is over the observed compound panel, not broader chemical space.	NPC
10x_reference	3	10.0	1.0	True	l1000_phase1	l1000_phase2	dose_threshold_dataset_pair_line	baseline_pair_deg_lfc_spearman_p05	mean_baseline_pair_deg_lfc_spearman_p05					not_estimable	too_few_clusters_or_values	0.95	2000	0	1	1	1	pubchem_cid			95% BCa bootstrap CI clustered by PubChem compound; uncertainty is over the observed compound panel, not broader chemical space.	NPC
10x_reference	3	10.0	1.0	True	l1000_phase1	l1000_phase2	dose_threshold_dataset_pair_line	delta_vs_baseline_pair_deg_lfc_spearman_p05	mean_delta_vs_baseline_pair_deg_lfc_spearman_p05					not_estimable	too_few_clusters_or_values	0.95	2000	0	1	1	1	pubchem_cid			95% BCa bootstrap CI clustered by PubChem compound; uncertainty is over the observed compound panel, not broader chemical space.	NPC
10x_reference	3	10.0	1.0	True	l1000_phase1	l1000_phase2	dose_threshold_dataset_pair_line	observed_direction_agreement_p05	mean_observed_direction_agreement_p05					not_estimable	too_few_clusters_or_values	0.95	2000	0	1	1	1	pubchem_cid			95% BCa bootstrap CI clustered by PubChem compound; uncertainty is over the observed compound panel, not broader chemical space.	NPC
10x_reference	3	10.0	1.0	True	l1000_phase1	l1000_phase2	dose_threshold_dataset_pair_line	baseline_pair_direction_agreement_p05	mean_baseline_pair_direction_agreement_p05					not_estimable	too_few_clusters_or_values	0.95	2000	0	1	1	1	pubchem_cid			95% BCa bootstrap CI clustered by PubChem compound; uncertainty is over the observed compound panel, not broader chemical space.	NPC
10x_reference	3	10.0	1.0	True	l1000_phase1	l1000_phase2	dose_threshold_dataset_pair_line	delta_vs_baseline_pair_direction_agreement_p05	mean_delta_vs_baseline_pair_direction_agreement_p05					not_estimable	too_few_clusters_or_values	0.95	2000	0	1	1	1	pubchem_cid			95% BCa bootstrap CI clustered by PubChem compound; uncertainty is over the observed compound panel, not broader chemical space.	NPC
10x_reference	3	10.0	1.0	True	l1000_phase1	sciplex	dose_threshold_dataset_pair_line	observed_deg_lfc_spearman_sym_p05	mean_observed_deg_lfc_spearman_sym_p05	0.10132015465313327	-0.3642857142857143	0.5669260235919809	0.4656058689388476	percentile_fallback	too_few_jackknife_values_for_bca	0.95	2000	2000	15	2	2	pubchem_cid			95% BCa bootstrap CI clustered by PubChem compound; uncertainty is over the observed compound panel, not broader chemical space.	CVCL_0023
10x_reference	3	10.0	1.0	True	l1000_phase1	sciplex	dose_threshold_dataset_pair_line	baseline_pair_deg_lfc_spearman_p05	mean_baseline_pair_deg_lfc_spearman_p05	0.24229873096526558	-0.16185266347232596	0.42044560878286275	0.29114913612759435	bca	ok	0.95	2000	2000	15	12	12	pubchem_cid			95% BCa bootstrap CI clustered by PubChem compound; uncertainty is over the observed compound panel, not broader chemical space.	CVCL_0023
10x_reference	3	10.0	1.0	True	l1000_phase1	sciplex	dose_threshold_dataset_pair_line	delta_vs_baseline_pair_deg_lfc_spearman_p05	mean_delta_vs_baseline_pair_deg_lfc_spearman_p05	-0.0448332088820735	-0.1467532467532467	0.0570868289890997	0.1019200378711732	percentile_fallback	too_few_jackknife_values_for_bca	0.95	2000	2000	15	2	2	pubchem_cid			95% BCa bootstrap CI clustered by PubChem compound; uncertainty is over the observed compound panel, not broader chemical space.	CVCL_0023
10x_reference	3	10.0	1.0	True	l1000_phase1	sciplex	dose_threshold_dataset_pair_line	observed_direction_agreement_p05	mean_observed_direction_agreement_p05	1.0	1.0	1.0	0.0	degenerate	zero_bootstrap_variance	0.95	2000	2000	15	2	2	pubchem_cid			95% BCa bootstrap CI clustered by PubChem compound; uncertainty is over the observed compound panel, not broader chemical space.	CVCL_0023
10x_reference	3	10.0	1.0	True	l1000_phase1	sciplex	dose_threshold_dataset_pair_line	baseline_pair_direction_agreement_p05	mean_baseline_pair_direction_agreement_p05	0.5435695415752483	0.3814974324848728	0.6691697228268934	0.1438361451710103	bca	ok	0.95	2000	2000	15	15	15	pubchem_cid			95% BCa bootstrap CI clustered by PubChem compound; uncertainty is over the observed compound panel, not broader chemical space.	CVCL_0023
10x_reference	3	10.0	1.0	True	l1000_phase1	sciplex	dose_threshold_dataset_pair_line	delta_vs_baseline_pair_direction_agreement_p05	mean_delta_vs_baseline_pair_direction_agreement_p05	0.2778804999143982	0.2527306967984934	0.303030303030303	0.025149803115904784	percentile_fallback	too_few_jackknife_values_for_bca	0.95	2000	2000	15	2	2	pubchem_cid			95% BCa bootstrap CI clustered by PubChem compound; uncertainty is over the observed compound panel, not broader chemical space.	CVCL_0023
10x_reference	3	10.0	1.0	True	l1000_phase1	sciplex	dose_threshold_dataset_pair_line	observed_deg_lfc_spearman_sym_p05	mean_observed_deg_lfc_spearman_sym_p05	0.31416743465601094	0.040427852062293004	0.45110077197057885	0.20533645995414293	bca	ok	0.95	2000	2000	38	5	5	pubchem_cid			95% BCa bootstrap CI clustered by PubChem compound; uncertainty is over the observed compound panel, not broader chemical space.	CVCL_0031
10x_reference	3	10.0	1.0	True	l1000_phase1	sciplex	dose_threshold_dataset_pair_line	baseline_pair_deg_lfc_spearman_p05	mean_baseline_pair_deg_lfc_spearman_p05	0.25373547785705686	0.05403163030620827	0.4117914039129639	0.17887988680337782	bca	ok	0.95	2000	2000	38	37	37	pubchem_cid			95% BCa bootstrap CI clustered by PubChem compound; uncertainty is over the observed compound panel, not broader chemical space.	CVCL_0031
10x_reference	3	10.0	1.0	True	l1000_phase1	sciplex	dose_threshold_dataset_pair_line	delta_vs_baseline_pair_deg_lfc_spearman_p05	mean_delta_vs_baseline_pair_deg_lfc_spearman_p05	-0.25001802939501616	-0.5160943585042191	-0.08332148118452387	0.21638643865984764	bca	ok	0.95	2000	2000	38	5	5	pubchem_cid			95% BCa bootstrap CI clustered by PubChem compound; uncertainty is over the observed compound panel, not broader chemical space.	CVCL_0031
10x_reference	3	10.0	1.0	True	l1000_phase1	sciplex	dose_threshold_dataset_pair_line	observed_direction_agreement_p05	mean_observed_direction_agreement_p05	0.8850446428571428	0.5568210228144342	0.9761904761904763	0.20968472668802102	bca	ok	0.95	2000	2000	38	6	6	pubchem_cid			95% BCa bootstrap CI clustered by PubChem compound; uncertainty is over the observed compound panel, not broader chemical space.	CVCL_0031
10x_reference	3	10.0	1.0	True	l1000_phase1	sciplex	dose_threshold_dataset_pair_line	baseline_pair_direction_agreement_p05	mean_baseline_pair_direction_agreement_p05	0.731071582250061	0.6556512117939138	0.7843275123734482	0.0643381502897672	bca	ok	0.95	2000	2000	38	37	37	pubchem_cid			95% BCa bootstrap CI clustered by PubChem compound; uncertainty is over the observed compound panel, not broader chemical space.	CVCL_0031
10x_reference	3	10.0	1.0	True	l1000_phase1	sciplex	dose_threshold_dataset_pair_line	delta_vs_baseline_pair_direction_agreement_p05	mean_delta_vs_baseline_pair_direction_agreement_p05	0.08028695963987727	-0.12026076651207801	0.19023644472732867	0.15524860561970333	bca	ok	0.95	2000	2000	38	6	6	pubchem_cid			95% BCa bootstrap CI clustered by PubChem compound; uncertainty is over the observed compound panel, not broader chemical space.	CVCL_0031
10x_reference	3	10.0	1.0	True	l1000_phase1	tahoe	dose_threshold_dataset_pair_line	observed_deg_lfc_spearman_sym_p05	mean_observed_deg_lfc_spearman_sym_p05	0.15538907365158344	-0.23556985010395573	0.4070817970222194	0.3213258235630876	bca	ok	0.95	2000	2000	7	5	5	pubchem_cid			95% BCa bootstrap CI clustered by PubChem compound; uncertainty is over the observed compound panel, not broader chemical space.	CVCL_0023
10x_reference	3	10.0	1.0	True	l1000_phase1	tahoe	dose_threshold_dataset_pair_line	baseline_pair_deg_lfc_spearman_p05	mean_baseline_pair_deg_lfc_spearman_p05	0.4701567828228992	0.23275376719976376	0.5782282817616186	0.1727372572809274	bca	ok	0.95	2000	2000	7	7	7	pubchem_cid			95% BCa bootstrap CI clustered by PubChem compound; uncertainty is over the observed compound panel, not broader chemical space.	CVCL_0023
10x_reference	3	10.0	1.0	True	l1000_phase1	tahoe	dose_threshold_dataset_pair_line	delta_vs_baseline_pair_deg_lfc_spearman_p05	mean_delta_vs_baseline_pair_deg_lfc_spearman_p05	-0.19796384409024395	-0.3499887876101955	-0.08934209529550723	0.13032334615734412	bca	ok	0.95	2000	2000	7	5	5	pubchem_cid			95% BCa bootstrap CI clustered by PubChem compound; uncertainty is over the observed compound panel, not broader chemical space.	CVCL_0023
10x_reference	3	10.0	1.0	True	l1000_phase1	tahoe	dose_threshold_dataset_pair_line	observed_direction_agreement_p05	mean_observed_direction_agreement_p05	0.8063448979765212	0.7916666666666666	0.8187099275829302	0.013521630458131761	bca	ok	0.95	2000	2000	7	3	3	pubchem_cid			95% BCa bootstrap CI clustered by PubChem compound; uncertainty is over the observed compound panel, not broader chemical space.	CVCL_0023
10x_reference	3	10.0	1.0	True	l1000_phase1	tahoe	dose_threshold_dataset_pair_line	baseline_pair_direction_agreement_p05	mean_baseline_pair_direction_agreement_p05	0.7525280379248545	0.6596863873046892	0.8151063270152512	0.077709969855281	bca	ok	0.95	2000	2000	7	7	7	pubchem_cid			95% BCa bootstrap CI clustered by PubChem compound; uncertainty is over the observed compound panel, not broader chemical space.	CVCL_0023
10x_reference	3	10.0	1.0	True	l1000_phase1	tahoe	dose_threshold_dataset_pair_line	delta_vs_baseline_pair_direction_agreement_p05	mean_delta_vs_baseline_pair_direction_agreement_p05	0.08082371051227183	0.0488095238095237	0.10348739902671156	0.02733893760859393	bca	ok	0.95	2000	2000	7	3	3	pubchem_cid			95% BCa bootstrap CI clustered by PubChem compound; uncertainty is over the observed compound panel, not broader chemical space.	CVCL_0023
10x_reference	3	10.0	1.0	True	l1000_phase1	tahoe	dose_threshold_dataset_pair_line	observed_deg_lfc_spearman_sym_p05	mean_observed_deg_lfc_spearman_sym_p05	0.48463030299195603	0.40966382930470546	0.5595967766792066	0.07496647368725057	percentile_fallback	too_few_jackknife_values_for_bca	0.95	2000	2000	3	2	2	pubchem_cid			95% BCa bootstrap CI clustered by PubChem compound; uncertainty is over the observed compound panel, not broader chemical space.	CVCL_0320
10x_reference	3	10.0	1.0	True	l1000_phase1	tahoe	dose_threshold_dataset_pair_line	baseline_pair_deg_lfc_spearman_p05	mean_baseline_pair_deg_lfc_spearman_p05	0.47677950520215434	0.4495104895104894	0.49219414453518745	0.021341827512349032	bca	ok	0.95	2000	2000	3	3	3	pubchem_cid			95% BCa bootstrap CI clustered by PubChem compound; uncertainty is over the observed compound panel, not broader chemical space.	CVCL_0320
10x_reference	3	10.0	1.0	True	l1000_phase1	tahoe	dose_threshold_dataset_pair_line	delta_vs_baseline_pair_deg_lfc_spearman_p05	mean_delta_vs_baseline_pair_deg_lfc_spearman_p05	-0.005783710056030747	-0.0754097892816792	0.0638423691696177	0.06962607922564845	percentile_fallback	too_few_jackknife_values_for_bca	0.95	2000	2000	3	2	2	pubchem_cid			95% BCa bootstrap CI clustered by PubChem compound; uncertainty is over the observed compound panel, not broader chemical space.	CVCL_0320
10x_reference	3	10.0	1.0	True	l1000_phase1	tahoe	dose_threshold_dataset_pair_line	observed_direction_agreement_p05	mean_observed_direction_agreement_p05	0.8120677447957334	0.773620025673941	0.8505154639175257	0.0384477191217924	percentile_fallback	too_few_jackknife_values_for_bca	0.95	2000	2000	3	2	2	pubchem_cid			95% BCa bootstrap CI clustered by PubChem compound; uncertainty is over the observed compound panel, not broader chemical space.	CVCL_0320
10x_reference	3	10.0	1.0	True	l1000_phase1	tahoe	dose_threshold_dataset_pair_line	baseline_pair_direction_agreement_p05	mean_baseline_pair_direction_agreement_p05	0.7028818818883762	0.6987012987012987	0.706396464409453	0.0038475828540771584	bca	ok	0.95	2000	2000	3	3	3	pubchem_cid			95% BCa bootstrap CI clustered by PubChem compound; uncertainty is over the observed compound panel, not broader chemical space.	CVCL_0320
10x_reference	3	10.0	1.0	True	l1000_phase1	tahoe	dose_threshold_dataset_pair_line	delta_vs_baseline_pair_direction_agreement_p05	mean_delta_vs_baseline_pair_direction_agreement_p05	0.10809457231281926	0.0643749794094115	0.151814165216227	0.04371959290340775	percentile_fallback	too_few_jackknife_values_for_bca	0.95	2000	2000	3	2	2	pubchem_cid			95% BCa bootstrap CI clustered by PubChem compound; uncertainty is over the observed compound panel, not broader chemical space.	CVCL_0320
10x_reference	3	10.0	1.0	True	l1000_phase1	tahoe	dose_threshold_dataset_pair_line	observed_deg_lfc_spearman_sym_p05	mean_observed_deg_lfc_spearman_sym_p05	0.06045654159903909	-0.3376205315807041	0.22375721492375433	0.28068887325222924	bca	ok	0.95	2000	2000	11	6	6	pubchem_cid			95% BCa bootstrap CI clustered by PubChem compound; uncertainty is over the observed compound panel, not broader chemical space.	CVCL_0332
10x_reference	3	10.0	1.0	True	l1000_phase1	tahoe	dose_threshold_dataset_pair_line	baseline_pair_deg_lfc_spearman_p05	mean_baseline_pair_deg_lfc_spearman_p05	0.3786296063042057	0.15672278301054055	0.519585774914509	0.1814314959519842	bca	ok	0.95	2000	2000	11	11	11	pubchem_cid			95% BCa bootstrap CI clustered by PubChem compound; uncertainty is over the observed compound panel, not broader chemical space.	CVCL_0332
10x_reference	3	10.0	1.0	True	l1000_phase1	tahoe	dose_threshold_dataset_pair_line	delta_vs_baseline_pair_deg_lfc_spearman_p05	mean_delta_vs_baseline_pair_deg_lfc_spearman_p05	-0.3981813163832801	-0.4967565642822635	-0.2997970299948084	0.09847976714372755	bca	ok	0.95	2000	2000	11	6	6	pubchem_cid			95% BCa bootstrap CI clustered by PubChem compound; uncertainty is over the observed compound panel, not broader chemical space.	CVCL_0332
10x_reference	3	10.0	1.0	True	l1000_phase1	tahoe	dose_threshold_dataset_pair_line	observed_direction_agreement_p05	mean_observed_direction_agreement_p05	0.575462962962963	0.0	0.9087962962962962	0.4543981481481481	bca	ok	0.95	2000	2000	11	3	3	pubchem_cid			95% BCa bootstrap CI clustered by PubChem compound; uncertainty is over the observed compound panel, not broader chemical space.	CVCL_0332
10x_reference	3	10.0	1.0	True	l1000_phase1	tahoe	dose_threshold_dataset_pair_line	baseline_pair_direction_agreement_p05	mean_baseline_pair_direction_agreement_p05	0.7338475994148986	0.6397084717939971	0.8256459174295864	0.09296872281779461	bca	ok	0.95	2000	2000	11	11	11	pubchem_cid			95% BCa bootstrap CI clustered by PubChem compound; uncertainty is over the observed compound panel, not broader chemical space.	CVCL_0332
10x_reference	3	10.0	1.0	True	l1000_phase1	tahoe	dose_threshold_dataset_pair_line	delta_vs_baseline_pair_direction_agreement_p05	mean_delta_vs_baseline_pair_direction_agreement_p05	-0.23687766464878024	-0.78125	0.06156873003812674	0.42140936501906334	bca	ok	0.95	2000	2000	11	3	3	pubchem_cid			95% BCa bootstrap CI clustered by PubChem compound; uncertainty is over the observed compound panel, not broader chemical space.	CVCL_0332
10x_reference	3	10.0	1.0	True	l1000_phase2	sciplex	dose_threshold_dataset_pair_line	observed_deg_lfc_spearman_sym_p05	mean_observed_deg_lfc_spearman_sym_p05					not_estimable	too_few_clusters_or_values	0.95	2000	0	44	1	1	pubchem_cid			95% BCa bootstrap CI clustered by PubChem compound; uncertainty is over the observed compound panel, not broader chemical space.	CVCL_0023
10x_reference	3	10.0	1.0	True	l1000_phase2	sciplex	dose_threshold_dataset_pair_line	baseline_pair_deg_lfc_spearman_p05	mean_baseline_pair_deg_lfc_spearman_p05	0.2316858453308909	-0.010235529736386868	0.422033993952125	0.21613476184425592	bca	ok	0.95	2000	2000	44	29	29	pubchem_cid			95% BCa bootstrap CI clustered by PubChem compound; uncertainty is over the observed compound panel, not broader chemical space.	CVCL_0023
10x_reference	3	10.0	1.0	True	l1000_phase2	sciplex	dose_threshold_dataset_pair_line	delta_vs_baseline_pair_deg_lfc_spearman_p05	mean_delta_vs_baseline_pair_deg_lfc_spearman_p05					not_estimable	too_few_clusters_or_values	0.95	2000	0	44	1	1	pubchem_cid			95% BCa bootstrap CI clustered by PubChem compound; uncertainty is over the observed compound panel, not broader chemical space.	CVCL_0023
10x_reference	3	10.0	1.0	True	l1000_phase2	sciplex	dose_threshold_dataset_pair_line	observed_direction_agreement_p05	mean_observed_direction_agreement_p05					not_estimable	too_few_clusters_or_values	0.95	2000	0	44	1	1	pubchem_cid			95% BCa bootstrap CI clustered by PubChem compound; uncertainty is over the observed compound panel, not broader chemical space.	CVCL_0023
10x_reference	3	10.0	1.0	True	l1000_phase2	sciplex	dose_threshold_dataset_pair_line	baseline_pair_direction_agreement_p05	mean_baseline_pair_direction_agreement_p05	0.7134494265924535	0.6204808358730092	0.785848506625211	0.08268383537610091	bca	ok	0.95	2000	2000	44	35	35	pubchem_cid			95% BCa bootstrap CI clustered by PubChem compound; uncertainty is over the observed compound panel, not broader chemical space.	CVCL_0023
10x_reference	3	10.0	1.0	True	l1000_phase2	sciplex	dose_threshold_dataset_pair_line	delta_vs_baseline_pair_direction_agreement_p05	mean_delta_vs_baseline_pair_direction_agreement_p05					not_estimable	too_few_clusters_or_values	0.95	2000	0	44	1	1	pubchem_cid			95% BCa bootstrap CI clustered by PubChem compound; uncertainty is over the observed compound panel, not broader chemical space.	CVCL_0023
10x_reference	3	10.0	1.0	True	l1000_phase2	sciplex	dose_threshold_dataset_pair_line	observed_deg_lfc_spearman_sym_p05	mean_observed_deg_lfc_spearman_sym_p05	0.4155913481800795	0.2133671331902227	0.5398001398470637	0.16321650332842047	bca	ok	0.95	2000	2000	83	14	14	pubchem_cid			95% BCa bootstrap CI clustered by PubChem compound; uncertainty is over the observed compound panel, not broader chemical space.	CVCL_0031
10x_reference	3	10.0	1.0	True	l1000_phase2	sciplex	dose_threshold_dataset_pair_line	baseline_pair_deg_lfc_spearman_p05	mean_baseline_pair_deg_lfc_spearman_p05	0.2056139089229285	0.10397845998041275	0.3026314554518541	0.09932649773572068	bca	ok	0.95	2000	2000	83	73	73	pubchem_cid			95% BCa bootstrap CI clustered by PubChem compound; uncertainty is over the observed compound panel, not broader chemical space.	CVCL_0031
10x_reference	3	10.0	1.0	True	l1000_phase2	sciplex	dose_threshold_dataset_pair_line	delta_vs_baseline_pair_deg_lfc_spearman_p05	mean_delta_vs_baseline_pair_deg_lfc_spearman_p05	-0.009781014903794186	-0.11655005848888073	0.1532116864726255	0.13488087248075312	bca	ok	0.95	2000	2000	83	14	14	pubchem_cid			95% BCa bootstrap CI clustered by PubChem compound; uncertainty is over the observed compound panel, not broader chemical space.	CVCL_0031
10x_reference	3	10.0	1.0	True	l1000_phase2	sciplex	dose_threshold_dataset_pair_line	observed_direction_agreement_p05	mean_observed_direction_agreement_p05	0.9256972763621553	0.8329692687578464	0.9708976884124647	0.06896420982730916	bca	ok	0.95	2000	2000	83	14	14	pubchem_cid			95% BCa bootstrap CI clustered by PubChem compound; uncertainty is over the observed compound panel, not broader chemical space.	CVCL_0031
10x_reference	3	10.0	1.0	True	l1000_phase2	sciplex	dose_threshold_dataset_pair_line	baseline_pair_direction_agreement_p05	mean_baseline_pair_direction_agreement_p05	0.6130299588226171	0.5636666364360039	0.6532703875920306	0.04480187557801335	bca	ok	0.95	2000	2000	83	78	78	pubchem_cid			95% BCa bootstrap CI clustered by PubChem compound; uncertainty is over the observed compound panel, not broader chemical space.	CVCL_0031
10x_reference	3	10.0	1.0	True	l1000_phase2	sciplex	dose_threshold_dataset_pair_line	delta_vs_baseline_pair_direction_agreement_p05	mean_delta_vs_baseline_pair_direction_agreement_p05	0.21992834262055008	0.1435150157822988	0.28114209801932444	0.06881354111851282	bca	ok	0.95	2000	2000	83	14	14	pubchem_cid			95% BCa bootstrap CI clustered by PubChem compound; uncertainty is over the observed compound panel, not broader chemical space.	CVCL_0031
10x_reference	3	10.0	1.0	True	l1000_phase2	tahoe	dose_threshold_dataset_pair_line	observed_deg_lfc_spearman_sym_p05	mean_observed_deg_lfc_spearman_sym_p05	0.153301411278669	-0.08243118641959406	0.3308096543366436	0.20662042037811884	bca	ok	0.95	2000	2000	24	13	13	pubchem_cid			95% BCa bootstrap CI clustered by PubChem compound; uncertainty is over the observed compound panel, not broader chemical space.	CVCL_0023
10x_reference	3	10.0	1.0	True	l1000_phase2	tahoe	dose_threshold_dataset_pair_line	baseline_pair_deg_lfc_spearman_p05	mean_baseline_pair_deg_lfc_spearman_p05	0.4604956249140248	0.33358911361423305	0.5714497985892978	0.11893034248753237	bca	ok	0.95	2000	2000	24	23	23	pubchem_cid			95% BCa bootstrap CI clustered by PubChem compound; uncertainty is over the observed compound panel, not broader chemical space.	CVCL_0023
10x_reference	3	10.0	1.0	True	l1000_phase2	tahoe	dose_threshold_dataset_pair_line	delta_vs_baseline_pair_deg_lfc_spearman_p05	mean_delta_vs_baseline_pair_deg_lfc_spearman_p05	-0.2831696838076078	-0.5194026291008116	-0.017361786985987122	0.25102042105741224	bca	ok	0.95	2000	2000	24	13	13	pubchem_cid			95% BCa bootstrap CI clustered by PubChem compound; uncertainty is over the observed compound panel, not broader chemical space.	CVCL_0023
10x_reference	3	10.0	1.0	True	l1000_phase2	tahoe	dose_threshold_dataset_pair_line	observed_direction_agreement_p05	mean_observed_direction_agreement_p05	0.7663930777093672	0.48222507523061076	0.922854041901661	0.2203144833355251	bca	ok	0.95	2000	2000	24	6	6	pubchem_cid			95% BCa bootstrap CI clustered by PubChem compound; uncertainty is over the observed compound panel, not broader chemical space.	CVCL_0023
10x_reference	3	10.0	1.0	True	l1000_phase2	tahoe	dose_threshold_dataset_pair_line	baseline_pair_direction_agreement_p05	mean_baseline_pair_direction_agreement_p05	0.7180018933080814	0.6011357626069739	0.7711775024424747	0.08502086991775043	bca	ok	0.95	2000	2000	24	23	23	pubchem_cid			95% BCa bootstrap CI clustered by PubChem compound; uncertainty is over the observed compound panel, not broader chemical space.	CVCL_0023
10x_reference	3	10.0	1.0	True	l1000_phase2	tahoe	dose_threshold_dataset_pair_line	delta_vs_baseline_pair_direction_agreement_p05	mean_delta_vs_baseline_pair_direction_agreement_p05	-0.03009164605477714	-0.37903462744426225	0.13437005574493963	0.2567023415946009	bca	ok	0.95	2000	2000	24	6	6	pubchem_cid			95% BCa bootstrap CI clustered by PubChem compound; uncertainty is over the observed compound panel, not broader chemical space.	CVCL_0023
10x_reference	3	10.0	1.0	True	l1000_phase2	tahoe	dose_threshold_dataset_pair_line	observed_deg_lfc_spearman_sym_p05	mean_observed_deg_lfc_spearman_sym_p05	0.040826077069288015	-0.07629137096861732	0.15386688766444165	0.11507912931652949	bca	ok	0.95	2000	2000	110	45	45	pubchem_cid			95% BCa bootstrap CI clustered by PubChem compound; uncertainty is over the observed compound panel, not broader chemical space.	CVCL_0320
10x_reference	3	10.0	1.0	True	l1000_phase2	tahoe	dose_threshold_dataset_pair_line	baseline_pair_deg_lfc_spearman_p05	mean_baseline_pair_deg_lfc_spearman_p05	0.21698639314201335	0.11979151102720759	0.29825150528375743	0.08922999712827492	bca	ok	0.95	2000	2000	110	99	99	pubchem_cid			95% BCa bootstrap CI clustered by PubChem compound; uncertainty is over the observed compound panel, not broader chemical space.	CVCL_0320
10x_reference	3	10.0	1.0	True	l1000_phase2	tahoe	dose_threshold_dataset_pair_line	delta_vs_baseline_pair_deg_lfc_spearman_p05	mean_delta_vs_baseline_pair_deg_lfc_spearman_p05	-0.3157722870277365	-0.43964701036088943	-0.17075374067790736	0.13444663484149105	bca	ok	0.95	2000	2000	110	45	45	pubchem_cid			95% BCa bootstrap CI clustered by PubChem compound; uncertainty is over the observed compound panel, not broader chemical space.	CVCL_0320
10x_reference	3	10.0	1.0	True	l1000_phase2	tahoe	dose_threshold_dataset_pair_line	observed_direction_agreement_p05	mean_observed_direction_agreement_p05	0.6058603429324226	0.4424556611377024	0.7410526480685093	0.14929849346540347	bca	ok	0.95	2000	2000	110	18	18	pubchem_cid			95% BCa bootstrap CI clustered by PubChem compound; uncertainty is over the observed compound panel, not broader chemical space.	CVCL_0320
10x_reference	3	10.0	1.0	True	l1000_phase2	tahoe	dose_threshold_dataset_pair_line	baseline_pair_direction_agreement_p05	mean_baseline_pair_direction_agreement_p05	0.6575187581095259	0.6167546033865338	0.699776986240162	0.04151119142681414	bca	ok	0.95	2000	2000	110	107	107	pubchem_cid			95% BCa bootstrap CI clustered by PubChem compound; uncertainty is over the observed compound panel, not broader chemical space.	CVCL_0320
10x_reference	3	10.0	1.0	True	l1000_phase2	tahoe	dose_threshold_dataset_pair_line	delta_vs_baseline_pair_direction_agreement_p05	mean_delta_vs_baseline_pair_direction_agreement_p05	-0.17748324791325196	-0.3476491775576243	-0.03997870759437987	0.15383523498162222	bca	ok	0.95	2000	2000	110	18	18	pubchem_cid			95% BCa bootstrap CI clustered by PubChem compound; uncertainty is over the observed compound panel, not broader chemical space.	CVCL_0320
10x_reference	3	10.0	1.0	True	tahoe	sciplex	dose_threshold_dataset_pair_line	observed_deg_lfc_spearman_sym_p05	mean_observed_deg_lfc_spearman_sym_p05	0.15785887696601744	-0.14677118111636822	0.35083203877192315	0.24880160994414569	bca	ok	0.95	2000	2000	23	8	8	pubchem_cid			95% BCa bootstrap CI clustered by PubChem compound; uncertainty is over the observed compound panel, not broader chemical space.	CVCL_0023
10x_reference	3	10.0	1.0	True	tahoe	sciplex	dose_threshold_dataset_pair_line	baseline_pair_deg_lfc_spearman_p05	mean_baseline_pair_deg_lfc_spearman_p05	0.5121751091782398	0.21149744955608318	0.6829137687394377	0.23570815959167724	bca	ok	0.95	2000	2000	23	17	17	pubchem_cid			95% BCa bootstrap CI clustered by PubChem compound; uncertainty is over the observed compound panel, not broader chemical space.	CVCL_0023
10x_reference	3	10.0	1.0	True	tahoe	sciplex	dose_threshold_dataset_pair_line	delta_vs_baseline_pair_deg_lfc_spearman_p05	mean_delta_vs_baseline_pair_deg_lfc_spearman_p05	-0.41269642524999023	-0.6537739007227238	-0.24214938079799522	0.2058122599623643	bca	ok	0.95	2000	2000	23	8	8	pubchem_cid			95% BCa bootstrap CI clustered by PubChem compound; uncertainty is over the observed compound panel, not broader chemical space.	CVCL_0023
10x_reference	3	10.0	1.0	True	tahoe	sciplex	dose_threshold_dataset_pair_line	observed_direction_agreement_p05	mean_observed_direction_agreement_p05	0.8933727687837276	0.8510273972602741	0.9163636363636364	0.03266811955168114	bca	ok	0.95	2000	2000	23	3	3	pubchem_cid			95% BCa bootstrap CI clustered by PubChem compound; uncertainty is over the observed compound panel, not broader chemical space.	CVCL_0023
10x_reference	3	10.0	1.0	True	tahoe	sciplex	dose_threshold_dataset_pair_line	baseline_pair_direction_agreement_p05	mean_baseline_pair_direction_agreement_p05	0.8888464119091276	0.8341480671170628	0.9345319220544778	0.05019192746870749	bca	ok	0.95	2000	2000	23	21	21	pubchem_cid			95% BCa bootstrap CI clustered by PubChem compound; uncertainty is over the observed compound panel, not broader chemical space.	CVCL_0023
10x_reference	3	10.0	1.0	True	tahoe	sciplex	dose_threshold_dataset_pair_line	delta_vs_baseline_pair_direction_agreement_p05	mean_delta_vs_baseline_pair_direction_agreement_p05	0.14580006737005538	0.1216694184553293	0.1673678129258306	0.022849197235250654	bca	ok	0.95	2000	2000	23	3	3	pubchem_cid			95% BCa bootstrap CI clustered by PubChem compound; uncertainty is over the observed compound panel, not broader chemical space.	CVCL_0023
