dataset_a	dataset_b	representation	retrieval_variant	similarity_metric	scale_variant	summary_level	metric	value_col	mean	ci_low	ci_high	ci_half_width	ci_method	ci_status	ci_level	n_bootstrap_iterations	n_bootstrap_valid	n_rows	n_finite_rows	n_compounds	cluster_col	inner_strata	outer_strata	uncertainty_scope
l1000_phase1	l1000_phase2	logFC	strict_matched_condition	cosine	per_gene_population_zscore_dataset	reviewer_minimal_retrieval_dataset_pair	observed_normalized_best_positive_rank	observed_normalized_best_positive_rank	0.775294631360553	0.7389662248414602	0.8205296055527549	0.040781690355647326	bca	ok	0.95	2000	2000	21857	21857	257	query_pubchem_cid	direction,cell_type,time_key	direction	95% BCa bootstrap CI clustered by PubChem compound; uncertainty is over the observed compound panel, not broader chemical space.
l1000_phase1	l1000_phase2	logFC	strict_matched_condition	cosine	per_gene_population_zscore_dataset	reviewer_minimal_retrieval_dataset_pair	observed_recall_at_1	observed_recall_at_1	0.25071317842817864	0.18679159929041386	0.3448310530863048	0.07901972689794547	bca	ok	0.95	2000	2000	21857	21857	257	query_pubchem_cid	direction,cell_type,time_key	direction	95% BCa bootstrap CI clustered by PubChem compound; uncertainty is over the observed compound panel, not broader chemical space.
l1000_phase1	l1000_phase2	logFC	strict_matched_condition	cosine	per_gene_population_zscore_dataset	reviewer_minimal_retrieval_dataset_pair	observed_auroc	observed_auroc	0.7728956717106041	0.7381008081906153	0.8214212724864679	0.0416602321479263	bca	ok	0.95	2000	2000	21857	21857	257	query_pubchem_cid	direction,cell_type,time_key	direction	95% BCa bootstrap CI clustered by PubChem compound; uncertainty is over the observed compound panel, not broader chemical space.
l1000_phase1	l1000_phase2	logFC	strict_matched_condition	cosine	per_gene_population_zscore_dataset	reviewer_minimal_retrieval_dataset_pair	observed_best_positive_similarity	observed_best_positive_similarity	0.252048655446342	0.19521842940888068	0.3486983713262388	0.07673997095867907	bca	ok	0.95	2000	2000	21857	21857	257	query_pubchem_cid	direction,cell_type,time_key	direction	95% BCa bootstrap CI clustered by PubChem compound; uncertainty is over the observed compound panel, not broader chemical space.
l1000_phase1	l1000_phase2	logFC	strict_matched_condition	cosine	per_gene_population_zscore_dataset	reviewer_minimal_retrieval_dataset_pair	random_normalized_best_positive_rank	random_normalized_best_positive_rank					not_estimable	too_few_clusters_or_values	0.95	2000	0	21857	0	0	query_pubchem_cid	direction,cell_type,time_key	direction	95% BCa bootstrap CI clustered by PubChem compound; uncertainty is over the observed compound panel, not broader chemical space.
l1000_phase1	l1000_phase2	logFC	strict_matched_condition	cosine	per_gene_population_zscore_dataset	reviewer_minimal_retrieval_dataset_pair	random_recall_at_1	random_recall_at_1					not_estimable	too_few_clusters_or_values	0.95	2000	0	21857	0	0	query_pubchem_cid	direction,cell_type,time_key	direction	95% BCa bootstrap CI clustered by PubChem compound; uncertainty is over the observed compound panel, not broader chemical space.
l1000_phase1	l1000_phase2	logFC	strict_matched_condition	cosine	per_gene_population_zscore_dataset	reviewer_minimal_retrieval_dataset_pair	random_auroc	random_auroc					not_estimable	too_few_clusters_or_values	0.95	2000	0	21857	0	0	query_pubchem_cid	direction,cell_type,time_key	direction	95% BCa bootstrap CI clustered by PubChem compound; uncertainty is over the observed compound panel, not broader chemical space.
l1000_phase1	l1000_phase2	logFC	strict_matched_condition	cosine	per_gene_population_zscore_dataset	reviewer_minimal_retrieval_dataset_pair	delta_vs_random_normalized_best_positive_rank	delta_vs_random_normalized_best_positive_rank	-0.006613381490637454	-0.03618015512475034	0.021086686859572632	0.028633420992161485	bca	ok	0.95	2000	2000	21857	21857	257	query_pubchem_cid	direction,cell_type,time_key	direction	95% BCa bootstrap CI clustered by PubChem compound; uncertainty is over the observed compound panel, not broader chemical space.
l1000_phase1	l1000_phase2	logFC	strict_matched_condition	cosine	per_gene_population_zscore_dataset	reviewer_minimal_retrieval_dataset_pair	source_individual_n_peers	source_individual_n_peers	145.44407612054087	139.8088856194766	151.19702843569274	5.694071408108073	bca	ok	0.95	2000	2000	21857	21857	257	query_pubchem_cid	direction,cell_type,time_key	direction	95% BCa bootstrap CI clustered by PubChem compound; uncertainty is over the observed compound panel, not broader chemical space.
l1000_phase1	l1000_phase2	logFC	strict_matched_condition	cosine	per_gene_population_zscore_dataset	reviewer_minimal_retrieval_dataset_pair	source_individual_mean_similarity	source_individual_mean_similarity	0.11190894362767018	0.10456734072763109	0.11964257629573445	0.007537617784051681	bca	ok	0.95	2000	2000	21857	21576	257	query_pubchem_cid	direction,cell_type,time_key	direction	95% BCa bootstrap CI clustered by PubChem compound; uncertainty is over the observed compound panel, not broader chemical space.
l1000_phase1	l1000_phase2	logFC	strict_matched_condition	cosine	per_gene_population_zscore_dataset	reviewer_minimal_retrieval_dataset_pair	source_individual_sd_similarity	source_individual_sd_similarity	0.14576856138351618	0.1398929577375591	0.1514028560229398	0.005754949142690341	bca	ok	0.95	2000	2000	21857	21573	257	query_pubchem_cid	direction,cell_type,time_key	direction	95% BCa bootstrap CI clustered by PubChem compound; uncertainty is over the observed compound panel, not broader chemical space.
l1000_phase1	l1000_phase2	logFC	strict_matched_condition	cosine	per_gene_population_zscore_dataset	reviewer_minimal_retrieval_dataset_pair	source_individual_n_below_observed	source_individual_n_below_observed	99.49507300047827	91.78163808615481	106.81546880800248	7.516915360923832	bca	ok	0.95	2000	2000	21857	21857	257	query_pubchem_cid	direction,cell_type,time_key	direction	95% BCa bootstrap CI clustered by PubChem compound; uncertainty is over the observed compound panel, not broader chemical space.
l1000_phase1	l1000_phase2	logFC	strict_matched_condition	cosine	per_gene_population_zscore_dataset	reviewer_minimal_retrieval_dataset_pair	source_individual_fraction_below_observed	source_individual_fraction_below_observed	0.6478624096540465	0.5933498968990338	0.7183586508383978	0.06250437696968197	bca	ok	0.95	2000	2000	21857	21576	257	query_pubchem_cid	direction,cell_type,time_key	direction	95% BCa bootstrap CI clustered by PubChem compound; uncertainty is over the observed compound panel, not broader chemical space.
l1000_phase1	l1000_phase2	logFC	strict_matched_condition	cosine	per_gene_population_zscore_dataset	reviewer_minimal_retrieval_dataset_pair	source_individual_corrected_percentile	source_individual_corrected_percentile	0.65594307137198	0.6062164713665511	0.7240156495994217	0.05889958911643528	bca	ok	0.95	2000	2000	21857	21576	257	query_pubchem_cid	direction,cell_type,time_key	direction	95% BCa bootstrap CI clustered by PubChem compound; uncertainty is over the observed compound panel, not broader chemical space.
l1000_phase1	l1000_phase2	logFC	strict_matched_condition	cosine	per_gene_population_zscore_dataset	reviewer_minimal_retrieval_dataset_pair	target_individual_n_peers	target_individual_n_peers	144.9848238402434	139.32513893100207	150.5512441821052	5.6130526255515605	bca	ok	0.95	2000	2000	21857	21857	257	query_pubchem_cid	direction,cell_type,time_key	direction	95% BCa bootstrap CI clustered by PubChem compound; uncertainty is over the observed compound panel, not broader chemical space.
l1000_phase1	l1000_phase2	logFC	strict_matched_condition	cosine	per_gene_population_zscore_dataset	reviewer_minimal_retrieval_dataset_pair	target_individual_mean_similarity	target_individual_mean_similarity	0.048860536188948436	0.04053624131957552	0.05879427742928368	0.009129018054854079	bca	ok	0.95	2000	2000	21857	21442	257	query_pubchem_cid	direction,cell_type,time_key	direction	95% BCa bootstrap CI clustered by PubChem compound; uncertainty is over the observed compound panel, not broader chemical space.
l1000_phase1	l1000_phase2	logFC	strict_matched_condition	cosine	per_gene_population_zscore_dataset	reviewer_minimal_retrieval_dataset_pair	target_individual_sd_similarity	target_individual_sd_similarity	0.11461342307347328	0.10829800249413332	0.12106288721797148	0.00638244236191908	bca	ok	0.95	2000	2000	21857	21438	257	query_pubchem_cid	direction,cell_type,time_key	direction	95% BCa bootstrap CI clustered by PubChem compound; uncertainty is over the observed compound panel, not broader chemical space.
l1000_phase1	l1000_phase2	logFC	strict_matched_condition	cosine	per_gene_population_zscore_dataset	reviewer_minimal_retrieval_dataset_pair	target_individual_n_below_observed	target_individual_n_below_observed	112.67352896167074	105.68539893242634	119.15331224342411	6.733956655498886	bca	ok	0.95	2000	2000	21857	21857	257	query_pubchem_cid	direction,cell_type,time_key	direction	95% BCa bootstrap CI clustered by PubChem compound; uncertainty is over the observed compound panel, not broader chemical space.
l1000_phase1	l1000_phase2	logFC	strict_matched_condition	cosine	per_gene_population_zscore_dataset	reviewer_minimal_retrieval_dataset_pair	target_individual_fraction_below_observed	target_individual_fraction_below_observed	0.7645707937875363	0.7230896793830842	0.8079766437740433	0.042443482195479554	bca	ok	0.95	2000	2000	21857	21442	257	query_pubchem_cid	direction,cell_type,time_key	direction	95% BCa bootstrap CI clustered by PubChem compound; uncertainty is over the observed compound panel, not broader chemical space.
l1000_phase1	l1000_phase2	logFC	strict_matched_condition	cosine	per_gene_population_zscore_dataset	reviewer_minimal_retrieval_dataset_pair	target_individual_corrected_percentile	target_individual_corrected_percentile	0.7690864719064918	0.7324818557506612	0.813629681696494	0.040573912972916404	bca	ok	0.95	2000	2000	21857	21442	257	query_pubchem_cid	direction,cell_type,time_key	direction	95% BCa bootstrap CI clustered by PubChem compound; uncertainty is over the observed compound panel, not broader chemical space.
l1000_phase1	l1000_phase2	logFC	strict_matched_condition	cosine	per_gene_population_zscore_dataset	reviewer_minimal_retrieval_dataset_pair	source_centroid_similarity	source_centroid_similarity	0.26151799006120857	0.24147891613698375	0.28345974457502415	0.020990414219020204	bca	ok	0.95	2000	2000	21857	21576	257	query_pubchem_cid	direction,cell_type,time_key	direction	95% BCa bootstrap CI clustered by PubChem compound; uncertainty is over the observed compound panel, not broader chemical space.
l1000_phase1	l1000_phase2	logFC	strict_matched_condition	cosine	per_gene_population_zscore_dataset	reviewer_minimal_retrieval_dataset_pair	source_centroid_normalized_rank	source_centroid_normalized_rank	0.820864463532208	0.802849742336989	0.8379005920658895	0.017525424864450245	bca	ok	0.95	2000	2000	21857	21576	257	query_pubchem_cid	direction,cell_type,time_key	direction	95% BCa bootstrap CI clustered by PubChem compound; uncertainty is over the observed compound panel, not broader chemical space.
l1000_phase1	l1000_phase2	logFC	strict_matched_condition	cosine	per_gene_population_zscore_dataset	reviewer_minimal_retrieval_dataset_pair	source_centroid_recall_at_1	source_centroid_recall_at_1	0.2846978690872678	0.22316439864321988	0.3346998379731282	0.055767719664954155	bca	ok	0.95	2000	2000	21857	21576	257	query_pubchem_cid	direction,cell_type,time_key	direction	95% BCa bootstrap CI clustered by PubChem compound; uncertainty is over the observed compound panel, not broader chemical space.
l1000_phase1	l1000_phase2	logFC	strict_matched_condition	cosine	per_gene_population_zscore_dataset	reviewer_minimal_retrieval_dataset_pair	source_centroid_auroc	source_centroid_auroc	0.820864463532208	0.8026216553790521	0.8368520929064543	0.017115218763701145	bca	ok	0.95	2000	2000	21857	21576	257	query_pubchem_cid	direction,cell_type,time_key	direction	95% BCa bootstrap CI clustered by PubChem compound; uncertainty is over the observed compound panel, not broader chemical space.
l1000_phase1	l1000_phase2	logFC	strict_matched_condition	cosine	per_gene_population_zscore_dataset	reviewer_minimal_retrieval_dataset_pair	target_centroid_similarity	target_centroid_similarity	0.12613279652073336	0.10359403644627185	0.15465105351387387	0.02552850853380101	bca	ok	0.95	2000	2000	21857	21442	257	query_pubchem_cid	direction,cell_type,time_key	direction	95% BCa bootstrap CI clustered by PubChem compound; uncertainty is over the observed compound panel, not broader chemical space.
l1000_phase1	l1000_phase2	logFC	strict_matched_condition	cosine	per_gene_population_zscore_dataset	reviewer_minimal_retrieval_dataset_pair	target_centroid_normalized_rank	target_centroid_normalized_rank	0.6408384034823185	0.6171089415932773	0.6698186885685647	0.026354873487643704	bca	ok	0.95	2000	2000	21857	21442	257	query_pubchem_cid	direction,cell_type,time_key	direction	95% BCa bootstrap CI clustered by PubChem compound; uncertainty is over the observed compound panel, not broader chemical space.
l1000_phase1	l1000_phase2	logFC	strict_matched_condition	cosine	per_gene_population_zscore_dataset	reviewer_minimal_retrieval_dataset_pair	target_centroid_recall_at_1	target_centroid_recall_at_1	0.013399566767876899	0.007782172882471807	0.026057260081872778	0.009137543599700485	bca	ok	0.95	2000	2000	21857	21442	257	query_pubchem_cid	direction,cell_type,time_key	direction	95% BCa bootstrap CI clustered by PubChem compound; uncertainty is over the observed compound panel, not broader chemical space.
l1000_phase1	l1000_phase2	logFC	strict_matched_condition	cosine	per_gene_population_zscore_dataset	reviewer_minimal_retrieval_dataset_pair	target_centroid_auroc	target_centroid_auroc	0.6408915958226881	0.6159065484025227	0.6690320526739341	0.02656275213570569	bca	ok	0.95	2000	2000	21857	21442	257	query_pubchem_cid	direction,cell_type,time_key	direction	95% BCa bootstrap CI clustered by PubChem compound; uncertainty is over the observed compound panel, not broader chemical space.
l1000_phase1	l1000_phase2	logFC	strict_matched_condition	cosine	per_gene_population_zscore_dataset	reviewer_minimal_retrieval_dataset_pair	source_peer_normalized_rank	source_peer_normalized_rank	0.6300312762181982	0.6162982539596217	0.6460109273445561	0.01485633669246722	bca	ok	0.95	2000	2000	21857	21576	257	query_pubchem_cid	direction,cell_type,time_key	direction	95% BCa bootstrap CI clustered by PubChem compound; uncertainty is over the observed compound panel, not broader chemical space.
l1000_phase1	l1000_phase2	logFC	strict_matched_condition	cosine	per_gene_population_zscore_dataset	reviewer_minimal_retrieval_dataset_pair	target_peer_normalized_rank	target_peer_normalized_rank	0.5304431021090932	0.5226569469271921	0.5402487387611854	0.008795895916996643	bca	ok	0.95	2000	2000	21857	21442	257	query_pubchem_cid	direction,cell_type,time_key	direction	95% BCa bootstrap CI clustered by PubChem compound; uncertainty is over the observed compound panel, not broader chemical space.
l1000_phase1	l1000_phase2	logFC	strict_matched_condition	cosine	per_gene_population_zscore_dataset	reviewer_minimal_retrieval_dataset_pair	delta_vs_source_peer_normalized_rank	delta_vs_source_peer_normalized_rank	0.14360337776692722	0.09803738189499689	0.1948935438366753	0.0484280809708392	bca	ok	0.95	2000	2000	21857	21576	257	query_pubchem_cid	direction,cell_type,time_key	direction	95% BCa bootstrap CI clustered by PubChem compound; uncertainty is over the observed compound panel, not broader chemical space.
l1000_phase1	l1000_phase2	logFC	strict_matched_condition	cosine	per_gene_population_zscore_dataset	reviewer_minimal_retrieval_dataset_pair	delta_vs_target_peer_normalized_rank	delta_vs_target_peer_normalized_rank	0.2395077926205234	0.2002627440923232	0.2878154101386854	0.0437763330231811	bca	ok	0.95	2000	2000	21857	21442	257	query_pubchem_cid	direction,cell_type,time_key	direction	95% BCa bootstrap CI clustered by PubChem compound; uncertainty is over the observed compound panel, not broader chemical space.
l1000_phase1	l1000_phase2	logFC	strict_matched_condition	cosine	per_gene_population_zscore_dataset	reviewer_minimal_retrieval_dataset_pair	target_decoy_null_normalized_best_positive_rank	target_decoy_null_normalized_best_positive_rank	0.7819080128511906	0.7689614588109173	0.8060510384446424	0.018544789816862584	bca	ok	0.95	2000	2000	21857	21857	257	query_pubchem_cid	direction,cell_type,time_key	direction	95% BCa bootstrap CI clustered by PubChem compound; uncertainty is over the observed compound panel, not broader chemical space.
l1000_phase1	l1000_phase2	logFC	strict_matched_condition	cosine	per_gene_population_zscore_dataset	reviewer_minimal_retrieval_dataset_pair	delta_vs_target_decoy_null_normalized_best_positive_rank	delta_vs_target_decoy_null_normalized_best_positive_rank	-0.006613381490637454	-0.03612074373760166	0.01946028662947419	0.027790515183537923	bca	ok	0.95	2000	2000	21857	21857	257	query_pubchem_cid	direction,cell_type,time_key	direction	95% BCa bootstrap CI clustered by PubChem compound; uncertainty is over the observed compound panel, not broader chemical space.
l1000_phase1	l1000_phase2	logFC	strict_matched_condition	cosine	raw	reviewer_minimal_retrieval_dataset_pair	observed_normalized_best_positive_rank	observed_normalized_best_positive_rank	0.7490392339667347	0.7109199221381185	0.7998878480211907	0.044483962941536115	bca	ok	0.95	2000	2000	21857	21857	257	query_pubchem_cid	direction,cell_type,time_key	direction	95% BCa bootstrap CI clustered by PubChem compound; uncertainty is over the observed compound panel, not broader chemical space.
l1000_phase1	l1000_phase2	logFC	strict_matched_condition	cosine	raw	reviewer_minimal_retrieval_dataset_pair	observed_recall_at_1	observed_recall_at_1	0.2378790547389026	0.17483061989574256	0.3451934251515713	0.08518140262791438	bca	ok	0.95	2000	2000	21857	21857	257	query_pubchem_cid	direction,cell_type,time_key	direction	95% BCa bootstrap CI clustered by PubChem compound; uncertainty is over the observed compound panel, not broader chemical space.
l1000_phase1	l1000_phase2	logFC	strict_matched_condition	cosine	raw	reviewer_minimal_retrieval_dataset_pair	observed_auroc	observed_auroc	0.746494414963768	0.7056196343145361	0.7988999414575441	0.04664015357150397	bca	ok	0.95	2000	2000	21857	21857	257	query_pubchem_cid	direction,cell_type,time_key	direction	95% BCa bootstrap CI clustered by PubChem compound; uncertainty is over the observed compound panel, not broader chemical space.
l1000_phase1	l1000_phase2	logFC	strict_matched_condition	cosine	raw	reviewer_minimal_retrieval_dataset_pair	observed_best_positive_similarity	observed_best_positive_similarity	0.25224763963371943	0.19509162923221599	0.34853144034095723	0.07671990555437062	bca	ok	0.95	2000	2000	21857	21857	257	query_pubchem_cid	direction,cell_type,time_key	direction	95% BCa bootstrap CI clustered by PubChem compound; uncertainty is over the observed compound panel, not broader chemical space.
l1000_phase1	l1000_phase2	logFC	strict_matched_condition	cosine	raw	reviewer_minimal_retrieval_dataset_pair	random_normalized_best_positive_rank	random_normalized_best_positive_rank					not_estimable	too_few_clusters_or_values	0.95	2000	0	21857	0	0	query_pubchem_cid	direction,cell_type,time_key	direction	95% BCa bootstrap CI clustered by PubChem compound; uncertainty is over the observed compound panel, not broader chemical space.
l1000_phase1	l1000_phase2	logFC	strict_matched_condition	cosine	raw	reviewer_minimal_retrieval_dataset_pair	random_recall_at_1	random_recall_at_1					not_estimable	too_few_clusters_or_values	0.95	2000	0	21857	0	0	query_pubchem_cid	direction,cell_type,time_key	direction	95% BCa bootstrap CI clustered by PubChem compound; uncertainty is over the observed compound panel, not broader chemical space.
l1000_phase1	l1000_phase2	logFC	strict_matched_condition	cosine	raw	reviewer_minimal_retrieval_dataset_pair	random_auroc	random_auroc					not_estimable	too_few_clusters_or_values	0.95	2000	0	21857	0	0	query_pubchem_cid	direction,cell_type,time_key	direction	95% BCa bootstrap CI clustered by PubChem compound; uncertainty is over the observed compound panel, not broader chemical space.
l1000_phase1	l1000_phase2	logFC	strict_matched_condition	cosine	raw	reviewer_minimal_retrieval_dataset_pair	delta_vs_random_normalized_best_positive_rank	delta_vs_random_normalized_best_positive_rank	-0.03286877888445585	-0.06363711647975633	-0.00017316307476988383	0.03173197670249322	bca	ok	0.95	2000	2000	21857	21857	257	query_pubchem_cid	direction,cell_type,time_key	direction	95% BCa bootstrap CI clustered by PubChem compound; uncertainty is over the observed compound panel, not broader chemical space.
l1000_phase1	l1000_phase2	logFC	strict_matched_condition	cosine	raw	reviewer_minimal_retrieval_dataset_pair	source_individual_n_peers	source_individual_n_peers	145.44407612054087	139.16307900245505	151.03760795896483	5.937264478254889	bca	ok	0.95	2000	2000	21857	21857	257	query_pubchem_cid	direction,cell_type,time_key	direction	95% BCa bootstrap CI clustered by PubChem compound; uncertainty is over the observed compound panel, not broader chemical space.
l1000_phase1	l1000_phase2	logFC	strict_matched_condition	cosine	raw	reviewer_minimal_retrieval_dataset_pair	source_individual_mean_similarity	source_individual_mean_similarity	0.1320403637216031	0.1241564661909044	0.1408985503069311	0.008371042058013353	bca	ok	0.95	2000	2000	21857	21576	257	query_pubchem_cid	direction,cell_type,time_key	direction	95% BCa bootstrap CI clustered by PubChem compound; uncertainty is over the observed compound panel, not broader chemical space.
l1000_phase1	l1000_phase2	logFC	strict_matched_condition	cosine	raw	reviewer_minimal_retrieval_dataset_pair	source_individual_sd_similarity	source_individual_sd_similarity	0.13974623788949617	0.13411197123514357	0.14540902734207659	0.005648528053466509	bca	ok	0.95	2000	2000	21857	21573	257	query_pubchem_cid	direction,cell_type,time_key	direction	95% BCa bootstrap CI clustered by PubChem compound; uncertainty is over the observed compound panel, not broader chemical space.
l1000_phase1	l1000_phase2	logFC	strict_matched_condition	cosine	raw	reviewer_minimal_retrieval_dataset_pair	source_individual_n_below_observed	source_individual_n_below_observed	96.47049250336909	89.02790484240256	104.15244413760286	7.5622696476001465	bca	ok	0.95	2000	2000	21857	21857	257	query_pubchem_cid	direction,cell_type,time_key	direction	95% BCa bootstrap CI clustered by PubChem compound; uncertainty is over the observed compound panel, not broader chemical space.
l1000_phase1	l1000_phase2	logFC	strict_matched_condition	cosine	raw	reviewer_minimal_retrieval_dataset_pair	source_individual_fraction_below_observed	source_individual_fraction_below_observed	0.6298597809771607	0.5736318037243552	0.700544053385282	0.06345612483046342	bca	ok	0.95	2000	2000	21857	21576	257	query_pubchem_cid	direction,cell_type,time_key	direction	95% BCa bootstrap CI clustered by PubChem compound; uncertainty is over the observed compound panel, not broader chemical space.
l1000_phase1	l1000_phase2	logFC	strict_matched_condition	cosine	raw	reviewer_minimal_retrieval_dataset_pair	source_individual_corrected_percentile	source_individual_corrected_percentile	0.6381340004034276	0.5855831354809841	0.7135693081048713	0.06399308631194361	bca	ok	0.95	2000	2000	21857	21576	257	query_pubchem_cid	direction,cell_type,time_key	direction	95% BCa bootstrap CI clustered by PubChem compound; uncertainty is over the observed compound panel, not broader chemical space.
l1000_phase1	l1000_phase2	logFC	strict_matched_condition	cosine	raw	reviewer_minimal_retrieval_dataset_pair	target_individual_n_peers	target_individual_n_peers	144.9848238402434	138.8014028260722	150.3692444400798	5.7839208070037955	bca	ok	0.95	2000	2000	21857	21857	257	query_pubchem_cid	direction,cell_type,time_key	direction	95% BCa bootstrap CI clustered by PubChem compound; uncertainty is over the observed compound panel, not broader chemical space.
l1000_phase1	l1000_phase2	logFC	strict_matched_condition	cosine	raw	reviewer_minimal_retrieval_dataset_pair	target_individual_mean_similarity	target_individual_mean_similarity	0.06836282578631084	0.05884125535956781	0.08031996733405211	0.010739355987242152	bca	ok	0.95	2000	2000	21857	21442	257	query_pubchem_cid	direction,cell_type,time_key	direction	95% BCa bootstrap CI clustered by PubChem compound; uncertainty is over the observed compound panel, not broader chemical space.
l1000_phase1	l1000_phase2	logFC	strict_matched_condition	cosine	raw	reviewer_minimal_retrieval_dataset_pair	target_individual_sd_similarity	target_individual_sd_similarity	0.11257221649598147	0.1067895906975359	0.11857580474111507	0.005893107021789586	bca	ok	0.95	2000	2000	21857	21438	257	query_pubchem_cid	direction,cell_type,time_key	direction	95% BCa bootstrap CI clustered by PubChem compound; uncertainty is over the observed compound panel, not broader chemical space.
l1000_phase1	l1000_phase2	logFC	strict_matched_condition	cosine	raw	reviewer_minimal_retrieval_dataset_pair	target_individual_n_below_observed	target_individual_n_below_observed	109.0268651020025	102.07464519835551	115.71082080676348	6.818087804203984	bca	ok	0.95	2000	2000	21857	21857	257	query_pubchem_cid	direction,cell_type,time_key	direction	95% BCa bootstrap CI clustered by PubChem compound; uncertainty is over the observed compound panel, not broader chemical space.
l1000_phase1	l1000_phase2	logFC	strict_matched_condition	cosine	raw	reviewer_minimal_retrieval_dataset_pair	target_individual_fraction_below_observed	target_individual_fraction_below_observed	0.7409155539278202	0.6975101469369083	0.7908984458155722	0.04669414943933198	bca	ok	0.95	2000	2000	21857	21442	257	query_pubchem_cid	direction,cell_type,time_key	direction	95% BCa bootstrap CI clustered by PubChem compound; uncertainty is over the observed compound panel, not broader chemical space.
l1000_phase1	l1000_phase2	logFC	strict_matched_condition	cosine	raw	reviewer_minimal_retrieval_dataset_pair	target_individual_corrected_percentile	target_individual_corrected_percentile	0.7460082420244905	0.7061128031004105	0.7956290807100244	0.044758138804806946	bca	ok	0.95	2000	2000	21857	21442	257	query_pubchem_cid	direction,cell_type,time_key	direction	95% BCa bootstrap CI clustered by PubChem compound; uncertainty is over the observed compound panel, not broader chemical space.
l1000_phase1	l1000_phase2	logFC	strict_matched_condition	cosine	raw	reviewer_minimal_retrieval_dataset_pair	source_centroid_similarity	source_centroid_similarity	0.2961553044452804	0.27598377304141575	0.3206361848980938	0.022326205928339032	bca	ok	0.95	2000	2000	21857	21576	257	query_pubchem_cid	direction,cell_type,time_key	direction	95% BCa bootstrap CI clustered by PubChem compound; uncertainty is over the observed compound panel, not broader chemical space.
l1000_phase1	l1000_phase2	logFC	strict_matched_condition	cosine	raw	reviewer_minimal_retrieval_dataset_pair	source_centroid_normalized_rank	source_centroid_normalized_rank	0.8472761441000218	0.8332431343274563	0.8622306792514827	0.014493772462013166	bca	ok	0.95	2000	2000	21857	21576	257	query_pubchem_cid	direction,cell_type,time_key	direction	95% BCa bootstrap CI clustered by PubChem compound; uncertainty is over the observed compound panel, not broader chemical space.
l1000_phase1	l1000_phase2	logFC	strict_matched_condition	cosine	raw	reviewer_minimal_retrieval_dataset_pair	source_centroid_recall_at_1	source_centroid_recall_at_1	0.3213886091348959	0.25527133848936423	0.37501733519146957	0.05987299835105267	bca	ok	0.95	2000	2000	21857	21576	257	query_pubchem_cid	direction,cell_type,time_key	direction	95% BCa bootstrap CI clustered by PubChem compound; uncertainty is over the observed compound panel, not broader chemical space.
l1000_phase1	l1000_phase2	logFC	strict_matched_condition	cosine	raw	reviewer_minimal_retrieval_dataset_pair	source_centroid_auroc	source_centroid_auroc	0.8472761441000218	0.8334594006690619	0.863121264012378	0.014830931671658054	bca	ok	0.95	2000	2000	21857	21576	257	query_pubchem_cid	direction,cell_type,time_key	direction	95% BCa bootstrap CI clustered by PubChem compound; uncertainty is over the observed compound panel, not broader chemical space.
l1000_phase1	l1000_phase2	logFC	strict_matched_condition	cosine	raw	reviewer_minimal_retrieval_dataset_pair	target_centroid_similarity	target_centroid_similarity	0.16705114139602473	0.14210572120826437	0.19640264539888175	0.02714846209530869	bca	ok	0.95	2000	2000	21857	21442	257	query_pubchem_cid	direction,cell_type,time_key	direction	95% BCa bootstrap CI clustered by PubChem compound; uncertainty is over the observed compound panel, not broader chemical space.
l1000_phase1	l1000_phase2	logFC	strict_matched_condition	cosine	raw	reviewer_minimal_retrieval_dataset_pair	target_centroid_normalized_rank	target_centroid_normalized_rank	0.6855667140480652	0.662820903542553	0.7106064301250222	0.02389276329123463	bca	ok	0.95	2000	2000	21857	21442	257	query_pubchem_cid	direction,cell_type,time_key	direction	95% BCa bootstrap CI clustered by PubChem compound; uncertainty is over the observed compound panel, not broader chemical space.
l1000_phase1	l1000_phase2	logFC	strict_matched_condition	cosine	raw	reviewer_minimal_retrieval_dataset_pair	target_centroid_recall_at_1	target_centroid_recall_at_1	0.025681876622898503	0.017527076871512944	0.03882233351073505	0.010647628319611054	bca	ok	0.95	2000	2000	21857	21442	257	query_pubchem_cid	direction,cell_type,time_key	direction	95% BCa bootstrap CI clustered by PubChem compound; uncertainty is over the observed compound panel, not broader chemical space.
l1000_phase1	l1000_phase2	logFC	strict_matched_condition	cosine	raw	reviewer_minimal_retrieval_dataset_pair	target_centroid_auroc	target_centroid_auroc	0.6852794826860791	0.6629450714561518	0.7099379611892682	0.02349644486655822	bca	ok	0.95	2000	2000	21857	21442	257	query_pubchem_cid	direction,cell_type,time_key	direction	95% BCa bootstrap CI clustered by PubChem compound; uncertainty is over the observed compound panel, not broader chemical space.
l1000_phase1	l1000_phase2	logFC	strict_matched_condition	cosine	raw	reviewer_minimal_retrieval_dataset_pair	source_peer_normalized_rank	source_peer_normalized_rank	0.6307190838699531	0.6185118954067979	0.6449269857468565	0.013207545170029311	bca	ok	0.95	2000	2000	21857	21576	257	query_pubchem_cid	direction,cell_type,time_key	direction	95% BCa bootstrap CI clustered by PubChem compound; uncertainty is over the observed compound panel, not broader chemical space.
l1000_phase1	l1000_phase2	logFC	strict_matched_condition	cosine	raw	reviewer_minimal_retrieval_dataset_pair	target_peer_normalized_rank	target_peer_normalized_rank	0.5256502719119052	0.5179401618372362	0.5345398625072378	0.008299850335000802	bca	ok	0.95	2000	2000	21857	21442	257	query_pubchem_cid	direction,cell_type,time_key	direction	95% BCa bootstrap CI clustered by PubChem compound; uncertainty is over the observed compound panel, not broader chemical space.
l1000_phase1	l1000_phase2	logFC	strict_matched_condition	cosine	raw	reviewer_minimal_retrieval_dataset_pair	delta_vs_source_peer_normalized_rank	delta_vs_source_peer_normalized_rank	0.11682760663900965	0.07013945914261176	0.1742319206614253	0.052046230759406766	bca	ok	0.95	2000	2000	21857	21576	257	query_pubchem_cid	direction,cell_type,time_key	direction	95% BCa bootstrap CI clustered by PubChem compound; uncertainty is over the observed compound panel, not broader chemical space.
l1000_phase1	l1000_phase2	logFC	strict_matched_condition	cosine	raw	reviewer_minimal_retrieval_dataset_pair	delta_vs_target_peer_normalized_rank	delta_vs_target_peer_normalized_rank	0.21940257886735998	0.17830968839562247	0.26949963763691837	0.045594974620647946	bca	ok	0.95	2000	2000	21857	21442	257	query_pubchem_cid	direction,cell_type,time_key	direction	95% BCa bootstrap CI clustered by PubChem compound; uncertainty is over the observed compound panel, not broader chemical space.
l1000_phase1	l1000_phase2	logFC	strict_matched_condition	cosine	raw	reviewer_minimal_retrieval_dataset_pair	target_decoy_null_normalized_best_positive_rank	target_decoy_null_normalized_best_positive_rank	0.7819080128511906	0.7689497173799712	0.804996259919992	0.01802327127001041	bca	ok	0.95	2000	2000	21857	21857	257	query_pubchem_cid	direction,cell_type,time_key	direction	95% BCa bootstrap CI clustered by PubChem compound; uncertainty is over the observed compound panel, not broader chemical space.
l1000_phase1	l1000_phase2	logFC	strict_matched_condition	cosine	raw	reviewer_minimal_retrieval_dataset_pair	delta_vs_target_decoy_null_normalized_best_positive_rank	delta_vs_target_decoy_null_normalized_best_positive_rank	-0.03286877888445585	-0.0664285095530225	-0.0018107221958564813	0.03230889367858301	bca	ok	0.95	2000	2000	21857	21857	257	query_pubchem_cid	direction,cell_type,time_key	direction	95% BCa bootstrap CI clustered by PubChem compound; uncertainty is over the observed compound panel, not broader chemical space.
l1000_phase1	l1000_phase2	logFC	strict_matched_condition	spearman	per_gene_population_zscore_dataset	reviewer_minimal_retrieval_dataset_pair	observed_normalized_best_positive_rank	observed_normalized_best_positive_rank	0.7803136408943714	0.7463225167763089	0.8234635717213193	0.03857052747250522	bca	ok	0.95	2000	2000	21857	21857	257	query_pubchem_cid	direction,cell_type,time_key	direction	95% BCa bootstrap CI clustered by PubChem compound; uncertainty is over the observed compound panel, not broader chemical space.
l1000_phase1	l1000_phase2	logFC	strict_matched_condition	spearman	per_gene_population_zscore_dataset	reviewer_minimal_retrieval_dataset_pair	observed_recall_at_1	observed_recall_at_1	0.2442661985224316	0.18247044807873172	0.3593616208609421	0.08844558639110518	bca	ok	0.95	2000	2000	21857	21857	257	query_pubchem_cid	direction,cell_type,time_key	direction	95% BCa bootstrap CI clustered by PubChem compound; uncertainty is over the observed compound panel, not broader chemical space.
l1000_phase1	l1000_phase2	logFC	strict_matched_condition	spearman	per_gene_population_zscore_dataset	reviewer_minimal_retrieval_dataset_pair	observed_auroc	observed_auroc	0.7779334821278199	0.7434605900135374	0.8218454628666982	0.039192436426580435	bca	ok	0.95	2000	2000	21857	21857	257	query_pubchem_cid	direction,cell_type,time_key	direction	95% BCa bootstrap CI clustered by PubChem compound; uncertainty is over the observed compound panel, not broader chemical space.
l1000_phase1	l1000_phase2	logFC	strict_matched_condition	spearman	per_gene_population_zscore_dataset	reviewer_minimal_retrieval_dataset_pair	observed_best_positive_similarity	observed_best_positive_similarity	0.2447057913012169	0.19156604867116747	0.3341345104614089	0.07128423089512072	bca	ok	0.95	2000	2000	21857	21857	257	query_pubchem_cid	direction,cell_type,time_key	direction	95% BCa bootstrap CI clustered by PubChem compound; uncertainty is over the observed compound panel, not broader chemical space.
l1000_phase1	l1000_phase2	logFC	strict_matched_condition	spearman	per_gene_population_zscore_dataset	reviewer_minimal_retrieval_dataset_pair	random_normalized_best_positive_rank	random_normalized_best_positive_rank					not_estimable	too_few_clusters_or_values	0.95	2000	0	21857	0	0	query_pubchem_cid	direction,cell_type,time_key	direction	95% BCa bootstrap CI clustered by PubChem compound; uncertainty is over the observed compound panel, not broader chemical space.
l1000_phase1	l1000_phase2	logFC	strict_matched_condition	spearman	per_gene_population_zscore_dataset	reviewer_minimal_retrieval_dataset_pair	random_recall_at_1	random_recall_at_1					not_estimable	too_few_clusters_or_values	0.95	2000	0	21857	0	0	query_pubchem_cid	direction,cell_type,time_key	direction	95% BCa bootstrap CI clustered by PubChem compound; uncertainty is over the observed compound panel, not broader chemical space.
l1000_phase1	l1000_phase2	logFC	strict_matched_condition	spearman	per_gene_population_zscore_dataset	reviewer_minimal_retrieval_dataset_pair	random_auroc	random_auroc					not_estimable	too_few_clusters_or_values	0.95	2000	0	21857	0	0	query_pubchem_cid	direction,cell_type,time_key	direction	95% BCa bootstrap CI clustered by PubChem compound; uncertainty is over the observed compound panel, not broader chemical space.
l1000_phase1	l1000_phase2	logFC	strict_matched_condition	spearman	per_gene_population_zscore_dataset	reviewer_minimal_retrieval_dataset_pair	delta_vs_random_normalized_best_positive_rank	delta_vs_random_normalized_best_positive_rank	-0.0015943719568190969	-0.02760360366038585	0.025823356898118984	0.026713480279252418	bca	ok	0.95	2000	2000	21857	21857	257	query_pubchem_cid	direction,cell_type,time_key	direction	95% BCa bootstrap CI clustered by PubChem compound; uncertainty is over the observed compound panel, not broader chemical space.
l1000_phase1	l1000_phase2	logFC	strict_matched_condition	spearman	per_gene_population_zscore_dataset	reviewer_minimal_retrieval_dataset_pair	source_individual_n_peers	source_individual_n_peers	145.44407612054087	139.8149784362395	150.76494079672025	5.474981180240377	bca	ok	0.95	2000	2000	21857	21857	257	query_pubchem_cid	direction,cell_type,time_key	direction	95% BCa bootstrap CI clustered by PubChem compound; uncertainty is over the observed compound panel, not broader chemical space.
l1000_phase1	l1000_phase2	logFC	strict_matched_condition	spearman	per_gene_population_zscore_dataset	reviewer_minimal_retrieval_dataset_pair	source_individual_mean_similarity	source_individual_mean_similarity	0.11270514502357531	0.10556296130429281	0.12029323175335445	0.007365135224530819	bca	ok	0.95	2000	2000	21857	21576	257	query_pubchem_cid	direction,cell_type,time_key	direction	95% BCa bootstrap CI clustered by PubChem compound; uncertainty is over the observed compound panel, not broader chemical space.
l1000_phase1	l1000_phase2	logFC	strict_matched_condition	spearman	per_gene_population_zscore_dataset	reviewer_minimal_retrieval_dataset_pair	source_individual_sd_similarity	source_individual_sd_similarity	0.1528422309895825	0.1472143165032613	0.1577777762701623	0.005281729883450492	bca	ok	0.95	2000	2000	21857	21573	257	query_pubchem_cid	direction,cell_type,time_key	direction	95% BCa bootstrap CI clustered by PubChem compound; uncertainty is over the observed compound panel, not broader chemical space.
l1000_phase1	l1000_phase2	logFC	strict_matched_condition	spearman	per_gene_population_zscore_dataset	reviewer_minimal_retrieval_dataset_pair	source_individual_n_below_observed	source_individual_n_below_observed	99.10157373163909	91.68530648148493	106.19428736818733	7.254490443351202	bca	ok	0.95	2000	2000	21857	21857	257	query_pubchem_cid	direction,cell_type,time_key	direction	95% BCa bootstrap CI clustered by PubChem compound; uncertainty is over the observed compound panel, not broader chemical space.
l1000_phase1	l1000_phase2	logFC	strict_matched_condition	spearman	per_gene_population_zscore_dataset	reviewer_minimal_retrieval_dataset_pair	source_individual_fraction_below_observed	source_individual_fraction_below_observed	0.6454730428840942	0.5945581592289885	0.716458259362906	0.06095005006695875	bca	ok	0.95	2000	2000	21857	21576	257	query_pubchem_cid	direction,cell_type,time_key	direction	95% BCa bootstrap CI clustered by PubChem compound; uncertainty is over the observed compound panel, not broader chemical space.
l1000_phase1	l1000_phase2	logFC	strict_matched_condition	spearman	per_gene_population_zscore_dataset	reviewer_minimal_retrieval_dataset_pair	source_individual_corrected_percentile	source_individual_corrected_percentile	0.6535513444523011	0.6045350206918289	0.7205126667843909	0.057988823046281	bca	ok	0.95	2000	2000	21857	21576	257	query_pubchem_cid	direction,cell_type,time_key	direction	95% BCa bootstrap CI clustered by PubChem compound; uncertainty is over the observed compound panel, not broader chemical space.
l1000_phase1	l1000_phase2	logFC	strict_matched_condition	spearman	per_gene_population_zscore_dataset	reviewer_minimal_retrieval_dataset_pair	target_individual_n_peers	target_individual_n_peers	144.9848238402434	139.31088192555342	150.934564414294	5.811841244370285	bca	ok	0.95	2000	2000	21857	21857	257	query_pubchem_cid	direction,cell_type,time_key	direction	95% BCa bootstrap CI clustered by PubChem compound; uncertainty is over the observed compound panel, not broader chemical space.
l1000_phase1	l1000_phase2	logFC	strict_matched_condition	spearman	per_gene_population_zscore_dataset	reviewer_minimal_retrieval_dataset_pair	target_individual_mean_similarity	target_individual_mean_similarity	0.04726816602066967	0.03970238951806295	0.05575887081092573	0.00802824064643139	bca	ok	0.95	2000	2000	21857	21442	257	query_pubchem_cid	direction,cell_type,time_key	direction	95% BCa bootstrap CI clustered by PubChem compound; uncertainty is over the observed compound panel, not broader chemical space.
l1000_phase1	l1000_phase2	logFC	strict_matched_condition	spearman	per_gene_population_zscore_dataset	reviewer_minimal_retrieval_dataset_pair	target_individual_sd_similarity	target_individual_sd_similarity	0.12311141225405477	0.11742387691062536	0.12864263856383476	0.0056093808266046985	bca	ok	0.95	2000	2000	21857	21438	257	query_pubchem_cid	direction,cell_type,time_key	direction	95% BCa bootstrap CI clustered by PubChem compound; uncertainty is over the observed compound panel, not broader chemical space.
l1000_phase1	l1000_phase2	logFC	strict_matched_condition	spearman	per_gene_population_zscore_dataset	reviewer_minimal_retrieval_dataset_pair	target_individual_n_below_observed	target_individual_n_below_observed	112.81484451086376	105.99351110795128	119.14151756372667	6.574003227887694	bca	ok	0.95	2000	2000	21857	21857	257	query_pubchem_cid	direction,cell_type,time_key	direction	95% BCa bootstrap CI clustered by PubChem compound; uncertainty is over the observed compound panel, not broader chemical space.
l1000_phase1	l1000_phase2	logFC	strict_matched_condition	spearman	per_gene_population_zscore_dataset	reviewer_minimal_retrieval_dataset_pair	target_individual_fraction_below_observed	target_individual_fraction_below_observed	0.7665969879038697	0.7282509664081428	0.8085616321951273	0.04015533289349227	bca	ok	0.95	2000	2000	21857	21442	257	query_pubchem_cid	direction,cell_type,time_key	direction	95% BCa bootstrap CI clustered by PubChem compound; uncertainty is over the observed compound panel, not broader chemical space.
l1000_phase1	l1000_phase2	logFC	strict_matched_condition	spearman	per_gene_population_zscore_dataset	reviewer_minimal_retrieval_dataset_pair	target_individual_corrected_percentile	target_individual_corrected_percentile	0.7710400796765571	0.7340133728846279	0.8109067074321784	0.03844666727377527	bca	ok	0.95	2000	2000	21857	21442	257	query_pubchem_cid	direction,cell_type,time_key	direction	95% BCa bootstrap CI clustered by PubChem compound; uncertainty is over the observed compound panel, not broader chemical space.
l1000_phase1	l1000_phase2	logFC	strict_matched_condition	spearman	per_gene_population_zscore_dataset	reviewer_minimal_retrieval_dataset_pair	source_centroid_similarity	source_centroid_similarity	0.24728168622971547	0.2281676780043354	0.27017772425100733	0.021005023123335964	bca	ok	0.95	2000	2000	21857	21576	257	query_pubchem_cid	direction,cell_type,time_key	direction	95% BCa bootstrap CI clustered by PubChem compound; uncertainty is over the observed compound panel, not broader chemical space.
l1000_phase1	l1000_phase2	logFC	strict_matched_condition	spearman	per_gene_population_zscore_dataset	reviewer_minimal_retrieval_dataset_pair	source_centroid_normalized_rank	source_centroid_normalized_rank	0.7967912520932678	0.7688258927175047	0.8163757446924529	0.023774925987474105	bca	ok	0.95	2000	2000	21857	21576	257	query_pubchem_cid	direction,cell_type,time_key	direction	95% BCa bootstrap CI clustered by PubChem compound; uncertainty is over the observed compound panel, not broader chemical space.
l1000_phase1	l1000_phase2	logFC	strict_matched_condition	spearman	per_gene_population_zscore_dataset	reviewer_minimal_retrieval_dataset_pair	source_centroid_recall_at_1	source_centroid_recall_at_1	0.2591011051576785	0.2068623698325482	0.3050404936183392	0.0490890618928955	bca	ok	0.95	2000	2000	21857	21576	257	query_pubchem_cid	direction,cell_type,time_key	direction	95% BCa bootstrap CI clustered by PubChem compound; uncertainty is over the observed compound panel, not broader chemical space.
l1000_phase1	l1000_phase2	logFC	strict_matched_condition	spearman	per_gene_population_zscore_dataset	reviewer_minimal_retrieval_dataset_pair	source_centroid_auroc	source_centroid_auroc	0.796791252093268	0.7665040658680661	0.8164523204648167	0.024974127298375337	bca	ok	0.95	2000	2000	21857	21576	257	query_pubchem_cid	direction,cell_type,time_key	direction	95% BCa bootstrap CI clustered by PubChem compound; uncertainty is over the observed compound panel, not broader chemical space.
l1000_phase1	l1000_phase2	logFC	strict_matched_condition	spearman	per_gene_population_zscore_dataset	reviewer_minimal_retrieval_dataset_pair	target_centroid_similarity	target_centroid_similarity	0.11222657695261082	0.09112480951890771	0.14181790396523494	0.025346547223163617	bca	ok	0.95	2000	2000	21857	21442	257	query_pubchem_cid	direction,cell_type,time_key	direction	95% BCa bootstrap CI clustered by PubChem compound; uncertainty is over the observed compound panel, not broader chemical space.
l1000_phase1	l1000_phase2	logFC	strict_matched_condition	spearman	per_gene_population_zscore_dataset	reviewer_minimal_retrieval_dataset_pair	target_centroid_normalized_rank	target_centroid_normalized_rank	0.6198123220676317	0.5961908072043547	0.6479321075206896	0.025870650158167474	bca	ok	0.95	2000	2000	21857	21442	257	query_pubchem_cid	direction,cell_type,time_key	direction	95% BCa bootstrap CI clustered by PubChem compound; uncertainty is over the observed compound panel, not broader chemical space.
l1000_phase1	l1000_phase2	logFC	strict_matched_condition	spearman	per_gene_population_zscore_dataset	reviewer_minimal_retrieval_dataset_pair	target_centroid_recall_at_1	target_centroid_recall_at_1	0.014193817252910416	0.007145054014468011	0.031403439892004864	0.012129192938768426	bca	ok	0.95	2000	2000	21857	21442	257	query_pubchem_cid	direction,cell_type,time_key	direction	95% BCa bootstrap CI clustered by PubChem compound; uncertainty is over the observed compound panel, not broader chemical space.
l1000_phase1	l1000_phase2	logFC	strict_matched_condition	spearman	per_gene_population_zscore_dataset	reviewer_minimal_retrieval_dataset_pair	target_centroid_auroc	target_centroid_auroc	0.6198914155643296	0.5955020754737356	0.6516966688764764	0.0280972967013704	bca	ok	0.95	2000	2000	21857	21442	257	query_pubchem_cid	direction,cell_type,time_key	direction	95% BCa bootstrap CI clustered by PubChem compound; uncertainty is over the observed compound panel, not broader chemical space.
l1000_phase1	l1000_phase2	logFC	strict_matched_condition	spearman	per_gene_population_zscore_dataset	reviewer_minimal_retrieval_dataset_pair	source_peer_normalized_rank	source_peer_normalized_rank	0.6327492691498741	0.6174710322534948	0.6517391252543313	0.017134046500418276	bca	ok	0.95	2000	2000	21857	21576	257	query_pubchem_cid	direction,cell_type,time_key	direction	95% BCa bootstrap CI clustered by PubChem compound; uncertainty is over the observed compound panel, not broader chemical space.
l1000_phase1	l1000_phase2	logFC	strict_matched_condition	spearman	per_gene_population_zscore_dataset	reviewer_minimal_retrieval_dataset_pair	target_peer_normalized_rank	target_peer_normalized_rank	0.5309479719104895	0.5233858771110669	0.5382640974665308	0.007439110177731967	bca	ok	0.95	2000	2000	21857	21442	257	query_pubchem_cid	direction,cell_type,time_key	direction	95% BCa bootstrap CI clustered by PubChem compound; uncertainty is over the observed compound panel, not broader chemical space.
l1000_phase1	l1000_phase2	logFC	strict_matched_condition	spearman	per_gene_population_zscore_dataset	reviewer_minimal_retrieval_dataset_pair	delta_vs_source_peer_normalized_rank	delta_vs_source_peer_normalized_rank	0.14612930246187444	0.09961397368766156	0.1984896546367393	0.04943784047453886	bca	ok	0.95	2000	2000	21857	21576	257	query_pubchem_cid	direction,cell_type,time_key	direction	95% BCa bootstrap CI clustered by PubChem compound; uncertainty is over the observed compound panel, not broader chemical space.
l1000_phase1	l1000_phase2	logFC	strict_matched_condition	spearman	per_gene_population_zscore_dataset	reviewer_minimal_retrieval_dataset_pair	delta_vs_target_peer_normalized_rank	delta_vs_target_peer_normalized_rank	0.24446334714859225	0.20717814414228697	0.2851123617703077	0.03896710881401036	bca	ok	0.95	2000	2000	21857	21442	257	query_pubchem_cid	direction,cell_type,time_key	direction	95% BCa bootstrap CI clustered by PubChem compound; uncertainty is over the observed compound panel, not broader chemical space.
l1000_phase1	l1000_phase2	logFC	strict_matched_condition	spearman	per_gene_population_zscore_dataset	reviewer_minimal_retrieval_dataset_pair	target_decoy_null_normalized_best_positive_rank	target_decoy_null_normalized_best_positive_rank	0.7819080128511906	0.7689594413768247	0.804595758093003	0.017818158358089142	bca	ok	0.95	2000	2000	21857	21857	257	query_pubchem_cid	direction,cell_type,time_key	direction	95% BCa bootstrap CI clustered by PubChem compound; uncertainty is over the observed compound panel, not broader chemical space.
l1000_phase1	l1000_phase2	logFC	strict_matched_condition	spearman	per_gene_population_zscore_dataset	reviewer_minimal_retrieval_dataset_pair	delta_vs_target_decoy_null_normalized_best_positive_rank	delta_vs_target_decoy_null_normalized_best_positive_rank	-0.0015943719568190969	-0.02697892342542445	0.02367332013073411	0.02532612177807928	bca	ok	0.95	2000	2000	21857	21857	257	query_pubchem_cid	direction,cell_type,time_key	direction	95% BCa bootstrap CI clustered by PubChem compound; uncertainty is over the observed compound panel, not broader chemical space.
l1000_phase1	l1000_phase2	logFC	strict_matched_condition	spearman	raw	reviewer_minimal_retrieval_dataset_pair	observed_normalized_best_positive_rank	observed_normalized_best_positive_rank	0.7612883346530026	0.7275168399370889	0.8138855200531395	0.043184340058025295	bca	ok	0.95	2000	2000	21857	21857	257	query_pubchem_cid	direction,cell_type,time_key	direction	95% BCa bootstrap CI clustered by PubChem compound; uncertainty is over the observed compound panel, not broader chemical space.
l1000_phase1	l1000_phase2	logFC	strict_matched_condition	spearman	raw	reviewer_minimal_retrieval_dataset_pair	observed_recall_at_1	observed_recall_at_1	0.242986429660081	0.178038322482023	0.3548788798630293	0.08842027869050315	bca	ok	0.95	2000	2000	21857	21857	257	query_pubchem_cid	direction,cell_type,time_key	direction	95% BCa bootstrap CI clustered by PubChem compound; uncertainty is over the observed compound panel, not broader chemical space.
l1000_phase1	l1000_phase2	logFC	strict_matched_condition	spearman	raw	reviewer_minimal_retrieval_dataset_pair	observed_auroc	observed_auroc	0.7588055379434724	0.7217943366575954	0.8049362049800315	0.04157093416121804	bca	ok	0.95	2000	2000	21857	21857	257	query_pubchem_cid	direction,cell_type,time_key	direction	95% BCa bootstrap CI clustered by PubChem compound; uncertainty is over the observed compound panel, not broader chemical space.
l1000_phase1	l1000_phase2	logFC	strict_matched_condition	spearman	raw	reviewer_minimal_retrieval_dataset_pair	observed_best_positive_similarity	observed_best_positive_similarity	0.2489730105230371	0.19463849711732978	0.33932662488680615	0.07234406388473819	bca	ok	0.95	2000	2000	21857	21857	257	query_pubchem_cid	direction,cell_type,time_key	direction	95% BCa bootstrap CI clustered by PubChem compound; uncertainty is over the observed compound panel, not broader chemical space.
l1000_phase1	l1000_phase2	logFC	strict_matched_condition	spearman	raw	reviewer_minimal_retrieval_dataset_pair	random_normalized_best_positive_rank	random_normalized_best_positive_rank					not_estimable	too_few_clusters_or_values	0.95	2000	0	21857	0	0	query_pubchem_cid	direction,cell_type,time_key	direction	95% BCa bootstrap CI clustered by PubChem compound; uncertainty is over the observed compound panel, not broader chemical space.
l1000_phase1	l1000_phase2	logFC	strict_matched_condition	spearman	raw	reviewer_minimal_retrieval_dataset_pair	random_recall_at_1	random_recall_at_1					not_estimable	too_few_clusters_or_values	0.95	2000	0	21857	0	0	query_pubchem_cid	direction,cell_type,time_key	direction	95% BCa bootstrap CI clustered by PubChem compound; uncertainty is over the observed compound panel, not broader chemical space.
l1000_phase1	l1000_phase2	logFC	strict_matched_condition	spearman	raw	reviewer_minimal_retrieval_dataset_pair	random_auroc	random_auroc					not_estimable	too_few_clusters_or_values	0.95	2000	0	21857	0	0	query_pubchem_cid	direction,cell_type,time_key	direction	95% BCa bootstrap CI clustered by PubChem compound; uncertainty is over the observed compound panel, not broader chemical space.
l1000_phase1	l1000_phase2	logFC	strict_matched_condition	spearman	raw	reviewer_minimal_retrieval_dataset_pair	delta_vs_random_normalized_best_positive_rank	delta_vs_random_normalized_best_positive_rank	-0.020619678198187788	-0.052251067622269685	0.00624196874617819	0.029246518184223937	bca	ok	0.95	2000	2000	21857	21857	257	query_pubchem_cid	direction,cell_type,time_key	direction	95% BCa bootstrap CI clustered by PubChem compound; uncertainty is over the observed compound panel, not broader chemical space.
l1000_phase1	l1000_phase2	logFC	strict_matched_condition	spearman	raw	reviewer_minimal_retrieval_dataset_pair	source_individual_n_peers	source_individual_n_peers	145.44407612054087	139.79087590935754	150.73653809552565	5.472831093084054	bca	ok	0.95	2000	2000	21857	21857	257	query_pubchem_cid	direction,cell_type,time_key	direction	95% BCa bootstrap CI clustered by PubChem compound; uncertainty is over the observed compound panel, not broader chemical space.
l1000_phase1	l1000_phase2	logFC	strict_matched_condition	spearman	raw	reviewer_minimal_retrieval_dataset_pair	source_individual_mean_similarity	source_individual_mean_similarity	0.1352572714555239	0.1279835100903454	0.14308655681299823	0.007551523361326418	bca	ok	0.95	2000	2000	21857	21576	257	query_pubchem_cid	direction,cell_type,time_key	direction	95% BCa bootstrap CI clustered by PubChem compound; uncertainty is over the observed compound panel, not broader chemical space.
l1000_phase1	l1000_phase2	logFC	strict_matched_condition	spearman	raw	reviewer_minimal_retrieval_dataset_pair	source_individual_sd_similarity	source_individual_sd_similarity	0.14711570133856067	0.1421207106576977	0.15212525158611553	0.0050022704642089105	bca	ok	0.95	2000	2000	21857	21573	257	query_pubchem_cid	direction,cell_type,time_key	direction	95% BCa bootstrap CI clustered by PubChem compound; uncertainty is over the observed compound panel, not broader chemical space.
l1000_phase1	l1000_phase2	logFC	strict_matched_condition	spearman	raw	reviewer_minimal_retrieval_dataset_pair	source_individual_n_below_observed	source_individual_n_below_observed	96.35554351448893	89.30099764383235	104.10239640403033	7.400699380098992	bca	ok	0.95	2000	2000	21857	21857	257	query_pubchem_cid	direction,cell_type,time_key	direction	95% BCa bootstrap CI clustered by PubChem compound; uncertainty is over the observed compound panel, not broader chemical space.
l1000_phase1	l1000_phase2	logFC	strict_matched_condition	spearman	raw	reviewer_minimal_retrieval_dataset_pair	source_individual_fraction_below_observed	source_individual_fraction_below_observed	0.627655788411208	0.5734455090560214	0.6996554158392236	0.0631049533916011	bca	ok	0.95	2000	2000	21857	21576	257	query_pubchem_cid	direction,cell_type,time_key	direction	95% BCa bootstrap CI clustered by PubChem compound; uncertainty is over the observed compound panel, not broader chemical space.
l1000_phase1	l1000_phase2	logFC	strict_matched_condition	spearman	raw	reviewer_minimal_retrieval_dataset_pair	source_individual_corrected_percentile	source_individual_corrected_percentile	0.6360192972330514	0.5863207292819219	0.711288273860676	0.062483772289377015	bca	ok	0.95	2000	2000	21857	21576	257	query_pubchem_cid	direction,cell_type,time_key	direction	95% BCa bootstrap CI clustered by PubChem compound; uncertainty is over the observed compound panel, not broader chemical space.
l1000_phase1	l1000_phase2	logFC	strict_matched_condition	spearman	raw	reviewer_minimal_retrieval_dataset_pair	target_individual_n_peers	target_individual_n_peers	144.9848238402434	139.55082931401546	150.6524234454297	5.5507970657071155	bca	ok	0.95	2000	2000	21857	21857	257	query_pubchem_cid	direction,cell_type,time_key	direction	95% BCa bootstrap CI clustered by PubChem compound; uncertainty is over the observed compound panel, not broader chemical space.
l1000_phase1	l1000_phase2	logFC	strict_matched_condition	spearman	raw	reviewer_minimal_retrieval_dataset_pair	target_individual_mean_similarity	target_individual_mean_similarity	0.06891044043042385	0.05973260295101231	0.07947388896881034	0.009870643008899015	bca	ok	0.95	2000	2000	21857	21442	257	query_pubchem_cid	direction,cell_type,time_key	direction	95% BCa bootstrap CI clustered by PubChem compound; uncertainty is over the observed compound panel, not broader chemical space.
l1000_phase1	l1000_phase2	logFC	strict_matched_condition	spearman	raw	reviewer_minimal_retrieval_dataset_pair	target_individual_sd_similarity	target_individual_sd_similarity	0.12020571001267835	0.11467529772321072	0.12579484686288656	0.005559774569837916	bca	ok	0.95	2000	2000	21857	21438	257	query_pubchem_cid	direction,cell_type,time_key	direction	95% BCa bootstrap CI clustered by PubChem compound; uncertainty is over the observed compound panel, not broader chemical space.
l1000_phase1	l1000_phase2	logFC	strict_matched_condition	spearman	raw	reviewer_minimal_retrieval_dataset_pair	target_individual_n_below_observed	target_individual_n_below_observed	110.25590907866085	103.20017975644262	116.56261911918088	6.681219681369129	bca	ok	0.95	2000	2000	21857	21857	257	query_pubchem_cid	direction,cell_type,time_key	direction	95% BCa bootstrap CI clustered by PubChem compound; uncertainty is over the observed compound panel, not broader chemical space.
l1000_phase1	l1000_phase2	logFC	strict_matched_condition	spearman	raw	reviewer_minimal_retrieval_dataset_pair	target_individual_fraction_below_observed	target_individual_fraction_below_observed	0.7517825498284434	0.7122038740770964	0.7985930976297118	0.04319461177630768	bca	ok	0.95	2000	2000	21857	21442	257	query_pubchem_cid	direction,cell_type,time_key	direction	95% BCa bootstrap CI clustered by PubChem compound; uncertainty is over the observed compound panel, not broader chemical space.
l1000_phase1	l1000_phase2	logFC	strict_matched_condition	spearman	raw	reviewer_minimal_retrieval_dataset_pair	target_individual_corrected_percentile	target_individual_corrected_percentile	0.7564843025092234	0.7197071243034916	0.8044552194786593	0.04237404758758384	bca	ok	0.95	2000	2000	21857	21442	257	query_pubchem_cid	direction,cell_type,time_key	direction	95% BCa bootstrap CI clustered by PubChem compound; uncertainty is over the observed compound panel, not broader chemical space.
l1000_phase1	l1000_phase2	logFC	strict_matched_condition	spearman	raw	reviewer_minimal_retrieval_dataset_pair	source_centroid_similarity	source_centroid_similarity	0.2823530538134197	0.2616074412783938	0.3033798147230446	0.020886186722325395	bca	ok	0.95	2000	2000	21857	21576	257	query_pubchem_cid	direction,cell_type,time_key	direction	95% BCa bootstrap CI clustered by PubChem compound; uncertainty is over the observed compound panel, not broader chemical space.
l1000_phase1	l1000_phase2	logFC	strict_matched_condition	spearman	raw	reviewer_minimal_retrieval_dataset_pair	source_centroid_normalized_rank	source_centroid_normalized_rank	0.8237190239820336	0.8029188475690929	0.8416847644787213	0.019382958454814192	bca	ok	0.95	2000	2000	21857	21576	257	query_pubchem_cid	direction,cell_type,time_key	direction	95% BCa bootstrap CI clustered by PubChem compound; uncertainty is over the observed compound panel, not broader chemical space.
l1000_phase1	l1000_phase2	logFC	strict_matched_condition	spearman	raw	reviewer_minimal_retrieval_dataset_pair	source_centroid_recall_at_1	source_centroid_recall_at_1	0.30281719317424294	0.23660199865973486	0.354189226736217	0.05879361403824107	bca	ok	0.95	2000	2000	21857	21576	257	query_pubchem_cid	direction,cell_type,time_key	direction	95% BCa bootstrap CI clustered by PubChem compound; uncertainty is over the observed compound panel, not broader chemical space.
l1000_phase1	l1000_phase2	logFC	strict_matched_condition	spearman	raw	reviewer_minimal_retrieval_dataset_pair	source_centroid_auroc	source_centroid_auroc	0.8237190239820336	0.8031008704035163	0.8417786270200892	0.019338878308286456	bca	ok	0.95	2000	2000	21857	21576	257	query_pubchem_cid	direction,cell_type,time_key	direction	95% BCa bootstrap CI clustered by PubChem compound; uncertainty is over the observed compound panel, not broader chemical space.
l1000_phase1	l1000_phase2	logFC	strict_matched_condition	spearman	raw	reviewer_minimal_retrieval_dataset_pair	target_centroid_similarity	target_centroid_similarity	0.1547763380786448	0.13248630795495142	0.18493473264863733	0.026224212346842954	bca	ok	0.95	2000	2000	21857	21442	257	query_pubchem_cid	direction,cell_type,time_key	direction	95% BCa bootstrap CI clustered by PubChem compound; uncertainty is over the observed compound panel, not broader chemical space.
l1000_phase1	l1000_phase2	logFC	strict_matched_condition	spearman	raw	reviewer_minimal_retrieval_dataset_pair	target_centroid_normalized_rank	target_centroid_normalized_rank	0.654286983891857	0.628651685218747	0.6829635547727857	0.02715593477701933	bca	ok	0.95	2000	2000	21857	21442	257	query_pubchem_cid	direction,cell_type,time_key	direction	95% BCa bootstrap CI clustered by PubChem compound; uncertainty is over the observed compound panel, not broader chemical space.
l1000_phase1	l1000_phase2	logFC	strict_matched_condition	spearman	raw	reviewer_minimal_retrieval_dataset_pair	target_centroid_recall_at_1	target_centroid_recall_at_1	0.023177318760902104	0.015915312018188212	0.03426491128321079	0.009174799632511289	bca	ok	0.95	2000	2000	21857	21442	257	query_pubchem_cid	direction,cell_type,time_key	direction	95% BCa bootstrap CI clustered by PubChem compound; uncertainty is over the observed compound panel, not broader chemical space.
l1000_phase1	l1000_phase2	logFC	strict_matched_condition	spearman	raw	reviewer_minimal_retrieval_dataset_pair	target_centroid_auroc	target_centroid_auroc	0.654457833845151	0.6296224069872053	0.6817437701957773	0.026060681604285985	bca	ok	0.95	2000	2000	21857	21442	257	query_pubchem_cid	direction,cell_type,time_key	direction	95% BCa bootstrap CI clustered by PubChem compound; uncertainty is over the observed compound panel, not broader chemical space.
l1000_phase1	l1000_phase2	logFC	strict_matched_condition	spearman	raw	reviewer_minimal_retrieval_dataset_pair	source_peer_normalized_rank	source_peer_normalized_rank	0.6371652917137731	0.6229305768198768	0.6551257431998966	0.016097583190009868	bca	ok	0.95	2000	2000	21857	21576	257	query_pubchem_cid	direction,cell_type,time_key	direction	95% BCa bootstrap CI clustered by PubChem compound; uncertainty is over the observed compound panel, not broader chemical space.
l1000_phase1	l1000_phase2	logFC	strict_matched_condition	spearman	raw	reviewer_minimal_retrieval_dataset_pair	target_peer_normalized_rank	target_peer_normalized_rank	0.5263453068654982	0.518718240836001	0.532641871952101	0.006961815558049977	bca	ok	0.95	2000	2000	21857	21442	257	query_pubchem_cid	direction,cell_type,time_key	direction	95% BCa bootstrap CI clustered by PubChem compound; uncertainty is over the observed compound panel, not broader chemical space.
l1000_phase1	l1000_phase2	logFC	strict_matched_condition	spearman	raw	reviewer_minimal_retrieval_dataset_pair	delta_vs_source_peer_normalized_rank	delta_vs_source_peer_normalized_rank	0.12329911694388895	0.07480090551374312	0.17784495805560374	0.05152202627093031	bca	ok	0.95	2000	2000	21857	21576	257	query_pubchem_cid	direction,cell_type,time_key	direction	95% BCa bootstrap CI clustered by PubChem compound; uncertainty is over the observed compound panel, not broader chemical space.
l1000_phase1	l1000_phase2	logFC	strict_matched_condition	spearman	raw	reviewer_minimal_retrieval_dataset_pair	delta_vs_target_peer_normalized_rank	delta_vs_target_peer_normalized_rank	0.2315191092425588	0.1950683841795957	0.2739456445454217	0.03943863018291299	bca	ok	0.95	2000	2000	21857	21442	257	query_pubchem_cid	direction,cell_type,time_key	direction	95% BCa bootstrap CI clustered by PubChem compound; uncertainty is over the observed compound panel, not broader chemical space.
l1000_phase1	l1000_phase2	logFC	strict_matched_condition	spearman	raw	reviewer_minimal_retrieval_dataset_pair	target_decoy_null_normalized_best_positive_rank	target_decoy_null_normalized_best_positive_rank	0.7819080128511906	0.7689668391455609	0.8042696353852329	0.017651398119836015	bca	ok	0.95	2000	2000	21857	21857	257	query_pubchem_cid	direction,cell_type,time_key	direction	95% BCa bootstrap CI clustered by PubChem compound; uncertainty is over the observed compound panel, not broader chemical space.
l1000_phase1	l1000_phase2	logFC	strict_matched_condition	spearman	raw	reviewer_minimal_retrieval_dataset_pair	delta_vs_target_decoy_null_normalized_best_positive_rank	delta_vs_target_decoy_null_normalized_best_positive_rank	-0.020619678198187788	-0.05121718381126547	0.00684208936708229	0.02902963658917388	bca	ok	0.95	2000	2000	21857	21857	257	query_pubchem_cid	direction,cell_type,time_key	direction	95% BCa bootstrap CI clustered by PubChem compound; uncertainty is over the observed compound panel, not broader chemical space.
l1000_phase1	tahoe	logFC	strict_matched_condition	cosine	per_gene_population_zscore_dataset	reviewer_minimal_retrieval_dataset_pair	observed_normalized_best_positive_rank	observed_normalized_best_positive_rank	0.6555879448419628	0.5891313965584138	0.7216902522109014	0.0662794278262438	bca	ok	0.95	2000	2000	692	692	86	query_pubchem_cid	direction,cell_type,time_key	direction	95% BCa bootstrap CI clustered by PubChem compound; uncertainty is over the observed compound panel, not broader chemical space.
l1000_phase1	tahoe	logFC	strict_matched_condition	cosine	per_gene_population_zscore_dataset	reviewer_minimal_retrieval_dataset_pair	observed_recall_at_1	observed_recall_at_1	0.09435444750654734	0.04530352713248525	0.17199585308636436	0.06334616297693955	bca	ok	0.95	2000	2000	692	692	86	query_pubchem_cid	direction,cell_type,time_key	direction	95% BCa bootstrap CI clustered by PubChem compound; uncertainty is over the observed compound panel, not broader chemical space.
l1000_phase1	tahoe	logFC	strict_matched_condition	cosine	per_gene_population_zscore_dataset	reviewer_minimal_retrieval_dataset_pair	observed_auroc	observed_auroc	0.6544081733552428	0.5864156931516153	0.7187664546037184	0.0661753807260515	bca	ok	0.95	2000	2000	692	692	86	query_pubchem_cid	direction,cell_type,time_key	direction	95% BCa bootstrap CI clustered by PubChem compound; uncertainty is over the observed compound panel, not broader chemical space.
l1000_phase1	tahoe	logFC	strict_matched_condition	cosine	per_gene_population_zscore_dataset	reviewer_minimal_retrieval_dataset_pair	observed_best_positive_similarity	observed_best_positive_similarity	0.06948135232782543	0.03986759459915388	0.11331886970709272	0.03672563755396942	bca	ok	0.95	2000	2000	692	692	86	query_pubchem_cid	direction,cell_type,time_key	direction	95% BCa bootstrap CI clustered by PubChem compound; uncertainty is over the observed compound panel, not broader chemical space.
l1000_phase1	tahoe	logFC	strict_matched_condition	cosine	per_gene_population_zscore_dataset	reviewer_minimal_retrieval_dataset_pair	random_normalized_best_positive_rank	random_normalized_best_positive_rank					not_estimable	too_few_clusters_or_values	0.95	2000	0	692	0	0	query_pubchem_cid	direction,cell_type,time_key	direction	95% BCa bootstrap CI clustered by PubChem compound; uncertainty is over the observed compound panel, not broader chemical space.
l1000_phase1	tahoe	logFC	strict_matched_condition	cosine	per_gene_population_zscore_dataset	reviewer_minimal_retrieval_dataset_pair	random_recall_at_1	random_recall_at_1					not_estimable	too_few_clusters_or_values	0.95	2000	0	692	0	0	query_pubchem_cid	direction,cell_type,time_key	direction	95% BCa bootstrap CI clustered by PubChem compound; uncertainty is over the observed compound panel, not broader chemical space.
l1000_phase1	tahoe	logFC	strict_matched_condition	cosine	per_gene_population_zscore_dataset	reviewer_minimal_retrieval_dataset_pair	random_auroc	random_auroc					not_estimable	too_few_clusters_or_values	0.95	2000	0	692	0	0	query_pubchem_cid	direction,cell_type,time_key	direction	95% BCa bootstrap CI clustered by PubChem compound; uncertainty is over the observed compound panel, not broader chemical space.
l1000_phase1	tahoe	logFC	strict_matched_condition	cosine	per_gene_population_zscore_dataset	reviewer_minimal_retrieval_dataset_pair	delta_vs_random_normalized_best_positive_rank	delta_vs_random_normalized_best_positive_rank	0.012837013475984212	-0.05682208613694689	0.08127599225829102	0.06904903919761896	bca	ok	0.95	2000	2000	692	692	86	query_pubchem_cid	direction,cell_type,time_key	direction	95% BCa bootstrap CI clustered by PubChem compound; uncertainty is over the observed compound panel, not broader chemical space.
l1000_phase1	tahoe	logFC	strict_matched_condition	cosine	per_gene_population_zscore_dataset	reviewer_minimal_retrieval_dataset_pair	source_individual_n_peers	source_individual_n_peers	134.89086055483978	122.69496433985583	143.83317019727275	10.56910292870846	bca	ok	0.95	2000	2000	692	692	86	query_pubchem_cid	direction,cell_type,time_key	direction	95% BCa bootstrap CI clustered by PubChem compound; uncertainty is over the observed compound panel, not broader chemical space.
l1000_phase1	tahoe	logFC	strict_matched_condition	cosine	per_gene_population_zscore_dataset	reviewer_minimal_retrieval_dataset_pair	source_individual_mean_similarity	source_individual_mean_similarity	0.07838683608262005	0.06725039708374689	0.08905330767114424	0.010901455293698674	bca	ok	0.95	2000	2000	692	675	86	query_pubchem_cid	direction,cell_type,time_key	direction	95% BCa bootstrap CI clustered by PubChem compound; uncertainty is over the observed compound panel, not broader chemical space.
l1000_phase1	tahoe	logFC	strict_matched_condition	cosine	per_gene_population_zscore_dataset	reviewer_minimal_retrieval_dataset_pair	source_individual_sd_similarity	source_individual_sd_similarity	0.14386153539496002	0.13456427048990352	0.1546336498673397	0.010034689688718096	bca	ok	0.95	2000	2000	692	675	86	query_pubchem_cid	direction,cell_type,time_key	direction	95% BCa bootstrap CI clustered by PubChem compound; uncertainty is over the observed compound panel, not broader chemical space.
l1000_phase1	tahoe	logFC	strict_matched_condition	cosine	per_gene_population_zscore_dataset	reviewer_minimal_retrieval_dataset_pair	source_individual_n_below_observed	source_individual_n_below_observed	65.75832484653472	59.242791586045335	71.74490149195722	6.251054952955943	bca	ok	0.95	2000	2000	692	692	86	query_pubchem_cid	direction,cell_type,time_key	direction	95% BCa bootstrap CI clustered by PubChem compound; uncertainty is over the observed compound panel, not broader chemical space.
l1000_phase1	tahoe	logFC	strict_matched_condition	cosine	per_gene_population_zscore_dataset	reviewer_minimal_retrieval_dataset_pair	source_individual_fraction_below_observed	source_individual_fraction_below_observed	0.47808047315008306	0.4217365194669793	0.5583163970447531	0.0682899387888869	bca	ok	0.95	2000	2000	692	675	86	query_pubchem_cid	direction,cell_type,time_key	direction	95% BCa bootstrap CI clustered by PubChem compound; uncertainty is over the observed compound panel, not broader chemical space.
l1000_phase1	tahoe	logFC	strict_matched_condition	cosine	per_gene_population_zscore_dataset	reviewer_minimal_retrieval_dataset_pair	source_individual_corrected_percentile	source_individual_corrected_percentile	0.4888229595174767	0.43556847315232095	0.5770691922739385	0.07075035956080877	bca	ok	0.95	2000	2000	692	675	86	query_pubchem_cid	direction,cell_type,time_key	direction	95% BCa bootstrap CI clustered by PubChem compound; uncertainty is over the observed compound panel, not broader chemical space.
l1000_phase1	tahoe	logFC	strict_matched_condition	cosine	per_gene_population_zscore_dataset	reviewer_minimal_retrieval_dataset_pair	target_individual_n_peers	target_individual_n_peers	135.05406030949746	122.51203019804382	144.18777229266425	10.837871047310216	bca	ok	0.95	2000	2000	692	692	86	query_pubchem_cid	direction,cell_type,time_key	direction	95% BCa bootstrap CI clustered by PubChem compound; uncertainty is over the observed compound panel, not broader chemical space.
l1000_phase1	tahoe	logFC	strict_matched_condition	cosine	per_gene_population_zscore_dataset	reviewer_minimal_retrieval_dataset_pair	target_individual_mean_similarity	target_individual_mean_similarity	0.0060414473537193135	0.0015960774001565297	0.010404849596757979	0.004404386098300725	bca	ok	0.95	2000	2000	692	687	86	query_pubchem_cid	direction,cell_type,time_key	direction	95% BCa bootstrap CI clustered by PubChem compound; uncertainty is over the observed compound panel, not broader chemical space.
l1000_phase1	tahoe	logFC	strict_matched_condition	cosine	per_gene_population_zscore_dataset	reviewer_minimal_retrieval_dataset_pair	target_individual_sd_similarity	target_individual_sd_similarity	0.05963737841374884	0.05642643247478467	0.06322974966637496	0.0034016585957951442	bca	ok	0.95	2000	2000	692	687	86	query_pubchem_cid	direction,cell_type,time_key	direction	95% BCa bootstrap CI clustered by PubChem compound; uncertainty is over the observed compound panel, not broader chemical space.
l1000_phase1	tahoe	logFC	strict_matched_condition	cosine	per_gene_population_zscore_dataset	reviewer_minimal_retrieval_dataset_pair	target_individual_n_below_observed	target_individual_n_below_observed	85.22886740608666	76.4753490096537	94.93277315796041	9.228712074153357	bca	ok	0.95	2000	2000	692	692	86	query_pubchem_cid	direction,cell_type,time_key	direction	95% BCa bootstrap CI clustered by PubChem compound; uncertainty is over the observed compound panel, not broader chemical space.
l1000_phase1	tahoe	logFC	strict_matched_condition	cosine	per_gene_population_zscore_dataset	reviewer_minimal_retrieval_dataset_pair	target_individual_fraction_below_observed	target_individual_fraction_below_observed	0.6484313197268585	0.5760174522522802	0.7178834605004343	0.07093300412407705	bca	ok	0.95	2000	2000	692	687	86	query_pubchem_cid	direction,cell_type,time_key	direction	95% BCa bootstrap CI clustered by PubChem compound; uncertainty is over the observed compound panel, not broader chemical space.
l1000_phase1	tahoe	logFC	strict_matched_condition	cosine	per_gene_population_zscore_dataset	reviewer_minimal_retrieval_dataset_pair	target_individual_corrected_percentile	target_individual_corrected_percentile	0.6547882461783135	0.5834437933543934	0.7291795817163923	0.07286789418099943	bca	ok	0.95	2000	2000	692	687	86	query_pubchem_cid	direction,cell_type,time_key	direction	95% BCa bootstrap CI clustered by PubChem compound; uncertainty is over the observed compound panel, not broader chemical space.
l1000_phase1	tahoe	logFC	strict_matched_condition	cosine	per_gene_population_zscore_dataset	reviewer_minimal_retrieval_dataset_pair	source_centroid_similarity	source_centroid_similarity	0.198573116231556	0.17020547211779607	0.23064209596604687	0.0302183119241254	bca	ok	0.95	2000	2000	692	675	86	query_pubchem_cid	direction,cell_type,time_key	direction	95% BCa bootstrap CI clustered by PubChem compound; uncertainty is over the observed compound panel, not broader chemical space.
l1000_phase1	tahoe	logFC	strict_matched_condition	cosine	per_gene_population_zscore_dataset	reviewer_minimal_retrieval_dataset_pair	source_centroid_normalized_rank	source_centroid_normalized_rank	0.8287097715874262	0.7836564613853949	0.8661056872304624	0.041224612922533765	bca	ok	0.95	2000	2000	692	675	86	query_pubchem_cid	direction,cell_type,time_key	direction	95% BCa bootstrap CI clustered by PubChem compound; uncertainty is over the observed compound panel, not broader chemical space.
l1000_phase1	tahoe	logFC	strict_matched_condition	cosine	per_gene_population_zscore_dataset	reviewer_minimal_retrieval_dataset_pair	source_centroid_recall_at_1	source_centroid_recall_at_1	0.586489807502675	0.48992577076133076	0.6523751709381385	0.08122470008840385	bca	ok	0.95	2000	2000	692	675	86	query_pubchem_cid	direction,cell_type,time_key	direction	95% BCa bootstrap CI clustered by PubChem compound; uncertainty is over the observed compound panel, not broader chemical space.
l1000_phase1	tahoe	logFC	strict_matched_condition	cosine	per_gene_population_zscore_dataset	reviewer_minimal_retrieval_dataset_pair	source_centroid_auroc	source_centroid_auroc	0.8287097715874261	0.7862006127608373	0.8668955038436866	0.040347445541424665	bca	ok	0.95	2000	2000	692	675	86	query_pubchem_cid	direction,cell_type,time_key	direction	95% BCa bootstrap CI clustered by PubChem compound; uncertainty is over the observed compound panel, not broader chemical space.
l1000_phase1	tahoe	logFC	strict_matched_condition	cosine	per_gene_population_zscore_dataset	reviewer_minimal_retrieval_dataset_pair	target_centroid_similarity	target_centroid_similarity	0.008964299839156153	-0.0019198066215957376	0.021020336287229744	0.01147007145441274	bca	ok	0.95	2000	2000	692	687	86	query_pubchem_cid	direction,cell_type,time_key	direction	95% BCa bootstrap CI clustered by PubChem compound; uncertainty is over the observed compound panel, not broader chemical space.
l1000_phase1	tahoe	logFC	strict_matched_condition	cosine	per_gene_population_zscore_dataset	reviewer_minimal_retrieval_dataset_pair	target_centroid_normalized_rank	target_centroid_normalized_rank	0.5295354870170148	0.4918742031396445	0.5671774240582593	0.03765161045930743	bca	ok	0.95	2000	2000	692	687	86	query_pubchem_cid	direction,cell_type,time_key	direction	95% BCa bootstrap CI clustered by PubChem compound; uncertainty is over the observed compound panel, not broader chemical space.
l1000_phase1	tahoe	logFC	strict_matched_condition	cosine	per_gene_population_zscore_dataset	reviewer_minimal_retrieval_dataset_pair	target_centroid_recall_at_1	target_centroid_recall_at_1	0.0	0.0	0.0	0.0	degenerate	zero_bootstrap_variance	0.95	2000	2000	692	687	86	query_pubchem_cid	direction,cell_type,time_key	direction	95% BCa bootstrap CI clustered by PubChem compound; uncertainty is over the observed compound panel, not broader chemical space.
l1000_phase1	tahoe	logFC	strict_matched_condition	cosine	per_gene_population_zscore_dataset	reviewer_minimal_retrieval_dataset_pair	target_centroid_auroc	target_centroid_auroc	0.5295381494947164	0.49169451438786266	0.5678499274365183	0.03807770652432782	bca	ok	0.95	2000	2000	692	687	86	query_pubchem_cid	direction,cell_type,time_key	direction	95% BCa bootstrap CI clustered by PubChem compound; uncertainty is over the observed compound panel, not broader chemical space.
l1000_phase1	tahoe	logFC	strict_matched_condition	cosine	per_gene_population_zscore_dataset	reviewer_minimal_retrieval_dataset_pair	source_peer_normalized_rank	source_peer_normalized_rank	0.6582242603748873	0.62931851346889	0.6822978653462266	0.0264896759386683	bca	ok	0.95	2000	2000	692	675	86	query_pubchem_cid	direction,cell_type,time_key	direction	95% BCa bootstrap CI clustered by PubChem compound; uncertainty is over the observed compound panel, not broader chemical space.
l1000_phase1	tahoe	logFC	strict_matched_condition	cosine	per_gene_population_zscore_dataset	reviewer_minimal_retrieval_dataset_pair	target_peer_normalized_rank	target_peer_normalized_rank	0.5128741798000471	0.5018256739829277	0.5203846816812236	0.009279503849147996	bca	ok	0.95	2000	2000	692	687	86	query_pubchem_cid	direction,cell_type,time_key	direction	95% BCa bootstrap CI clustered by PubChem compound; uncertainty is over the observed compound panel, not broader chemical space.
l1000_phase1	tahoe	logFC	strict_matched_condition	cosine	per_gene_population_zscore_dataset	reviewer_minimal_retrieval_dataset_pair	delta_vs_source_peer_normalized_rank	delta_vs_source_peer_normalized_rank	-0.006982408792528549	-0.06692456701380949	0.05586072449986026	0.06139264575683487	bca	ok	0.95	2000	2000	692	675	86	query_pubchem_cid	direction,cell_type,time_key	direction	95% BCa bootstrap CI clustered by PubChem compound; uncertainty is over the observed compound panel, not broader chemical space.
l1000_phase1	tahoe	logFC	strict_matched_condition	cosine	per_gene_population_zscore_dataset	reviewer_minimal_retrieval_dataset_pair	delta_vs_target_peer_normalized_rank	delta_vs_target_peer_normalized_rank	0.1362758957482927	0.06655062332114905	0.20731403789285485	0.0703817072858529	bca	ok	0.95	2000	2000	692	687	86	query_pubchem_cid	direction,cell_type,time_key	direction	95% BCa bootstrap CI clustered by PubChem compound; uncertainty is over the observed compound panel, not broader chemical space.
l1000_phase1	tahoe	logFC	strict_matched_condition	cosine	per_gene_population_zscore_dataset	reviewer_minimal_retrieval_dataset_pair	target_decoy_null_normalized_best_positive_rank	target_decoy_null_normalized_best_positive_rank	0.6427509313659787	0.6340133868316575	0.6606240395779424	0.013305326373142412	bca	ok	0.95	2000	2000	692	692	86	query_pubchem_cid	direction,cell_type,time_key	direction	95% BCa bootstrap CI clustered by PubChem compound; uncertainty is over the observed compound panel, not broader chemical space.
l1000_phase1	tahoe	logFC	strict_matched_condition	cosine	per_gene_population_zscore_dataset	reviewer_minimal_retrieval_dataset_pair	delta_vs_target_decoy_null_normalized_best_positive_rank	delta_vs_target_decoy_null_normalized_best_positive_rank	0.012837013475984212	-0.056422121676446106	0.07778342569396457	0.06710277368520534	bca	ok	0.95	2000	2000	692	692	86	query_pubchem_cid	direction,cell_type,time_key	direction	95% BCa bootstrap CI clustered by PubChem compound; uncertainty is over the observed compound panel, not broader chemical space.
l1000_phase1	tahoe	logFC	strict_matched_condition	cosine	raw	reviewer_minimal_retrieval_dataset_pair	observed_normalized_best_positive_rank	observed_normalized_best_positive_rank	0.6407092769591377	0.5684433865251283	0.7162094187673793	0.07388301612112552	bca	ok	0.95	2000	2000	692	692	86	query_pubchem_cid	direction,cell_type,time_key	direction	95% BCa bootstrap CI clustered by PubChem compound; uncertainty is over the observed compound panel, not broader chemical space.
l1000_phase1	tahoe	logFC	strict_matched_condition	cosine	raw	reviewer_minimal_retrieval_dataset_pair	observed_recall_at_1	observed_recall_at_1	0.0926223114014237	0.04721857781672818	0.15957370101347135	0.05617756159837158	bca	ok	0.95	2000	2000	692	692	86	query_pubchem_cid	direction,cell_type,time_key	direction	95% BCa bootstrap CI clustered by PubChem compound; uncertainty is over the observed compound panel, not broader chemical space.
l1000_phase1	tahoe	logFC	strict_matched_condition	cosine	raw	reviewer_minimal_retrieval_dataset_pair	observed_auroc	observed_auroc	0.6396854371400762	0.5626117757672703	0.7074820463292236	0.07243513528097667	bca	ok	0.95	2000	2000	692	692	86	query_pubchem_cid	direction,cell_type,time_key	direction	95% BCa bootstrap CI clustered by PubChem compound; uncertainty is over the observed compound panel, not broader chemical space.
l1000_phase1	tahoe	logFC	strict_matched_condition	cosine	raw	reviewer_minimal_retrieval_dataset_pair	observed_best_positive_similarity	observed_best_positive_similarity	0.060786195192790465	0.03278388861781727	0.10529377964744063	0.03625494551481168	bca	ok	0.95	2000	2000	692	692	86	query_pubchem_cid	direction,cell_type,time_key	direction	95% BCa bootstrap CI clustered by PubChem compound; uncertainty is over the observed compound panel, not broader chemical space.
l1000_phase1	tahoe	logFC	strict_matched_condition	cosine	raw	reviewer_minimal_retrieval_dataset_pair	random_normalized_best_positive_rank	random_normalized_best_positive_rank					not_estimable	too_few_clusters_or_values	0.95	2000	0	692	0	0	query_pubchem_cid	direction,cell_type,time_key	direction	95% BCa bootstrap CI clustered by PubChem compound; uncertainty is over the observed compound panel, not broader chemical space.
l1000_phase1	tahoe	logFC	strict_matched_condition	cosine	raw	reviewer_minimal_retrieval_dataset_pair	random_recall_at_1	random_recall_at_1					not_estimable	too_few_clusters_or_values	0.95	2000	0	692	0	0	query_pubchem_cid	direction,cell_type,time_key	direction	95% BCa bootstrap CI clustered by PubChem compound; uncertainty is over the observed compound panel, not broader chemical space.
l1000_phase1	tahoe	logFC	strict_matched_condition	cosine	raw	reviewer_minimal_retrieval_dataset_pair	random_auroc	random_auroc					not_estimable	too_few_clusters_or_values	0.95	2000	0	692	0	0	query_pubchem_cid	direction,cell_type,time_key	direction	95% BCa bootstrap CI clustered by PubChem compound; uncertainty is over the observed compound panel, not broader chemical space.
l1000_phase1	tahoe	logFC	strict_matched_condition	cosine	raw	reviewer_minimal_retrieval_dataset_pair	delta_vs_random_normalized_best_positive_rank	delta_vs_random_normalized_best_positive_rank	-0.0020416544068409606	-0.08159592492084006	0.06350143709523531	0.07254868100803769	bca	ok	0.95	2000	2000	692	692	86	query_pubchem_cid	direction,cell_type,time_key	direction	95% BCa bootstrap CI clustered by PubChem compound; uncertainty is over the observed compound panel, not broader chemical space.
l1000_phase1	tahoe	logFC	strict_matched_condition	cosine	raw	reviewer_minimal_retrieval_dataset_pair	source_individual_n_peers	source_individual_n_peers	134.89086055483978	123.44594939273556	144.25262895629055	10.403339781777497	bca	ok	0.95	2000	2000	692	692	86	query_pubchem_cid	direction,cell_type,time_key	direction	95% BCa bootstrap CI clustered by PubChem compound; uncertainty is over the observed compound panel, not broader chemical space.
l1000_phase1	tahoe	logFC	strict_matched_condition	cosine	raw	reviewer_minimal_retrieval_dataset_pair	source_individual_mean_similarity	source_individual_mean_similarity	0.12343847851890666	0.11083193044882803	0.13348064848463317	0.011324359017902574	bca	ok	0.95	2000	2000	692	675	86	query_pubchem_cid	direction,cell_type,time_key	direction	95% BCa bootstrap CI clustered by PubChem compound; uncertainty is over the observed compound panel, not broader chemical space.
l1000_phase1	tahoe	logFC	strict_matched_condition	cosine	raw	reviewer_minimal_retrieval_dataset_pair	source_individual_sd_similarity	source_individual_sd_similarity	0.12846280794106624	0.11942300058787714	0.13829376170451063	0.009435380558316747	bca	ok	0.95	2000	2000	692	675	86	query_pubchem_cid	direction,cell_type,time_key	direction	95% BCa bootstrap CI clustered by PubChem compound; uncertainty is over the observed compound panel, not broader chemical space.
l1000_phase1	tahoe	logFC	strict_matched_condition	cosine	raw	reviewer_minimal_retrieval_dataset_pair	source_individual_n_below_observed	source_individual_n_below_observed	52.2926678307686	45.347037582744136	59.413817618505355	7.03339001788061	bca	ok	0.95	2000	2000	692	692	86	query_pubchem_cid	direction,cell_type,time_key	direction	95% BCa bootstrap CI clustered by PubChem compound; uncertainty is over the observed compound panel, not broader chemical space.
l1000_phase1	tahoe	logFC	strict_matched_condition	cosine	raw	reviewer_minimal_retrieval_dataset_pair	source_individual_fraction_below_observed	source_individual_fraction_below_observed	0.3502568643856433	0.28964689365088514	0.4519895557703985	0.08117133105975669	bca	ok	0.95	2000	2000	692	675	86	query_pubchem_cid	direction,cell_type,time_key	direction	95% BCa bootstrap CI clustered by PubChem compound; uncertainty is over the observed compound panel, not broader chemical space.
l1000_phase1	tahoe	logFC	strict_matched_condition	cosine	raw	reviewer_minimal_retrieval_dataset_pair	source_individual_corrected_percentile	source_individual_corrected_percentile	0.3648741919050596	0.30530007887071414	0.46294195425591783	0.07882093769260184	bca	ok	0.95	2000	2000	692	675	86	query_pubchem_cid	direction,cell_type,time_key	direction	95% BCa bootstrap CI clustered by PubChem compound; uncertainty is over the observed compound panel, not broader chemical space.
l1000_phase1	tahoe	logFC	strict_matched_condition	cosine	raw	reviewer_minimal_retrieval_dataset_pair	target_individual_n_peers	target_individual_n_peers	135.05406030949746	123.01870482360044	144.00743640404048	10.494365790220016	bca	ok	0.95	2000	2000	692	692	86	query_pubchem_cid	direction,cell_type,time_key	direction	95% BCa bootstrap CI clustered by PubChem compound; uncertainty is over the observed compound panel, not broader chemical space.
l1000_phase1	tahoe	logFC	strict_matched_condition	cosine	raw	reviewer_minimal_retrieval_dataset_pair	target_individual_mean_similarity	target_individual_mean_similarity	0.006513256457551337	0.002220388018405704	0.010781557197772556	0.004280584589683426	bca	ok	0.95	2000	2000	692	687	86	query_pubchem_cid	direction,cell_type,time_key	direction	95% BCa bootstrap CI clustered by PubChem compound; uncertainty is over the observed compound panel, not broader chemical space.
l1000_phase1	tahoe	logFC	strict_matched_condition	cosine	raw	reviewer_minimal_retrieval_dataset_pair	target_individual_sd_similarity	target_individual_sd_similarity	0.051980760368571625	0.04914044230856477	0.05542180294925433	0.0031406803203447783	bca	ok	0.95	2000	2000	692	687	86	query_pubchem_cid	direction,cell_type,time_key	direction	95% BCa bootstrap CI clustered by PubChem compound; uncertainty is over the observed compound panel, not broader chemical space.
l1000_phase1	tahoe	logFC	strict_matched_condition	cosine	raw	reviewer_minimal_retrieval_dataset_pair	target_individual_n_below_observed	target_individual_n_below_observed	82.43396306207359	73.18274606898834	92.34071159364305	9.578982762327357	bca	ok	0.95	2000	2000	692	692	86	query_pubchem_cid	direction,cell_type,time_key	direction	95% BCa bootstrap CI clustered by PubChem compound; uncertainty is over the observed compound panel, not broader chemical space.
l1000_phase1	tahoe	logFC	strict_matched_condition	cosine	raw	reviewer_minimal_retrieval_dataset_pair	target_individual_fraction_below_observed	target_individual_fraction_below_observed	0.6341649067897253	0.5568076016823318	0.7124555494487875	0.07782397388322787	bca	ok	0.95	2000	2000	692	687	86	query_pubchem_cid	direction,cell_type,time_key	direction	95% BCa bootstrap CI clustered by PubChem compound; uncertainty is over the observed compound panel, not broader chemical space.
l1000_phase1	tahoe	logFC	strict_matched_condition	cosine	raw	reviewer_minimal_retrieval_dataset_pair	target_individual_corrected_percentile	target_individual_corrected_percentile	0.6406157863958097	0.567800843666811	0.7288240207913033	0.0805115885622461	bca	ok	0.95	2000	2000	692	687	86	query_pubchem_cid	direction,cell_type,time_key	direction	95% BCa bootstrap CI clustered by PubChem compound; uncertainty is over the observed compound panel, not broader chemical space.
l1000_phase1	tahoe	logFC	strict_matched_condition	cosine	raw	reviewer_minimal_retrieval_dataset_pair	source_centroid_similarity	source_centroid_similarity	0.27343012394431393	0.24277723245556984	0.3016485215067651	0.029435644525597618	bca	ok	0.95	2000	2000	692	675	86	query_pubchem_cid	direction,cell_type,time_key	direction	95% BCa bootstrap CI clustered by PubChem compound; uncertainty is over the observed compound panel, not broader chemical space.
l1000_phase1	tahoe	logFC	strict_matched_condition	cosine	raw	reviewer_minimal_retrieval_dataset_pair	source_centroid_normalized_rank	source_centroid_normalized_rank	0.8739872248831893	0.8225893909955297	0.9068966540594527	0.0421536315319615	bca	ok	0.95	2000	2000	692	675	86	query_pubchem_cid	direction,cell_type,time_key	direction	95% BCa bootstrap CI clustered by PubChem compound; uncertainty is over the observed compound panel, not broader chemical space.
l1000_phase1	tahoe	logFC	strict_matched_condition	cosine	raw	reviewer_minimal_retrieval_dataset_pair	source_centroid_recall_at_1	source_centroid_recall_at_1	0.713149360059538	0.6263624486888321	0.7713292859682891	0.07248341863972851	bca	ok	0.95	2000	2000	692	675	86	query_pubchem_cid	direction,cell_type,time_key	direction	95% BCa bootstrap CI clustered by PubChem compound; uncertainty is over the observed compound panel, not broader chemical space.
l1000_phase1	tahoe	logFC	strict_matched_condition	cosine	raw	reviewer_minimal_retrieval_dataset_pair	source_centroid_auroc	source_centroid_auroc	0.8739872248831893	0.8175640758844341	0.9071477274412156	0.04479182577839075	bca	ok	0.95	2000	2000	692	675	86	query_pubchem_cid	direction,cell_type,time_key	direction	95% BCa bootstrap CI clustered by PubChem compound; uncertainty is over the observed compound panel, not broader chemical space.
l1000_phase1	tahoe	logFC	strict_matched_condition	cosine	raw	reviewer_minimal_retrieval_dataset_pair	target_centroid_similarity	target_centroid_similarity	0.011213088599320855	0.0015289850461172945	0.022438851544992082	0.010454933249437394	bca	ok	0.95	2000	2000	692	687	86	query_pubchem_cid	direction,cell_type,time_key	direction	95% BCa bootstrap CI clustered by PubChem compound; uncertainty is over the observed compound panel, not broader chemical space.
l1000_phase1	tahoe	logFC	strict_matched_condition	cosine	raw	reviewer_minimal_retrieval_dataset_pair	target_centroid_normalized_rank	target_centroid_normalized_rank	0.5324638551262149	0.48978734931730084	0.5741193910700885	0.04216602087639382	bca	ok	0.95	2000	2000	692	687	86	query_pubchem_cid	direction,cell_type,time_key	direction	95% BCa bootstrap CI clustered by PubChem compound; uncertainty is over the observed compound panel, not broader chemical space.
l1000_phase1	tahoe	logFC	strict_matched_condition	cosine	raw	reviewer_minimal_retrieval_dataset_pair	target_centroid_recall_at_1	target_centroid_recall_at_1	0.0	0.0	0.0	0.0	degenerate	zero_bootstrap_variance	0.95	2000	2000	692	687	86	query_pubchem_cid	direction,cell_type,time_key	direction	95% BCa bootstrap CI clustered by PubChem compound; uncertainty is over the observed compound panel, not broader chemical space.
l1000_phase1	tahoe	logFC	strict_matched_condition	cosine	raw	reviewer_minimal_retrieval_dataset_pair	target_centroid_auroc	target_centroid_auroc	0.5324665176039167	0.49025202901560455	0.5765141339904871	0.043131052487441285	bca	ok	0.95	2000	2000	692	687	86	query_pubchem_cid	direction,cell_type,time_key	direction	95% BCa bootstrap CI clustered by PubChem compound; uncertainty is over the observed compound panel, not broader chemical space.
l1000_phase1	tahoe	logFC	strict_matched_condition	cosine	raw	reviewer_minimal_retrieval_dataset_pair	source_peer_normalized_rank	source_peer_normalized_rank	0.766728829522489	0.7350635600721298	0.7895771870197069	0.027256813473788555	bca	ok	0.95	2000	2000	692	675	86	query_pubchem_cid	direction,cell_type,time_key	direction	95% BCa bootstrap CI clustered by PubChem compound; uncertainty is over the observed compound panel, not broader chemical space.
l1000_phase1	tahoe	logFC	strict_matched_condition	cosine	raw	reviewer_minimal_retrieval_dataset_pair	target_peer_normalized_rank	target_peer_normalized_rank	0.5147965460201771	0.5052383121875701	0.5227077676208582	0.008734727716644075	bca	ok	0.95	2000	2000	692	687	86	query_pubchem_cid	direction,cell_type,time_key	direction	95% BCa bootstrap CI clustered by PubChem compound; uncertainty is over the observed compound panel, not broader chemical space.
l1000_phase1	tahoe	logFC	strict_matched_condition	cosine	raw	reviewer_minimal_retrieval_dataset_pair	delta_vs_source_peer_normalized_rank	delta_vs_source_peer_normalized_rank	-0.1291943051412391	-0.2005391254665193	-0.06171032023869883	0.06941440261391024	bca	ok	0.95	2000	2000	692	675	86	query_pubchem_cid	direction,cell_type,time_key	direction	95% BCa bootstrap CI clustered by PubChem compound; uncertainty is over the observed compound panel, not broader chemical space.
l1000_phase1	tahoe	logFC	strict_matched_condition	cosine	raw	reviewer_minimal_retrieval_dataset_pair	delta_vs_target_peer_normalized_rank	delta_vs_target_peer_normalized_rank	0.11925863765316533	0.04524047276428023	0.1939413683628658	0.07435044779929278	bca	ok	0.95	2000	2000	692	687	86	query_pubchem_cid	direction,cell_type,time_key	direction	95% BCa bootstrap CI clustered by PubChem compound; uncertainty is over the observed compound panel, not broader chemical space.
l1000_phase1	tahoe	logFC	strict_matched_condition	cosine	raw	reviewer_minimal_retrieval_dataset_pair	target_decoy_null_normalized_best_positive_rank	target_decoy_null_normalized_best_positive_rank	0.6427509313659787	0.6340928817724472	0.6618178950138877	0.01386250662072025	bca	ok	0.95	2000	2000	692	692	86	query_pubchem_cid	direction,cell_type,time_key	direction	95% BCa bootstrap CI clustered by PubChem compound; uncertainty is over the observed compound panel, not broader chemical space.
l1000_phase1	tahoe	logFC	strict_matched_condition	cosine	raw	reviewer_minimal_retrieval_dataset_pair	delta_vs_target_decoy_null_normalized_best_positive_rank	delta_vs_target_decoy_null_normalized_best_positive_rank	-0.0020416544068409606	-0.07501878769776177	0.06799377044097248	0.07150627906936713	bca	ok	0.95	2000	2000	692	692	86	query_pubchem_cid	direction,cell_type,time_key	direction	95% BCa bootstrap CI clustered by PubChem compound; uncertainty is over the observed compound panel, not broader chemical space.
l1000_phase1	tahoe	logFC	strict_matched_condition	spearman	per_gene_population_zscore_dataset	reviewer_minimal_retrieval_dataset_pair	observed_normalized_best_positive_rank	observed_normalized_best_positive_rank	0.6525887149891156	0.5830167586731115	0.7244871489169994	0.07073519512194393	bca	ok	0.95	2000	2000	692	692	86	query_pubchem_cid	direction,cell_type,time_key	direction	95% BCa bootstrap CI clustered by PubChem compound; uncertainty is over the observed compound panel, not broader chemical space.
l1000_phase1	tahoe	logFC	strict_matched_condition	spearman	per_gene_population_zscore_dataset	reviewer_minimal_retrieval_dataset_pair	observed_recall_at_1	observed_recall_at_1	0.11433958939992414	0.05668573396865052	0.19394281752531012	0.0686285417783298	bca	ok	0.95	2000	2000	692	692	86	query_pubchem_cid	direction,cell_type,time_key	direction	95% BCa bootstrap CI clustered by PubChem compound; uncertainty is over the observed compound panel, not broader chemical space.
l1000_phase1	tahoe	logFC	strict_matched_condition	spearman	per_gene_population_zscore_dataset	reviewer_minimal_retrieval_dataset_pair	observed_auroc	observed_auroc	0.6512090287544996	0.5905159347927843	0.7316041245714784	0.07054409488934704	bca	ok	0.95	2000	2000	692	692	86	query_pubchem_cid	direction,cell_type,time_key	direction	95% BCa bootstrap CI clustered by PubChem compound; uncertainty is over the observed compound panel, not broader chemical space.
l1000_phase1	tahoe	logFC	strict_matched_condition	spearman	per_gene_population_zscore_dataset	reviewer_minimal_retrieval_dataset_pair	observed_best_positive_similarity	observed_best_positive_similarity	0.0643806971557995	0.036593623750687344	0.10372289085549331	0.03356463355240298	bca	ok	0.95	2000	2000	692	692	86	query_pubchem_cid	direction,cell_type,time_key	direction	95% BCa bootstrap CI clustered by PubChem compound; uncertainty is over the observed compound panel, not broader chemical space.
l1000_phase1	tahoe	logFC	strict_matched_condition	spearman	per_gene_population_zscore_dataset	reviewer_minimal_retrieval_dataset_pair	random_normalized_best_positive_rank	random_normalized_best_positive_rank					not_estimable	too_few_clusters_or_values	0.95	2000	0	692	0	0	query_pubchem_cid	direction,cell_type,time_key	direction	95% BCa bootstrap CI clustered by PubChem compound; uncertainty is over the observed compound panel, not broader chemical space.
l1000_phase1	tahoe	logFC	strict_matched_condition	spearman	per_gene_population_zscore_dataset	reviewer_minimal_retrieval_dataset_pair	random_recall_at_1	random_recall_at_1					not_estimable	too_few_clusters_or_values	0.95	2000	0	692	0	0	query_pubchem_cid	direction,cell_type,time_key	direction	95% BCa bootstrap CI clustered by PubChem compound; uncertainty is over the observed compound panel, not broader chemical space.
l1000_phase1	tahoe	logFC	strict_matched_condition	spearman	per_gene_population_zscore_dataset	reviewer_minimal_retrieval_dataset_pair	random_auroc	random_auroc					not_estimable	too_few_clusters_or_values	0.95	2000	0	692	0	0	query_pubchem_cid	direction,cell_type,time_key	direction	95% BCa bootstrap CI clustered by PubChem compound; uncertainty is over the observed compound panel, not broader chemical space.
l1000_phase1	tahoe	logFC	strict_matched_condition	spearman	per_gene_population_zscore_dataset	reviewer_minimal_retrieval_dataset_pair	delta_vs_random_normalized_best_positive_rank	delta_vs_random_normalized_best_positive_rank	0.009837783623136975	-0.06114650340126766	0.07803296752488817	0.06958973546307792	bca	ok	0.95	2000	2000	692	692	86	query_pubchem_cid	direction,cell_type,time_key	direction	95% BCa bootstrap CI clustered by PubChem compound; uncertainty is over the observed compound panel, not broader chemical space.
l1000_phase1	tahoe	logFC	strict_matched_condition	spearman	per_gene_population_zscore_dataset	reviewer_minimal_retrieval_dataset_pair	source_individual_n_peers	source_individual_n_peers	134.89086055483978	123.11100041887994	143.67510924338492	10.282054412252492	bca	ok	0.95	2000	2000	692	692	86	query_pubchem_cid	direction,cell_type,time_key	direction	95% BCa bootstrap CI clustered by PubChem compound; uncertainty is over the observed compound panel, not broader chemical space.
l1000_phase1	tahoe	logFC	strict_matched_condition	spearman	per_gene_population_zscore_dataset	reviewer_minimal_retrieval_dataset_pair	source_individual_mean_similarity	source_individual_mean_similarity	0.07947272698866523	0.06825123218918518	0.09045903452560629	0.011103901168210556	bca	ok	0.95	2000	2000	692	675	86	query_pubchem_cid	direction,cell_type,time_key	direction	95% BCa bootstrap CI clustered by PubChem compound; uncertainty is over the observed compound panel, not broader chemical space.
l1000_phase1	tahoe	logFC	strict_matched_condition	spearman	per_gene_population_zscore_dataset	reviewer_minimal_retrieval_dataset_pair	source_individual_sd_similarity	source_individual_sd_similarity	0.1440478437163487	0.13427871229599384	0.15357628695928793	0.009648787331647049	bca	ok	0.95	2000	2000	692	675	86	query_pubchem_cid	direction,cell_type,time_key	direction	95% BCa bootstrap CI clustered by PubChem compound; uncertainty is over the observed compound panel, not broader chemical space.
l1000_phase1	tahoe	logFC	strict_matched_condition	spearman	per_gene_population_zscore_dataset	reviewer_minimal_retrieval_dataset_pair	source_individual_n_below_observed	source_individual_n_below_observed	63.89854357975415	56.73440106852962	69.92921722706024	6.597408079265307	bca	ok	0.95	2000	2000	692	692	86	query_pubchem_cid	direction,cell_type,time_key	direction	95% BCa bootstrap CI clustered by PubChem compound; uncertainty is over the observed compound panel, not broader chemical space.
l1000_phase1	tahoe	logFC	strict_matched_condition	spearman	per_gene_population_zscore_dataset	reviewer_minimal_retrieval_dataset_pair	source_individual_fraction_below_observed	source_individual_fraction_below_observed	0.46369822464468025	0.41080610695829733	0.5484094463329973	0.06880166968734996	bca	ok	0.95	2000	2000	692	675	86	query_pubchem_cid	direction,cell_type,time_key	direction	95% BCa bootstrap CI clustered by PubChem compound; uncertainty is over the observed compound panel, not broader chemical space.
l1000_phase1	tahoe	logFC	strict_matched_condition	spearman	per_gene_population_zscore_dataset	reviewer_minimal_retrieval_dataset_pair	source_individual_corrected_percentile	source_individual_corrected_percentile	0.4747591407908506	0.42247396097084405	0.5580679995061343	0.06779701926764511	bca	ok	0.95	2000	2000	692	675	86	query_pubchem_cid	direction,cell_type,time_key	direction	95% BCa bootstrap CI clustered by PubChem compound; uncertainty is over the observed compound panel, not broader chemical space.
l1000_phase1	tahoe	logFC	strict_matched_condition	spearman	per_gene_population_zscore_dataset	reviewer_minimal_retrieval_dataset_pair	target_individual_n_peers	target_individual_n_peers	135.05406030949746	122.67097665593585	144.24346286716147	10.786243105612812	bca	ok	0.95	2000	2000	692	692	86	query_pubchem_cid	direction,cell_type,time_key	direction	95% BCa bootstrap CI clustered by PubChem compound; uncertainty is over the observed compound panel, not broader chemical space.
l1000_phase1	tahoe	logFC	strict_matched_condition	spearman	per_gene_population_zscore_dataset	reviewer_minimal_retrieval_dataset_pair	target_individual_mean_similarity	target_individual_mean_similarity	0.0051752767790628025	0.0014208384003714686	0.00970861281707013	0.004143887208349331	bca	ok	0.95	2000	2000	692	687	86	query_pubchem_cid	direction,cell_type,time_key	direction	95% BCa bootstrap CI clustered by PubChem compound; uncertainty is over the observed compound panel, not broader chemical space.
l1000_phase1	tahoe	logFC	strict_matched_condition	spearman	per_gene_population_zscore_dataset	reviewer_minimal_retrieval_dataset_pair	target_individual_sd_similarity	target_individual_sd_similarity	0.05475373412368166	0.052039140072138966	0.057652321433426953	0.0028065906806439937	bca	ok	0.95	2000	2000	692	687	86	query_pubchem_cid	direction,cell_type,time_key	direction	95% BCa bootstrap CI clustered by PubChem compound; uncertainty is over the observed compound panel, not broader chemical space.
l1000_phase1	tahoe	logFC	strict_matched_condition	spearman	per_gene_population_zscore_dataset	reviewer_minimal_retrieval_dataset_pair	target_individual_n_below_observed	target_individual_n_below_observed	86.03620941958205	76.69190043553337	97.32755468205347	10.317827123260052	bca	ok	0.95	2000	2000	692	692	86	query_pubchem_cid	direction,cell_type,time_key	direction	95% BCa bootstrap CI clustered by PubChem compound; uncertainty is over the observed compound panel, not broader chemical space.
l1000_phase1	tahoe	logFC	strict_matched_condition	spearman	per_gene_population_zscore_dataset	reviewer_minimal_retrieval_dataset_pair	target_individual_fraction_below_observed	target_individual_fraction_below_observed	0.6514130495504035	0.5801822684457738	0.7342155070060968	0.07701661928016151	bca	ok	0.95	2000	2000	692	687	86	query_pubchem_cid	direction,cell_type,time_key	direction	95% BCa bootstrap CI clustered by PubChem compound; uncertainty is over the observed compound panel, not broader chemical space.
l1000_phase1	tahoe	logFC	strict_matched_condition	spearman	per_gene_population_zscore_dataset	reviewer_minimal_retrieval_dataset_pair	target_individual_corrected_percentile	target_individual_corrected_percentile	0.6576812621584562	0.5803137653850192	0.733818068320329	0.0767521514676549	bca	ok	0.95	2000	2000	692	687	86	query_pubchem_cid	direction,cell_type,time_key	direction	95% BCa bootstrap CI clustered by PubChem compound; uncertainty is over the observed compound panel, not broader chemical space.
l1000_phase1	tahoe	logFC	strict_matched_condition	spearman	per_gene_population_zscore_dataset	reviewer_minimal_retrieval_dataset_pair	source_centroid_similarity	source_centroid_similarity	0.18987665907846674	0.1605891435479918	0.21828638674982237	0.02884862160091528	bca	ok	0.95	2000	2000	692	675	86	query_pubchem_cid	direction,cell_type,time_key	direction	95% BCa bootstrap CI clustered by PubChem compound; uncertainty is over the observed compound panel, not broader chemical space.
l1000_phase1	tahoe	logFC	strict_matched_condition	spearman	per_gene_population_zscore_dataset	reviewer_minimal_retrieval_dataset_pair	source_centroid_normalized_rank	source_centroid_normalized_rank	0.8276481700353449	0.7797070021092537	0.8672147023021028	0.043753850096424574	bca	ok	0.95	2000	2000	692	675	86	query_pubchem_cid	direction,cell_type,time_key	direction	95% BCa bootstrap CI clustered by PubChem compound; uncertainty is over the observed compound panel, not broader chemical space.
l1000_phase1	tahoe	logFC	strict_matched_condition	spearman	per_gene_population_zscore_dataset	reviewer_minimal_retrieval_dataset_pair	source_centroid_recall_at_1	source_centroid_recall_at_1	0.627680383600482	0.5527723277264406	0.6889664575518367	0.06809706491269807	bca	ok	0.95	2000	2000	692	675	86	query_pubchem_cid	direction,cell_type,time_key	direction	95% BCa bootstrap CI clustered by PubChem compound; uncertainty is over the observed compound panel, not broader chemical space.
l1000_phase1	tahoe	logFC	strict_matched_condition	spearman	per_gene_population_zscore_dataset	reviewer_minimal_retrieval_dataset_pair	source_centroid_auroc	source_centroid_auroc	0.8276481700353449	0.7797206759914945	0.8672914051945316	0.04378536460151855	bca	ok	0.95	2000	2000	692	675	86	query_pubchem_cid	direction,cell_type,time_key	direction	95% BCa bootstrap CI clustered by PubChem compound; uncertainty is over the observed compound panel, not broader chemical space.
l1000_phase1	tahoe	logFC	strict_matched_condition	spearman	per_gene_population_zscore_dataset	reviewer_minimal_retrieval_dataset_pair	target_centroid_similarity	target_centroid_similarity	0.007980881500060107	-0.0020989838281767893	0.018882170512488118	0.010490577170332454	bca	ok	0.95	2000	2000	692	687	86	query_pubchem_cid	direction,cell_type,time_key	direction	95% BCa bootstrap CI clustered by PubChem compound; uncertainty is over the observed compound panel, not broader chemical space.
l1000_phase1	tahoe	logFC	strict_matched_condition	spearman	per_gene_population_zscore_dataset	reviewer_minimal_retrieval_dataset_pair	target_centroid_normalized_rank	target_centroid_normalized_rank	0.5282056712840894	0.48981772148570446	0.5681523623077793	0.03916732041103743	bca	ok	0.95	2000	2000	692	687	86	query_pubchem_cid	direction,cell_type,time_key	direction	95% BCa bootstrap CI clustered by PubChem compound; uncertainty is over the observed compound panel, not broader chemical space.
l1000_phase1	tahoe	logFC	strict_matched_condition	spearman	per_gene_population_zscore_dataset	reviewer_minimal_retrieval_dataset_pair	target_centroid_recall_at_1	target_centroid_recall_at_1	0.0	0.0	0.0	0.0	degenerate	zero_bootstrap_variance	0.95	2000	2000	692	687	86	query_pubchem_cid	direction,cell_type,time_key	direction	95% BCa bootstrap CI clustered by PubChem compound; uncertainty is over the observed compound panel, not broader chemical space.
l1000_phase1	tahoe	logFC	strict_matched_condition	spearman	per_gene_population_zscore_dataset	reviewer_minimal_retrieval_dataset_pair	target_centroid_auroc	target_centroid_auroc	0.5282083337617911	0.4916613614343763	0.5674025199677236	0.03787057926667367	bca	ok	0.95	2000	2000	692	687	86	query_pubchem_cid	direction,cell_type,time_key	direction	95% BCa bootstrap CI clustered by PubChem compound; uncertainty is over the observed compound panel, not broader chemical space.
l1000_phase1	tahoe	logFC	strict_matched_condition	spearman	per_gene_population_zscore_dataset	reviewer_minimal_retrieval_dataset_pair	source_peer_normalized_rank	source_peer_normalized_rank	0.6667833210478216	0.6375867859722857	0.6931979845264643	0.02780559927708931	bca	ok	0.95	2000	2000	692	675	86	query_pubchem_cid	direction,cell_type,time_key	direction	95% BCa bootstrap CI clustered by PubChem compound; uncertainty is over the observed compound panel, not broader chemical space.
l1000_phase1	tahoe	logFC	strict_matched_condition	spearman	per_gene_population_zscore_dataset	reviewer_minimal_retrieval_dataset_pair	target_peer_normalized_rank	target_peer_normalized_rank	0.5091992385922054	0.49755594681068005	0.5166774772795896	0.00956076523445476	bca	ok	0.95	2000	2000	692	687	86	query_pubchem_cid	direction,cell_type,time_key	direction	95% BCa bootstrap CI clustered by PubChem compound; uncertainty is over the observed compound panel, not broader chemical space.
l1000_phase1	tahoe	logFC	strict_matched_condition	spearman	per_gene_population_zscore_dataset	reviewer_minimal_retrieval_dataset_pair	delta_vs_source_peer_normalized_rank	delta_vs_source_peer_normalized_rank	-0.018741956641484484	-0.08348734688231461	0.048870306891073835	0.06617882688669423	bca	ok	0.95	2000	2000	692	675	86	query_pubchem_cid	direction,cell_type,time_key	direction	95% BCa bootstrap CI clustered by PubChem compound; uncertainty is over the observed compound panel, not broader chemical space.
l1000_phase1	tahoe	logFC	strict_matched_condition	spearman	per_gene_population_zscore_dataset	reviewer_minimal_retrieval_dataset_pair	delta_vs_target_peer_normalized_rank	delta_vs_target_peer_normalized_rank	0.135531868511568	0.060330207107047236	0.21089363950293172	0.07528171619794224	bca	ok	0.95	2000	2000	692	687	86	query_pubchem_cid	direction,cell_type,time_key	direction	95% BCa bootstrap CI clustered by PubChem compound; uncertainty is over the observed compound panel, not broader chemical space.
l1000_phase1	tahoe	logFC	strict_matched_condition	spearman	per_gene_population_zscore_dataset	reviewer_minimal_retrieval_dataset_pair	target_decoy_null_normalized_best_positive_rank	target_decoy_null_normalized_best_positive_rank	0.6427509313659787	0.6335066351351089	0.6602831888605198	0.013388276862705495	bca	ok	0.95	2000	2000	692	692	86	query_pubchem_cid	direction,cell_type,time_key	direction	95% BCa bootstrap CI clustered by PubChem compound; uncertainty is over the observed compound panel, not broader chemical space.
l1000_phase1	tahoe	logFC	strict_matched_condition	spearman	per_gene_population_zscore_dataset	reviewer_minimal_retrieval_dataset_pair	delta_vs_target_decoy_null_normalized_best_positive_rank	delta_vs_target_decoy_null_normalized_best_positive_rank	0.009837783623136975	-0.060425233811155346	0.0824301371364218	0.07142768547378858	bca	ok	0.95	2000	2000	692	692	86	query_pubchem_cid	direction,cell_type,time_key	direction	95% BCa bootstrap CI clustered by PubChem compound; uncertainty is over the observed compound panel, not broader chemical space.
l1000_phase1	tahoe	logFC	strict_matched_condition	spearman	raw	reviewer_minimal_retrieval_dataset_pair	observed_normalized_best_positive_rank	observed_normalized_best_positive_rank	0.6403006031431895	0.571327078414793	0.7166690900341722	0.0726710058096896	bca	ok	0.95	2000	2000	692	692	86	query_pubchem_cid	direction,cell_type,time_key	direction	95% BCa bootstrap CI clustered by PubChem compound; uncertainty is over the observed compound panel, not broader chemical space.
l1000_phase1	tahoe	logFC	strict_matched_condition	spearman	raw	reviewer_minimal_retrieval_dataset_pair	observed_recall_at_1	observed_recall_at_1	0.06912360663509526	0.03258184499312327	0.13181213306115921	0.04961514403401797	bca	ok	0.95	2000	2000	692	692	86	query_pubchem_cid	direction,cell_type,time_key	direction	95% BCa bootstrap CI clustered by PubChem compound; uncertainty is over the observed compound panel, not broader chemical space.
l1000_phase1	tahoe	logFC	strict_matched_condition	spearman	raw	reviewer_minimal_retrieval_dataset_pair	observed_auroc	observed_auroc	0.6390585937376507	0.5658684458288227	0.7133902185158402	0.07376088634350875	bca	ok	0.95	2000	2000	692	692	86	query_pubchem_cid	direction,cell_type,time_key	direction	95% BCa bootstrap CI clustered by PubChem compound; uncertainty is over the observed compound panel, not broader chemical space.
l1000_phase1	tahoe	logFC	strict_matched_condition	spearman	raw	reviewer_minimal_retrieval_dataset_pair	observed_best_positive_similarity	observed_best_positive_similarity	0.055952686021609487	0.031471753330209774	0.09929063883921256	0.03390944275450139	bca	ok	0.95	2000	2000	692	692	86	query_pubchem_cid	direction,cell_type,time_key	direction	95% BCa bootstrap CI clustered by PubChem compound; uncertainty is over the observed compound panel, not broader chemical space.
l1000_phase1	tahoe	logFC	strict_matched_condition	spearman	raw	reviewer_minimal_retrieval_dataset_pair	random_normalized_best_positive_rank	random_normalized_best_positive_rank					not_estimable	too_few_clusters_or_values	0.95	2000	0	692	0	0	query_pubchem_cid	direction,cell_type,time_key	direction	95% BCa bootstrap CI clustered by PubChem compound; uncertainty is over the observed compound panel, not broader chemical space.
l1000_phase1	tahoe	logFC	strict_matched_condition	spearman	raw	reviewer_minimal_retrieval_dataset_pair	random_recall_at_1	random_recall_at_1					not_estimable	too_few_clusters_or_values	0.95	2000	0	692	0	0	query_pubchem_cid	direction,cell_type,time_key	direction	95% BCa bootstrap CI clustered by PubChem compound; uncertainty is over the observed compound panel, not broader chemical space.
l1000_phase1	tahoe	logFC	strict_matched_condition	spearman	raw	reviewer_minimal_retrieval_dataset_pair	random_auroc	random_auroc					not_estimable	too_few_clusters_or_values	0.95	2000	0	692	0	0	query_pubchem_cid	direction,cell_type,time_key	direction	95% BCa bootstrap CI clustered by PubChem compound; uncertainty is over the observed compound panel, not broader chemical space.
l1000_phase1	tahoe	logFC	strict_matched_condition	spearman	raw	reviewer_minimal_retrieval_dataset_pair	delta_vs_random_normalized_best_positive_rank	delta_vs_random_normalized_best_positive_rank	-0.0024503282227889694	-0.07605484294157677	0.07575087000275162	0.07590285647216419	bca	ok	0.95	2000	2000	692	692	86	query_pubchem_cid	direction,cell_type,time_key	direction	95% BCa bootstrap CI clustered by PubChem compound; uncertainty is over the observed compound panel, not broader chemical space.
l1000_phase1	tahoe	logFC	strict_matched_condition	spearman	raw	reviewer_minimal_retrieval_dataset_pair	source_individual_n_peers	source_individual_n_peers	134.89086055483978	123.32214183344527	143.68013630582305	10.178997236188891	bca	ok	0.95	2000	2000	692	692	86	query_pubchem_cid	direction,cell_type,time_key	direction	95% BCa bootstrap CI clustered by PubChem compound; uncertainty is over the observed compound panel, not broader chemical space.
l1000_phase1	tahoe	logFC	strict_matched_condition	spearman	raw	reviewer_minimal_retrieval_dataset_pair	source_individual_mean_similarity	source_individual_mean_similarity	0.13537195522643694	0.12280031168754812	0.14678846263662032	0.011994075474536098	bca	ok	0.95	2000	2000	692	675	86	query_pubchem_cid	direction,cell_type,time_key	direction	95% BCa bootstrap CI clustered by PubChem compound; uncertainty is over the observed compound panel, not broader chemical space.
l1000_phase1	tahoe	logFC	strict_matched_condition	spearman	raw	reviewer_minimal_retrieval_dataset_pair	source_individual_sd_similarity	source_individual_sd_similarity	0.13199878621892075	0.12365678339807505	0.1407923135726496	0.008567765087287273	bca	ok	0.95	2000	2000	692	675	86	query_pubchem_cid	direction,cell_type,time_key	direction	95% BCa bootstrap CI clustered by PubChem compound; uncertainty is over the observed compound panel, not broader chemical space.
l1000_phase1	tahoe	logFC	strict_matched_condition	spearman	raw	reviewer_minimal_retrieval_dataset_pair	source_individual_n_below_observed	source_individual_n_below_observed	49.42400127822878	43.51597397747588	55.85471527515268	6.169370648838399	bca	ok	0.95	2000	2000	692	692	86	query_pubchem_cid	direction,cell_type,time_key	direction	95% BCa bootstrap CI clustered by PubChem compound; uncertainty is over the observed compound panel, not broader chemical space.
l1000_phase1	tahoe	logFC	strict_matched_condition	spearman	raw	reviewer_minimal_retrieval_dataset_pair	source_individual_fraction_below_observed	source_individual_fraction_below_observed	0.32162041933015156	0.2680380977822089	0.4220897630358711	0.0770258326268311	bca	ok	0.95	2000	2000	692	675	86	query_pubchem_cid	direction,cell_type,time_key	direction	95% BCa bootstrap CI clustered by PubChem compound; uncertainty is over the observed compound panel, not broader chemical space.
l1000_phase1	tahoe	logFC	strict_matched_condition	spearman	raw	reviewer_minimal_retrieval_dataset_pair	source_individual_corrected_percentile	source_individual_corrected_percentile	0.3372908937806829	0.28306806065551393	0.429370748911251	0.07315134412786853	bca	ok	0.95	2000	2000	692	675	86	query_pubchem_cid	direction,cell_type,time_key	direction	95% BCa bootstrap CI clustered by PubChem compound; uncertainty is over the observed compound panel, not broader chemical space.
l1000_phase1	tahoe	logFC	strict_matched_condition	spearman	raw	reviewer_minimal_retrieval_dataset_pair	target_individual_n_peers	target_individual_n_peers	135.05406030949746	123.89063185662357	143.83246774508203	9.970917944229228	bca	ok	0.95	2000	2000	692	692	86	query_pubchem_cid	direction,cell_type,time_key	direction	95% BCa bootstrap CI clustered by PubChem compound; uncertainty is over the observed compound panel, not broader chemical space.
l1000_phase1	tahoe	logFC	strict_matched_condition	spearman	raw	reviewer_minimal_retrieval_dataset_pair	target_individual_mean_similarity	target_individual_mean_similarity	0.005157193737880243	0.001511231581461419	0.0097457187283025	0.004117243573420541	bca	ok	0.95	2000	2000	692	687	86	query_pubchem_cid	direction,cell_type,time_key	direction	95% BCa bootstrap CI clustered by PubChem compound; uncertainty is over the observed compound panel, not broader chemical space.
l1000_phase1	tahoe	logFC	strict_matched_condition	spearman	raw	reviewer_minimal_retrieval_dataset_pair	target_individual_sd_similarity	target_individual_sd_similarity	0.05083622321093763	0.048245872932668556	0.053919988143579366	0.002837057605455405	bca	ok	0.95	2000	2000	692	687	86	query_pubchem_cid	direction,cell_type,time_key	direction	95% BCa bootstrap CI clustered by PubChem compound; uncertainty is over the observed compound panel, not broader chemical space.
l1000_phase1	tahoe	logFC	strict_matched_condition	spearman	raw	reviewer_minimal_retrieval_dataset_pair	target_individual_n_below_observed	target_individual_n_below_observed	82.66942443662141	73.01241910213153	93.65232312316294	10.319952010515706	bca	ok	0.95	2000	2000	692	692	86	query_pubchem_cid	direction,cell_type,time_key	direction	95% BCa bootstrap CI clustered by PubChem compound; uncertainty is over the observed compound panel, not broader chemical space.
l1000_phase1	tahoe	logFC	strict_matched_condition	spearman	raw	reviewer_minimal_retrieval_dataset_pair	target_individual_fraction_below_observed	target_individual_fraction_below_observed	0.6314736776747437	0.5554655949755151	0.718735636197106	0.08163502061079547	bca	ok	0.95	2000	2000	692	687	86	query_pubchem_cid	direction,cell_type,time_key	direction	95% BCa bootstrap CI clustered by PubChem compound; uncertainty is over the observed compound panel, not broader chemical space.
l1000_phase1	tahoe	logFC	strict_matched_condition	spearman	raw	reviewer_minimal_retrieval_dataset_pair	target_individual_corrected_percentile	target_individual_corrected_percentile	0.6379790341166041	0.5669968589226608	0.7249073773725798	0.0789552592249595	bca	ok	0.95	2000	2000	692	687	86	query_pubchem_cid	direction,cell_type,time_key	direction	95% BCa bootstrap CI clustered by PubChem compound; uncertainty is over the observed compound panel, not broader chemical space.
l1000_phase1	tahoe	logFC	strict_matched_condition	spearman	raw	reviewer_minimal_retrieval_dataset_pair	source_centroid_similarity	source_centroid_similarity	0.27316840965114564	0.24030095564896076	0.30315702611939743	0.03142803523521834	bca	ok	0.95	2000	2000	692	675	86	query_pubchem_cid	direction,cell_type,time_key	direction	95% BCa bootstrap CI clustered by PubChem compound; uncertainty is over the observed compound panel, not broader chemical space.
l1000_phase1	tahoe	logFC	strict_matched_condition	spearman	raw	reviewer_minimal_retrieval_dataset_pair	source_centroid_normalized_rank	source_centroid_normalized_rank	0.8766960845767424	0.8304600294675708	0.9068709471693635	0.03820545885089632	bca	ok	0.95	2000	2000	692	675	86	query_pubchem_cid	direction,cell_type,time_key	direction	95% BCa bootstrap CI clustered by PubChem compound; uncertainty is over the observed compound panel, not broader chemical space.
l1000_phase1	tahoe	logFC	strict_matched_condition	spearman	raw	reviewer_minimal_retrieval_dataset_pair	source_centroid_recall_at_1	source_centroid_recall_at_1	0.7485726605286348	0.6649849793097634	0.8079837121894718	0.07149936643985422	bca	ok	0.95	2000	2000	692	675	86	query_pubchem_cid	direction,cell_type,time_key	direction	95% BCa bootstrap CI clustered by PubChem compound; uncertainty is over the observed compound panel, not broader chemical space.
l1000_phase1	tahoe	logFC	strict_matched_condition	spearman	raw	reviewer_minimal_retrieval_dataset_pair	source_centroid_auroc	source_centroid_auroc	0.8766960845767424	0.8303434055913864	0.907001067244562	0.03832883082658778	bca	ok	0.95	2000	2000	692	675	86	query_pubchem_cid	direction,cell_type,time_key	direction	95% BCa bootstrap CI clustered by PubChem compound; uncertainty is over the observed compound panel, not broader chemical space.
l1000_phase1	tahoe	logFC	strict_matched_condition	spearman	raw	reviewer_minimal_retrieval_dataset_pair	target_centroid_similarity	target_centroid_similarity	0.008264415169924093	-0.0002891943441321361	0.018355789284762374	0.009322491814447255	bca	ok	0.95	2000	2000	692	687	86	query_pubchem_cid	direction,cell_type,time_key	direction	95% BCa bootstrap CI clustered by PubChem compound; uncertainty is over the observed compound panel, not broader chemical space.
l1000_phase1	tahoe	logFC	strict_matched_condition	spearman	raw	reviewer_minimal_retrieval_dataset_pair	target_centroid_normalized_rank	target_centroid_normalized_rank	0.5185046272302126	0.48179717699348895	0.5573094291832615	0.037756126094886294	bca	ok	0.95	2000	2000	692	687	86	query_pubchem_cid	direction,cell_type,time_key	direction	95% BCa bootstrap CI clustered by PubChem compound; uncertainty is over the observed compound panel, not broader chemical space.
l1000_phase1	tahoe	logFC	strict_matched_condition	spearman	raw	reviewer_minimal_retrieval_dataset_pair	target_centroid_recall_at_1	target_centroid_recall_at_1	0.0	0.0	0.0	0.0	degenerate	zero_bootstrap_variance	0.95	2000	2000	692	687	86	query_pubchem_cid	direction,cell_type,time_key	direction	95% BCa bootstrap CI clustered by PubChem compound; uncertainty is over the observed compound panel, not broader chemical space.
l1000_phase1	tahoe	logFC	strict_matched_condition	spearman	raw	reviewer_minimal_retrieval_dataset_pair	target_centroid_auroc	target_centroid_auroc	0.5185072897079144	0.48140794218371663	0.557064092635769	0.03782807522602616	bca	ok	0.95	2000	2000	692	687	86	query_pubchem_cid	direction,cell_type,time_key	direction	95% BCa bootstrap CI clustered by PubChem compound; uncertainty is over the observed compound panel, not broader chemical space.
l1000_phase1	tahoe	logFC	strict_matched_condition	spearman	raw	reviewer_minimal_retrieval_dataset_pair	source_peer_normalized_rank	source_peer_normalized_rank	0.7808886970654061	0.7516459619531591	0.8040648064114746	0.02620942222915773	bca	ok	0.95	2000	2000	692	675	86	query_pubchem_cid	direction,cell_type,time_key	direction	95% BCa bootstrap CI clustered by PubChem compound; uncertainty is over the observed compound panel, not broader chemical space.
l1000_phase1	tahoe	logFC	strict_matched_condition	spearman	raw	reviewer_minimal_retrieval_dataset_pair	target_peer_normalized_rank	target_peer_normalized_rank	0.5115410121403865	0.5012657332243841	0.5189748653912767	0.008854566083446314	bca	ok	0.95	2000	2000	692	687	86	query_pubchem_cid	direction,cell_type,time_key	direction	95% BCa bootstrap CI clustered by PubChem compound; uncertainty is over the observed compound panel, not broader chemical space.
l1000_phase1	tahoe	logFC	strict_matched_condition	spearman	raw	reviewer_minimal_retrieval_dataset_pair	delta_vs_source_peer_normalized_rank	delta_vs_source_peer_normalized_rank	-0.14626978779473312	-0.21552474036442776	-0.07175862881273552	0.07188305577584611	bca	ok	0.95	2000	2000	692	675	86	query_pubchem_cid	direction,cell_type,time_key	direction	95% BCa bootstrap CI clustered by PubChem compound; uncertainty is over the observed compound panel, not broader chemical space.
l1000_phase1	tahoe	logFC	strict_matched_condition	spearman	raw	reviewer_minimal_retrieval_dataset_pair	delta_vs_target_peer_normalized_rank	delta_vs_target_peer_normalized_rank	0.12012807808930498	0.04920984436545237	0.19400758916443334	0.07239887239949049	bca	ok	0.95	2000	2000	692	687	86	query_pubchem_cid	direction,cell_type,time_key	direction	95% BCa bootstrap CI clustered by PubChem compound; uncertainty is over the observed compound panel, not broader chemical space.
l1000_phase1	tahoe	logFC	strict_matched_condition	spearman	raw	reviewer_minimal_retrieval_dataset_pair	target_decoy_null_normalized_best_positive_rank	target_decoy_null_normalized_best_positive_rank	0.6427509313659787	0.633859254258763	0.6621602756411498	0.014150510691193385	bca	ok	0.95	2000	2000	692	692	86	query_pubchem_cid	direction,cell_type,time_key	direction	95% BCa bootstrap CI clustered by PubChem compound; uncertainty is over the observed compound panel, not broader chemical space.
l1000_phase1	tahoe	logFC	strict_matched_condition	spearman	raw	reviewer_minimal_retrieval_dataset_pair	delta_vs_target_decoy_null_normalized_best_positive_rank	delta_vs_target_decoy_null_normalized_best_positive_rank	-0.0024503282227889694	-0.07475966558453634	0.07361425310504575	0.07418695934479105	bca	ok	0.95	2000	2000	692	692	86	query_pubchem_cid	direction,cell_type,time_key	direction	95% BCa bootstrap CI clustered by PubChem compound; uncertainty is over the observed compound panel, not broader chemical space.
l1000_phase1	cigs_mce	logFC	strict_matched_condition	cosine	per_gene_population_zscore_dataset	reviewer_minimal_retrieval_dataset_pair	observed_normalized_best_positive_rank	observed_normalized_best_positive_rank	0.6164528599844421	0.5461027517161751	0.6988047609650702	0.07635100462444755	bca	ok	0.95	2000	2000	855	855	124	query_pubchem_cid	direction,cell_type,time_key	direction	95% BCa bootstrap CI clustered by PubChem compound; uncertainty is over the observed compound panel, not broader chemical space.
l1000_phase1	cigs_mce	logFC	strict_matched_condition	cosine	per_gene_population_zscore_dataset	reviewer_minimal_retrieval_dataset_pair	observed_recall_at_1	observed_recall_at_1	0.07965379963716993	0.03929211274514718	0.19518776552690462	0.07794782639087872	bca	ok	0.95	2000	2000	855	855	124	query_pubchem_cid	direction,cell_type,time_key	direction	95% BCa bootstrap CI clustered by PubChem compound; uncertainty is over the observed compound panel, not broader chemical space.
l1000_phase1	cigs_mce	logFC	strict_matched_condition	cosine	per_gene_population_zscore_dataset	reviewer_minimal_retrieval_dataset_pair	observed_auroc	observed_auroc	0.6077766143682265	0.5333225271420163	0.6947678534213457	0.0807226631396647	bca	ok	0.95	2000	2000	855	855	124	query_pubchem_cid	direction,cell_type,time_key	direction	95% BCa bootstrap CI clustered by PubChem compound; uncertainty is over the observed compound panel, not broader chemical space.
l1000_phase1	cigs_mce	logFC	strict_matched_condition	cosine	per_gene_population_zscore_dataset	reviewer_minimal_retrieval_dataset_pair	observed_best_positive_similarity	observed_best_positive_similarity	0.08487820027517838	0.05413614037651579	0.17852736948030581	0.06219561455189501	bca	ok	0.95	2000	2000	855	855	124	query_pubchem_cid	direction,cell_type,time_key	direction	95% BCa bootstrap CI clustered by PubChem compound; uncertainty is over the observed compound panel, not broader chemical space.
l1000_phase1	cigs_mce	logFC	strict_matched_condition	cosine	per_gene_population_zscore_dataset	reviewer_minimal_retrieval_dataset_pair	random_normalized_best_positive_rank	random_normalized_best_positive_rank					not_estimable	too_few_clusters_or_values	0.95	2000	0	855	0	0	query_pubchem_cid	direction,cell_type,time_key	direction	95% BCa bootstrap CI clustered by PubChem compound; uncertainty is over the observed compound panel, not broader chemical space.
l1000_phase1	cigs_mce	logFC	strict_matched_condition	cosine	per_gene_population_zscore_dataset	reviewer_minimal_retrieval_dataset_pair	random_recall_at_1	random_recall_at_1					not_estimable	too_few_clusters_or_values	0.95	2000	0	855	0	0	query_pubchem_cid	direction,cell_type,time_key	direction	95% BCa bootstrap CI clustered by PubChem compound; uncertainty is over the observed compound panel, not broader chemical space.
l1000_phase1	cigs_mce	logFC	strict_matched_condition	cosine	per_gene_population_zscore_dataset	reviewer_minimal_retrieval_dataset_pair	random_auroc	random_auroc					not_estimable	too_few_clusters_or_values	0.95	2000	0	855	0	0	query_pubchem_cid	direction,cell_type,time_key	direction	95% BCa bootstrap CI clustered by PubChem compound; uncertainty is over the observed compound panel, not broader chemical space.
l1000_phase1	cigs_mce	logFC	strict_matched_condition	cosine	per_gene_population_zscore_dataset	reviewer_minimal_retrieval_dataset_pair	delta_vs_random_normalized_best_positive_rank	delta_vs_random_normalized_best_positive_rank	-0.1683542329591533	-0.23682054789037363	-0.08454813542106165	0.07613620623465599	bca	ok	0.95	2000	2000	855	855	124	query_pubchem_cid	direction,cell_type,time_key	direction	95% BCa bootstrap CI clustered by PubChem compound; uncertainty is over the observed compound panel, not broader chemical space.
l1000_phase1	cigs_mce	logFC	strict_matched_condition	cosine	per_gene_population_zscore_dataset	reviewer_minimal_retrieval_dataset_pair	source_individual_n_peers	source_individual_n_peers	220.0702479338843	220.01724137931035	220.22151898734177	0.10213880401570918	bca	ok	0.95	2000	2000	855	855	124	query_pubchem_cid	direction,cell_type,time_key	direction	95% BCa bootstrap CI clustered by PubChem compound; uncertainty is over the observed compound panel, not broader chemical space.
l1000_phase1	cigs_mce	logFC	strict_matched_condition	cosine	per_gene_population_zscore_dataset	reviewer_minimal_retrieval_dataset_pair	source_individual_mean_similarity	source_individual_mean_similarity	0.14919131393610147	0.12238512268768631	0.16691882809563183	0.02226685270397276	bca	ok	0.95	2000	2000	855	855	124	query_pubchem_cid	direction,cell_type,time_key	direction	95% BCa bootstrap CI clustered by PubChem compound; uncertainty is over the observed compound panel, not broader chemical space.
l1000_phase1	cigs_mce	logFC	strict_matched_condition	cosine	per_gene_population_zscore_dataset	reviewer_minimal_retrieval_dataset_pair	source_individual_sd_similarity	source_individual_sd_similarity	0.13879192640819937	0.12839909547201594	0.15100262805312292	0.011301766290553489	bca	ok	0.95	2000	2000	855	855	124	query_pubchem_cid	direction,cell_type,time_key	direction	95% BCa bootstrap CI clustered by PubChem compound; uncertainty is over the observed compound panel, not broader chemical space.
l1000_phase1	cigs_mce	logFC	strict_matched_condition	cosine	per_gene_population_zscore_dataset	reviewer_minimal_retrieval_dataset_pair	source_individual_n_below_observed	source_individual_n_below_observed	100.41040580816079	89.47016690316269	117.03173711999987	13.780785108418591	bca	ok	0.95	2000	2000	855	855	124	query_pubchem_cid	direction,cell_type,time_key	direction	95% BCa bootstrap CI clustered by PubChem compound; uncertainty is over the observed compound panel, not broader chemical space.
l1000_phase1	cigs_mce	logFC	strict_matched_condition	cosine	per_gene_population_zscore_dataset	reviewer_minimal_retrieval_dataset_pair	source_individual_fraction_below_observed	source_individual_fraction_below_observed	0.41269215767000056	0.35950296497215795	0.510198930865363	0.07534798294660255	bca	ok	0.95	2000	2000	855	855	124	query_pubchem_cid	direction,cell_type,time_key	direction	95% BCa bootstrap CI clustered by PubChem compound; uncertainty is over the observed compound panel, not broader chemical space.
l1000_phase1	cigs_mce	logFC	strict_matched_condition	cosine	per_gene_population_zscore_dataset	reviewer_minimal_retrieval_dataset_pair	source_individual_corrected_percentile	source_individual_corrected_percentile	0.4160313275146164	0.3588320027119693	0.5053393927936132	0.07325369504082194	bca	ok	0.95	2000	2000	855	855	124	query_pubchem_cid	direction,cell_type,time_key	direction	95% BCa bootstrap CI clustered by PubChem compound; uncertainty is over the observed compound panel, not broader chemical space.
l1000_phase1	cigs_mce	logFC	strict_matched_condition	cosine	per_gene_population_zscore_dataset	reviewer_minimal_retrieval_dataset_pair	target_individual_n_peers	target_individual_n_peers	220.09146341463415	220.01875	220.29354451840908	0.13739725920453338	bca	ok	0.95	2000	2000	855	855	124	query_pubchem_cid	direction,cell_type,time_key	direction	95% BCa bootstrap CI clustered by PubChem compound; uncertainty is over the observed compound panel, not broader chemical space.
l1000_phase1	cigs_mce	logFC	strict_matched_condition	cosine	per_gene_population_zscore_dataset	reviewer_minimal_retrieval_dataset_pair	target_individual_mean_similarity	target_individual_mean_similarity	0.00943270323293063	0.004745196998029212	0.015315850121979812	0.0052853265619752995	bca	ok	0.95	2000	2000	855	855	124	query_pubchem_cid	direction,cell_type,time_key	direction	95% BCa bootstrap CI clustered by PubChem compound; uncertainty is over the observed compound panel, not broader chemical space.
l1000_phase1	cigs_mce	logFC	strict_matched_condition	cosine	per_gene_population_zscore_dataset	reviewer_minimal_retrieval_dataset_pair	target_individual_sd_similarity	target_individual_sd_similarity	0.05340614723342701	0.05047947772930903	0.05682508289599202	0.0031728025833414955	bca	ok	0.95	2000	2000	855	855	124	query_pubchem_cid	direction,cell_type,time_key	direction	95% BCa bootstrap CI clustered by PubChem compound; uncertainty is over the observed compound panel, not broader chemical space.
l1000_phase1	cigs_mce	logFC	strict_matched_condition	cosine	per_gene_population_zscore_dataset	reviewer_minimal_retrieval_dataset_pair	target_individual_n_below_observed	target_individual_n_below_observed	136.25766190572176	122.29776944687342	153.50022256854146	15.601226560834021	bca	ok	0.95	2000	2000	855	855	124	query_pubchem_cid	direction,cell_type,time_key	direction	95% BCa bootstrap CI clustered by PubChem compound; uncertainty is over the observed compound panel, not broader chemical space.
l1000_phase1	cigs_mce	logFC	strict_matched_condition	cosine	per_gene_population_zscore_dataset	reviewer_minimal_retrieval_dataset_pair	target_individual_fraction_below_observed	target_individual_fraction_below_observed	0.5984060613107414	0.5252214915037555	0.6805552455516838	0.07766687702396413	bca	ok	0.95	2000	2000	855	855	124	query_pubchem_cid	direction,cell_type,time_key	direction	95% BCa bootstrap CI clustered by PubChem compound; uncertainty is over the observed compound panel, not broader chemical space.
l1000_phase1	cigs_mce	logFC	strict_matched_condition	cosine	per_gene_population_zscore_dataset	reviewer_minimal_retrieval_dataset_pair	target_individual_corrected_percentile	target_individual_corrected_percentile	0.6006201865507397	0.5250829909817419	0.687107369103009	0.08101218906063351	bca	ok	0.95	2000	2000	855	855	124	query_pubchem_cid	direction,cell_type,time_key	direction	95% BCa bootstrap CI clustered by PubChem compound; uncertainty is over the observed compound panel, not broader chemical space.
l1000_phase1	cigs_mce	logFC	strict_matched_condition	cosine	per_gene_population_zscore_dataset	reviewer_minimal_retrieval_dataset_pair	source_centroid_similarity	source_centroid_similarity	0.32558525306489405	0.27824913048068345	0.3623301569591911	0.04204051323925381	bca	ok	0.95	2000	2000	855	855	124	query_pubchem_cid	direction,cell_type,time_key	direction	95% BCa bootstrap CI clustered by PubChem compound; uncertainty is over the observed compound panel, not broader chemical space.
l1000_phase1	cigs_mce	logFC	strict_matched_condition	cosine	per_gene_population_zscore_dataset	reviewer_minimal_retrieval_dataset_pair	source_centroid_normalized_rank	source_centroid_normalized_rank	0.8945039199011591	0.8275160722391998	0.9241385443397508	0.04831123605027554	bca	ok	0.95	2000	2000	855	855	124	query_pubchem_cid	direction,cell_type,time_key	direction	95% BCa bootstrap CI clustered by PubChem compound; uncertainty is over the observed compound panel, not broader chemical space.
l1000_phase1	cigs_mce	logFC	strict_matched_condition	cosine	per_gene_population_zscore_dataset	reviewer_minimal_retrieval_dataset_pair	source_centroid_recall_at_1	source_centroid_recall_at_1	0.6638894088173468	0.553472468003431	0.7298742836192151	0.08820090780789208	bca	ok	0.95	2000	2000	855	855	124	query_pubchem_cid	direction,cell_type,time_key	direction	95% BCa bootstrap CI clustered by PubChem compound; uncertainty is over the observed compound panel, not broader chemical space.
l1000_phase1	cigs_mce	logFC	strict_matched_condition	cosine	per_gene_population_zscore_dataset	reviewer_minimal_retrieval_dataset_pair	source_centroid_auroc	source_centroid_auroc	0.8945039199011591	0.8310228278001328	0.9241187846716274	0.04654797843574732	bca	ok	0.95	2000	2000	855	855	124	query_pubchem_cid	direction,cell_type,time_key	direction	95% BCa bootstrap CI clustered by PubChem compound; uncertainty is over the observed compound panel, not broader chemical space.
l1000_phase1	cigs_mce	logFC	strict_matched_condition	cosine	per_gene_population_zscore_dataset	reviewer_minimal_retrieval_dataset_pair	target_centroid_similarity	target_centroid_similarity	0.040386643061338316	0.028228665310718555	0.0539003285606438	0.012835831624962622	bca	ok	0.95	2000	2000	855	855	124	query_pubchem_cid	direction,cell_type,time_key	direction	95% BCa bootstrap CI clustered by PubChem compound; uncertainty is over the observed compound panel, not broader chemical space.
l1000_phase1	cigs_mce	logFC	strict_matched_condition	cosine	per_gene_population_zscore_dataset	reviewer_minimal_retrieval_dataset_pair	target_centroid_normalized_rank	target_centroid_normalized_rank	0.5747339469084347	0.533040876600086	0.6387639682859569	0.05286154584293545	bca	ok	0.95	2000	2000	855	855	124	query_pubchem_cid	direction,cell_type,time_key	direction	95% BCa bootstrap CI clustered by PubChem compound; uncertainty is over the observed compound panel, not broader chemical space.
l1000_phase1	cigs_mce	logFC	strict_matched_condition	cosine	per_gene_population_zscore_dataset	reviewer_minimal_retrieval_dataset_pair	target_centroid_recall_at_1	target_centroid_recall_at_1	0.0	0.0	0.0	0.0	degenerate	zero_bootstrap_variance	0.95	2000	2000	855	855	124	query_pubchem_cid	direction,cell_type,time_key	direction	95% BCa bootstrap CI clustered by PubChem compound; uncertainty is over the observed compound panel, not broader chemical space.
l1000_phase1	cigs_mce	logFC	strict_matched_condition	cosine	per_gene_population_zscore_dataset	reviewer_minimal_retrieval_dataset_pair	target_centroid_auroc	target_centroid_auroc	0.5747339469084347	0.5301847584726185	0.6377054312407306	0.053760336384056084	bca	ok	0.95	2000	2000	855	855	124	query_pubchem_cid	direction,cell_type,time_key	direction	95% BCa bootstrap CI clustered by PubChem compound; uncertainty is over the observed compound panel, not broader chemical space.
l1000_phase1	cigs_mce	logFC	strict_matched_condition	cosine	per_gene_population_zscore_dataset	reviewer_minimal_retrieval_dataset_pair	source_peer_normalized_rank	source_peer_normalized_rank	0.7074672276355861	0.6656389000316176	0.737346919116094	0.03585400954223816	bca	ok	0.95	2000	2000	855	855	124	query_pubchem_cid	direction,cell_type,time_key	direction	95% BCa bootstrap CI clustered by PubChem compound; uncertainty is over the observed compound panel, not broader chemical space.
l1000_phase1	cigs_mce	logFC	strict_matched_condition	cosine	per_gene_population_zscore_dataset	reviewer_minimal_retrieval_dataset_pair	target_peer_normalized_rank	target_peer_normalized_rank	0.5266198020312736	0.5221255472980081	0.5307240229090713	0.004299237805531597	bca	ok	0.95	2000	2000	855	855	124	query_pubchem_cid	direction,cell_type,time_key	direction	95% BCa bootstrap CI clustered by PubChem compound; uncertainty is over the observed compound panel, not broader chemical space.
l1000_phase1	cigs_mce	logFC	strict_matched_condition	cosine	per_gene_population_zscore_dataset	reviewer_minimal_retrieval_dataset_pair	delta_vs_source_peer_normalized_rank	delta_vs_source_peer_normalized_rank	-0.09101436765114403	-0.18384266361717722	0.002671188063069422	0.09325692584012332	bca	ok	0.95	2000	2000	855	855	124	query_pubchem_cid	direction,cell_type,time_key	direction	95% BCa bootstrap CI clustered by PubChem compound; uncertainty is over the observed compound panel, not broader chemical space.
l1000_phase1	cigs_mce	logFC	strict_matched_condition	cosine	per_gene_population_zscore_dataset	reviewer_minimal_retrieval_dataset_pair	delta_vs_target_peer_normalized_rank	delta_vs_target_peer_normalized_rank	0.0898330579531685	0.01304281019157884	0.16956515787648982	0.07826117384245548	bca	ok	0.95	2000	2000	855	855	124	query_pubchem_cid	direction,cell_type,time_key	direction	95% BCa bootstrap CI clustered by PubChem compound; uncertainty is over the observed compound panel, not broader chemical space.
l1000_phase1	cigs_mce	logFC	strict_matched_condition	cosine	per_gene_population_zscore_dataset	reviewer_minimal_retrieval_dataset_pair	target_decoy_null_normalized_best_positive_rank	target_decoy_null_normalized_best_positive_rank	0.7848070929435949	0.7795423159809521	0.7883337054334392	0.004395694726243515	bca	ok	0.95	2000	2000	855	855	124	query_pubchem_cid	direction,cell_type,time_key	direction	95% BCa bootstrap CI clustered by PubChem compound; uncertainty is over the observed compound panel, not broader chemical space.
l1000_phase1	cigs_mce	logFC	strict_matched_condition	cosine	per_gene_population_zscore_dataset	reviewer_minimal_retrieval_dataset_pair	delta_vs_target_decoy_null_normalized_best_positive_rank	delta_vs_target_decoy_null_normalized_best_positive_rank	-0.1683542329591533	-0.2406326001152922	-0.09029777433290934	0.07516741289119143	bca	ok	0.95	2000	2000	855	855	124	query_pubchem_cid	direction,cell_type,time_key	direction	95% BCa bootstrap CI clustered by PubChem compound; uncertainty is over the observed compound panel, not broader chemical space.
l1000_phase1	cigs_mce	logFC	strict_matched_condition	cosine	raw	reviewer_minimal_retrieval_dataset_pair	observed_normalized_best_positive_rank	observed_normalized_best_positive_rank	0.62559648627581	0.5586487863948388	0.7049823614532026	0.07316678752918188	bca	ok	0.95	2000	2000	855	855	124	query_pubchem_cid	direction,cell_type,time_key	direction	95% BCa bootstrap CI clustered by PubChem compound; uncertainty is over the observed compound panel, not broader chemical space.
l1000_phase1	cigs_mce	logFC	strict_matched_condition	cosine	raw	reviewer_minimal_retrieval_dataset_pair	observed_recall_at_1	observed_recall_at_1	0.09778414490166154	0.04861359608158305	0.21375638136395989	0.08257139264118842	bca	ok	0.95	2000	2000	855	855	124	query_pubchem_cid	direction,cell_type,time_key	direction	95% BCa bootstrap CI clustered by PubChem compound; uncertainty is over the observed compound panel, not broader chemical space.
l1000_phase1	cigs_mce	logFC	strict_matched_condition	cosine	raw	reviewer_minimal_retrieval_dataset_pair	observed_auroc	observed_auroc	0.6176016783986651	0.5408605214916533	0.6978404687698904	0.07848997363911853	bca	ok	0.95	2000	2000	855	855	124	query_pubchem_cid	direction,cell_type,time_key	direction	95% BCa bootstrap CI clustered by PubChem compound; uncertainty is over the observed compound panel, not broader chemical space.
l1000_phase1	cigs_mce	logFC	strict_matched_condition	cosine	raw	reviewer_minimal_retrieval_dataset_pair	observed_best_positive_similarity	observed_best_positive_similarity	0.10295521194922574	0.07397001390521683	0.18538717016318693	0.055708578128985047	bca	ok	0.95	2000	2000	855	855	124	query_pubchem_cid	direction,cell_type,time_key	direction	95% BCa bootstrap CI clustered by PubChem compound; uncertainty is over the observed compound panel, not broader chemical space.
l1000_phase1	cigs_mce	logFC	strict_matched_condition	cosine	raw	reviewer_minimal_retrieval_dataset_pair	random_normalized_best_positive_rank	random_normalized_best_positive_rank					not_estimable	too_few_clusters_or_values	0.95	2000	0	855	0	0	query_pubchem_cid	direction,cell_type,time_key	direction	95% BCa bootstrap CI clustered by PubChem compound; uncertainty is over the observed compound panel, not broader chemical space.
l1000_phase1	cigs_mce	logFC	strict_matched_condition	cosine	raw	reviewer_minimal_retrieval_dataset_pair	random_recall_at_1	random_recall_at_1					not_estimable	too_few_clusters_or_values	0.95	2000	0	855	0	0	query_pubchem_cid	direction,cell_type,time_key	direction	95% BCa bootstrap CI clustered by PubChem compound; uncertainty is over the observed compound panel, not broader chemical space.
l1000_phase1	cigs_mce	logFC	strict_matched_condition	cosine	raw	reviewer_minimal_retrieval_dataset_pair	random_auroc	random_auroc					not_estimable	too_few_clusters_or_values	0.95	2000	0	855	0	0	query_pubchem_cid	direction,cell_type,time_key	direction	95% BCa bootstrap CI clustered by PubChem compound; uncertainty is over the observed compound panel, not broader chemical space.
l1000_phase1	cigs_mce	logFC	strict_matched_condition	cosine	raw	reviewer_minimal_retrieval_dataset_pair	delta_vs_random_normalized_best_positive_rank	delta_vs_random_normalized_best_positive_rank	-0.15921060666778536	-0.22788950627919585	-0.07823444346998266	0.0748275314046066	bca	ok	0.95	2000	2000	855	855	124	query_pubchem_cid	direction,cell_type,time_key	direction	95% BCa bootstrap CI clustered by PubChem compound; uncertainty is over the observed compound panel, not broader chemical space.
l1000_phase1	cigs_mce	logFC	strict_matched_condition	cosine	raw	reviewer_minimal_retrieval_dataset_pair	source_individual_n_peers	source_individual_n_peers	220.0702479338843	220.016	220.2325581395349	0.10827906976744828	bca	ok	0.95	2000	2000	855	855	124	query_pubchem_cid	direction,cell_type,time_key	direction	95% BCa bootstrap CI clustered by PubChem compound; uncertainty is over the observed compound panel, not broader chemical space.
l1000_phase1	cigs_mce	logFC	strict_matched_condition	cosine	raw	reviewer_minimal_retrieval_dataset_pair	source_individual_mean_similarity	source_individual_mean_similarity	0.16761438904467596	0.14612624766815846	0.18265407007527115	0.018263911203556346	bca	ok	0.95	2000	2000	855	855	124	query_pubchem_cid	direction,cell_type,time_key	direction	95% BCa bootstrap CI clustered by PubChem compound; uncertainty is over the observed compound panel, not broader chemical space.
l1000_phase1	cigs_mce	logFC	strict_matched_condition	cosine	raw	reviewer_minimal_retrieval_dataset_pair	source_individual_sd_similarity	source_individual_sd_similarity	0.13112867651314034	0.12230916133387838	0.14155038175492188	0.009620610210521748	bca	ok	0.95	2000	2000	855	855	124	query_pubchem_cid	direction,cell_type,time_key	direction	95% BCa bootstrap CI clustered by PubChem compound; uncertainty is over the observed compound panel, not broader chemical space.
l1000_phase1	cigs_mce	logFC	strict_matched_condition	cosine	raw	reviewer_minimal_retrieval_dataset_pair	source_individual_n_below_observed	source_individual_n_below_observed	96.95699599735076	86.26109668956273	110.53904490366176	12.138974107049513	bca	ok	0.95	2000	2000	855	855	124	query_pubchem_cid	direction,cell_type,time_key	direction	95% BCa bootstrap CI clustered by PubChem compound; uncertainty is over the observed compound panel, not broader chemical space.
l1000_phase1	cigs_mce	logFC	strict_matched_condition	cosine	raw	reviewer_minimal_retrieval_dataset_pair	source_individual_fraction_below_observed	source_individual_fraction_below_observed	0.39350546885213195	0.3492388190109649	0.4819402685830061	0.06635072478602061	bca	ok	0.95	2000	2000	855	855	124	query_pubchem_cid	direction,cell_type,time_key	direction	95% BCa bootstrap CI clustered by PubChem compound; uncertainty is over the observed compound panel, not broader chemical space.
l1000_phase1	cigs_mce	logFC	strict_matched_condition	cosine	raw	reviewer_minimal_retrieval_dataset_pair	source_individual_corrected_percentile	source_individual_corrected_percentile	0.3969695131281719	0.35173400605581867	0.49109920592065415	0.06968259993241774	bca	ok	0.95	2000	2000	855	855	124	query_pubchem_cid	direction,cell_type,time_key	direction	95% BCa bootstrap CI clustered by PubChem compound; uncertainty is over the observed compound panel, not broader chemical space.
l1000_phase1	cigs_mce	logFC	strict_matched_condition	cosine	raw	reviewer_minimal_retrieval_dataset_pair	target_individual_n_peers	target_individual_n_peers	220.09146341463415	220.01704545454544	220.2779318602471	0.13044320285082733	bca	ok	0.95	2000	2000	855	855	124	query_pubchem_cid	direction,cell_type,time_key	direction	95% BCa bootstrap CI clustered by PubChem compound; uncertainty is over the observed compound panel, not broader chemical space.
l1000_phase1	cigs_mce	logFC	strict_matched_condition	cosine	raw	reviewer_minimal_retrieval_dataset_pair	target_individual_mean_similarity	target_individual_mean_similarity	0.033384634083317925	0.02752052803816639	0.03876194369197398	0.0056207078269037945	bca	ok	0.95	2000	2000	855	855	124	query_pubchem_cid	direction,cell_type,time_key	direction	95% BCa bootstrap CI clustered by PubChem compound; uncertainty is over the observed compound panel, not broader chemical space.
l1000_phase1	cigs_mce	logFC	strict_matched_condition	cosine	raw	reviewer_minimal_retrieval_dataset_pair	target_individual_sd_similarity	target_individual_sd_similarity	0.05322161766934165	0.050346657176134194	0.05654111217113676	0.0030972274975012842	bca	ok	0.95	2000	2000	855	855	124	query_pubchem_cid	direction,cell_type,time_key	direction	95% BCa bootstrap CI clustered by PubChem compound; uncertainty is over the observed compound panel, not broader chemical space.
l1000_phase1	cigs_mce	logFC	strict_matched_condition	cosine	raw	reviewer_minimal_retrieval_dataset_pair	target_individual_n_below_observed	target_individual_n_below_observed	135.11167787312465	120.50009041615724	150.5933859201378	15.046647751990278	bca	ok	0.95	2000	2000	855	855	124	query_pubchem_cid	direction,cell_type,time_key	direction	95% BCa bootstrap CI clustered by PubChem compound; uncertainty is over the observed compound panel, not broader chemical space.
l1000_phase1	cigs_mce	logFC	strict_matched_condition	cosine	raw	reviewer_minimal_retrieval_dataset_pair	target_individual_fraction_below_observed	target_individual_fraction_below_observed	0.5987416219880034	0.5295263211903579	0.6766807041323554	0.07357719147099873	bca	ok	0.95	2000	2000	855	855	124	query_pubchem_cid	direction,cell_type,time_key	direction	95% BCa bootstrap CI clustered by PubChem compound; uncertainty is over the observed compound panel, not broader chemical space.
l1000_phase1	cigs_mce	logFC	strict_matched_condition	cosine	raw	reviewer_minimal_retrieval_dataset_pair	target_individual_corrected_percentile	target_individual_corrected_percentile	0.6009114274164131	0.5345037183130148	0.6865062325444048	0.076001257115695	bca	ok	0.95	2000	2000	855	855	124	query_pubchem_cid	direction,cell_type,time_key	direction	95% BCa bootstrap CI clustered by PubChem compound; uncertainty is over the observed compound panel, not broader chemical space.
l1000_phase1	cigs_mce	logFC	strict_matched_condition	cosine	raw	reviewer_minimal_retrieval_dataset_pair	source_centroid_similarity	source_centroid_similarity	0.35632850777058905	0.320382399207018	0.39029552343883933	0.03495656211591067	bca	ok	0.95	2000	2000	855	855	124	query_pubchem_cid	direction,cell_type,time_key	direction	95% BCa bootstrap CI clustered by PubChem compound; uncertainty is over the observed compound panel, not broader chemical space.
l1000_phase1	cigs_mce	logFC	strict_matched_condition	cosine	raw	reviewer_minimal_retrieval_dataset_pair	source_centroid_normalized_rank	source_centroid_normalized_rank	0.9197944398264513	0.8431777011065529	0.961578436619923	0.05920036775668508	bca	ok	0.95	2000	2000	855	855	124	query_pubchem_cid	direction,cell_type,time_key	direction	95% BCa bootstrap CI clustered by PubChem compound; uncertainty is over the observed compound panel, not broader chemical space.
l1000_phase1	cigs_mce	logFC	strict_matched_condition	cosine	raw	reviewer_minimal_retrieval_dataset_pair	source_centroid_recall_at_1	source_centroid_recall_at_1	0.7350739338267055	0.5941221625647928	0.8222584684987956	0.1140681529670014	bca	ok	0.95	2000	2000	855	855	124	query_pubchem_cid	direction,cell_type,time_key	direction	95% BCa bootstrap CI clustered by PubChem compound; uncertainty is over the observed compound panel, not broader chemical space.
l1000_phase1	cigs_mce	logFC	strict_matched_condition	cosine	raw	reviewer_minimal_retrieval_dataset_pair	source_centroid_auroc	source_centroid_auroc	0.9197944398264513	0.8493903710197386	0.9646435313432538	0.05762658016175759	bca	ok	0.95	2000	2000	855	855	124	query_pubchem_cid	direction,cell_type,time_key	direction	95% BCa bootstrap CI clustered by PubChem compound; uncertainty is over the observed compound panel, not broader chemical space.
l1000_phase1	cigs_mce	logFC	strict_matched_condition	cosine	raw	reviewer_minimal_retrieval_dataset_pair	target_centroid_similarity	target_centroid_similarity	0.10962006797022628	0.09255105105412775	0.12604337690991765	0.01674616292789495	bca	ok	0.95	2000	2000	855	855	124	query_pubchem_cid	direction,cell_type,time_key	direction	95% BCa bootstrap CI clustered by PubChem compound; uncertainty is over the observed compound panel, not broader chemical space.
l1000_phase1	cigs_mce	logFC	strict_matched_condition	cosine	raw	reviewer_minimal_retrieval_dataset_pair	target_centroid_normalized_rank	target_centroid_normalized_rank	0.7805862841815456	0.7181327187425172	0.8181190145608638	0.04999314790917331	bca	ok	0.95	2000	2000	855	855	124	query_pubchem_cid	direction,cell_type,time_key	direction	95% BCa bootstrap CI clustered by PubChem compound; uncertainty is over the observed compound panel, not broader chemical space.
l1000_phase1	cigs_mce	logFC	strict_matched_condition	cosine	raw	reviewer_minimal_retrieval_dataset_pair	target_centroid_recall_at_1	target_centroid_recall_at_1	0.023627508854781584	0.0024904117937953685	0.09296334750493729	0.04523646785557096	bca	ok	0.95	2000	2000	855	855	124	query_pubchem_cid	direction,cell_type,time_key	direction	95% BCa bootstrap CI clustered by PubChem compound; uncertainty is over the observed compound panel, not broader chemical space.
l1000_phase1	cigs_mce	logFC	strict_matched_condition	cosine	raw	reviewer_minimal_retrieval_dataset_pair	target_centroid_auroc	target_centroid_auroc	0.7805862841815456	0.7165066029030738	0.8182393656743138	0.050866381385619996	bca	ok	0.95	2000	2000	855	855	124	query_pubchem_cid	direction,cell_type,time_key	direction	95% BCa bootstrap CI clustered by PubChem compound; uncertainty is over the observed compound panel, not broader chemical space.
l1000_phase1	cigs_mce	logFC	strict_matched_condition	cosine	raw	reviewer_minimal_retrieval_dataset_pair	source_peer_normalized_rank	source_peer_normalized_rank	0.732569145681647	0.7137130607643681	0.7528446384877497	0.019565788861690803	bca	ok	0.95	2000	2000	855	855	124	query_pubchem_cid	direction,cell_type,time_key	direction	95% BCa bootstrap CI clustered by PubChem compound; uncertainty is over the observed compound panel, not broader chemical space.
l1000_phase1	cigs_mce	logFC	strict_matched_condition	cosine	raw	reviewer_minimal_retrieval_dataset_pair	target_peer_normalized_rank	target_peer_normalized_rank	0.5334599933741262	0.5299195041075246	0.5368073351194428	0.003443915505959072	bca	ok	0.95	2000	2000	855	855	124	query_pubchem_cid	direction,cell_type,time_key	direction	95% BCa bootstrap CI clustered by PubChem compound; uncertainty is over the observed compound panel, not broader chemical space.
l1000_phase1	cigs_mce	logFC	strict_matched_condition	cosine	raw	reviewer_minimal_retrieval_dataset_pair	delta_vs_source_peer_normalized_rank	delta_vs_source_peer_normalized_rank	-0.10697265940583706	-0.18632581132640724	-0.018892733458966016	0.08371653893372061	bca	ok	0.95	2000	2000	855	855	124	query_pubchem_cid	direction,cell_type,time_key	direction	95% BCa bootstrap CI clustered by PubChem compound; uncertainty is over the observed compound panel, not broader chemical space.
l1000_phase1	cigs_mce	logFC	strict_matched_condition	cosine	raw	reviewer_minimal_retrieval_dataset_pair	delta_vs_target_peer_normalized_rank	delta_vs_target_peer_normalized_rank	0.09213649290168385	0.025417086016443775	0.17806226709117395	0.07632259053736509	bca	ok	0.95	2000	2000	855	855	124	query_pubchem_cid	direction,cell_type,time_key	direction	95% BCa bootstrap CI clustered by PubChem compound; uncertainty is over the observed compound panel, not broader chemical space.
l1000_phase1	cigs_mce	logFC	strict_matched_condition	cosine	raw	reviewer_minimal_retrieval_dataset_pair	target_decoy_null_normalized_best_positive_rank	target_decoy_null_normalized_best_positive_rank	0.7848070929435949	0.7793880960519901	0.7884671782017834	0.004539541074896625	bca	ok	0.95	2000	2000	855	855	124	query_pubchem_cid	direction,cell_type,time_key	direction	95% BCa bootstrap CI clustered by PubChem compound; uncertainty is over the observed compound panel, not broader chemical space.
l1000_phase1	cigs_mce	logFC	strict_matched_condition	cosine	raw	reviewer_minimal_retrieval_dataset_pair	delta_vs_target_decoy_null_normalized_best_positive_rank	delta_vs_target_decoy_null_normalized_best_positive_rank	-0.15921060666778536	-0.22909719687903718	-0.07505318491889043	0.07702200598007337	bca	ok	0.95	2000	2000	855	855	124	query_pubchem_cid	direction,cell_type,time_key	direction	95% BCa bootstrap CI clustered by PubChem compound; uncertainty is over the observed compound panel, not broader chemical space.
l1000_phase1	cigs_mce	logFC	strict_matched_condition	spearman	per_gene_population_zscore_dataset	reviewer_minimal_retrieval_dataset_pair	observed_normalized_best_positive_rank	observed_normalized_best_positive_rank	0.6037973633123684	0.5352766531514123	0.6919708980605966	0.07834712245459219	bca	ok	0.95	2000	2000	855	855	124	query_pubchem_cid	direction,cell_type,time_key	direction	95% BCa bootstrap CI clustered by PubChem compound; uncertainty is over the observed compound panel, not broader chemical space.
l1000_phase1	cigs_mce	logFC	strict_matched_condition	spearman	per_gene_population_zscore_dataset	reviewer_minimal_retrieval_dataset_pair	observed_recall_at_1	observed_recall_at_1	0.09112830074581738	0.042735916433270786	0.2068430559613962	0.08205356976406271	bca	ok	0.95	2000	2000	855	855	124	query_pubchem_cid	direction,cell_type,time_key	direction	95% BCa bootstrap CI clustered by PubChem compound; uncertainty is over the observed compound panel, not broader chemical space.
l1000_phase1	cigs_mce	logFC	strict_matched_condition	spearman	per_gene_population_zscore_dataset	reviewer_minimal_retrieval_dataset_pair	observed_auroc	observed_auroc	0.5947177260644265	0.5220548098917221	0.6890864282071357	0.08351580915770679	bca	ok	0.95	2000	2000	855	855	124	query_pubchem_cid	direction,cell_type,time_key	direction	95% BCa bootstrap CI clustered by PubChem compound; uncertainty is over the observed compound panel, not broader chemical space.
l1000_phase1	cigs_mce	logFC	strict_matched_condition	spearman	per_gene_population_zscore_dataset	reviewer_minimal_retrieval_dataset_pair	observed_best_positive_similarity	observed_best_positive_similarity	0.08055376641039486	0.05300764501792023	0.183522932707191	0.0652576438446354	bca	ok	0.95	2000	2000	855	855	124	query_pubchem_cid	direction,cell_type,time_key	direction	95% BCa bootstrap CI clustered by PubChem compound; uncertainty is over the observed compound panel, not broader chemical space.
l1000_phase1	cigs_mce	logFC	strict_matched_condition	spearman	per_gene_population_zscore_dataset	reviewer_minimal_retrieval_dataset_pair	random_normalized_best_positive_rank	random_normalized_best_positive_rank					not_estimable	too_few_clusters_or_values	0.95	2000	0	855	0	0	query_pubchem_cid	direction,cell_type,time_key	direction	95% BCa bootstrap CI clustered by PubChem compound; uncertainty is over the observed compound panel, not broader chemical space.
l1000_phase1	cigs_mce	logFC	strict_matched_condition	spearman	per_gene_population_zscore_dataset	reviewer_minimal_retrieval_dataset_pair	random_recall_at_1	random_recall_at_1					not_estimable	too_few_clusters_or_values	0.95	2000	0	855	0	0	query_pubchem_cid	direction,cell_type,time_key	direction	95% BCa bootstrap CI clustered by PubChem compound; uncertainty is over the observed compound panel, not broader chemical space.
l1000_phase1	cigs_mce	logFC	strict_matched_condition	spearman	per_gene_population_zscore_dataset	reviewer_minimal_retrieval_dataset_pair	random_auroc	random_auroc					not_estimable	too_few_clusters_or_values	0.95	2000	0	855	0	0	query_pubchem_cid	direction,cell_type,time_key	direction	95% BCa bootstrap CI clustered by PubChem compound; uncertainty is over the observed compound panel, not broader chemical space.
l1000_phase1	cigs_mce	logFC	strict_matched_condition	spearman	per_gene_population_zscore_dataset	reviewer_minimal_retrieval_dataset_pair	delta_vs_random_normalized_best_positive_rank	delta_vs_random_normalized_best_positive_rank	-0.1810097296312269	-0.24612327237581347	-0.09420170180168401	0.07596078528706474	bca	ok	0.95	2000	2000	855	855	124	query_pubchem_cid	direction,cell_type,time_key	direction	95% BCa bootstrap CI clustered by PubChem compound; uncertainty is over the observed compound panel, not broader chemical space.
l1000_phase1	cigs_mce	logFC	strict_matched_condition	spearman	per_gene_population_zscore_dataset	reviewer_minimal_retrieval_dataset_pair	source_individual_n_peers	source_individual_n_peers	220.0702479338843	220.016	220.22103155951015	0.10251577975508042	bca	ok	0.95	2000	2000	855	855	124	query_pubchem_cid	direction,cell_type,time_key	direction	95% BCa bootstrap CI clustered by PubChem compound; uncertainty is over the observed compound panel, not broader chemical space.
l1000_phase1	cigs_mce	logFC	strict_matched_condition	spearman	per_gene_population_zscore_dataset	reviewer_minimal_retrieval_dataset_pair	source_individual_mean_similarity	source_individual_mean_similarity	0.1512347853891477	0.12433635072053024	0.16985626345364085	0.022759956366555305	bca	ok	0.95	2000	2000	855	855	124	query_pubchem_cid	direction,cell_type,time_key	direction	95% BCa bootstrap CI clustered by PubChem compound; uncertainty is over the observed compound panel, not broader chemical space.
l1000_phase1	cigs_mce	logFC	strict_matched_condition	spearman	per_gene_population_zscore_dataset	reviewer_minimal_retrieval_dataset_pair	source_individual_sd_similarity	source_individual_sd_similarity	0.14217052337746638	0.12881401924088734	0.1534108501035096	0.012298415431311133	bca	ok	0.95	2000	2000	855	855	124	query_pubchem_cid	direction,cell_type,time_key	direction	95% BCa bootstrap CI clustered by PubChem compound; uncertainty is over the observed compound panel, not broader chemical space.
l1000_phase1	cigs_mce	logFC	strict_matched_condition	spearman	per_gene_population_zscore_dataset	reviewer_minimal_retrieval_dataset_pair	source_individual_n_below_observed	source_individual_n_below_observed	99.22648407579118	88.46760343993651	116.80560656671054	14.169001563387013	bca	ok	0.95	2000	2000	855	855	124	query_pubchem_cid	direction,cell_type,time_key	direction	95% BCa bootstrap CI clustered by PubChem compound; uncertainty is over the observed compound panel, not broader chemical space.
l1000_phase1	cigs_mce	logFC	strict_matched_condition	spearman	per_gene_population_zscore_dataset	reviewer_minimal_retrieval_dataset_pair	source_individual_fraction_below_observed	source_individual_fraction_below_observed	0.41339070904933084	0.3574697367345779	0.5175226961884883	0.08002647972695523	bca	ok	0.95	2000	2000	855	855	124	query_pubchem_cid	direction,cell_type,time_key	direction	95% BCa bootstrap CI clustered by PubChem compound; uncertainty is over the observed compound panel, not broader chemical space.
l1000_phase1	cigs_mce	logFC	strict_matched_condition	spearman	per_gene_population_zscore_dataset	reviewer_minimal_retrieval_dataset_pair	source_individual_corrected_percentile	source_individual_corrected_percentile	0.4166802357276872	0.364311464492115	0.513368758627226	0.07452864706755549	bca	ok	0.95	2000	2000	855	855	124	query_pubchem_cid	direction,cell_type,time_key	direction	95% BCa bootstrap CI clustered by PubChem compound; uncertainty is over the observed compound panel, not broader chemical space.
l1000_phase1	cigs_mce	logFC	strict_matched_condition	spearman	per_gene_population_zscore_dataset	reviewer_minimal_retrieval_dataset_pair	target_individual_n_peers	target_individual_n_peers	220.09146341463415	220.01785714285714	220.27777777777777	0.12996031746031633	bca	ok	0.95	2000	2000	855	855	124	query_pubchem_cid	direction,cell_type,time_key	direction	95% BCa bootstrap CI clustered by PubChem compound; uncertainty is over the observed compound panel, not broader chemical space.
l1000_phase1	cigs_mce	logFC	strict_matched_condition	spearman	per_gene_population_zscore_dataset	reviewer_minimal_retrieval_dataset_pair	target_individual_mean_similarity	target_individual_mean_similarity	0.008527578432875764	0.0039348883786323625	0.014109657718807475	0.005087384670087556	bca	ok	0.95	2000	2000	855	855	124	query_pubchem_cid	direction,cell_type,time_key	direction	95% BCa bootstrap CI clustered by PubChem compound; uncertainty is over the observed compound panel, not broader chemical space.
l1000_phase1	cigs_mce	logFC	strict_matched_condition	spearman	per_gene_population_zscore_dataset	reviewer_minimal_retrieval_dataset_pair	target_individual_sd_similarity	target_individual_sd_similarity	0.05178972459435255	0.04901193546902494	0.055065345906563444	0.0030267052187692503	bca	ok	0.95	2000	2000	855	855	124	query_pubchem_cid	direction,cell_type,time_key	direction	95% BCa bootstrap CI clustered by PubChem compound; uncertainty is over the observed compound panel, not broader chemical space.
l1000_phase1	cigs_mce	logFC	strict_matched_condition	spearman	per_gene_population_zscore_dataset	reviewer_minimal_retrieval_dataset_pair	target_individual_n_below_observed	target_individual_n_below_observed	134.1587457165894	119.89046542888923	152.2271316887181	16.16833312991443	bca	ok	0.95	2000	2000	855	855	124	query_pubchem_cid	direction,cell_type,time_key	direction	95% BCa bootstrap CI clustered by PubChem compound; uncertainty is over the observed compound panel, not broader chemical space.
l1000_phase1	cigs_mce	logFC	strict_matched_condition	spearman	per_gene_population_zscore_dataset	reviewer_minimal_retrieval_dataset_pair	target_individual_fraction_below_observed	target_individual_fraction_below_observed	0.5860823345313182	0.5181513010783707	0.6836894613047411	0.08276908011318518	bca	ok	0.95	2000	2000	855	855	124	query_pubchem_cid	direction,cell_type,time_key	direction	95% BCa bootstrap CI clustered by PubChem compound; uncertainty is over the observed compound panel, not broader chemical space.
l1000_phase1	cigs_mce	logFC	strict_matched_condition	spearman	per_gene_population_zscore_dataset	reviewer_minimal_retrieval_dataset_pair	target_individual_corrected_percentile	target_individual_corrected_percentile	0.5883802945604235	0.521523135846048	0.6809745377103072	0.0797257009321296	bca	ok	0.95	2000	2000	855	855	124	query_pubchem_cid	direction,cell_type,time_key	direction	95% BCa bootstrap CI clustered by PubChem compound; uncertainty is over the observed compound panel, not broader chemical space.
l1000_phase1	cigs_mce	logFC	strict_matched_condition	spearman	per_gene_population_zscore_dataset	reviewer_minimal_retrieval_dataset_pair	source_centroid_similarity	source_centroid_similarity	0.31989723288241256	0.2730468325137001	0.35904024904212395	0.042996708264211925	bca	ok	0.95	2000	2000	855	855	124	query_pubchem_cid	direction,cell_type,time_key	direction	95% BCa bootstrap CI clustered by PubChem compound; uncertainty is over the observed compound panel, not broader chemical space.
l1000_phase1	cigs_mce	logFC	strict_matched_condition	spearman	per_gene_population_zscore_dataset	reviewer_minimal_retrieval_dataset_pair	source_centroid_normalized_rank	source_centroid_normalized_rank	0.892719501567133	0.8304933426968911	0.9256016905511495	0.047554173927129184	bca	ok	0.95	2000	2000	855	855	124	query_pubchem_cid	direction,cell_type,time_key	direction	95% BCa bootstrap CI clustered by PubChem compound; uncertainty is over the observed compound panel, not broader chemical space.
l1000_phase1	cigs_mce	logFC	strict_matched_condition	spearman	per_gene_population_zscore_dataset	reviewer_minimal_retrieval_dataset_pair	source_centroid_recall_at_1	source_centroid_recall_at_1	0.6769059377429666	0.5666229269596714	0.740478623990536	0.08692784851543228	bca	ok	0.95	2000	2000	855	855	124	query_pubchem_cid	direction,cell_type,time_key	direction	95% BCa bootstrap CI clustered by PubChem compound; uncertainty is over the observed compound panel, not broader chemical space.
l1000_phase1	cigs_mce	logFC	strict_matched_condition	spearman	per_gene_population_zscore_dataset	reviewer_minimal_retrieval_dataset_pair	source_centroid_auroc	source_centroid_auroc	0.892719501567133	0.8311717398622149	0.9264886655365311	0.04765846283715808	bca	ok	0.95	2000	2000	855	855	124	query_pubchem_cid	direction,cell_type,time_key	direction	95% BCa bootstrap CI clustered by PubChem compound; uncertainty is over the observed compound panel, not broader chemical space.
l1000_phase1	cigs_mce	logFC	strict_matched_condition	spearman	per_gene_population_zscore_dataset	reviewer_minimal_retrieval_dataset_pair	target_centroid_similarity	target_centroid_similarity	0.03587453730650761	0.023818322660162376	0.048067599721267874	0.01212463853055275	bca	ok	0.95	2000	2000	855	855	124	query_pubchem_cid	direction,cell_type,time_key	direction	95% BCa bootstrap CI clustered by PubChem compound; uncertainty is over the observed compound panel, not broader chemical space.
l1000_phase1	cigs_mce	logFC	strict_matched_condition	spearman	per_gene_population_zscore_dataset	reviewer_minimal_retrieval_dataset_pair	target_centroid_normalized_rank	target_centroid_normalized_rank	0.5840196923107086	0.5449536037101343	0.6454969756171612	0.050271685953513445	bca	ok	0.95	2000	2000	855	855	124	query_pubchem_cid	direction,cell_type,time_key	direction	95% BCa bootstrap CI clustered by PubChem compound; uncertainty is over the observed compound panel, not broader chemical space.
l1000_phase1	cigs_mce	logFC	strict_matched_condition	spearman	per_gene_population_zscore_dataset	reviewer_minimal_retrieval_dataset_pair	target_centroid_recall_at_1	target_centroid_recall_at_1	0.0	0.0	0.0	0.0	degenerate	zero_bootstrap_variance	0.95	2000	2000	855	855	124	query_pubchem_cid	direction,cell_type,time_key	direction	95% BCa bootstrap CI clustered by PubChem compound; uncertainty is over the observed compound panel, not broader chemical space.
l1000_phase1	cigs_mce	logFC	strict_matched_condition	spearman	per_gene_population_zscore_dataset	reviewer_minimal_retrieval_dataset_pair	target_centroid_auroc	target_centroid_auroc	0.584020991445052	0.5436694237055287	0.6453961826334724	0.05086337946397185	bca	ok	0.95	2000	2000	855	855	124	query_pubchem_cid	direction,cell_type,time_key	direction	95% BCa bootstrap CI clustered by PubChem compound; uncertainty is over the observed compound panel, not broader chemical space.
l1000_phase1	cigs_mce	logFC	strict_matched_condition	spearman	per_gene_population_zscore_dataset	reviewer_minimal_retrieval_dataset_pair	source_peer_normalized_rank	source_peer_normalized_rank	0.703375525009444	0.6520405267423828	0.7330748803339625	0.040517176795789867	bca	ok	0.95	2000	2000	855	855	124	query_pubchem_cid	direction,cell_type,time_key	direction	95% BCa bootstrap CI clustered by PubChem compound; uncertainty is over the observed compound panel, not broader chemical space.
l1000_phase1	cigs_mce	logFC	strict_matched_condition	spearman	per_gene_population_zscore_dataset	reviewer_minimal_retrieval_dataset_pair	target_peer_normalized_rank	target_peer_normalized_rank	0.5259866287854638	0.5212427020027958	0.5299983314642315	0.004377814730717855	bca	ok	0.95	2000	2000	855	855	124	query_pubchem_cid	direction,cell_type,time_key	direction	95% BCa bootstrap CI clustered by PubChem compound; uncertainty is over the observed compound panel, not broader chemical space.
l1000_phase1	cigs_mce	logFC	strict_matched_condition	spearman	per_gene_population_zscore_dataset	reviewer_minimal_retrieval_dataset_pair	delta_vs_source_peer_normalized_rank	delta_vs_source_peer_normalized_rank	-0.09957816169707553	-0.18669198136226753	0.00042144398772840717	0.09355671267499797	bca	ok	0.95	2000	2000	855	855	124	query_pubchem_cid	direction,cell_type,time_key	direction	95% BCa bootstrap CI clustered by PubChem compound; uncertainty is over the observed compound panel, not broader chemical space.
l1000_phase1	cigs_mce	logFC	strict_matched_condition	spearman	per_gene_population_zscore_dataset	reviewer_minimal_retrieval_dataset_pair	delta_vs_target_peer_normalized_rank	delta_vs_target_peer_normalized_rank	0.07781073452690457	0.010627070172933524	0.17757650202951247	0.08347471592828948	bca	ok	0.95	2000	2000	855	855	124	query_pubchem_cid	direction,cell_type,time_key	direction	95% BCa bootstrap CI clustered by PubChem compound; uncertainty is over the observed compound panel, not broader chemical space.
l1000_phase1	cigs_mce	logFC	strict_matched_condition	spearman	per_gene_population_zscore_dataset	reviewer_minimal_retrieval_dataset_pair	target_decoy_null_normalized_best_positive_rank	target_decoy_null_normalized_best_positive_rank	0.7848070929435949	0.7792133507854505	0.7883965539318997	0.00459160157322458	bca	ok	0.95	2000	2000	855	855	124	query_pubchem_cid	direction,cell_type,time_key	direction	95% BCa bootstrap CI clustered by PubChem compound; uncertainty is over the observed compound panel, not broader chemical space.
l1000_phase1	cigs_mce	logFC	strict_matched_condition	spearman	per_gene_population_zscore_dataset	reviewer_minimal_retrieval_dataset_pair	delta_vs_target_decoy_null_normalized_best_positive_rank	delta_vs_target_decoy_null_normalized_best_positive_rank	-0.1810097296312269	-0.2504508761006796	-0.09470181025958019	0.07787453292054972	bca	ok	0.95	2000	2000	855	855	124	query_pubchem_cid	direction,cell_type,time_key	direction	95% BCa bootstrap CI clustered by PubChem compound; uncertainty is over the observed compound panel, not broader chemical space.
l1000_phase1	cigs_mce	logFC	strict_matched_condition	spearman	raw	reviewer_minimal_retrieval_dataset_pair	observed_normalized_best_positive_rank	observed_normalized_best_positive_rank	0.617704934838595	0.5521994530196382	0.6928606082637518	0.0703305776220568	bca	ok	0.95	2000	2000	855	855	124	query_pubchem_cid	direction,cell_type,time_key	direction	95% BCa bootstrap CI clustered by PubChem compound; uncertainty is over the observed compound panel, not broader chemical space.
l1000_phase1	cigs_mce	logFC	strict_matched_condition	spearman	raw	reviewer_minimal_retrieval_dataset_pair	observed_recall_at_1	observed_recall_at_1	0.06585509833846863	0.027995268300728755	0.21706623278025536	0.0945354822397633	bca	ok	0.95	2000	2000	855	855	124	query_pubchem_cid	direction,cell_type,time_key	direction	95% BCa bootstrap CI clustered by PubChem compound; uncertainty is over the observed compound panel, not broader chemical space.
l1000_phase1	cigs_mce	logFC	strict_matched_condition	spearman	raw	reviewer_minimal_retrieval_dataset_pair	observed_auroc	observed_auroc	0.6089582890928453	0.5439205864555732	0.692501697620024	0.07429055558222541	bca	ok	0.95	2000	2000	855	855	124	query_pubchem_cid	direction,cell_type,time_key	direction	95% BCa bootstrap CI clustered by PubChem compound; uncertainty is over the observed compound panel, not broader chemical space.
l1000_phase1	cigs_mce	logFC	strict_matched_condition	spearman	raw	reviewer_minimal_retrieval_dataset_pair	observed_best_positive_similarity	observed_best_positive_similarity	0.0947541064257449	0.06681248625301413	0.18355754692647805	0.05837253033673196	bca	ok	0.95	2000	2000	855	855	124	query_pubchem_cid	direction,cell_type,time_key	direction	95% BCa bootstrap CI clustered by PubChem compound; uncertainty is over the observed compound panel, not broader chemical space.
l1000_phase1	cigs_mce	logFC	strict_matched_condition	spearman	raw	reviewer_minimal_retrieval_dataset_pair	random_normalized_best_positive_rank	random_normalized_best_positive_rank					not_estimable	too_few_clusters_or_values	0.95	2000	0	855	0	0	query_pubchem_cid	direction,cell_type,time_key	direction	95% BCa bootstrap CI clustered by PubChem compound; uncertainty is over the observed compound panel, not broader chemical space.
l1000_phase1	cigs_mce	logFC	strict_matched_condition	spearman	raw	reviewer_minimal_retrieval_dataset_pair	random_recall_at_1	random_recall_at_1					not_estimable	too_few_clusters_or_values	0.95	2000	0	855	0	0	query_pubchem_cid	direction,cell_type,time_key	direction	95% BCa bootstrap CI clustered by PubChem compound; uncertainty is over the observed compound panel, not broader chemical space.
l1000_phase1	cigs_mce	logFC	strict_matched_condition	spearman	raw	reviewer_minimal_retrieval_dataset_pair	random_auroc	random_auroc					not_estimable	too_few_clusters_or_values	0.95	2000	0	855	0	0	query_pubchem_cid	direction,cell_type,time_key	direction	95% BCa bootstrap CI clustered by PubChem compound; uncertainty is over the observed compound panel, not broader chemical space.
l1000_phase1	cigs_mce	logFC	strict_matched_condition	spearman	raw	reviewer_minimal_retrieval_dataset_pair	delta_vs_random_normalized_best_positive_rank	delta_vs_random_normalized_best_positive_rank	-0.1671021581050004	-0.2307084162013448	-0.08278646646362943	0.07396097486885769	bca	ok	0.95	2000	2000	855	855	124	query_pubchem_cid	direction,cell_type,time_key	direction	95% BCa bootstrap CI clustered by PubChem compound; uncertainty is over the observed compound panel, not broader chemical space.
l1000_phase1	cigs_mce	logFC	strict_matched_condition	spearman	raw	reviewer_minimal_retrieval_dataset_pair	source_individual_n_peers	source_individual_n_peers	220.0702479338843	220.0144568335478	220.20689655172413	0.09621985908816555	bca	ok	0.95	2000	2000	855	855	124	query_pubchem_cid	direction,cell_type,time_key	direction	95% BCa bootstrap CI clustered by PubChem compound; uncertainty is over the observed compound panel, not broader chemical space.
l1000_phase1	cigs_mce	logFC	strict_matched_condition	spearman	raw	reviewer_minimal_retrieval_dataset_pair	source_individual_mean_similarity	source_individual_mean_similarity	0.17094559119050856	0.1435968951037233	0.18760049027554462	0.022001797585910657	bca	ok	0.95	2000	2000	855	855	124	query_pubchem_cid	direction,cell_type,time_key	direction	95% BCa bootstrap CI clustered by PubChem compound; uncertainty is over the observed compound panel, not broader chemical space.
l1000_phase1	cigs_mce	logFC	strict_matched_condition	spearman	raw	reviewer_minimal_retrieval_dataset_pair	source_individual_sd_similarity	source_individual_sd_similarity	0.13624639329292473	0.12489827217926826	0.14707035819945702	0.01108604301009438	bca	ok	0.95	2000	2000	855	855	124	query_pubchem_cid	direction,cell_type,time_key	direction	95% BCa bootstrap CI clustered by PubChem compound; uncertainty is over the observed compound panel, not broader chemical space.
l1000_phase1	cigs_mce	logFC	strict_matched_condition	spearman	raw	reviewer_minimal_retrieval_dataset_pair	source_individual_n_below_observed	source_individual_n_below_observed	94.41111203098454	83.66302446144032	107.79753987227019	12.067257705414939	bca	ok	0.95	2000	2000	855	855	124	query_pubchem_cid	direction,cell_type,time_key	direction	95% BCa bootstrap CI clustered by PubChem compound; uncertainty is over the observed compound panel, not broader chemical space.
l1000_phase1	cigs_mce	logFC	strict_matched_condition	spearman	raw	reviewer_minimal_retrieval_dataset_pair	source_individual_fraction_below_observed	source_individual_fraction_below_observed	0.39037809964688464	0.341080499337161	0.4740325295303017	0.06647601509657036	bca	ok	0.95	2000	2000	855	855	124	query_pubchem_cid	direction,cell_type,time_key	direction	95% BCa bootstrap CI clustered by PubChem compound; uncertainty is over the observed compound panel, not broader chemical space.
l1000_phase1	cigs_mce	logFC	strict_matched_condition	spearman	raw	reviewer_minimal_retrieval_dataset_pair	source_individual_corrected_percentile	source_individual_corrected_percentile	0.39379421565841466	0.3440006492990851	0.4733462595391075	0.0646728051200112	bca	ok	0.95	2000	2000	855	855	124	query_pubchem_cid	direction,cell_type,time_key	direction	95% BCa bootstrap CI clustered by PubChem compound; uncertainty is over the observed compound panel, not broader chemical space.
l1000_phase1	cigs_mce	logFC	strict_matched_condition	spearman	raw	reviewer_minimal_retrieval_dataset_pair	target_individual_n_peers	target_individual_n_peers	220.09146341463415	220.01950307020775	220.31144929259997	0.14597311119611334	bca	ok	0.95	2000	2000	855	855	124	query_pubchem_cid	direction,cell_type,time_key	direction	95% BCa bootstrap CI clustered by PubChem compound; uncertainty is over the observed compound panel, not broader chemical space.
l1000_phase1	cigs_mce	logFC	strict_matched_condition	spearman	raw	reviewer_minimal_retrieval_dataset_pair	target_individual_mean_similarity	target_individual_mean_similarity	0.027346778710622934	0.02238717237601	0.03294094300305738	0.00527688531352369	bca	ok	0.95	2000	2000	855	855	124	query_pubchem_cid	direction,cell_type,time_key	direction	95% BCa bootstrap CI clustered by PubChem compound; uncertainty is over the observed compound panel, not broader chemical space.
l1000_phase1	cigs_mce	logFC	strict_matched_condition	spearman	raw	reviewer_minimal_retrieval_dataset_pair	target_individual_sd_similarity	target_individual_sd_similarity	0.05127826912340635	0.04885336519072996	0.054295966524072314	0.002721300666671176	bca	ok	0.95	2000	2000	855	855	124	query_pubchem_cid	direction,cell_type,time_key	direction	95% BCa bootstrap CI clustered by PubChem compound; uncertainty is over the observed compound panel, not broader chemical space.
l1000_phase1	cigs_mce	logFC	strict_matched_condition	spearman	raw	reviewer_minimal_retrieval_dataset_pair	target_individual_n_below_observed	target_individual_n_below_observed	135.33388357761973	120.46511797577581	151.34708579977286	15.440983911998522	bca	ok	0.95	2000	2000	855	855	124	query_pubchem_cid	direction,cell_type,time_key	direction	95% BCa bootstrap CI clustered by PubChem compound; uncertainty is over the observed compound panel, not broader chemical space.
l1000_phase1	cigs_mce	logFC	strict_matched_condition	spearman	raw	reviewer_minimal_retrieval_dataset_pair	target_individual_fraction_below_observed	target_individual_fraction_below_observed	0.5932704634131734	0.5241099419412512	0.6776403743798058	0.07676521621927734	bca	ok	0.95	2000	2000	855	855	124	query_pubchem_cid	direction,cell_type,time_key	direction	95% BCa bootstrap CI clustered by PubChem compound; uncertainty is over the observed compound panel, not broader chemical space.
l1000_phase1	cigs_mce	logFC	strict_matched_condition	spearman	raw	reviewer_minimal_retrieval_dataset_pair	target_individual_corrected_percentile	target_individual_corrected_percentile	0.5955174377826872	0.5320028914655373	0.677235631010544	0.07261636977250335	bca	ok	0.95	2000	2000	855	855	124	query_pubchem_cid	direction,cell_type,time_key	direction	95% BCa bootstrap CI clustered by PubChem compound; uncertainty is over the observed compound panel, not broader chemical space.
l1000_phase1	cigs_mce	logFC	strict_matched_condition	spearman	raw	reviewer_minimal_retrieval_dataset_pair	source_centroid_similarity	source_centroid_similarity	0.35039183015108666	0.3099541661360629	0.3860383173217127	0.03804207559282488	bca	ok	0.95	2000	2000	855	855	124	query_pubchem_cid	direction,cell_type,time_key	direction	95% BCa bootstrap CI clustered by PubChem compound; uncertainty is over the observed compound panel, not broader chemical space.
l1000_phase1	cigs_mce	logFC	strict_matched_condition	spearman	raw	reviewer_minimal_retrieval_dataset_pair	source_centroid_normalized_rank	source_centroid_normalized_rank	0.9330597941057446	0.8577872794935752	0.968676908008068	0.0554448142572464	bca	ok	0.95	2000	2000	855	855	124	query_pubchem_cid	direction,cell_type,time_key	direction	95% BCa bootstrap CI clustered by PubChem compound; uncertainty is over the observed compound panel, not broader chemical space.
l1000_phase1	cigs_mce	logFC	strict_matched_condition	spearman	raw	reviewer_minimal_retrieval_dataset_pair	source_centroid_recall_at_1	source_centroid_recall_at_1	0.7454635442163158	0.6530184332720477	0.8274248875486727	0.08720322713831252	bca	ok	0.95	2000	2000	855	855	124	query_pubchem_cid	direction,cell_type,time_key	direction	95% BCa bootstrap CI clustered by PubChem compound; uncertainty is over the observed compound panel, not broader chemical space.
l1000_phase1	cigs_mce	logFC	strict_matched_condition	spearman	raw	reviewer_minimal_retrieval_dataset_pair	source_centroid_auroc	source_centroid_auroc	0.9330597941057446	0.8581223934116737	0.9693265748221924	0.055602090705259344	bca	ok	0.95	2000	2000	855	855	124	query_pubchem_cid	direction,cell_type,time_key	direction	95% BCa bootstrap CI clustered by PubChem compound; uncertainty is over the observed compound panel, not broader chemical space.
l1000_phase1	cigs_mce	logFC	strict_matched_condition	spearman	raw	reviewer_minimal_retrieval_dataset_pair	target_centroid_similarity	target_centroid_similarity	0.09405931145392372	0.07889439769579482	0.10710932679558756	0.014107464549896372	bca	ok	0.95	2000	2000	855	855	124	query_pubchem_cid	direction,cell_type,time_key	direction	95% BCa bootstrap CI clustered by PubChem compound; uncertainty is over the observed compound panel, not broader chemical space.
l1000_phase1	cigs_mce	logFC	strict_matched_condition	spearman	raw	reviewer_minimal_retrieval_dataset_pair	target_centroid_normalized_rank	target_centroid_normalized_rank	0.7756855992453795	0.7311869147658883	0.8057577101999722	0.03728539771704198	bca	ok	0.95	2000	2000	855	855	124	query_pubchem_cid	direction,cell_type,time_key	direction	95% BCa bootstrap CI clustered by PubChem compound; uncertainty is over the observed compound panel, not broader chemical space.
l1000_phase1	cigs_mce	logFC	strict_matched_condition	spearman	raw	reviewer_minimal_retrieval_dataset_pair	target_centroid_recall_at_1	target_centroid_recall_at_1	0.004058441558441558	0.0	0.01557851994112013	0.007789259970560065	bca	ok	0.95	2000	2000	855	855	124	query_pubchem_cid	direction,cell_type,time_key	direction	95% BCa bootstrap CI clustered by PubChem compound; uncertainty is over the observed compound panel, not broader chemical space.
l1000_phase1	cigs_mce	logFC	strict_matched_condition	spearman	raw	reviewer_minimal_retrieval_dataset_pair	target_centroid_auroc	target_centroid_auroc	0.7756855992453795	0.7312644016106304	0.8059426432473464	0.037339120818357996	bca	ok	0.95	2000	2000	855	855	124	query_pubchem_cid	direction,cell_type,time_key	direction	95% BCa bootstrap CI clustered by PubChem compound; uncertainty is over the observed compound panel, not broader chemical space.
l1000_phase1	cigs_mce	logFC	strict_matched_condition	spearman	raw	reviewer_minimal_retrieval_dataset_pair	source_peer_normalized_rank	source_peer_normalized_rank	0.7306362625425562	0.7071270133795372	0.7541856506300201	0.023529318625241435	bca	ok	0.95	2000	2000	855	855	124	query_pubchem_cid	direction,cell_type,time_key	direction	95% BCa bootstrap CI clustered by PubChem compound; uncertainty is over the observed compound panel, not broader chemical space.
l1000_phase1	cigs_mce	logFC	strict_matched_condition	spearman	raw	reviewer_minimal_retrieval_dataset_pair	target_peer_normalized_rank	target_peer_normalized_rank	0.5314501343807129	0.5281407057572578	0.5348768924889037	0.003368093365822944	bca	ok	0.95	2000	2000	855	855	124	query_pubchem_cid	direction,cell_type,time_key	direction	95% BCa bootstrap CI clustered by PubChem compound; uncertainty is over the observed compound panel, not broader chemical space.
l1000_phase1	cigs_mce	logFC	strict_matched_condition	spearman	raw	reviewer_minimal_retrieval_dataset_pair	delta_vs_source_peer_normalized_rank	delta_vs_source_peer_normalized_rank	-0.11293132770396147	-0.18793832409061884	-0.02738226336963779	0.08027803036049053	bca	ok	0.95	2000	2000	855	855	124	query_pubchem_cid	direction,cell_type,time_key	direction	95% BCa bootstrap CI clustered by PubChem compound; uncertainty is over the observed compound panel, not broader chemical space.
l1000_phase1	cigs_mce	logFC	strict_matched_condition	spearman	raw	reviewer_minimal_retrieval_dataset_pair	delta_vs_target_peer_normalized_rank	delta_vs_target_peer_normalized_rank	0.086254800457882	0.01996810350251715	0.16273551787606888	0.07138370718677586	bca	ok	0.95	2000	2000	855	855	124	query_pubchem_cid	direction,cell_type,time_key	direction	95% BCa bootstrap CI clustered by PubChem compound; uncertainty is over the observed compound panel, not broader chemical space.
l1000_phase1	cigs_mce	logFC	strict_matched_condition	spearman	raw	reviewer_minimal_retrieval_dataset_pair	target_decoy_null_normalized_best_positive_rank	target_decoy_null_normalized_best_positive_rank	0.7848070929435949	0.7787198380794547	0.7881558994871531	0.004718030703849241	bca	ok	0.95	2000	2000	855	855	124	query_pubchem_cid	direction,cell_type,time_key	direction	95% BCa bootstrap CI clustered by PubChem compound; uncertainty is over the observed compound panel, not broader chemical space.
l1000_phase1	cigs_mce	logFC	strict_matched_condition	spearman	raw	reviewer_minimal_retrieval_dataset_pair	delta_vs_target_decoy_null_normalized_best_positive_rank	delta_vs_target_decoy_null_normalized_best_positive_rank	-0.1671021581050004	-0.2304291956902071	-0.08871452922057974	0.07085733323481368	bca	ok	0.95	2000	2000	855	855	124	query_pubchem_cid	direction,cell_type,time_key	direction	95% BCa bootstrap CI clustered by PubChem compound; uncertainty is over the observed compound panel, not broader chemical space.
l1000_phase1	sciplex	logFC	strict_matched_condition	cosine	per_gene_population_zscore_dataset	reviewer_minimal_retrieval_dataset_pair	observed_normalized_best_positive_rank	observed_normalized_best_positive_rank	0.6841549277142749	0.6421479114740558	0.7257799011089792	0.04181599481746168	bca	ok	0.95	2000	2000	1897	1897	90	query_pubchem_cid	direction,cell_type,time_key	direction	95% BCa bootstrap CI clustered by PubChem compound; uncertainty is over the observed compound panel, not broader chemical space.
l1000_phase1	sciplex	logFC	strict_matched_condition	cosine	per_gene_population_zscore_dataset	reviewer_minimal_retrieval_dataset_pair	observed_recall_at_1	observed_recall_at_1	0.05640823350906473	0.03226975078532873	0.10311040999822352	0.03542032960644739	bca	ok	0.95	2000	2000	1897	1897	90	query_pubchem_cid	direction,cell_type,time_key	direction	95% BCa bootstrap CI clustered by PubChem compound; uncertainty is over the observed compound panel, not broader chemical space.
l1000_phase1	sciplex	logFC	strict_matched_condition	cosine	per_gene_population_zscore_dataset	reviewer_minimal_retrieval_dataset_pair	observed_auroc	observed_auroc	0.6836065636683843	0.6435315682412055	0.7223957268706156	0.03943207931470505	bca	ok	0.95	2000	2000	1897	1897	90	query_pubchem_cid	direction,cell_type,time_key	direction	95% BCa bootstrap CI clustered by PubChem compound; uncertainty is over the observed compound panel, not broader chemical space.
l1000_phase1	sciplex	logFC	strict_matched_condition	cosine	per_gene_population_zscore_dataset	reviewer_minimal_retrieval_dataset_pair	observed_best_positive_similarity	observed_best_positive_similarity	0.0899436570775639	0.06307225691307877	0.13426337784791587	0.03559556046741855	bca	ok	0.95	2000	2000	1897	1897	90	query_pubchem_cid	direction,cell_type,time_key	direction	95% BCa bootstrap CI clustered by PubChem compound; uncertainty is over the observed compound panel, not broader chemical space.
l1000_phase1	sciplex	logFC	strict_matched_condition	cosine	per_gene_population_zscore_dataset	reviewer_minimal_retrieval_dataset_pair	random_normalized_best_positive_rank	random_normalized_best_positive_rank					not_estimable	too_few_clusters_or_values	0.95	2000	0	1897	0	0	query_pubchem_cid	direction,cell_type,time_key	direction	95% BCa bootstrap CI clustered by PubChem compound; uncertainty is over the observed compound panel, not broader chemical space.
l1000_phase1	sciplex	logFC	strict_matched_condition	cosine	per_gene_population_zscore_dataset	reviewer_minimal_retrieval_dataset_pair	random_recall_at_1	random_recall_at_1					not_estimable	too_few_clusters_or_values	0.95	2000	0	1897	0	0	query_pubchem_cid	direction,cell_type,time_key	direction	95% BCa bootstrap CI clustered by PubChem compound; uncertainty is over the observed compound panel, not broader chemical space.
l1000_phase1	sciplex	logFC	strict_matched_condition	cosine	per_gene_population_zscore_dataset	reviewer_minimal_retrieval_dataset_pair	random_auroc	random_auroc					not_estimable	too_few_clusters_or_values	0.95	2000	0	1897	0	0	query_pubchem_cid	direction,cell_type,time_key	direction	95% BCa bootstrap CI clustered by PubChem compound; uncertainty is over the observed compound panel, not broader chemical space.
l1000_phase1	sciplex	logFC	strict_matched_condition	cosine	per_gene_population_zscore_dataset	reviewer_minimal_retrieval_dataset_pair	delta_vs_random_normalized_best_positive_rank	delta_vs_random_normalized_best_positive_rank	-0.034757981497955004	-0.07752009152197732	0.008395597411173468	0.0429578444665754	bca	ok	0.95	2000	2000	1897	1897	90	query_pubchem_cid	direction,cell_type,time_key	direction	95% BCa bootstrap CI clustered by PubChem compound; uncertainty is over the observed compound panel, not broader chemical space.
l1000_phase1	sciplex	logFC	strict_matched_condition	cosine	per_gene_population_zscore_dataset	reviewer_minimal_retrieval_dataset_pair	source_individual_n_peers	source_individual_n_peers	191.119284870029	178.6499147130036	200.31925124926363	10.834668268130017	bca	ok	0.95	2000	2000	1897	1897	90	query_pubchem_cid	direction,cell_type,time_key	direction	95% BCa bootstrap CI clustered by PubChem compound; uncertainty is over the observed compound panel, not broader chemical space.
l1000_phase1	sciplex	logFC	strict_matched_condition	cosine	per_gene_population_zscore_dataset	reviewer_minimal_retrieval_dataset_pair	source_individual_mean_similarity	source_individual_mean_similarity	0.0651625541552297	0.05506585469529009	0.07545002643427355	0.010192085869491732	bca	ok	0.95	2000	2000	1897	1876	90	query_pubchem_cid	direction,cell_type,time_key	direction	95% BCa bootstrap CI clustered by PubChem compound; uncertainty is over the observed compound panel, not broader chemical space.
l1000_phase1	sciplex	logFC	strict_matched_condition	cosine	per_gene_population_zscore_dataset	reviewer_minimal_retrieval_dataset_pair	source_individual_sd_similarity	source_individual_sd_similarity	0.12563600870157787	0.1176549172978834	0.13773099058589333	0.010038036644004968	bca	ok	0.95	2000	2000	1897	1876	90	query_pubchem_cid	direction,cell_type,time_key	direction	95% BCa bootstrap CI clustered by PubChem compound; uncertainty is over the observed compound panel, not broader chemical space.
l1000_phase1	sciplex	logFC	strict_matched_condition	cosine	per_gene_population_zscore_dataset	reviewer_minimal_retrieval_dataset_pair	source_individual_n_below_observed	source_individual_n_below_observed	103.35431053129868	93.78049121106129	112.7141098076887	9.466809298313706	bca	ok	0.95	2000	2000	1897	1897	90	query_pubchem_cid	direction,cell_type,time_key	direction	95% BCa bootstrap CI clustered by PubChem compound; uncertainty is over the observed compound panel, not broader chemical space.
l1000_phase1	sciplex	logFC	strict_matched_condition	cosine	per_gene_population_zscore_dataset	reviewer_minimal_retrieval_dataset_pair	source_individual_fraction_below_observed	source_individual_fraction_below_observed	0.5232641605582398	0.4895893818637818	0.57138676422532	0.04089869118076908	bca	ok	0.95	2000	2000	1897	1876	90	query_pubchem_cid	direction,cell_type,time_key	direction	95% BCa bootstrap CI clustered by PubChem compound; uncertainty is over the observed compound panel, not broader chemical space.
l1000_phase1	sciplex	logFC	strict_matched_condition	cosine	per_gene_population_zscore_dataset	reviewer_minimal_retrieval_dataset_pair	source_individual_corrected_percentile	source_individual_corrected_percentile	0.5294986602394696	0.4958100131686159	0.576078343495754	0.040134165163569074	bca	ok	0.95	2000	2000	1897	1876	90	query_pubchem_cid	direction,cell_type,time_key	direction	95% BCa bootstrap CI clustered by PubChem compound; uncertainty is over the observed compound panel, not broader chemical space.
l1000_phase1	sciplex	logFC	strict_matched_condition	cosine	per_gene_population_zscore_dataset	reviewer_minimal_retrieval_dataset_pair	target_individual_n_peers	target_individual_n_peers	185.5970293726248	173.47636633834261	196.68251647823814	11.603075069947764	bca	ok	0.95	2000	2000	1897	1897	90	query_pubchem_cid	direction,cell_type,time_key	direction	95% BCa bootstrap CI clustered by PubChem compound; uncertainty is over the observed compound panel, not broader chemical space.
l1000_phase1	sciplex	logFC	strict_matched_condition	cosine	per_gene_population_zscore_dataset	reviewer_minimal_retrieval_dataset_pair	target_individual_mean_similarity	target_individual_mean_similarity	0.014181174910879692	0.009566627364895983	0.018928762741322748	0.004681067688213383	bca	ok	0.95	2000	2000	1897	1887	90	query_pubchem_cid	direction,cell_type,time_key	direction	95% BCa bootstrap CI clustered by PubChem compound; uncertainty is over the observed compound panel, not broader chemical space.
l1000_phase1	sciplex	logFC	strict_matched_condition	cosine	per_gene_population_zscore_dataset	reviewer_minimal_retrieval_dataset_pair	target_individual_sd_similarity	target_individual_sd_similarity	0.0625706526450473	0.055863403059179154	0.07147120390049326	0.007803900420657053	bca	ok	0.95	2000	2000	1897	1887	90	query_pubchem_cid	direction,cell_type,time_key	direction	95% BCa bootstrap CI clustered by PubChem compound; uncertainty is over the observed compound panel, not broader chemical space.
l1000_phase1	sciplex	logFC	strict_matched_condition	cosine	per_gene_population_zscore_dataset	reviewer_minimal_retrieval_dataset_pair	target_individual_n_below_observed	target_individual_n_below_observed	128.20169043630904	117.95409397561038	139.35136881886254	10.698637421626081	bca	ok	0.95	2000	2000	1897	1897	90	query_pubchem_cid	direction,cell_type,time_key	direction	95% BCa bootstrap CI clustered by PubChem compound; uncertainty is over the observed compound panel, not broader chemical space.
l1000_phase1	sciplex	logFC	strict_matched_condition	cosine	per_gene_population_zscore_dataset	reviewer_minimal_retrieval_dataset_pair	target_individual_fraction_below_observed	target_individual_fraction_below_observed	0.6705317941267201	0.6248069234288417	0.7110013505984862	0.04309721358482227	bca	ok	0.95	2000	2000	1897	1887	90	query_pubchem_cid	direction,cell_type,time_key	direction	95% BCa bootstrap CI clustered by PubChem compound; uncertainty is over the observed compound panel, not broader chemical space.
l1000_phase1	sciplex	logFC	strict_matched_condition	cosine	per_gene_population_zscore_dataset	reviewer_minimal_retrieval_dataset_pair	target_individual_corrected_percentile	target_individual_corrected_percentile	0.6753610510692764	0.6340796262427911	0.7157067149128029	0.04081354433500589	bca	ok	0.95	2000	2000	1897	1887	90	query_pubchem_cid	direction,cell_type,time_key	direction	95% BCa bootstrap CI clustered by PubChem compound; uncertainty is over the observed compound panel, not broader chemical space.
l1000_phase1	sciplex	logFC	strict_matched_condition	cosine	per_gene_population_zscore_dataset	reviewer_minimal_retrieval_dataset_pair	source_centroid_similarity	source_centroid_similarity	0.20722567401947695	0.1726950449135753	0.24535003195146615	0.03632749351894543	bca	ok	0.95	2000	2000	1897	1876	90	query_pubchem_cid	direction,cell_type,time_key	direction	95% BCa bootstrap CI clustered by PubChem compound; uncertainty is over the observed compound panel, not broader chemical space.
l1000_phase1	sciplex	logFC	strict_matched_condition	cosine	per_gene_population_zscore_dataset	reviewer_minimal_retrieval_dataset_pair	source_centroid_normalized_rank	source_centroid_normalized_rank	0.8713313017653408	0.8296942902867418	0.9047105646893511	0.03750813720130464	bca	ok	0.95	2000	2000	1897	1876	90	query_pubchem_cid	direction,cell_type,time_key	direction	95% BCa bootstrap CI clustered by PubChem compound; uncertainty is over the observed compound panel, not broader chemical space.
l1000_phase1	sciplex	logFC	strict_matched_condition	cosine	per_gene_population_zscore_dataset	reviewer_minimal_retrieval_dataset_pair	source_centroid_recall_at_1	source_centroid_recall_at_1	0.4699474860827797	0.41246781886798217	0.5322287239023054	0.05988045251716159	bca	ok	0.95	2000	2000	1897	1876	90	query_pubchem_cid	direction,cell_type,time_key	direction	95% BCa bootstrap CI clustered by PubChem compound; uncertainty is over the observed compound panel, not broader chemical space.
l1000_phase1	sciplex	logFC	strict_matched_condition	cosine	per_gene_population_zscore_dataset	reviewer_minimal_retrieval_dataset_pair	source_centroid_auroc	source_centroid_auroc	0.8713313017653408	0.8325843730735322	0.9027106125789739	0.03506311975272086	bca	ok	0.95	2000	2000	1897	1876	90	query_pubchem_cid	direction,cell_type,time_key	direction	95% BCa bootstrap CI clustered by PubChem compound; uncertainty is over the observed compound panel, not broader chemical space.
l1000_phase1	sciplex	logFC	strict_matched_condition	cosine	per_gene_population_zscore_dataset	reviewer_minimal_retrieval_dataset_pair	target_centroid_similarity	target_centroid_similarity	0.06384083034402335	0.0433535900412538	0.08727489053394574	0.02196065024634597	bca	ok	0.95	2000	2000	1897	1887	90	query_pubchem_cid	direction,cell_type,time_key	direction	95% BCa bootstrap CI clustered by PubChem compound; uncertainty is over the observed compound panel, not broader chemical space.
l1000_phase1	sciplex	logFC	strict_matched_condition	cosine	per_gene_population_zscore_dataset	reviewer_minimal_retrieval_dataset_pair	target_centroid_normalized_rank	target_centroid_normalized_rank	0.6239993582342968	0.5768169479564833	0.6696235653773276	0.04640330871042214	bca	ok	0.95	2000	2000	1897	1887	90	query_pubchem_cid	direction,cell_type,time_key	direction	95% BCa bootstrap CI clustered by PubChem compound; uncertainty is over the observed compound panel, not broader chemical space.
l1000_phase1	sciplex	logFC	strict_matched_condition	cosine	per_gene_population_zscore_dataset	reviewer_minimal_retrieval_dataset_pair	target_centroid_recall_at_1	target_centroid_recall_at_1	0.001693002257336343	0.0	0.009869282594463773	0.004934641297231887	bca	ok	0.95	2000	2000	1897	1887	90	query_pubchem_cid	direction,cell_type,time_key	direction	95% BCa bootstrap CI clustered by PubChem compound; uncertainty is over the observed compound panel, not broader chemical space.
l1000_phase1	sciplex	logFC	strict_matched_condition	cosine	per_gene_population_zscore_dataset	reviewer_minimal_retrieval_dataset_pair	target_centroid_auroc	target_centroid_auroc	0.62400120679981	0.5747194840094553	0.6710270139016788	0.04815376494611179	bca	ok	0.95	2000	2000	1897	1887	90	query_pubchem_cid	direction,cell_type,time_key	direction	95% BCa bootstrap CI clustered by PubChem compound; uncertainty is over the observed compound panel, not broader chemical space.
l1000_phase1	sciplex	logFC	strict_matched_condition	cosine	per_gene_population_zscore_dataset	reviewer_minimal_retrieval_dataset_pair	source_peer_normalized_rank	source_peer_normalized_rank	0.6201054281200189	0.6032605034714756	0.6357716377346039	0.01625556713156412	bca	ok	0.95	2000	2000	1897	1876	90	query_pubchem_cid	direction,cell_type,time_key	direction	95% BCa bootstrap CI clustered by PubChem compound; uncertainty is over the observed compound panel, not broader chemical space.
l1000_phase1	sciplex	logFC	strict_matched_condition	cosine	per_gene_population_zscore_dataset	reviewer_minimal_retrieval_dataset_pair	target_peer_normalized_rank	target_peer_normalized_rank	0.5239399479313467	0.5173918038605321	0.5309296719659775	0.006768934052722719	bca	ok	0.95	2000	2000	1897	1887	90	query_pubchem_cid	direction,cell_type,time_key	direction	95% BCa bootstrap CI clustered by PubChem compound; uncertainty is over the observed compound panel, not broader chemical space.
l1000_phase1	sciplex	logFC	strict_matched_condition	cosine	per_gene_population_zscore_dataset	reviewer_minimal_retrieval_dataset_pair	delta_vs_source_peer_normalized_rank	delta_vs_source_peer_normalized_rank	0.06478170046438088	0.0238550527605158	0.10590232227298833	0.041023634756236264	bca	ok	0.95	2000	2000	1897	1876	90	query_pubchem_cid	direction,cell_type,time_key	direction	95% BCa bootstrap CI clustered by PubChem compound; uncertainty is over the observed compound panel, not broader chemical space.
l1000_phase1	sciplex	logFC	strict_matched_condition	cosine	per_gene_population_zscore_dataset	reviewer_minimal_retrieval_dataset_pair	delta_vs_target_peer_normalized_rank	delta_vs_target_peer_normalized_rank	0.16051252710035085	0.11631729448164806	0.20261283479422018	0.04314777015628606	bca	ok	0.95	2000	2000	1897	1887	90	query_pubchem_cid	direction,cell_type,time_key	direction	95% BCa bootstrap CI clustered by PubChem compound; uncertainty is over the observed compound panel, not broader chemical space.
l1000_phase1	sciplex	logFC	strict_matched_condition	cosine	per_gene_population_zscore_dataset	reviewer_minimal_retrieval_dataset_pair	target_decoy_null_normalized_best_positive_rank	target_decoy_null_normalized_best_positive_rank	0.7189129092122296	0.7106386258881231	0.7257052918856159	0.007533332998746423	bca	ok	0.95	2000	2000	1897	1897	90	query_pubchem_cid	direction,cell_type,time_key	direction	95% BCa bootstrap CI clustered by PubChem compound; uncertainty is over the observed compound panel, not broader chemical space.
l1000_phase1	sciplex	logFC	strict_matched_condition	cosine	per_gene_population_zscore_dataset	reviewer_minimal_retrieval_dataset_pair	delta_vs_target_decoy_null_normalized_best_positive_rank	delta_vs_target_decoy_null_normalized_best_positive_rank	-0.034757981497955004	-0.07846911916131152	0.007798307437769429	0.04313371329954048	bca	ok	0.95	2000	2000	1897	1897	90	query_pubchem_cid	direction,cell_type,time_key	direction	95% BCa bootstrap CI clustered by PubChem compound; uncertainty is over the observed compound panel, not broader chemical space.
l1000_phase1	sciplex	logFC	strict_matched_condition	cosine	raw	reviewer_minimal_retrieval_dataset_pair	observed_normalized_best_positive_rank	observed_normalized_best_positive_rank	0.643655480076408	0.5922827477570631	0.689011448510489	0.04836435037671294	bca	ok	0.95	2000	2000	1897	1897	90	query_pubchem_cid	direction,cell_type,time_key	direction	95% BCa bootstrap CI clustered by PubChem compound; uncertainty is over the observed compound panel, not broader chemical space.
l1000_phase1	sciplex	logFC	strict_matched_condition	cosine	raw	reviewer_minimal_retrieval_dataset_pair	observed_recall_at_1	observed_recall_at_1	0.04489830356310674	0.02540231721645363	0.08834051098419268	0.03146909688386953	bca	ok	0.95	2000	2000	1897	1897	90	query_pubchem_cid	direction,cell_type,time_key	direction	95% BCa bootstrap CI clustered by PubChem compound; uncertainty is over the observed compound panel, not broader chemical space.
l1000_phase1	sciplex	logFC	strict_matched_condition	cosine	raw	reviewer_minimal_retrieval_dataset_pair	observed_auroc	observed_auroc	0.6430580049304441	0.590264652446578	0.6861556017053878	0.047945474629404905	bca	ok	0.95	2000	2000	1897	1897	90	query_pubchem_cid	direction,cell_type,time_key	direction	95% BCa bootstrap CI clustered by PubChem compound; uncertainty is over the observed compound panel, not broader chemical space.
l1000_phase1	sciplex	logFC	strict_matched_condition	cosine	raw	reviewer_minimal_retrieval_dataset_pair	observed_best_positive_similarity	observed_best_positive_similarity	0.10400866521713448	0.07425242842330516	0.14330104821653425	0.03452430989661454	bca	ok	0.95	2000	2000	1897	1897	90	query_pubchem_cid	direction,cell_type,time_key	direction	95% BCa bootstrap CI clustered by PubChem compound; uncertainty is over the observed compound panel, not broader chemical space.
l1000_phase1	sciplex	logFC	strict_matched_condition	cosine	raw	reviewer_minimal_retrieval_dataset_pair	random_normalized_best_positive_rank	random_normalized_best_positive_rank					not_estimable	too_few_clusters_or_values	0.95	2000	0	1897	0	0	query_pubchem_cid	direction,cell_type,time_key	direction	95% BCa bootstrap CI clustered by PubChem compound; uncertainty is over the observed compound panel, not broader chemical space.
l1000_phase1	sciplex	logFC	strict_matched_condition	cosine	raw	reviewer_minimal_retrieval_dataset_pair	random_recall_at_1	random_recall_at_1					not_estimable	too_few_clusters_or_values	0.95	2000	0	1897	0	0	query_pubchem_cid	direction,cell_type,time_key	direction	95% BCa bootstrap CI clustered by PubChem compound; uncertainty is over the observed compound panel, not broader chemical space.
l1000_phase1	sciplex	logFC	strict_matched_condition	cosine	raw	reviewer_minimal_retrieval_dataset_pair	random_auroc	random_auroc					not_estimable	too_few_clusters_or_values	0.95	2000	0	1897	0	0	query_pubchem_cid	direction,cell_type,time_key	direction	95% BCa bootstrap CI clustered by PubChem compound; uncertainty is over the observed compound panel, not broader chemical space.
l1000_phase1	sciplex	logFC	strict_matched_condition	cosine	raw	reviewer_minimal_retrieval_dataset_pair	delta_vs_random_normalized_best_positive_rank	delta_vs_random_normalized_best_positive_rank	-0.07525742913582167	-0.12884348672760584	-0.03047992835800962	0.049181779184798116	bca	ok	0.95	2000	2000	1897	1897	90	query_pubchem_cid	direction,cell_type,time_key	direction	95% BCa bootstrap CI clustered by PubChem compound; uncertainty is over the observed compound panel, not broader chemical space.
l1000_phase1	sciplex	logFC	strict_matched_condition	cosine	raw	reviewer_minimal_retrieval_dataset_pair	source_individual_n_peers	source_individual_n_peers	191.119284870029	178.90953084682306	201.27755171825464	11.184010435715791	bca	ok	0.95	2000	2000	1897	1897	90	query_pubchem_cid	direction,cell_type,time_key	direction	95% BCa bootstrap CI clustered by PubChem compound; uncertainty is over the observed compound panel, not broader chemical space.
l1000_phase1	sciplex	logFC	strict_matched_condition	cosine	raw	reviewer_minimal_retrieval_dataset_pair	source_individual_mean_similarity	source_individual_mean_similarity	0.10112157415985516	0.0891535669943027	0.11202032561304698	0.01143337930937214	bca	ok	0.95	2000	2000	1897	1876	90	query_pubchem_cid	direction,cell_type,time_key	direction	95% BCa bootstrap CI clustered by PubChem compound; uncertainty is over the observed compound panel, not broader chemical space.
l1000_phase1	sciplex	logFC	strict_matched_condition	cosine	raw	reviewer_minimal_retrieval_dataset_pair	source_individual_sd_similarity	source_individual_sd_similarity	0.12252682226278686	0.11488522509559403	0.13312068715057251	0.009117731027489244	bca	ok	0.95	2000	2000	1897	1876	90	query_pubchem_cid	direction,cell_type,time_key	direction	95% BCa bootstrap CI clustered by PubChem compound; uncertainty is over the observed compound panel, not broader chemical space.
l1000_phase1	sciplex	logFC	strict_matched_condition	cosine	raw	reviewer_minimal_retrieval_dataset_pair	source_individual_n_below_observed	source_individual_n_below_observed	90.86402388635881	81.80378472593891	100.90137223191742	9.548793752989255	bca	ok	0.95	2000	2000	1897	1897	90	query_pubchem_cid	direction,cell_type,time_key	direction	95% BCa bootstrap CI clustered by PubChem compound; uncertainty is over the observed compound panel, not broader chemical space.
l1000_phase1	sciplex	logFC	strict_matched_condition	cosine	raw	reviewer_minimal_retrieval_dataset_pair	source_individual_fraction_below_observed	source_individual_fraction_below_observed	0.46206390651947205	0.42432524490165807	0.5097203447497969	0.042697549924069406	bca	ok	0.95	2000	2000	1897	1876	90	query_pubchem_cid	direction,cell_type,time_key	direction	95% BCa bootstrap CI clustered by PubChem compound; uncertainty is over the observed compound panel, not broader chemical space.
l1000_phase1	sciplex	logFC	strict_matched_condition	cosine	raw	reviewer_minimal_retrieval_dataset_pair	source_individual_corrected_percentile	source_individual_corrected_percentile	0.46884361988469697	0.4323638693270268	0.5185309891507074	0.04308355991184029	bca	ok	0.95	2000	2000	1897	1876	90	query_pubchem_cid	direction,cell_type,time_key	direction	95% BCa bootstrap CI clustered by PubChem compound; uncertainty is over the observed compound panel, not broader chemical space.
l1000_phase1	sciplex	logFC	strict_matched_condition	cosine	raw	reviewer_minimal_retrieval_dataset_pair	target_individual_n_peers	target_individual_n_peers	185.5970293726248	173.2602919123821	196.10997573415287	11.424841910885391	bca	ok	0.95	2000	2000	1897	1897	90	query_pubchem_cid	direction,cell_type,time_key	direction	95% BCa bootstrap CI clustered by PubChem compound; uncertainty is over the observed compound panel, not broader chemical space.
l1000_phase1	sciplex	logFC	strict_matched_condition	cosine	raw	reviewer_minimal_retrieval_dataset_pair	target_individual_mean_similarity	target_individual_mean_similarity	0.037672897821312994	0.030824717055423233	0.044638566942349654	0.00690692494346321	bca	ok	0.95	2000	2000	1897	1887	90	query_pubchem_cid	direction,cell_type,time_key	direction	95% BCa bootstrap CI clustered by PubChem compound; uncertainty is over the observed compound panel, not broader chemical space.
l1000_phase1	sciplex	logFC	strict_matched_condition	cosine	raw	reviewer_minimal_retrieval_dataset_pair	target_individual_sd_similarity	target_individual_sd_similarity	0.062425561441100993	0.05574319584173293	0.07192225016316153	0.008089527160714302	bca	ok	0.95	2000	2000	1897	1887	90	query_pubchem_cid	direction,cell_type,time_key	direction	95% BCa bootstrap CI clustered by PubChem compound; uncertainty is over the observed compound panel, not broader chemical space.
l1000_phase1	sciplex	logFC	strict_matched_condition	cosine	raw	reviewer_minimal_retrieval_dataset_pair	target_individual_n_below_observed	target_individual_n_below_observed	120.92575818248753	109.80494606970525	131.49011531251853	10.842584621406637	bca	ok	0.95	2000	2000	1897	1897	90	query_pubchem_cid	direction,cell_type,time_key	direction	95% BCa bootstrap CI clustered by PubChem compound; uncertainty is over the observed compound panel, not broader chemical space.
l1000_phase1	sciplex	logFC	strict_matched_condition	cosine	raw	reviewer_minimal_retrieval_dataset_pair	target_individual_fraction_below_observed	target_individual_fraction_below_observed	0.6357877465451821	0.58570959342489	0.6826690353257948	0.04847972095045239	bca	ok	0.95	2000	2000	1897	1887	90	query_pubchem_cid	direction,cell_type,time_key	direction	95% BCa bootstrap CI clustered by PubChem compound; uncertainty is over the observed compound panel, not broader chemical space.
l1000_phase1	sciplex	logFC	strict_matched_condition	cosine	raw	reviewer_minimal_retrieval_dataset_pair	target_individual_corrected_percentile	target_individual_corrected_percentile	0.6407320291066188	0.5924043211718781	0.6858501511333948	0.04672291498075831	bca	ok	0.95	2000	2000	1897	1887	90	query_pubchem_cid	direction,cell_type,time_key	direction	95% BCa bootstrap CI clustered by PubChem compound; uncertainty is over the observed compound panel, not broader chemical space.
l1000_phase1	sciplex	logFC	strict_matched_condition	cosine	raw	reviewer_minimal_retrieval_dataset_pair	source_centroid_similarity	source_centroid_similarity	0.28000998908954855	0.24462904749510997	0.3116925381139521	0.03353174530942106	bca	ok	0.95	2000	2000	1897	1876	90	query_pubchem_cid	direction,cell_type,time_key	direction	95% BCa bootstrap CI clustered by PubChem compound; uncertainty is over the observed compound panel, not broader chemical space.
l1000_phase1	sciplex	logFC	strict_matched_condition	cosine	raw	reviewer_minimal_retrieval_dataset_pair	source_centroid_normalized_rank	source_centroid_normalized_rank	0.9352939538795955	0.9081891547053559	0.9537690976303356	0.022789971462489844	bca	ok	0.95	2000	2000	1897	1876	90	query_pubchem_cid	direction,cell_type,time_key	direction	95% BCa bootstrap CI clustered by PubChem compound; uncertainty is over the observed compound panel, not broader chemical space.
l1000_phase1	sciplex	logFC	strict_matched_condition	cosine	raw	reviewer_minimal_retrieval_dataset_pair	source_centroid_recall_at_1	source_centroid_recall_at_1	0.6980318486324213	0.6315079784899947	0.7520495334124125	0.0602707774612089	bca	ok	0.95	2000	2000	1897	1876	90	query_pubchem_cid	direction,cell_type,time_key	direction	95% BCa bootstrap CI clustered by PubChem compound; uncertainty is over the observed compound panel, not broader chemical space.
l1000_phase1	sciplex	logFC	strict_matched_condition	cosine	raw	reviewer_minimal_retrieval_dataset_pair	source_centroid_auroc	source_centroid_auroc	0.9352939538795955	0.9063611367182928	0.9535372953732468	0.02358807932747703	bca	ok	0.95	2000	2000	1897	1876	90	query_pubchem_cid	direction,cell_type,time_key	direction	95% BCa bootstrap CI clustered by PubChem compound; uncertainty is over the observed compound panel, not broader chemical space.
l1000_phase1	sciplex	logFC	strict_matched_condition	cosine	raw	reviewer_minimal_retrieval_dataset_pair	target_centroid_similarity	target_centroid_similarity	0.1180259821794067	0.09537186302791366	0.14332548192561043	0.023976809448848384	bca	ok	0.95	2000	2000	1897	1887	90	query_pubchem_cid	direction,cell_type,time_key	direction	95% BCa bootstrap CI clustered by PubChem compound; uncertainty is over the observed compound panel, not broader chemical space.
l1000_phase1	sciplex	logFC	strict_matched_condition	cosine	raw	reviewer_minimal_retrieval_dataset_pair	target_centroid_normalized_rank	target_centroid_normalized_rank	0.7536020745030427	0.7140734446078664	0.7884923529065299	0.037209454149331744	bca	ok	0.95	2000	2000	1897	1887	90	query_pubchem_cid	direction,cell_type,time_key	direction	95% BCa bootstrap CI clustered by PubChem compound; uncertainty is over the observed compound panel, not broader chemical space.
l1000_phase1	sciplex	logFC	strict_matched_condition	cosine	raw	reviewer_minimal_retrieval_dataset_pair	target_centroid_recall_at_1	target_centroid_recall_at_1	0.0176504353434376	0.0068822706036332955	0.04348760115616218	0.018302665276264445	bca	ok	0.95	2000	2000	1897	1887	90	query_pubchem_cid	direction,cell_type,time_key	direction	95% BCa bootstrap CI clustered by PubChem compound; uncertainty is over the observed compound panel, not broader chemical space.
l1000_phase1	sciplex	logFC	strict_matched_condition	cosine	raw	reviewer_minimal_retrieval_dataset_pair	target_centroid_auroc	target_centroid_auroc	0.7536033949069807	0.7122525566138591	0.7868661526721741	0.037306798029157484	bca	ok	0.95	2000	2000	1897	1887	90	query_pubchem_cid	direction,cell_type,time_key	direction	95% BCa bootstrap CI clustered by PubChem compound; uncertainty is over the observed compound panel, not broader chemical space.
l1000_phase1	sciplex	logFC	strict_matched_condition	cosine	raw	reviewer_minimal_retrieval_dataset_pair	source_peer_normalized_rank	source_peer_normalized_rank	0.6635297218007784	0.6443351947546287	0.6757792338335674	0.015722019539469334	bca	ok	0.95	2000	2000	1897	1876	90	query_pubchem_cid	direction,cell_type,time_key	direction	95% BCa bootstrap CI clustered by PubChem compound; uncertainty is over the observed compound panel, not broader chemical space.
l1000_phase1	sciplex	logFC	strict_matched_condition	cosine	raw	reviewer_minimal_retrieval_dataset_pair	target_peer_normalized_rank	target_peer_normalized_rank	0.5218142389829321	0.5164108482247961	0.5273064899166872	0.005447820845945528	bca	ok	0.95	2000	2000	1897	1887	90	query_pubchem_cid	direction,cell_type,time_key	direction	95% BCa bootstrap CI clustered by PubChem compound; uncertainty is over the observed compound panel, not broader chemical space.
l1000_phase1	sciplex	logFC	strict_matched_condition	cosine	raw	reviewer_minimal_retrieval_dataset_pair	delta_vs_source_peer_normalized_rank	delta_vs_source_peer_normalized_rank	-0.01879835579482934	-0.06230991464316453	0.024344934111823858	0.04332742437749419	bca	ok	0.95	2000	2000	1897	1876	90	query_pubchem_cid	direction,cell_type,time_key	direction	95% BCa bootstrap CI clustered by PubChem compound; uncertainty is over the observed compound panel, not broader chemical space.
l1000_phase1	sciplex	logFC	strict_matched_condition	cosine	raw	reviewer_minimal_retrieval_dataset_pair	delta_vs_target_peer_normalized_rank	delta_vs_target_peer_normalized_rank	0.12339784784352686	0.07286535877396629	0.16633788761370485	0.046736264419869285	bca	ok	0.95	2000	2000	1897	1887	90	query_pubchem_cid	direction,cell_type,time_key	direction	95% BCa bootstrap CI clustered by PubChem compound; uncertainty is over the observed compound panel, not broader chemical space.
l1000_phase1	sciplex	logFC	strict_matched_condition	cosine	raw	reviewer_minimal_retrieval_dataset_pair	target_decoy_null_normalized_best_positive_rank	target_decoy_null_normalized_best_positive_rank	0.7189129092122296	0.7112713155727517	0.726641077346351	0.007684880886799639	bca	ok	0.95	2000	2000	1897	1897	90	query_pubchem_cid	direction,cell_type,time_key	direction	95% BCa bootstrap CI clustered by PubChem compound; uncertainty is over the observed compound panel, not broader chemical space.
l1000_phase1	sciplex	logFC	strict_matched_condition	cosine	raw	reviewer_minimal_retrieval_dataset_pair	delta_vs_target_decoy_null_normalized_best_positive_rank	delta_vs_target_decoy_null_normalized_best_positive_rank	-0.07525742913582167	-0.12370494890177593	-0.027484013818276417	0.04811046754174975	bca	ok	0.95	2000	2000	1897	1897	90	query_pubchem_cid	direction,cell_type,time_key	direction	95% BCa bootstrap CI clustered by PubChem compound; uncertainty is over the observed compound panel, not broader chemical space.
l1000_phase1	sciplex	logFC	strict_matched_condition	spearman	per_gene_population_zscore_dataset	reviewer_minimal_retrieval_dataset_pair	observed_normalized_best_positive_rank	observed_normalized_best_positive_rank	0.6876749789989163	0.6407743387546854	0.7304230754335963	0.04482436833945547	bca	ok	0.95	2000	2000	1897	1897	90	query_pubchem_cid	direction,cell_type,time_key	direction	95% BCa bootstrap CI clustered by PubChem compound; uncertainty is over the observed compound panel, not broader chemical space.
l1000_phase1	sciplex	logFC	strict_matched_condition	spearman	per_gene_population_zscore_dataset	reviewer_minimal_retrieval_dataset_pair	observed_recall_at_1	observed_recall_at_1	0.05655583339219414	0.03512336292992005	0.09718379642595186	0.031030216748015906	bca	ok	0.95	2000	2000	1897	1897	90	query_pubchem_cid	direction,cell_type,time_key	direction	95% BCa bootstrap CI clustered by PubChem compound; uncertainty is over the observed compound panel, not broader chemical space.
l1000_phase1	sciplex	logFC	strict_matched_condition	spearman	per_gene_population_zscore_dataset	reviewer_minimal_retrieval_dataset_pair	observed_auroc	observed_auroc	0.6871275870915472	0.6427903275527034	0.7282812688335938	0.042745470640445205	bca	ok	0.95	2000	2000	1897	1897	90	query_pubchem_cid	direction,cell_type,time_key	direction	95% BCa bootstrap CI clustered by PubChem compound; uncertainty is over the observed compound panel, not broader chemical space.
l1000_phase1	sciplex	logFC	strict_matched_condition	spearman	per_gene_population_zscore_dataset	reviewer_minimal_retrieval_dataset_pair	observed_best_positive_similarity	observed_best_positive_similarity	0.08580183568022602	0.061688447565002476	0.12452358941220215	0.03141757092359984	bca	ok	0.95	2000	2000	1897	1897	90	query_pubchem_cid	direction,cell_type,time_key	direction	95% BCa bootstrap CI clustered by PubChem compound; uncertainty is over the observed compound panel, not broader chemical space.
l1000_phase1	sciplex	logFC	strict_matched_condition	spearman	per_gene_population_zscore_dataset	reviewer_minimal_retrieval_dataset_pair	random_normalized_best_positive_rank	random_normalized_best_positive_rank					not_estimable	too_few_clusters_or_values	0.95	2000	0	1897	0	0	query_pubchem_cid	direction,cell_type,time_key	direction	95% BCa bootstrap CI clustered by PubChem compound; uncertainty is over the observed compound panel, not broader chemical space.
l1000_phase1	sciplex	logFC	strict_matched_condition	spearman	per_gene_population_zscore_dataset	reviewer_minimal_retrieval_dataset_pair	random_recall_at_1	random_recall_at_1					not_estimable	too_few_clusters_or_values	0.95	2000	0	1897	0	0	query_pubchem_cid	direction,cell_type,time_key	direction	95% BCa bootstrap CI clustered by PubChem compound; uncertainty is over the observed compound panel, not broader chemical space.
l1000_phase1	sciplex	logFC	strict_matched_condition	spearman	per_gene_population_zscore_dataset	reviewer_minimal_retrieval_dataset_pair	random_auroc	random_auroc					not_estimable	too_few_clusters_or_values	0.95	2000	0	1897	0	0	query_pubchem_cid	direction,cell_type,time_key	direction	95% BCa bootstrap CI clustered by PubChem compound; uncertainty is over the observed compound panel, not broader chemical space.
l1000_phase1	sciplex	logFC	strict_matched_condition	spearman	per_gene_population_zscore_dataset	reviewer_minimal_retrieval_dataset_pair	delta_vs_random_normalized_best_positive_rank	delta_vs_random_normalized_best_positive_rank	-0.031237930213313572	-0.07328322274669385	0.013320353366141027	0.04330178805641744	bca	ok	0.95	2000	2000	1897	1897	90	query_pubchem_cid	direction,cell_type,time_key	direction	95% BCa bootstrap CI clustered by PubChem compound; uncertainty is over the observed compound panel, not broader chemical space.
l1000_phase1	sciplex	logFC	strict_matched_condition	spearman	per_gene_population_zscore_dataset	reviewer_minimal_retrieval_dataset_pair	source_individual_n_peers	source_individual_n_peers	191.119284870029	179.1996695325562	200.88556852374424	10.842949495594027	bca	ok	0.95	2000	2000	1897	1897	90	query_pubchem_cid	direction,cell_type,time_key	direction	95% BCa bootstrap CI clustered by PubChem compound; uncertainty is over the observed compound panel, not broader chemical space.
l1000_phase1	sciplex	logFC	strict_matched_condition	spearman	per_gene_population_zscore_dataset	reviewer_minimal_retrieval_dataset_pair	source_individual_mean_similarity	source_individual_mean_similarity	0.06731762329357506	0.05685310688291501	0.07677940424366826	0.009963148680376625	bca	ok	0.95	2000	2000	1897	1876	90	query_pubchem_cid	direction,cell_type,time_key	direction	95% BCa bootstrap CI clustered by PubChem compound; uncertainty is over the observed compound panel, not broader chemical space.
l1000_phase1	sciplex	logFC	strict_matched_condition	spearman	per_gene_population_zscore_dataset	reviewer_minimal_retrieval_dataset_pair	source_individual_sd_similarity	source_individual_sd_similarity	0.1236340708550228	0.11537609071810985	0.13521508937714863	0.00991949932951939	bca	ok	0.95	2000	2000	1897	1876	90	query_pubchem_cid	direction,cell_type,time_key	direction	95% BCa bootstrap CI clustered by PubChem compound; uncertainty is over the observed compound panel, not broader chemical space.
l1000_phase1	sciplex	logFC	strict_matched_condition	spearman	per_gene_population_zscore_dataset	reviewer_minimal_retrieval_dataset_pair	source_individual_n_below_observed	source_individual_n_below_observed	101.12947875907078	91.45530657087777	110.39101171715805	9.467852573140142	bca	ok	0.95	2000	2000	1897	1897	90	query_pubchem_cid	direction,cell_type,time_key	direction	95% BCa bootstrap CI clustered by PubChem compound; uncertainty is over the observed compound panel, not broader chemical space.
l1000_phase1	sciplex	logFC	strict_matched_condition	spearman	per_gene_population_zscore_dataset	reviewer_minimal_retrieval_dataset_pair	source_individual_fraction_below_observed	source_individual_fraction_below_observed	0.5119904230867591	0.47865088940271305	0.5571401618084578	0.039244636202872385	bca	ok	0.95	2000	2000	1897	1876	90	query_pubchem_cid	direction,cell_type,time_key	direction	95% BCa bootstrap CI clustered by PubChem compound; uncertainty is over the observed compound panel, not broader chemical space.
l1000_phase1	sciplex	logFC	strict_matched_condition	spearman	per_gene_population_zscore_dataset	reviewer_minimal_retrieval_dataset_pair	source_individual_corrected_percentile	source_individual_corrected_percentile	0.5182833502752041	0.4838990958906478	0.5602875668870928	0.03819423549822251	bca	ok	0.95	2000	2000	1897	1876	90	query_pubchem_cid	direction,cell_type,time_key	direction	95% BCa bootstrap CI clustered by PubChem compound; uncertainty is over the observed compound panel, not broader chemical space.
l1000_phase1	sciplex	logFC	strict_matched_condition	spearman	per_gene_population_zscore_dataset	reviewer_minimal_retrieval_dataset_pair	target_individual_n_peers	target_individual_n_peers	185.5970293726248	173.83646948139562	195.75077047116812	10.95715049488625	bca	ok	0.95	2000	2000	1897	1897	90	query_pubchem_cid	direction,cell_type,time_key	direction	95% BCa bootstrap CI clustered by PubChem compound; uncertainty is over the observed compound panel, not broader chemical space.
l1000_phase1	sciplex	logFC	strict_matched_condition	spearman	per_gene_population_zscore_dataset	reviewer_minimal_retrieval_dataset_pair	target_individual_mean_similarity	target_individual_mean_similarity	0.012058910785650283	0.008229601749179272	0.01621415360369164	0.003992275927256184	bca	ok	0.95	2000	2000	1897	1887	90	query_pubchem_cid	direction,cell_type,time_key	direction	95% BCa bootstrap CI clustered by PubChem compound; uncertainty is over the observed compound panel, not broader chemical space.
l1000_phase1	sciplex	logFC	strict_matched_condition	spearman	per_gene_population_zscore_dataset	reviewer_minimal_retrieval_dataset_pair	target_individual_sd_similarity	target_individual_sd_similarity	0.06037270791734434	0.053511004805495505	0.06935117342448786	0.00792008430949618	bca	ok	0.95	2000	2000	1897	1887	90	query_pubchem_cid	direction,cell_type,time_key	direction	95% BCa bootstrap CI clustered by PubChem compound; uncertainty is over the observed compound panel, not broader chemical space.
l1000_phase1	sciplex	logFC	strict_matched_condition	spearman	per_gene_population_zscore_dataset	reviewer_minimal_retrieval_dataset_pair	target_individual_n_below_observed	target_individual_n_below_observed	129.05684061210846	117.86511228132393	139.45669198273217	10.795789850704118	bca	ok	0.95	2000	2000	1897	1897	90	query_pubchem_cid	direction,cell_type,time_key	direction	95% BCa bootstrap CI clustered by PubChem compound; uncertainty is over the observed compound panel, not broader chemical space.
l1000_phase1	sciplex	logFC	strict_matched_condition	spearman	per_gene_population_zscore_dataset	reviewer_minimal_retrieval_dataset_pair	target_individual_fraction_below_observed	target_individual_fraction_below_observed	0.6788812742773442	0.632100514821769	0.7243464988825496	0.04612299203039033	bca	ok	0.95	2000	2000	1897	1887	90	query_pubchem_cid	direction,cell_type,time_key	direction	95% BCa bootstrap CI clustered by PubChem compound; uncertainty is over the observed compound panel, not broader chemical space.
l1000_phase1	sciplex	logFC	strict_matched_condition	spearman	per_gene_population_zscore_dataset	reviewer_minimal_retrieval_dataset_pair	target_individual_corrected_percentile	target_individual_corrected_percentile	0.6839883613161479	0.6374408180294242	0.7252521739686631	0.04390567796961947	bca	ok	0.95	2000	2000	1897	1887	90	query_pubchem_cid	direction,cell_type,time_key	direction	95% BCa bootstrap CI clustered by PubChem compound; uncertainty is over the observed compound panel, not broader chemical space.
l1000_phase1	sciplex	logFC	strict_matched_condition	spearman	per_gene_population_zscore_dataset	reviewer_minimal_retrieval_dataset_pair	source_centroid_similarity	source_centroid_similarity	0.2012924418355067	0.16736375736856254	0.23434634990669473	0.03349129626906609	bca	ok	0.95	2000	2000	1897	1876	90	query_pubchem_cid	direction,cell_type,time_key	direction	95% BCa bootstrap CI clustered by PubChem compound; uncertainty is over the observed compound panel, not broader chemical space.
l1000_phase1	sciplex	logFC	strict_matched_condition	spearman	per_gene_population_zscore_dataset	reviewer_minimal_retrieval_dataset_pair	source_centroid_normalized_rank	source_centroid_normalized_rank	0.8760386206891091	0.8343272297237584	0.906085722227012	0.035879246251626806	bca	ok	0.95	2000	2000	1897	1876	90	query_pubchem_cid	direction,cell_type,time_key	direction	95% BCa bootstrap CI clustered by PubChem compound; uncertainty is over the observed compound panel, not broader chemical space.
l1000_phase1	sciplex	logFC	strict_matched_condition	spearman	per_gene_population_zscore_dataset	reviewer_minimal_retrieval_dataset_pair	source_centroid_recall_at_1	source_centroid_recall_at_1	0.483423090665251	0.4256946263168516	0.5456809834245981	0.05999317855387326	bca	ok	0.95	2000	2000	1897	1876	90	query_pubchem_cid	direction,cell_type,time_key	direction	95% BCa bootstrap CI clustered by PubChem compound; uncertainty is over the observed compound panel, not broader chemical space.
l1000_phase1	sciplex	logFC	strict_matched_condition	spearman	per_gene_population_zscore_dataset	reviewer_minimal_retrieval_dataset_pair	source_centroid_auroc	source_centroid_auroc	0.8760386206891091	0.8368531863179355	0.9056165564588051	0.03438168507043482	bca	ok	0.95	2000	2000	1897	1876	90	query_pubchem_cid	direction,cell_type,time_key	direction	95% BCa bootstrap CI clustered by PubChem compound; uncertainty is over the observed compound panel, not broader chemical space.
l1000_phase1	sciplex	logFC	strict_matched_condition	spearman	per_gene_population_zscore_dataset	reviewer_minimal_retrieval_dataset_pair	target_centroid_similarity	target_centroid_similarity	0.053637680901360237	0.03603038185518499	0.07604999838890471	0.020009808266859858	bca	ok	0.95	2000	2000	1897	1887	90	query_pubchem_cid	direction,cell_type,time_key	direction	95% BCa bootstrap CI clustered by PubChem compound; uncertainty is over the observed compound panel, not broader chemical space.
l1000_phase1	sciplex	logFC	strict_matched_condition	spearman	per_gene_population_zscore_dataset	reviewer_minimal_retrieval_dataset_pair	target_centroid_normalized_rank	target_centroid_normalized_rank	0.6145571935464957	0.5669349041945019	0.6584230032129166	0.04574404950920735	bca	ok	0.95	2000	2000	1897	1887	90	query_pubchem_cid	direction,cell_type,time_key	direction	95% BCa bootstrap CI clustered by PubChem compound; uncertainty is over the observed compound panel, not broader chemical space.
l1000_phase1	sciplex	logFC	strict_matched_condition	spearman	per_gene_population_zscore_dataset	reviewer_minimal_retrieval_dataset_pair	target_centroid_recall_at_1	target_centroid_recall_at_1	0.001693002257336343	0.0	0.00916410589934527	0.004582052949672635	bca	ok	0.95	2000	2000	1897	1887	90	query_pubchem_cid	direction,cell_type,time_key	direction	95% BCa bootstrap CI clustered by PubChem compound; uncertainty is over the observed compound panel, not broader chemical space.
l1000_phase1	sciplex	logFC	strict_matched_condition	spearman	per_gene_population_zscore_dataset	reviewer_minimal_retrieval_dataset_pair	target_centroid_auroc	target_centroid_auroc	0.6145615742394731	0.5672341556933268	0.6606642120208199	0.046715028163746564	bca	ok	0.95	2000	2000	1897	1887	90	query_pubchem_cid	direction,cell_type,time_key	direction	95% BCa bootstrap CI clustered by PubChem compound; uncertainty is over the observed compound panel, not broader chemical space.
l1000_phase1	sciplex	logFC	strict_matched_condition	spearman	per_gene_population_zscore_dataset	reviewer_minimal_retrieval_dataset_pair	source_peer_normalized_rank	source_peer_normalized_rank	0.6329864627893536	0.6136385058679648	0.6493078389245955	0.01783466652831539	bca	ok	0.95	2000	2000	1897	1876	90	query_pubchem_cid	direction,cell_type,time_key	direction	95% BCa bootstrap CI clustered by PubChem compound; uncertainty is over the observed compound panel, not broader chemical space.
l1000_phase1	sciplex	logFC	strict_matched_condition	spearman	per_gene_population_zscore_dataset	reviewer_minimal_retrieval_dataset_pair	target_peer_normalized_rank	target_peer_normalized_rank	0.5203864656752353	0.5135323572242925	0.528355486088682	0.007411564432194762	bca	ok	0.95	2000	2000	1897	1887	90	query_pubchem_cid	direction,cell_type,time_key	direction	95% BCa bootstrap CI clustered by PubChem compound; uncertainty is over the observed compound panel, not broader chemical space.
l1000_phase1	sciplex	logFC	strict_matched_condition	spearman	per_gene_population_zscore_dataset	reviewer_minimal_retrieval_dataset_pair	delta_vs_source_peer_normalized_rank	delta_vs_source_peer_normalized_rank	0.055650984976698854	0.01305494213830058	0.09826545638370336	0.04260525712270139	bca	ok	0.95	2000	2000	1897	1876	90	query_pubchem_cid	direction,cell_type,time_key	direction	95% BCa bootstrap CI clustered by PubChem compound; uncertainty is over the observed compound panel, not broader chemical space.
l1000_phase1	sciplex	logFC	strict_matched_condition	spearman	per_gene_population_zscore_dataset	reviewer_minimal_retrieval_dataset_pair	delta_vs_target_peer_normalized_rank	delta_vs_target_peer_normalized_rank	0.16750975474012855	0.12090397711320826	0.21002794431697724	0.04456198360188449	bca	ok	0.95	2000	2000	1897	1887	90	query_pubchem_cid	direction,cell_type,time_key	direction	95% BCa bootstrap CI clustered by PubChem compound; uncertainty is over the observed compound panel, not broader chemical space.
l1000_phase1	sciplex	logFC	strict_matched_condition	spearman	per_gene_population_zscore_dataset	reviewer_minimal_retrieval_dataset_pair	target_decoy_null_normalized_best_positive_rank	target_decoy_null_normalized_best_positive_rank	0.7189129092122296	0.7119949181279316	0.7265588928056783	0.007281987338873364	bca	ok	0.95	2000	2000	1897	1897	90	query_pubchem_cid	direction,cell_type,time_key	direction	95% BCa bootstrap CI clustered by PubChem compound; uncertainty is over the observed compound panel, not broader chemical space.
l1000_phase1	sciplex	logFC	strict_matched_condition	spearman	per_gene_population_zscore_dataset	reviewer_minimal_retrieval_dataset_pair	delta_vs_target_decoy_null_normalized_best_positive_rank	delta_vs_target_decoy_null_normalized_best_positive_rank	-0.031237930213313572	-0.08112443334568871	0.012131778485770345	0.04662810591572953	bca	ok	0.95	2000	2000	1897	1897	90	query_pubchem_cid	direction,cell_type,time_key	direction	95% BCa bootstrap CI clustered by PubChem compound; uncertainty is over the observed compound panel, not broader chemical space.
l1000_phase1	sciplex	logFC	strict_matched_condition	spearman	raw	reviewer_minimal_retrieval_dataset_pair	observed_normalized_best_positive_rank	observed_normalized_best_positive_rank	0.649070718270028	0.5986875533055799	0.6970962999350375	0.04920437331472882	bca	ok	0.95	2000	2000	1897	1897	90	query_pubchem_cid	direction,cell_type,time_key	direction	95% BCa bootstrap CI clustered by PubChem compound; uncertainty is over the observed compound panel, not broader chemical space.
l1000_phase1	sciplex	logFC	strict_matched_condition	spearman	raw	reviewer_minimal_retrieval_dataset_pair	observed_recall_at_1	observed_recall_at_1	0.04916068625424266	0.027458954539126182	0.0861554169256638	0.029348231193268806	bca	ok	0.95	2000	2000	1897	1897	90	query_pubchem_cid	direction,cell_type,time_key	direction	95% BCa bootstrap CI clustered by PubChem compound; uncertainty is over the observed compound panel, not broader chemical space.
l1000_phase1	sciplex	logFC	strict_matched_condition	spearman	raw	reviewer_minimal_retrieval_dataset_pair	observed_auroc	observed_auroc	0.6484763731107406	0.5937731054792101	0.6950508873785444	0.050638890949667115	bca	ok	0.95	2000	2000	1897	1897	90	query_pubchem_cid	direction,cell_type,time_key	direction	95% BCa bootstrap CI clustered by PubChem compound; uncertainty is over the observed compound panel, not broader chemical space.
l1000_phase1	sciplex	logFC	strict_matched_condition	spearman	raw	reviewer_minimal_retrieval_dataset_pair	observed_best_positive_similarity	observed_best_positive_similarity	0.09663468867124958	0.07004125269036611	0.1392330151295104	0.03459588121957214	bca	ok	0.95	2000	2000	1897	1897	90	query_pubchem_cid	direction,cell_type,time_key	direction	95% BCa bootstrap CI clustered by PubChem compound; uncertainty is over the observed compound panel, not broader chemical space.
l1000_phase1	sciplex	logFC	strict_matched_condition	spearman	raw	reviewer_minimal_retrieval_dataset_pair	random_normalized_best_positive_rank	random_normalized_best_positive_rank					not_estimable	too_few_clusters_or_values	0.95	2000	0	1897	0	0	query_pubchem_cid	direction,cell_type,time_key	direction	95% BCa bootstrap CI clustered by PubChem compound; uncertainty is over the observed compound panel, not broader chemical space.
l1000_phase1	sciplex	logFC	strict_matched_condition	spearman	raw	reviewer_minimal_retrieval_dataset_pair	random_recall_at_1	random_recall_at_1					not_estimable	too_few_clusters_or_values	0.95	2000	0	1897	0	0	query_pubchem_cid	direction,cell_type,time_key	direction	95% BCa bootstrap CI clustered by PubChem compound; uncertainty is over the observed compound panel, not broader chemical space.
l1000_phase1	sciplex	logFC	strict_matched_condition	spearman	raw	reviewer_minimal_retrieval_dataset_pair	random_auroc	random_auroc					not_estimable	too_few_clusters_or_values	0.95	2000	0	1897	0	0	query_pubchem_cid	direction,cell_type,time_key	direction	95% BCa bootstrap CI clustered by PubChem compound; uncertainty is over the observed compound panel, not broader chemical space.
l1000_phase1	sciplex	logFC	strict_matched_condition	spearman	raw	reviewer_minimal_retrieval_dataset_pair	delta_vs_random_normalized_best_positive_rank	delta_vs_random_normalized_best_positive_rank	-0.06984219094220176	-0.12414518667101838	-0.023706892723210252	0.05021914697390407	bca	ok	0.95	2000	2000	1897	1897	90	query_pubchem_cid	direction,cell_type,time_key	direction	95% BCa bootstrap CI clustered by PubChem compound; uncertainty is over the observed compound panel, not broader chemical space.
l1000_phase1	sciplex	logFC	strict_matched_condition	spearman	raw	reviewer_minimal_retrieval_dataset_pair	source_individual_n_peers	source_individual_n_peers	191.119284870029	179.27877952644857	201.20730728055412	10.964263877052773	bca	ok	0.95	2000	2000	1897	1897	90	query_pubchem_cid	direction,cell_type,time_key	direction	95% BCa bootstrap CI clustered by PubChem compound; uncertainty is over the observed compound panel, not broader chemical space.
l1000_phase1	sciplex	logFC	strict_matched_condition	spearman	raw	reviewer_minimal_retrieval_dataset_pair	source_individual_mean_similarity	source_individual_mean_similarity	0.10099676502806071	0.08977549089027913	0.11294925982665233	0.0115868844681866	bca	ok	0.95	2000	2000	1897	1876	90	query_pubchem_cid	direction,cell_type,time_key	direction	95% BCa bootstrap CI clustered by PubChem compound; uncertainty is over the observed compound panel, not broader chemical space.
l1000_phase1	sciplex	logFC	strict_matched_condition	spearman	raw	reviewer_minimal_retrieval_dataset_pair	source_individual_sd_similarity	source_individual_sd_similarity	0.1192394340857431	0.11200274980515941	0.1292685019286802	0.008632876061760393	bca	ok	0.95	2000	2000	1897	1876	90	query_pubchem_cid	direction,cell_type,time_key	direction	95% BCa bootstrap CI clustered by PubChem compound; uncertainty is over the observed compound panel, not broader chemical space.
l1000_phase1	sciplex	logFC	strict_matched_condition	spearman	raw	reviewer_minimal_retrieval_dataset_pair	source_individual_n_below_observed	source_individual_n_below_observed	87.87704323538452	78.69220788514941	97.31450164719986	9.311146881025223	bca	ok	0.95	2000	2000	1897	1897	90	query_pubchem_cid	direction,cell_type,time_key	direction	95% BCa bootstrap CI clustered by PubChem compound; uncertainty is over the observed compound panel, not broader chemical space.
l1000_phase1	sciplex	logFC	strict_matched_condition	spearman	raw	reviewer_minimal_retrieval_dataset_pair	source_individual_fraction_below_observed	source_individual_fraction_below_observed	0.4477626005056111	0.40950346060104825	0.5002152146030525	0.04535587700100213	bca	ok	0.95	2000	2000	1897	1876	90	query_pubchem_cid	direction,cell_type,time_key	direction	95% BCa bootstrap CI clustered by PubChem compound; uncertainty is over the observed compound panel, not broader chemical space.
l1000_phase1	sciplex	logFC	strict_matched_condition	spearman	raw	reviewer_minimal_retrieval_dataset_pair	source_individual_corrected_percentile	source_individual_corrected_percentile	0.45453171158832667	0.41592435182696746	0.5012219004027534	0.04264877428789296	bca	ok	0.95	2000	2000	1897	1876	90	query_pubchem_cid	direction,cell_type,time_key	direction	95% BCa bootstrap CI clustered by PubChem compound; uncertainty is over the observed compound panel, not broader chemical space.
l1000_phase1	sciplex	logFC	strict_matched_condition	spearman	raw	reviewer_minimal_retrieval_dataset_pair	target_individual_n_peers	target_individual_n_peers	185.5970293726248	172.7430808296693	196.52761970899104	11.892269439660865	bca	ok	0.95	2000	2000	1897	1897	90	query_pubchem_cid	direction,cell_type,time_key	direction	95% BCa bootstrap CI clustered by PubChem compound; uncertainty is over the observed compound panel, not broader chemical space.
l1000_phase1	sciplex	logFC	strict_matched_condition	spearman	raw	reviewer_minimal_retrieval_dataset_pair	target_individual_mean_similarity	target_individual_mean_similarity	0.032896154383938184	0.026549560943648454	0.03914794161281638	0.006299190334583963	bca	ok	0.95	2000	2000	1897	1887	90	query_pubchem_cid	direction,cell_type,time_key	direction	95% BCa bootstrap CI clustered by PubChem compound; uncertainty is over the observed compound panel, not broader chemical space.
l1000_phase1	sciplex	logFC	strict_matched_condition	spearman	raw	reviewer_minimal_retrieval_dataset_pair	target_individual_sd_similarity	target_individual_sd_similarity	0.058653697748466224	0.052311468123911575	0.06769459888252237	0.007691565379305397	bca	ok	0.95	2000	2000	1897	1887	90	query_pubchem_cid	direction,cell_type,time_key	direction	95% BCa bootstrap CI clustered by PubChem compound; uncertainty is over the observed compound panel, not broader chemical space.
l1000_phase1	sciplex	logFC	strict_matched_condition	spearman	raw	reviewer_minimal_retrieval_dataset_pair	target_individual_n_below_observed	target_individual_n_below_observed	121.61376440282052	109.90315009636174	131.18884619652496	10.64284805008161	bca	ok	0.95	2000	2000	1897	1897	90	query_pubchem_cid	direction,cell_type,time_key	direction	95% BCa bootstrap CI clustered by PubChem compound; uncertainty is over the observed compound panel, not broader chemical space.
l1000_phase1	sciplex	logFC	strict_matched_condition	spearman	raw	reviewer_minimal_retrieval_dataset_pair	target_individual_fraction_below_observed	target_individual_fraction_below_observed	0.643267702377631	0.5827728337726118	0.6893195999429621	0.05327338308517515	bca	ok	0.95	2000	2000	1897	1887	90	query_pubchem_cid	direction,cell_type,time_key	direction	95% BCa bootstrap CI clustered by PubChem compound; uncertainty is over the observed compound panel, not broader chemical space.
l1000_phase1	sciplex	logFC	strict_matched_condition	spearman	raw	reviewer_minimal_retrieval_dataset_pair	target_individual_corrected_percentile	target_individual_corrected_percentile	0.6483813919005532	0.59916231770676	0.6965280863522714	0.04868288432275569	bca	ok	0.95	2000	2000	1897	1887	90	query_pubchem_cid	direction,cell_type,time_key	direction	95% BCa bootstrap CI clustered by PubChem compound; uncertainty is over the observed compound panel, not broader chemical space.
l1000_phase1	sciplex	logFC	strict_matched_condition	spearman	raw	reviewer_minimal_retrieval_dataset_pair	source_centroid_similarity	source_centroid_similarity	0.26727153502149725	0.23491134273229136	0.3003691585450171	0.032728907906362875	bca	ok	0.95	2000	2000	1897	1876	90	query_pubchem_cid	direction,cell_type,time_key	direction	95% BCa bootstrap CI clustered by PubChem compound; uncertainty is over the observed compound panel, not broader chemical space.
l1000_phase1	sciplex	logFC	strict_matched_condition	spearman	raw	reviewer_minimal_retrieval_dataset_pair	source_centroid_normalized_rank	source_centroid_normalized_rank	0.93554166892102	0.908002512758475	0.9545874072733114	0.023292447257418192	bca	ok	0.95	2000	2000	1897	1876	90	query_pubchem_cid	direction,cell_type,time_key	direction	95% BCa bootstrap CI clustered by PubChem compound; uncertainty is over the observed compound panel, not broader chemical space.
l1000_phase1	sciplex	logFC	strict_matched_condition	spearman	raw	reviewer_minimal_retrieval_dataset_pair	source_centroid_recall_at_1	source_centroid_recall_at_1	0.7033511722654477	0.6375909346357175	0.7612665883722394	0.06183782686826095	bca	ok	0.95	2000	2000	1897	1876	90	query_pubchem_cid	direction,cell_type,time_key	direction	95% BCa bootstrap CI clustered by PubChem compound; uncertainty is over the observed compound panel, not broader chemical space.
l1000_phase1	sciplex	logFC	strict_matched_condition	spearman	raw	reviewer_minimal_retrieval_dataset_pair	source_centroid_auroc	source_centroid_auroc	0.93554166892102	0.9092829277893022	0.9546797386490206	0.02269840542985918	bca	ok	0.95	2000	2000	1897	1876	90	query_pubchem_cid	direction,cell_type,time_key	direction	95% BCa bootstrap CI clustered by PubChem compound; uncertainty is over the observed compound panel, not broader chemical space.
l1000_phase1	sciplex	logFC	strict_matched_condition	spearman	raw	reviewer_minimal_retrieval_dataset_pair	target_centroid_similarity	target_centroid_similarity	0.09941441278107561	0.07998327882898981	0.12434706917312546	0.022181895172067825	bca	ok	0.95	2000	2000	1897	1887	90	query_pubchem_cid	direction,cell_type,time_key	direction	95% BCa bootstrap CI clustered by PubChem compound; uncertainty is over the observed compound panel, not broader chemical space.
l1000_phase1	sciplex	logFC	strict_matched_condition	spearman	raw	reviewer_minimal_retrieval_dataset_pair	target_centroid_normalized_rank	target_centroid_normalized_rank	0.7370123761930384	0.6978066371209384	0.7735829797702343	0.037888171324647946	bca	ok	0.95	2000	2000	1897	1887	90	query_pubchem_cid	direction,cell_type,time_key	direction	95% BCa bootstrap CI clustered by PubChem compound; uncertainty is over the observed compound panel, not broader chemical space.
l1000_phase1	sciplex	logFC	strict_matched_condition	spearman	raw	reviewer_minimal_retrieval_dataset_pair	target_centroid_recall_at_1	target_centroid_recall_at_1	0.008306418219461698	0.0	0.03985642914379431	0.019928214571897154	bca	ok	0.95	2000	2000	1897	1887	90	query_pubchem_cid	direction,cell_type,time_key	direction	95% BCa bootstrap CI clustered by PubChem compound; uncertainty is over the observed compound panel, not broader chemical space.
l1000_phase1	sciplex	logFC	strict_matched_condition	spearman	raw	reviewer_minimal_retrieval_dataset_pair	target_centroid_auroc	target_centroid_auroc	0.7370142247585516	0.6971671099301399	0.771993173937865	0.03741303200386259	bca	ok	0.95	2000	2000	1897	1887	90	query_pubchem_cid	direction,cell_type,time_key	direction	95% BCa bootstrap CI clustered by PubChem compound; uncertainty is over the observed compound panel, not broader chemical space.
l1000_phase1	sciplex	logFC	strict_matched_condition	spearman	raw	reviewer_minimal_retrieval_dataset_pair	source_peer_normalized_rank	source_peer_normalized_rank	0.6747731349395603	0.6571545585825508	0.6884721555807655	0.01565879849910734	bca	ok	0.95	2000	2000	1897	1876	90	query_pubchem_cid	direction,cell_type,time_key	direction	95% BCa bootstrap CI clustered by PubChem compound; uncertainty is over the observed compound panel, not broader chemical space.
l1000_phase1	sciplex	logFC	strict_matched_condition	spearman	raw	reviewer_minimal_retrieval_dataset_pair	target_peer_normalized_rank	target_peer_normalized_rank	0.5175775506458764	0.5105932581499184	0.5236742763795472	0.006540509114814408	bca	ok	0.95	2000	2000	1897	1887	90	query_pubchem_cid	direction,cell_type,time_key	direction	95% BCa bootstrap CI clustered by PubChem compound; uncertainty is over the observed compound panel, not broader chemical space.
l1000_phase1	sciplex	logFC	strict_matched_condition	spearman	raw	reviewer_minimal_retrieval_dataset_pair	delta_vs_source_peer_normalized_rank	delta_vs_source_peer_normalized_rank	-0.024506766540623212	-0.0698392996432521	0.020386405565407793	0.04511285260432994	bca	ok	0.95	2000	2000	1897	1876	90	query_pubchem_cid	direction,cell_type,time_key	direction	95% BCa bootstrap CI clustered by PubChem compound; uncertainty is over the observed compound panel, not broader chemical space.
l1000_phase1	sciplex	logFC	strict_matched_condition	spearman	raw	reviewer_minimal_retrieval_dataset_pair	delta_vs_target_peer_normalized_rank	delta_vs_target_peer_normalized_rank	0.13259741270759923	0.08286837282403242	0.17836917709816236	0.04775040213706497	bca	ok	0.95	2000	2000	1897	1887	90	query_pubchem_cid	direction,cell_type,time_key	direction	95% BCa bootstrap CI clustered by PubChem compound; uncertainty is over the observed compound panel, not broader chemical space.
l1000_phase1	sciplex	logFC	strict_matched_condition	spearman	raw	reviewer_minimal_retrieval_dataset_pair	target_decoy_null_normalized_best_positive_rank	target_decoy_null_normalized_best_positive_rank	0.7189129092122296	0.7116452323516972	0.7258172245501774	0.007085996099240099	bca	ok	0.95	2000	2000	1897	1897	90	query_pubchem_cid	direction,cell_type,time_key	direction	95% BCa bootstrap CI clustered by PubChem compound; uncertainty is over the observed compound panel, not broader chemical space.
l1000_phase1	sciplex	logFC	strict_matched_condition	spearman	raw	reviewer_minimal_retrieval_dataset_pair	delta_vs_target_decoy_null_normalized_best_positive_rank	delta_vs_target_decoy_null_normalized_best_positive_rank	-0.06984219094220176	-0.12068866621312657	-0.02065063515664145	0.05001901552824256	bca	ok	0.95	2000	2000	1897	1897	90	query_pubchem_cid	direction,cell_type,time_key	direction	95% BCa bootstrap CI clustered by PubChem compound; uncertainty is over the observed compound panel, not broader chemical space.
l1000_phase2	tahoe	logFC	strict_matched_condition	cosine	per_gene_population_zscore_dataset	reviewer_minimal_retrieval_dataset_pair	observed_normalized_best_positive_rank	observed_normalized_best_positive_rank	0.6411742420133584	0.5947035515784561	0.6839299635758611	0.0446132059987025	bca	ok	0.95	2000	2000	1755	1755	110	query_pubchem_cid	direction,cell_type,time_key	direction	95% BCa bootstrap CI clustered by PubChem compound; uncertainty is over the observed compound panel, not broader chemical space.
l1000_phase2	tahoe	logFC	strict_matched_condition	cosine	per_gene_population_zscore_dataset	reviewer_minimal_retrieval_dataset_pair	observed_recall_at_1	observed_recall_at_1	0.034723651584558354	0.01620946032530952	0.06774417574671313	0.0257673577107018	bca	ok	0.95	2000	2000	1755	1755	110	query_pubchem_cid	direction,cell_type,time_key	direction	95% BCa bootstrap CI clustered by PubChem compound; uncertainty is over the observed compound panel, not broader chemical space.
l1000_phase2	tahoe	logFC	strict_matched_condition	cosine	per_gene_population_zscore_dataset	reviewer_minimal_retrieval_dataset_pair	observed_auroc	observed_auroc	0.6405584077280181	0.5969418946341106	0.681465426683506	0.04226176602469767	bca	ok	0.95	2000	2000	1755	1755	110	query_pubchem_cid	direction,cell_type,time_key	direction	95% BCa bootstrap CI clustered by PubChem compound; uncertainty is over the observed compound panel, not broader chemical space.
l1000_phase2	tahoe	logFC	strict_matched_condition	cosine	per_gene_population_zscore_dataset	reviewer_minimal_retrieval_dataset_pair	observed_best_positive_similarity	observed_best_positive_similarity	0.04679012048865827	0.03069966378990845	0.07257653492726547	0.020938435568678512	bca	ok	0.95	2000	2000	1755	1755	110	query_pubchem_cid	direction,cell_type,time_key	direction	95% BCa bootstrap CI clustered by PubChem compound; uncertainty is over the observed compound panel, not broader chemical space.
l1000_phase2	tahoe	logFC	strict_matched_condition	cosine	per_gene_population_zscore_dataset	reviewer_minimal_retrieval_dataset_pair	random_normalized_best_positive_rank	random_normalized_best_positive_rank					not_estimable	too_few_clusters_or_values	0.95	2000	0	1755	0	0	query_pubchem_cid	direction,cell_type,time_key	direction	95% BCa bootstrap CI clustered by PubChem compound; uncertainty is over the observed compound panel, not broader chemical space.
l1000_phase2	tahoe	logFC	strict_matched_condition	cosine	per_gene_population_zscore_dataset	reviewer_minimal_retrieval_dataset_pair	random_recall_at_1	random_recall_at_1					not_estimable	too_few_clusters_or_values	0.95	2000	0	1755	0	0	query_pubchem_cid	direction,cell_type,time_key	direction	95% BCa bootstrap CI clustered by PubChem compound; uncertainty is over the observed compound panel, not broader chemical space.
l1000_phase2	tahoe	logFC	strict_matched_condition	cosine	per_gene_population_zscore_dataset	reviewer_minimal_retrieval_dataset_pair	random_auroc	random_auroc					not_estimable	too_few_clusters_or_values	0.95	2000	0	1755	0	0	query_pubchem_cid	direction,cell_type,time_key	direction	95% BCa bootstrap CI clustered by PubChem compound; uncertainty is over the observed compound panel, not broader chemical space.
l1000_phase2	tahoe	logFC	strict_matched_condition	cosine	per_gene_population_zscore_dataset	reviewer_minimal_retrieval_dataset_pair	delta_vs_random_normalized_best_positive_rank	delta_vs_random_normalized_best_positive_rank	-0.004660733328459517	-0.048915014655535	0.04428406797134445	0.04659954131343973	bca	ok	0.95	2000	2000	1755	1755	110	query_pubchem_cid	direction,cell_type,time_key	direction	95% BCa bootstrap CI clustered by PubChem compound; uncertainty is over the observed compound panel, not broader chemical space.
l1000_phase2	tahoe	logFC	strict_matched_condition	cosine	per_gene_population_zscore_dataset	reviewer_minimal_retrieval_dataset_pair	source_individual_n_peers	source_individual_n_peers	155.13806011512835	151.76942704048693	157.68307137939624	2.9568221694546537	bca	ok	0.95	2000	2000	1755	1755	110	query_pubchem_cid	direction,cell_type,time_key	direction	95% BCa bootstrap CI clustered by PubChem compound; uncertainty is over the observed compound panel, not broader chemical space.
l1000_phase2	tahoe	logFC	strict_matched_condition	cosine	per_gene_population_zscore_dataset	reviewer_minimal_retrieval_dataset_pair	source_individual_mean_similarity	source_individual_mean_similarity	0.06230061822621808	0.05707674248086465	0.06725963174561211	0.00509144463237373	bca	ok	0.95	2000	2000	1755	1755	110	query_pubchem_cid	direction,cell_type,time_key	direction	95% BCa bootstrap CI clustered by PubChem compound; uncertainty is over the observed compound panel, not broader chemical space.
l1000_phase2	tahoe	logFC	strict_matched_condition	cosine	per_gene_population_zscore_dataset	reviewer_minimal_retrieval_dataset_pair	source_individual_sd_similarity	source_individual_sd_similarity	0.11619255951065541	0.11208933387348798	0.12136028547811883	0.004635475802315429	bca	ok	0.95	2000	2000	1755	1755	110	query_pubchem_cid	direction,cell_type,time_key	direction	95% BCa bootstrap CI clustered by PubChem compound; uncertainty is over the observed compound panel, not broader chemical space.
l1000_phase2	tahoe	logFC	strict_matched_condition	cosine	per_gene_population_zscore_dataset	reviewer_minimal_retrieval_dataset_pair	source_individual_n_below_observed	source_individual_n_below_observed	76.31319655088359	70.09859889970335	82.74330402600249	6.322352563149572	bca	ok	0.95	2000	2000	1755	1755	110	query_pubchem_cid	direction,cell_type,time_key	direction	95% BCa bootstrap CI clustered by PubChem compound; uncertainty is over the observed compound panel, not broader chemical space.
l1000_phase2	tahoe	logFC	strict_matched_condition	cosine	per_gene_population_zscore_dataset	reviewer_minimal_retrieval_dataset_pair	source_individual_fraction_below_observed	source_individual_fraction_below_observed	0.45437506074370265	0.4120978093953352	0.5144325741317796	0.051167382368222186	bca	ok	0.95	2000	2000	1755	1755	110	query_pubchem_cid	direction,cell_type,time_key	direction	95% BCa bootstrap CI clustered by PubChem compound; uncertainty is over the observed compound panel, not broader chemical space.
l1000_phase2	tahoe	logFC	strict_matched_condition	cosine	per_gene_population_zscore_dataset	reviewer_minimal_retrieval_dataset_pair	source_individual_corrected_percentile	source_individual_corrected_percentile	0.4596365355412512	0.4213638159982149	0.5173832442967742	0.04800971414927965	bca	ok	0.95	2000	2000	1755	1755	110	query_pubchem_cid	direction,cell_type,time_key	direction	95% BCa bootstrap CI clustered by PubChem compound; uncertainty is over the observed compound panel, not broader chemical space.
l1000_phase2	tahoe	logFC	strict_matched_condition	cosine	per_gene_population_zscore_dataset	reviewer_minimal_retrieval_dataset_pair	target_individual_n_peers	target_individual_n_peers	155.12201970181434	150.5879101091576	157.67875671630318	3.5454233035727896	bca	ok	0.95	2000	2000	1755	1755	110	query_pubchem_cid	direction,cell_type,time_key	direction	95% BCa bootstrap CI clustered by PubChem compound; uncertainty is over the observed compound panel, not broader chemical space.
l1000_phase2	tahoe	logFC	strict_matched_condition	cosine	per_gene_population_zscore_dataset	reviewer_minimal_retrieval_dataset_pair	target_individual_mean_similarity	target_individual_mean_similarity	0.003097937999432061	0.0007503569224648773	0.004954005328851708	0.0021018242031934156	bca	ok	0.95	2000	2000	1755	1755	110	query_pubchem_cid	direction,cell_type,time_key	direction	95% BCa bootstrap CI clustered by PubChem compound; uncertainty is over the observed compound panel, not broader chemical space.
l1000_phase2	tahoe	logFC	strict_matched_condition	cosine	per_gene_population_zscore_dataset	reviewer_minimal_retrieval_dataset_pair	target_individual_sd_similarity	target_individual_sd_similarity	0.05074259527454953	0.048751140689194214	0.053424187194632745	0.0023365232527192657	bca	ok	0.95	2000	2000	1755	1755	110	query_pubchem_cid	direction,cell_type,time_key	direction	95% BCa bootstrap CI clustered by PubChem compound; uncertainty is over the observed compound panel, not broader chemical space.
l1000_phase2	tahoe	logFC	strict_matched_condition	cosine	per_gene_population_zscore_dataset	reviewer_minimal_retrieval_dataset_pair	target_individual_n_below_observed	target_individual_n_below_observed	98.2707380438591	91.60259154443627	104.77911869302189	6.58826357429281	bca	ok	0.95	2000	2000	1755	1755	110	query_pubchem_cid	direction,cell_type,time_key	direction	95% BCa bootstrap CI clustered by PubChem compound; uncertainty is over the observed compound panel, not broader chemical space.
l1000_phase2	tahoe	logFC	strict_matched_condition	cosine	per_gene_population_zscore_dataset	reviewer_minimal_retrieval_dataset_pair	target_individual_fraction_below_observed	target_individual_fraction_below_observed	0.6410273485630328	0.5885243751325924	0.6840077331560577	0.04774167901173265	bca	ok	0.95	2000	2000	1755	1755	110	query_pubchem_cid	direction,cell_type,time_key	direction	95% BCa bootstrap CI clustered by PubChem compound; uncertainty is over the observed compound panel, not broader chemical space.
l1000_phase2	tahoe	logFC	strict_matched_condition	cosine	per_gene_population_zscore_dataset	reviewer_minimal_retrieval_dataset_pair	target_individual_corrected_percentile	target_individual_corrected_percentile	0.644179196627006	0.5985029833718796	0.6900635173281031	0.04578026697811177	bca	ok	0.95	2000	2000	1755	1755	110	query_pubchem_cid	direction,cell_type,time_key	direction	95% BCa bootstrap CI clustered by PubChem compound; uncertainty is over the observed compound panel, not broader chemical space.
l1000_phase2	tahoe	logFC	strict_matched_condition	cosine	per_gene_population_zscore_dataset	reviewer_minimal_retrieval_dataset_pair	source_centroid_similarity	source_centroid_similarity	0.18556936346908282	0.16510643616584772	0.20301332899254543	0.018953446413348854	bca	ok	0.95	2000	2000	1755	1755	110	query_pubchem_cid	direction,cell_type,time_key	direction	95% BCa bootstrap CI clustered by PubChem compound; uncertainty is over the observed compound panel, not broader chemical space.
l1000_phase2	tahoe	logFC	strict_matched_condition	cosine	per_gene_population_zscore_dataset	reviewer_minimal_retrieval_dataset_pair	source_centroid_normalized_rank	source_centroid_normalized_rank	0.8113846543650614	0.7685155498953283	0.8465399393410052	0.039012194722838456	bca	ok	0.95	2000	2000	1755	1755	110	query_pubchem_cid	direction,cell_type,time_key	direction	95% BCa bootstrap CI clustered by PubChem compound; uncertainty is over the observed compound panel, not broader chemical space.
l1000_phase2	tahoe	logFC	strict_matched_condition	cosine	per_gene_population_zscore_dataset	reviewer_minimal_retrieval_dataset_pair	source_centroid_recall_at_1	source_centroid_recall_at_1	0.5291672312157835	0.4774998652190921	0.579646627091928	0.05107338093641797	bca	ok	0.95	2000	2000	1755	1755	110	query_pubchem_cid	direction,cell_type,time_key	direction	95% BCa bootstrap CI clustered by PubChem compound; uncertainty is over the observed compound panel, not broader chemical space.
l1000_phase2	tahoe	logFC	strict_matched_condition	cosine	per_gene_population_zscore_dataset	reviewer_minimal_retrieval_dataset_pair	source_centroid_auroc	source_centroid_auroc	0.8113846543650614	0.7628267609254081	0.8454529334308808	0.04131308625273633	bca	ok	0.95	2000	2000	1755	1755	110	query_pubchem_cid	direction,cell_type,time_key	direction	95% BCa bootstrap CI clustered by PubChem compound; uncertainty is over the observed compound panel, not broader chemical space.
l1000_phase2	tahoe	logFC	strict_matched_condition	cosine	per_gene_population_zscore_dataset	reviewer_minimal_retrieval_dataset_pair	target_centroid_similarity	target_centroid_similarity	0.01069147368995016	0.0011287427944451924	0.01835910159054338	0.008615179398049094	bca	ok	0.95	2000	2000	1755	1755	110	query_pubchem_cid	direction,cell_type,time_key	direction	95% BCa bootstrap CI clustered by PubChem compound; uncertainty is over the observed compound panel, not broader chemical space.
l1000_phase2	tahoe	logFC	strict_matched_condition	cosine	per_gene_population_zscore_dataset	reviewer_minimal_retrieval_dataset_pair	target_centroid_normalized_rank	target_centroid_normalized_rank	0.5601666267894954	0.5272071857279348	0.5956210622611888	0.03420693826662702	bca	ok	0.95	2000	2000	1755	1755	110	query_pubchem_cid	direction,cell_type,time_key	direction	95% BCa bootstrap CI clustered by PubChem compound; uncertainty is over the observed compound panel, not broader chemical space.
l1000_phase2	tahoe	logFC	strict_matched_condition	cosine	per_gene_population_zscore_dataset	reviewer_minimal_retrieval_dataset_pair	target_centroid_recall_at_1	target_centroid_recall_at_1	0.009786709055968113	0.0038939018416124867	0.029228587279050536	0.012667342718719025	bca	ok	0.95	2000	2000	1755	1755	110	query_pubchem_cid	direction,cell_type,time_key	direction	95% BCa bootstrap CI clustered by PubChem compound; uncertainty is over the observed compound panel, not broader chemical space.
l1000_phase2	tahoe	logFC	strict_matched_condition	cosine	per_gene_population_zscore_dataset	reviewer_minimal_retrieval_dataset_pair	target_centroid_auroc	target_centroid_auroc	0.5601666267894954	0.5285592556425287	0.5990661501899732	0.03525344727372226	bca	ok	0.95	2000	2000	1755	1755	110	query_pubchem_cid	direction,cell_type,time_key	direction	95% BCa bootstrap CI clustered by PubChem compound; uncertainty is over the observed compound panel, not broader chemical space.
l1000_phase2	tahoe	logFC	strict_matched_condition	cosine	per_gene_population_zscore_dataset	reviewer_minimal_retrieval_dataset_pair	source_peer_normalized_rank	source_peer_normalized_rank	0.6469011916139307	0.6312555726065183	0.6600848737140117	0.014414650553746688	bca	ok	0.95	2000	2000	1755	1755	110	query_pubchem_cid	direction,cell_type,time_key	direction	95% BCa bootstrap CI clustered by PubChem compound; uncertainty is over the observed compound panel, not broader chemical space.
l1000_phase2	tahoe	logFC	strict_matched_condition	cosine	per_gene_population_zscore_dataset	reviewer_minimal_retrieval_dataset_pair	target_peer_normalized_rank	target_peer_normalized_rank	0.5029878654951967	0.4984780857842456	0.5064825069964733	0.004002210606113887	bca	ok	0.95	2000	2000	1755	1755	110	query_pubchem_cid	direction,cell_type,time_key	direction	95% BCa bootstrap CI clustered by PubChem compound; uncertainty is over the observed compound panel, not broader chemical space.
l1000_phase2	tahoe	logFC	strict_matched_condition	cosine	per_gene_population_zscore_dataset	reviewer_minimal_retrieval_dataset_pair	delta_vs_source_peer_normalized_rank	delta_vs_source_peer_normalized_rank	-0.005726949600572281	-0.055735961577068914	0.04707760817750192	0.05140678487728542	bca	ok	0.95	2000	2000	1755	1755	110	query_pubchem_cid	direction,cell_type,time_key	direction	95% BCa bootstrap CI clustered by PubChem compound; uncertainty is over the observed compound panel, not broader chemical space.
l1000_phase2	tahoe	logFC	strict_matched_condition	cosine	per_gene_population_zscore_dataset	reviewer_minimal_retrieval_dataset_pair	delta_vs_target_peer_normalized_rank	delta_vs_target_peer_normalized_rank	0.13818637651816176	0.09465282080546886	0.18371118170593048	0.04452918045023081	bca	ok	0.95	2000	2000	1755	1755	110	query_pubchem_cid	direction,cell_type,time_key	direction	95% BCa bootstrap CI clustered by PubChem compound; uncertainty is over the observed compound panel, not broader chemical space.
l1000_phase2	tahoe	logFC	strict_matched_condition	cosine	per_gene_population_zscore_dataset	reviewer_minimal_retrieval_dataset_pair	target_decoy_null_normalized_best_positive_rank	target_decoy_null_normalized_best_positive_rank	0.645834975341818	0.6362877343983112	0.6582157158330831	0.010963990717385963	bca	ok	0.95	2000	2000	1755	1755	110	query_pubchem_cid	direction,cell_type,time_key	direction	95% BCa bootstrap CI clustered by PubChem compound; uncertainty is over the observed compound panel, not broader chemical space.
l1000_phase2	tahoe	logFC	strict_matched_condition	cosine	per_gene_population_zscore_dataset	reviewer_minimal_retrieval_dataset_pair	delta_vs_target_decoy_null_normalized_best_positive_rank	delta_vs_target_decoy_null_normalized_best_positive_rank	-0.004660733328459517	-0.050778944487803054	0.04179606787562572	0.046287506181714386	bca	ok	0.95	2000	2000	1755	1755	110	query_pubchem_cid	direction,cell_type,time_key	direction	95% BCa bootstrap CI clustered by PubChem compound; uncertainty is over the observed compound panel, not broader chemical space.
l1000_phase2	tahoe	logFC	strict_matched_condition	cosine	raw	reviewer_minimal_retrieval_dataset_pair	observed_normalized_best_positive_rank	observed_normalized_best_positive_rank	0.6106350811354795	0.5625871135193237	0.6541011719237582	0.04575702920221725	bca	ok	0.95	2000	2000	1755	1755	110	query_pubchem_cid	direction,cell_type,time_key	direction	95% BCa bootstrap CI clustered by PubChem compound; uncertainty is over the observed compound panel, not broader chemical space.
l1000_phase2	tahoe	logFC	strict_matched_condition	cosine	raw	reviewer_minimal_retrieval_dataset_pair	observed_recall_at_1	observed_recall_at_1	0.025925990150666486	0.01210771817904842	0.05173586726779069	0.019814074544371136	bca	ok	0.95	2000	2000	1755	1755	110	query_pubchem_cid	direction,cell_type,time_key	direction	95% BCa bootstrap CI clustered by PubChem compound; uncertainty is over the observed compound panel, not broader chemical space.
l1000_phase2	tahoe	logFC	strict_matched_condition	cosine	raw	reviewer_minimal_retrieval_dataset_pair	observed_auroc	observed_auroc	0.6100471498897114	0.5613851133208309	0.6520270956971521	0.04532099118816063	bca	ok	0.95	2000	2000	1755	1755	110	query_pubchem_cid	direction,cell_type,time_key	direction	95% BCa bootstrap CI clustered by PubChem compound; uncertainty is over the observed compound panel, not broader chemical space.
l1000_phase2	tahoe	logFC	strict_matched_condition	cosine	raw	reviewer_minimal_retrieval_dataset_pair	observed_best_positive_similarity	observed_best_positive_similarity	0.03706299724526521	0.022255113678501758	0.06255071241903015	0.020147799370264195	bca	ok	0.95	2000	2000	1755	1755	110	query_pubchem_cid	direction,cell_type,time_key	direction	95% BCa bootstrap CI clustered by PubChem compound; uncertainty is over the observed compound panel, not broader chemical space.
l1000_phase2	tahoe	logFC	strict_matched_condition	cosine	raw	reviewer_minimal_retrieval_dataset_pair	random_normalized_best_positive_rank	random_normalized_best_positive_rank					not_estimable	too_few_clusters_or_values	0.95	2000	0	1755	0	0	query_pubchem_cid	direction,cell_type,time_key	direction	95% BCa bootstrap CI clustered by PubChem compound; uncertainty is over the observed compound panel, not broader chemical space.
l1000_phase2	tahoe	logFC	strict_matched_condition	cosine	raw	reviewer_minimal_retrieval_dataset_pair	random_recall_at_1	random_recall_at_1					not_estimable	too_few_clusters_or_values	0.95	2000	0	1755	0	0	query_pubchem_cid	direction,cell_type,time_key	direction	95% BCa bootstrap CI clustered by PubChem compound; uncertainty is over the observed compound panel, not broader chemical space.
l1000_phase2	tahoe	logFC	strict_matched_condition	cosine	raw	reviewer_minimal_retrieval_dataset_pair	random_auroc	random_auroc					not_estimable	too_few_clusters_or_values	0.95	2000	0	1755	0	0	query_pubchem_cid	direction,cell_type,time_key	direction	95% BCa bootstrap CI clustered by PubChem compound; uncertainty is over the observed compound panel, not broader chemical space.
l1000_phase2	tahoe	logFC	strict_matched_condition	cosine	raw	reviewer_minimal_retrieval_dataset_pair	delta_vs_random_normalized_best_positive_rank	delta_vs_random_normalized_best_positive_rank	-0.03519989420633853	-0.08663773762612098	0.010243294842972579	0.04844051623454678	bca	ok	0.95	2000	2000	1755	1755	110	query_pubchem_cid	direction,cell_type,time_key	direction	95% BCa bootstrap CI clustered by PubChem compound; uncertainty is over the observed compound panel, not broader chemical space.
l1000_phase2	tahoe	logFC	strict_matched_condition	cosine	raw	reviewer_minimal_retrieval_dataset_pair	source_individual_n_peers	source_individual_n_peers	155.13806011512835	151.69379561104967	157.5632421929543	2.93472329095232	bca	ok	0.95	2000	2000	1755	1755	110	query_pubchem_cid	direction,cell_type,time_key	direction	95% BCa bootstrap CI clustered by PubChem compound; uncertainty is over the observed compound panel, not broader chemical space.
l1000_phase2	tahoe	logFC	strict_matched_condition	cosine	raw	reviewer_minimal_retrieval_dataset_pair	source_individual_mean_similarity	source_individual_mean_similarity	0.10133001744474879	0.09596386323056098	0.10592472078317262	0.00498042877630582	bca	ok	0.95	2000	2000	1755	1755	110	query_pubchem_cid	direction,cell_type,time_key	direction	95% BCa bootstrap CI clustered by PubChem compound; uncertainty is over the observed compound panel, not broader chemical space.
l1000_phase2	tahoe	logFC	strict_matched_condition	cosine	raw	reviewer_minimal_retrieval_dataset_pair	source_individual_sd_similarity	source_individual_sd_similarity	0.10338496587697289	0.09978583658324403	0.10749627443930661	0.0038552189280312912	bca	ok	0.95	2000	2000	1755	1755	110	query_pubchem_cid	direction,cell_type,time_key	direction	95% BCa bootstrap CI clustered by PubChem compound; uncertainty is over the observed compound panel, not broader chemical space.
l1000_phase2	tahoe	logFC	strict_matched_condition	cosine	raw	reviewer_minimal_retrieval_dataset_pair	source_individual_n_below_observed	source_individual_n_below_observed	63.593592343034025	57.936588455784815	71.25102948089115	6.657220512553167	bca	ok	0.95	2000	2000	1755	1755	110	query_pubchem_cid	direction,cell_type,time_key	direction	95% BCa bootstrap CI clustered by PubChem compound; uncertainty is over the observed compound panel, not broader chemical space.
l1000_phase2	tahoe	logFC	strict_matched_condition	cosine	raw	reviewer_minimal_retrieval_dataset_pair	source_individual_fraction_below_observed	source_individual_fraction_below_observed	0.34731845181385074	0.3082954041091834	0.409719417018918	0.050712006454867314	bca	ok	0.95	2000	2000	1755	1755	110	query_pubchem_cid	direction,cell_type,time_key	direction	95% BCa bootstrap CI clustered by PubChem compound; uncertainty is over the observed compound panel, not broader chemical space.
l1000_phase2	tahoe	logFC	strict_matched_condition	cosine	raw	reviewer_minimal_retrieval_dataset_pair	source_individual_corrected_percentile	source_individual_corrected_percentile	0.3537782864123897	0.31400503360457765	0.4123043033579404	0.049149634876681364	bca	ok	0.95	2000	2000	1755	1755	110	query_pubchem_cid	direction,cell_type,time_key	direction	95% BCa bootstrap CI clustered by PubChem compound; uncertainty is over the observed compound panel, not broader chemical space.
l1000_phase2	tahoe	logFC	strict_matched_condition	cosine	raw	reviewer_minimal_retrieval_dataset_pair	target_individual_n_peers	target_individual_n_peers	155.12201970181434	150.56494319255916	157.77787552472213	3.606466166081489	bca	ok	0.95	2000	2000	1755	1755	110	query_pubchem_cid	direction,cell_type,time_key	direction	95% BCa bootstrap CI clustered by PubChem compound; uncertainty is over the observed compound panel, not broader chemical space.
l1000_phase2	tahoe	logFC	strict_matched_condition	cosine	raw	reviewer_minimal_retrieval_dataset_pair	target_individual_mean_similarity	target_individual_mean_similarity	0.0020706061479604052	-0.00015800420556925354	0.004826968657137342	0.0024924864313532976	bca	ok	0.95	2000	2000	1755	1755	110	query_pubchem_cid	direction,cell_type,time_key	direction	95% BCa bootstrap CI clustered by PubChem compound; uncertainty is over the observed compound panel, not broader chemical space.
l1000_phase2	tahoe	logFC	strict_matched_condition	cosine	raw	reviewer_minimal_retrieval_dataset_pair	target_individual_sd_similarity	target_individual_sd_similarity	0.04689614157495726	0.045196410646999495	0.04926774676294857	0.002035668057974536	bca	ok	0.95	2000	2000	1755	1755	110	query_pubchem_cid	direction,cell_type,time_key	direction	95% BCa bootstrap CI clustered by PubChem compound; uncertainty is over the observed compound panel, not broader chemical space.
l1000_phase2	tahoe	logFC	strict_matched_condition	cosine	raw	reviewer_minimal_retrieval_dataset_pair	target_individual_n_below_observed	target_individual_n_below_observed	94.75224625294817	87.1315822495785	101.15546348191225	7.011940616166875	bca	ok	0.95	2000	2000	1755	1755	110	query_pubchem_cid	direction,cell_type,time_key	direction	95% BCa bootstrap CI clustered by PubChem compound; uncertainty is over the observed compound panel, not broader chemical space.
l1000_phase2	tahoe	logFC	strict_matched_condition	cosine	raw	reviewer_minimal_retrieval_dataset_pair	target_individual_fraction_below_observed	target_individual_fraction_below_observed	0.6124654439957915	0.5620247374892575	0.6603923944389422	0.04918382847484232	bca	ok	0.95	2000	2000	1755	1755	110	query_pubchem_cid	direction,cell_type,time_key	direction	95% BCa bootstrap CI clustered by PubChem compound; uncertainty is over the observed compound panel, not broader chemical space.
l1000_phase2	tahoe	logFC	strict_matched_condition	cosine	raw	reviewer_minimal_retrieval_dataset_pair	target_individual_corrected_percentile	target_individual_corrected_percentile	0.6159663014775236	0.5701954101111758	0.6651287780903047	0.04746668398956444	bca	ok	0.95	2000	2000	1755	1755	110	query_pubchem_cid	direction,cell_type,time_key	direction	95% BCa bootstrap CI clustered by PubChem compound; uncertainty is over the observed compound panel, not broader chemical space.
l1000_phase2	tahoe	logFC	strict_matched_condition	cosine	raw	reviewer_minimal_retrieval_dataset_pair	source_centroid_similarity	source_centroid_similarity	0.2634019981061708	0.24565677548391307	0.28308186330260116	0.018712543909344043	bca	ok	0.95	2000	2000	1755	1755	110	query_pubchem_cid	direction,cell_type,time_key	direction	95% BCa bootstrap CI clustered by PubChem compound; uncertainty is over the observed compound panel, not broader chemical space.
l1000_phase2	tahoe	logFC	strict_matched_condition	cosine	raw	reviewer_minimal_retrieval_dataset_pair	source_centroid_normalized_rank	source_centroid_normalized_rank	0.8811593099974095	0.8450816863895015	0.9060187901123722	0.030468551861435322	bca	ok	0.95	2000	2000	1755	1755	110	query_pubchem_cid	direction,cell_type,time_key	direction	95% BCa bootstrap CI clustered by PubChem compound; uncertainty is over the observed compound panel, not broader chemical space.
l1000_phase2	tahoe	logFC	strict_matched_condition	cosine	raw	reviewer_minimal_retrieval_dataset_pair	source_centroid_recall_at_1	source_centroid_recall_at_1	0.6989018987436375	0.6423524107777621	0.7492639508858413	0.05345577005403962	bca	ok	0.95	2000	2000	1755	1755	110	query_pubchem_cid	direction,cell_type,time_key	direction	95% BCa bootstrap CI clustered by PubChem compound; uncertainty is over the observed compound panel, not broader chemical space.
l1000_phase2	tahoe	logFC	strict_matched_condition	cosine	raw	reviewer_minimal_retrieval_dataset_pair	source_centroid_auroc	source_centroid_auroc	0.8811593099974095	0.843028314403179	0.9048201879781496	0.030895936787485256	bca	ok	0.95	2000	2000	1755	1755	110	query_pubchem_cid	direction,cell_type,time_key	direction	95% BCa bootstrap CI clustered by PubChem compound; uncertainty is over the observed compound panel, not broader chemical space.
l1000_phase2	tahoe	logFC	strict_matched_condition	cosine	raw	reviewer_minimal_retrieval_dataset_pair	target_centroid_similarity	target_centroid_similarity	0.007256913058114456	-0.0005607100254127659	0.015895974527436157	0.008228342276424461	bca	ok	0.95	2000	2000	1755	1755	110	query_pubchem_cid	direction,cell_type,time_key	direction	95% BCa bootstrap CI clustered by PubChem compound; uncertainty is over the observed compound panel, not broader chemical space.
l1000_phase2	tahoe	logFC	strict_matched_condition	cosine	raw	reviewer_minimal_retrieval_dataset_pair	target_centroid_normalized_rank	target_centroid_normalized_rank	0.5306621131866394	0.49815339239386447	0.5652499699359106	0.03354828877102306	bca	ok	0.95	2000	2000	1755	1755	110	query_pubchem_cid	direction,cell_type,time_key	direction	95% BCa bootstrap CI clustered by PubChem compound; uncertainty is over the observed compound panel, not broader chemical space.
l1000_phase2	tahoe	logFC	strict_matched_condition	cosine	raw	reviewer_minimal_retrieval_dataset_pair	target_centroid_recall_at_1	target_centroid_recall_at_1	0.0020107238605898124	0.0	0.007077594244908354	0.003538797122454177	bca	ok	0.95	2000	2000	1755	1755	110	query_pubchem_cid	direction,cell_type,time_key	direction	95% BCa bootstrap CI clustered by PubChem compound; uncertainty is over the observed compound panel, not broader chemical space.
l1000_phase2	tahoe	logFC	strict_matched_condition	cosine	raw	reviewer_minimal_retrieval_dataset_pair	target_centroid_auroc	target_centroid_auroc	0.5306621131866394	0.4984068270873095	0.5668421233649434	0.034217648138816975	bca	ok	0.95	2000	2000	1755	1755	110	query_pubchem_cid	direction,cell_type,time_key	direction	95% BCa bootstrap CI clustered by PubChem compound; uncertainty is over the observed compound panel, not broader chemical space.
l1000_phase2	tahoe	logFC	strict_matched_condition	cosine	raw	reviewer_minimal_retrieval_dataset_pair	source_peer_normalized_rank	source_peer_normalized_rank	0.7403476027163288	0.7250577325513984	0.7514941620086335	0.013218214728617561	bca	ok	0.95	2000	2000	1755	1755	110	query_pubchem_cid	direction,cell_type,time_key	direction	95% BCa bootstrap CI clustered by PubChem compound; uncertainty is over the observed compound panel, not broader chemical space.
l1000_phase2	tahoe	logFC	strict_matched_condition	cosine	raw	reviewer_minimal_retrieval_dataset_pair	target_peer_normalized_rank	target_peer_normalized_rank	0.5008593477440327	0.49691456367898096	0.5050630886575435	0.0040742624892812496	bca	ok	0.95	2000	2000	1755	1755	110	query_pubchem_cid	direction,cell_type,time_key	direction	95% BCa bootstrap CI clustered by PubChem compound; uncertainty is over the observed compound panel, not broader chemical space.
l1000_phase2	tahoe	logFC	strict_matched_condition	cosine	raw	reviewer_minimal_retrieval_dataset_pair	delta_vs_source_peer_normalized_rank	delta_vs_source_peer_normalized_rank	-0.12971252158084912	-0.18496242880987054	-0.07723347913539272	0.05386447483723891	bca	ok	0.95	2000	2000	1755	1755	110	query_pubchem_cid	direction,cell_type,time_key	direction	95% BCa bootstrap CI clustered by PubChem compound; uncertainty is over the observed compound panel, not broader chemical space.
l1000_phase2	tahoe	logFC	strict_matched_condition	cosine	raw	reviewer_minimal_retrieval_dataset_pair	delta_vs_target_peer_normalized_rank	delta_vs_target_peer_normalized_rank	0.10977573339144654	0.06258881789091329	0.1560220793562619	0.0467166307326743	bca	ok	0.95	2000	2000	1755	1755	110	query_pubchem_cid	direction,cell_type,time_key	direction	95% BCa bootstrap CI clustered by PubChem compound; uncertainty is over the observed compound panel, not broader chemical space.
l1000_phase2	tahoe	logFC	strict_matched_condition	cosine	raw	reviewer_minimal_retrieval_dataset_pair	target_decoy_null_normalized_best_positive_rank	target_decoy_null_normalized_best_positive_rank	0.645834975341818	0.6372630717937656	0.6593180804292984	0.01102750431776639	bca	ok	0.95	2000	2000	1755	1755	110	query_pubchem_cid	direction,cell_type,time_key	direction	95% BCa bootstrap CI clustered by PubChem compound; uncertainty is over the observed compound panel, not broader chemical space.
l1000_phase2	tahoe	logFC	strict_matched_condition	cosine	raw	reviewer_minimal_retrieval_dataset_pair	delta_vs_target_decoy_null_normalized_best_positive_rank	delta_vs_target_decoy_null_normalized_best_positive_rank	-0.03519989420633853	-0.08634479058491014	0.012921590817726541	0.04963319070131834	bca	ok	0.95	2000	2000	1755	1755	110	query_pubchem_cid	direction,cell_type,time_key	direction	95% BCa bootstrap CI clustered by PubChem compound; uncertainty is over the observed compound panel, not broader chemical space.
l1000_phase2	tahoe	logFC	strict_matched_condition	spearman	per_gene_population_zscore_dataset	reviewer_minimal_retrieval_dataset_pair	observed_normalized_best_positive_rank	observed_normalized_best_positive_rank	0.63582226531119	0.5949303604231116	0.6769643634351149	0.04101700150600163	bca	ok	0.95	2000	2000	1755	1755	110	query_pubchem_cid	direction,cell_type,time_key	direction	95% BCa bootstrap CI clustered by PubChem compound; uncertainty is over the observed compound panel, not broader chemical space.
l1000_phase2	tahoe	logFC	strict_matched_condition	spearman	per_gene_population_zscore_dataset	reviewer_minimal_retrieval_dataset_pair	observed_recall_at_1	observed_recall_at_1	0.027196167823920897	0.012930863175994563	0.05636963607994914	0.02171938645197729	bca	ok	0.95	2000	2000	1755	1755	110	query_pubchem_cid	direction,cell_type,time_key	direction	95% BCa bootstrap CI clustered by PubChem compound; uncertainty is over the observed compound panel, not broader chemical space.
l1000_phase2	tahoe	logFC	strict_matched_condition	spearman	per_gene_population_zscore_dataset	reviewer_minimal_retrieval_dataset_pair	observed_auroc	observed_auroc	0.6350636876706062	0.5883928154477589	0.6753691169321476	0.043488150742194365	bca	ok	0.95	2000	2000	1755	1755	110	query_pubchem_cid	direction,cell_type,time_key	direction	95% BCa bootstrap CI clustered by PubChem compound; uncertainty is over the observed compound panel, not broader chemical space.
l1000_phase2	tahoe	logFC	strict_matched_condition	spearman	per_gene_population_zscore_dataset	reviewer_minimal_retrieval_dataset_pair	observed_best_positive_similarity	observed_best_positive_similarity	0.04338226336814703	0.02945836025108275	0.063744598337799	0.01714311904335812	bca	ok	0.95	2000	2000	1755	1755	110	query_pubchem_cid	direction,cell_type,time_key	direction	95% BCa bootstrap CI clustered by PubChem compound; uncertainty is over the observed compound panel, not broader chemical space.
l1000_phase2	tahoe	logFC	strict_matched_condition	spearman	per_gene_population_zscore_dataset	reviewer_minimal_retrieval_dataset_pair	random_normalized_best_positive_rank	random_normalized_best_positive_rank					not_estimable	too_few_clusters_or_values	0.95	2000	0	1755	0	0	query_pubchem_cid	direction,cell_type,time_key	direction	95% BCa bootstrap CI clustered by PubChem compound; uncertainty is over the observed compound panel, not broader chemical space.
l1000_phase2	tahoe	logFC	strict_matched_condition	spearman	per_gene_population_zscore_dataset	reviewer_minimal_retrieval_dataset_pair	random_recall_at_1	random_recall_at_1					not_estimable	too_few_clusters_or_values	0.95	2000	0	1755	0	0	query_pubchem_cid	direction,cell_type,time_key	direction	95% BCa bootstrap CI clustered by PubChem compound; uncertainty is over the observed compound panel, not broader chemical space.
l1000_phase2	tahoe	logFC	strict_matched_condition	spearman	per_gene_population_zscore_dataset	reviewer_minimal_retrieval_dataset_pair	random_auroc	random_auroc					not_estimable	too_few_clusters_or_values	0.95	2000	0	1755	0	0	query_pubchem_cid	direction,cell_type,time_key	direction	95% BCa bootstrap CI clustered by PubChem compound; uncertainty is over the observed compound panel, not broader chemical space.
l1000_phase2	tahoe	logFC	strict_matched_condition	spearman	per_gene_population_zscore_dataset	reviewer_minimal_retrieval_dataset_pair	delta_vs_random_normalized_best_positive_rank	delta_vs_random_normalized_best_positive_rank	-0.010012710030627911	-0.05602222785176513	0.039306501934177666	0.0476643648929714	bca	ok	0.95	2000	2000	1755	1755	110	query_pubchem_cid	direction,cell_type,time_key	direction	95% BCa bootstrap CI clustered by PubChem compound; uncertainty is over the observed compound panel, not broader chemical space.
l1000_phase2	tahoe	logFC	strict_matched_condition	spearman	per_gene_population_zscore_dataset	reviewer_minimal_retrieval_dataset_pair	source_individual_n_peers	source_individual_n_peers	155.13806011512835	151.43888051317373	157.40065446856576	2.9808869776960165	bca	ok	0.95	2000	2000	1755	1755	110	query_pubchem_cid	direction,cell_type,time_key	direction	95% BCa bootstrap CI clustered by PubChem compound; uncertainty is over the observed compound panel, not broader chemical space.
l1000_phase2	tahoe	logFC	strict_matched_condition	spearman	per_gene_population_zscore_dataset	reviewer_minimal_retrieval_dataset_pair	source_individual_mean_similarity	source_individual_mean_similarity	0.07029909530011012	0.06499460469365996	0.07609648316510735	0.005550939235723695	bca	ok	0.95	2000	2000	1755	1755	110	query_pubchem_cid	direction,cell_type,time_key	direction	95% BCa bootstrap CI clustered by PubChem compound; uncertainty is over the observed compound panel, not broader chemical space.
l1000_phase2	tahoe	logFC	strict_matched_condition	spearman	per_gene_population_zscore_dataset	reviewer_minimal_retrieval_dataset_pair	source_individual_sd_similarity	source_individual_sd_similarity	0.1255786056821766	0.1213357282336886	0.13067289025134002	0.004668581008825709	bca	ok	0.95	2000	2000	1755	1755	110	query_pubchem_cid	direction,cell_type,time_key	direction	95% BCa bootstrap CI clustered by PubChem compound; uncertainty is over the observed compound panel, not broader chemical space.
l1000_phase2	tahoe	logFC	strict_matched_condition	spearman	per_gene_population_zscore_dataset	reviewer_minimal_retrieval_dataset_pair	source_individual_n_below_observed	source_individual_n_below_observed	69.1208279072898	63.10393811115469	75.46851250908296	6.182287198964133	bca	ok	0.95	2000	2000	1755	1755	110	query_pubchem_cid	direction,cell_type,time_key	direction	95% BCa bootstrap CI clustered by PubChem compound; uncertainty is over the observed compound panel, not broader chemical space.
l1000_phase2	tahoe	logFC	strict_matched_condition	spearman	per_gene_population_zscore_dataset	reviewer_minimal_retrieval_dataset_pair	source_individual_fraction_below_observed	source_individual_fraction_below_observed	0.42171483531880416	0.3791863875312017	0.47484813651560287	0.04783087449220058	bca	ok	0.95	2000	2000	1755	1755	110	query_pubchem_cid	direction,cell_type,time_key	direction	95% BCa bootstrap CI clustered by PubChem compound; uncertainty is over the observed compound panel, not broader chemical space.
l1000_phase2	tahoe	logFC	strict_matched_condition	spearman	per_gene_population_zscore_dataset	reviewer_minimal_retrieval_dataset_pair	source_individual_corrected_percentile	source_individual_corrected_percentile	0.42713797882113846	0.3874394893173048	0.48025728724450084	0.04640889896359801	bca	ok	0.95	2000	2000	1755	1755	110	query_pubchem_cid	direction,cell_type,time_key	direction	95% BCa bootstrap CI clustered by PubChem compound; uncertainty is over the observed compound panel, not broader chemical space.
l1000_phase2	tahoe	logFC	strict_matched_condition	spearman	per_gene_population_zscore_dataset	reviewer_minimal_retrieval_dataset_pair	target_individual_n_peers	target_individual_n_peers	155.12201970181434	150.85874987093766	157.842048658295	3.4916493936786708	bca	ok	0.95	2000	2000	1755	1755	110	query_pubchem_cid	direction,cell_type,time_key	direction	95% BCa bootstrap CI clustered by PubChem compound; uncertainty is over the observed compound panel, not broader chemical space.
l1000_phase2	tahoe	logFC	strict_matched_condition	spearman	per_gene_population_zscore_dataset	reviewer_minimal_retrieval_dataset_pair	target_individual_mean_similarity	target_individual_mean_similarity	0.001755078050223874	-0.000562554930690319	0.004031523791350097	0.002297039361020208	bca	ok	0.95	2000	2000	1755	1755	110	query_pubchem_cid	direction,cell_type,time_key	direction	95% BCa bootstrap CI clustered by PubChem compound; uncertainty is over the observed compound panel, not broader chemical space.
l1000_phase2	tahoe	logFC	strict_matched_condition	spearman	per_gene_population_zscore_dataset	reviewer_minimal_retrieval_dataset_pair	target_individual_sd_similarity	target_individual_sd_similarity	0.05453230317908496	0.052463296736358515	0.057343211305442725	0.0024399572845421047	bca	ok	0.95	2000	2000	1755	1755	110	query_pubchem_cid	direction,cell_type,time_key	direction	95% BCa bootstrap CI clustered by PubChem compound; uncertainty is over the observed compound panel, not broader chemical space.
l1000_phase2	tahoe	logFC	strict_matched_condition	spearman	per_gene_population_zscore_dataset	reviewer_minimal_retrieval_dataset_pair	target_individual_n_below_observed	target_individual_n_below_observed	97.15896439540279	90.65845353749587	103.43717721644096	6.389361839472542	bca	ok	0.95	2000	2000	1755	1755	110	query_pubchem_cid	direction,cell_type,time_key	direction	95% BCa bootstrap CI clustered by PubChem compound; uncertainty is over the observed compound panel, not broader chemical space.
l1000_phase2	tahoe	logFC	strict_matched_condition	spearman	per_gene_population_zscore_dataset	reviewer_minimal_retrieval_dataset_pair	target_individual_fraction_below_observed	target_individual_fraction_below_observed	0.6317247146357416	0.5881296609989419	0.6778543887945078	0.04486236389778292	bca	ok	0.95	2000	2000	1755	1755	110	query_pubchem_cid	direction,cell_type,time_key	direction	95% BCa bootstrap CI clustered by PubChem compound; uncertainty is over the observed compound panel, not broader chemical space.
l1000_phase2	tahoe	logFC	strict_matched_condition	spearman	per_gene_population_zscore_dataset	reviewer_minimal_retrieval_dataset_pair	target_individual_corrected_percentile	target_individual_corrected_percentile	0.6349800419740841	0.5872009979938708	0.6762131567246992	0.044506079365414175	bca	ok	0.95	2000	2000	1755	1755	110	query_pubchem_cid	direction,cell_type,time_key	direction	95% BCa bootstrap CI clustered by PubChem compound; uncertainty is over the observed compound panel, not broader chemical space.
l1000_phase2	tahoe	logFC	strict_matched_condition	spearman	per_gene_population_zscore_dataset	reviewer_minimal_retrieval_dataset_pair	source_centroid_similarity	source_centroid_similarity	0.17931649290210827	0.16090818903929816	0.1993828902802048	0.019237350620453328	bca	ok	0.95	2000	2000	1755	1755	110	query_pubchem_cid	direction,cell_type,time_key	direction	95% BCa bootstrap CI clustered by PubChem compound; uncertainty is over the observed compound panel, not broader chemical space.
l1000_phase2	tahoe	logFC	strict_matched_condition	spearman	per_gene_population_zscore_dataset	reviewer_minimal_retrieval_dataset_pair	source_centroid_normalized_rank	source_centroid_normalized_rank	0.7960345591243149	0.7521077103520282	0.8321561292865381	0.04002420946725499	bca	ok	0.95	2000	2000	1755	1755	110	query_pubchem_cid	direction,cell_type,time_key	direction	95% BCa bootstrap CI clustered by PubChem compound; uncertainty is over the observed compound panel, not broader chemical space.
l1000_phase2	tahoe	logFC	strict_matched_condition	spearman	per_gene_population_zscore_dataset	reviewer_minimal_retrieval_dataset_pair	source_centroid_recall_at_1	source_centroid_recall_at_1	0.5487721719966059	0.5006612471396408	0.602046296339155	0.050692524599757094	bca	ok	0.95	2000	2000	1755	1755	110	query_pubchem_cid	direction,cell_type,time_key	direction	95% BCa bootstrap CI clustered by PubChem compound; uncertainty is over the observed compound panel, not broader chemical space.
l1000_phase2	tahoe	logFC	strict_matched_condition	spearman	per_gene_population_zscore_dataset	reviewer_minimal_retrieval_dataset_pair	source_centroid_auroc	source_centroid_auroc	0.796034559124315	0.7472760582741715	0.831347335661497	0.042035638693662725	bca	ok	0.95	2000	2000	1755	1755	110	query_pubchem_cid	direction,cell_type,time_key	direction	95% BCa bootstrap CI clustered by PubChem compound; uncertainty is over the observed compound panel, not broader chemical space.
l1000_phase2	tahoe	logFC	strict_matched_condition	spearman	per_gene_population_zscore_dataset	reviewer_minimal_retrieval_dataset_pair	target_centroid_similarity	target_centroid_similarity	0.008272543160633026	-0.002330795083172515	0.016455006674621762	0.009392900878897138	bca	ok	0.95	2000	2000	1755	1755	110	query_pubchem_cid	direction,cell_type,time_key	direction	95% BCa bootstrap CI clustered by PubChem compound; uncertainty is over the observed compound panel, not broader chemical space.
l1000_phase2	tahoe	logFC	strict_matched_condition	spearman	per_gene_population_zscore_dataset	reviewer_minimal_retrieval_dataset_pair	target_centroid_normalized_rank	target_centroid_normalized_rank	0.5553832973528292	0.5225057635229186	0.588681323240745	0.0330877798589132	bca	ok	0.95	2000	2000	1755	1755	110	query_pubchem_cid	direction,cell_type,time_key	direction	95% BCa bootstrap CI clustered by PubChem compound; uncertainty is over the observed compound panel, not broader chemical space.
l1000_phase2	tahoe	logFC	strict_matched_condition	spearman	per_gene_population_zscore_dataset	reviewer_minimal_retrieval_dataset_pair	target_centroid_recall_at_1	target_centroid_recall_at_1	0.0020107238605898124	0.0006449484489874282	0.005378358730242059	0.0023667051406273155	bca	ok	0.95	2000	2000	1755	1755	110	query_pubchem_cid	direction,cell_type,time_key	direction	95% BCa bootstrap CI clustered by PubChem compound; uncertainty is over the observed compound panel, not broader chemical space.
l1000_phase2	tahoe	logFC	strict_matched_condition	spearman	per_gene_population_zscore_dataset	reviewer_minimal_retrieval_dataset_pair	target_centroid_auroc	target_centroid_auroc	0.5553832973528292	0.5242607791298105	0.5900622184002917	0.032900719635240605	bca	ok	0.95	2000	2000	1755	1755	110	query_pubchem_cid	direction,cell_type,time_key	direction	95% BCa bootstrap CI clustered by PubChem compound; uncertainty is over the observed compound panel, not broader chemical space.
l1000_phase2	tahoe	logFC	strict_matched_condition	spearman	per_gene_population_zscore_dataset	reviewer_minimal_retrieval_dataset_pair	source_peer_normalized_rank	source_peer_normalized_rank	0.6722815996478626	0.6542704321713069	0.6873787491980173	0.016554158513355233	bca	ok	0.95	2000	2000	1755	1755	110	query_pubchem_cid	direction,cell_type,time_key	direction	95% BCa bootstrap CI clustered by PubChem compound; uncertainty is over the observed compound panel, not broader chemical space.
l1000_phase2	tahoe	logFC	strict_matched_condition	spearman	per_gene_population_zscore_dataset	reviewer_minimal_retrieval_dataset_pair	target_peer_normalized_rank	target_peer_normalized_rank	0.5060676078153067	0.5012868611533376	0.5094470818792396	0.004080110362950973	bca	ok	0.95	2000	2000	1755	1755	110	query_pubchem_cid	direction,cell_type,time_key	direction	95% BCa bootstrap CI clustered by PubChem compound; uncertainty is over the observed compound panel, not broader chemical space.
l1000_phase2	tahoe	logFC	strict_matched_condition	spearman	per_gene_population_zscore_dataset	reviewer_minimal_retrieval_dataset_pair	delta_vs_source_peer_normalized_rank	delta_vs_source_peer_normalized_rank	-0.03645933433667252	-0.0888558420555383	0.015440180724074387	0.05214801138980634	bca	ok	0.95	2000	2000	1755	1755	110	query_pubchem_cid	direction,cell_type,time_key	direction	95% BCa bootstrap CI clustered by PubChem compound; uncertainty is over the observed compound panel, not broader chemical space.
l1000_phase2	tahoe	logFC	strict_matched_condition	spearman	per_gene_population_zscore_dataset	reviewer_minimal_retrieval_dataset_pair	delta_vs_target_peer_normalized_rank	delta_vs_target_peer_normalized_rank	0.1297546574958833	0.08684840562033824	0.17365088729794675	0.043401240838804256	bca	ok	0.95	2000	2000	1755	1755	110	query_pubchem_cid	direction,cell_type,time_key	direction	95% BCa bootstrap CI clustered by PubChem compound; uncertainty is over the observed compound panel, not broader chemical space.
l1000_phase2	tahoe	logFC	strict_matched_condition	spearman	per_gene_population_zscore_dataset	reviewer_minimal_retrieval_dataset_pair	target_decoy_null_normalized_best_positive_rank	target_decoy_null_normalized_best_positive_rank	0.645834975341818	0.6366777676933821	0.658025741287681	0.010673986797149426	bca	ok	0.95	2000	2000	1755	1755	110	query_pubchem_cid	direction,cell_type,time_key	direction	95% BCa bootstrap CI clustered by PubChem compound; uncertainty is over the observed compound panel, not broader chemical space.
l1000_phase2	tahoe	logFC	strict_matched_condition	spearman	per_gene_population_zscore_dataset	reviewer_minimal_retrieval_dataset_pair	delta_vs_target_decoy_null_normalized_best_positive_rank	delta_vs_target_decoy_null_normalized_best_positive_rank	-0.010012710030627911	-0.05961526864653014	0.03598370684200489	0.04779948774426751	bca	ok	0.95	2000	2000	1755	1755	110	query_pubchem_cid	direction,cell_type,time_key	direction	95% BCa bootstrap CI clustered by PubChem compound; uncertainty is over the observed compound panel, not broader chemical space.
l1000_phase2	tahoe	logFC	strict_matched_condition	spearman	raw	reviewer_minimal_retrieval_dataset_pair	observed_normalized_best_positive_rank	observed_normalized_best_positive_rank	0.6232755882460816	0.5793619858306587	0.666474285932614	0.04355615005097768	bca	ok	0.95	2000	2000	1755	1755	110	query_pubchem_cid	direction,cell_type,time_key	direction	95% BCa bootstrap CI clustered by PubChem compound; uncertainty is over the observed compound panel, not broader chemical space.
l1000_phase2	tahoe	logFC	strict_matched_condition	spearman	raw	reviewer_minimal_retrieval_dataset_pair	observed_recall_at_1	observed_recall_at_1	0.02554609407760821	0.010941684879923062	0.05143364899967627	0.020245982059876606	bca	ok	0.95	2000	2000	1755	1755	110	query_pubchem_cid	direction,cell_type,time_key	direction	95% BCa bootstrap CI clustered by PubChem compound; uncertainty is over the observed compound panel, not broader chemical space.
l1000_phase2	tahoe	logFC	strict_matched_condition	spearman	raw	reviewer_minimal_retrieval_dataset_pair	observed_auroc	observed_auroc	0.6225706879156131	0.58066333455069	0.6640075577115725	0.04167211158044126	bca	ok	0.95	2000	2000	1755	1755	110	query_pubchem_cid	direction,cell_type,time_key	direction	95% BCa bootstrap CI clustered by PubChem compound; uncertainty is over the observed compound panel, not broader chemical space.
l1000_phase2	tahoe	logFC	strict_matched_condition	spearman	raw	reviewer_minimal_retrieval_dataset_pair	observed_best_positive_similarity	observed_best_positive_similarity	0.03474107974808337	0.021029735569766537	0.05631750359356376	0.017643884011898613	bca	ok	0.95	2000	2000	1755	1755	110	query_pubchem_cid	direction,cell_type,time_key	direction	95% BCa bootstrap CI clustered by PubChem compound; uncertainty is over the observed compound panel, not broader chemical space.
l1000_phase2	tahoe	logFC	strict_matched_condition	spearman	raw	reviewer_minimal_retrieval_dataset_pair	random_normalized_best_positive_rank	random_normalized_best_positive_rank					not_estimable	too_few_clusters_or_values	0.95	2000	0	1755	0	0	query_pubchem_cid	direction,cell_type,time_key	direction	95% BCa bootstrap CI clustered by PubChem compound; uncertainty is over the observed compound panel, not broader chemical space.
l1000_phase2	tahoe	logFC	strict_matched_condition	spearman	raw	reviewer_minimal_retrieval_dataset_pair	random_recall_at_1	random_recall_at_1					not_estimable	too_few_clusters_or_values	0.95	2000	0	1755	0	0	query_pubchem_cid	direction,cell_type,time_key	direction	95% BCa bootstrap CI clustered by PubChem compound; uncertainty is over the observed compound panel, not broader chemical space.
l1000_phase2	tahoe	logFC	strict_matched_condition	spearman	raw	reviewer_minimal_retrieval_dataset_pair	random_auroc	random_auroc					not_estimable	too_few_clusters_or_values	0.95	2000	0	1755	0	0	query_pubchem_cid	direction,cell_type,time_key	direction	95% BCa bootstrap CI clustered by PubChem compound; uncertainty is over the observed compound panel, not broader chemical space.
l1000_phase2	tahoe	logFC	strict_matched_condition	spearman	raw	reviewer_minimal_retrieval_dataset_pair	delta_vs_random_normalized_best_positive_rank	delta_vs_random_normalized_best_positive_rank	-0.02255938709573626	-0.06822436880066134	0.02616572398966	0.04719504639516067	bca	ok	0.95	2000	2000	1755	1755	110	query_pubchem_cid	direction,cell_type,time_key	direction	95% BCa bootstrap CI clustered by PubChem compound; uncertainty is over the observed compound panel, not broader chemical space.
l1000_phase2	tahoe	logFC	strict_matched_condition	spearman	raw	reviewer_minimal_retrieval_dataset_pair	source_individual_n_peers	source_individual_n_peers	155.13806011512835	151.76807438281298	157.6848186134287	2.958372115307853	bca	ok	0.95	2000	2000	1755	1755	110	query_pubchem_cid	direction,cell_type,time_key	direction	95% BCa bootstrap CI clustered by PubChem compound; uncertainty is over the observed compound panel, not broader chemical space.
l1000_phase2	tahoe	logFC	strict_matched_condition	spearman	raw	reviewer_minimal_retrieval_dataset_pair	source_individual_mean_similarity	source_individual_mean_similarity	0.122771988612175	0.11617726797837573	0.12740747975561653	0.005615105888620402	bca	ok	0.95	2000	2000	1755	1755	110	query_pubchem_cid	direction,cell_type,time_key	direction	95% BCa bootstrap CI clustered by PubChem compound; uncertainty is over the observed compound panel, not broader chemical space.
l1000_phase2	tahoe	logFC	strict_matched_condition	spearman	raw	reviewer_minimal_retrieval_dataset_pair	source_individual_sd_similarity	source_individual_sd_similarity	0.1120653496902124	0.10825712303486056	0.11692691766499047	0.0043348973150649575	bca	ok	0.95	2000	2000	1755	1755	110	query_pubchem_cid	direction,cell_type,time_key	direction	95% BCa bootstrap CI clustered by PubChem compound; uncertainty is over the observed compound panel, not broader chemical space.
l1000_phase2	tahoe	logFC	strict_matched_condition	spearman	raw	reviewer_minimal_retrieval_dataset_pair	source_individual_n_below_observed	source_individual_n_below_observed	53.73425489373864	47.76782190566904	60.8588220042099	6.54550004927043	bca	ok	0.95	2000	2000	1755	1755	110	query_pubchem_cid	direction,cell_type,time_key	direction	95% BCa bootstrap CI clustered by PubChem compound; uncertainty is over the observed compound panel, not broader chemical space.
l1000_phase2	tahoe	logFC	strict_matched_condition	spearman	raw	reviewer_minimal_retrieval_dataset_pair	source_individual_fraction_below_observed	source_individual_fraction_below_observed	0.29802607294123457	0.2578788611401913	0.35151339727717723	0.046817268068492957	bca	ok	0.95	2000	2000	1755	1755	110	query_pubchem_cid	direction,cell_type,time_key	direction	95% BCa bootstrap CI clustered by PubChem compound; uncertainty is over the observed compound panel, not broader chemical space.
l1000_phase2	tahoe	logFC	strict_matched_condition	spearman	raw	reviewer_minimal_retrieval_dataset_pair	source_individual_corrected_percentile	source_individual_corrected_percentile	0.30479310313182306	0.2692499677836905	0.3581411639928534	0.04444559810458146	bca	ok	0.95	2000	2000	1755	1755	110	query_pubchem_cid	direction,cell_type,time_key	direction	95% BCa bootstrap CI clustered by PubChem compound; uncertainty is over the observed compound panel, not broader chemical space.
l1000_phase2	tahoe	logFC	strict_matched_condition	spearman	raw	reviewer_minimal_retrieval_dataset_pair	target_individual_n_peers	target_individual_n_peers	155.12201970181434	150.7310495738791	157.73479586946226	3.501873147791585	bca	ok	0.95	2000	2000	1755	1755	110	query_pubchem_cid	direction,cell_type,time_key	direction	95% BCa bootstrap CI clustered by PubChem compound; uncertainty is over the observed compound panel, not broader chemical space.
l1000_phase2	tahoe	logFC	strict_matched_condition	spearman	raw	reviewer_minimal_retrieval_dataset_pair	target_individual_mean_similarity	target_individual_mean_similarity	-0.0007598263428188813	-0.003070009370117322	0.0023167736704648124	0.002693391520291067	bca	ok	0.95	2000	2000	1755	1755	110	query_pubchem_cid	direction,cell_type,time_key	direction	95% BCa bootstrap CI clustered by PubChem compound; uncertainty is over the observed compound panel, not broader chemical space.
l1000_phase2	tahoe	logFC	strict_matched_condition	spearman	raw	reviewer_minimal_retrieval_dataset_pair	target_individual_sd_similarity	target_individual_sd_similarity	0.049197563182998644	0.047343174009683804	0.05181352017451536	0.002235173082415779	bca	ok	0.95	2000	2000	1755	1755	110	query_pubchem_cid	direction,cell_type,time_key	direction	95% BCa bootstrap CI clustered by PubChem compound; uncertainty is over the observed compound panel, not broader chemical space.
l1000_phase2	tahoe	logFC	strict_matched_condition	spearman	raw	reviewer_minimal_retrieval_dataset_pair	target_individual_n_below_observed	target_individual_n_below_observed	96.15383247361376	89.42385337413076	102.4936324178204	6.534889521844818	bca	ok	0.95	2000	2000	1755	1755	110	query_pubchem_cid	direction,cell_type,time_key	direction	95% BCa bootstrap CI clustered by PubChem compound; uncertainty is over the observed compound panel, not broader chemical space.
l1000_phase2	tahoe	logFC	strict_matched_condition	spearman	raw	reviewer_minimal_retrieval_dataset_pair	target_individual_fraction_below_observed	target_individual_fraction_below_observed	0.6211355232126334	0.5736679081542418	0.6651979259308743	0.04576500888831625	bca	ok	0.95	2000	2000	1755	1755	110	query_pubchem_cid	direction,cell_type,time_key	direction	95% BCa bootstrap CI clustered by PubChem compound; uncertainty is over the observed compound panel, not broader chemical space.
l1000_phase2	tahoe	logFC	strict_matched_condition	spearman	raw	reviewer_minimal_retrieval_dataset_pair	target_individual_corrected_percentile	target_individual_corrected_percentile	0.6245463461539931	0.5801696861274451	0.6693436483681199	0.04458698112033738	bca	ok	0.95	2000	2000	1755	1755	110	query_pubchem_cid	direction,cell_type,time_key	direction	95% BCa bootstrap CI clustered by PubChem compound; uncertainty is over the observed compound panel, not broader chemical space.
l1000_phase2	tahoe	logFC	strict_matched_condition	spearman	raw	reviewer_minimal_retrieval_dataset_pair	source_centroid_similarity	source_centroid_similarity	0.26993599017719017	0.2504596358954566	0.2886835034605937	0.019111933782568535	bca	ok	0.95	2000	2000	1755	1755	110	query_pubchem_cid	direction,cell_type,time_key	direction	95% BCa bootstrap CI clustered by PubChem compound; uncertainty is over the observed compound panel, not broader chemical space.
l1000_phase2	tahoe	logFC	strict_matched_condition	spearman	raw	reviewer_minimal_retrieval_dataset_pair	source_centroid_normalized_rank	source_centroid_normalized_rank	0.8649300014835539	0.8286603204731612	0.893432166845658	0.03238592318624839	bca	ok	0.95	2000	2000	1755	1755	110	query_pubchem_cid	direction,cell_type,time_key	direction	95% BCa bootstrap CI clustered by PubChem compound; uncertainty is over the observed compound panel, not broader chemical space.
l1000_phase2	tahoe	logFC	strict_matched_condition	spearman	raw	reviewer_minimal_retrieval_dataset_pair	source_centroid_recall_at_1	source_centroid_recall_at_1	0.7164153969760509	0.6666787458574306	0.764190916582441	0.0487560853625052	bca	ok	0.95	2000	2000	1755	1755	110	query_pubchem_cid	direction,cell_type,time_key	direction	95% BCa bootstrap CI clustered by PubChem compound; uncertainty is over the observed compound panel, not broader chemical space.
l1000_phase2	tahoe	logFC	strict_matched_condition	spearman	raw	reviewer_minimal_retrieval_dataset_pair	source_centroid_auroc	source_centroid_auroc	0.8649300014835539	0.8241705425138122	0.8925613990058823	0.03419542824603505	bca	ok	0.95	2000	2000	1755	1755	110	query_pubchem_cid	direction,cell_type,time_key	direction	95% BCa bootstrap CI clustered by PubChem compound; uncertainty is over the observed compound panel, not broader chemical space.
l1000_phase2	tahoe	logFC	strict_matched_condition	spearman	raw	reviewer_minimal_retrieval_dataset_pair	target_centroid_similarity	target_centroid_similarity	0.0023847287152389393	-0.006500318826707576	0.011676383143706405	0.009088350985206991	bca	ok	0.95	2000	2000	1755	1755	110	query_pubchem_cid	direction,cell_type,time_key	direction	95% BCa bootstrap CI clustered by PubChem compound; uncertainty is over the observed compound panel, not broader chemical space.
l1000_phase2	tahoe	logFC	strict_matched_condition	spearman	raw	reviewer_minimal_retrieval_dataset_pair	target_centroid_normalized_rank	target_centroid_normalized_rank	0.5154933728769087	0.4854077538056905	0.5505554767237373	0.032573861459023384	bca	ok	0.95	2000	2000	1755	1755	110	query_pubchem_cid	direction,cell_type,time_key	direction	95% BCa bootstrap CI clustered by PubChem compound; uncertainty is over the observed compound panel, not broader chemical space.
l1000_phase2	tahoe	logFC	strict_matched_condition	spearman	raw	reviewer_minimal_retrieval_dataset_pair	target_centroid_recall_at_1	target_centroid_recall_at_1	0.0020107238605898124	0.0	0.007904297826004436	0.003952148913002218	bca	ok	0.95	2000	2000	1755	1755	110	query_pubchem_cid	direction,cell_type,time_key	direction	95% BCa bootstrap CI clustered by PubChem compound; uncertainty is over the observed compound panel, not broader chemical space.
l1000_phase2	tahoe	logFC	strict_matched_condition	spearman	raw	reviewer_minimal_retrieval_dataset_pair	target_centroid_auroc	target_centroid_auroc	0.5154933728769087	0.4855608596263118	0.5511425086381752	0.03279082450593168	bca	ok	0.95	2000	2000	1755	1755	110	query_pubchem_cid	direction,cell_type,time_key	direction	95% BCa bootstrap CI clustered by PubChem compound; uncertainty is over the observed compound panel, not broader chemical space.
l1000_phase2	tahoe	logFC	strict_matched_condition	spearman	raw	reviewer_minimal_retrieval_dataset_pair	source_peer_normalized_rank	source_peer_normalized_rank	0.7803196614409081	0.762433757831476	0.7920495913661593	0.014807916767341611	bca	ok	0.95	2000	2000	1755	1755	110	query_pubchem_cid	direction,cell_type,time_key	direction	95% BCa bootstrap CI clustered by PubChem compound; uncertainty is over the observed compound panel, not broader chemical space.
l1000_phase2	tahoe	logFC	strict_matched_condition	spearman	raw	reviewer_minimal_retrieval_dataset_pair	target_peer_normalized_rank	target_peer_normalized_rank	0.5034193012379999	0.4990649882213766	0.5076255823771979	0.004280297077910639	bca	ok	0.95	2000	2000	1755	1755	110	query_pubchem_cid	direction,cell_type,time_key	direction	95% BCa bootstrap CI clustered by PubChem compound; uncertainty is over the observed compound panel, not broader chemical space.
l1000_phase2	tahoe	logFC	strict_matched_condition	spearman	raw	reviewer_minimal_retrieval_dataset_pair	delta_vs_source_peer_normalized_rank	delta_vs_source_peer_normalized_rank	-0.15704407319482652	-0.20998372825959985	-0.0999933326804822	0.054995197789558824	bca	ok	0.95	2000	2000	1755	1755	110	query_pubchem_cid	direction,cell_type,time_key	direction	95% BCa bootstrap CI clustered by PubChem compound; uncertainty is over the observed compound panel, not broader chemical space.
l1000_phase2	tahoe	logFC	strict_matched_condition	spearman	raw	reviewer_minimal_retrieval_dataset_pair	delta_vs_target_peer_normalized_rank	delta_vs_target_peer_normalized_rank	0.11985628700808185	0.0743233702166737	0.16265156179157306	0.044164095787449675	bca	ok	0.95	2000	2000	1755	1755	110	query_pubchem_cid	direction,cell_type,time_key	direction	95% BCa bootstrap CI clustered by PubChem compound; uncertainty is over the observed compound panel, not broader chemical space.
l1000_phase2	tahoe	logFC	strict_matched_condition	spearman	raw	reviewer_minimal_retrieval_dataset_pair	target_decoy_null_normalized_best_positive_rank	target_decoy_null_normalized_best_positive_rank	0.645834975341818	0.6368220048643881	0.6587341904644767	0.010956092800044281	bca	ok	0.95	2000	2000	1755	1755	110	query_pubchem_cid	direction,cell_type,time_key	direction	95% BCa bootstrap CI clustered by PubChem compound; uncertainty is over the observed compound panel, not broader chemical space.
l1000_phase2	tahoe	logFC	strict_matched_condition	spearman	raw	reviewer_minimal_retrieval_dataset_pair	delta_vs_target_decoy_null_normalized_best_positive_rank	delta_vs_target_decoy_null_normalized_best_positive_rank	-0.02255938709573626	-0.06846566257351348	0.027539154768990003	0.048002408671251745	bca	ok	0.95	2000	2000	1755	1755	110	query_pubchem_cid	direction,cell_type,time_key	direction	95% BCa bootstrap CI clustered by PubChem compound; uncertainty is over the observed compound panel, not broader chemical space.
l1000_phase2	cigs_mce	logFC	strict_matched_condition	cosine	per_gene_population_zscore_dataset	reviewer_minimal_retrieval_dataset_pair	observed_normalized_best_positive_rank	observed_normalized_best_positive_rank	0.84170320925291	0.7671425020935078	0.8936189293650675	0.06323821363577986	bca	ok	0.95	2000	2000	372	372	68	query_pubchem_cid	direction,cell_type,time_key	direction	95% BCa bootstrap CI clustered by PubChem compound; uncertainty is over the observed compound panel, not broader chemical space.
l1000_phase2	cigs_mce	logFC	strict_matched_condition	cosine	per_gene_population_zscore_dataset	reviewer_minimal_retrieval_dataset_pair	observed_recall_at_1	observed_recall_at_1	0.1984384037015616	0.1268489983491532	0.2955918968413697	0.08437144924610826	bca	ok	0.95	2000	2000	372	372	68	query_pubchem_cid	direction,cell_type,time_key	direction	95% BCa bootstrap CI clustered by PubChem compound; uncertainty is over the observed compound panel, not broader chemical space.
l1000_phase2	cigs_mce	logFC	strict_matched_condition	cosine	per_gene_population_zscore_dataset	reviewer_minimal_retrieval_dataset_pair	observed_auroc	observed_auroc	0.8415441850528298	0.7705692664847533	0.8958389575547623	0.06263484553500448	bca	ok	0.95	2000	2000	372	372	68	query_pubchem_cid	direction,cell_type,time_key	direction	95% BCa bootstrap CI clustered by PubChem compound; uncertainty is over the observed compound panel, not broader chemical space.
l1000_phase2	cigs_mce	logFC	strict_matched_condition	cosine	per_gene_population_zscore_dataset	reviewer_minimal_retrieval_dataset_pair	observed_best_positive_similarity	observed_best_positive_similarity	0.251359690588007	0.20068301730373667	0.30287887569203514	0.05109792919414924	bca	ok	0.95	2000	2000	372	372	68	query_pubchem_cid	direction,cell_type,time_key	direction	95% BCa bootstrap CI clustered by PubChem compound; uncertainty is over the observed compound panel, not broader chemical space.
l1000_phase2	cigs_mce	logFC	strict_matched_condition	cosine	per_gene_population_zscore_dataset	reviewer_minimal_retrieval_dataset_pair	random_normalized_best_positive_rank	random_normalized_best_positive_rank					not_estimable	too_few_clusters_or_values	0.95	2000	0	372	0	0	query_pubchem_cid	direction,cell_type,time_key	direction	95% BCa bootstrap CI clustered by PubChem compound; uncertainty is over the observed compound panel, not broader chemical space.
l1000_phase2	cigs_mce	logFC	strict_matched_condition	cosine	per_gene_population_zscore_dataset	reviewer_minimal_retrieval_dataset_pair	random_recall_at_1	random_recall_at_1					not_estimable	too_few_clusters_or_values	0.95	2000	0	372	0	0	query_pubchem_cid	direction,cell_type,time_key	direction	95% BCa bootstrap CI clustered by PubChem compound; uncertainty is over the observed compound panel, not broader chemical space.
l1000_phase2	cigs_mce	logFC	strict_matched_condition	cosine	per_gene_population_zscore_dataset	reviewer_minimal_retrieval_dataset_pair	random_auroc	random_auroc					not_estimable	too_few_clusters_or_values	0.95	2000	0	372	0	0	query_pubchem_cid	direction,cell_type,time_key	direction	95% BCa bootstrap CI clustered by PubChem compound; uncertainty is over the observed compound panel, not broader chemical space.
l1000_phase2	cigs_mce	logFC	strict_matched_condition	cosine	per_gene_population_zscore_dataset	reviewer_minimal_retrieval_dataset_pair	delta_vs_random_normalized_best_positive_rank	delta_vs_random_normalized_best_positive_rank	0.12165294972278154	0.05144237645498379	0.17538943363665804	0.06197352859083713	bca	ok	0.95	2000	2000	372	372	68	query_pubchem_cid	direction,cell_type,time_key	direction	95% BCa bootstrap CI clustered by PubChem compound; uncertainty is over the observed compound panel, not broader chemical space.
l1000_phase2	cigs_mce	logFC	strict_matched_condition	cosine	per_gene_population_zscore_dataset	reviewer_minimal_retrieval_dataset_pair	source_individual_n_peers	source_individual_n_peers	255.9842105263158	255.90410045774638	256.0	0.04794977112680954	bca	ok	0.95	2000	2000	372	372	68	query_pubchem_cid	direction,cell_type,time_key	direction	95% BCa bootstrap CI clustered by PubChem compound; uncertainty is over the observed compound panel, not broader chemical space.
l1000_phase2	cigs_mce	logFC	strict_matched_condition	cosine	per_gene_population_zscore_dataset	reviewer_minimal_retrieval_dataset_pair	source_individual_mean_similarity	source_individual_mean_similarity	0.1250156416679823	0.10955004021203328	0.13840809104876195	0.014429025418364334	bca	ok	0.95	2000	2000	372	372	68	query_pubchem_cid	direction,cell_type,time_key	direction	95% BCa bootstrap CI clustered by PubChem compound; uncertainty is over the observed compound panel, not broader chemical space.
l1000_phase2	cigs_mce	logFC	strict_matched_condition	cosine	per_gene_population_zscore_dataset	reviewer_minimal_retrieval_dataset_pair	source_individual_sd_similarity	source_individual_sd_similarity	0.13395696666663656	0.12646670398365892	0.14151803025453577	0.007525663135438426	bca	ok	0.95	2000	2000	372	372	68	query_pubchem_cid	direction,cell_type,time_key	direction	95% BCa bootstrap CI clustered by PubChem compound; uncertainty is over the observed compound panel, not broader chemical space.
l1000_phase2	cigs_mce	logFC	strict_matched_condition	cosine	per_gene_population_zscore_dataset	reviewer_minimal_retrieval_dataset_pair	source_individual_n_below_observed	source_individual_n_below_observed	171.89473684210526	155.30402821224803	186.6754289127846	15.685700350268291	bca	ok	0.95	2000	2000	372	372	68	query_pubchem_cid	direction,cell_type,time_key	direction	95% BCa bootstrap CI clustered by PubChem compound; uncertainty is over the observed compound panel, not broader chemical space.
l1000_phase2	cigs_mce	logFC	strict_matched_condition	cosine	per_gene_population_zscore_dataset	reviewer_minimal_retrieval_dataset_pair	source_individual_fraction_below_observed	source_individual_fraction_below_observed	0.6715187209752322	0.6096067506584131	0.7312029937506432	0.06079812154611508	bca	ok	0.95	2000	2000	372	372	68	query_pubchem_cid	direction,cell_type,time_key	direction	95% BCa bootstrap CI clustered by PubChem compound; uncertainty is over the observed compound panel, not broader chemical space.
l1000_phase2	cigs_mce	logFC	strict_matched_condition	cosine	per_gene_population_zscore_dataset	reviewer_minimal_retrieval_dataset_pair	source_individual_corrected_percentile	source_individual_corrected_percentile	0.6727968845996313	0.611020269101516	0.7296992089551781	0.05933946992683109	bca	ok	0.95	2000	2000	372	372	68	query_pubchem_cid	direction,cell_type,time_key	direction	95% BCa bootstrap CI clustered by PubChem compound; uncertainty is over the observed compound panel, not broader chemical space.
l1000_phase2	cigs_mce	logFC	strict_matched_condition	cosine	per_gene_population_zscore_dataset	reviewer_minimal_retrieval_dataset_pair	target_individual_n_peers	target_individual_n_peers	255.99175824175825	255.95988513435	256.0	0.0200574328249985	bca	ok	0.95	2000	2000	372	372	68	query_pubchem_cid	direction,cell_type,time_key	direction	95% BCa bootstrap CI clustered by PubChem compound; uncertainty is over the observed compound panel, not broader chemical space.
l1000_phase2	cigs_mce	logFC	strict_matched_condition	cosine	per_gene_population_zscore_dataset	reviewer_minimal_retrieval_dataset_pair	target_individual_mean_similarity	target_individual_mean_similarity	0.052863238577293616	0.04231833671348636	0.06298773736139919	0.010334700323956416	bca	ok	0.95	2000	2000	372	372	68	query_pubchem_cid	direction,cell_type,time_key	direction	95% BCa bootstrap CI clustered by PubChem compound; uncertainty is over the observed compound panel, not broader chemical space.
l1000_phase2	cigs_mce	logFC	strict_matched_condition	cosine	per_gene_population_zscore_dataset	reviewer_minimal_retrieval_dataset_pair	target_individual_sd_similarity	target_individual_sd_similarity	0.07864955780109179	0.07255273233834039	0.0852567225425351	0.006351995102097351	bca	ok	0.95	2000	2000	372	372	68	query_pubchem_cid	direction,cell_type,time_key	direction	95% BCa bootstrap CI clustered by PubChem compound; uncertainty is over the observed compound panel, not broader chemical space.
l1000_phase2	cigs_mce	logFC	strict_matched_condition	cosine	per_gene_population_zscore_dataset	reviewer_minimal_retrieval_dataset_pair	target_individual_n_below_observed	target_individual_n_below_observed	211.87215153267783	193.12848806139894	225.93529134230178	16.40340164045142	bca	ok	0.95	2000	2000	372	372	68	query_pubchem_cid	direction,cell_type,time_key	direction	95% BCa bootstrap CI clustered by PubChem compound; uncertainty is over the observed compound panel, not broader chemical space.
l1000_phase2	cigs_mce	logFC	strict_matched_condition	cosine	per_gene_population_zscore_dataset	reviewer_minimal_retrieval_dataset_pair	target_individual_fraction_below_observed	target_individual_fraction_below_observed	0.8276574075353826	0.7491184857207752	0.881832338248236	0.06635692626373041	bca	ok	0.95	2000	2000	372	372	68	query_pubchem_cid	direction,cell_type,time_key	direction	95% BCa bootstrap CI clustered by PubChem compound; uncertainty is over the observed compound panel, not broader chemical space.
l1000_phase2	cigs_mce	logFC	strict_matched_condition	cosine	per_gene_population_zscore_dataset	reviewer_minimal_retrieval_dataset_pair	target_individual_corrected_percentile	target_individual_corrected_percentile	0.8283280027541444	0.7588716504547024	0.8837456375841475	0.06243699356472254	bca	ok	0.95	2000	2000	372	372	68	query_pubchem_cid	direction,cell_type,time_key	direction	95% BCa bootstrap CI clustered by PubChem compound; uncertainty is over the observed compound panel, not broader chemical space.
l1000_phase2	cigs_mce	logFC	strict_matched_condition	cosine	per_gene_population_zscore_dataset	reviewer_minimal_retrieval_dataset_pair	source_centroid_similarity	source_centroid_similarity	0.3057656862778111	0.2716284374112852	0.3368773351412342	0.03262444886497451	bca	ok	0.95	2000	2000	372	372	68	query_pubchem_cid	direction,cell_type,time_key	direction	95% BCa bootstrap CI clustered by PubChem compound; uncertainty is over the observed compound panel, not broader chemical space.
l1000_phase2	cigs_mce	logFC	strict_matched_condition	cosine	per_gene_population_zscore_dataset	reviewer_minimal_retrieval_dataset_pair	source_centroid_normalized_rank	source_centroid_normalized_rank	0.8152684945825048	0.775085530034878	0.8497580801002282	0.037336275032675115	bca	ok	0.95	2000	2000	372	372	68	query_pubchem_cid	direction,cell_type,time_key	direction	95% BCa bootstrap CI clustered by PubChem compound; uncertainty is over the observed compound panel, not broader chemical space.
l1000_phase2	cigs_mce	logFC	strict_matched_condition	cosine	per_gene_population_zscore_dataset	reviewer_minimal_retrieval_dataset_pair	source_centroid_recall_at_1	source_centroid_recall_at_1	0.49054366685945633	0.43546055965153624	0.5441263226676328	0.0543328815080483	bca	ok	0.95	2000	2000	372	372	68	query_pubchem_cid	direction,cell_type,time_key	direction	95% BCa bootstrap CI clustered by PubChem compound; uncertainty is over the observed compound panel, not broader chemical space.
l1000_phase2	cigs_mce	logFC	strict_matched_condition	cosine	per_gene_population_zscore_dataset	reviewer_minimal_retrieval_dataset_pair	source_centroid_auroc	source_centroid_auroc	0.8152684945825048	0.7764105628280111	0.8489541892000293	0.03627181318600908	bca	ok	0.95	2000	2000	372	372	68	query_pubchem_cid	direction,cell_type,time_key	direction	95% BCa bootstrap CI clustered by PubChem compound; uncertainty is over the observed compound panel, not broader chemical space.
l1000_phase2	cigs_mce	logFC	strict_matched_condition	cosine	per_gene_population_zscore_dataset	reviewer_minimal_retrieval_dataset_pair	target_centroid_similarity	target_centroid_similarity	0.14874266176053497	0.12314712452838611	0.17428975302704688	0.025571314249330387	bca	ok	0.95	2000	2000	372	372	68	query_pubchem_cid	direction,cell_type,time_key	direction	95% BCa bootstrap CI clustered by PubChem compound; uncertainty is over the observed compound panel, not broader chemical space.
l1000_phase2	cigs_mce	logFC	strict_matched_condition	cosine	per_gene_population_zscore_dataset	reviewer_minimal_retrieval_dataset_pair	target_centroid_normalized_rank	target_centroid_normalized_rank	0.8276683875677588	0.7746554577843499	0.8683193010745216	0.04683192164508587	bca	ok	0.95	2000	2000	372	372	68	query_pubchem_cid	direction,cell_type,time_key	direction	95% BCa bootstrap CI clustered by PubChem compound; uncertainty is over the observed compound panel, not broader chemical space.
l1000_phase2	cigs_mce	logFC	strict_matched_condition	cosine	per_gene_population_zscore_dataset	reviewer_minimal_retrieval_dataset_pair	target_centroid_recall_at_1	target_centroid_recall_at_1	0.0	0.0	0.0	0.0	degenerate	zero_bootstrap_variance	0.95	2000	2000	372	372	68	query_pubchem_cid	direction,cell_type,time_key	direction	95% BCa bootstrap CI clustered by PubChem compound; uncertainty is over the observed compound panel, not broader chemical space.
l1000_phase2	cigs_mce	logFC	strict_matched_condition	cosine	per_gene_population_zscore_dataset	reviewer_minimal_retrieval_dataset_pair	target_centroid_auroc	target_centroid_auroc	0.8276683875677588	0.7765341968500835	0.8656259662757888	0.044545884712852646	bca	ok	0.95	2000	2000	372	372	68	query_pubchem_cid	direction,cell_type,time_key	direction	95% BCa bootstrap CI clustered by PubChem compound; uncertainty is over the observed compound panel, not broader chemical space.
l1000_phase2	cigs_mce	logFC	strict_matched_condition	cosine	per_gene_population_zscore_dataset	reviewer_minimal_retrieval_dataset_pair	source_peer_normalized_rank	source_peer_normalized_rank	0.6210692037490122	0.6032913908346345	0.6362473517802665	0.016477980472816012	bca	ok	0.95	2000	2000	372	372	68	query_pubchem_cid	direction,cell_type,time_key	direction	95% BCa bootstrap CI clustered by PubChem compound; uncertainty is over the observed compound panel, not broader chemical space.
l1000_phase2	cigs_mce	logFC	strict_matched_condition	cosine	per_gene_population_zscore_dataset	reviewer_minimal_retrieval_dataset_pair	target_peer_normalized_rank	target_peer_normalized_rank	0.5553930953525399	0.543518307616212	0.564929140175663	0.010705416279725488	bca	ok	0.95	2000	2000	372	372	68	query_pubchem_cid	direction,cell_type,time_key	direction	95% BCa bootstrap CI clustered by PubChem compound; uncertainty is over the observed compound panel, not broader chemical space.
l1000_phase2	cigs_mce	logFC	strict_matched_condition	cosine	per_gene_population_zscore_dataset	reviewer_minimal_retrieval_dataset_pair	delta_vs_source_peer_normalized_rank	delta_vs_source_peer_normalized_rank	0.2206340055038979	0.13835705674702778	0.285183451388221	0.0734131973205966	bca	ok	0.95	2000	2000	372	372	68	query_pubchem_cid	direction,cell_type,time_key	direction	95% BCa bootstrap CI clustered by PubChem compound; uncertainty is over the observed compound panel, not broader chemical space.
l1000_phase2	cigs_mce	logFC	strict_matched_condition	cosine	per_gene_population_zscore_dataset	reviewer_minimal_retrieval_dataset_pair	delta_vs_target_peer_normalized_rank	delta_vs_target_peer_normalized_rank	0.28631011390037	0.22040861554189475	0.33491534790674615	0.0572533661824257	bca	ok	0.95	2000	2000	372	372	68	query_pubchem_cid	direction,cell_type,time_key	direction	95% BCa bootstrap CI clustered by PubChem compound; uncertainty is over the observed compound panel, not broader chemical space.
l1000_phase2	cigs_mce	logFC	strict_matched_condition	cosine	per_gene_population_zscore_dataset	reviewer_minimal_retrieval_dataset_pair	target_decoy_null_normalized_best_positive_rank	target_decoy_null_normalized_best_positive_rank	0.7200502595301284	0.7058081089694305	0.7307897745438169	0.012490832787193207	bca	ok	0.95	2000	2000	372	372	68	query_pubchem_cid	direction,cell_type,time_key	direction	95% BCa bootstrap CI clustered by PubChem compound; uncertainty is over the observed compound panel, not broader chemical space.
l1000_phase2	cigs_mce	logFC	strict_matched_condition	cosine	per_gene_population_zscore_dataset	reviewer_minimal_retrieval_dataset_pair	delta_vs_target_decoy_null_normalized_best_positive_rank	delta_vs_target_decoy_null_normalized_best_positive_rank	0.12165294972278154	0.05446376485976735	0.17575492069327175	0.0606455779167522	bca	ok	0.95	2000	2000	372	372	68	query_pubchem_cid	direction,cell_type,time_key	direction	95% BCa bootstrap CI clustered by PubChem compound; uncertainty is over the observed compound panel, not broader chemical space.
l1000_phase2	cigs_mce	logFC	strict_matched_condition	cosine	raw	reviewer_minimal_retrieval_dataset_pair	observed_normalized_best_positive_rank	observed_normalized_best_positive_rank	0.8482792547056459	0.7826354341624855	0.8983493958866824	0.05785698086209845	bca	ok	0.95	2000	2000	372	372	68	query_pubchem_cid	direction,cell_type,time_key	direction	95% BCa bootstrap CI clustered by PubChem compound; uncertainty is over the observed compound panel, not broader chemical space.
l1000_phase2	cigs_mce	logFC	strict_matched_condition	cosine	raw	reviewer_minimal_retrieval_dataset_pair	observed_recall_at_1	observed_recall_at_1	0.20106998264893003	0.12597650461972393	0.30019668204224587	0.08711008871126097	bca	ok	0.95	2000	2000	372	372	68	query_pubchem_cid	direction,cell_type,time_key	direction	95% BCa bootstrap CI clustered by PubChem compound; uncertainty is over the observed compound panel, not broader chemical space.
l1000_phase2	cigs_mce	logFC	strict_matched_condition	cosine	raw	reviewer_minimal_retrieval_dataset_pair	observed_auroc	observed_auroc	0.8481292553590142	0.7769547184307013	0.8973922612356912	0.06021877140249493	bca	ok	0.95	2000	2000	372	372	68	query_pubchem_cid	direction,cell_type,time_key	direction	95% BCa bootstrap CI clustered by PubChem compound; uncertainty is over the observed compound panel, not broader chemical space.
l1000_phase2	cigs_mce	logFC	strict_matched_condition	cosine	raw	reviewer_minimal_retrieval_dataset_pair	observed_best_positive_similarity	observed_best_positive_similarity	0.27199575185991454	0.2275464658233455	0.3221114577275476	0.04728249595210106	bca	ok	0.95	2000	2000	372	372	68	query_pubchem_cid	direction,cell_type,time_key	direction	95% BCa bootstrap CI clustered by PubChem compound; uncertainty is over the observed compound panel, not broader chemical space.
l1000_phase2	cigs_mce	logFC	strict_matched_condition	cosine	raw	reviewer_minimal_retrieval_dataset_pair	random_normalized_best_positive_rank	random_normalized_best_positive_rank					not_estimable	too_few_clusters_or_values	0.95	2000	0	372	0	0	query_pubchem_cid	direction,cell_type,time_key	direction	95% BCa bootstrap CI clustered by PubChem compound; uncertainty is over the observed compound panel, not broader chemical space.
l1000_phase2	cigs_mce	logFC	strict_matched_condition	cosine	raw	reviewer_minimal_retrieval_dataset_pair	random_recall_at_1	random_recall_at_1					not_estimable	too_few_clusters_or_values	0.95	2000	0	372	0	0	query_pubchem_cid	direction,cell_type,time_key	direction	95% BCa bootstrap CI clustered by PubChem compound; uncertainty is over the observed compound panel, not broader chemical space.
l1000_phase2	cigs_mce	logFC	strict_matched_condition	cosine	raw	reviewer_minimal_retrieval_dataset_pair	random_auroc	random_auroc					not_estimable	too_few_clusters_or_values	0.95	2000	0	372	0	0	query_pubchem_cid	direction,cell_type,time_key	direction	95% BCa bootstrap CI clustered by PubChem compound; uncertainty is over the observed compound panel, not broader chemical space.
l1000_phase2	cigs_mce	logFC	strict_matched_condition	cosine	raw	reviewer_minimal_retrieval_dataset_pair	delta_vs_random_normalized_best_positive_rank	delta_vs_random_normalized_best_positive_rank	0.1282289951755174	0.06415145877623568	0.17973678089187914	0.05779266105782173	bca	ok	0.95	2000	2000	372	372	68	query_pubchem_cid	direction,cell_type,time_key	direction	95% BCa bootstrap CI clustered by PubChem compound; uncertainty is over the observed compound panel, not broader chemical space.
l1000_phase2	cigs_mce	logFC	strict_matched_condition	cosine	raw	reviewer_minimal_retrieval_dataset_pair	source_individual_n_peers	source_individual_n_peers	255.9842105263158	255.91858162599377	256.0	0.040709187003116654	bca	ok	0.95	2000	2000	372	372	68	query_pubchem_cid	direction,cell_type,time_key	direction	95% BCa bootstrap CI clustered by PubChem compound; uncertainty is over the observed compound panel, not broader chemical space.
l1000_phase2	cigs_mce	logFC	strict_matched_condition	cosine	raw	reviewer_minimal_retrieval_dataset_pair	source_individual_mean_similarity	source_individual_mean_similarity	0.19014067233950915	0.17403657694346517	0.20588419223600332	0.015923807646269078	bca	ok	0.95	2000	2000	372	372	68	query_pubchem_cid	direction,cell_type,time_key	direction	95% BCa bootstrap CI clustered by PubChem compound; uncertainty is over the observed compound panel, not broader chemical space.
l1000_phase2	cigs_mce	logFC	strict_matched_condition	cosine	raw	reviewer_minimal_retrieval_dataset_pair	source_individual_sd_similarity	source_individual_sd_similarity	0.13212673023020208	0.12513067082847665	0.13813745599370958	0.006503392582616466	bca	ok	0.95	2000	2000	372	372	68	query_pubchem_cid	direction,cell_type,time_key	direction	95% BCa bootstrap CI clustered by PubChem compound; uncertainty is over the observed compound panel, not broader chemical space.
l1000_phase2	cigs_mce	logFC	strict_matched_condition	cosine	raw	reviewer_minimal_retrieval_dataset_pair	source_individual_n_below_observed	source_individual_n_below_observed	157.3529207634471	138.11490421095434	173.34575837807472	17.615427083560192	bca	ok	0.95	2000	2000	372	372	68	query_pubchem_cid	direction,cell_type,time_key	direction	95% BCa bootstrap CI clustered by PubChem compound; uncertainty is over the observed compound panel, not broader chemical space.
l1000_phase2	cigs_mce	logFC	strict_matched_condition	cosine	raw	reviewer_minimal_retrieval_dataset_pair	source_individual_fraction_below_observed	source_individual_fraction_below_observed	0.6147142681718436	0.5437048820560471	0.6817831752374907	0.0690391465907218	bca	ok	0.95	2000	2000	372	372	68	query_pubchem_cid	direction,cell_type,time_key	direction	95% BCa bootstrap CI clustered by PubChem compound; uncertainty is over the observed compound panel, not broader chemical space.
l1000_phase2	cigs_mce	logFC	strict_matched_condition	cosine	raw	reviewer_minimal_retrieval_dataset_pair	source_individual_corrected_percentile	source_individual_corrected_percentile	0.6162134626777583	0.5436702786236612	0.6811584104405561	0.06874406590844745	bca	ok	0.95	2000	2000	372	372	68	query_pubchem_cid	direction,cell_type,time_key	direction	95% BCa bootstrap CI clustered by PubChem compound; uncertainty is over the observed compound panel, not broader chemical space.
l1000_phase2	cigs_mce	logFC	strict_matched_condition	cosine	raw	reviewer_minimal_retrieval_dataset_pair	target_individual_n_peers	target_individual_n_peers	255.99175824175825	255.95112427119315	256.0	0.024437864403424214	bca	ok	0.95	2000	2000	372	372	68	query_pubchem_cid	direction,cell_type,time_key	direction	95% BCa bootstrap CI clustered by PubChem compound; uncertainty is over the observed compound panel, not broader chemical space.
l1000_phase2	cigs_mce	logFC	strict_matched_condition	cosine	raw	reviewer_minimal_retrieval_dataset_pair	target_individual_mean_similarity	target_individual_mean_similarity	0.09284905232610605	0.08083066071784854	0.10484609542999805	0.012007717356074754	bca	ok	0.95	2000	2000	372	372	68	query_pubchem_cid	direction,cell_type,time_key	direction	95% BCa bootstrap CI clustered by PubChem compound; uncertainty is over the observed compound panel, not broader chemical space.
l1000_phase2	cigs_mce	logFC	strict_matched_condition	cosine	raw	reviewer_minimal_retrieval_dataset_pair	target_individual_sd_similarity	target_individual_sd_similarity	0.07661473109812683	0.07151114963880632	0.08233314325718621	0.0054109968091899455	bca	ok	0.95	2000	2000	372	372	68	query_pubchem_cid	direction,cell_type,time_key	direction	95% BCa bootstrap CI clustered by PubChem compound; uncertainty is over the observed compound panel, not broader chemical space.
l1000_phase2	cigs_mce	logFC	strict_matched_condition	cosine	raw	reviewer_minimal_retrieval_dataset_pair	target_individual_n_below_observed	target_individual_n_below_observed	210.1111046847889	191.65967188532724	224.47024572723691	16.405286920954836	bca	ok	0.95	2000	2000	372	372	68	query_pubchem_cid	direction,cell_type,time_key	direction	95% BCa bootstrap CI clustered by PubChem compound; uncertainty is over the observed compound panel, not broader chemical space.
l1000_phase2	cigs_mce	logFC	strict_matched_condition	cosine	raw	reviewer_minimal_retrieval_dataset_pair	target_individual_fraction_below_observed	target_individual_fraction_below_observed	0.8207786970430886	0.7454358053952866	0.8719405925930024	0.06325239359885787	bca	ok	0.95	2000	2000	372	372	68	query_pubchem_cid	direction,cell_type,time_key	direction	95% BCa bootstrap CI clustered by PubChem compound; uncertainty is over the observed compound panel, not broader chemical space.
l1000_phase2	cigs_mce	logFC	strict_matched_condition	cosine	raw	reviewer_minimal_retrieval_dataset_pair	target_individual_corrected_percentile	target_individual_corrected_percentile	0.8214760561985627	0.7488215400341041	0.8780293463578072	0.06460390316185155	bca	ok	0.95	2000	2000	372	372	68	query_pubchem_cid	direction,cell_type,time_key	direction	95% BCa bootstrap CI clustered by PubChem compound; uncertainty is over the observed compound panel, not broader chemical space.
l1000_phase2	cigs_mce	logFC	strict_matched_condition	cosine	raw	reviewer_minimal_retrieval_dataset_pair	source_centroid_similarity	source_centroid_similarity	0.43761500037472145	0.4025020807455469	0.46920366893631626	0.03335079409538469	bca	ok	0.95	2000	2000	372	372	68	query_pubchem_cid	direction,cell_type,time_key	direction	95% BCa bootstrap CI clustered by PubChem compound; uncertainty is over the observed compound panel, not broader chemical space.
l1000_phase2	cigs_mce	logFC	strict_matched_condition	cosine	raw	reviewer_minimal_retrieval_dataset_pair	source_centroid_normalized_rank	source_centroid_normalized_rank	0.9566164263286405	0.9159354588044549	0.9760579701423464	0.03006125566894574	bca	ok	0.95	2000	2000	372	372	68	query_pubchem_cid	direction,cell_type,time_key	direction	95% BCa bootstrap CI clustered by PubChem compound; uncertainty is over the observed compound panel, not broader chemical space.
l1000_phase2	cigs_mce	logFC	strict_matched_condition	cosine	raw	reviewer_minimal_retrieval_dataset_pair	source_centroid_recall_at_1	source_centroid_recall_at_1	0.6790630422209369	0.6127900006141543	0.7445994286575479	0.06590471402169679	bca	ok	0.95	2000	2000	372	372	68	query_pubchem_cid	direction,cell_type,time_key	direction	95% BCa bootstrap CI clustered by PubChem compound; uncertainty is over the observed compound panel, not broader chemical space.
l1000_phase2	cigs_mce	logFC	strict_matched_condition	cosine	raw	reviewer_minimal_retrieval_dataset_pair	source_centroid_auroc	source_centroid_auroc	0.9566164263286405	0.9193858881095328	0.975483836634982	0.02804897426272457	bca	ok	0.95	2000	2000	372	372	68	query_pubchem_cid	direction,cell_type,time_key	direction	95% BCa bootstrap CI clustered by PubChem compound; uncertainty is over the observed compound panel, not broader chemical space.
l1000_phase2	cigs_mce	logFC	strict_matched_condition	cosine	raw	reviewer_minimal_retrieval_dataset_pair	target_centroid_similarity	target_centroid_similarity	0.21796210788556344	0.19157646395906236	0.2447448923354297	0.026584214188183672	bca	ok	0.95	2000	2000	372	372	68	query_pubchem_cid	direction,cell_type,time_key	direction	95% BCa bootstrap CI clustered by PubChem compound; uncertainty is over the observed compound panel, not broader chemical space.
l1000_phase2	cigs_mce	logFC	strict_matched_condition	cosine	raw	reviewer_minimal_retrieval_dataset_pair	target_centroid_normalized_rank	target_centroid_normalized_rank	0.912578561405796	0.8816692758111823	0.9325423151307138	0.02543651965976579	bca	ok	0.95	2000	2000	372	372	68	query_pubchem_cid	direction,cell_type,time_key	direction	95% BCa bootstrap CI clustered by PubChem compound; uncertainty is over the observed compound panel, not broader chemical space.
l1000_phase2	cigs_mce	logFC	strict_matched_condition	cosine	raw	reviewer_minimal_retrieval_dataset_pair	target_centroid_recall_at_1	target_centroid_recall_at_1	0.008241758241758242	0.0	0.04412324407718275	0.022061622038591376	bca	ok	0.95	2000	2000	372	372	68	query_pubchem_cid	direction,cell_type,time_key	direction	95% BCa bootstrap CI clustered by PubChem compound; uncertainty is over the observed compound panel, not broader chemical space.
l1000_phase2	cigs_mce	logFC	strict_matched_condition	cosine	raw	reviewer_minimal_retrieval_dataset_pair	target_centroid_auroc	target_centroid_auroc	0.912578561405796	0.8820690823876048	0.9313974095607024	0.02466416358654877	bca	ok	0.95	2000	2000	372	372	68	query_pubchem_cid	direction,cell_type,time_key	direction	95% BCa bootstrap CI clustered by PubChem compound; uncertainty is over the observed compound panel, not broader chemical space.
l1000_phase2	cigs_mce	logFC	strict_matched_condition	cosine	raw	reviewer_minimal_retrieval_dataset_pair	source_peer_normalized_rank	source_peer_normalized_rank	0.7102055448509675	0.6926812003421384	0.7276606260417997	0.01748971284983064	bca	ok	0.95	2000	2000	372	372	68	query_pubchem_cid	direction,cell_type,time_key	direction	95% BCa bootstrap CI clustered by PubChem compound; uncertainty is over the observed compound panel, not broader chemical space.
l1000_phase2	cigs_mce	logFC	strict_matched_condition	cosine	raw	reviewer_minimal_retrieval_dataset_pair	target_peer_normalized_rank	target_peer_normalized_rank	0.574651649857011	0.5674879627820769	0.5803670976067512	0.006439567412337144	bca	ok	0.95	2000	2000	372	372	68	query_pubchem_cid	direction,cell_type,time_key	direction	95% BCa bootstrap CI clustered by PubChem compound; uncertainty is over the observed compound panel, not broader chemical space.
l1000_phase2	cigs_mce	logFC	strict_matched_condition	cosine	raw	reviewer_minimal_retrieval_dataset_pair	delta_vs_source_peer_normalized_rank	delta_vs_source_peer_normalized_rank	0.13807370985467834	0.0602008106136983	0.19606120210768024	0.06793019574699097	bca	ok	0.95	2000	2000	372	372	68	query_pubchem_cid	direction,cell_type,time_key	direction	95% BCa bootstrap CI clustered by PubChem compound; uncertainty is over the observed compound panel, not broader chemical space.
l1000_phase2	cigs_mce	logFC	strict_matched_condition	cosine	raw	reviewer_minimal_retrieval_dataset_pair	delta_vs_target_peer_normalized_rank	delta_vs_target_peer_normalized_rank	0.27362760484863485	0.21356398450770947	0.3218479227927652	0.05414196914252786	bca	ok	0.95	2000	2000	372	372	68	query_pubchem_cid	direction,cell_type,time_key	direction	95% BCa bootstrap CI clustered by PubChem compound; uncertainty is over the observed compound panel, not broader chemical space.
l1000_phase2	cigs_mce	logFC	strict_matched_condition	cosine	raw	reviewer_minimal_retrieval_dataset_pair	target_decoy_null_normalized_best_positive_rank	target_decoy_null_normalized_best_positive_rank	0.7200502595301284	0.7054563559048052	0.7307825660512244	0.012663105073209613	bca	ok	0.95	2000	2000	372	372	68	query_pubchem_cid	direction,cell_type,time_key	direction	95% BCa bootstrap CI clustered by PubChem compound; uncertainty is over the observed compound panel, not broader chemical space.
l1000_phase2	cigs_mce	logFC	strict_matched_condition	cosine	raw	reviewer_minimal_retrieval_dataset_pair	delta_vs_target_decoy_null_normalized_best_positive_rank	delta_vs_target_decoy_null_normalized_best_positive_rank	0.1282289951755174	0.06471277093046038	0.17755098865498112	0.05641910886226037	bca	ok	0.95	2000	2000	372	372	68	query_pubchem_cid	direction,cell_type,time_key	direction	95% BCa bootstrap CI clustered by PubChem compound; uncertainty is over the observed compound panel, not broader chemical space.
l1000_phase2	cigs_mce	logFC	strict_matched_condition	spearman	per_gene_population_zscore_dataset	reviewer_minimal_retrieval_dataset_pair	observed_normalized_best_positive_rank	observed_normalized_best_positive_rank	0.828514053082452	0.755931814883113	0.8840448927679062	0.0640565389423966	bca	ok	0.95	2000	2000	372	372	68	query_pubchem_cid	direction,cell_type,time_key	direction	95% BCa bootstrap CI clustered by PubChem compound; uncertainty is over the observed compound panel, not broader chemical space.
l1000_phase2	cigs_mce	logFC	strict_matched_condition	spearman	per_gene_population_zscore_dataset	reviewer_minimal_retrieval_dataset_pair	observed_recall_at_1	observed_recall_at_1	0.22842683632157318	0.15258767120011493	0.3389596236817521	0.09318597624081858	bca	ok	0.95	2000	2000	372	372	68	query_pubchem_cid	direction,cell_type,time_key	direction	95% BCa bootstrap CI clustered by PubChem compound; uncertainty is over the observed compound panel, not broader chemical space.
l1000_phase2	cigs_mce	logFC	strict_matched_condition	spearman	per_gene_population_zscore_dataset	reviewer_minimal_retrieval_dataset_pair	observed_auroc	observed_auroc	0.828349138475212	0.7568858387687305	0.8851433483758462	0.06412875480355784	bca	ok	0.95	2000	2000	372	372	68	query_pubchem_cid	direction,cell_type,time_key	direction	95% BCa bootstrap CI clustered by PubChem compound; uncertainty is over the observed compound panel, not broader chemical space.
l1000_phase2	cigs_mce	logFC	strict_matched_condition	spearman	per_gene_population_zscore_dataset	reviewer_minimal_retrieval_dataset_pair	observed_best_positive_similarity	observed_best_positive_similarity	0.23806586000113694	0.1907825941268506	0.28604825029442776	0.047632828083788575	bca	ok	0.95	2000	2000	372	372	68	query_pubchem_cid	direction,cell_type,time_key	direction	95% BCa bootstrap CI clustered by PubChem compound; uncertainty is over the observed compound panel, not broader chemical space.
l1000_phase2	cigs_mce	logFC	strict_matched_condition	spearman	per_gene_population_zscore_dataset	reviewer_minimal_retrieval_dataset_pair	random_normalized_best_positive_rank	random_normalized_best_positive_rank					not_estimable	too_few_clusters_or_values	0.95	2000	0	372	0	0	query_pubchem_cid	direction,cell_type,time_key	direction	95% BCa bootstrap CI clustered by PubChem compound; uncertainty is over the observed compound panel, not broader chemical space.
l1000_phase2	cigs_mce	logFC	strict_matched_condition	spearman	per_gene_population_zscore_dataset	reviewer_minimal_retrieval_dataset_pair	random_recall_at_1	random_recall_at_1					not_estimable	too_few_clusters_or_values	0.95	2000	0	372	0	0	query_pubchem_cid	direction,cell_type,time_key	direction	95% BCa bootstrap CI clustered by PubChem compound; uncertainty is over the observed compound panel, not broader chemical space.
l1000_phase2	cigs_mce	logFC	strict_matched_condition	spearman	per_gene_population_zscore_dataset	reviewer_minimal_retrieval_dataset_pair	random_auroc	random_auroc					not_estimable	too_few_clusters_or_values	0.95	2000	0	372	0	0	query_pubchem_cid	direction,cell_type,time_key	direction	95% BCa bootstrap CI clustered by PubChem compound; uncertainty is over the observed compound panel, not broader chemical space.
l1000_phase2	cigs_mce	logFC	strict_matched_condition	spearman	per_gene_population_zscore_dataset	reviewer_minimal_retrieval_dataset_pair	delta_vs_random_normalized_best_positive_rank	delta_vs_random_normalized_best_positive_rank	0.10846379355232347	0.036547260455934066	0.16452956167227914	0.06399115060817254	bca	ok	0.95	2000	2000	372	372	68	query_pubchem_cid	direction,cell_type,time_key	direction	95% BCa bootstrap CI clustered by PubChem compound; uncertainty is over the observed compound panel, not broader chemical space.
l1000_phase2	cigs_mce	logFC	strict_matched_condition	spearman	per_gene_population_zscore_dataset	reviewer_minimal_retrieval_dataset_pair	source_individual_n_peers	source_individual_n_peers	255.9842105263158	255.92360480982376	256.0	0.03819759508812126	bca	ok	0.95	2000	2000	372	372	68	query_pubchem_cid	direction,cell_type,time_key	direction	95% BCa bootstrap CI clustered by PubChem compound; uncertainty is over the observed compound panel, not broader chemical space.
l1000_phase2	cigs_mce	logFC	strict_matched_condition	spearman	per_gene_population_zscore_dataset	reviewer_minimal_retrieval_dataset_pair	source_individual_mean_similarity	source_individual_mean_similarity	0.12436082400639814	0.10884004137373679	0.13801296700454146	0.014586462815402337	bca	ok	0.95	2000	2000	372	372	68	query_pubchem_cid	direction,cell_type,time_key	direction	95% BCa bootstrap CI clustered by PubChem compound; uncertainty is over the observed compound panel, not broader chemical space.
l1000_phase2	cigs_mce	logFC	strict_matched_condition	spearman	per_gene_population_zscore_dataset	reviewer_minimal_retrieval_dataset_pair	source_individual_sd_similarity	source_individual_sd_similarity	0.135597648349858	0.12876318749278637	0.14245750049114306	0.006847156499178345	bca	ok	0.95	2000	2000	372	372	68	query_pubchem_cid	direction,cell_type,time_key	direction	95% BCa bootstrap CI clustered by PubChem compound; uncertainty is over the observed compound panel, not broader chemical space.
l1000_phase2	cigs_mce	logFC	strict_matched_condition	spearman	per_gene_population_zscore_dataset	reviewer_minimal_retrieval_dataset_pair	source_individual_n_below_observed	source_individual_n_below_observed	166.058993637941	149.4425415217855	181.0588212131417	15.808139845678099	bca	ok	0.95	2000	2000	372	372	68	query_pubchem_cid	direction,cell_type,time_key	direction	95% BCa bootstrap CI clustered by PubChem compound; uncertainty is over the observed compound panel, not broader chemical space.
l1000_phase2	cigs_mce	logFC	strict_matched_condition	spearman	per_gene_population_zscore_dataset	reviewer_minimal_retrieval_dataset_pair	source_individual_fraction_below_observed	source_individual_fraction_below_observed	0.6487197047341204	0.5856066559426162	0.7082316192904894	0.0613124816739366	bca	ok	0.95	2000	2000	372	372	68	query_pubchem_cid	direction,cell_type,time_key	direction	95% BCa bootstrap CI clustered by PubChem compound; uncertainty is over the observed compound panel, not broader chemical space.
l1000_phase2	cigs_mce	logFC	strict_matched_condition	spearman	per_gene_population_zscore_dataset	reviewer_minimal_retrieval_dataset_pair	source_individual_corrected_percentile	source_individual_corrected_percentile	0.6500865927187955	0.5902146900966295	0.7091149186725769	0.0594501142879737	bca	ok	0.95	2000	2000	372	372	68	query_pubchem_cid	direction,cell_type,time_key	direction	95% BCa bootstrap CI clustered by PubChem compound; uncertainty is over the observed compound panel, not broader chemical space.
l1000_phase2	cigs_mce	logFC	strict_matched_condition	spearman	per_gene_population_zscore_dataset	reviewer_minimal_retrieval_dataset_pair	target_individual_n_peers	target_individual_n_peers	255.99175824175825	255.95147545711703	256.0	0.024262271441486405	bca	ok	0.95	2000	2000	372	372	68	query_pubchem_cid	direction,cell_type,time_key	direction	95% BCa bootstrap CI clustered by PubChem compound; uncertainty is over the observed compound panel, not broader chemical space.
l1000_phase2	cigs_mce	logFC	strict_matched_condition	spearman	per_gene_population_zscore_dataset	reviewer_minimal_retrieval_dataset_pair	target_individual_mean_similarity	target_individual_mean_similarity	0.04952591582952558	0.03877891829846638	0.05938786377601622	0.010304472738774922	bca	ok	0.95	2000	2000	372	372	68	query_pubchem_cid	direction,cell_type,time_key	direction	95% BCa bootstrap CI clustered by PubChem compound; uncertainty is over the observed compound panel, not broader chemical space.
l1000_phase2	cigs_mce	logFC	strict_matched_condition	spearman	per_gene_population_zscore_dataset	reviewer_minimal_retrieval_dataset_pair	target_individual_sd_similarity	target_individual_sd_similarity	0.07841554522826087	0.07225024391492783	0.08476234282020068	0.006256049452636421	bca	ok	0.95	2000	2000	372	372	68	query_pubchem_cid	direction,cell_type,time_key	direction	95% BCa bootstrap CI clustered by PubChem compound; uncertainty is over the observed compound panel, not broader chemical space.
l1000_phase2	cigs_mce	logFC	strict_matched_condition	spearman	per_gene_population_zscore_dataset	reviewer_minimal_retrieval_dataset_pair	target_individual_n_below_observed	target_individual_n_below_observed	208.1170908039329	189.87656985101398	222.41502182048086	16.26922598473344	bca	ok	0.95	2000	2000	372	372	68	query_pubchem_cid	direction,cell_type,time_key	direction	95% BCa bootstrap CI clustered by PubChem compound; uncertainty is over the observed compound panel, not broader chemical space.
l1000_phase2	cigs_mce	logFC	strict_matched_condition	spearman	per_gene_population_zscore_dataset	reviewer_minimal_retrieval_dataset_pair	target_individual_fraction_below_observed	target_individual_fraction_below_observed	0.8129883177967543	0.7396062733345677	0.871746309697179	0.06607001818130565	bca	ok	0.95	2000	2000	372	372	68	query_pubchem_cid	direction,cell_type,time_key	direction	95% BCa bootstrap CI clustered by PubChem compound; uncertainty is over the observed compound panel, not broader chemical space.
l1000_phase2	cigs_mce	logFC	strict_matched_condition	spearman	per_gene_population_zscore_dataset	reviewer_minimal_retrieval_dataset_pair	target_individual_corrected_percentile	target_individual_corrected_percentile	0.8137159946244877	0.7431462847901733	0.8729257493003717	0.0648897322550992	bca	ok	0.95	2000	2000	372	372	68	query_pubchem_cid	direction,cell_type,time_key	direction	95% BCa bootstrap CI clustered by PubChem compound; uncertainty is over the observed compound panel, not broader chemical space.
l1000_phase2	cigs_mce	logFC	strict_matched_condition	spearman	per_gene_population_zscore_dataset	reviewer_minimal_retrieval_dataset_pair	source_centroid_similarity	source_centroid_similarity	0.2983749343627705	0.2651047240454426	0.3297875829825497	0.032341429468553534	bca	ok	0.95	2000	2000	372	372	68	query_pubchem_cid	direction,cell_type,time_key	direction	95% BCa bootstrap CI clustered by PubChem compound; uncertainty is over the observed compound panel, not broader chemical space.
l1000_phase2	cigs_mce	logFC	strict_matched_condition	spearman	per_gene_population_zscore_dataset	reviewer_minimal_retrieval_dataset_pair	source_centroid_normalized_rank	source_centroid_normalized_rank	0.8060072832035301	0.7595441795149777	0.843806032680864	0.04213092658294315	bca	ok	0.95	2000	2000	372	372	68	query_pubchem_cid	direction,cell_type,time_key	direction	95% BCa bootstrap CI clustered by PubChem compound; uncertainty is over the observed compound panel, not broader chemical space.
l1000_phase2	cigs_mce	logFC	strict_matched_condition	spearman	per_gene_population_zscore_dataset	reviewer_minimal_retrieval_dataset_pair	source_centroid_recall_at_1	source_centroid_recall_at_1	0.4747541931752458	0.416053386501946	0.5345454737875608	0.05924604364280739	bca	ok	0.95	2000	2000	372	372	68	query_pubchem_cid	direction,cell_type,time_key	direction	95% BCa bootstrap CI clustered by PubChem compound; uncertainty is over the observed compound panel, not broader chemical space.
l1000_phase2	cigs_mce	logFC	strict_matched_condition	spearman	per_gene_population_zscore_dataset	reviewer_minimal_retrieval_dataset_pair	source_centroid_auroc	source_centroid_auroc	0.8060072832035301	0.7627040454802891	0.8440511384074514	0.04067354646358112	bca	ok	0.95	2000	2000	372	372	68	query_pubchem_cid	direction,cell_type,time_key	direction	95% BCa bootstrap CI clustered by PubChem compound; uncertainty is over the observed compound panel, not broader chemical space.
l1000_phase2	cigs_mce	logFC	strict_matched_condition	spearman	per_gene_population_zscore_dataset	reviewer_minimal_retrieval_dataset_pair	target_centroid_similarity	target_centroid_similarity	0.13849538127678798	0.1120178500335009	0.16179648736757196	0.02488931866703553	bca	ok	0.95	2000	2000	372	372	68	query_pubchem_cid	direction,cell_type,time_key	direction	95% BCa bootstrap CI clustered by PubChem compound; uncertainty is over the observed compound panel, not broader chemical space.
l1000_phase2	cigs_mce	logFC	strict_matched_condition	spearman	per_gene_population_zscore_dataset	reviewer_minimal_retrieval_dataset_pair	target_centroid_normalized_rank	target_centroid_normalized_rank	0.8193431526788629	0.76438821567991	0.8570344231980346	0.04632310375906229	bca	ok	0.95	2000	2000	372	372	68	query_pubchem_cid	direction,cell_type,time_key	direction	95% BCa bootstrap CI clustered by PubChem compound; uncertainty is over the observed compound panel, not broader chemical space.
l1000_phase2	cigs_mce	logFC	strict_matched_condition	spearman	per_gene_population_zscore_dataset	reviewer_minimal_retrieval_dataset_pair	target_centroid_recall_at_1	target_centroid_recall_at_1	0.005494505494505495	0.0	0.03388400334582216	0.01694200167291108	bca	ok	0.95	2000	2000	372	372	68	query_pubchem_cid	direction,cell_type,time_key	direction	95% BCa bootstrap CI clustered by PubChem compound; uncertainty is over the observed compound panel, not broader chemical space.
l1000_phase2	cigs_mce	logFC	strict_matched_condition	spearman	per_gene_population_zscore_dataset	reviewer_minimal_retrieval_dataset_pair	target_centroid_auroc	target_centroid_auroc	0.8193431526788629	0.7648636999418987	0.8584280409673725	0.046782170512736865	bca	ok	0.95	2000	2000	372	372	68	query_pubchem_cid	direction,cell_type,time_key	direction	95% BCa bootstrap CI clustered by PubChem compound; uncertainty is over the observed compound panel, not broader chemical space.
l1000_phase2	cigs_mce	logFC	strict_matched_condition	spearman	per_gene_population_zscore_dataset	reviewer_minimal_retrieval_dataset_pair	source_peer_normalized_rank	source_peer_normalized_rank	0.6267623807401059	0.6075867218037844	0.6413790232252483	0.016896150710731972	bca	ok	0.95	2000	2000	372	372	68	query_pubchem_cid	direction,cell_type,time_key	direction	95% BCa bootstrap CI clustered by PubChem compound; uncertainty is over the observed compound panel, not broader chemical space.
l1000_phase2	cigs_mce	logFC	strict_matched_condition	spearman	per_gene_population_zscore_dataset	reviewer_minimal_retrieval_dataset_pair	target_peer_normalized_rank	target_peer_normalized_rank	0.5556751112762637	0.5439300403174239	0.5648427670491609	0.010456363365868526	bca	ok	0.95	2000	2000	372	372	68	query_pubchem_cid	direction,cell_type,time_key	direction	95% BCa bootstrap CI clustered by PubChem compound; uncertainty is over the observed compound panel, not broader chemical space.
l1000_phase2	cigs_mce	logFC	strict_matched_condition	spearman	per_gene_population_zscore_dataset	reviewer_minimal_retrieval_dataset_pair	delta_vs_source_peer_normalized_rank	delta_vs_source_peer_normalized_rank	0.20175167234234614	0.12045282664997028	0.26150220367597965	0.07052468851300468	bca	ok	0.95	2000	2000	372	372	68	query_pubchem_cid	direction,cell_type,time_key	direction	95% BCa bootstrap CI clustered by PubChem compound; uncertainty is over the observed compound panel, not broader chemical space.
l1000_phase2	cigs_mce	logFC	strict_matched_condition	spearman	per_gene_population_zscore_dataset	reviewer_minimal_retrieval_dataset_pair	delta_vs_target_peer_normalized_rank	delta_vs_target_peer_normalized_rank	0.2728389418061884	0.20523909042796423	0.32271570542189226	0.058738307496964015	bca	ok	0.95	2000	2000	372	372	68	query_pubchem_cid	direction,cell_type,time_key	direction	95% BCa bootstrap CI clustered by PubChem compound; uncertainty is over the observed compound panel, not broader chemical space.
l1000_phase2	cigs_mce	logFC	strict_matched_condition	spearman	per_gene_population_zscore_dataset	reviewer_minimal_retrieval_dataset_pair	target_decoy_null_normalized_best_positive_rank	target_decoy_null_normalized_best_positive_rank	0.7200502595301284	0.7045342855484634	0.7305783530324361	0.01302203374198635	bca	ok	0.95	2000	2000	372	372	68	query_pubchem_cid	direction,cell_type,time_key	direction	95% BCa bootstrap CI clustered by PubChem compound; uncertainty is over the observed compound panel, not broader chemical space.
l1000_phase2	cigs_mce	logFC	strict_matched_condition	spearman	per_gene_population_zscore_dataset	reviewer_minimal_retrieval_dataset_pair	delta_vs_target_decoy_null_normalized_best_positive_rank	delta_vs_target_decoy_null_normalized_best_positive_rank	0.10846379355232347	0.03349531981741549	0.16046840414260594	0.06348654216259522	bca	ok	0.95	2000	2000	372	372	68	query_pubchem_cid	direction,cell_type,time_key	direction	95% BCa bootstrap CI clustered by PubChem compound; uncertainty is over the observed compound panel, not broader chemical space.
l1000_phase2	cigs_mce	logFC	strict_matched_condition	spearman	raw	reviewer_minimal_retrieval_dataset_pair	observed_normalized_best_positive_rank	observed_normalized_best_positive_rank	0.8296351201375926	0.7612756107138499	0.8815839475652482	0.06015416842569915	bca	ok	0.95	2000	2000	372	372	68	query_pubchem_cid	direction,cell_type,time_key	direction	95% BCa bootstrap CI clustered by PubChem compound; uncertainty is over the observed compound panel, not broader chemical space.
l1000_phase2	cigs_mce	logFC	strict_matched_condition	spearman	raw	reviewer_minimal_retrieval_dataset_pair	observed_recall_at_1	observed_recall_at_1	0.2281954887218045	0.15061498949647428	0.3231573341646245	0.08627117233407511	bca	ok	0.95	2000	2000	372	372	68	query_pubchem_cid	direction,cell_type,time_key	direction	95% BCa bootstrap CI clustered by PubChem compound; uncertainty is over the observed compound panel, not broader chemical space.
l1000_phase2	cigs_mce	logFC	strict_matched_condition	spearman	raw	reviewer_minimal_retrieval_dataset_pair	observed_auroc	observed_auroc	0.8294723297451334	0.7563075108986183	0.8825535511175296	0.0631230201094557	bca	ok	0.95	2000	2000	372	372	68	query_pubchem_cid	direction,cell_type,time_key	direction	95% BCa bootstrap CI clustered by PubChem compound; uncertainty is over the observed compound panel, not broader chemical space.
l1000_phase2	cigs_mce	logFC	strict_matched_condition	spearman	raw	reviewer_minimal_retrieval_dataset_pair	observed_best_positive_similarity	observed_best_positive_similarity	0.253288612155889	0.20718667077537248	0.30009914945297855	0.04645623933880304	bca	ok	0.95	2000	2000	372	372	68	query_pubchem_cid	direction,cell_type,time_key	direction	95% BCa bootstrap CI clustered by PubChem compound; uncertainty is over the observed compound panel, not broader chemical space.
l1000_phase2	cigs_mce	logFC	strict_matched_condition	spearman	raw	reviewer_minimal_retrieval_dataset_pair	random_normalized_best_positive_rank	random_normalized_best_positive_rank					not_estimable	too_few_clusters_or_values	0.95	2000	0	372	0	0	query_pubchem_cid	direction,cell_type,time_key	direction	95% BCa bootstrap CI clustered by PubChem compound; uncertainty is over the observed compound panel, not broader chemical space.
l1000_phase2	cigs_mce	logFC	strict_matched_condition	spearman	raw	reviewer_minimal_retrieval_dataset_pair	random_recall_at_1	random_recall_at_1					not_estimable	too_few_clusters_or_values	0.95	2000	0	372	0	0	query_pubchem_cid	direction,cell_type,time_key	direction	95% BCa bootstrap CI clustered by PubChem compound; uncertainty is over the observed compound panel, not broader chemical space.
l1000_phase2	cigs_mce	logFC	strict_matched_condition	spearman	raw	reviewer_minimal_retrieval_dataset_pair	random_auroc	random_auroc					not_estimable	too_few_clusters_or_values	0.95	2000	0	372	0	0	query_pubchem_cid	direction,cell_type,time_key	direction	95% BCa bootstrap CI clustered by PubChem compound; uncertainty is over the observed compound panel, not broader chemical space.
l1000_phase2	cigs_mce	logFC	strict_matched_condition	spearman	raw	reviewer_minimal_retrieval_dataset_pair	delta_vs_random_normalized_best_positive_rank	delta_vs_random_normalized_best_positive_rank	0.10958486060746411	0.04175943095550905	0.15940512176559102	0.058822845405040985	bca	ok	0.95	2000	2000	372	372	68	query_pubchem_cid	direction,cell_type,time_key	direction	95% BCa bootstrap CI clustered by PubChem compound; uncertainty is over the observed compound panel, not broader chemical space.
l1000_phase2	cigs_mce	logFC	strict_matched_condition	spearman	raw	reviewer_minimal_retrieval_dataset_pair	source_individual_n_peers	source_individual_n_peers	255.9842105263158	255.9267626632618	256.0	0.036618668369101215	bca	ok	0.95	2000	2000	372	372	68	query_pubchem_cid	direction,cell_type,time_key	direction	95% BCa bootstrap CI clustered by PubChem compound; uncertainty is over the observed compound panel, not broader chemical space.
l1000_phase2	cigs_mce	logFC	strict_matched_condition	spearman	raw	reviewer_minimal_retrieval_dataset_pair	source_individual_mean_similarity	source_individual_mean_similarity	0.18608899816230742	0.17016046590287334	0.2015176258067147	0.01567857995192068	bca	ok	0.95	2000	2000	372	372	68	query_pubchem_cid	direction,cell_type,time_key	direction	95% BCa bootstrap CI clustered by PubChem compound; uncertainty is over the observed compound panel, not broader chemical space.
l1000_phase2	cigs_mce	logFC	strict_matched_condition	spearman	raw	reviewer_minimal_retrieval_dataset_pair	source_individual_sd_similarity	source_individual_sd_similarity	0.1297455166432049	0.12373759236444681	0.13600929335975673	0.006135850497654957	bca	ok	0.95	2000	2000	372	372	68	query_pubchem_cid	direction,cell_type,time_key	direction	95% BCa bootstrap CI clustered by PubChem compound; uncertainty is over the observed compound panel, not broader chemical space.
l1000_phase2	cigs_mce	logFC	strict_matched_condition	spearman	raw	reviewer_minimal_retrieval_dataset_pair	source_individual_n_below_observed	source_individual_n_below_observed	149.5192018507808	130.94315479701208	167.63424896699394	18.345547084990926	bca	ok	0.95	2000	2000	372	372	68	query_pubchem_cid	direction,cell_type,time_key	direction	95% BCa bootstrap CI clustered by PubChem compound; uncertainty is over the observed compound panel, not broader chemical space.
l1000_phase2	cigs_mce	logFC	strict_matched_condition	spearman	raw	reviewer_minimal_retrieval_dataset_pair	source_individual_fraction_below_observed	source_individual_fraction_below_observed	0.5841106593193958	0.5116005097542152	0.6500305504699873	0.06921502035788601	bca	ok	0.95	2000	2000	372	372	68	query_pubchem_cid	direction,cell_type,time_key	direction	95% BCa bootstrap CI clustered by PubChem compound; uncertainty is over the observed compound panel, not broader chemical space.
l1000_phase2	cigs_mce	logFC	strict_matched_condition	spearman	raw	reviewer_minimal_retrieval_dataset_pair	source_individual_corrected_percentile	source_individual_corrected_percentile	0.5857289462502221	0.5183257545389134	0.6556063878417863	0.06864031665143644	bca	ok	0.95	2000	2000	372	372	68	query_pubchem_cid	direction,cell_type,time_key	direction	95% BCa bootstrap CI clustered by PubChem compound; uncertainty is over the observed compound panel, not broader chemical space.
l1000_phase2	cigs_mce	logFC	strict_matched_condition	spearman	raw	reviewer_minimal_retrieval_dataset_pair	target_individual_n_peers	target_individual_n_peers	255.99175824175825	255.95838561628548	256.0	0.020807191857258545	bca	ok	0.95	2000	2000	372	372	68	query_pubchem_cid	direction,cell_type,time_key	direction	95% BCa bootstrap CI clustered by PubChem compound; uncertainty is over the observed compound panel, not broader chemical space.
l1000_phase2	cigs_mce	logFC	strict_matched_condition	spearman	raw	reviewer_minimal_retrieval_dataset_pair	target_individual_mean_similarity	target_individual_mean_similarity	0.08303943471434301	0.07173074999863847	0.09500210442356355	0.011635677212462538	bca	ok	0.95	2000	2000	372	372	68	query_pubchem_cid	direction,cell_type,time_key	direction	95% BCa bootstrap CI clustered by PubChem compound; uncertainty is over the observed compound panel, not broader chemical space.
l1000_phase2	cigs_mce	logFC	strict_matched_condition	spearman	raw	reviewer_minimal_retrieval_dataset_pair	target_individual_sd_similarity	target_individual_sd_similarity	0.07592406654730172	0.07076044950099523	0.08104577903362722	0.005142664766315995	bca	ok	0.95	2000	2000	372	372	68	query_pubchem_cid	direction,cell_type,time_key	direction	95% BCa bootstrap CI clustered by PubChem compound; uncertainty is over the observed compound panel, not broader chemical space.
l1000_phase2	cigs_mce	logFC	strict_matched_condition	spearman	raw	reviewer_minimal_retrieval_dataset_pair	target_individual_n_below_observed	target_individual_n_below_observed	204.30297860034702	183.5402589374365	219.0573648111816	17.758552936872547	bca	ok	0.95	2000	2000	372	372	68	query_pubchem_cid	direction,cell_type,time_key	direction	95% BCa bootstrap CI clustered by PubChem compound; uncertainty is over the observed compound panel, not broader chemical space.
l1000_phase2	cigs_mce	logFC	strict_matched_condition	spearman	raw	reviewer_minimal_retrieval_dataset_pair	target_individual_fraction_below_observed	target_individual_fraction_below_observed	0.7980899470111932	0.7240556375532958	0.8601664940971727	0.06805542827193845	bca	ok	0.95	2000	2000	372	372	68	query_pubchem_cid	direction,cell_type,time_key	direction	95% BCa bootstrap CI clustered by PubChem compound; uncertainty is over the observed compound panel, not broader chemical space.
l1000_phase2	cigs_mce	logFC	strict_matched_condition	spearman	raw	reviewer_minimal_retrieval_dataset_pair	target_individual_corrected_percentile	target_individual_corrected_percentile	0.7988755921882487	0.7242411377752849	0.8616042749016709	0.06868156856319302	bca	ok	0.95	2000	2000	372	372	68	query_pubchem_cid	direction,cell_type,time_key	direction	95% BCa bootstrap CI clustered by PubChem compound; uncertainty is over the observed compound panel, not broader chemical space.
l1000_phase2	cigs_mce	logFC	strict_matched_condition	spearman	raw	reviewer_minimal_retrieval_dataset_pair	source_centroid_similarity	source_centroid_similarity	0.41727332156426167	0.384024684673474	0.44856777197242853	0.03227154364947726	bca	ok	0.95	2000	2000	372	372	68	query_pubchem_cid	direction,cell_type,time_key	direction	95% BCa bootstrap CI clustered by PubChem compound; uncertainty is over the observed compound panel, not broader chemical space.
l1000_phase2	cigs_mce	logFC	strict_matched_condition	spearman	raw	reviewer_minimal_retrieval_dataset_pair	source_centroid_normalized_rank	source_centroid_normalized_rank	0.9512142883754404	0.9133792631184579	0.9714330706386055	0.02902690376007383	bca	ok	0.95	2000	2000	372	372	68	query_pubchem_cid	direction,cell_type,time_key	direction	95% BCa bootstrap CI clustered by PubChem compound; uncertainty is over the observed compound panel, not broader chemical space.
l1000_phase2	cigs_mce	logFC	strict_matched_condition	spearman	raw	reviewer_minimal_retrieval_dataset_pair	source_centroid_recall_at_1	source_centroid_recall_at_1	0.6519375361480625	0.5833235461013562	0.7205029942310737	0.06858972406485875	bca	ok	0.95	2000	2000	372	372	68	query_pubchem_cid	direction,cell_type,time_key	direction	95% BCa bootstrap CI clustered by PubChem compound; uncertainty is over the observed compound panel, not broader chemical space.
l1000_phase2	cigs_mce	logFC	strict_matched_condition	spearman	raw	reviewer_minimal_retrieval_dataset_pair	source_centroid_auroc	source_centroid_auroc	0.9512142883754404	0.9108450645890181	0.9718117852438684	0.030483360327425102	bca	ok	0.95	2000	2000	372	372	68	query_pubchem_cid	direction,cell_type,time_key	direction	95% BCa bootstrap CI clustered by PubChem compound; uncertainty is over the observed compound panel, not broader chemical space.
l1000_phase2	cigs_mce	logFC	strict_matched_condition	spearman	raw	reviewer_minimal_retrieval_dataset_pair	target_centroid_similarity	target_centroid_similarity	0.2046188782031999	0.17663370750477778	0.23143164676556474	0.027398969630393483	bca	ok	0.95	2000	2000	372	372	68	query_pubchem_cid	direction,cell_type,time_key	direction	95% BCa bootstrap CI clustered by PubChem compound; uncertainty is over the observed compound panel, not broader chemical space.
l1000_phase2	cigs_mce	logFC	strict_matched_condition	spearman	raw	reviewer_minimal_retrieval_dataset_pair	target_centroid_normalized_rank	target_centroid_normalized_rank	0.9005805367591455	0.858581305566756	0.9239080549808034	0.032663374707023685	bca	ok	0.95	2000	2000	372	372	68	query_pubchem_cid	direction,cell_type,time_key	direction	95% BCa bootstrap CI clustered by PubChem compound; uncertainty is over the observed compound panel, not broader chemical space.
l1000_phase2	cigs_mce	logFC	strict_matched_condition	spearman	raw	reviewer_minimal_retrieval_dataset_pair	target_centroid_recall_at_1	target_centroid_recall_at_1	0.02197802197802198	0.005376344086021506	0.058616244310943484	0.02661995011246099	bca	ok	0.95	2000	2000	372	372	68	query_pubchem_cid	direction,cell_type,time_key	direction	95% BCa bootstrap CI clustered by PubChem compound; uncertainty is over the observed compound panel, not broader chemical space.
l1000_phase2	cigs_mce	logFC	strict_matched_condition	spearman	raw	reviewer_minimal_retrieval_dataset_pair	target_centroid_auroc	target_centroid_auroc	0.9005805367591455	0.8625939034749665	0.9266113773206506	0.03200873692284206	bca	ok	0.95	2000	2000	372	372	68	query_pubchem_cid	direction,cell_type,time_key	direction	95% BCa bootstrap CI clustered by PubChem compound; uncertainty is over the observed compound panel, not broader chemical space.
l1000_phase2	cigs_mce	logFC	strict_matched_condition	spearman	raw	reviewer_minimal_retrieval_dataset_pair	source_peer_normalized_rank	source_peer_normalized_rank	0.7150609771263228	0.6931726787148963	0.7334815959279006	0.020154458606502168	bca	ok	0.95	2000	2000	372	372	68	query_pubchem_cid	direction,cell_type,time_key	direction	95% BCa bootstrap CI clustered by PubChem compound; uncertainty is over the observed compound panel, not broader chemical space.
l1000_phase2	cigs_mce	logFC	strict_matched_condition	spearman	raw	reviewer_minimal_retrieval_dataset_pair	target_peer_normalized_rank	target_peer_normalized_rank	0.5733471819479314	0.5668308997252066	0.579130536189995	0.0061498182323941886	bca	ok	0.95	2000	2000	372	372	68	query_pubchem_cid	direction,cell_type,time_key	direction	95% BCa bootstrap CI clustered by PubChem compound; uncertainty is over the observed compound panel, not broader chemical space.
l1000_phase2	cigs_mce	logFC	strict_matched_condition	spearman	raw	reviewer_minimal_retrieval_dataset_pair	delta_vs_source_peer_normalized_rank	delta_vs_source_peer_normalized_rank	0.11457414301126988	0.034414282214816405	0.18001019800749826	0.07279795789634093	bca	ok	0.95	2000	2000	372	372	68	query_pubchem_cid	direction,cell_type,time_key	direction	95% BCa bootstrap CI clustered by PubChem compound; uncertainty is over the observed compound panel, not broader chemical space.
l1000_phase2	cigs_mce	logFC	strict_matched_condition	spearman	raw	reviewer_minimal_retrieval_dataset_pair	delta_vs_target_peer_normalized_rank	delta_vs_target_peer_normalized_rank	0.2562879381896611	0.18612377368038302	0.3054670939352051	0.05967166012741104	bca	ok	0.95	2000	2000	372	372	68	query_pubchem_cid	direction,cell_type,time_key	direction	95% BCa bootstrap CI clustered by PubChem compound; uncertainty is over the observed compound panel, not broader chemical space.
l1000_phase2	cigs_mce	logFC	strict_matched_condition	spearman	raw	reviewer_minimal_retrieval_dataset_pair	target_decoy_null_normalized_best_positive_rank	target_decoy_null_normalized_best_positive_rank	0.7200502595301284	0.7066336279898489	0.7317933531424481	0.012579862576299616	bca	ok	0.95	2000	2000	372	372	68	query_pubchem_cid	direction,cell_type,time_key	direction	95% BCa bootstrap CI clustered by PubChem compound; uncertainty is over the observed compound panel, not broader chemical space.
l1000_phase2	cigs_mce	logFC	strict_matched_condition	spearman	raw	reviewer_minimal_retrieval_dataset_pair	delta_vs_target_decoy_null_normalized_best_positive_rank	delta_vs_target_decoy_null_normalized_best_positive_rank	0.10958486060746411	0.043781837024720605	0.1606684142396735	0.058443288607476454	bca	ok	0.95	2000	2000	372	372	68	query_pubchem_cid	direction,cell_type,time_key	direction	95% BCa bootstrap CI clustered by PubChem compound; uncertainty is over the observed compound panel, not broader chemical space.
l1000_phase2	sciplex	logFC	strict_matched_condition	cosine	per_gene_population_zscore_dataset	reviewer_minimal_retrieval_dataset_pair	observed_normalized_best_positive_rank	observed_normalized_best_positive_rank	0.7527399049207415	0.7159219392070826	0.7887462369757824	0.036412148884349904	bca	ok	0.95	2000	2000	2323	2323	83	query_pubchem_cid	direction,cell_type,time_key	direction	95% BCa bootstrap CI clustered by PubChem compound; uncertainty is over the observed compound panel, not broader chemical space.
l1000_phase2	sciplex	logFC	strict_matched_condition	cosine	per_gene_population_zscore_dataset	reviewer_minimal_retrieval_dataset_pair	observed_recall_at_1	observed_recall_at_1	0.06058523194960557	0.03874039072796525	0.08796208874355332	0.024610849007794037	bca	ok	0.95	2000	2000	2323	2323	83	query_pubchem_cid	direction,cell_type,time_key	direction	95% BCa bootstrap CI clustered by PubChem compound; uncertainty is over the observed compound panel, not broader chemical space.
l1000_phase2	sciplex	logFC	strict_matched_condition	cosine	per_gene_population_zscore_dataset	reviewer_minimal_retrieval_dataset_pair	observed_auroc	observed_auroc	0.7523345120061773	0.7142238329178856	0.7895011316762998	0.03763864937920708	bca	ok	0.95	2000	2000	2323	2323	83	query_pubchem_cid	direction,cell_type,time_key	direction	95% BCa bootstrap CI clustered by PubChem compound; uncertainty is over the observed compound panel, not broader chemical space.
l1000_phase2	sciplex	logFC	strict_matched_condition	cosine	per_gene_population_zscore_dataset	reviewer_minimal_retrieval_dataset_pair	observed_best_positive_similarity	observed_best_positive_similarity	0.09775190703206507	0.0751189028811789	0.1317982688861544	0.02833968300248775	bca	ok	0.95	2000	2000	2323	2323	83	query_pubchem_cid	direction,cell_type,time_key	direction	95% BCa bootstrap CI clustered by PubChem compound; uncertainty is over the observed compound panel, not broader chemical space.
l1000_phase2	sciplex	logFC	strict_matched_condition	cosine	per_gene_population_zscore_dataset	reviewer_minimal_retrieval_dataset_pair	random_normalized_best_positive_rank	random_normalized_best_positive_rank					not_estimable	too_few_clusters_or_values	0.95	2000	0	2323	0	0	query_pubchem_cid	direction,cell_type,time_key	direction	95% BCa bootstrap CI clustered by PubChem compound; uncertainty is over the observed compound panel, not broader chemical space.
l1000_phase2	sciplex	logFC	strict_matched_condition	cosine	per_gene_population_zscore_dataset	reviewer_minimal_retrieval_dataset_pair	random_recall_at_1	random_recall_at_1					not_estimable	too_few_clusters_or_values	0.95	2000	0	2323	0	0	query_pubchem_cid	direction,cell_type,time_key	direction	95% BCa bootstrap CI clustered by PubChem compound; uncertainty is over the observed compound panel, not broader chemical space.
l1000_phase2	sciplex	logFC	strict_matched_condition	cosine	per_gene_population_zscore_dataset	reviewer_minimal_retrieval_dataset_pair	random_auroc	random_auroc					not_estimable	too_few_clusters_or_values	0.95	2000	0	2323	0	0	query_pubchem_cid	direction,cell_type,time_key	direction	95% BCa bootstrap CI clustered by PubChem compound; uncertainty is over the observed compound panel, not broader chemical space.
l1000_phase2	sciplex	logFC	strict_matched_condition	cosine	per_gene_population_zscore_dataset	reviewer_minimal_retrieval_dataset_pair	delta_vs_random_normalized_best_positive_rank	delta_vs_random_normalized_best_positive_rank	0.023417401651303345	-0.014730614002455312	0.061361658773953394	0.03804613638820435	bca	ok	0.95	2000	2000	2323	2323	83	query_pubchem_cid	direction,cell_type,time_key	direction	95% BCa bootstrap CI clustered by PubChem compound; uncertainty is over the observed compound panel, not broader chemical space.
l1000_phase2	sciplex	logFC	strict_matched_condition	cosine	per_gene_population_zscore_dataset	reviewer_minimal_retrieval_dataset_pair	source_individual_n_peers	source_individual_n_peers	204.16139629165582	202.7184003444254	205.4406055991137	1.3611026273441524	bca	ok	0.95	2000	2000	2323	2323	83	query_pubchem_cid	direction,cell_type,time_key	direction	95% BCa bootstrap CI clustered by PubChem compound; uncertainty is over the observed compound panel, not broader chemical space.
l1000_phase2	sciplex	logFC	strict_matched_condition	cosine	per_gene_population_zscore_dataset	reviewer_minimal_retrieval_dataset_pair	source_individual_mean_similarity	source_individual_mean_similarity	0.034740688380478224	0.030173033053677863	0.0394555753804825	0.004641271163402318	bca	ok	0.95	2000	2000	2323	2323	83	query_pubchem_cid	direction,cell_type,time_key	direction	95% BCa bootstrap CI clustered by PubChem compound; uncertainty is over the observed compound panel, not broader chemical space.
l1000_phase2	sciplex	logFC	strict_matched_condition	cosine	per_gene_population_zscore_dataset	reviewer_minimal_retrieval_dataset_pair	source_individual_sd_similarity	source_individual_sd_similarity	0.10764058521786676	0.103255655225841	0.11322503733151586	0.004984691052837428	bca	ok	0.95	2000	2000	2323	2323	83	query_pubchem_cid	direction,cell_type,time_key	direction	95% BCa bootstrap CI clustered by PubChem compound; uncertainty is over the observed compound panel, not broader chemical space.
l1000_phase2	sciplex	logFC	strict_matched_condition	cosine	per_gene_population_zscore_dataset	reviewer_minimal_retrieval_dataset_pair	source_individual_n_below_observed	source_individual_n_below_observed	129.3476631679107	121.82261845772666	137.49096749085592	7.83417451656463	bca	ok	0.95	2000	2000	2323	2323	83	query_pubchem_cid	direction,cell_type,time_key	direction	95% BCa bootstrap CI clustered by PubChem compound; uncertainty is over the observed compound panel, not broader chemical space.
l1000_phase2	sciplex	logFC	strict_matched_condition	cosine	per_gene_population_zscore_dataset	reviewer_minimal_retrieval_dataset_pair	source_individual_fraction_below_observed	source_individual_fraction_below_observed	0.6284049953933991	0.5950975005732515	0.6639133137102297	0.03440790656848908	bca	ok	0.95	2000	2000	2323	2323	83	query_pubchem_cid	direction,cell_type,time_key	direction	95% BCa bootstrap CI clustered by PubChem compound; uncertainty is over the observed compound panel, not broader chemical space.
l1000_phase2	sciplex	logFC	strict_matched_condition	cosine	per_gene_population_zscore_dataset	reviewer_minimal_retrieval_dataset_pair	source_individual_corrected_percentile	source_individual_corrected_percentile	0.6303613830923216	0.5956040542975343	0.6728236406872785	0.03860979319487212	bca	ok	0.95	2000	2000	2323	2323	83	query_pubchem_cid	direction,cell_type,time_key	direction	95% BCa bootstrap CI clustered by PubChem compound; uncertainty is over the observed compound panel, not broader chemical space.
l1000_phase2	sciplex	logFC	strict_matched_condition	cosine	per_gene_population_zscore_dataset	reviewer_minimal_retrieval_dataset_pair	target_individual_n_peers	target_individual_n_peers	203.36329942234084	201.92085386725168	204.75846382394718	1.418804978347751	bca	ok	0.95	2000	2000	2323	2323	83	query_pubchem_cid	direction,cell_type,time_key	direction	95% BCa bootstrap CI clustered by PubChem compound; uncertainty is over the observed compound panel, not broader chemical space.
l1000_phase2	sciplex	logFC	strict_matched_condition	cosine	per_gene_population_zscore_dataset	reviewer_minimal_retrieval_dataset_pair	target_individual_mean_similarity	target_individual_mean_similarity	0.007057863566871529	0.004432963403666415	0.00981622998893584	0.0026916332926347126	bca	ok	0.95	2000	2000	2323	2323	83	query_pubchem_cid	direction,cell_type,time_key	direction	95% BCa bootstrap CI clustered by PubChem compound; uncertainty is over the observed compound panel, not broader chemical space.
l1000_phase2	sciplex	logFC	strict_matched_condition	cosine	per_gene_population_zscore_dataset	reviewer_minimal_retrieval_dataset_pair	target_individual_sd_similarity	target_individual_sd_similarity	0.0551815087029492	0.051327181283373095	0.059884997498550745	0.004278908107588825	bca	ok	0.95	2000	2000	2323	2323	83	query_pubchem_cid	direction,cell_type,time_key	direction	95% BCa bootstrap CI clustered by PubChem compound; uncertainty is over the observed compound panel, not broader chemical space.
l1000_phase2	sciplex	logFC	strict_matched_condition	cosine	per_gene_population_zscore_dataset	reviewer_minimal_retrieval_dataset_pair	target_individual_n_below_observed	target_individual_n_below_observed	153.1303826771528	144.8366826684221	160.81490379791566	7.989110564746781	bca	ok	0.95	2000	2000	2323	2323	83	query_pubchem_cid	direction,cell_type,time_key	direction	95% BCa bootstrap CI clustered by PubChem compound; uncertainty is over the observed compound panel, not broader chemical space.
l1000_phase2	sciplex	logFC	strict_matched_condition	cosine	per_gene_population_zscore_dataset	reviewer_minimal_retrieval_dataset_pair	target_individual_fraction_below_observed	target_individual_fraction_below_observed	0.7461607284451861	0.7084393389060111	0.787211837094227	0.039386249094107983	bca	ok	0.95	2000	2000	2323	2323	83	query_pubchem_cid	direction,cell_type,time_key	direction	95% BCa bootstrap CI clustered by PubChem compound; uncertainty is over the observed compound panel, not broader chemical space.
l1000_phase2	sciplex	logFC	strict_matched_condition	cosine	per_gene_population_zscore_dataset	reviewer_minimal_retrieval_dataset_pair	target_individual_corrected_percentile	target_individual_corrected_percentile	0.7475201126957164	0.7084838940145822	0.7854499267984185	0.038483016391918146	bca	ok	0.95	2000	2000	2323	2323	83	query_pubchem_cid	direction,cell_type,time_key	direction	95% BCa bootstrap CI clustered by PubChem compound; uncertainty is over the observed compound panel, not broader chemical space.
l1000_phase2	sciplex	logFC	strict_matched_condition	cosine	per_gene_population_zscore_dataset	reviewer_minimal_retrieval_dataset_pair	source_centroid_similarity	source_centroid_similarity	0.13979222518831202	0.11758531901576622	0.16372608657813184	0.023070383781182813	bca	ok	0.95	2000	2000	2323	2323	83	query_pubchem_cid	direction,cell_type,time_key	direction	95% BCa bootstrap CI clustered by PubChem compound; uncertainty is over the observed compound panel, not broader chemical space.
l1000_phase2	sciplex	logFC	strict_matched_condition	cosine	per_gene_population_zscore_dataset	reviewer_minimal_retrieval_dataset_pair	source_centroid_normalized_rank	source_centroid_normalized_rank	0.8260975600057138	0.7879937530600674	0.8589269583899612	0.035466602664946945	bca	ok	0.95	2000	2000	2323	2323	83	query_pubchem_cid	direction,cell_type,time_key	direction	95% BCa bootstrap CI clustered by PubChem compound; uncertainty is over the observed compound panel, not broader chemical space.
l1000_phase2	sciplex	logFC	strict_matched_condition	cosine	per_gene_population_zscore_dataset	reviewer_minimal_retrieval_dataset_pair	source_centroid_recall_at_1	source_centroid_recall_at_1	0.3173893086126499	0.275349357561857	0.3586035432646795	0.04162709285141125	bca	ok	0.95	2000	2000	2323	2323	83	query_pubchem_cid	direction,cell_type,time_key	direction	95% BCa bootstrap CI clustered by PubChem compound; uncertainty is over the observed compound panel, not broader chemical space.
l1000_phase2	sciplex	logFC	strict_matched_condition	cosine	per_gene_population_zscore_dataset	reviewer_minimal_retrieval_dataset_pair	source_centroid_auroc	source_centroid_auroc	0.8260975600057138	0.7916619053888222	0.8573757719114589	0.03285693326131833	bca	ok	0.95	2000	2000	2323	2323	83	query_pubchem_cid	direction,cell_type,time_key	direction	95% BCa bootstrap CI clustered by PubChem compound; uncertainty is over the observed compound panel, not broader chemical space.
l1000_phase2	sciplex	logFC	strict_matched_condition	cosine	per_gene_population_zscore_dataset	reviewer_minimal_retrieval_dataset_pair	target_centroid_similarity	target_centroid_similarity	0.032503022716146156	0.018136006075542593	0.0487876251266662	0.015325809525561803	bca	ok	0.95	2000	2000	2323	2323	83	query_pubchem_cid	direction,cell_type,time_key	direction	95% BCa bootstrap CI clustered by PubChem compound; uncertainty is over the observed compound panel, not broader chemical space.
l1000_phase2	sciplex	logFC	strict_matched_condition	cosine	per_gene_population_zscore_dataset	reviewer_minimal_retrieval_dataset_pair	target_centroid_normalized_rank	target_centroid_normalized_rank	0.5538539708139865	0.5099980622228713	0.5950125261486223	0.042507231962875536	bca	ok	0.95	2000	2000	2323	2323	83	query_pubchem_cid	direction,cell_type,time_key	direction	95% BCa bootstrap CI clustered by PubChem compound; uncertainty is over the observed compound panel, not broader chemical space.
l1000_phase2	sciplex	logFC	strict_matched_condition	cosine	per_gene_population_zscore_dataset	reviewer_minimal_retrieval_dataset_pair	target_centroid_recall_at_1	target_centroid_recall_at_1	0.0028375399845211712	0.0	0.010210030124379406	0.005105015062189703	bca	ok	0.95	2000	2000	2323	2323	83	query_pubchem_cid	direction,cell_type,time_key	direction	95% BCa bootstrap CI clustered by PubChem compound; uncertainty is over the observed compound panel, not broader chemical space.
l1000_phase2	sciplex	logFC	strict_matched_condition	cosine	per_gene_population_zscore_dataset	reviewer_minimal_retrieval_dataset_pair	target_centroid_auroc	target_centroid_auroc	0.5538539708139865	0.5119382679995179	0.5955103102169766	0.041786021108729365	bca	ok	0.95	2000	2000	2323	2323	83	query_pubchem_cid	direction,cell_type,time_key	direction	95% BCa bootstrap CI clustered by PubChem compound; uncertainty is over the observed compound panel, not broader chemical space.
l1000_phase2	sciplex	logFC	strict_matched_condition	cosine	per_gene_population_zscore_dataset	reviewer_minimal_retrieval_dataset_pair	source_peer_normalized_rank	source_peer_normalized_rank	0.5749684838215858	0.5676642594689691	0.5826075366883483	0.007471638609689579	bca	ok	0.95	2000	2000	2323	2323	83	query_pubchem_cid	direction,cell_type,time_key	direction	95% BCa bootstrap CI clustered by PubChem compound; uncertainty is over the observed compound panel, not broader chemical space.
l1000_phase2	sciplex	logFC	strict_matched_condition	cosine	per_gene_population_zscore_dataset	reviewer_minimal_retrieval_dataset_pair	target_peer_normalized_rank	target_peer_normalized_rank	0.5142706329290887	0.5104906341857538	0.5187040118026907	0.004106688808468428	bca	ok	0.95	2000	2000	2323	2323	83	query_pubchem_cid	direction,cell_type,time_key	direction	95% BCa bootstrap CI clustered by PubChem compound; uncertainty is over the observed compound panel, not broader chemical space.
l1000_phase2	sciplex	logFC	strict_matched_condition	cosine	per_gene_population_zscore_dataset	reviewer_minimal_retrieval_dataset_pair	delta_vs_source_peer_normalized_rank	delta_vs_source_peer_normalized_rank	0.17777142109915534	0.13783038695486652	0.21561738084795673	0.038893496946545106	bca	ok	0.95	2000	2000	2323	2323	83	query_pubchem_cid	direction,cell_type,time_key	direction	95% BCa bootstrap CI clustered by PubChem compound; uncertainty is over the observed compound panel, not broader chemical space.
l1000_phase2	sciplex	logFC	strict_matched_condition	cosine	per_gene_population_zscore_dataset	reviewer_minimal_retrieval_dataset_pair	delta_vs_target_peer_normalized_rank	delta_vs_target_peer_normalized_rank	0.2384692719916527	0.20061126934135845	0.27705197743650045	0.038220354047571	bca	ok	0.95	2000	2000	2323	2323	83	query_pubchem_cid	direction,cell_type,time_key	direction	95% BCa bootstrap CI clustered by PubChem compound; uncertainty is over the observed compound panel, not broader chemical space.
l1000_phase2	sciplex	logFC	strict_matched_condition	cosine	per_gene_population_zscore_dataset	reviewer_minimal_retrieval_dataset_pair	target_decoy_null_normalized_best_positive_rank	target_decoy_null_normalized_best_positive_rank	0.7293225032694379	0.7251107599536486	0.7331228759318006	0.004006057989075995	bca	ok	0.95	2000	2000	2323	2323	83	query_pubchem_cid	direction,cell_type,time_key	direction	95% BCa bootstrap CI clustered by PubChem compound; uncertainty is over the observed compound panel, not broader chemical space.
l1000_phase2	sciplex	logFC	strict_matched_condition	cosine	per_gene_population_zscore_dataset	reviewer_minimal_retrieval_dataset_pair	delta_vs_target_decoy_null_normalized_best_positive_rank	delta_vs_target_decoy_null_normalized_best_positive_rank	0.023417401651303345	-0.016130256864855492	0.0599241494876173	0.038027203176236396	bca	ok	0.95	2000	2000	2323	2323	83	query_pubchem_cid	direction,cell_type,time_key	direction	95% BCa bootstrap CI clustered by PubChem compound; uncertainty is over the observed compound panel, not broader chemical space.
l1000_phase2	sciplex	logFC	strict_matched_condition	cosine	raw	reviewer_minimal_retrieval_dataset_pair	observed_normalized_best_positive_rank	observed_normalized_best_positive_rank	0.6969076230578132	0.6528564055581126	0.7465101283543779	0.046826861398132635	bca	ok	0.95	2000	2000	2323	2323	83	query_pubchem_cid	direction,cell_type,time_key	direction	95% BCa bootstrap CI clustered by PubChem compound; uncertainty is over the observed compound panel, not broader chemical space.
l1000_phase2	sciplex	logFC	strict_matched_condition	cosine	raw	reviewer_minimal_retrieval_dataset_pair	observed_recall_at_1	observed_recall_at_1	0.057151611886180745	0.03675013220519653	0.08450878158451888	0.023879324689661176	bca	ok	0.95	2000	2000	2323	2323	83	query_pubchem_cid	direction,cell_type,time_key	direction	95% BCa bootstrap CI clustered by PubChem compound; uncertainty is over the observed compound panel, not broader chemical space.
l1000_phase2	sciplex	logFC	strict_matched_condition	cosine	raw	reviewer_minimal_retrieval_dataset_pair	observed_auroc	observed_auroc	0.696414796379671	0.6520720949946562	0.7435249854656338	0.0457264452354888	bca	ok	0.95	2000	2000	2323	2323	83	query_pubchem_cid	direction,cell_type,time_key	direction	95% BCa bootstrap CI clustered by PubChem compound; uncertainty is over the observed compound panel, not broader chemical space.
l1000_phase2	sciplex	logFC	strict_matched_condition	cosine	raw	reviewer_minimal_retrieval_dataset_pair	observed_best_positive_similarity	observed_best_positive_similarity	0.10401248288330053	0.07969122304699898	0.13996569403551723	0.030137235494259125	bca	ok	0.95	2000	2000	2323	2323	83	query_pubchem_cid	direction,cell_type,time_key	direction	95% BCa bootstrap CI clustered by PubChem compound; uncertainty is over the observed compound panel, not broader chemical space.
l1000_phase2	sciplex	logFC	strict_matched_condition	cosine	raw	reviewer_minimal_retrieval_dataset_pair	random_normalized_best_positive_rank	random_normalized_best_positive_rank					not_estimable	too_few_clusters_or_values	0.95	2000	0	2323	0	0	query_pubchem_cid	direction,cell_type,time_key	direction	95% BCa bootstrap CI clustered by PubChem compound; uncertainty is over the observed compound panel, not broader chemical space.
l1000_phase2	sciplex	logFC	strict_matched_condition	cosine	raw	reviewer_minimal_retrieval_dataset_pair	random_recall_at_1	random_recall_at_1					not_estimable	too_few_clusters_or_values	0.95	2000	0	2323	0	0	query_pubchem_cid	direction,cell_type,time_key	direction	95% BCa bootstrap CI clustered by PubChem compound; uncertainty is over the observed compound panel, not broader chemical space.
l1000_phase2	sciplex	logFC	strict_matched_condition	cosine	raw	reviewer_minimal_retrieval_dataset_pair	random_auroc	random_auroc					not_estimable	too_few_clusters_or_values	0.95	2000	0	2323	0	0	query_pubchem_cid	direction,cell_type,time_key	direction	95% BCa bootstrap CI clustered by PubChem compound; uncertainty is over the observed compound panel, not broader chemical space.
l1000_phase2	sciplex	logFC	strict_matched_condition	cosine	raw	reviewer_minimal_retrieval_dataset_pair	delta_vs_random_normalized_best_positive_rank	delta_vs_random_normalized_best_positive_rank	-0.032414880211624836	-0.07653019738334768	0.014341932450246744	0.04543606491679721	bca	ok	0.95	2000	2000	2323	2323	83	query_pubchem_cid	direction,cell_type,time_key	direction	95% BCa bootstrap CI clustered by PubChem compound; uncertainty is over the observed compound panel, not broader chemical space.
l1000_phase2	sciplex	logFC	strict_matched_condition	cosine	raw	reviewer_minimal_retrieval_dataset_pair	source_individual_n_peers	source_individual_n_peers	204.16139629165582	202.83063322641212	205.43211134532052	1.3007390594542017	bca	ok	0.95	2000	2000	2323	2323	83	query_pubchem_cid	direction,cell_type,time_key	direction	95% BCa bootstrap CI clustered by PubChem compound; uncertainty is over the observed compound panel, not broader chemical space.
l1000_phase2	sciplex	logFC	strict_matched_condition	cosine	raw	reviewer_minimal_retrieval_dataset_pair	source_individual_mean_similarity	source_individual_mean_similarity	0.0619159441609813	0.054031147490401325	0.06911708303542091	0.007542967772509793	bca	ok	0.95	2000	2000	2323	2323	83	query_pubchem_cid	direction,cell_type,time_key	direction	95% BCa bootstrap CI clustered by PubChem compound; uncertainty is over the observed compound panel, not broader chemical space.
l1000_phase2	sciplex	logFC	strict_matched_condition	cosine	raw	reviewer_minimal_retrieval_dataset_pair	source_individual_sd_similarity	source_individual_sd_similarity	0.10556274159253312	0.10115500847643495	0.11092755140300761	0.0048862714632863305	bca	ok	0.95	2000	2000	2323	2323	83	query_pubchem_cid	direction,cell_type,time_key	direction	95% BCa bootstrap CI clustered by PubChem compound; uncertainty is over the observed compound panel, not broader chemical space.
l1000_phase2	sciplex	logFC	strict_matched_condition	cosine	raw	reviewer_minimal_retrieval_dataset_pair	source_individual_n_below_observed	source_individual_n_below_observed	116.35703121413893	108.0007465686892	125.67556732521105	8.837410378260927	bca	ok	0.95	2000	2000	2323	2323	83	query_pubchem_cid	direction,cell_type,time_key	direction	95% BCa bootstrap CI clustered by PubChem compound; uncertainty is over the observed compound panel, not broader chemical space.
l1000_phase2	sciplex	logFC	strict_matched_condition	cosine	raw	reviewer_minimal_retrieval_dataset_pair	source_individual_fraction_below_observed	source_individual_fraction_below_observed	0.5611987083817154	0.5222108219414	0.6067524583733126	0.042270818215956296	bca	ok	0.95	2000	2000	2323	2323	83	query_pubchem_cid	direction,cell_type,time_key	direction	95% BCa bootstrap CI clustered by PubChem compound; uncertainty is over the observed compound panel, not broader chemical space.
l1000_phase2	sciplex	logFC	strict_matched_condition	cosine	raw	reviewer_minimal_retrieval_dataset_pair	source_individual_corrected_percentile	source_individual_corrected_percentile	0.5635278682678334	0.52390017618911	0.6105996887710874	0.043349756290988695	bca	ok	0.95	2000	2000	2323	2323	83	query_pubchem_cid	direction,cell_type,time_key	direction	95% BCa bootstrap CI clustered by PubChem compound; uncertainty is over the observed compound panel, not broader chemical space.
l1000_phase2	sciplex	logFC	strict_matched_condition	cosine	raw	reviewer_minimal_retrieval_dataset_pair	target_individual_n_peers	target_individual_n_peers	203.36329942234084	201.99780758630186	204.71390921497868	1.3580508143384122	bca	ok	0.95	2000	2000	2323	2323	83	query_pubchem_cid	direction,cell_type,time_key	direction	95% BCa bootstrap CI clustered by PubChem compound; uncertainty is over the observed compound panel, not broader chemical space.
l1000_phase2	sciplex	logFC	strict_matched_condition	cosine	raw	reviewer_minimal_retrieval_dataset_pair	target_individual_mean_similarity	target_individual_mean_similarity	0.023542216314357406	0.01893657184042988	0.028994890831834538	0.005029159495702328	bca	ok	0.95	2000	2000	2323	2323	83	query_pubchem_cid	direction,cell_type,time_key	direction	95% BCa bootstrap CI clustered by PubChem compound; uncertainty is over the observed compound panel, not broader chemical space.
l1000_phase2	sciplex	logFC	strict_matched_condition	cosine	raw	reviewer_minimal_retrieval_dataset_pair	target_individual_sd_similarity	target_individual_sd_similarity	0.05564240324830016	0.05186964618827499	0.060889690776956405	0.004510022294340707	bca	ok	0.95	2000	2000	2323	2323	83	query_pubchem_cid	direction,cell_type,time_key	direction	95% BCa bootstrap CI clustered by PubChem compound; uncertainty is over the observed compound panel, not broader chemical space.
l1000_phase2	sciplex	logFC	strict_matched_condition	cosine	raw	reviewer_minimal_retrieval_dataset_pair	target_individual_n_below_observed	target_individual_n_below_observed	142.8211098783975	133.72851741173974	152.16860285237752	9.220042720318887	bca	ok	0.95	2000	2000	2323	2323	83	query_pubchem_cid	direction,cell_type,time_key	direction	95% BCa bootstrap CI clustered by PubChem compound; uncertainty is over the observed compound panel, not broader chemical space.
l1000_phase2	sciplex	logFC	strict_matched_condition	cosine	raw	reviewer_minimal_retrieval_dataset_pair	target_individual_fraction_below_observed	target_individual_fraction_below_observed	0.6960507714381834	0.649405581900813	0.743553125211172	0.04707377165517951	bca	ok	0.95	2000	2000	2323	2323	83	query_pubchem_cid	direction,cell_type,time_key	direction	95% BCa bootstrap CI clustered by PubChem compound; uncertainty is over the observed compound panel, not broader chemical space.
l1000_phase2	sciplex	logFC	strict_matched_condition	cosine	raw	reviewer_minimal_retrieval_dataset_pair	target_individual_corrected_percentile	target_individual_corrected_percentile	0.6976686281298276	0.6567106362836351	0.7467452736498318	0.04501731868309833	bca	ok	0.95	2000	2000	2323	2323	83	query_pubchem_cid	direction,cell_type,time_key	direction	95% BCa bootstrap CI clustered by PubChem compound; uncertainty is over the observed compound panel, not broader chemical space.
l1000_phase2	sciplex	logFC	strict_matched_condition	cosine	raw	reviewer_minimal_retrieval_dataset_pair	source_centroid_similarity	source_centroid_similarity	0.2106733231462039	0.18478921863722272	0.23850190836976354	0.026856344866270407	bca	ok	0.95	2000	2000	2323	2323	83	query_pubchem_cid	direction,cell_type,time_key	direction	95% BCa bootstrap CI clustered by PubChem compound; uncertainty is over the observed compound panel, not broader chemical space.
l1000_phase2	sciplex	logFC	strict_matched_condition	cosine	raw	reviewer_minimal_retrieval_dataset_pair	source_centroid_normalized_rank	source_centroid_normalized_rank	0.8913747167475785	0.8660456560305171	0.9168641153099518	0.025409229639717368	bca	ok	0.95	2000	2000	2323	2323	83	query_pubchem_cid	direction,cell_type,time_key	direction	95% BCa bootstrap CI clustered by PubChem compound; uncertainty is over the observed compound panel, not broader chemical space.
l1000_phase2	sciplex	logFC	strict_matched_condition	cosine	raw	reviewer_minimal_retrieval_dataset_pair	source_centroid_recall_at_1	source_centroid_recall_at_1	0.5765401905826986	0.5221369692014192	0.6298992315299562	0.053881131164268514	bca	ok	0.95	2000	2000	2323	2323	83	query_pubchem_cid	direction,cell_type,time_key	direction	95% BCa bootstrap CI clustered by PubChem compound; uncertainty is over the observed compound panel, not broader chemical space.
l1000_phase2	sciplex	logFC	strict_matched_condition	cosine	raw	reviewer_minimal_retrieval_dataset_pair	source_centroid_auroc	source_centroid_auroc	0.8913747167475785	0.8680925672574361	0.9186051895645374	0.025256311153550648	bca	ok	0.95	2000	2000	2323	2323	83	query_pubchem_cid	direction,cell_type,time_key	direction	95% BCa bootstrap CI clustered by PubChem compound; uncertainty is over the observed compound panel, not broader chemical space.
l1000_phase2	sciplex	logFC	strict_matched_condition	cosine	raw	reviewer_minimal_retrieval_dataset_pair	target_centroid_similarity	target_centroid_similarity	0.08470459015044132	0.06665353105938028	0.10590891545802272	0.01962769219932122	bca	ok	0.95	2000	2000	2323	2323	83	query_pubchem_cid	direction,cell_type,time_key	direction	95% BCa bootstrap CI clustered by PubChem compound; uncertainty is over the observed compound panel, not broader chemical space.
l1000_phase2	sciplex	logFC	strict_matched_condition	cosine	raw	reviewer_minimal_retrieval_dataset_pair	target_centroid_normalized_rank	target_centroid_normalized_rank	0.7014927177831131	0.6639610476791379	0.7377323711389276	0.03688566172989488	bca	ok	0.95	2000	2000	2323	2323	83	query_pubchem_cid	direction,cell_type,time_key	direction	95% BCa bootstrap CI clustered by PubChem compound; uncertainty is over the observed compound panel, not broader chemical space.
l1000_phase2	sciplex	logFC	strict_matched_condition	cosine	raw	reviewer_minimal_retrieval_dataset_pair	target_centroid_recall_at_1	target_centroid_recall_at_1	0.015076566383974987	0.005540374283914231	0.036338112160211676	0.015398868938148721	bca	ok	0.95	2000	2000	2323	2323	83	query_pubchem_cid	direction,cell_type,time_key	direction	95% BCa bootstrap CI clustered by PubChem compound; uncertainty is over the observed compound panel, not broader chemical space.
l1000_phase2	sciplex	logFC	strict_matched_condition	cosine	raw	reviewer_minimal_retrieval_dataset_pair	target_centroid_auroc	target_centroid_auroc	0.7014927177831131	0.6650223109529187	0.736370729819168	0.035674209433124604	bca	ok	0.95	2000	2000	2323	2323	83	query_pubchem_cid	direction,cell_type,time_key	direction	95% BCa bootstrap CI clustered by PubChem compound; uncertainty is over the observed compound panel, not broader chemical space.
l1000_phase2	sciplex	logFC	strict_matched_condition	cosine	raw	reviewer_minimal_retrieval_dataset_pair	source_peer_normalized_rank	source_peer_normalized_rank	0.6111143760718172	0.6032819334774558	0.6184564745717372	0.007587270547140701	bca	ok	0.95	2000	2000	2323	2323	83	query_pubchem_cid	direction,cell_type,time_key	direction	95% BCa bootstrap CI clustered by PubChem compound; uncertainty is over the observed compound panel, not broader chemical space.
l1000_phase2	sciplex	logFC	strict_matched_condition	cosine	raw	reviewer_minimal_retrieval_dataset_pair	target_peer_normalized_rank	target_peer_normalized_rank	0.5075602717932528	0.5035664718503221	0.5115916724009897	0.004012600275333789	bca	ok	0.95	2000	2000	2323	2323	83	query_pubchem_cid	direction,cell_type,time_key	direction	95% BCa bootstrap CI clustered by PubChem compound; uncertainty is over the observed compound panel, not broader chemical space.
l1000_phase2	sciplex	logFC	strict_matched_condition	cosine	raw	reviewer_minimal_retrieval_dataset_pair	delta_vs_source_peer_normalized_rank	delta_vs_source_peer_normalized_rank	0.08579324698599597	0.04301427324604959	0.13008894830930054	0.043537337531625475	bca	ok	0.95	2000	2000	2323	2323	83	query_pubchem_cid	direction,cell_type,time_key	direction	95% BCa bootstrap CI clustered by PubChem compound; uncertainty is over the observed compound panel, not broader chemical space.
l1000_phase2	sciplex	logFC	strict_matched_condition	cosine	raw	reviewer_minimal_retrieval_dataset_pair	delta_vs_target_peer_normalized_rank	delta_vs_target_peer_normalized_rank	0.18934735126456037	0.14555248685281214	0.2357422462734815	0.045094879710334684	bca	ok	0.95	2000	2000	2323	2323	83	query_pubchem_cid	direction,cell_type,time_key	direction	95% BCa bootstrap CI clustered by PubChem compound; uncertainty is over the observed compound panel, not broader chemical space.
l1000_phase2	sciplex	logFC	strict_matched_condition	cosine	raw	reviewer_minimal_retrieval_dataset_pair	target_decoy_null_normalized_best_positive_rank	target_decoy_null_normalized_best_positive_rank	0.7293225032694379	0.7249744157374535	0.7329616738163328	0.003993629039439672	bca	ok	0.95	2000	2000	2323	2323	83	query_pubchem_cid	direction,cell_type,time_key	direction	95% BCa bootstrap CI clustered by PubChem compound; uncertainty is over the observed compound panel, not broader chemical space.
l1000_phase2	sciplex	logFC	strict_matched_condition	cosine	raw	reviewer_minimal_retrieval_dataset_pair	delta_vs_target_decoy_null_normalized_best_positive_rank	delta_vs_target_decoy_null_normalized_best_positive_rank	-0.032414880211624836	-0.0732077837231	0.015620391215105313	0.04441408746910265	bca	ok	0.95	2000	2000	2323	2323	83	query_pubchem_cid	direction,cell_type,time_key	direction	95% BCa bootstrap CI clustered by PubChem compound; uncertainty is over the observed compound panel, not broader chemical space.
l1000_phase2	sciplex	logFC	strict_matched_condition	spearman	per_gene_population_zscore_dataset	reviewer_minimal_retrieval_dataset_pair	observed_normalized_best_positive_rank	observed_normalized_best_positive_rank	0.7531931349411912	0.7144874301710057	0.7898265034969546	0.03766953666297446	bca	ok	0.95	2000	2000	2323	2323	83	query_pubchem_cid	direction,cell_type,time_key	direction	95% BCa bootstrap CI clustered by PubChem compound; uncertainty is over the observed compound panel, not broader chemical space.
l1000_phase2	sciplex	logFC	strict_matched_condition	spearman	per_gene_population_zscore_dataset	reviewer_minimal_retrieval_dataset_pair	observed_recall_at_1	observed_recall_at_1	0.062149665653909565	0.03918687917131917	0.09515584153914798	0.027984481183914407	bca	ok	0.95	2000	2000	2323	2323	83	query_pubchem_cid	direction,cell_type,time_key	direction	95% BCa bootstrap CI clustered by PubChem compound; uncertainty is over the observed compound panel, not broader chemical space.
l1000_phase2	sciplex	logFC	strict_matched_condition	spearman	per_gene_population_zscore_dataset	reviewer_minimal_retrieval_dataset_pair	observed_auroc	observed_auroc	0.752782879797706	0.7142100566317127	0.7894239414513439	0.0376069424098156	bca	ok	0.95	2000	2000	2323	2323	83	query_pubchem_cid	direction,cell_type,time_key	direction	95% BCa bootstrap CI clustered by PubChem compound; uncertainty is over the observed compound panel, not broader chemical space.
l1000_phase2	sciplex	logFC	strict_matched_condition	spearman	per_gene_population_zscore_dataset	reviewer_minimal_retrieval_dataset_pair	observed_best_positive_similarity	observed_best_positive_similarity	0.09612259890251415	0.07363603429848323	0.1288586913566748	0.027611328529095786	bca	ok	0.95	2000	2000	2323	2323	83	query_pubchem_cid	direction,cell_type,time_key	direction	95% BCa bootstrap CI clustered by PubChem compound; uncertainty is over the observed compound panel, not broader chemical space.
l1000_phase2	sciplex	logFC	strict_matched_condition	spearman	per_gene_population_zscore_dataset	reviewer_minimal_retrieval_dataset_pair	random_normalized_best_positive_rank	random_normalized_best_positive_rank					not_estimable	too_few_clusters_or_values	0.95	2000	0	2323	0	0	query_pubchem_cid	direction,cell_type,time_key	direction	95% BCa bootstrap CI clustered by PubChem compound; uncertainty is over the observed compound panel, not broader chemical space.
l1000_phase2	sciplex	logFC	strict_matched_condition	spearman	per_gene_population_zscore_dataset	reviewer_minimal_retrieval_dataset_pair	random_recall_at_1	random_recall_at_1					not_estimable	too_few_clusters_or_values	0.95	2000	0	2323	0	0	query_pubchem_cid	direction,cell_type,time_key	direction	95% BCa bootstrap CI clustered by PubChem compound; uncertainty is over the observed compound panel, not broader chemical space.
l1000_phase2	sciplex	logFC	strict_matched_condition	spearman	per_gene_population_zscore_dataset	reviewer_minimal_retrieval_dataset_pair	random_auroc	random_auroc					not_estimable	too_few_clusters_or_values	0.95	2000	0	2323	0	0	query_pubchem_cid	direction,cell_type,time_key	direction	95% BCa bootstrap CI clustered by PubChem compound; uncertainty is over the observed compound panel, not broader chemical space.
l1000_phase2	sciplex	logFC	strict_matched_condition	spearman	per_gene_population_zscore_dataset	reviewer_minimal_retrieval_dataset_pair	delta_vs_random_normalized_best_positive_rank	delta_vs_random_normalized_best_positive_rank	0.02387063167175321	-0.012597097415999946	0.05752349392283037	0.03506029566941516	bca	ok	0.95	2000	2000	2323	2323	83	query_pubchem_cid	direction,cell_type,time_key	direction	95% BCa bootstrap CI clustered by PubChem compound; uncertainty is over the observed compound panel, not broader chemical space.
l1000_phase2	sciplex	logFC	strict_matched_condition	spearman	per_gene_population_zscore_dataset	reviewer_minimal_retrieval_dataset_pair	source_individual_n_peers	source_individual_n_peers	204.16139629165582	202.74386198142608	205.44576039006313	1.3509492043185247	bca	ok	0.95	2000	2000	2323	2323	83	query_pubchem_cid	direction,cell_type,time_key	direction	95% BCa bootstrap CI clustered by PubChem compound; uncertainty is over the observed compound panel, not broader chemical space.
l1000_phase2	sciplex	logFC	strict_matched_condition	spearman	per_gene_population_zscore_dataset	reviewer_minimal_retrieval_dataset_pair	source_individual_mean_similarity	source_individual_mean_similarity	0.0386113288304204	0.03430018957407808	0.04269410161725647	0.004196956021589197	bca	ok	0.95	2000	2000	2323	2323	83	query_pubchem_cid	direction,cell_type,time_key	direction	95% BCa bootstrap CI clustered by PubChem compound; uncertainty is over the observed compound panel, not broader chemical space.
l1000_phase2	sciplex	logFC	strict_matched_condition	spearman	per_gene_population_zscore_dataset	reviewer_minimal_retrieval_dataset_pair	source_individual_sd_similarity	source_individual_sd_similarity	0.11164844112154314	0.10750037830830647	0.11637045483245118	0.004435038262072352	bca	ok	0.95	2000	2000	2323	2323	83	query_pubchem_cid	direction,cell_type,time_key	direction	95% BCa bootstrap CI clustered by PubChem compound; uncertainty is over the observed compound panel, not broader chemical space.
l1000_phase2	sciplex	logFC	strict_matched_condition	spearman	per_gene_population_zscore_dataset	reviewer_minimal_retrieval_dataset_pair	source_individual_n_below_observed	source_individual_n_below_observed	124.89428132208447	117.60489121844853	133.06828497726218	7.731696879406826	bca	ok	0.95	2000	2000	2323	2323	83	query_pubchem_cid	direction,cell_type,time_key	direction	95% BCa bootstrap CI clustered by PubChem compound; uncertainty is over the observed compound panel, not broader chemical space.
l1000_phase2	sciplex	logFC	strict_matched_condition	spearman	per_gene_population_zscore_dataset	reviewer_minimal_retrieval_dataset_pair	source_individual_fraction_below_observed	source_individual_fraction_below_observed	0.6066404126894689	0.57106051646273	0.645429946900257	0.03718471521876349	bca	ok	0.95	2000	2000	2323	2323	83	query_pubchem_cid	direction,cell_type,time_key	direction	95% BCa bootstrap CI clustered by PubChem compound; uncertainty is over the observed compound panel, not broader chemical space.
l1000_phase2	sciplex	logFC	strict_matched_condition	spearman	per_gene_population_zscore_dataset	reviewer_minimal_retrieval_dataset_pair	source_individual_corrected_percentile	source_individual_corrected_percentile	0.6087078315448357	0.5767933853202175	0.6516425767136685	0.037424595696725516	bca	ok	0.95	2000	2000	2323	2323	83	query_pubchem_cid	direction,cell_type,time_key	direction	95% BCa bootstrap CI clustered by PubChem compound; uncertainty is over the observed compound panel, not broader chemical space.
l1000_phase2	sciplex	logFC	strict_matched_condition	spearman	per_gene_population_zscore_dataset	reviewer_minimal_retrieval_dataset_pair	target_individual_n_peers	target_individual_n_peers	203.36329942234084	202.00300202910432	204.72893109516264	1.3629645330291567	bca	ok	0.95	2000	2000	2323	2323	83	query_pubchem_cid	direction,cell_type,time_key	direction	95% BCa bootstrap CI clustered by PubChem compound; uncertainty is over the observed compound panel, not broader chemical space.
l1000_phase2	sciplex	logFC	strict_matched_condition	spearman	per_gene_population_zscore_dataset	reviewer_minimal_retrieval_dataset_pair	target_individual_mean_similarity	target_individual_mean_similarity	0.006667446453665298	0.004298643066671575	0.009073865572621981	0.0023876112529752033	bca	ok	0.95	2000	2000	2323	2323	83	query_pubchem_cid	direction,cell_type,time_key	direction	95% BCa bootstrap CI clustered by PubChem compound; uncertainty is over the observed compound panel, not broader chemical space.
l1000_phase2	sciplex	logFC	strict_matched_condition	spearman	per_gene_population_zscore_dataset	reviewer_minimal_retrieval_dataset_pair	target_individual_sd_similarity	target_individual_sd_similarity	0.055846640691736726	0.052619086404699575	0.06075132545480804	0.004066119525054233	bca	ok	0.95	2000	2000	2323	2323	83	query_pubchem_cid	direction,cell_type,time_key	direction	95% BCa bootstrap CI clustered by PubChem compound; uncertainty is over the observed compound panel, not broader chemical space.
l1000_phase2	sciplex	logFC	strict_matched_condition	spearman	per_gene_population_zscore_dataset	reviewer_minimal_retrieval_dataset_pair	target_individual_n_below_observed	target_individual_n_below_observed	152.67700779965273	144.8366808534297	160.68486176860506	7.924090457587681	bca	ok	0.95	2000	2000	2323	2323	83	query_pubchem_cid	direction,cell_type,time_key	direction	95% BCa bootstrap CI clustered by PubChem compound; uncertainty is over the observed compound panel, not broader chemical space.
l1000_phase2	sciplex	logFC	strict_matched_condition	spearman	per_gene_population_zscore_dataset	reviewer_minimal_retrieval_dataset_pair	target_individual_fraction_below_observed	target_individual_fraction_below_observed	0.7435792053268504	0.7041415243420661	0.7822614654141512	0.03905997053604254	bca	ok	0.95	2000	2000	2323	2323	83	query_pubchem_cid	direction,cell_type,time_key	direction	95% BCa bootstrap CI clustered by PubChem compound; uncertainty is over the observed compound panel, not broader chemical space.
l1000_phase2	sciplex	logFC	strict_matched_condition	spearman	per_gene_population_zscore_dataset	reviewer_minimal_retrieval_dataset_pair	target_individual_corrected_percentile	target_individual_corrected_percentile	0.7449547270656758	0.7042131321849918	0.7809102552714604	0.038348561543234294	bca	ok	0.95	2000	2000	2323	2323	83	query_pubchem_cid	direction,cell_type,time_key	direction	95% BCa bootstrap CI clustered by PubChem compound; uncertainty is over the observed compound panel, not broader chemical space.
l1000_phase2	sciplex	logFC	strict_matched_condition	spearman	per_gene_population_zscore_dataset	reviewer_minimal_retrieval_dataset_pair	source_centroid_similarity	source_centroid_similarity	0.13126758582191628	0.10995812813374137	0.157337877748487	0.02368987480737282	bca	ok	0.95	2000	2000	2323	2323	83	query_pubchem_cid	direction,cell_type,time_key	direction	95% BCa bootstrap CI clustered by PubChem compound; uncertainty is over the observed compound panel, not broader chemical space.
l1000_phase2	sciplex	logFC	strict_matched_condition	spearman	per_gene_population_zscore_dataset	reviewer_minimal_retrieval_dataset_pair	source_centroid_normalized_rank	source_centroid_normalized_rank	0.812123599035867	0.7726115483131492	0.8492542004498059	0.03832132606832839	bca	ok	0.95	2000	2000	2323	2323	83	query_pubchem_cid	direction,cell_type,time_key	direction	95% BCa bootstrap CI clustered by PubChem compound; uncertainty is over the observed compound panel, not broader chemical space.
l1000_phase2	sciplex	logFC	strict_matched_condition	spearman	per_gene_population_zscore_dataset	reviewer_minimal_retrieval_dataset_pair	source_centroid_recall_at_1	source_centroid_recall_at_1	0.3288182407175796	0.2852216029273343	0.3727911441801706	0.04378477062641817	bca	ok	0.95	2000	2000	2323	2323	83	query_pubchem_cid	direction,cell_type,time_key	direction	95% BCa bootstrap CI clustered by PubChem compound; uncertainty is over the observed compound panel, not broader chemical space.
l1000_phase2	sciplex	logFC	strict_matched_condition	spearman	per_gene_population_zscore_dataset	reviewer_minimal_retrieval_dataset_pair	source_centroid_auroc	source_centroid_auroc	0.8121235990358671	0.7745130467911292	0.8496600680987119	0.03757351065379133	bca	ok	0.95	2000	2000	2323	2323	83	query_pubchem_cid	direction,cell_type,time_key	direction	95% BCa bootstrap CI clustered by PubChem compound; uncertainty is over the observed compound panel, not broader chemical space.
l1000_phase2	sciplex	logFC	strict_matched_condition	spearman	per_gene_population_zscore_dataset	reviewer_minimal_retrieval_dataset_pair	target_centroid_similarity	target_centroid_similarity	0.028457617426866373	0.013625347025596759	0.04410709171964111	0.015240872347022177	bca	ok	0.95	2000	2000	2323	2323	83	query_pubchem_cid	direction,cell_type,time_key	direction	95% BCa bootstrap CI clustered by PubChem compound; uncertainty is over the observed compound panel, not broader chemical space.
l1000_phase2	sciplex	logFC	strict_matched_condition	spearman	per_gene_population_zscore_dataset	reviewer_minimal_retrieval_dataset_pair	target_centroid_normalized_rank	target_centroid_normalized_rank	0.548903002141146	0.508164486462183	0.5906280121078606	0.0412317628228388	bca	ok	0.95	2000	2000	2323	2323	83	query_pubchem_cid	direction,cell_type,time_key	direction	95% BCa bootstrap CI clustered by PubChem compound; uncertainty is over the observed compound panel, not broader chemical space.
l1000_phase2	sciplex	logFC	strict_matched_condition	spearman	per_gene_population_zscore_dataset	reviewer_minimal_retrieval_dataset_pair	target_centroid_recall_at_1	target_centroid_recall_at_1	0.002103325593919116	0.0	0.007526190820770059	0.0037630954103850295	bca	ok	0.95	2000	2000	2323	2323	83	query_pubchem_cid	direction,cell_type,time_key	direction	95% BCa bootstrap CI clustered by PubChem compound; uncertainty is over the observed compound panel, not broader chemical space.
l1000_phase2	sciplex	logFC	strict_matched_condition	spearman	per_gene_population_zscore_dataset	reviewer_minimal_retrieval_dataset_pair	target_centroid_auroc	target_centroid_auroc	0.5489030021411458	0.5048762803743971	0.5895234097777667	0.0423235647016848	bca	ok	0.95	2000	2000	2323	2323	83	query_pubchem_cid	direction,cell_type,time_key	direction	95% BCa bootstrap CI clustered by PubChem compound; uncertainty is over the observed compound panel, not broader chemical space.
l1000_phase2	sciplex	logFC	strict_matched_condition	spearman	per_gene_population_zscore_dataset	reviewer_minimal_retrieval_dataset_pair	source_peer_normalized_rank	source_peer_normalized_rank	0.5931024274573157	0.5855296884646259	0.6012807306749658	0.007875521105169925	bca	ok	0.95	2000	2000	2323	2323	83	query_pubchem_cid	direction,cell_type,time_key	direction	95% BCa bootstrap CI clustered by PubChem compound; uncertainty is over the observed compound panel, not broader chemical space.
l1000_phase2	sciplex	logFC	strict_matched_condition	spearman	per_gene_population_zscore_dataset	reviewer_minimal_retrieval_dataset_pair	target_peer_normalized_rank	target_peer_normalized_rank	0.5150082600748663	0.5112898765001985	0.519270483789963	0.0039903036448822315	bca	ok	0.95	2000	2000	2323	2323	83	query_pubchem_cid	direction,cell_type,time_key	direction	95% BCa bootstrap CI clustered by PubChem compound; uncertainty is over the observed compound panel, not broader chemical space.
l1000_phase2	sciplex	logFC	strict_matched_condition	spearman	per_gene_population_zscore_dataset	reviewer_minimal_retrieval_dataset_pair	delta_vs_source_peer_normalized_rank	delta_vs_source_peer_normalized_rank	0.16009070748387544	0.12109294137383272	0.19905244760636667	0.038979753116266974	bca	ok	0.95	2000	2000	2323	2323	83	query_pubchem_cid	direction,cell_type,time_key	direction	95% BCa bootstrap CI clustered by PubChem compound; uncertainty is over the observed compound panel, not broader chemical space.
l1000_phase2	sciplex	logFC	strict_matched_condition	spearman	per_gene_population_zscore_dataset	reviewer_minimal_retrieval_dataset_pair	delta_vs_target_peer_normalized_rank	delta_vs_target_peer_normalized_rank	0.2381848748663249	0.2019388777908837	0.2737662111756911	0.0359136666924037	bca	ok	0.95	2000	2000	2323	2323	83	query_pubchem_cid	direction,cell_type,time_key	direction	95% BCa bootstrap CI clustered by PubChem compound; uncertainty is over the observed compound panel, not broader chemical space.
l1000_phase2	sciplex	logFC	strict_matched_condition	spearman	per_gene_population_zscore_dataset	reviewer_minimal_retrieval_dataset_pair	target_decoy_null_normalized_best_positive_rank	target_decoy_null_normalized_best_positive_rank	0.7293225032694379	0.7249610876858182	0.7331429861431461	0.0040909492286639315	bca	ok	0.95	2000	2000	2323	2323	83	query_pubchem_cid	direction,cell_type,time_key	direction	95% BCa bootstrap CI clustered by PubChem compound; uncertainty is over the observed compound panel, not broader chemical space.
l1000_phase2	sciplex	logFC	strict_matched_condition	spearman	per_gene_population_zscore_dataset	reviewer_minimal_retrieval_dataset_pair	delta_vs_target_decoy_null_normalized_best_positive_rank	delta_vs_target_decoy_null_normalized_best_positive_rank	0.02387063167175321	-0.01879703512620857	0.05668652978797664	0.03774178245709261	bca	ok	0.95	2000	2000	2323	2323	83	query_pubchem_cid	direction,cell_type,time_key	direction	95% BCa bootstrap CI clustered by PubChem compound; uncertainty is over the observed compound panel, not broader chemical space.
l1000_phase2	sciplex	logFC	strict_matched_condition	spearman	raw	reviewer_minimal_retrieval_dataset_pair	observed_normalized_best_positive_rank	observed_normalized_best_positive_rank	0.7007177404830258	0.6575232053074326	0.7479808842694168	0.0452288394809921	bca	ok	0.95	2000	2000	2323	2323	83	query_pubchem_cid	direction,cell_type,time_key	direction	95% BCa bootstrap CI clustered by PubChem compound; uncertainty is over the observed compound panel, not broader chemical space.
l1000_phase2	sciplex	logFC	strict_matched_condition	spearman	raw	reviewer_minimal_retrieval_dataset_pair	observed_recall_at_1	observed_recall_at_1	0.063584444052498	0.03964532843442422	0.0967634213054928	0.02855904643553429	bca	ok	0.95	2000	2000	2323	2323	83	query_pubchem_cid	direction,cell_type,time_key	direction	95% BCa bootstrap CI clustered by PubChem compound; uncertainty is over the observed compound panel, not broader chemical space.
l1000_phase2	sciplex	logFC	strict_matched_condition	spearman	raw	reviewer_minimal_retrieval_dataset_pair	observed_auroc	observed_auroc	0.7002291280313198	0.6555231630997554	0.7444504411959202	0.04446363904808237	bca	ok	0.95	2000	2000	2323	2323	83	query_pubchem_cid	direction,cell_type,time_key	direction	95% BCa bootstrap CI clustered by PubChem compound; uncertainty is over the observed compound panel, not broader chemical space.
l1000_phase2	sciplex	logFC	strict_matched_condition	spearman	raw	reviewer_minimal_retrieval_dataset_pair	observed_best_positive_similarity	observed_best_positive_similarity	0.10220153961663248	0.0777499367827877	0.13436475194628672	0.02830740758174951	bca	ok	0.95	2000	2000	2323	2323	83	query_pubchem_cid	direction,cell_type,time_key	direction	95% BCa bootstrap CI clustered by PubChem compound; uncertainty is over the observed compound panel, not broader chemical space.
l1000_phase2	sciplex	logFC	strict_matched_condition	spearman	raw	reviewer_minimal_retrieval_dataset_pair	random_normalized_best_positive_rank	random_normalized_best_positive_rank					not_estimable	too_few_clusters_or_values	0.95	2000	0	2323	0	0	query_pubchem_cid	direction,cell_type,time_key	direction	95% BCa bootstrap CI clustered by PubChem compound; uncertainty is over the observed compound panel, not broader chemical space.
l1000_phase2	sciplex	logFC	strict_matched_condition	spearman	raw	reviewer_minimal_retrieval_dataset_pair	random_recall_at_1	random_recall_at_1					not_estimable	too_few_clusters_or_values	0.95	2000	0	2323	0	0	query_pubchem_cid	direction,cell_type,time_key	direction	95% BCa bootstrap CI clustered by PubChem compound; uncertainty is over the observed compound panel, not broader chemical space.
l1000_phase2	sciplex	logFC	strict_matched_condition	spearman	raw	reviewer_minimal_retrieval_dataset_pair	random_auroc	random_auroc					not_estimable	too_few_clusters_or_values	0.95	2000	0	2323	0	0	query_pubchem_cid	direction,cell_type,time_key	direction	95% BCa bootstrap CI clustered by PubChem compound; uncertainty is over the observed compound panel, not broader chemical space.
l1000_phase2	sciplex	logFC	strict_matched_condition	spearman	raw	reviewer_minimal_retrieval_dataset_pair	delta_vs_random_normalized_best_positive_rank	delta_vs_random_normalized_best_positive_rank	-0.028604762786412122	-0.07195773660135585	0.01642460714321208	0.04419117187228396	bca	ok	0.95	2000	2000	2323	2323	83	query_pubchem_cid	direction,cell_type,time_key	direction	95% BCa bootstrap CI clustered by PubChem compound; uncertainty is over the observed compound panel, not broader chemical space.
l1000_phase2	sciplex	logFC	strict_matched_condition	spearman	raw	reviewer_minimal_retrieval_dataset_pair	source_individual_n_peers	source_individual_n_peers	204.16139629165582	202.77943899807136	205.47891211453498	1.349736558231811	bca	ok	0.95	2000	2000	2323	2323	83	query_pubchem_cid	direction,cell_type,time_key	direction	95% BCa bootstrap CI clustered by PubChem compound; uncertainty is over the observed compound panel, not broader chemical space.
l1000_phase2	sciplex	logFC	strict_matched_condition	spearman	raw	reviewer_minimal_retrieval_dataset_pair	source_individual_mean_similarity	source_individual_mean_similarity	0.06463659416587002	0.05788088175499385	0.07110492357659352	0.006612020910799838	bca	ok	0.95	2000	2000	2323	2323	83	query_pubchem_cid	direction,cell_type,time_key	direction	95% BCa bootstrap CI clustered by PubChem compound; uncertainty is over the observed compound panel, not broader chemical space.
l1000_phase2	sciplex	logFC	strict_matched_condition	spearman	raw	reviewer_minimal_retrieval_dataset_pair	source_individual_sd_similarity	source_individual_sd_similarity	0.10638562304135593	0.10181331630919997	0.1110768629775029	0.004631773334151462	bca	ok	0.95	2000	2000	2323	2323	83	query_pubchem_cid	direction,cell_type,time_key	direction	95% BCa bootstrap CI clustered by PubChem compound; uncertainty is over the observed compound panel, not broader chemical space.
l1000_phase2	sciplex	logFC	strict_matched_condition	spearman	raw	reviewer_minimal_retrieval_dataset_pair	source_individual_n_below_observed	source_individual_n_below_observed	113.14439680737074	104.78099097858276	122.9696895859284	9.094349303672821	bca	ok	0.95	2000	2000	2323	2323	83	query_pubchem_cid	direction,cell_type,time_key	direction	95% BCa bootstrap CI clustered by PubChem compound; uncertainty is over the observed compound panel, not broader chemical space.
l1000_phase2	sciplex	logFC	strict_matched_condition	spearman	raw	reviewer_minimal_retrieval_dataset_pair	source_individual_fraction_below_observed	source_individual_fraction_below_observed	0.5478357856428335	0.5073819600138847	0.5917104084812078	0.04216422423366156	bca	ok	0.95	2000	2000	2323	2323	83	query_pubchem_cid	direction,cell_type,time_key	direction	95% BCa bootstrap CI clustered by PubChem compound; uncertainty is over the observed compound panel, not broader chemical space.
l1000_phase2	sciplex	logFC	strict_matched_condition	spearman	raw	reviewer_minimal_retrieval_dataset_pair	source_individual_corrected_percentile	source_individual_corrected_percentile	0.550220017029671	0.5114397254925246	0.5978039146213054	0.04318209456439043	bca	ok	0.95	2000	2000	2323	2323	83	query_pubchem_cid	direction,cell_type,time_key	direction	95% BCa bootstrap CI clustered by PubChem compound; uncertainty is over the observed compound panel, not broader chemical space.
l1000_phase2	sciplex	logFC	strict_matched_condition	spearman	raw	reviewer_minimal_retrieval_dataset_pair	target_individual_n_peers	target_individual_n_peers	203.36329942234084	201.96853413764305	204.77364297816203	1.4025544202594915	bca	ok	0.95	2000	2000	2323	2323	83	query_pubchem_cid	direction,cell_type,time_key	direction	95% BCa bootstrap CI clustered by PubChem compound; uncertainty is over the observed compound panel, not broader chemical space.
l1000_phase2	sciplex	logFC	strict_matched_condition	spearman	raw	reviewer_minimal_retrieval_dataset_pair	target_individual_mean_similarity	target_individual_mean_similarity	0.023062509975191013	0.01905499485464446	0.02780746812037837	0.004376236632866954	bca	ok	0.95	2000	2000	2323	2323	83	query_pubchem_cid	direction,cell_type,time_key	direction	95% BCa bootstrap CI clustered by PubChem compound; uncertainty is over the observed compound panel, not broader chemical space.
l1000_phase2	sciplex	logFC	strict_matched_condition	spearman	raw	reviewer_minimal_retrieval_dataset_pair	target_individual_sd_similarity	target_individual_sd_similarity	0.054019334716147754	0.05041606912198863	0.058940705374105166	0.004262318126058269	bca	ok	0.95	2000	2000	2323	2323	83	query_pubchem_cid	direction,cell_type,time_key	direction	95% BCa bootstrap CI clustered by PubChem compound; uncertainty is over the observed compound panel, not broader chemical space.
l1000_phase2	sciplex	logFC	strict_matched_condition	spearman	raw	reviewer_minimal_retrieval_dataset_pair	target_individual_n_below_observed	target_individual_n_below_observed	143.59595230749966	134.95661500507998	153.90250584041922	9.47294541766962	bca	ok	0.95	2000	2000	2323	2323	83	query_pubchem_cid	direction,cell_type,time_key	direction	95% BCa bootstrap CI clustered by PubChem compound; uncertainty is over the observed compound panel, not broader chemical space.
l1000_phase2	sciplex	logFC	strict_matched_condition	spearman	raw	reviewer_minimal_retrieval_dataset_pair	target_individual_fraction_below_observed	target_individual_fraction_below_observed	0.6990317118602265	0.6569839967072546	0.7466761558730869	0.04484607958291614	bca	ok	0.95	2000	2000	2323	2323	83	query_pubchem_cid	direction,cell_type,time_key	direction	95% BCa bootstrap CI clustered by PubChem compound; uncertainty is over the observed compound panel, not broader chemical space.
l1000_phase2	sciplex	logFC	strict_matched_condition	spearman	raw	reviewer_minimal_retrieval_dataset_pair	target_individual_corrected_percentile	target_individual_corrected_percentile	0.7006391226936086	0.6582609011119429	0.7471308800355193	0.0444349894617882	bca	ok	0.95	2000	2000	2323	2323	83	query_pubchem_cid	direction,cell_type,time_key	direction	95% BCa bootstrap CI clustered by PubChem compound; uncertainty is over the observed compound panel, not broader chemical space.
l1000_phase2	sciplex	logFC	strict_matched_condition	spearman	raw	reviewer_minimal_retrieval_dataset_pair	source_centroid_similarity	source_centroid_similarity	0.19766247517455973	0.17055068479528154	0.22543170319670575	0.0274405092007121	bca	ok	0.95	2000	2000	2323	2323	83	query_pubchem_cid	direction,cell_type,time_key	direction	95% BCa bootstrap CI clustered by PubChem compound; uncertainty is over the observed compound panel, not broader chemical space.
l1000_phase2	sciplex	logFC	strict_matched_condition	spearman	raw	reviewer_minimal_retrieval_dataset_pair	source_centroid_normalized_rank	source_centroid_normalized_rank	0.8762426562978718	0.8500597759372495	0.9087499874905676	0.029345105776659053	bca	ok	0.95	2000	2000	2323	2323	83	query_pubchem_cid	direction,cell_type,time_key	direction	95% BCa bootstrap CI clustered by PubChem compound; uncertainty is over the observed compound panel, not broader chemical space.
l1000_phase2	sciplex	logFC	strict_matched_condition	spearman	raw	reviewer_minimal_retrieval_dataset_pair	source_centroid_recall_at_1	source_centroid_recall_at_1	0.5656220983134306	0.5041584996781497	0.6368539244501741	0.06634771238601217	bca	ok	0.95	2000	2000	2323	2323	83	query_pubchem_cid	direction,cell_type,time_key	direction	95% BCa bootstrap CI clustered by PubChem compound; uncertainty is over the observed compound panel, not broader chemical space.
l1000_phase2	sciplex	logFC	strict_matched_condition	spearman	raw	reviewer_minimal_retrieval_dataset_pair	source_centroid_auroc	source_centroid_auroc	0.8762426562978718	0.8520489837328717	0.9071048574730503	0.027527936870089253	bca	ok	0.95	2000	2000	2323	2323	83	query_pubchem_cid	direction,cell_type,time_key	direction	95% BCa bootstrap CI clustered by PubChem compound; uncertainty is over the observed compound panel, not broader chemical space.
l1000_phase2	sciplex	logFC	strict_matched_condition	spearman	raw	reviewer_minimal_retrieval_dataset_pair	target_centroid_similarity	target_centroid_similarity	0.07825192110369497	0.06228088232266217	0.09661017115497803	0.017164644416157927	bca	ok	0.95	2000	2000	2323	2323	83	query_pubchem_cid	direction,cell_type,time_key	direction	95% BCa bootstrap CI clustered by PubChem compound; uncertainty is over the observed compound panel, not broader chemical space.
l1000_phase2	sciplex	logFC	strict_matched_condition	spearman	raw	reviewer_minimal_retrieval_dataset_pair	target_centroid_normalized_rank	target_centroid_normalized_rank	0.6993957771005284	0.6614032501730621	0.7339604028978791	0.0362785763624085	bca	ok	0.95	2000	2000	2323	2323	83	query_pubchem_cid	direction,cell_type,time_key	direction	95% BCa bootstrap CI clustered by PubChem compound; uncertainty is over the observed compound panel, not broader chemical space.
l1000_phase2	sciplex	logFC	strict_matched_condition	spearman	raw	reviewer_minimal_retrieval_dataset_pair	target_centroid_recall_at_1	target_centroid_recall_at_1	0.012165100324648114	0.005782842048942953	0.024882226358953236	0.009549692155005141	bca	ok	0.95	2000	2000	2323	2323	83	query_pubchem_cid	direction,cell_type,time_key	direction	95% BCa bootstrap CI clustered by PubChem compound; uncertainty is over the observed compound panel, not broader chemical space.
l1000_phase2	sciplex	logFC	strict_matched_condition	spearman	raw	reviewer_minimal_retrieval_dataset_pair	target_centroid_auroc	target_centroid_auroc	0.6993996332685464	0.6632744151971601	0.7335362332590316	0.03513090903093574	bca	ok	0.95	2000	2000	2323	2323	83	query_pubchem_cid	direction,cell_type,time_key	direction	95% BCa bootstrap CI clustered by PubChem compound; uncertainty is over the observed compound panel, not broader chemical space.
l1000_phase2	sciplex	logFC	strict_matched_condition	spearman	raw	reviewer_minimal_retrieval_dataset_pair	source_peer_normalized_rank	source_peer_normalized_rank	0.6257277882762915	0.6182736011307789	0.6326894523145883	0.007207925591904696	bca	ok	0.95	2000	2000	2323	2323	83	query_pubchem_cid	direction,cell_type,time_key	direction	95% BCa bootstrap CI clustered by PubChem compound; uncertainty is over the observed compound panel, not broader chemical space.
l1000_phase2	sciplex	logFC	strict_matched_condition	spearman	raw	reviewer_minimal_retrieval_dataset_pair	target_peer_normalized_rank	target_peer_normalized_rank	0.507217666780619	0.5039063875416133	0.5109511402794904	0.00352237636893854	bca	ok	0.95	2000	2000	2323	2323	83	query_pubchem_cid	direction,cell_type,time_key	direction	95% BCa bootstrap CI clustered by PubChem compound; uncertainty is over the observed compound panel, not broader chemical space.
l1000_phase2	sciplex	logFC	strict_matched_condition	spearman	raw	reviewer_minimal_retrieval_dataset_pair	delta_vs_source_peer_normalized_rank	delta_vs_source_peer_normalized_rank	0.07498995220673427	0.030111777449857588	0.1208857162406865	0.04538696939541446	bca	ok	0.95	2000	2000	2323	2323	83	query_pubchem_cid	direction,cell_type,time_key	direction	95% BCa bootstrap CI clustered by PubChem compound; uncertainty is over the observed compound panel, not broader chemical space.
l1000_phase2	sciplex	logFC	strict_matched_condition	spearman	raw	reviewer_minimal_retrieval_dataset_pair	delta_vs_target_peer_normalized_rank	delta_vs_target_peer_normalized_rank	0.1935000737024069	0.15243986366002527	0.24261664297672486	0.0450883896583498	bca	ok	0.95	2000	2000	2323	2323	83	query_pubchem_cid	direction,cell_type,time_key	direction	95% BCa bootstrap CI clustered by PubChem compound; uncertainty is over the observed compound panel, not broader chemical space.
l1000_phase2	sciplex	logFC	strict_matched_condition	spearman	raw	reviewer_minimal_retrieval_dataset_pair	target_decoy_null_normalized_best_positive_rank	target_decoy_null_normalized_best_positive_rank	0.7293225032694379	0.7249850596043692	0.732876872789756	0.003945906592693393	bca	ok	0.95	2000	2000	2323	2323	83	query_pubchem_cid	direction,cell_type,time_key	direction	95% BCa bootstrap CI clustered by PubChem compound; uncertainty is over the observed compound panel, not broader chemical space.
l1000_phase2	sciplex	logFC	strict_matched_condition	spearman	raw	reviewer_minimal_retrieval_dataset_pair	delta_vs_target_decoy_null_normalized_best_positive_rank	delta_vs_target_decoy_null_normalized_best_positive_rank	-0.028604762786412122	-0.07230012589543806	0.018376064833388033	0.04533809536441305	bca	ok	0.95	2000	2000	2323	2323	83	query_pubchem_cid	direction,cell_type,time_key	direction	95% BCa bootstrap CI clustered by PubChem compound; uncertainty is over the observed compound panel, not broader chemical space.
tahoe	sciplex	logFC	strict_matched_condition	cosine	per_gene_population_zscore_dataset	reviewer_minimal_retrieval_dataset_pair	observed_normalized_best_positive_rank	observed_normalized_best_positive_rank	0.6884505932463506	0.6133925332867707	0.7728117102316119	0.0797095884724206	bca	ok	0.95	2000	2000	223	223	23	query_pubchem_cid	direction,cell_type,time_key	direction	95% BCa bootstrap CI clustered by PubChem compound; uncertainty is over the observed compound panel, not broader chemical space.
tahoe	sciplex	logFC	strict_matched_condition	cosine	per_gene_population_zscore_dataset	reviewer_minimal_retrieval_dataset_pair	observed_recall_at_1	observed_recall_at_1	0.07152600170502985	0.027628738147320385	0.15634579337094867	0.06435852761181414	bca	ok	0.95	2000	2000	223	223	23	query_pubchem_cid	direction,cell_type,time_key	direction	95% BCa bootstrap CI clustered by PubChem compound; uncertainty is over the observed compound panel, not broader chemical space.
tahoe	sciplex	logFC	strict_matched_condition	cosine	per_gene_population_zscore_dataset	reviewer_minimal_retrieval_dataset_pair	observed_auroc	observed_auroc	0.68793747989217	0.6153476179903509	0.7736281749740866	0.07914027849186789	bca	ok	0.95	2000	2000	223	223	23	query_pubchem_cid	direction,cell_type,time_key	direction	95% BCa bootstrap CI clustered by PubChem compound; uncertainty is over the observed compound panel, not broader chemical space.
tahoe	sciplex	logFC	strict_matched_condition	cosine	per_gene_population_zscore_dataset	reviewer_minimal_retrieval_dataset_pair	observed_best_positive_similarity	observed_best_positive_similarity	0.061393119900300115	0.028141189270205227	0.1266369252562476	0.04924786799302118	bca	ok	0.95	2000	2000	223	223	23	query_pubchem_cid	direction,cell_type,time_key	direction	95% BCa bootstrap CI clustered by PubChem compound; uncertainty is over the observed compound panel, not broader chemical space.
tahoe	sciplex	logFC	strict_matched_condition	cosine	per_gene_population_zscore_dataset	reviewer_minimal_retrieval_dataset_pair	random_normalized_best_positive_rank	random_normalized_best_positive_rank					not_estimable	too_few_clusters_or_values	0.95	2000	0	223	0	0	query_pubchem_cid	direction,cell_type,time_key	direction	95% BCa bootstrap CI clustered by PubChem compound; uncertainty is over the observed compound panel, not broader chemical space.
tahoe	sciplex	logFC	strict_matched_condition	cosine	per_gene_population_zscore_dataset	reviewer_minimal_retrieval_dataset_pair	random_recall_at_1	random_recall_at_1					not_estimable	too_few_clusters_or_values	0.95	2000	0	223	0	0	query_pubchem_cid	direction,cell_type,time_key	direction	95% BCa bootstrap CI clustered by PubChem compound; uncertainty is over the observed compound panel, not broader chemical space.
tahoe	sciplex	logFC	strict_matched_condition	cosine	per_gene_population_zscore_dataset	reviewer_minimal_retrieval_dataset_pair	random_auroc	random_auroc					not_estimable	too_few_clusters_or_values	0.95	2000	0	223	0	0	query_pubchem_cid	direction,cell_type,time_key	direction	95% BCa bootstrap CI clustered by PubChem compound; uncertainty is over the observed compound panel, not broader chemical space.
tahoe	sciplex	logFC	strict_matched_condition	cosine	per_gene_population_zscore_dataset	reviewer_minimal_retrieval_dataset_pair	delta_vs_random_normalized_best_positive_rank	delta_vs_random_normalized_best_positive_rank	0.08709933128999758	0.013860190071261148	0.16466045550489541	0.07540013271681713	bca	ok	0.95	2000	2000	223	223	23	query_pubchem_cid	direction,cell_type,time_key	direction	95% BCa bootstrap CI clustered by PubChem compound; uncertainty is over the observed compound panel, not broader chemical space.
tahoe	sciplex	logFC	strict_matched_condition	cosine	per_gene_population_zscore_dataset	reviewer_minimal_retrieval_dataset_pair	source_individual_n_peers	source_individual_n_peers	115.80392156862744	114.36272776950587	117.29718875502007	1.4672304927571034	bca	ok	0.95	2000	2000	223	223	23	query_pubchem_cid	direction,cell_type,time_key	direction	95% BCa bootstrap CI clustered by PubChem compound; uncertainty is over the observed compound panel, not broader chemical space.
tahoe	sciplex	logFC	strict_matched_condition	cosine	per_gene_population_zscore_dataset	reviewer_minimal_retrieval_dataset_pair	source_individual_mean_similarity	source_individual_mean_similarity	0.07010998561194742	0.06159958219373301	0.07698825871644589	0.007694338261356442	bca	ok	0.95	2000	2000	223	223	23	query_pubchem_cid	direction,cell_type,time_key	direction	95% BCa bootstrap CI clustered by PubChem compound; uncertainty is over the observed compound panel, not broader chemical space.
tahoe	sciplex	logFC	strict_matched_condition	cosine	per_gene_population_zscore_dataset	reviewer_minimal_retrieval_dataset_pair	source_individual_sd_similarity	source_individual_sd_similarity	0.11746735179515264	0.11280498205813409	0.12393943447389599	0.00556722620788095	bca	ok	0.95	2000	2000	223	223	23	query_pubchem_cid	direction,cell_type,time_key	direction	95% BCa bootstrap CI clustered by PubChem compound; uncertainty is over the observed compound panel, not broader chemical space.
tahoe	sciplex	logFC	strict_matched_condition	cosine	per_gene_population_zscore_dataset	reviewer_minimal_retrieval_dataset_pair	source_individual_n_below_observed	source_individual_n_below_observed	63.87092924126172	55.93721082200552	73.4995818980938	8.781185538044138	bca	ok	0.95	2000	2000	223	223	23	query_pubchem_cid	direction,cell_type,time_key	direction	95% BCa bootstrap CI clustered by PubChem compound; uncertainty is over the observed compound panel, not broader chemical space.
tahoe	sciplex	logFC	strict_matched_condition	cosine	per_gene_population_zscore_dataset	reviewer_minimal_retrieval_dataset_pair	source_individual_fraction_below_observed	source_individual_fraction_below_observed	0.4982250709392386	0.4304210081477201	0.6033371432415183	0.08645806754689911	bca	ok	0.95	2000	2000	223	223	23	query_pubchem_cid	direction,cell_type,time_key	direction	95% BCa bootstrap CI clustered by PubChem compound; uncertainty is over the observed compound panel, not broader chemical space.
tahoe	sciplex	logFC	strict_matched_condition	cosine	per_gene_population_zscore_dataset	reviewer_minimal_retrieval_dataset_pair	source_individual_corrected_percentile	source_individual_corrected_percentile	0.5047246850562149	0.43592132509746373	0.6036630051100111	0.0838708400062737	bca	ok	0.95	2000	2000	223	223	23	query_pubchem_cid	direction,cell_type,time_key	direction	95% BCa bootstrap CI clustered by PubChem compound; uncertainty is over the observed compound panel, not broader chemical space.
tahoe	sciplex	logFC	strict_matched_condition	cosine	per_gene_population_zscore_dataset	reviewer_minimal_retrieval_dataset_pair	target_individual_n_peers	target_individual_n_peers	115.29386189258312	114.2636800207704	116.37043827483849	1.0533791270340487	bca	ok	0.95	2000	2000	223	223	23	query_pubchem_cid	direction,cell_type,time_key	direction	95% BCa bootstrap CI clustered by PubChem compound; uncertainty is over the observed compound panel, not broader chemical space.
tahoe	sciplex	logFC	strict_matched_condition	cosine	per_gene_population_zscore_dataset	reviewer_minimal_retrieval_dataset_pair	target_individual_mean_similarity	target_individual_mean_similarity	0.0010285593409703141	-0.0023660887666043526	0.0040731455459889114	0.003219617156296632	bca	ok	0.95	2000	2000	223	223	23	query_pubchem_cid	direction,cell_type,time_key	direction	95% BCa bootstrap CI clustered by PubChem compound; uncertainty is over the observed compound panel, not broader chemical space.
tahoe	sciplex	logFC	strict_matched_condition	cosine	per_gene_population_zscore_dataset	reviewer_minimal_retrieval_dataset_pair	target_individual_sd_similarity	target_individual_sd_similarity	0.04061271679121907	0.036068395586738196	0.047706435743889004	0.005819020078575404	bca	ok	0.95	2000	2000	223	223	23	query_pubchem_cid	direction,cell_type,time_key	direction	95% BCa bootstrap CI clustered by PubChem compound; uncertainty is over the observed compound panel, not broader chemical space.
tahoe	sciplex	logFC	strict_matched_condition	cosine	per_gene_population_zscore_dataset	reviewer_minimal_retrieval_dataset_pair	target_individual_n_below_observed	target_individual_n_below_observed	80.68064791133844	72.03708563487015	90.88677743431917	9.42484589972451	bca	ok	0.95	2000	2000	223	223	23	query_pubchem_cid	direction,cell_type,time_key	direction	95% BCa bootstrap CI clustered by PubChem compound; uncertainty is over the observed compound panel, not broader chemical space.
tahoe	sciplex	logFC	strict_matched_condition	cosine	per_gene_population_zscore_dataset	reviewer_minimal_retrieval_dataset_pair	target_individual_fraction_below_observed	target_individual_fraction_below_observed	0.6882162246732362	0.6109574134513209	0.7767315358139185	0.0828870611812988	bca	ok	0.95	2000	2000	223	223	23	query_pubchem_cid	direction,cell_type,time_key	direction	95% BCa bootstrap CI clustered by PubChem compound; uncertainty is over the observed compound panel, not broader chemical space.
tahoe	sciplex	logFC	strict_matched_condition	cosine	per_gene_population_zscore_dataset	reviewer_minimal_retrieval_dataset_pair	target_individual_corrected_percentile	target_individual_corrected_percentile	0.6920342741207179	0.616529477909307	0.7776451874890294	0.08055785478986122	bca	ok	0.95	2000	2000	223	223	23	query_pubchem_cid	direction,cell_type,time_key	direction	95% BCa bootstrap CI clustered by PubChem compound; uncertainty is over the observed compound panel, not broader chemical space.
tahoe	sciplex	logFC	strict_matched_condition	cosine	per_gene_population_zscore_dataset	reviewer_minimal_retrieval_dataset_pair	source_centroid_similarity	source_centroid_similarity	0.2194294519775163	0.18970220945621377	0.2445879722945652	0.02744288141917571	bca	ok	0.95	2000	2000	223	223	23	query_pubchem_cid	direction,cell_type,time_key	direction	95% BCa bootstrap CI clustered by PubChem compound; uncertainty is over the observed compound panel, not broader chemical space.
tahoe	sciplex	logFC	strict_matched_condition	cosine	per_gene_population_zscore_dataset	reviewer_minimal_retrieval_dataset_pair	source_centroid_normalized_rank	source_centroid_normalized_rank	0.9602840241519279	0.9342230541984176	0.9782702633677065	0.022023604584644474	bca	ok	0.95	2000	2000	223	223	23	query_pubchem_cid	direction,cell_type,time_key	direction	95% BCa bootstrap CI clustered by PubChem compound; uncertainty is over the observed compound panel, not broader chemical space.
tahoe	sciplex	logFC	strict_matched_condition	cosine	per_gene_population_zscore_dataset	reviewer_minimal_retrieval_dataset_pair	source_centroid_recall_at_1	source_centroid_recall_at_1	0.7147485080988918	0.6022439163102298	0.7967289519909698	0.09724251784037002	bca	ok	0.95	2000	2000	223	223	23	query_pubchem_cid	direction,cell_type,time_key	direction	95% BCa bootstrap CI clustered by PubChem compound; uncertainty is over the observed compound panel, not broader chemical space.
tahoe	sciplex	logFC	strict_matched_condition	cosine	per_gene_population_zscore_dataset	reviewer_minimal_retrieval_dataset_pair	source_centroid_auroc	source_centroid_auroc	0.9602840241519279	0.9336628989048674	0.9770836818437378	0.02171039146943521	bca	ok	0.95	2000	2000	223	223	23	query_pubchem_cid	direction,cell_type,time_key	direction	95% BCa bootstrap CI clustered by PubChem compound; uncertainty is over the observed compound panel, not broader chemical space.
tahoe	sciplex	logFC	strict_matched_condition	cosine	per_gene_population_zscore_dataset	reviewer_minimal_retrieval_dataset_pair	target_centroid_similarity	target_centroid_similarity	0.010667342701340107	-0.00656286124899343	0.024434815810893445	0.015498838529943437	bca	ok	0.95	2000	2000	223	223	23	query_pubchem_cid	direction,cell_type,time_key	direction	95% BCa bootstrap CI clustered by PubChem compound; uncertainty is over the observed compound panel, not broader chemical space.
tahoe	sciplex	logFC	strict_matched_condition	cosine	per_gene_population_zscore_dataset	reviewer_minimal_retrieval_dataset_pair	target_centroid_normalized_rank	target_centroid_normalized_rank	0.5450342244675284	0.4675170435656763	0.6195924645734538	0.07603771050388877	bca	ok	0.95	2000	2000	223	223	23	query_pubchem_cid	direction,cell_type,time_key	direction	95% BCa bootstrap CI clustered by PubChem compound; uncertainty is over the observed compound panel, not broader chemical space.
tahoe	sciplex	logFC	strict_matched_condition	cosine	per_gene_population_zscore_dataset	reviewer_minimal_retrieval_dataset_pair	target_centroid_recall_at_1	target_centroid_recall_at_1	0.011764705882352941	0.0	0.07140958399849678	0.03570479199924839	bca	ok	0.95	2000	2000	223	223	23	query_pubchem_cid	direction,cell_type,time_key	direction	95% BCa bootstrap CI clustered by PubChem compound; uncertainty is over the observed compound panel, not broader chemical space.
tahoe	sciplex	logFC	strict_matched_condition	cosine	per_gene_population_zscore_dataset	reviewer_minimal_retrieval_dataset_pair	target_centroid_auroc	target_centroid_auroc	0.5450342244675284	0.45557540515848655	0.6137861876745437	0.0791053912580286	bca	ok	0.95	2000	2000	223	223	23	query_pubchem_cid	direction,cell_type,time_key	direction	95% BCa bootstrap CI clustered by PubChem compound; uncertainty is over the observed compound panel, not broader chemical space.
tahoe	sciplex	logFC	strict_matched_condition	cosine	per_gene_population_zscore_dataset	reviewer_minimal_retrieval_dataset_pair	source_peer_normalized_rank	source_peer_normalized_rank	0.6402986849818371	0.6158067318870768	0.6653496445112425	0.02477145631208283	bca	ok	0.95	2000	2000	223	223	23	query_pubchem_cid	direction,cell_type,time_key	direction	95% BCa bootstrap CI clustered by PubChem compound; uncertainty is over the observed compound panel, not broader chemical space.
tahoe	sciplex	logFC	strict_matched_condition	cosine	per_gene_population_zscore_dataset	reviewer_minimal_retrieval_dataset_pair	target_peer_normalized_rank	target_peer_normalized_rank	0.5018283311267236	0.4919689818829245	0.510319261209444	0.00917513966325978	bca	ok	0.95	2000	2000	223	223	23	query_pubchem_cid	direction,cell_type,time_key	direction	95% BCa bootstrap CI clustered by PubChem compound; uncertainty is over the observed compound panel, not broader chemical space.
tahoe	sciplex	logFC	strict_matched_condition	cosine	per_gene_population_zscore_dataset	reviewer_minimal_retrieval_dataset_pair	delta_vs_source_peer_normalized_rank	delta_vs_source_peer_normalized_rank	0.04815190826451347	-0.0314963501653757	0.14054408411426061	0.08602021713981815	bca	ok	0.95	2000	2000	223	223	23	query_pubchem_cid	direction,cell_type,time_key	direction	95% BCa bootstrap CI clustered by PubChem compound; uncertainty is over the observed compound panel, not broader chemical space.
tahoe	sciplex	logFC	strict_matched_condition	cosine	per_gene_population_zscore_dataset	reviewer_minimal_retrieval_dataset_pair	delta_vs_target_peer_normalized_rank	delta_vs_target_peer_normalized_rank	0.1866222621196269	0.11650635992553299	0.27457133076862733	0.07903248542154717	bca	ok	0.95	2000	2000	223	223	23	query_pubchem_cid	direction,cell_type,time_key	direction	95% BCa bootstrap CI clustered by PubChem compound; uncertainty is over the observed compound panel, not broader chemical space.
tahoe	sciplex	logFC	strict_matched_condition	cosine	per_gene_population_zscore_dataset	reviewer_minimal_retrieval_dataset_pair	target_decoy_null_normalized_best_positive_rank	target_decoy_null_normalized_best_positive_rank	0.601351261956353	0.5922131319063337	0.6202367307263927	0.014011799410029502	bca	ok	0.95	2000	2000	223	223	23	query_pubchem_cid	direction,cell_type,time_key	direction	95% BCa bootstrap CI clustered by PubChem compound; uncertainty is over the observed compound panel, not broader chemical space.
tahoe	sciplex	logFC	strict_matched_condition	cosine	per_gene_population_zscore_dataset	reviewer_minimal_retrieval_dataset_pair	delta_vs_target_decoy_null_normalized_best_positive_rank	delta_vs_target_decoy_null_normalized_best_positive_rank	0.08709933128999758	0.020873417721983024	0.16822653953342687	0.07367656090572192	bca	ok	0.95	2000	2000	223	223	23	query_pubchem_cid	direction,cell_type,time_key	direction	95% BCa bootstrap CI clustered by PubChem compound; uncertainty is over the observed compound panel, not broader chemical space.
tahoe	sciplex	logFC	strict_matched_condition	cosine	raw	reviewer_minimal_retrieval_dataset_pair	observed_normalized_best_positive_rank	observed_normalized_best_positive_rank	0.6886547028685718	0.6213611579409036	0.7701219551754809	0.07438039861728862	bca	ok	0.95	2000	2000	223	223	23	query_pubchem_cid	direction,cell_type,time_key	direction	95% BCa bootstrap CI clustered by PubChem compound; uncertainty is over the observed compound panel, not broader chemical space.
tahoe	sciplex	logFC	strict_matched_condition	cosine	raw	reviewer_minimal_retrieval_dataset_pair	observed_recall_at_1	observed_recall_at_1	0.07877237851662404	0.03556445461479786	0.14507194397562997	0.05475374468041606	bca	ok	0.95	2000	2000	223	223	23	query_pubchem_cid	direction,cell_type,time_key	direction	95% BCa bootstrap CI clustered by PubChem compound; uncertainty is over the observed compound panel, not broader chemical space.
tahoe	sciplex	logFC	strict_matched_condition	cosine	raw	reviewer_minimal_retrieval_dataset_pair	observed_auroc	observed_auroc	0.6881944154017275	0.6238449277474443	0.777151390275251	0.07665323126390339	bca	ok	0.95	2000	2000	223	223	23	query_pubchem_cid	direction,cell_type,time_key	direction	95% BCa bootstrap CI clustered by PubChem compound; uncertainty is over the observed compound panel, not broader chemical space.
tahoe	sciplex	logFC	strict_matched_condition	cosine	raw	reviewer_minimal_retrieval_dataset_pair	observed_best_positive_similarity	observed_best_positive_similarity	0.06293744831094367	0.0318722416337743	0.12518848470576316	0.046658121535994426	bca	ok	0.95	2000	2000	223	223	23	query_pubchem_cid	direction,cell_type,time_key	direction	95% BCa bootstrap CI clustered by PubChem compound; uncertainty is over the observed compound panel, not broader chemical space.
tahoe	sciplex	logFC	strict_matched_condition	cosine	raw	reviewer_minimal_retrieval_dataset_pair	random_normalized_best_positive_rank	random_normalized_best_positive_rank					not_estimable	too_few_clusters_or_values	0.95	2000	0	223	0	0	query_pubchem_cid	direction,cell_type,time_key	direction	95% BCa bootstrap CI clustered by PubChem compound; uncertainty is over the observed compound panel, not broader chemical space.
tahoe	sciplex	logFC	strict_matched_condition	cosine	raw	reviewer_minimal_retrieval_dataset_pair	random_recall_at_1	random_recall_at_1					not_estimable	too_few_clusters_or_values	0.95	2000	0	223	0	0	query_pubchem_cid	direction,cell_type,time_key	direction	95% BCa bootstrap CI clustered by PubChem compound; uncertainty is over the observed compound panel, not broader chemical space.
tahoe	sciplex	logFC	strict_matched_condition	cosine	raw	reviewer_minimal_retrieval_dataset_pair	random_auroc	random_auroc					not_estimable	too_few_clusters_or_values	0.95	2000	0	223	0	0	query_pubchem_cid	direction,cell_type,time_key	direction	95% BCa bootstrap CI clustered by PubChem compound; uncertainty is over the observed compound panel, not broader chemical space.
tahoe	sciplex	logFC	strict_matched_condition	cosine	raw	reviewer_minimal_retrieval_dataset_pair	delta_vs_random_normalized_best_positive_rank	delta_vs_random_normalized_best_positive_rank	0.08730344091221873	0.019784066758858538	0.16290400631544982	0.07155996977829564	bca	ok	0.95	2000	2000	223	223	23	query_pubchem_cid	direction,cell_type,time_key	direction	95% BCa bootstrap CI clustered by PubChem compound; uncertainty is over the observed compound panel, not broader chemical space.
tahoe	sciplex	logFC	strict_matched_condition	cosine	raw	reviewer_minimal_retrieval_dataset_pair	source_individual_n_peers	source_individual_n_peers	115.80392156862744	114.37387387387386	117.37931034482759	1.5027182354768627	bca	ok	0.95	2000	2000	223	223	23	query_pubchem_cid	direction,cell_type,time_key	direction	95% BCa bootstrap CI clustered by PubChem compound; uncertainty is over the observed compound panel, not broader chemical space.
tahoe	sciplex	logFC	strict_matched_condition	cosine	raw	reviewer_minimal_retrieval_dataset_pair	source_individual_mean_similarity	source_individual_mean_similarity	0.13468206558843918	0.12291522512879907	0.14469459340475646	0.010889684137978695	bca	ok	0.95	2000	2000	223	223	23	query_pubchem_cid	direction,cell_type,time_key	direction	95% BCa bootstrap CI clustered by PubChem compound; uncertainty is over the observed compound panel, not broader chemical space.
tahoe	sciplex	logFC	strict_matched_condition	cosine	raw	reviewer_minimal_retrieval_dataset_pair	source_individual_sd_similarity	source_individual_sd_similarity	0.10305721502642519	0.09906769916193857	0.10848630194783275	0.004709301392947091	bca	ok	0.95	2000	2000	223	223	23	query_pubchem_cid	direction,cell_type,time_key	direction	95% BCa bootstrap CI clustered by PubChem compound; uncertainty is over the observed compound panel, not broader chemical space.
tahoe	sciplex	logFC	strict_matched_condition	cosine	raw	reviewer_minimal_retrieval_dataset_pair	source_individual_n_below_observed	source_individual_n_below_observed	45.239641943734014	35.44104839912973	58.420841048106595	11.489896324488434	bca	ok	0.95	2000	2000	223	223	23	query_pubchem_cid	direction,cell_type,time_key	direction	95% BCa bootstrap CI clustered by PubChem compound; uncertainty is over the observed compound panel, not broader chemical space.
tahoe	sciplex	logFC	strict_matched_condition	cosine	raw	reviewer_minimal_retrieval_dataset_pair	source_individual_fraction_below_observed	source_individual_fraction_below_observed	0.3367896712845828	0.26267108194504274	0.4671179496777248	0.10222343386634103	bca	ok	0.95	2000	2000	223	223	23	query_pubchem_cid	direction,cell_type,time_key	direction	95% BCa bootstrap CI clustered by PubChem compound; uncertainty is over the observed compound panel, not broader chemical space.
tahoe	sciplex	logFC	strict_matched_condition	cosine	raw	reviewer_minimal_retrieval_dataset_pair	source_individual_corrected_percentile	source_individual_corrected_percentile	0.3451498061910495	0.2722704687808824	0.46094408851464663	0.09433680986688212	bca	ok	0.95	2000	2000	223	223	23	query_pubchem_cid	direction,cell_type,time_key	direction	95% BCa bootstrap CI clustered by PubChem compound; uncertainty is over the observed compound panel, not broader chemical space.
tahoe	sciplex	logFC	strict_matched_condition	cosine	raw	reviewer_minimal_retrieval_dataset_pair	target_individual_n_peers	target_individual_n_peers	115.29386189258312	114.28869565217391	116.37043827483849	1.040871311332289	bca	ok	0.95	2000	2000	223	223	23	query_pubchem_cid	direction,cell_type,time_key	direction	95% BCa bootstrap CI clustered by PubChem compound; uncertainty is over the observed compound panel, not broader chemical space.
tahoe	sciplex	logFC	strict_matched_condition	cosine	raw	reviewer_minimal_retrieval_dataset_pair	target_individual_mean_similarity	target_individual_mean_similarity	0.005902674825488608	0.0014849748438392782	0.011643425647518395	0.005079225401839559	bca	ok	0.95	2000	2000	223	223	23	query_pubchem_cid	direction,cell_type,time_key	direction	95% BCa bootstrap CI clustered by PubChem compound; uncertainty is over the observed compound panel, not broader chemical space.
tahoe	sciplex	logFC	strict_matched_condition	cosine	raw	reviewer_minimal_retrieval_dataset_pair	target_individual_sd_similarity	target_individual_sd_similarity	0.036728484479650866	0.032603611461231016	0.04419096769569513	0.005793678117232057	bca	ok	0.95	2000	2000	223	223	23	query_pubchem_cid	direction,cell_type,time_key	direction	95% BCa bootstrap CI clustered by PubChem compound; uncertainty is over the observed compound panel, not broader chemical space.
tahoe	sciplex	logFC	strict_matched_condition	cosine	raw	reviewer_minimal_retrieval_dataset_pair	target_individual_n_below_observed	target_individual_n_below_observed	81.11619778346122	73.470825335637	91.53704578553295	9.033110224947976	bca	ok	0.95	2000	2000	223	223	23	query_pubchem_cid	direction,cell_type,time_key	direction	95% BCa bootstrap CI clustered by PubChem compound; uncertainty is over the observed compound panel, not broader chemical space.
tahoe	sciplex	logFC	strict_matched_condition	cosine	raw	reviewer_minimal_retrieval_dataset_pair	target_individual_fraction_below_observed	target_individual_fraction_below_observed	0.6929677308293265	0.6241674602824284	0.780832268520053	0.07833240411881232	bca	ok	0.95	2000	2000	223	223	23	query_pubchem_cid	direction,cell_type,time_key	direction	95% BCa bootstrap CI clustered by PubChem compound; uncertainty is over the observed compound panel, not broader chemical space.
tahoe	sciplex	logFC	strict_matched_condition	cosine	raw	reviewer_minimal_retrieval_dataset_pair	target_individual_corrected_percentile	target_individual_corrected_percentile	0.6966702366456071	0.6262495786228293	0.7829915903231265	0.07837100585014861	bca	ok	0.95	2000	2000	223	223	23	query_pubchem_cid	direction,cell_type,time_key	direction	95% BCa bootstrap CI clustered by PubChem compound; uncertainty is over the observed compound panel, not broader chemical space.
tahoe	sciplex	logFC	strict_matched_condition	cosine	raw	reviewer_minimal_retrieval_dataset_pair	source_centroid_similarity	source_centroid_similarity	0.33020242998656424	0.30090608252850354	0.35376042468928487	0.026427171080390666	bca	ok	0.95	2000	2000	223	223	23	query_pubchem_cid	direction,cell_type,time_key	direction	95% BCa bootstrap CI clustered by PubChem compound; uncertainty is over the observed compound panel, not broader chemical space.
tahoe	sciplex	logFC	strict_matched_condition	cosine	raw	reviewer_minimal_retrieval_dataset_pair	source_centroid_normalized_rank	source_centroid_normalized_rank	0.9921950465010864	0.9690291165357378	0.9980607871113122	0.014515835287787215	bca	ok	0.95	2000	2000	223	223	23	query_pubchem_cid	direction,cell_type,time_key	direction	95% BCa bootstrap CI clustered by PubChem compound; uncertainty is over the observed compound panel, not broader chemical space.
tahoe	sciplex	logFC	strict_matched_condition	cosine	raw	reviewer_minimal_retrieval_dataset_pair	source_centroid_recall_at_1	source_centroid_recall_at_1	0.9343563512361466	0.8088177783232455	0.9761904761904762	0.08368634893361532	bca	ok	0.95	2000	2000	223	223	23	query_pubchem_cid	direction,cell_type,time_key	direction	95% BCa bootstrap CI clustered by PubChem compound; uncertainty is over the observed compound panel, not broader chemical space.
tahoe	sciplex	logFC	strict_matched_condition	cosine	raw	reviewer_minimal_retrieval_dataset_pair	source_centroid_auroc	source_centroid_auroc	0.9921950465010864	0.9710676306627559	0.9979785363676211	0.013455452852432603	bca	ok	0.95	2000	2000	223	223	23	query_pubchem_cid	direction,cell_type,time_key	direction	95% BCa bootstrap CI clustered by PubChem compound; uncertainty is over the observed compound panel, not broader chemical space.
tahoe	sciplex	logFC	strict_matched_condition	cosine	raw	reviewer_minimal_retrieval_dataset_pair	target_centroid_similarity	target_centroid_similarity	0.02398329624626933	0.008196269491515465	0.040082409784161006	0.01594307014632277	bca	ok	0.95	2000	2000	223	223	23	query_pubchem_cid	direction,cell_type,time_key	direction	95% BCa bootstrap CI clustered by PubChem compound; uncertainty is over the observed compound panel, not broader chemical space.
tahoe	sciplex	logFC	strict_matched_condition	cosine	raw	reviewer_minimal_retrieval_dataset_pair	target_centroid_normalized_rank	target_centroid_normalized_rank	0.5965229191375728	0.5149374463497107	0.670293945512784	0.07767824958153663	bca	ok	0.95	2000	2000	223	223	23	query_pubchem_cid	direction,cell_type,time_key	direction	95% BCa bootstrap CI clustered by PubChem compound; uncertainty is over the observed compound panel, not broader chemical space.
tahoe	sciplex	logFC	strict_matched_condition	cosine	raw	reviewer_minimal_retrieval_dataset_pair	target_centroid_recall_at_1	target_centroid_recall_at_1	0.007246376811594203	0.0	0.021739130434782608	0.010869565217391304	bca	ok	0.95	2000	2000	223	223	23	query_pubchem_cid	direction,cell_type,time_key	direction	95% BCa bootstrap CI clustered by PubChem compound; uncertainty is over the observed compound panel, not broader chemical space.
tahoe	sciplex	logFC	strict_matched_condition	cosine	raw	reviewer_minimal_retrieval_dataset_pair	target_centroid_auroc	target_centroid_auroc	0.5965229191375728	0.5178125910092284	0.6700112348020465	0.07609932189640906	bca	ok	0.95	2000	2000	223	223	23	query_pubchem_cid	direction,cell_type,time_key	direction	95% BCa bootstrap CI clustered by PubChem compound; uncertainty is over the observed compound panel, not broader chemical space.
tahoe	sciplex	logFC	strict_matched_condition	cosine	raw	reviewer_minimal_retrieval_dataset_pair	source_peer_normalized_rank	source_peer_normalized_rank	0.7979037225817309	0.7671261162238124	0.8255520151458697	0.029212949461028648	bca	ok	0.95	2000	2000	223	223	23	query_pubchem_cid	direction,cell_type,time_key	direction	95% BCa bootstrap CI clustered by PubChem compound; uncertainty is over the observed compound panel, not broader chemical space.
tahoe	sciplex	logFC	strict_matched_condition	cosine	raw	reviewer_minimal_retrieval_dataset_pair	target_peer_normalized_rank	target_peer_normalized_rank	0.4987014807584367	0.49017887584017766	0.5071858970506217	0.008503510605222003	bca	ok	0.95	2000	2000	223	223	23	query_pubchem_cid	direction,cell_type,time_key	direction	95% BCa bootstrap CI clustered by PubChem compound; uncertainty is over the observed compound panel, not broader chemical space.
tahoe	sciplex	logFC	strict_matched_condition	cosine	raw	reviewer_minimal_retrieval_dataset_pair	delta_vs_source_peer_normalized_rank	delta_vs_source_peer_normalized_rank	-0.10924901971315917	-0.18878726460280873	-0.020307468634141672	0.08423989798433353	bca	ok	0.95	2000	2000	223	223	23	query_pubchem_cid	direction,cell_type,time_key	direction	95% BCa bootstrap CI clustered by PubChem compound; uncertainty is over the observed compound panel, not broader chemical space.
tahoe	sciplex	logFC	strict_matched_condition	cosine	raw	reviewer_minimal_retrieval_dataset_pair	delta_vs_target_peer_normalized_rank	delta_vs_target_peer_normalized_rank	0.1899532221101351	0.12020552296646864	0.2690930638736034	0.07444377045356737	bca	ok	0.95	2000	2000	223	223	23	query_pubchem_cid	direction,cell_type,time_key	direction	95% BCa bootstrap CI clustered by PubChem compound; uncertainty is over the observed compound panel, not broader chemical space.
tahoe	sciplex	logFC	strict_matched_condition	cosine	raw	reviewer_minimal_retrieval_dataset_pair	target_decoy_null_normalized_best_positive_rank	target_decoy_null_normalized_best_positive_rank	0.601351261956353	0.5922131319063337	0.6180687443329532	0.012927806213309745	bca	ok	0.95	2000	2000	223	223	23	query_pubchem_cid	direction,cell_type,time_key	direction	95% BCa bootstrap CI clustered by PubChem compound; uncertainty is over the observed compound panel, not broader chemical space.
tahoe	sciplex	logFC	strict_matched_condition	cosine	raw	reviewer_minimal_retrieval_dataset_pair	delta_vs_target_decoy_null_normalized_best_positive_rank	delta_vs_target_decoy_null_normalized_best_positive_rank	0.08730344091221873	0.020881148626109992	0.16521815173845938	0.0721685015561747	bca	ok	0.95	2000	2000	223	223	23	query_pubchem_cid	direction,cell_type,time_key	direction	95% BCa bootstrap CI clustered by PubChem compound; uncertainty is over the observed compound panel, not broader chemical space.
tahoe	sciplex	logFC	strict_matched_condition	spearman	per_gene_population_zscore_dataset	reviewer_minimal_retrieval_dataset_pair	observed_normalized_best_positive_rank	observed_normalized_best_positive_rank	0.6693037871595449	0.5906567605238573	0.7597855419378152	0.08456439070697896	bca	ok	0.95	2000	2000	223	223	23	query_pubchem_cid	direction,cell_type,time_key	direction	95% BCa bootstrap CI clustered by PubChem compound; uncertainty is over the observed compound panel, not broader chemical space.
tahoe	sciplex	logFC	strict_matched_condition	spearman	per_gene_population_zscore_dataset	reviewer_minimal_retrieval_dataset_pair	observed_recall_at_1	observed_recall_at_1	0.08329070758738277	0.0347261434217956	0.20504640984331515	0.08516013321075977	bca	ok	0.95	2000	2000	223	223	23	query_pubchem_cid	direction,cell_type,time_key	direction	95% BCa bootstrap CI clustered by PubChem compound; uncertainty is over the observed compound panel, not broader chemical space.
tahoe	sciplex	logFC	strict_matched_condition	spearman	per_gene_population_zscore_dataset	reviewer_minimal_retrieval_dataset_pair	observed_auroc	observed_auroc	0.6687975824855337	0.5921139614546276	0.7561479177083769	0.08201697812687464	bca	ok	0.95	2000	2000	223	223	23	query_pubchem_cid	direction,cell_type,time_key	direction	95% BCa bootstrap CI clustered by PubChem compound; uncertainty is over the observed compound panel, not broader chemical space.
tahoe	sciplex	logFC	strict_matched_condition	spearman	per_gene_population_zscore_dataset	reviewer_minimal_retrieval_dataset_pair	observed_best_positive_similarity	observed_best_positive_similarity	0.05483450246058186	0.024165509825723623	0.11107946254271994	0.043456976358498156	bca	ok	0.95	2000	2000	223	223	23	query_pubchem_cid	direction,cell_type,time_key	direction	95% BCa bootstrap CI clustered by PubChem compound; uncertainty is over the observed compound panel, not broader chemical space.
tahoe	sciplex	logFC	strict_matched_condition	spearman	per_gene_population_zscore_dataset	reviewer_minimal_retrieval_dataset_pair	random_normalized_best_positive_rank	random_normalized_best_positive_rank					not_estimable	too_few_clusters_or_values	0.95	2000	0	223	0	0	query_pubchem_cid	direction,cell_type,time_key	direction	95% BCa bootstrap CI clustered by PubChem compound; uncertainty is over the observed compound panel, not broader chemical space.
tahoe	sciplex	logFC	strict_matched_condition	spearman	per_gene_population_zscore_dataset	reviewer_minimal_retrieval_dataset_pair	random_recall_at_1	random_recall_at_1					not_estimable	too_few_clusters_or_values	0.95	2000	0	223	0	0	query_pubchem_cid	direction,cell_type,time_key	direction	95% BCa bootstrap CI clustered by PubChem compound; uncertainty is over the observed compound panel, not broader chemical space.
tahoe	sciplex	logFC	strict_matched_condition	spearman	per_gene_population_zscore_dataset	reviewer_minimal_retrieval_dataset_pair	random_auroc	random_auroc					not_estimable	too_few_clusters_or_values	0.95	2000	0	223	0	0	query_pubchem_cid	direction,cell_type,time_key	direction	95% BCa bootstrap CI clustered by PubChem compound; uncertainty is over the observed compound panel, not broader chemical space.
tahoe	sciplex	logFC	strict_matched_condition	spearman	per_gene_population_zscore_dataset	reviewer_minimal_retrieval_dataset_pair	delta_vs_random_normalized_best_positive_rank	delta_vs_random_normalized_best_positive_rank	0.06795252520319196	-0.0029860104214221514	0.15379625392161161	0.07839113217151689	bca	ok	0.95	2000	2000	223	223	23	query_pubchem_cid	direction,cell_type,time_key	direction	95% BCa bootstrap CI clustered by PubChem compound; uncertainty is over the observed compound panel, not broader chemical space.
tahoe	sciplex	logFC	strict_matched_condition	spearman	per_gene_population_zscore_dataset	reviewer_minimal_retrieval_dataset_pair	source_individual_n_peers	source_individual_n_peers	115.80392156862744	114.37387387387386	117.29718875502007	1.4616574405731058	bca	ok	0.95	2000	2000	223	223	23	query_pubchem_cid	direction,cell_type,time_key	direction	95% BCa bootstrap CI clustered by PubChem compound; uncertainty is over the observed compound panel, not broader chemical space.
tahoe	sciplex	logFC	strict_matched_condition	spearman	per_gene_population_zscore_dataset	reviewer_minimal_retrieval_dataset_pair	source_individual_mean_similarity	source_individual_mean_similarity	0.06987980782662624	0.061033254678423576	0.07698247321629503	0.007974609268935728	bca	ok	0.95	2000	2000	223	223	23	query_pubchem_cid	direction,cell_type,time_key	direction	95% BCa bootstrap CI clustered by PubChem compound; uncertainty is over the observed compound panel, not broader chemical space.
tahoe	sciplex	logFC	strict_matched_condition	spearman	per_gene_population_zscore_dataset	reviewer_minimal_retrieval_dataset_pair	source_individual_sd_similarity	source_individual_sd_similarity	0.1167947571238771	0.11205950841532218	0.12288475956523962	0.005412625574958717	bca	ok	0.95	2000	2000	223	223	23	query_pubchem_cid	direction,cell_type,time_key	direction	95% BCa bootstrap CI clustered by PubChem compound; uncertainty is over the observed compound panel, not broader chemical space.
tahoe	sciplex	logFC	strict_matched_condition	spearman	per_gene_population_zscore_dataset	reviewer_minimal_retrieval_dataset_pair	source_individual_n_below_observed	source_individual_n_below_observed	61.90051150895141	54.63511944435571	71.66491301700879	8.514896786326538	bca	ok	0.95	2000	2000	223	223	23	query_pubchem_cid	direction,cell_type,time_key	direction	95% BCa bootstrap CI clustered by PubChem compound; uncertainty is over the observed compound panel, not broader chemical space.
tahoe	sciplex	logFC	strict_matched_condition	spearman	per_gene_population_zscore_dataset	reviewer_minimal_retrieval_dataset_pair	source_individual_fraction_below_observed	source_individual_fraction_below_observed	0.48223922184210144	0.4208416031652983	0.582546465986263	0.08085243141048237	bca	ok	0.95	2000	2000	223	223	23	query_pubchem_cid	direction,cell_type,time_key	direction	95% BCa bootstrap CI clustered by PubChem compound; uncertainty is over the observed compound panel, not broader chemical space.
tahoe	sciplex	logFC	strict_matched_condition	spearman	per_gene_population_zscore_dataset	reviewer_minimal_retrieval_dataset_pair	source_individual_corrected_percentile	source_individual_corrected_percentile	0.48891471425273697	0.42742962979656274	0.5842427440359107	0.07840655711967398	bca	ok	0.95	2000	2000	223	223	23	query_pubchem_cid	direction,cell_type,time_key	direction	95% BCa bootstrap CI clustered by PubChem compound; uncertainty is over the observed compound panel, not broader chemical space.
tahoe	sciplex	logFC	strict_matched_condition	spearman	per_gene_population_zscore_dataset	reviewer_minimal_retrieval_dataset_pair	target_individual_n_peers	target_individual_n_peers	115.29386189258312	114.31392339544513	116.37043827483849	1.0282574396966808	bca	ok	0.95	2000	2000	223	223	23	query_pubchem_cid	direction,cell_type,time_key	direction	95% BCa bootstrap CI clustered by PubChem compound; uncertainty is over the observed compound panel, not broader chemical space.
tahoe	sciplex	logFC	strict_matched_condition	spearman	per_gene_population_zscore_dataset	reviewer_minimal_retrieval_dataset_pair	target_individual_mean_similarity	target_individual_mean_similarity	0.0005413189346127342	-0.0030910288966867687	0.0032730666704691835	0.0031820477835779763	bca	ok	0.95	2000	2000	223	223	23	query_pubchem_cid	direction,cell_type,time_key	direction	95% BCa bootstrap CI clustered by PubChem compound; uncertainty is over the observed compound panel, not broader chemical space.
tahoe	sciplex	logFC	strict_matched_condition	spearman	per_gene_population_zscore_dataset	reviewer_minimal_retrieval_dataset_pair	target_individual_sd_similarity	target_individual_sd_similarity	0.03932135984887428	0.0350579906339213	0.04606083603298868	0.00550142269953369	bca	ok	0.95	2000	2000	223	223	23	query_pubchem_cid	direction,cell_type,time_key	direction	95% BCa bootstrap CI clustered by PubChem compound; uncertainty is over the observed compound panel, not broader chemical space.
tahoe	sciplex	logFC	strict_matched_condition	spearman	per_gene_population_zscore_dataset	reviewer_minimal_retrieval_dataset_pair	target_individual_n_below_observed	target_individual_n_below_observed	78.51133844842285	69.0105061546796	88.47908647634723	9.734290160833815	bca	ok	0.95	2000	2000	223	223	23	query_pubchem_cid	direction,cell_type,time_key	direction	95% BCa bootstrap CI clustered by PubChem compound; uncertainty is over the observed compound panel, not broader chemical space.
tahoe	sciplex	logFC	strict_matched_condition	spearman	per_gene_population_zscore_dataset	reviewer_minimal_retrieval_dataset_pair	target_individual_fraction_below_observed	target_individual_fraction_below_observed	0.6677097521225692	0.5922074167802706	0.759264099772054	0.08352834149589172	bca	ok	0.95	2000	2000	223	223	23	query_pubchem_cid	direction,cell_type,time_key	direction	95% BCa bootstrap CI clustered by PubChem compound; uncertainty is over the observed compound panel, not broader chemical space.
tahoe	sciplex	logFC	strict_matched_condition	spearman	per_gene_population_zscore_dataset	reviewer_minimal_retrieval_dataset_pair	target_individual_corrected_percentile	target_individual_corrected_percentile	0.6717835785478661	0.5954877475387319	0.7646418144927961	0.0845770334770321	bca	ok	0.95	2000	2000	223	223	23	query_pubchem_cid	direction,cell_type,time_key	direction	95% BCa bootstrap CI clustered by PubChem compound; uncertainty is over the observed compound panel, not broader chemical space.
tahoe	sciplex	logFC	strict_matched_condition	spearman	per_gene_population_zscore_dataset	reviewer_minimal_retrieval_dataset_pair	source_centroid_similarity	source_centroid_similarity	0.21092480509323894	0.18076693687530007	0.2355157393226774	0.027374401223688657	bca	ok	0.95	2000	2000	223	223	23	query_pubchem_cid	direction,cell_type,time_key	direction	95% BCa bootstrap CI clustered by PubChem compound; uncertainty is over the observed compound panel, not broader chemical space.
tahoe	sciplex	logFC	strict_matched_condition	spearman	per_gene_population_zscore_dataset	reviewer_minimal_retrieval_dataset_pair	source_centroid_normalized_rank	source_centroid_normalized_rank	0.958166585132876	0.9261844333220186	0.9789833591332426	0.026399462905612014	bca	ok	0.95	2000	2000	223	223	23	query_pubchem_cid	direction,cell_type,time_key	direction	95% BCa bootstrap CI clustered by PubChem compound; uncertainty is over the observed compound panel, not broader chemical space.
tahoe	sciplex	logFC	strict_matched_condition	spearman	per_gene_population_zscore_dataset	reviewer_minimal_retrieval_dataset_pair	source_centroid_recall_at_1	source_centroid_recall_at_1	0.7464620630861041	0.6458178120328042	0.8213088791596879	0.08774553356344184	bca	ok	0.95	2000	2000	223	223	23	query_pubchem_cid	direction,cell_type,time_key	direction	95% BCa bootstrap CI clustered by PubChem compound; uncertainty is over the observed compound panel, not broader chemical space.
tahoe	sciplex	logFC	strict_matched_condition	spearman	per_gene_population_zscore_dataset	reviewer_minimal_retrieval_dataset_pair	source_centroid_auroc	source_centroid_auroc	0.958166585132876	0.9271430777696661	0.9799587771564439	0.026407849693388885	bca	ok	0.95	2000	2000	223	223	23	query_pubchem_cid	direction,cell_type,time_key	direction	95% BCa bootstrap CI clustered by PubChem compound; uncertainty is over the observed compound panel, not broader chemical space.
tahoe	sciplex	logFC	strict_matched_condition	spearman	per_gene_population_zscore_dataset	reviewer_minimal_retrieval_dataset_pair	target_centroid_similarity	target_centroid_similarity	0.006512867046514958	-0.010851911026709021	0.018475113252231508	0.014663512139470265	bca	ok	0.95	2000	2000	223	223	23	query_pubchem_cid	direction,cell_type,time_key	direction	95% BCa bootstrap CI clustered by PubChem compound; uncertainty is over the observed compound panel, not broader chemical space.
tahoe	sciplex	logFC	strict_matched_condition	spearman	per_gene_population_zscore_dataset	reviewer_minimal_retrieval_dataset_pair	target_centroid_normalized_rank	target_centroid_normalized_rank	0.5296859664581945	0.4465786750274244	0.5959827680798966	0.0747020465262361	bca	ok	0.95	2000	2000	223	223	23	query_pubchem_cid	direction,cell_type,time_key	direction	95% BCa bootstrap CI clustered by PubChem compound; uncertainty is over the observed compound panel, not broader chemical space.
tahoe	sciplex	logFC	strict_matched_condition	spearman	per_gene_population_zscore_dataset	reviewer_minimal_retrieval_dataset_pair	target_centroid_recall_at_1	target_centroid_recall_at_1	0.019011082693947145	0.0	0.05988177551498917	0.029940887757494584	bca	ok	0.95	2000	2000	223	223	23	query_pubchem_cid	direction,cell_type,time_key	direction	95% BCa bootstrap CI clustered by PubChem compound; uncertainty is over the observed compound panel, not broader chemical space.
tahoe	sciplex	logFC	strict_matched_condition	spearman	per_gene_population_zscore_dataset	reviewer_minimal_retrieval_dataset_pair	target_centroid_auroc	target_centroid_auroc	0.5296859664581945	0.4437680432968751	0.5931205636556027	0.07467626017936382	bca	ok	0.95	2000	2000	223	223	23	query_pubchem_cid	direction,cell_type,time_key	direction	95% BCa bootstrap CI clustered by PubChem compound; uncertainty is over the observed compound panel, not broader chemical space.
tahoe	sciplex	logFC	strict_matched_condition	spearman	per_gene_population_zscore_dataset	reviewer_minimal_retrieval_dataset_pair	source_peer_normalized_rank	source_peer_normalized_rank	0.6413963458820615	0.6196022320131702	0.6662690540103237	0.02333341099857672	bca	ok	0.95	2000	2000	223	223	23	query_pubchem_cid	direction,cell_type,time_key	direction	95% BCa bootstrap CI clustered by PubChem compound; uncertainty is over the observed compound panel, not broader chemical space.
tahoe	sciplex	logFC	strict_matched_condition	spearman	per_gene_population_zscore_dataset	reviewer_minimal_retrieval_dataset_pair	target_peer_normalized_rank	target_peer_normalized_rank	0.5026019322138363	0.4926827808620186	0.5113990204531541	0.009358119795567749	bca	ok	0.95	2000	2000	223	223	23	query_pubchem_cid	direction,cell_type,time_key	direction	95% BCa bootstrap CI clustered by PubChem compound; uncertainty is over the observed compound panel, not broader chemical space.
tahoe	sciplex	logFC	strict_matched_condition	spearman	per_gene_population_zscore_dataset	reviewer_minimal_retrieval_dataset_pair	delta_vs_source_peer_normalized_rank	delta_vs_source_peer_normalized_rank	0.027907441277483465	-0.05390682389898653	0.1210965356627729	0.08750167978087972	bca	ok	0.95	2000	2000	223	223	23	query_pubchem_cid	direction,cell_type,time_key	direction	95% BCa bootstrap CI clustered by PubChem compound; uncertainty is over the observed compound panel, not broader chemical space.
tahoe	sciplex	logFC	strict_matched_condition	spearman	per_gene_population_zscore_dataset	reviewer_minimal_retrieval_dataset_pair	delta_vs_target_peer_normalized_rank	delta_vs_target_peer_normalized_rank	0.16670185494570855	0.08855810380440134	0.25815805296444594	0.08479997458002231	bca	ok	0.95	2000	2000	223	223	23	query_pubchem_cid	direction,cell_type,time_key	direction	95% BCa bootstrap CI clustered by PubChem compound; uncertainty is over the observed compound panel, not broader chemical space.
tahoe	sciplex	logFC	strict_matched_condition	spearman	per_gene_population_zscore_dataset	reviewer_minimal_retrieval_dataset_pair	target_decoy_null_normalized_best_positive_rank	target_decoy_null_normalized_best_positive_rank	0.601351261956353	0.5922131319063336	0.6196275220563914	0.013707195075028877	bca	ok	0.95	2000	2000	223	223	23	query_pubchem_cid	direction,cell_type,time_key	direction	95% BCa bootstrap CI clustered by PubChem compound; uncertainty is over the observed compound panel, not broader chemical space.
tahoe	sciplex	logFC	strict_matched_condition	spearman	per_gene_population_zscore_dataset	reviewer_minimal_retrieval_dataset_pair	delta_vs_target_decoy_null_normalized_best_positive_rank	delta_vs_target_decoy_null_normalized_best_positive_rank	0.06795252520319196	-0.00771956558408713	0.14597440510973353	0.07684698534691033	bca	ok	0.95	2000	2000	223	223	23	query_pubchem_cid	direction,cell_type,time_key	direction	95% BCa bootstrap CI clustered by PubChem compound; uncertainty is over the observed compound panel, not broader chemical space.
tahoe	sciplex	logFC	strict_matched_condition	spearman	raw	reviewer_minimal_retrieval_dataset_pair	observed_normalized_best_positive_rank	observed_normalized_best_positive_rank	0.665266858611572	0.5926939167019772	0.7531615405759213	0.08023381193697204	bca	ok	0.95	2000	2000	223	223	23	query_pubchem_cid	direction,cell_type,time_key	direction	95% BCa bootstrap CI clustered by PubChem compound; uncertainty is over the observed compound panel, not broader chemical space.
tahoe	sciplex	logFC	strict_matched_condition	spearman	raw	reviewer_minimal_retrieval_dataset_pair	observed_recall_at_1	observed_recall_at_1	0.05115089514066496	0.019592055823939882	0.12600923574057474	0.053208589958317426	bca	ok	0.95	2000	2000	223	223	23	query_pubchem_cid	direction,cell_type,time_key	direction	95% BCa bootstrap CI clustered by PubChem compound; uncertainty is over the observed compound panel, not broader chemical space.
tahoe	sciplex	logFC	strict_matched_condition	spearman	raw	reviewer_minimal_retrieval_dataset_pair	observed_auroc	observed_auroc	0.664741601588281	0.5917468124557116	0.7544238647442874	0.08133852614428788	bca	ok	0.95	2000	2000	223	223	23	query_pubchem_cid	direction,cell_type,time_key	direction	95% BCa bootstrap CI clustered by PubChem compound; uncertainty is over the observed compound panel, not broader chemical space.
tahoe	sciplex	logFC	strict_matched_condition	spearman	raw	reviewer_minimal_retrieval_dataset_pair	observed_best_positive_similarity	observed_best_positive_similarity	0.0535995090637405	0.02657014300947115	0.11559875652653388	0.044514306758531366	bca	ok	0.95	2000	2000	223	223	23	query_pubchem_cid	direction,cell_type,time_key	direction	95% BCa bootstrap CI clustered by PubChem compound; uncertainty is over the observed compound panel, not broader chemical space.
tahoe	sciplex	logFC	strict_matched_condition	spearman	raw	reviewer_minimal_retrieval_dataset_pair	random_normalized_best_positive_rank	random_normalized_best_positive_rank					not_estimable	too_few_clusters_or_values	0.95	2000	0	223	0	0	query_pubchem_cid	direction,cell_type,time_key	direction	95% BCa bootstrap CI clustered by PubChem compound; uncertainty is over the observed compound panel, not broader chemical space.
tahoe	sciplex	logFC	strict_matched_condition	spearman	raw	reviewer_minimal_retrieval_dataset_pair	random_recall_at_1	random_recall_at_1					not_estimable	too_few_clusters_or_values	0.95	2000	0	223	0	0	query_pubchem_cid	direction,cell_type,time_key	direction	95% BCa bootstrap CI clustered by PubChem compound; uncertainty is over the observed compound panel, not broader chemical space.
tahoe	sciplex	logFC	strict_matched_condition	spearman	raw	reviewer_minimal_retrieval_dataset_pair	random_auroc	random_auroc					not_estimable	too_few_clusters_or_values	0.95	2000	0	223	0	0	query_pubchem_cid	direction,cell_type,time_key	direction	95% BCa bootstrap CI clustered by PubChem compound; uncertainty is over the observed compound panel, not broader chemical space.
tahoe	sciplex	logFC	strict_matched_condition	spearman	raw	reviewer_minimal_retrieval_dataset_pair	delta_vs_random_normalized_best_positive_rank	delta_vs_random_normalized_best_positive_rank	0.06391559665521902	-0.0019486765916878364	0.14544167925731755	0.0736951779245027	bca	ok	0.95	2000	2000	223	223	23	query_pubchem_cid	direction,cell_type,time_key	direction	95% BCa bootstrap CI clustered by PubChem compound; uncertainty is over the observed compound panel, not broader chemical space.
tahoe	sciplex	logFC	strict_matched_condition	spearman	raw	reviewer_minimal_retrieval_dataset_pair	source_individual_n_peers	source_individual_n_peers	115.80392156862744	114.37763323488497	117.22222222222221	1.4222944936686233	bca	ok	0.95	2000	2000	223	223	23	query_pubchem_cid	direction,cell_type,time_key	direction	95% BCa bootstrap CI clustered by PubChem compound; uncertainty is over the observed compound panel, not broader chemical space.
tahoe	sciplex	logFC	strict_matched_condition	spearman	raw	reviewer_minimal_retrieval_dataset_pair	source_individual_mean_similarity	source_individual_mean_similarity	0.13485789136167178	0.12253864049568024	0.1440595131423908	0.010760436323355278	bca	ok	0.95	2000	2000	223	223	23	query_pubchem_cid	direction,cell_type,time_key	direction	95% BCa bootstrap CI clustered by PubChem compound; uncertainty is over the observed compound panel, not broader chemical space.
tahoe	sciplex	logFC	strict_matched_condition	spearman	raw	reviewer_minimal_retrieval_dataset_pair	source_individual_sd_similarity	source_individual_sd_similarity	0.10728793859055169	0.102085922575712	0.1132736044592508	0.005593840941769401	bca	ok	0.95	2000	2000	223	223	23	query_pubchem_cid	direction,cell_type,time_key	direction	95% BCa bootstrap CI clustered by PubChem compound; uncertainty is over the observed compound panel, not broader chemical space.
tahoe	sciplex	logFC	strict_matched_condition	spearman	raw	reviewer_minimal_retrieval_dataset_pair	source_individual_n_below_observed	source_individual_n_below_observed	43.658482523444164	34.83969748326034	55.95592454393085	10.558113530335255	bca	ok	0.95	2000	2000	223	223	23	query_pubchem_cid	direction,cell_type,time_key	direction	95% BCa bootstrap CI clustered by PubChem compound; uncertainty is over the observed compound panel, not broader chemical space.
tahoe	sciplex	logFC	strict_matched_condition	spearman	raw	reviewer_minimal_retrieval_dataset_pair	source_individual_fraction_below_observed	source_individual_fraction_below_observed	0.32487085024231044	0.2562253032610496	0.42095711964820154	0.08236590819357598	bca	ok	0.95	2000	2000	223	223	23	query_pubchem_cid	direction,cell_type,time_key	direction	95% BCa bootstrap CI clustered by PubChem compound; uncertainty is over the observed compound panel, not broader chemical space.
tahoe	sciplex	logFC	strict_matched_condition	spearman	raw	reviewer_minimal_retrieval_dataset_pair	source_individual_corrected_percentile	source_individual_corrected_percentile	0.3333405708583888	0.26725904295523994	0.43539952673760995	0.084070241891185	bca	ok	0.95	2000	2000	223	223	23	query_pubchem_cid	direction,cell_type,time_key	direction	95% BCa bootstrap CI clustered by PubChem compound; uncertainty is over the observed compound panel, not broader chemical space.
tahoe	sciplex	logFC	strict_matched_condition	spearman	raw	reviewer_minimal_retrieval_dataset_pair	target_individual_n_peers	target_individual_n_peers	115.29386189258312	114.22004830917874	116.37043827483849	1.0751949828298777	bca	ok	0.95	2000	2000	223	223	23	query_pubchem_cid	direction,cell_type,time_key	direction	95% BCa bootstrap CI clustered by PubChem compound; uncertainty is over the observed compound panel, not broader chemical space.
tahoe	sciplex	logFC	strict_matched_condition	spearman	raw	reviewer_minimal_retrieval_dataset_pair	target_individual_mean_similarity	target_individual_mean_similarity	0.00372364786931017	-0.0009041569264989063	0.008859332381722531	0.004881744654110719	bca	ok	0.95	2000	2000	223	223	23	query_pubchem_cid	direction,cell_type,time_key	direction	95% BCa bootstrap CI clustered by PubChem compound; uncertainty is over the observed compound panel, not broader chemical space.
tahoe	sciplex	logFC	strict_matched_condition	spearman	raw	reviewer_minimal_retrieval_dataset_pair	target_individual_sd_similarity	target_individual_sd_similarity	0.03675534618299565	0.032338674842493274	0.04295117198896191	0.005306248573234317	bca	ok	0.95	2000	2000	223	223	23	query_pubchem_cid	direction,cell_type,time_key	direction	95% BCa bootstrap CI clustered by PubChem compound; uncertainty is over the observed compound panel, not broader chemical space.
tahoe	sciplex	logFC	strict_matched_condition	spearman	raw	reviewer_minimal_retrieval_dataset_pair	target_individual_n_below_observed	target_individual_n_below_observed	78.2622335890878	69.90353016259745	88.86087393196176	9.478671884682157	bca	ok	0.95	2000	2000	223	223	23	query_pubchem_cid	direction,cell_type,time_key	direction	95% BCa bootstrap CI clustered by PubChem compound; uncertainty is over the observed compound panel, not broader chemical space.
tahoe	sciplex	logFC	strict_matched_condition	spearman	raw	reviewer_minimal_retrieval_dataset_pair	target_individual_fraction_below_observed	target_individual_fraction_below_observed	0.6647364208065183	0.5895370007774657	0.7549906811793359	0.08272684020093507	bca	ok	0.95	2000	2000	223	223	23	query_pubchem_cid	direction,cell_type,time_key	direction	95% BCa bootstrap CI clustered by PubChem compound; uncertainty is over the observed compound panel, not broader chemical space.
tahoe	sciplex	logFC	strict_matched_condition	spearman	raw	reviewer_minimal_retrieval_dataset_pair	target_individual_corrected_percentile	target_individual_corrected_percentile	0.6688246621083364	0.5996708576254517	0.7588909712765591	0.07961005682555372	bca	ok	0.95	2000	2000	223	223	23	query_pubchem_cid	direction,cell_type,time_key	direction	95% BCa bootstrap CI clustered by PubChem compound; uncertainty is over the observed compound panel, not broader chemical space.
tahoe	sciplex	logFC	strict_matched_condition	spearman	raw	reviewer_minimal_retrieval_dataset_pair	source_centroid_similarity	source_centroid_similarity	0.3180703003433967	0.28894618709795084	0.34233244543970537	0.026693129170877267	bca	ok	0.95	2000	2000	223	223	23	query_pubchem_cid	direction,cell_type,time_key	direction	95% BCa bootstrap CI clustered by PubChem compound; uncertainty is over the observed compound panel, not broader chemical space.
tahoe	sciplex	logFC	strict_matched_condition	spearman	raw	reviewer_minimal_retrieval_dataset_pair	source_centroid_normalized_rank	source_centroid_normalized_rank	0.9895010277171021	0.9671634164433447	0.9979679535315227	0.015402268544088993	bca	ok	0.95	2000	2000	223	223	23	query_pubchem_cid	direction,cell_type,time_key	direction	95% BCa bootstrap CI clustered by PubChem compound; uncertainty is over the observed compound panel, not broader chemical space.
tahoe	sciplex	logFC	strict_matched_condition	spearman	raw	reviewer_minimal_retrieval_dataset_pair	source_centroid_recall_at_1	source_centroid_recall_at_1	0.9343563512361466	0.8040621991143534	0.9757081686429513	0.08582298476429895	bca	ok	0.95	2000	2000	223	223	23	query_pubchem_cid	direction,cell_type,time_key	direction	95% BCa bootstrap CI clustered by PubChem compound; uncertainty is over the observed compound panel, not broader chemical space.
tahoe	sciplex	logFC	strict_matched_condition	spearman	raw	reviewer_minimal_retrieval_dataset_pair	source_centroid_auroc	source_centroid_auroc	0.9895010277171021	0.9692758839731584	0.9983699928969094	0.014547054461875486	bca	ok	0.95	2000	2000	223	223	23	query_pubchem_cid	direction,cell_type,time_key	direction	95% BCa bootstrap CI clustered by PubChem compound; uncertainty is over the observed compound panel, not broader chemical space.
tahoe	sciplex	logFC	strict_matched_condition	spearman	raw	reviewer_minimal_retrieval_dataset_pair	target_centroid_similarity	target_centroid_similarity	0.01831743893344966	0.0023159684176838674	0.0338038985847354	0.015743965083525765	bca	ok	0.95	2000	2000	223	223	23	query_pubchem_cid	direction,cell_type,time_key	direction	95% BCa bootstrap CI clustered by PubChem compound; uncertainty is over the observed compound panel, not broader chemical space.
tahoe	sciplex	logFC	strict_matched_condition	spearman	raw	reviewer_minimal_retrieval_dataset_pair	target_centroid_normalized_rank	target_centroid_normalized_rank	0.5700264971407629	0.49656150469769417	0.6387617953456862	0.07110014532399603	bca	ok	0.95	2000	2000	223	223	23	query_pubchem_cid	direction,cell_type,time_key	direction	95% BCa bootstrap CI clustered by PubChem compound; uncertainty is over the observed compound panel, not broader chemical space.
tahoe	sciplex	logFC	strict_matched_condition	spearman	raw	reviewer_minimal_retrieval_dataset_pair	target_centroid_recall_at_1	target_centroid_recall_at_1	0.007246376811594203	0.0	0.021739130434782608	0.010869565217391304	bca	ok	0.95	2000	2000	223	223	23	query_pubchem_cid	direction,cell_type,time_key	direction	95% BCa bootstrap CI clustered by PubChem compound; uncertainty is over the observed compound panel, not broader chemical space.
tahoe	sciplex	logFC	strict_matched_condition	spearman	raw	reviewer_minimal_retrieval_dataset_pair	target_centroid_auroc	target_centroid_auroc	0.5700264971407629	0.48849221357874945	0.6353424299961016	0.07342510820867607	bca	ok	0.95	2000	2000	223	223	23	query_pubchem_cid	direction,cell_type,time_key	direction	95% BCa bootstrap CI clustered by PubChem compound; uncertainty is over the observed compound panel, not broader chemical space.
tahoe	sciplex	logFC	strict_matched_condition	spearman	raw	reviewer_minimal_retrieval_dataset_pair	source_peer_normalized_rank	source_peer_normalized_rank	0.7896155810723438	0.7613559910741725	0.8135589245144811	0.026101466720154287	bca	ok	0.95	2000	2000	223	223	23	query_pubchem_cid	direction,cell_type,time_key	direction	95% BCa bootstrap CI clustered by PubChem compound; uncertainty is over the observed compound panel, not broader chemical space.
tahoe	sciplex	logFC	strict_matched_condition	spearman	raw	reviewer_minimal_retrieval_dataset_pair	target_peer_normalized_rank	target_peer_normalized_rank	0.5002905147846183	0.48976243358444893	0.508832312954426	0.00953493968498853	bca	ok	0.95	2000	2000	223	223	23	query_pubchem_cid	direction,cell_type,time_key	direction	95% BCa bootstrap CI clustered by PubChem compound; uncertainty is over the observed compound panel, not broader chemical space.
tahoe	sciplex	logFC	strict_matched_condition	spearman	raw	reviewer_minimal_retrieval_dataset_pair	delta_vs_source_peer_normalized_rank	delta_vs_source_peer_normalized_rank	-0.12434872246077175	-0.20345347333833583	-0.03243515677358379	0.08550915828237601	bca	ok	0.95	2000	2000	223	223	23	query_pubchem_cid	direction,cell_type,time_key	direction	95% BCa bootstrap CI clustered by PubChem compound; uncertainty is over the observed compound panel, not broader chemical space.
tahoe	sciplex	logFC	strict_matched_condition	spearman	raw	reviewer_minimal_retrieval_dataset_pair	delta_vs_target_peer_normalized_rank	delta_vs_target_peer_normalized_rank	0.16497634382695375	0.09621413603706043	0.2535959882900271	0.07869092612648335	bca	ok	0.95	2000	2000	223	223	23	query_pubchem_cid	direction,cell_type,time_key	direction	95% BCa bootstrap CI clustered by PubChem compound; uncertainty is over the observed compound panel, not broader chemical space.
tahoe	sciplex	logFC	strict_matched_condition	spearman	raw	reviewer_minimal_retrieval_dataset_pair	target_decoy_null_normalized_best_positive_rank	target_decoy_null_normalized_best_positive_rank	0.601351261956353	0.5922131319063337	0.6190280626195155	0.013407465356590875	bca	ok	0.95	2000	2000	223	223	23	query_pubchem_cid	direction,cell_type,time_key	direction	95% BCa bootstrap CI clustered by PubChem compound; uncertainty is over the observed compound panel, not broader chemical space.
tahoe	sciplex	logFC	strict_matched_condition	spearman	raw	reviewer_minimal_retrieval_dataset_pair	delta_vs_target_decoy_null_normalized_best_positive_rank	delta_vs_target_decoy_null_normalized_best_positive_rank	0.06391559665521902	-0.0028945029885439656	0.14965736360257392	0.07627593329555894	bca	ok	0.95	2000	2000	223	223	23	query_pubchem_cid	direction,cell_type,time_key	direction	95% BCa bootstrap CI clustered by PubChem compound; uncertainty is over the observed compound panel, not broader chemical space.
cigs_mce	cigs_tcm	logFC	strict_matched_condition	cosine	per_gene_population_zscore_dataset	reviewer_minimal_retrieval_dataset_pair	observed_normalized_best_positive_rank	observed_normalized_best_positive_rank	0.5993235486494435	0.5851870659235131	0.6136690290341097	0.014240981555298293	bca	ok	0.95	2000	2000	11042	11042	974	query_pubchem_cid	direction,cell_type,time_key	direction	95% BCa bootstrap CI clustered by PubChem compound; uncertainty is over the observed compound panel, not broader chemical space.
cigs_mce	cigs_tcm	logFC	strict_matched_condition	cosine	per_gene_population_zscore_dataset	reviewer_minimal_retrieval_dataset_pair	observed_recall_at_1	observed_recall_at_1	0.026693333498186183	0.020171986160568908	0.03532602461320377	0.007577019226317431	bca	ok	0.95	2000	2000	11042	11042	974	query_pubchem_cid	direction,cell_type,time_key	direction	95% BCa bootstrap CI clustered by PubChem compound; uncertainty is over the observed compound panel, not broader chemical space.
cigs_mce	cigs_tcm	logFC	strict_matched_condition	cosine	per_gene_population_zscore_dataset	reviewer_minimal_retrieval_dataset_pair	observed_auroc	observed_auroc	0.5990551798516107	0.5851430144696426	0.6136537922129698	0.01425538887166361	bca	ok	0.95	2000	2000	11042	11042	974	query_pubchem_cid	direction,cell_type,time_key	direction	95% BCa bootstrap CI clustered by PubChem compound; uncertainty is over the observed compound panel, not broader chemical space.
cigs_mce	cigs_tcm	logFC	strict_matched_condition	cosine	per_gene_population_zscore_dataset	reviewer_minimal_retrieval_dataset_pair	observed_best_positive_similarity	observed_best_positive_similarity	0.037021762097354756	0.03161608529909899	0.0429934623514856	0.005688688526193305	bca	ok	0.95	2000	2000	11042	11042	974	query_pubchem_cid	direction,cell_type,time_key	direction	95% BCa bootstrap CI clustered by PubChem compound; uncertainty is over the observed compound panel, not broader chemical space.
cigs_mce	cigs_tcm	logFC	strict_matched_condition	cosine	per_gene_population_zscore_dataset	reviewer_minimal_retrieval_dataset_pair	random_normalized_best_positive_rank	random_normalized_best_positive_rank					not_estimable	too_few_clusters_or_values	0.95	2000	0	11042	0	0	query_pubchem_cid	direction,cell_type,time_key	direction	95% BCa bootstrap CI clustered by PubChem compound; uncertainty is over the observed compound panel, not broader chemical space.
cigs_mce	cigs_tcm	logFC	strict_matched_condition	cosine	per_gene_population_zscore_dataset	reviewer_minimal_retrieval_dataset_pair	random_recall_at_1	random_recall_at_1					not_estimable	too_few_clusters_or_values	0.95	2000	0	11042	0	0	query_pubchem_cid	direction,cell_type,time_key	direction	95% BCa bootstrap CI clustered by PubChem compound; uncertainty is over the observed compound panel, not broader chemical space.
cigs_mce	cigs_tcm	logFC	strict_matched_condition	cosine	per_gene_population_zscore_dataset	reviewer_minimal_retrieval_dataset_pair	random_auroc	random_auroc					not_estimable	too_few_clusters_or_values	0.95	2000	0	11042	0	0	query_pubchem_cid	direction,cell_type,time_key	direction	95% BCa bootstrap CI clustered by PubChem compound; uncertainty is over the observed compound panel, not broader chemical space.
cigs_mce	cigs_tcm	logFC	strict_matched_condition	cosine	per_gene_population_zscore_dataset	reviewer_minimal_retrieval_dataset_pair	delta_vs_random_normalized_best_positive_rank	delta_vs_random_normalized_best_positive_rank	-0.14002207729321564	-0.15374592172667734	-0.12539443725786592	0.014175742234405708	bca	ok	0.95	2000	2000	11042	11042	974	query_pubchem_cid	direction,cell_type,time_key	direction	95% BCa bootstrap CI clustered by PubChem compound; uncertainty is over the observed compound panel, not broader chemical space.
cigs_mce	cigs_tcm	logFC	strict_matched_condition	cosine	per_gene_population_zscore_dataset	reviewer_minimal_retrieval_dataset_pair	source_individual_n_peers	source_individual_n_peers	255.1273181330173	254.54028868498142	255.51180183312118	0.4857565740698817	bca	ok	0.95	2000	2000	11042	11042	974	query_pubchem_cid	direction,cell_type,time_key	direction	95% BCa bootstrap CI clustered by PubChem compound; uncertainty is over the observed compound panel, not broader chemical space.
cigs_mce	cigs_tcm	logFC	strict_matched_condition	cosine	per_gene_population_zscore_dataset	reviewer_minimal_retrieval_dataset_pair	source_individual_mean_similarity	source_individual_mean_similarity	0.023198439151320544	0.022347114255432576	0.024129311866933158	0.000891098805750291	bca	ok	0.95	2000	2000	11042	11042	974	query_pubchem_cid	direction,cell_type,time_key	direction	95% BCa bootstrap CI clustered by PubChem compound; uncertainty is over the observed compound panel, not broader chemical space.
cigs_mce	cigs_tcm	logFC	strict_matched_condition	cosine	per_gene_population_zscore_dataset	reviewer_minimal_retrieval_dataset_pair	source_individual_sd_similarity	source_individual_sd_similarity	0.08260196136782624	0.0816661057576554	0.08363845290215517	0.0009861735722498863	bca	ok	0.95	2000	2000	11042	11042	974	query_pubchem_cid	direction,cell_type,time_key	direction	95% BCa bootstrap CI clustered by PubChem compound; uncertainty is over the observed compound panel, not broader chemical space.
cigs_mce	cigs_tcm	logFC	strict_matched_condition	cosine	per_gene_population_zscore_dataset	reviewer_minimal_retrieval_dataset_pair	source_individual_n_below_observed	source_individual_n_below_observed	135.03603254058334	132.16943171660122	137.96757512067504	2.899071702036906	bca	ok	0.95	2000	2000	11042	11042	974	query_pubchem_cid	direction,cell_type,time_key	direction	95% BCa bootstrap CI clustered by PubChem compound; uncertainty is over the observed compound panel, not broader chemical space.
cigs_mce	cigs_tcm	logFC	strict_matched_condition	cosine	per_gene_population_zscore_dataset	reviewer_minimal_retrieval_dataset_pair	source_individual_fraction_below_observed	source_individual_fraction_below_observed	0.529399793864986	0.5183464309117317	0.5417398966527985	0.01169673287053341	bca	ok	0.95	2000	2000	11042	11042	974	query_pubchem_cid	direction,cell_type,time_key	direction	95% BCa bootstrap CI clustered by PubChem compound; uncertainty is over the observed compound panel, not broader chemical space.
cigs_mce	cigs_tcm	logFC	strict_matched_condition	cosine	per_gene_population_zscore_dataset	reviewer_minimal_retrieval_dataset_pair	source_individual_corrected_percentile	source_individual_corrected_percentile	0.5313090405321186	0.5195458063030846	0.5424781673034018	0.01146618050015863	bca	ok	0.95	2000	2000	11042	11042	974	query_pubchem_cid	direction,cell_type,time_key	direction	95% BCa bootstrap CI clustered by PubChem compound; uncertainty is over the observed compound panel, not broader chemical space.
cigs_mce	cigs_tcm	logFC	strict_matched_condition	cosine	per_gene_population_zscore_dataset	reviewer_minimal_retrieval_dataset_pair	target_individual_n_peers	target_individual_n_peers	255.0723458208434	254.44162600437022	255.4538083065913	0.5060911511105388	bca	ok	0.95	2000	2000	11042	11042	974	query_pubchem_cid	direction,cell_type,time_key	direction	95% BCa bootstrap CI clustered by PubChem compound; uncertainty is over the observed compound panel, not broader chemical space.
cigs_mce	cigs_tcm	logFC	strict_matched_condition	cosine	per_gene_population_zscore_dataset	reviewer_minimal_retrieval_dataset_pair	target_individual_mean_similarity	target_individual_mean_similarity	0.004741763510112561	0.004285375839631823	0.00538400723081445	0.0005493156955913132	bca	ok	0.95	2000	2000	11042	11042	974	query_pubchem_cid	direction,cell_type,time_key	direction	95% BCa bootstrap CI clustered by PubChem compound; uncertainty is over the observed compound panel, not broader chemical space.
cigs_mce	cigs_tcm	logFC	strict_matched_condition	cosine	per_gene_population_zscore_dataset	reviewer_minimal_retrieval_dataset_pair	target_individual_sd_similarity	target_individual_sd_similarity	0.037978754366954456	0.03741768240109984	0.038683441131463776	0.0006328793651819674	bca	ok	0.95	2000	2000	11042	11042	974	query_pubchem_cid	direction,cell_type,time_key	direction	95% BCa bootstrap CI clustered by PubChem compound; uncertainty is over the observed compound panel, not broader chemical space.
cigs_mce	cigs_tcm	logFC	strict_matched_condition	cosine	per_gene_population_zscore_dataset	reviewer_minimal_retrieval_dataset_pair	target_individual_n_below_observed	target_individual_n_below_observed	152.5094492224137	148.9286363989033	156.262941211915	3.667152406505849	bca	ok	0.95	2000	2000	11042	11042	974	query_pubchem_cid	direction,cell_type,time_key	direction	95% BCa bootstrap CI clustered by PubChem compound; uncertainty is over the observed compound panel, not broader chemical space.
cigs_mce	cigs_tcm	logFC	strict_matched_condition	cosine	per_gene_population_zscore_dataset	reviewer_minimal_retrieval_dataset_pair	target_individual_fraction_below_observed	target_individual_fraction_below_observed	0.5981726827244424	0.5841728029048628	0.6120275892924133	0.013927393193775228	bca	ok	0.95	2000	2000	11042	11042	974	query_pubchem_cid	direction,cell_type,time_key	direction	95% BCa bootstrap CI clustered by PubChem compound; uncertainty is over the observed compound panel, not broader chemical space.
cigs_mce	cigs_tcm	logFC	strict_matched_condition	cosine	per_gene_population_zscore_dataset	reviewer_minimal_retrieval_dataset_pair	target_individual_corrected_percentile	target_individual_corrected_percentile	0.5997948931205414	0.5856518540381831	0.6149918868571072	0.014670016409462028	bca	ok	0.95	2000	2000	11042	11042	974	query_pubchem_cid	direction,cell_type,time_key	direction	95% BCa bootstrap CI clustered by PubChem compound; uncertainty is over the observed compound panel, not broader chemical space.
cigs_mce	cigs_tcm	logFC	strict_matched_condition	cosine	per_gene_population_zscore_dataset	reviewer_minimal_retrieval_dataset_pair	source_centroid_similarity	source_centroid_similarity	0.13157639792624426	0.12815437519839143	0.1349273137878119	0.0033864692947102315	bca	ok	0.95	2000	2000	11042	11042	974	query_pubchem_cid	direction,cell_type,time_key	direction	95% BCa bootstrap CI clustered by PubChem compound; uncertainty is over the observed compound panel, not broader chemical space.
cigs_mce	cigs_tcm	logFC	strict_matched_condition	cosine	per_gene_population_zscore_dataset	reviewer_minimal_retrieval_dataset_pair	source_centroid_normalized_rank	source_centroid_normalized_rank	0.899849646204436	0.8925847142212153	0.9069872248406342	0.007201255309709442	bca	ok	0.95	2000	2000	11042	11042	974	query_pubchem_cid	direction,cell_type,time_key	direction	95% BCa bootstrap CI clustered by PubChem compound; uncertainty is over the observed compound panel, not broader chemical space.
cigs_mce	cigs_tcm	logFC	strict_matched_condition	cosine	per_gene_population_zscore_dataset	reviewer_minimal_retrieval_dataset_pair	source_centroid_recall_at_1	source_centroid_recall_at_1	0.43658564943087225	0.4198619689307951	0.450890549719382	0.015514290394293445	bca	ok	0.95	2000	2000	11042	11042	974	query_pubchem_cid	direction,cell_type,time_key	direction	95% BCa bootstrap CI clustered by PubChem compound; uncertainty is over the observed compound panel, not broader chemical space.
cigs_mce	cigs_tcm	logFC	strict_matched_condition	cosine	per_gene_population_zscore_dataset	reviewer_minimal_retrieval_dataset_pair	source_centroid_auroc	source_centroid_auroc	0.899849646204436	0.8923905880502884	0.9066614018853921	0.007135406917551879	bca	ok	0.95	2000	2000	11042	11042	974	query_pubchem_cid	direction,cell_type,time_key	direction	95% BCa bootstrap CI clustered by PubChem compound; uncertainty is over the observed compound panel, not broader chemical space.
cigs_mce	cigs_tcm	logFC	strict_matched_condition	cosine	per_gene_population_zscore_dataset	reviewer_minimal_retrieval_dataset_pair	target_centroid_similarity	target_centroid_similarity	0.023401328412725346	0.02171570057666774	0.025368863937115564	0.0018265816802239127	bca	ok	0.95	2000	2000	11042	11042	974	query_pubchem_cid	direction,cell_type,time_key	direction	95% BCa bootstrap CI clustered by PubChem compound; uncertainty is over the observed compound panel, not broader chemical space.
cigs_mce	cigs_tcm	logFC	strict_matched_condition	cosine	per_gene_population_zscore_dataset	reviewer_minimal_retrieval_dataset_pair	target_centroid_normalized_rank	target_centroid_normalized_rank	0.6126529331946517	0.6035753559794678	0.6213680372870769	0.008896340653804569	bca	ok	0.95	2000	2000	11042	11042	974	query_pubchem_cid	direction,cell_type,time_key	direction	95% BCa bootstrap CI clustered by PubChem compound; uncertainty is over the observed compound panel, not broader chemical space.
cigs_mce	cigs_tcm	logFC	strict_matched_condition	cosine	per_gene_population_zscore_dataset	reviewer_minimal_retrieval_dataset_pair	target_centroid_recall_at_1	target_centroid_recall_at_1	0.00789210737090743	0.005399996203215974	0.010941485557959608	0.002770744677371817	bca	ok	0.95	2000	2000	11042	11042	974	query_pubchem_cid	direction,cell_type,time_key	direction	95% BCa bootstrap CI clustered by PubChem compound; uncertainty is over the observed compound panel, not broader chemical space.
cigs_mce	cigs_tcm	logFC	strict_matched_condition	cosine	per_gene_population_zscore_dataset	reviewer_minimal_retrieval_dataset_pair	target_centroid_auroc	target_centroid_auroc	0.6126529331946517	0.6032189863804623	0.6214030222483948	0.009092017933966245	bca	ok	0.95	2000	2000	11042	11042	974	query_pubchem_cid	direction,cell_type,time_key	direction	95% BCa bootstrap CI clustered by PubChem compound; uncertainty is over the observed compound panel, not broader chemical space.
cigs_mce	cigs_tcm	logFC	strict_matched_condition	cosine	per_gene_population_zscore_dataset	reviewer_minimal_retrieval_dataset_pair	source_peer_normalized_rank	source_peer_normalized_rank	0.5544579131046298	0.5517678486364814	0.5571526960046508	0.002692423684084677	bca	ok	0.95	2000	2000	11042	11042	974	query_pubchem_cid	direction,cell_type,time_key	direction	95% BCa bootstrap CI clustered by PubChem compound; uncertainty is over the observed compound panel, not broader chemical space.
cigs_mce	cigs_tcm	logFC	strict_matched_condition	cosine	per_gene_population_zscore_dataset	reviewer_minimal_retrieval_dataset_pair	target_peer_normalized_rank	target_peer_normalized_rank	0.5015741318468222	0.5009732283709859	0.502405981268336	0.0007163764486750601	bca	ok	0.95	2000	2000	11042	11042	974	query_pubchem_cid	direction,cell_type,time_key	direction	95% BCa bootstrap CI clustered by PubChem compound; uncertainty is over the observed compound panel, not broader chemical space.
cigs_mce	cigs_tcm	logFC	strict_matched_condition	cosine	per_gene_population_zscore_dataset	reviewer_minimal_retrieval_dataset_pair	delta_vs_source_peer_normalized_rank	delta_vs_source_peer_normalized_rank	0.04486563554481338	0.02959194702531804	0.05897205946350849	0.014690056219095225	bca	ok	0.95	2000	2000	11042	11042	974	query_pubchem_cid	direction,cell_type,time_key	direction	95% BCa bootstrap CI clustered by PubChem compound; uncertainty is over the observed compound panel, not broader chemical space.
cigs_mce	cigs_tcm	logFC	strict_matched_condition	cosine	per_gene_population_zscore_dataset	reviewer_minimal_retrieval_dataset_pair	delta_vs_target_peer_normalized_rank	delta_vs_target_peer_normalized_rank	0.0977494168026212	0.08249733425366872	0.11164101087401984	0.014571838310175562	bca	ok	0.95	2000	2000	11042	11042	974	query_pubchem_cid	direction,cell_type,time_key	direction	95% BCa bootstrap CI clustered by PubChem compound; uncertainty is over the observed compound panel, not broader chemical space.
cigs_mce	cigs_tcm	logFC	strict_matched_condition	cosine	per_gene_population_zscore_dataset	reviewer_minimal_retrieval_dataset_pair	target_decoy_null_normalized_best_positive_rank	target_decoy_null_normalized_best_positive_rank	0.7393456259426578	0.7381037281086397	0.7405681448335641	0.0012322083624622393	bca	ok	0.95	2000	2000	11042	11042	974	query_pubchem_cid	direction,cell_type,time_key	direction	95% BCa bootstrap CI clustered by PubChem compound; uncertainty is over the observed compound panel, not broader chemical space.
cigs_mce	cigs_tcm	logFC	strict_matched_condition	cosine	per_gene_population_zscore_dataset	reviewer_minimal_retrieval_dataset_pair	delta_vs_target_decoy_null_normalized_best_positive_rank	delta_vs_target_decoy_null_normalized_best_positive_rank	-0.14002207729321564	-0.1548566905533423	-0.12566421697448996	0.014596236789426176	bca	ok	0.95	2000	2000	11042	11042	974	query_pubchem_cid	direction,cell_type,time_key	direction	95% BCa bootstrap CI clustered by PubChem compound; uncertainty is over the observed compound panel, not broader chemical space.
cigs_mce	cigs_tcm	logFC	strict_matched_condition	cosine	raw	reviewer_minimal_retrieval_dataset_pair	observed_normalized_best_positive_rank	observed_normalized_best_positive_rank	0.5762408415802363	0.56104735676636	0.5900985363030644	0.01452558976835222	bca	ok	0.95	2000	2000	11042	11042	974	query_pubchem_cid	direction,cell_type,time_key	direction	95% BCa bootstrap CI clustered by PubChem compound; uncertainty is over the observed compound panel, not broader chemical space.
cigs_mce	cigs_tcm	logFC	strict_matched_condition	cosine	raw	reviewer_minimal_retrieval_dataset_pair	observed_recall_at_1	observed_recall_at_1	0.022525238136383106	0.01641912530483832	0.030416674930871395	0.006998774813016537	bca	ok	0.95	2000	2000	11042	11042	974	query_pubchem_cid	direction,cell_type,time_key	direction	95% BCa bootstrap CI clustered by PubChem compound; uncertainty is over the observed compound panel, not broader chemical space.
cigs_mce	cigs_tcm	logFC	strict_matched_condition	cosine	raw	reviewer_minimal_retrieval_dataset_pair	observed_auroc	observed_auroc	0.5759568006441315	0.5620392308540755	0.5902998820084738	0.014130325577199176	bca	ok	0.95	2000	2000	11042	11042	974	query_pubchem_cid	direction,cell_type,time_key	direction	95% BCa bootstrap CI clustered by PubChem compound; uncertainty is over the observed compound panel, not broader chemical space.
cigs_mce	cigs_tcm	logFC	strict_matched_condition	cosine	raw	reviewer_minimal_retrieval_dataset_pair	observed_best_positive_similarity	observed_best_positive_similarity	0.02989220429459224	0.024752627855815796	0.036464538678057976	0.00585595541112109	bca	ok	0.95	2000	2000	11042	11042	974	query_pubchem_cid	direction,cell_type,time_key	direction	95% BCa bootstrap CI clustered by PubChem compound; uncertainty is over the observed compound panel, not broader chemical space.
cigs_mce	cigs_tcm	logFC	strict_matched_condition	cosine	raw	reviewer_minimal_retrieval_dataset_pair	random_normalized_best_positive_rank	random_normalized_best_positive_rank					not_estimable	too_few_clusters_or_values	0.95	2000	0	11042	0	0	query_pubchem_cid	direction,cell_type,time_key	direction	95% BCa bootstrap CI clustered by PubChem compound; uncertainty is over the observed compound panel, not broader chemical space.
cigs_mce	cigs_tcm	logFC	strict_matched_condition	cosine	raw	reviewer_minimal_retrieval_dataset_pair	random_recall_at_1	random_recall_at_1					not_estimable	too_few_clusters_or_values	0.95	2000	0	11042	0	0	query_pubchem_cid	direction,cell_type,time_key	direction	95% BCa bootstrap CI clustered by PubChem compound; uncertainty is over the observed compound panel, not broader chemical space.
cigs_mce	cigs_tcm	logFC	strict_matched_condition	cosine	raw	reviewer_minimal_retrieval_dataset_pair	random_auroc	random_auroc					not_estimable	too_few_clusters_or_values	0.95	2000	0	11042	0	0	query_pubchem_cid	direction,cell_type,time_key	direction	95% BCa bootstrap CI clustered by PubChem compound; uncertainty is over the observed compound panel, not broader chemical space.
cigs_mce	cigs_tcm	logFC	strict_matched_condition	cosine	raw	reviewer_minimal_retrieval_dataset_pair	delta_vs_random_normalized_best_positive_rank	delta_vs_random_normalized_best_positive_rank	-0.16310478436242287	-0.17807667555237097	-0.14961937711012296	0.014228649221124004	bca	ok	0.95	2000	2000	11042	11042	974	query_pubchem_cid	direction,cell_type,time_key	direction	95% BCa bootstrap CI clustered by PubChem compound; uncertainty is over the observed compound panel, not broader chemical space.
cigs_mce	cigs_tcm	logFC	strict_matched_condition	cosine	raw	reviewer_minimal_retrieval_dataset_pair	source_individual_n_peers	source_individual_n_peers	255.1273181330173	254.57571405313405	255.5138348043763	0.469060375621126	bca	ok	0.95	2000	2000	11042	11042	974	query_pubchem_cid	direction,cell_type,time_key	direction	95% BCa bootstrap CI clustered by PubChem compound; uncertainty is over the observed compound panel, not broader chemical space.
cigs_mce	cigs_tcm	logFC	strict_matched_condition	cosine	raw	reviewer_minimal_retrieval_dataset_pair	source_individual_mean_similarity	source_individual_mean_similarity	0.036720981167767855	0.035513234343980626	0.03799350198511191	0.0012401338205656406	bca	ok	0.95	2000	2000	11042	11042	974	query_pubchem_cid	direction,cell_type,time_key	direction	95% BCa bootstrap CI clustered by PubChem compound; uncertainty is over the observed compound panel, not broader chemical space.
cigs_mce	cigs_tcm	logFC	strict_matched_condition	cosine	raw	reviewer_minimal_retrieval_dataset_pair	source_individual_sd_similarity	source_individual_sd_similarity	0.07882497669338226	0.07800087869136671	0.07970462265347289	0.00085187198105309	bca	ok	0.95	2000	2000	11042	11042	974	query_pubchem_cid	direction,cell_type,time_key	direction	95% BCa bootstrap CI clustered by PubChem compound; uncertainty is over the observed compound panel, not broader chemical space.
cigs_mce	cigs_tcm	logFC	strict_matched_condition	cosine	raw	reviewer_minimal_retrieval_dataset_pair	source_individual_n_below_observed	source_individual_n_below_observed	115.95151573483218	112.7993140179669	119.28557924944124	3.243132615737167	bca	ok	0.95	2000	2000	11042	11042	974	query_pubchem_cid	direction,cell_type,time_key	direction	95% BCa bootstrap CI clustered by PubChem compound; uncertainty is over the observed compound panel, not broader chemical space.
cigs_mce	cigs_tcm	logFC	strict_matched_condition	cosine	raw	reviewer_minimal_retrieval_dataset_pair	source_individual_fraction_below_observed	source_individual_fraction_below_observed	0.45483223109644844	0.4419620735443477	0.46748056159598556	0.012759244025818933	bca	ok	0.95	2000	2000	11042	11042	974	query_pubchem_cid	direction,cell_type,time_key	direction	95% BCa bootstrap CI clustered by PubChem compound; uncertainty is over the observed compound panel, not broader chemical space.
cigs_mce	cigs_tcm	logFC	strict_matched_condition	cosine	raw	reviewer_minimal_retrieval_dataset_pair	source_individual_corrected_percentile	source_individual_corrected_percentile	0.45703305812732253	0.4447645961884005	0.4691768760247144	0.012206139918156972	bca	ok	0.95	2000	2000	11042	11042	974	query_pubchem_cid	direction,cell_type,time_key	direction	95% BCa bootstrap CI clustered by PubChem compound; uncertainty is over the observed compound panel, not broader chemical space.
cigs_mce	cigs_tcm	logFC	strict_matched_condition	cosine	raw	reviewer_minimal_retrieval_dataset_pair	target_individual_n_peers	target_individual_n_peers	255.0723458208434	254.45551104849116	255.48339284093063	0.5139408962197365	bca	ok	0.95	2000	2000	11042	11042	974	query_pubchem_cid	direction,cell_type,time_key	direction	95% BCa bootstrap CI clustered by PubChem compound; uncertainty is over the observed compound panel, not broader chemical space.
cigs_mce	cigs_tcm	logFC	strict_matched_condition	cosine	raw	reviewer_minimal_retrieval_dataset_pair	target_individual_mean_similarity	target_individual_mean_similarity	0.0024760426582055408	0.001879466535219219	0.003369475135043834	0.0007450042999123075	bca	ok	0.95	2000	2000	11042	11042	974	query_pubchem_cid	direction,cell_type,time_key	direction	95% BCa bootstrap CI clustered by PubChem compound; uncertainty is over the observed compound panel, not broader chemical space.
cigs_mce	cigs_tcm	logFC	strict_matched_condition	cosine	raw	reviewer_minimal_retrieval_dataset_pair	target_individual_sd_similarity	target_individual_sd_similarity	0.03791195673692786	0.03743677544466467	0.03854446145521461	0.0005538430052749697	bca	ok	0.95	2000	2000	11042	11042	974	query_pubchem_cid	direction,cell_type,time_key	direction	95% BCa bootstrap CI clustered by PubChem compound; uncertainty is over the observed compound panel, not broader chemical space.
cigs_mce	cigs_tcm	logFC	strict_matched_condition	cosine	raw	reviewer_minimal_retrieval_dataset_pair	target_individual_n_below_observed	target_individual_n_below_observed	146.79408213232327	143.209519613369	150.39211581372544	3.5912981001782214	bca	ok	0.95	2000	2000	11042	11042	974	query_pubchem_cid	direction,cell_type,time_key	direction	95% BCa bootstrap CI clustered by PubChem compound; uncertainty is over the observed compound panel, not broader chemical space.
cigs_mce	cigs_tcm	logFC	strict_matched_condition	cosine	raw	reviewer_minimal_retrieval_dataset_pair	target_individual_fraction_below_observed	target_individual_fraction_below_observed	0.5758101029777867	0.5616231913110646	0.5896320460201193	0.014004427354527338	bca	ok	0.95	2000	2000	11042	11042	974	query_pubchem_cid	direction,cell_type,time_key	direction	95% BCa bootstrap CI clustered by PubChem compound; uncertainty is over the observed compound panel, not broader chemical space.
cigs_mce	cigs_tcm	logFC	strict_matched_condition	cosine	raw	reviewer_minimal_retrieval_dataset_pair	target_individual_corrected_percentile	target_individual_corrected_percentile	0.5775216626252304	0.5631265329277548	0.5921102266435172	0.014491846857881185	bca	ok	0.95	2000	2000	11042	11042	974	query_pubchem_cid	direction,cell_type,time_key	direction	95% BCa bootstrap CI clustered by PubChem compound; uncertainty is over the observed compound panel, not broader chemical space.
cigs_mce	cigs_tcm	logFC	strict_matched_condition	cosine	raw	reviewer_minimal_retrieval_dataset_pair	source_centroid_similarity	source_centroid_similarity	0.1637104083400501	0.1591732989093205	0.16801990885688609	0.004423304973782793	bca	ok	0.95	2000	2000	11042	11042	974	query_pubchem_cid	direction,cell_type,time_key	direction	95% BCa bootstrap CI clustered by PubChem compound; uncertainty is over the observed compound panel, not broader chemical space.
cigs_mce	cigs_tcm	logFC	strict_matched_condition	cosine	raw	reviewer_minimal_retrieval_dataset_pair	source_centroid_normalized_rank	source_centroid_normalized_rank	0.9031050014129283	0.8951534031456062	0.909807747914795	0.007327172384594405	bca	ok	0.95	2000	2000	11042	11042	974	query_pubchem_cid	direction,cell_type,time_key	direction	95% BCa bootstrap CI clustered by PubChem compound; uncertainty is over the observed compound panel, not broader chemical space.
cigs_mce	cigs_tcm	logFC	strict_matched_condition	cosine	raw	reviewer_minimal_retrieval_dataset_pair	source_centroid_recall_at_1	source_centroid_recall_at_1	0.4932349458837419	0.4791851285186297	0.5071902210674477	0.014002546274409	bca	ok	0.95	2000	2000	11042	11042	974	query_pubchem_cid	direction,cell_type,time_key	direction	95% BCa bootstrap CI clustered by PubChem compound; uncertainty is over the observed compound panel, not broader chemical space.
cigs_mce	cigs_tcm	logFC	strict_matched_condition	cosine	raw	reviewer_minimal_retrieval_dataset_pair	source_centroid_auroc	source_centroid_auroc	0.9031050014129283	0.895490489542631	0.9102585183304704	0.0073840143939197245	bca	ok	0.95	2000	2000	11042	11042	974	query_pubchem_cid	direction,cell_type,time_key	direction	95% BCa bootstrap CI clustered by PubChem compound; uncertainty is over the observed compound panel, not broader chemical space.
cigs_mce	cigs_tcm	logFC	strict_matched_condition	cosine	raw	reviewer_minimal_retrieval_dataset_pair	target_centroid_similarity	target_centroid_similarity	0.018574511520962567	0.01573307597580589	0.02199046305489228	0.003128693539543195	bca	ok	0.95	2000	2000	11042	11042	974	query_pubchem_cid	direction,cell_type,time_key	direction	95% BCa bootstrap CI clustered by PubChem compound; uncertainty is over the observed compound panel, not broader chemical space.
cigs_mce	cigs_tcm	logFC	strict_matched_condition	cosine	raw	reviewer_minimal_retrieval_dataset_pair	target_centroid_normalized_rank	target_centroid_normalized_rank	0.570385226651442	0.559213387466087	0.5814209036731625	0.011103758103537753	bca	ok	0.95	2000	2000	11042	11042	974	query_pubchem_cid	direction,cell_type,time_key	direction	95% BCa bootstrap CI clustered by PubChem compound; uncertainty is over the observed compound panel, not broader chemical space.
cigs_mce	cigs_tcm	logFC	strict_matched_condition	cosine	raw	reviewer_minimal_retrieval_dataset_pair	target_centroid_recall_at_1	target_centroid_recall_at_1	0.0016481268734885382	0.0005576278067252508	0.003531388620876308	0.0014868804070755286	bca	ok	0.95	2000	2000	11042	11042	974	query_pubchem_cid	direction,cell_type,time_key	direction	95% BCa bootstrap CI clustered by PubChem compound; uncertainty is over the observed compound panel, not broader chemical space.
cigs_mce	cigs_tcm	logFC	strict_matched_condition	cosine	raw	reviewer_minimal_retrieval_dataset_pair	target_centroid_auroc	target_centroid_auroc	0.570385226651442	0.5595663941680048	0.5826029828023783	0.011518294317186761	bca	ok	0.95	2000	2000	11042	11042	974	query_pubchem_cid	direction,cell_type,time_key	direction	95% BCa bootstrap CI clustered by PubChem compound; uncertainty is over the observed compound panel, not broader chemical space.
cigs_mce	cigs_tcm	logFC	strict_matched_condition	cosine	raw	reviewer_minimal_retrieval_dataset_pair	source_peer_normalized_rank	source_peer_normalized_rank	0.6123988878028608	0.6087851687559885	0.6157600988707362	0.003487465057373851	bca	ok	0.95	2000	2000	11042	11042	974	query_pubchem_cid	direction,cell_type,time_key	direction	95% BCa bootstrap CI clustered by PubChem compound; uncertainty is over the observed compound panel, not broader chemical space.
cigs_mce	cigs_tcm	logFC	strict_matched_condition	cosine	raw	reviewer_minimal_retrieval_dataset_pair	target_peer_normalized_rank	target_peer_normalized_rank	0.5011524921220438	0.5004784751036354	0.5021250891865614	0.000823307041462995	bca	ok	0.95	2000	2000	11042	11042	974	query_pubchem_cid	direction,cell_type,time_key	direction	95% BCa bootstrap CI clustered by PubChem compound; uncertainty is over the observed compound panel, not broader chemical space.
cigs_mce	cigs_tcm	logFC	strict_matched_condition	cosine	raw	reviewer_minimal_retrieval_dataset_pair	delta_vs_source_peer_normalized_rank	delta_vs_source_peer_normalized_rank	-0.03615804622262442	-0.050913245374996884	-0.020533587939412692	0.015189828717792096	bca	ok	0.95	2000	2000	11042	11042	974	query_pubchem_cid	direction,cell_type,time_key	direction	95% BCa bootstrap CI clustered by PubChem compound; uncertainty is over the observed compound panel, not broader chemical space.
cigs_mce	cigs_tcm	logFC	strict_matched_condition	cosine	raw	reviewer_minimal_retrieval_dataset_pair	delta_vs_target_peer_normalized_rank	delta_vs_target_peer_normalized_rank	0.07508834945819204	0.060895092016588576	0.08878010895152924	0.013942508467470333	bca	ok	0.95	2000	2000	11042	11042	974	query_pubchem_cid	direction,cell_type,time_key	direction	95% BCa bootstrap CI clustered by PubChem compound; uncertainty is over the observed compound panel, not broader chemical space.
cigs_mce	cigs_tcm	logFC	strict_matched_condition	cosine	raw	reviewer_minimal_retrieval_dataset_pair	target_decoy_null_normalized_best_positive_rank	target_decoy_null_normalized_best_positive_rank	0.7393456259426578	0.7379460560052225	0.7405654080605422	0.0013096760276598562	bca	ok	0.95	2000	2000	11042	11042	974	query_pubchem_cid	direction,cell_type,time_key	direction	95% BCa bootstrap CI clustered by PubChem compound; uncertainty is over the observed compound panel, not broader chemical space.
cigs_mce	cigs_tcm	logFC	strict_matched_condition	cosine	raw	reviewer_minimal_retrieval_dataset_pair	delta_vs_target_decoy_null_normalized_best_positive_rank	delta_vs_target_decoy_null_normalized_best_positive_rank	-0.16310478436242287	-0.17649846483312126	-0.14689711237674447	0.014800676228188397	bca	ok	0.95	2000	2000	11042	11042	974	query_pubchem_cid	direction,cell_type,time_key	direction	95% BCa bootstrap CI clustered by PubChem compound; uncertainty is over the observed compound panel, not broader chemical space.
cigs_mce	cigs_tcm	logFC	strict_matched_condition	spearman	per_gene_population_zscore_dataset	reviewer_minimal_retrieval_dataset_pair	observed_normalized_best_positive_rank	observed_normalized_best_positive_rank	0.6042724273425555	0.5907861132585952	0.6183020831743862	0.013757984957895486	bca	ok	0.95	2000	2000	11042	11042	974	query_pubchem_cid	direction,cell_type,time_key	direction	95% BCa bootstrap CI clustered by PubChem compound; uncertainty is over the observed compound panel, not broader chemical space.
cigs_mce	cigs_tcm	logFC	strict_matched_condition	spearman	per_gene_population_zscore_dataset	reviewer_minimal_retrieval_dataset_pair	observed_recall_at_1	observed_recall_at_1	0.02595973415965692	0.019527073967466488	0.03473826224831248	0.007605594140422996	bca	ok	0.95	2000	2000	11042	11042	974	query_pubchem_cid	direction,cell_type,time_key	direction	95% BCa bootstrap CI clustered by PubChem compound; uncertainty is over the observed compound panel, not broader chemical space.
cigs_mce	cigs_tcm	logFC	strict_matched_condition	spearman	per_gene_population_zscore_dataset	reviewer_minimal_retrieval_dataset_pair	observed_auroc	observed_auroc	0.6040071820066721	0.5903736574880483	0.6187821439693687	0.01420424324066022	bca	ok	0.95	2000	2000	11042	11042	974	query_pubchem_cid	direction,cell_type,time_key	direction	95% BCa bootstrap CI clustered by PubChem compound; uncertainty is over the observed compound panel, not broader chemical space.
cigs_mce	cigs_tcm	logFC	strict_matched_condition	spearman	per_gene_population_zscore_dataset	reviewer_minimal_retrieval_dataset_pair	observed_best_positive_similarity	observed_best_positive_similarity	0.0368334671513463	0.03155414276784639	0.04271092696425093	0.005578392098202271	bca	ok	0.95	2000	2000	11042	11042	974	query_pubchem_cid	direction,cell_type,time_key	direction	95% BCa bootstrap CI clustered by PubChem compound; uncertainty is over the observed compound panel, not broader chemical space.
cigs_mce	cigs_tcm	logFC	strict_matched_condition	spearman	per_gene_population_zscore_dataset	reviewer_minimal_retrieval_dataset_pair	random_normalized_best_positive_rank	random_normalized_best_positive_rank					not_estimable	too_few_clusters_or_values	0.95	2000	0	11042	0	0	query_pubchem_cid	direction,cell_type,time_key	direction	95% BCa bootstrap CI clustered by PubChem compound; uncertainty is over the observed compound panel, not broader chemical space.
cigs_mce	cigs_tcm	logFC	strict_matched_condition	spearman	per_gene_population_zscore_dataset	reviewer_minimal_retrieval_dataset_pair	random_recall_at_1	random_recall_at_1					not_estimable	too_few_clusters_or_values	0.95	2000	0	11042	0	0	query_pubchem_cid	direction,cell_type,time_key	direction	95% BCa bootstrap CI clustered by PubChem compound; uncertainty is over the observed compound panel, not broader chemical space.
cigs_mce	cigs_tcm	logFC	strict_matched_condition	spearman	per_gene_population_zscore_dataset	reviewer_minimal_retrieval_dataset_pair	random_auroc	random_auroc					not_estimable	too_few_clusters_or_values	0.95	2000	0	11042	0	0	query_pubchem_cid	direction,cell_type,time_key	direction	95% BCa bootstrap CI clustered by PubChem compound; uncertainty is over the observed compound panel, not broader chemical space.
cigs_mce	cigs_tcm	logFC	strict_matched_condition	spearman	per_gene_population_zscore_dataset	reviewer_minimal_retrieval_dataset_pair	delta_vs_random_normalized_best_positive_rank	delta_vs_random_normalized_best_positive_rank	-0.13507319860010292	-0.1489941830291722	-0.1206215247178837	0.014186329155644245	bca	ok	0.95	2000	2000	11042	11042	974	query_pubchem_cid	direction,cell_type,time_key	direction	95% BCa bootstrap CI clustered by PubChem compound; uncertainty is over the observed compound panel, not broader chemical space.
cigs_mce	cigs_tcm	logFC	strict_matched_condition	spearman	per_gene_population_zscore_dataset	reviewer_minimal_retrieval_dataset_pair	source_individual_n_peers	source_individual_n_peers	255.1273181330173	254.49838372115414	255.51138635028758	0.5065013145667194	bca	ok	0.95	2000	2000	11042	11042	974	query_pubchem_cid	direction,cell_type,time_key	direction	95% BCa bootstrap CI clustered by PubChem compound; uncertainty is over the observed compound panel, not broader chemical space.
cigs_mce	cigs_tcm	logFC	strict_matched_condition	spearman	per_gene_population_zscore_dataset	reviewer_minimal_retrieval_dataset_pair	source_individual_mean_similarity	source_individual_mean_similarity	0.02574650424794584	0.024828643905104964	0.026730087396348478	0.0009507217456217569	bca	ok	0.95	2000	2000	11042	11042	974	query_pubchem_cid	direction,cell_type,time_key	direction	95% BCa bootstrap CI clustered by PubChem compound; uncertainty is over the observed compound panel, not broader chemical space.
cigs_mce	cigs_tcm	logFC	strict_matched_condition	spearman	per_gene_population_zscore_dataset	reviewer_minimal_retrieval_dataset_pair	source_individual_sd_similarity	source_individual_sd_similarity	0.08540217286498127	0.08438056661212427	0.08637347436723927	0.0009964538775575002	bca	ok	0.95	2000	2000	11042	11042	974	query_pubchem_cid	direction,cell_type,time_key	direction	95% BCa bootstrap CI clustered by PubChem compound; uncertainty is over the observed compound panel, not broader chemical space.
cigs_mce	cigs_tcm	logFC	strict_matched_condition	spearman	per_gene_population_zscore_dataset	reviewer_minimal_retrieval_dataset_pair	source_individual_n_below_observed	source_individual_n_below_observed	133.6903225303383	130.87380087160673	136.51823077738726	2.8222149528902634	bca	ok	0.95	2000	2000	11042	11042	974	query_pubchem_cid	direction,cell_type,time_key	direction	95% BCa bootstrap CI clustered by PubChem compound; uncertainty is over the observed compound panel, not broader chemical space.
cigs_mce	cigs_tcm	logFC	strict_matched_condition	spearman	per_gene_population_zscore_dataset	reviewer_minimal_retrieval_dataset_pair	source_individual_fraction_below_observed	source_individual_fraction_below_observed	0.5241653562656541	0.5128776302329113	0.5359658944832668	0.011544132125177742	bca	ok	0.95	2000	2000	11042	11042	974	query_pubchem_cid	direction,cell_type,time_key	direction	95% BCa bootstrap CI clustered by PubChem compound; uncertainty is over the observed compound panel, not broader chemical space.
cigs_mce	cigs_tcm	logFC	strict_matched_condition	spearman	per_gene_population_zscore_dataset	reviewer_minimal_retrieval_dataset_pair	source_individual_corrected_percentile	source_individual_corrected_percentile	0.5260940071080478	0.5149789941252674	0.537414669875719	0.011217837875225789	bca	ok	0.95	2000	2000	11042	11042	974	query_pubchem_cid	direction,cell_type,time_key	direction	95% BCa bootstrap CI clustered by PubChem compound; uncertainty is over the observed compound panel, not broader chemical space.
cigs_mce	cigs_tcm	logFC	strict_matched_condition	spearman	per_gene_population_zscore_dataset	reviewer_minimal_retrieval_dataset_pair	target_individual_n_peers	target_individual_n_peers	255.0723458208434	254.46694658206377	255.46055315088645	0.49680328441134236	bca	ok	0.95	2000	2000	11042	11042	974	query_pubchem_cid	direction,cell_type,time_key	direction	95% BCa bootstrap CI clustered by PubChem compound; uncertainty is over the observed compound panel, not broader chemical space.
cigs_mce	cigs_tcm	logFC	strict_matched_condition	spearman	per_gene_population_zscore_dataset	reviewer_minimal_retrieval_dataset_pair	target_individual_mean_similarity	target_individual_mean_similarity	0.005553666077882557	0.005069680573678333	0.006183751561623523	0.000557035493972595	bca	ok	0.95	2000	2000	11042	11042	974	query_pubchem_cid	direction,cell_type,time_key	direction	95% BCa bootstrap CI clustered by PubChem compound; uncertainty is over the observed compound panel, not broader chemical space.
cigs_mce	cigs_tcm	logFC	strict_matched_condition	spearman	per_gene_population_zscore_dataset	reviewer_minimal_retrieval_dataset_pair	target_individual_sd_similarity	target_individual_sd_similarity	0.0377753128229715	0.03723659897886723	0.038430592389382214	0.0005969967052574902	bca	ok	0.95	2000	2000	11042	11042	974	query_pubchem_cid	direction,cell_type,time_key	direction	95% BCa bootstrap CI clustered by PubChem compound; uncertainty is over the observed compound panel, not broader chemical space.
cigs_mce	cigs_tcm	logFC	strict_matched_condition	spearman	per_gene_population_zscore_dataset	reviewer_minimal_retrieval_dataset_pair	target_individual_n_below_observed	target_individual_n_below_observed	153.79365413581704	150.33113248296968	157.41595451806253	3.542411017546428	bca	ok	0.95	2000	2000	11042	11042	974	query_pubchem_cid	direction,cell_type,time_key	direction	95% BCa bootstrap CI clustered by PubChem compound; uncertainty is over the observed compound panel, not broader chemical space.
cigs_mce	cigs_tcm	logFC	strict_matched_condition	spearman	per_gene_population_zscore_dataset	reviewer_minimal_retrieval_dataset_pair	target_individual_fraction_below_observed	target_individual_fraction_below_observed	0.6031757079181667	0.5891139160769369	0.6172489568929147	0.01406752040798892	bca	ok	0.95	2000	2000	11042	11042	974	query_pubchem_cid	direction,cell_type,time_key	direction	95% BCa bootstrap CI clustered by PubChem compound; uncertainty is over the observed compound panel, not broader chemical space.
cigs_mce	cigs_tcm	logFC	strict_matched_condition	spearman	per_gene_population_zscore_dataset	reviewer_minimal_retrieval_dataset_pair	target_individual_corrected_percentile	target_individual_corrected_percentile	0.6047797213735462	0.5915220084021834	0.6188507123485213	0.013664351973168953	bca	ok	0.95	2000	2000	11042	11042	974	query_pubchem_cid	direction,cell_type,time_key	direction	95% BCa bootstrap CI clustered by PubChem compound; uncertainty is over the observed compound panel, not broader chemical space.
cigs_mce	cigs_tcm	logFC	strict_matched_condition	spearman	per_gene_population_zscore_dataset	reviewer_minimal_retrieval_dataset_pair	source_centroid_similarity	source_centroid_similarity	0.13234361352167406	0.128832309205599	0.1359033390699862	0.0035355149321936036	bca	ok	0.95	2000	2000	11042	11042	974	query_pubchem_cid	direction,cell_type,time_key	direction	95% BCa bootstrap CI clustered by PubChem compound; uncertainty is over the observed compound panel, not broader chemical space.
cigs_mce	cigs_tcm	logFC	strict_matched_condition	spearman	per_gene_population_zscore_dataset	reviewer_minimal_retrieval_dataset_pair	source_centroid_normalized_rank	source_centroid_normalized_rank	0.8978956653659105	0.8907439970609101	0.9049907328960587	0.007123367917574286	bca	ok	0.95	2000	2000	11042	11042	974	query_pubchem_cid	direction,cell_type,time_key	direction	95% BCa bootstrap CI clustered by PubChem compound; uncertainty is over the observed compound panel, not broader chemical space.
cigs_mce	cigs_tcm	logFC	strict_matched_condition	spearman	per_gene_population_zscore_dataset	reviewer_minimal_retrieval_dataset_pair	source_centroid_recall_at_1	source_centroid_recall_at_1	0.45003650784217863	0.4348813829193976	0.46622241013474175	0.015670513607672076	bca	ok	0.95	2000	2000	11042	11042	974	query_pubchem_cid	direction,cell_type,time_key	direction	95% BCa bootstrap CI clustered by PubChem compound; uncertainty is over the observed compound panel, not broader chemical space.
cigs_mce	cigs_tcm	logFC	strict_matched_condition	spearman	per_gene_population_zscore_dataset	reviewer_minimal_retrieval_dataset_pair	source_centroid_auroc	source_centroid_auroc	0.8978956653659105	0.8905474297027934	0.9052932218739975	0.007372896085602043	bca	ok	0.95	2000	2000	11042	11042	974	query_pubchem_cid	direction,cell_type,time_key	direction	95% BCa bootstrap CI clustered by PubChem compound; uncertainty is over the observed compound panel, not broader chemical space.
cigs_mce	cigs_tcm	logFC	strict_matched_condition	spearman	per_gene_population_zscore_dataset	reviewer_minimal_retrieval_dataset_pair	target_centroid_similarity	target_centroid_similarity	0.024897187397899073	0.023257686120684407	0.026705089578326614	0.0017237017288211035	bca	ok	0.95	2000	2000	11042	11042	974	query_pubchem_cid	direction,cell_type,time_key	direction	95% BCa bootstrap CI clustered by PubChem compound; uncertainty is over the observed compound panel, not broader chemical space.
cigs_mce	cigs_tcm	logFC	strict_matched_condition	spearman	per_gene_population_zscore_dataset	reviewer_minimal_retrieval_dataset_pair	target_centroid_normalized_rank	target_centroid_normalized_rank	0.6221423716658383	0.613466795155078	0.6315311842229143	0.00903219453391818	bca	ok	0.95	2000	2000	11042	11042	974	query_pubchem_cid	direction,cell_type,time_key	direction	95% BCa bootstrap CI clustered by PubChem compound; uncertainty is over the observed compound panel, not broader chemical space.
cigs_mce	cigs_tcm	logFC	strict_matched_condition	spearman	per_gene_population_zscore_dataset	reviewer_minimal_retrieval_dataset_pair	target_centroid_recall_at_1	target_centroid_recall_at_1	0.005846132231059741	0.0038625711824083375	0.008871369055392462	0.0025043989364920624	bca	ok	0.95	2000	2000	11042	11042	974	query_pubchem_cid	direction,cell_type,time_key	direction	95% BCa bootstrap CI clustered by PubChem compound; uncertainty is over the observed compound panel, not broader chemical space.
cigs_mce	cigs_tcm	logFC	strict_matched_condition	spearman	per_gene_population_zscore_dataset	reviewer_minimal_retrieval_dataset_pair	target_centroid_auroc	target_centroid_auroc	0.6221423716658383	0.6126893834212881	0.6302350341371145	0.008772825357913183	bca	ok	0.95	2000	2000	11042	11042	974	query_pubchem_cid	direction,cell_type,time_key	direction	95% BCa bootstrap CI clustered by PubChem compound; uncertainty is over the observed compound panel, not broader chemical space.
cigs_mce	cigs_tcm	logFC	strict_matched_condition	spearman	per_gene_population_zscore_dataset	reviewer_minimal_retrieval_dataset_pair	source_peer_normalized_rank	source_peer_normalized_rank	0.561632901225441	0.5587408480093223	0.5643963764582789	0.0028277642244782797	bca	ok	0.95	2000	2000	11042	11042	974	query_pubchem_cid	direction,cell_type,time_key	direction	95% BCa bootstrap CI clustered by PubChem compound; uncertainty is over the observed compound panel, not broader chemical space.
cigs_mce	cigs_tcm	logFC	strict_matched_condition	spearman	per_gene_population_zscore_dataset	reviewer_minimal_retrieval_dataset_pair	target_peer_normalized_rank	target_peer_normalized_rank	0.5016279645764896	0.5010069343825516	0.5024200541353383	0.0007065598763933423	bca	ok	0.95	2000	2000	11042	11042	974	query_pubchem_cid	direction,cell_type,time_key	direction	95% BCa bootstrap CI clustered by PubChem compound; uncertainty is over the observed compound panel, not broader chemical space.
cigs_mce	cigs_tcm	logFC	strict_matched_condition	spearman	per_gene_population_zscore_dataset	reviewer_minimal_retrieval_dataset_pair	delta_vs_source_peer_normalized_rank	delta_vs_source_peer_normalized_rank	0.04263952611711509	0.027458286390573697	0.057587022692353815	0.015064368150890059	bca	ok	0.95	2000	2000	11042	11042	974	query_pubchem_cid	direction,cell_type,time_key	direction	95% BCa bootstrap CI clustered by PubChem compound; uncertainty is over the observed compound panel, not broader chemical space.
cigs_mce	cigs_tcm	logFC	strict_matched_condition	spearman	per_gene_population_zscore_dataset	reviewer_minimal_retrieval_dataset_pair	delta_vs_target_peer_normalized_rank	delta_vs_target_peer_normalized_rank	0.10264446276606637	0.08902046438110378	0.11789954257756799	0.014439539098232104	bca	ok	0.95	2000	2000	11042	11042	974	query_pubchem_cid	direction,cell_type,time_key	direction	95% BCa bootstrap CI clustered by PubChem compound; uncertainty is over the observed compound panel, not broader chemical space.
cigs_mce	cigs_tcm	logFC	strict_matched_condition	spearman	per_gene_population_zscore_dataset	reviewer_minimal_retrieval_dataset_pair	target_decoy_null_normalized_best_positive_rank	target_decoy_null_normalized_best_positive_rank	0.7393456259426578	0.7380287139890179	0.7406056310077029	0.001288458509342505	bca	ok	0.95	2000	2000	11042	11042	974	query_pubchem_cid	direction,cell_type,time_key	direction	95% BCa bootstrap CI clustered by PubChem compound; uncertainty is over the observed compound panel, not broader chemical space.
cigs_mce	cigs_tcm	logFC	strict_matched_condition	spearman	per_gene_population_zscore_dataset	reviewer_minimal_retrieval_dataset_pair	delta_vs_target_decoy_null_normalized_best_positive_rank	delta_vs_target_decoy_null_normalized_best_positive_rank	-0.13507319860010292	-0.14926617458969235	-0.12097222953176885	0.01414697252896175	bca	ok	0.95	2000	2000	11042	11042	974	query_pubchem_cid	direction,cell_type,time_key	direction	95% BCa bootstrap CI clustered by PubChem compound; uncertainty is over the observed compound panel, not broader chemical space.
cigs_mce	cigs_tcm	logFC	strict_matched_condition	spearman	raw	reviewer_minimal_retrieval_dataset_pair	observed_normalized_best_positive_rank	observed_normalized_best_positive_rank	0.5809382272884854	0.5653668313633577	0.5950968054755185	0.014864987056080359	bca	ok	0.95	2000	2000	11042	11042	974	query_pubchem_cid	direction,cell_type,time_key	direction	95% BCa bootstrap CI clustered by PubChem compound; uncertainty is over the observed compound panel, not broader chemical space.
cigs_mce	cigs_tcm	logFC	strict_matched_condition	spearman	raw	reviewer_minimal_retrieval_dataset_pair	observed_recall_at_1	observed_recall_at_1	0.021719195015794848	0.01570313582071288	0.02864745354665211	0.006472158862969615	bca	ok	0.95	2000	2000	11042	11042	974	query_pubchem_cid	direction,cell_type,time_key	direction	95% BCa bootstrap CI clustered by PubChem compound; uncertainty is over the observed compound panel, not broader chemical space.
cigs_mce	cigs_tcm	logFC	strict_matched_condition	spearman	raw	reviewer_minimal_retrieval_dataset_pair	observed_auroc	observed_auroc	0.5806566198236685	0.5657183032327979	0.5953793917962271	0.014830544281714597	bca	ok	0.95	2000	2000	11042	11042	974	query_pubchem_cid	direction,cell_type,time_key	direction	95% BCa bootstrap CI clustered by PubChem compound; uncertainty is over the observed compound panel, not broader chemical space.
cigs_mce	cigs_tcm	logFC	strict_matched_condition	spearman	raw	reviewer_minimal_retrieval_dataset_pair	observed_best_positive_similarity	observed_best_positive_similarity	0.028112531201312373	0.023212456996246647	0.03448603889058746	0.005636790947170407	bca	ok	0.95	2000	2000	11042	11042	974	query_pubchem_cid	direction,cell_type,time_key	direction	95% BCa bootstrap CI clustered by PubChem compound; uncertainty is over the observed compound panel, not broader chemical space.
cigs_mce	cigs_tcm	logFC	strict_matched_condition	spearman	raw	reviewer_minimal_retrieval_dataset_pair	random_normalized_best_positive_rank	random_normalized_best_positive_rank					not_estimable	too_few_clusters_or_values	0.95	2000	0	11042	0	0	query_pubchem_cid	direction,cell_type,time_key	direction	95% BCa bootstrap CI clustered by PubChem compound; uncertainty is over the observed compound panel, not broader chemical space.
cigs_mce	cigs_tcm	logFC	strict_matched_condition	spearman	raw	reviewer_minimal_retrieval_dataset_pair	random_recall_at_1	random_recall_at_1					not_estimable	too_few_clusters_or_values	0.95	2000	0	11042	0	0	query_pubchem_cid	direction,cell_type,time_key	direction	95% BCa bootstrap CI clustered by PubChem compound; uncertainty is over the observed compound panel, not broader chemical space.
cigs_mce	cigs_tcm	logFC	strict_matched_condition	spearman	raw	reviewer_minimal_retrieval_dataset_pair	random_auroc	random_auroc					not_estimable	too_few_clusters_or_values	0.95	2000	0	11042	0	0	query_pubchem_cid	direction,cell_type,time_key	direction	95% BCa bootstrap CI clustered by PubChem compound; uncertainty is over the observed compound panel, not broader chemical space.
cigs_mce	cigs_tcm	logFC	strict_matched_condition	spearman	raw	reviewer_minimal_retrieval_dataset_pair	delta_vs_random_normalized_best_positive_rank	delta_vs_random_normalized_best_positive_rank	-0.15840739865417344	-0.1718375882364879	-0.142363111977085	0.014737238129701444	bca	ok	0.95	2000	2000	11042	11042	974	query_pubchem_cid	direction,cell_type,time_key	direction	95% BCa bootstrap CI clustered by PubChem compound; uncertainty is over the observed compound panel, not broader chemical space.
cigs_mce	cigs_tcm	logFC	strict_matched_condition	spearman	raw	reviewer_minimal_retrieval_dataset_pair	source_individual_n_peers	source_individual_n_peers	255.1273181330173	254.50515623318975	255.4903462634447	0.4925950151274776	bca	ok	0.95	2000	2000	11042	11042	974	query_pubchem_cid	direction,cell_type,time_key	direction	95% BCa bootstrap CI clustered by PubChem compound; uncertainty is over the observed compound panel, not broader chemical space.
cigs_mce	cigs_tcm	logFC	strict_matched_condition	spearman	raw	reviewer_minimal_retrieval_dataset_pair	source_individual_mean_similarity	source_individual_mean_similarity	0.034671629078157934	0.03353002789494036	0.035770659779695985	0.0011203159423778114	bca	ok	0.95	2000	2000	11042	11042	974	query_pubchem_cid	direction,cell_type,time_key	direction	95% BCa bootstrap CI clustered by PubChem compound; uncertainty is over the observed compound panel, not broader chemical space.
cigs_mce	cigs_tcm	logFC	strict_matched_condition	spearman	raw	reviewer_minimal_retrieval_dataset_pair	source_individual_sd_similarity	source_individual_sd_similarity	0.07952640235564856	0.078646270430779	0.08049704266737877	0.000925386118299884	bca	ok	0.95	2000	2000	11042	11042	974	query_pubchem_cid	direction,cell_type,time_key	direction	95% BCa bootstrap CI clustered by PubChem compound; uncertainty is over the observed compound panel, not broader chemical space.
cigs_mce	cigs_tcm	logFC	strict_matched_condition	spearman	raw	reviewer_minimal_retrieval_dataset_pair	source_individual_n_below_observed	source_individual_n_below_observed	115.49432814682069	112.25023301133216	118.7443128462694	3.2470399174686193	bca	ok	0.95	2000	2000	11042	11042	974	query_pubchem_cid	direction,cell_type,time_key	direction	95% BCa bootstrap CI clustered by PubChem compound; uncertainty is over the observed compound panel, not broader chemical space.
cigs_mce	cigs_tcm	logFC	strict_matched_condition	spearman	raw	reviewer_minimal_retrieval_dataset_pair	source_individual_fraction_below_observed	source_individual_fraction_below_observed	0.45306743342255207	0.44084672663541835	0.46582903237614093	0.012491152870361288	bca	ok	0.95	2000	2000	11042	11042	974	query_pubchem_cid	direction,cell_type,time_key	direction	95% BCa bootstrap CI clustered by PubChem compound; uncertainty is over the observed compound panel, not broader chemical space.
cigs_mce	cigs_tcm	logFC	strict_matched_condition	spearman	raw	reviewer_minimal_retrieval_dataset_pair	source_individual_corrected_percentile	source_individual_corrected_percentile	0.4552736367743444	0.44267966147362825	0.46804058582790997	0.012680462177140861	bca	ok	0.95	2000	2000	11042	11042	974	query_pubchem_cid	direction,cell_type,time_key	direction	95% BCa bootstrap CI clustered by PubChem compound; uncertainty is over the observed compound panel, not broader chemical space.
cigs_mce	cigs_tcm	logFC	strict_matched_condition	spearman	raw	reviewer_minimal_retrieval_dataset_pair	target_individual_n_peers	target_individual_n_peers	255.0723458208434	254.46938142637458	255.48008871664214	0.5053536451337806	bca	ok	0.95	2000	2000	11042	11042	974	query_pubchem_cid	direction,cell_type,time_key	direction	95% BCa bootstrap CI clustered by PubChem compound; uncertainty is over the observed compound panel, not broader chemical space.
cigs_mce	cigs_tcm	logFC	strict_matched_condition	spearman	raw	reviewer_minimal_retrieval_dataset_pair	target_individual_mean_similarity	target_individual_mean_similarity	0.0020515726039179805	0.0014321541936358202	0.002800050945656424	0.0006839483760103019	bca	ok	0.95	2000	2000	11042	11042	974	query_pubchem_cid	direction,cell_type,time_key	direction	95% BCa bootstrap CI clustered by PubChem compound; uncertainty is over the observed compound panel, not broader chemical space.
cigs_mce	cigs_tcm	logFC	strict_matched_condition	spearman	raw	reviewer_minimal_retrieval_dataset_pair	target_individual_sd_similarity	target_individual_sd_similarity	0.0357251818317284	0.03525604587726142	0.03629670758754188	0.0005203308551402289	bca	ok	0.95	2000	2000	11042	11042	974	query_pubchem_cid	direction,cell_type,time_key	direction	95% BCa bootstrap CI clustered by PubChem compound; uncertainty is over the observed compound panel, not broader chemical space.
cigs_mce	cigs_tcm	logFC	strict_matched_condition	spearman	raw	reviewer_minimal_retrieval_dataset_pair	target_individual_n_below_observed	target_individual_n_below_observed	147.8851209950032	144.07658279590635	151.42771051095107	3.675563857522363	bca	ok	0.95	2000	2000	11042	11042	974	query_pubchem_cid	direction,cell_type,time_key	direction	95% BCa bootstrap CI clustered by PubChem compound; uncertainty is over the observed compound panel, not broader chemical space.
cigs_mce	cigs_tcm	logFC	strict_matched_condition	spearman	raw	reviewer_minimal_retrieval_dataset_pair	target_individual_fraction_below_observed	target_individual_fraction_below_observed	0.5801464750739498	0.565768764547594	0.5943012547665281	0.014266245109467057	bca	ok	0.95	2000	2000	11042	11042	974	query_pubchem_cid	direction,cell_type,time_key	direction	95% BCa bootstrap CI clustered by PubChem compound; uncertainty is over the observed compound panel, not broader chemical space.
cigs_mce	cigs_tcm	logFC	strict_matched_condition	spearman	raw	reviewer_minimal_retrieval_dataset_pair	target_individual_corrected_percentile	target_individual_corrected_percentile	0.5818377884214196	0.567459880159639	0.5958584953374266	0.014199307588893817	bca	ok	0.95	2000	2000	11042	11042	974	query_pubchem_cid	direction,cell_type,time_key	direction	95% BCa bootstrap CI clustered by PubChem compound; uncertainty is over the observed compound panel, not broader chemical space.
cigs_mce	cigs_tcm	logFC	strict_matched_condition	spearman	raw	reviewer_minimal_retrieval_dataset_pair	source_centroid_similarity	source_centroid_similarity	0.15182016458270972	0.14771106035394874	0.1560417199803035	0.004165329813177382	bca	ok	0.95	2000	2000	11042	11042	974	query_pubchem_cid	direction,cell_type,time_key	direction	95% BCa bootstrap CI clustered by PubChem compound; uncertainty is over the observed compound panel, not broader chemical space.
cigs_mce	cigs_tcm	logFC	strict_matched_condition	spearman	raw	reviewer_minimal_retrieval_dataset_pair	source_centroid_normalized_rank	source_centroid_normalized_rank	0.9028685233800938	0.8953941780796629	0.9102970959588544	0.0074514589395957564	bca	ok	0.95	2000	2000	11042	11042	974	query_pubchem_cid	direction,cell_type,time_key	direction	95% BCa bootstrap CI clustered by PubChem compound; uncertainty is over the observed compound panel, not broader chemical space.
cigs_mce	cigs_tcm	logFC	strict_matched_condition	spearman	raw	reviewer_minimal_retrieval_dataset_pair	source_centroid_recall_at_1	source_centroid_recall_at_1	0.49762265806229583	0.48295275035923774	0.5117188746800339	0.014383062160398058	bca	ok	0.95	2000	2000	11042	11042	974	query_pubchem_cid	direction,cell_type,time_key	direction	95% BCa bootstrap CI clustered by PubChem compound; uncertainty is over the observed compound panel, not broader chemical space.
cigs_mce	cigs_tcm	logFC	strict_matched_condition	spearman	raw	reviewer_minimal_retrieval_dataset_pair	source_centroid_auroc	source_centroid_auroc	0.9028685233800938	0.895020688654913	0.909953711616258	0.007466511480672511	bca	ok	0.95	2000	2000	11042	11042	974	query_pubchem_cid	direction,cell_type,time_key	direction	95% BCa bootstrap CI clustered by PubChem compound; uncertainty is over the observed compound panel, not broader chemical space.
cigs_mce	cigs_tcm	logFC	strict_matched_condition	spearman	raw	reviewer_minimal_retrieval_dataset_pair	target_centroid_similarity	target_centroid_similarity	0.017097248947532364	0.014421286600126738	0.02008517974674285	0.0028319465733080557	bca	ok	0.95	2000	2000	11042	11042	974	query_pubchem_cid	direction,cell_type,time_key	direction	95% BCa bootstrap CI clustered by PubChem compound; uncertainty is over the observed compound panel, not broader chemical space.
cigs_mce	cigs_tcm	logFC	strict_matched_condition	spearman	raw	reviewer_minimal_retrieval_dataset_pair	target_centroid_normalized_rank	target_centroid_normalized_rank	0.5769688308008889	0.5648958868007798	0.588797877188887	0.01195099519405357	bca	ok	0.95	2000	2000	11042	11042	974	query_pubchem_cid	direction,cell_type,time_key	direction	95% BCa bootstrap CI clustered by PubChem compound; uncertainty is over the observed compound panel, not broader chemical space.
cigs_mce	cigs_tcm	logFC	strict_matched_condition	spearman	raw	reviewer_minimal_retrieval_dataset_pair	target_centroid_recall_at_1	target_centroid_recall_at_1	0.0015249372084678867	0.0005430847212165098	0.003070113286480767	0.0012635142826321285	bca	ok	0.95	2000	2000	11042	11042	974	query_pubchem_cid	direction,cell_type,time_key	direction	95% BCa bootstrap CI clustered by PubChem compound; uncertainty is over the observed compound panel, not broader chemical space.
cigs_mce	cigs_tcm	logFC	strict_matched_condition	spearman	raw	reviewer_minimal_retrieval_dataset_pair	target_centroid_auroc	target_centroid_auroc	0.5769688308008889	0.5653592939573204	0.5892396945050783	0.011940200273878931	bca	ok	0.95	2000	2000	11042	11042	974	query_pubchem_cid	direction,cell_type,time_key	direction	95% BCa bootstrap CI clustered by PubChem compound; uncertainty is over the observed compound panel, not broader chemical space.
cigs_mce	cigs_tcm	logFC	strict_matched_condition	spearman	raw	reviewer_minimal_retrieval_dataset_pair	source_peer_normalized_rank	source_peer_normalized_rank	0.6174950066926462	0.6135901333834749	0.6211000506033706	0.003754958609947845	bca	ok	0.95	2000	2000	11042	11042	974	query_pubchem_cid	direction,cell_type,time_key	direction	95% BCa bootstrap CI clustered by PubChem compound; uncertainty is over the observed compound panel, not broader chemical space.
cigs_mce	cigs_tcm	logFC	strict_matched_condition	spearman	raw	reviewer_minimal_retrieval_dataset_pair	target_peer_normalized_rank	target_peer_normalized_rank	0.5013464129211592	0.5007109485443615	0.5021364266366273	0.0007127390461328931	bca	ok	0.95	2000	2000	11042	11042	974	query_pubchem_cid	direction,cell_type,time_key	direction	95% BCa bootstrap CI clustered by PubChem compound; uncertainty is over the observed compound panel, not broader chemical space.
cigs_mce	cigs_tcm	logFC	strict_matched_condition	spearman	raw	reviewer_minimal_retrieval_dataset_pair	delta_vs_source_peer_normalized_rank	delta_vs_source_peer_normalized_rank	-0.036556779404161015	-0.05220272622964177	-0.021553452295499518	0.015324636967071125	bca	ok	0.95	2000	2000	11042	11042	974	query_pubchem_cid	direction,cell_type,time_key	direction	95% BCa bootstrap CI clustered by PubChem compound; uncertainty is over the observed compound panel, not broader chemical space.
cigs_mce	cigs_tcm	logFC	strict_matched_condition	spearman	raw	reviewer_minimal_retrieval_dataset_pair	delta_vs_target_peer_normalized_rank	delta_vs_target_peer_normalized_rank	0.0795918143673261	0.06506122333365547	0.09381189864058415	0.01437533765346434	bca	ok	0.95	2000	2000	11042	11042	974	query_pubchem_cid	direction,cell_type,time_key	direction	95% BCa bootstrap CI clustered by PubChem compound; uncertainty is over the observed compound panel, not broader chemical space.
cigs_mce	cigs_tcm	logFC	strict_matched_condition	spearman	raw	reviewer_minimal_retrieval_dataset_pair	target_decoy_null_normalized_best_positive_rank	target_decoy_null_normalized_best_positive_rank	0.7393456259426578	0.7379688159200883	0.7405341711450533	0.0012826776124824635	bca	ok	0.95	2000	2000	11042	11042	974	query_pubchem_cid	direction,cell_type,time_key	direction	95% BCa bootstrap CI clustered by PubChem compound; uncertainty is over the observed compound panel, not broader chemical space.
cigs_mce	cigs_tcm	logFC	strict_matched_condition	spearman	raw	reviewer_minimal_retrieval_dataset_pair	delta_vs_target_decoy_null_normalized_best_positive_rank	delta_vs_target_decoy_null_normalized_best_positive_rank	-0.15840739865417344	-0.1734751963078408	-0.14457063879490925	0.014452278756465778	bca	ok	0.95	2000	2000	11042	11042	974	query_pubchem_cid	direction,cell_type,time_key	direction	95% BCa bootstrap CI clustered by PubChem compound; uncertainty is over the observed compound panel, not broader chemical space.
